ISO-10303-21;
HEADER;
FILE_DESCRIPTION(('KiCad electronic assembly'),'2;1');
FILE_NAME('.step','2026-07-30T18:24:11',('Pcbnew'),('Kicad'),
  'Open CASCADE STEP processor 7.9','KiCad to STEP converter','Unknown'
  );
FILE_SCHEMA(('AUTOMOTIVE_DESIGN { 1 0 10303 214 1 1 1 1 }'));
ENDSEC;
DATA;
#1 = APPLICATION_PROTOCOL_DEFINITION('international standard',
  'automotive_design',2000,#2);
#2 = APPLICATION_CONTEXT(
  'core data for automotive mechanical design processes');
#3 = SHAPE_DEFINITION_REPRESENTATION(#4,#10);
#4 = PRODUCT_DEFINITION_SHAPE('','',#5);
#5 = PRODUCT_DEFINITION('design','',#6,#9);
#6 = PRODUCT_DEFINITION_FORMATION('','',#7);
#7 = PRODUCT('.step 1','.step 1','',(#8));
#8 = PRODUCT_CONTEXT('',#2,'mechanical');
#9 = PRODUCT_DEFINITION_CONTEXT('part definition',#2,'design');
#10 = SHAPE_REPRESENTATION('',(#11,#15,#19,#23,#27,#31,#35,#39,#43,#47,
    #51,#55,#59,#63,#67,#71,#75,#79,#83,#87,#91,#95,#99,#103,#107,#111,
    #115,#119,#123),#127);
#11 = AXIS2_PLACEMENT_3D('',#12,#13,#14);
#12 = CARTESIAN_POINT('',(0.,0.,0.));
#13 = DIRECTION('',(0.,0.,1.));
#14 = DIRECTION('',(1.,0.,-0.));
#15 = AXIS2_PLACEMENT_3D('',#16,#17,#18);
#16 = CARTESIAN_POINT('',(134.,-89.,1.595));
#17 = DIRECTION('',(0.,-0.,1.));
#18 = DIRECTION('',(1.110223024625E-16,1.,0.));
#19 = AXIS2_PLACEMENT_3D('',#20,#21,#22);
#20 = CARTESIAN_POINT('',(133.5,-72.5,1.595));
#21 = DIRECTION('',(0.,0.,1.));
#22 = DIRECTION('',(-1.,1.224646799147E-16,0.));
#23 = AXIS2_PLACEMENT_3D('',#24,#25,#26);
#24 = CARTESIAN_POINT('',(124.,-70.48,1.595));
#25 = DIRECTION('',(0.,-0.,1.));
#26 = DIRECTION('',(1.110223024625E-16,1.,0.));
#27 = AXIS2_PLACEMENT_3D('',#28,#29,#30);
#28 = CARTESIAN_POINT('',(143.54,-90.33,1.595));
#29 = DIRECTION('',(-0.,0.,1.));
#30 = DIRECTION('',(1.110223024625E-16,-1.,0.));
#31 = AXIS2_PLACEMENT_3D('',#32,#33,#34);
#32 = CARTESIAN_POINT('',(122.5,-72.48,1.595));
#33 = DIRECTION('',(0.,0.,1.));
#34 = DIRECTION('',(1.,0.,0.));
#35 = AXIS2_PLACEMENT_3D('',#36,#37,#38);
#36 = CARTESIAN_POINT('',(126.21,-75.19,1.595));
#37 = DIRECTION('',(0.,-0.,1.));
#38 = DIRECTION('',(1.110223024625E-16,1.,0.));
#39 = AXIS2_PLACEMENT_3D('',#40,#41,#42);
#40 = CARTESIAN_POINT('',(130.8625,-83.3,1.595));
#41 = DIRECTION('',(0.,0.,1.));
#42 = DIRECTION('',(1.,0.,0.));
#43 = AXIS2_PLACEMENT_3D('',#44,#45,#46);
#44 = CARTESIAN_POINT('',(122.,-60.5,1.595));
#45 = DIRECTION('',(0.,0.,1.));
#46 = DIRECTION('',(1.,0.,0.));
#47 = AXIS2_PLACEMENT_3D('',#48,#49,#50);
#48 = CARTESIAN_POINT('',(136.5,-89.5,1.595));
#49 = DIRECTION('',(0.,0.,1.));
#50 = DIRECTION('',(1.,0.,0.));
#51 = AXIS2_PLACEMENT_3D('',#52,#53,#54);
#52 = CARTESIAN_POINT('',(136.48,-84.,1.595));
#53 = DIRECTION('',(0.,0.,1.));
#54 = DIRECTION('',(1.,0.,0.));
#55 = AXIS2_PLACEMENT_3D('',#56,#57,#58);
#56 = CARTESIAN_POINT('',(130.5,-77.,1.595));
#57 = DIRECTION('',(0.,0.,1.));
#58 = DIRECTION('',(-1.,1.224646799147E-16,0.));
#59 = AXIS2_PLACEMENT_3D('',#60,#61,#62);
#60 = CARTESIAN_POINT('',(124.,-72.98,1.595));
#61 = DIRECTION('',(-0.,0.,1.));
#62 = DIRECTION('',(1.110223024625E-16,-1.,0.));
#63 = AXIS2_PLACEMENT_3D('',#64,#65,#66);
#64 = CARTESIAN_POINT('',(130.5,-72.5,1.595));
#65 = DIRECTION('',(0.,0.,1.));
#66 = DIRECTION('',(-1.,1.224646799147E-16,0.));
#67 = AXIS2_PLACEMENT_3D('',#68,#69,#70);
#68 = CARTESIAN_POINT('',(133.27,-77.,1.595));
#69 = DIRECTION('',(0.,0.,1.));
#70 = DIRECTION('',(-1.,1.224646799147E-16,0.));
#71 = AXIS2_PLACEMENT_3D('',#72,#73,#74);
#72 = CARTESIAN_POINT('',(142.59125,-95.77125,1.595));
#73 = DIRECTION('',(0.,0.,1.));
#74 = DIRECTION('',(1.,0.,0.));
#75 = AXIS2_PLACEMENT_3D('',#76,#77,#78);
#76 = CARTESIAN_POINT('',(132.,-89.5,1.595));
#77 = DIRECTION('',(0.,0.,1.));
#78 = DIRECTION('',(1.,0.,0.));
#79 = AXIS2_PLACEMENT_3D('',#80,#81,#82);
#80 = CARTESIAN_POINT('',(129.,-88.5,1.595));
#81 = DIRECTION('',(0.,-0.,1.));
#82 = DIRECTION('',(1.110223024625E-16,1.,0.));
#83 = AXIS2_PLACEMENT_3D('',#84,#85,#86);
#84 = CARTESIAN_POINT('',(136.51,-86.,1.595));
#85 = DIRECTION('',(0.,0.,1.));
#86 = DIRECTION('',(1.,0.,0.));
#87 = AXIS2_PLACEMENT_3D('',#88,#89,#90);
#88 = CARTESIAN_POINT('',(125.5,-73.5,1.595));
#89 = DIRECTION('',(0.,0.,1.));
#90 = DIRECTION('',(1.,0.,0.));
#91 = AXIS2_PLACEMENT_3D('',#92,#93,#94);
#92 = CARTESIAN_POINT('',(145.67,-90.35,1.595));
#93 = DIRECTION('',(0.,-0.,1.));
#94 = DIRECTION('',(1.110223024625E-16,1.,0.));
#95 = AXIS2_PLACEMENT_3D('',#96,#97,#98);
#96 = CARTESIAN_POINT('',(133.27,-75.,1.595));
#97 = DIRECTION('',(0.,0.,1.));
#98 = DIRECTION('',(-1.,1.224646799147E-16,0.));
#99 = AXIS2_PLACEMENT_3D('',#100,#101,#102);
#100 = CARTESIAN_POINT('',(144.65,-90.35,1.595));
#101 = DIRECTION('',(0.,-0.,1.));
#102 = DIRECTION('',(1.110223024625E-16,1.,0.));
#103 = AXIS2_PLACEMENT_3D('',#104,#105,#106);
#104 = CARTESIAN_POINT('',(132.,-88.,1.595));
#105 = DIRECTION('',(0.,0.,1.));
#106 = DIRECTION('',(1.,0.,0.));
#107 = AXIS2_PLACEMENT_3D('',#108,#109,#110);
#108 = CARTESIAN_POINT('',(136.52,-87.5,1.595));
#109 = DIRECTION('',(0.,0.,1.));
#110 = DIRECTION('',(1.,0.,0.));
#111 = AXIS2_PLACEMENT_3D('',#112,#113,#114);
#112 = CARTESIAN_POINT('',(129.,-90.77,1.595));
#113 = DIRECTION('',(0.,0.,1.));
#114 = DIRECTION('',(-1.,1.224646799147E-16,0.));
#115 = AXIS2_PLACEMENT_3D('',#116,#117,#118);
#116 = CARTESIAN_POINT('',(130.5,-75.,1.595));
#117 = DIRECTION('',(0.,0.,1.));
#118 = DIRECTION('',(-1.,1.224646799147E-16,0.));
#119 = AXIS2_PLACEMENT_3D('',#120,#121,#122);
#120 = CARTESIAN_POINT('',(129.92,-64.5,1.595));
#121 = DIRECTION('',(0.,0.,1.));
#122 = DIRECTION('',(1.,0.,0.));
#123 = AXIS2_PLACEMENT_3D('',#124,#125,#126);
#124 = CARTESIAN_POINT('',(0.,0.,0.));
#125 = DIRECTION('',(0.,0.,1.));
#126 = DIRECTION('',(1.,0.,-0.));
#127 = ( GEOMETRIC_REPRESENTATION_CONTEXT(3) 
GLOBAL_UNCERTAINTY_ASSIGNED_CONTEXT((#131)) GLOBAL_UNIT_ASSIGNED_CONTEXT
((#128,#129,#130)) REPRESENTATION_CONTEXT('Context #1',
  '3D Context with UNIT and UNCERTAINTY') );
#128 = ( LENGTH_UNIT() NAMED_UNIT(*) SI_UNIT(.MILLI.,.METRE.) );
#129 = ( NAMED_UNIT(*) PLANE_ANGLE_UNIT() SI_UNIT($,.RADIAN.) );
#130 = ( NAMED_UNIT(*) SI_UNIT($,.STERADIAN.) SOLID_ANGLE_UNIT() );
#131 = UNCERTAINTY_MEASURE_WITH_UNIT(LENGTH_MEASURE(1.E-07),#128,
  'distance_accuracy_value','confusion accuracy');
#132 = PRODUCT_RELATED_PRODUCT_CATEGORY('part',$,(#7));
#133 = SHAPE_DEFINITION_REPRESENTATION(#134,#140);
#134 = PRODUCT_DEFINITION_SHAPE('','',#135);
#135 = PRODUCT_DEFINITION('design','',#136,#139);
#136 = PRODUCT_DEFINITION_FORMATION('','',#137);
#137 = PRODUCT('C_0402_1005Metric','C_0402_1005Metric','',(#138));
#138 = PRODUCT_CONTEXT('',#2,'mechanical');
#139 = PRODUCT_DEFINITION_CONTEXT('part definition',#2,'design');
#140 = SHAPE_REPRESENTATION('',(#11,#141),#145);
#141 = AXIS2_PLACEMENT_3D('',#142,#143,#144);
#142 = CARTESIAN_POINT('',(0.,0.,0.));
#143 = DIRECTION('',(0.,0.,1.));
#144 = DIRECTION('',(1.,0.,-0.));
#145 = ( GEOMETRIC_REPRESENTATION_CONTEXT(3) 
GLOBAL_UNCERTAINTY_ASSIGNED_CONTEXT((#149)) GLOBAL_UNIT_ASSIGNED_CONTEXT
((#146,#147,#148)) REPRESENTATION_CONTEXT('Context #1',
  '3D Context with UNIT and UNCERTAINTY') );
#146 = ( LENGTH_UNIT() NAMED_UNIT(*) SI_UNIT(.MILLI.,.METRE.) );
#147 = ( NAMED_UNIT(*) PLANE_ANGLE_UNIT() SI_UNIT($,.RADIAN.) );
#148 = ( NAMED_UNIT(*) SI_UNIT($,.STERADIAN.) SOLID_ANGLE_UNIT() );
#149 = UNCERTAINTY_MEASURE_WITH_UNIT(LENGTH_MEASURE(1.E-07),#146,
  'distance_accuracy_value','confusion accuracy');
#150 = CONTEXT_DEPENDENT_SHAPE_REPRESENTATION(#151,#153);
#151 = ( REPRESENTATION_RELATIONSHIP('','',#140,#10) 
REPRESENTATION_RELATIONSHIP_WITH_TRANSFORMATION(#152) 
SHAPE_REPRESENTATION_RELATIONSHIP() );
#152 = ITEM_DEFINED_TRANSFORMATION('','',#11,#15);
#153 = PRODUCT_DEFINITION_SHAPE('Placement','Placement of an item',#154
  );
#154 = NEXT_ASSEMBLY_USAGE_OCCURRENCE('2','C47','',#5,#135,$);
#155 = PRODUCT_RELATED_PRODUCT_CATEGORY('part',$,(#137));
#156 = SHAPE_DEFINITION_REPRESENTATION(#157,#163);
#157 = PRODUCT_DEFINITION_SHAPE('','',#158);
#158 = PRODUCT_DEFINITION('design','',#159,#162);
#159 = PRODUCT_DEFINITION_FORMATION('','',#160);
#160 = PRODUCT('C_0402_1005Metric','C_0402_1005Metric','',(#161));
#161 = PRODUCT_CONTEXT('',#2,'mechanical');
#162 = PRODUCT_DEFINITION_CONTEXT('part definition',#2,'design');
#163 = ADVANCED_BREP_SHAPE_REPRESENTATION('',(#11,#164),#1018);
#164 = MANIFOLD_SOLID_BREP('',#165);
#165 = CLOSED_SHELL('',(#166,#242,#273,#298,#323,#347,#371,#396,#421,
    #438,#524,#556,#580,#605,#629,#654,#678,#703,#720,#806,#837,#862,
    #887,#911,#935,#960,#985,#1002));
#166 = ADVANCED_FACE('',(#167),#237,.F.);
#167 = FACE_BOUND('',#168,.F.);
#168 = EDGE_LOOP('',(#169,#179,#188,#196,#205,#213,#222,#230));
#169 = ORIENTED_EDGE('',*,*,#170,.F.);
#170 = EDGE_CURVE('',#171,#173,#175,.T.);
#171 = VERTEX_POINT('',#172);
#172 = CARTESIAN_POINT('',(-0.5,-0.25,2.E-02));
#173 = VERTEX_POINT('',#174);
#174 = CARTESIAN_POINT('',(-0.5,-0.25,0.48));
#175 = LINE('',#176,#177);
#176 = CARTESIAN_POINT('',(-0.5,-0.25,0.));
#177 = VECTOR('',#178,1.);
#178 = DIRECTION('',(0.,0.,1.));
#179 = ORIENTED_EDGE('',*,*,#180,.T.);
#180 = EDGE_CURVE('',#171,#181,#183,.T.);
#181 = VERTEX_POINT('',#182);
#182 = CARTESIAN_POINT('',(-0.5,-0.23,0.));
#183 = CIRCLE('',#184,2.E-02);
#184 = AXIS2_PLACEMENT_3D('',#185,#186,#187);
#185 = CARTESIAN_POINT('',(-0.5,-0.23,2.E-02));
#186 = DIRECTION('',(1.,0.,-0.));
#187 = DIRECTION('',(0.,0.,1.));
#188 = ORIENTED_EDGE('',*,*,#189,.T.);
#189 = EDGE_CURVE('',#181,#190,#192,.T.);
#190 = VERTEX_POINT('',#191);
#191 = CARTESIAN_POINT('',(-0.5,0.23,0.));
#192 = LINE('',#193,#194);
#193 = CARTESIAN_POINT('',(-0.5,-0.25,0.));
#194 = VECTOR('',#195,1.);
#195 = DIRECTION('',(0.,1.,0.));
#196 = ORIENTED_EDGE('',*,*,#197,.F.);
#197 = EDGE_CURVE('',#198,#190,#200,.T.);
#198 = VERTEX_POINT('',#199);
#199 = CARTESIAN_POINT('',(-0.5,0.25,2.E-02));
#200 = CIRCLE('',#201,2.E-02);
#201 = AXIS2_PLACEMENT_3D('',#202,#203,#204);
#202 = CARTESIAN_POINT('',(-0.5,0.23,2.E-02));
#203 = DIRECTION('',(-1.,0.,0.));
#204 = DIRECTION('',(0.,0.,1.));
#205 = ORIENTED_EDGE('',*,*,#206,.T.);
#206 = EDGE_CURVE('',#198,#207,#209,.T.);
#207 = VERTEX_POINT('',#208);
#208 = CARTESIAN_POINT('',(-0.5,0.25,0.48));
#209 = LINE('',#210,#211);
#210 = CARTESIAN_POINT('',(-0.5,0.25,0.));
#211 = VECTOR('',#212,1.);
#212 = DIRECTION('',(0.,0.,1.));
#213 = ORIENTED_EDGE('',*,*,#214,.T.);
#214 = EDGE_CURVE('',#207,#215,#217,.T.);
#215 = VERTEX_POINT('',#216);
#216 = CARTESIAN_POINT('',(-0.5,0.23,0.5));
#217 = CIRCLE('',#218,2.E-02);
#218 = AXIS2_PLACEMENT_3D('',#219,#220,#221);
#219 = CARTESIAN_POINT('',(-0.5,0.23,0.48));
#220 = DIRECTION('',(1.,0.,-0.));
#221 = DIRECTION('',(0.,0.,1.));
#222 = ORIENTED_EDGE('',*,*,#223,.F.);
#223 = EDGE_CURVE('',#224,#215,#226,.T.);
#224 = VERTEX_POINT('',#225);
#225 = CARTESIAN_POINT('',(-0.5,-0.23,0.5));
#226 = LINE('',#227,#228);
#227 = CARTESIAN_POINT('',(-0.5,-0.25,0.5));
#228 = VECTOR('',#229,1.);
#229 = DIRECTION('',(0.,1.,0.));
#230 = ORIENTED_EDGE('',*,*,#231,.F.);
#231 = EDGE_CURVE('',#173,#224,#232,.T.);
#232 = CIRCLE('',#233,2.E-02);
#233 = AXIS2_PLACEMENT_3D('',#234,#235,#236);
#234 = CARTESIAN_POINT('',(-0.5,-0.23,0.48));
#235 = DIRECTION('',(-1.,0.,0.));
#236 = DIRECTION('',(0.,0.,1.));
#237 = PLANE('',#238);
#238 = AXIS2_PLACEMENT_3D('',#239,#240,#241);
#239 = CARTESIAN_POINT('',(-0.5,-0.25,0.));
#240 = DIRECTION('',(1.,0.,0.));
#241 = DIRECTION('',(0.,0.,1.));
#242 = ADVANCED_FACE('',(#243),#268,.F.);
#243 = FACE_BOUND('',#244,.F.);
#244 = EDGE_LOOP('',(#245,#255,#261,#262));
#245 = ORIENTED_EDGE('',*,*,#246,.F.);
#246 = EDGE_CURVE('',#247,#249,#251,.T.);
#247 = VERTEX_POINT('',#248);
#248 = CARTESIAN_POINT('',(-0.3,-0.25,2.E-02));
#249 = VERTEX_POINT('',#250);
#250 = CARTESIAN_POINT('',(-0.3,-0.25,0.48));
#251 = LINE('',#252,#253);
#252 = CARTESIAN_POINT('',(-0.3,-0.25,0.));
#253 = VECTOR('',#254,1.);
#254 = DIRECTION('',(0.,0.,1.));
#255 = ORIENTED_EDGE('',*,*,#256,.F.);
#256 = EDGE_CURVE('',#171,#247,#257,.T.);
#257 = LINE('',#258,#259);
#258 = CARTESIAN_POINT('',(-0.5,-0.25,2.E-02));
#259 = VECTOR('',#260,1.);
#260 = DIRECTION('',(1.,0.,0.));
#261 = ORIENTED_EDGE('',*,*,#170,.T.);
#262 = ORIENTED_EDGE('',*,*,#263,.T.);
#263 = EDGE_CURVE('',#173,#249,#264,.T.);
#264 = LINE('',#265,#266);
#265 = CARTESIAN_POINT('',(-0.5,-0.25,0.48));
#266 = VECTOR('',#267,1.);
#267 = DIRECTION('',(1.,0.,0.));
#268 = PLANE('',#269);
#269 = AXIS2_PLACEMENT_3D('',#270,#271,#272);
#270 = CARTESIAN_POINT('',(-0.5,-0.25,0.));
#271 = DIRECTION('',(0.,1.,0.));
#272 = DIRECTION('',(0.,-0.,1.));
#273 = ADVANCED_FACE('',(#274),#293,.T.);
#274 = FACE_BOUND('',#275,.T.);
#275 = EDGE_LOOP('',(#276,#277,#285,#292));
#276 = ORIENTED_EDGE('',*,*,#180,.T.);
#277 = ORIENTED_EDGE('',*,*,#278,.T.);
#278 = EDGE_CURVE('',#181,#279,#281,.T.);
#279 = VERTEX_POINT('',#280);
#280 = CARTESIAN_POINT('',(-0.3,-0.23,0.));
#281 = LINE('',#282,#283);
#282 = CARTESIAN_POINT('',(-0.5,-0.23,0.));
#283 = VECTOR('',#284,1.);
#284 = DIRECTION('',(1.,0.,0.));
#285 = ORIENTED_EDGE('',*,*,#286,.F.);
#286 = EDGE_CURVE('',#247,#279,#287,.T.);
#287 = CIRCLE('',#288,2.E-02);
#288 = AXIS2_PLACEMENT_3D('',#289,#290,#291);
#289 = CARTESIAN_POINT('',(-0.3,-0.23,2.E-02));
#290 = DIRECTION('',(1.,0.,-0.));
#291 = DIRECTION('',(0.,0.,1.));
#292 = ORIENTED_EDGE('',*,*,#256,.F.);
#293 = CYLINDRICAL_SURFACE('',#294,2.E-02);
#294 = AXIS2_PLACEMENT_3D('',#295,#296,#297);
#295 = CARTESIAN_POINT('',(-0.5,-0.23,2.E-02));
#296 = DIRECTION('',(1.,0.,0.));
#297 = DIRECTION('',(0.,-1.,0.));
#298 = ADVANCED_FACE('',(#299),#318,.T.);
#299 = FACE_BOUND('',#300,.T.);
#300 = EDGE_LOOP('',(#301,#302,#311,#317));
#301 = ORIENTED_EDGE('',*,*,#263,.T.);
#302 = ORIENTED_EDGE('',*,*,#303,.T.);
#303 = EDGE_CURVE('',#249,#304,#306,.T.);
#304 = VERTEX_POINT('',#305);
#305 = CARTESIAN_POINT('',(-0.3,-0.23,0.5));
#306 = CIRCLE('',#307,2.E-02);
#307 = AXIS2_PLACEMENT_3D('',#308,#309,#310);
#308 = CARTESIAN_POINT('',(-0.3,-0.23,0.48));
#309 = DIRECTION('',(-1.,0.,0.));
#310 = DIRECTION('',(0.,0.,1.));
#311 = ORIENTED_EDGE('',*,*,#312,.F.);
#312 = EDGE_CURVE('',#224,#304,#313,.T.);
#313 = LINE('',#314,#315);
#314 = CARTESIAN_POINT('',(-0.5,-0.23,0.5));
#315 = VECTOR('',#316,1.);
#316 = DIRECTION('',(1.,0.,0.));
#317 = ORIENTED_EDGE('',*,*,#231,.F.);
#318 = CYLINDRICAL_SURFACE('',#319,2.E-02);
#319 = AXIS2_PLACEMENT_3D('',#320,#321,#322);
#320 = CARTESIAN_POINT('',(-0.5,-0.23,0.48));
#321 = DIRECTION('',(1.,0.,0.));
#322 = DIRECTION('',(0.,-1.,0.));
#323 = ADVANCED_FACE('',(#324),#342,.F.);
#324 = FACE_BOUND('',#325,.F.);
#325 = EDGE_LOOP('',(#326,#327,#328,#336));
#326 = ORIENTED_EDGE('',*,*,#189,.F.);
#327 = ORIENTED_EDGE('',*,*,#278,.T.);
#328 = ORIENTED_EDGE('',*,*,#329,.T.);
#329 = EDGE_CURVE('',#279,#330,#332,.T.);
#330 = VERTEX_POINT('',#331);
#331 = CARTESIAN_POINT('',(-0.3,0.23,0.));
#332 = LINE('',#333,#334);
#333 = CARTESIAN_POINT('',(-0.3,-0.25,0.));
#334 = VECTOR('',#335,1.);
#335 = DIRECTION('',(0.,1.,0.));
#336 = ORIENTED_EDGE('',*,*,#337,.F.);
#337 = EDGE_CURVE('',#190,#330,#338,.T.);
#338 = LINE('',#339,#340);
#339 = CARTESIAN_POINT('',(-0.5,0.23,0.));
#340 = VECTOR('',#341,1.);
#341 = DIRECTION('',(1.,0.,0.));
#342 = PLANE('',#343);
#343 = AXIS2_PLACEMENT_3D('',#344,#345,#346);
#344 = CARTESIAN_POINT('',(-0.5,-0.25,0.));
#345 = DIRECTION('',(0.,0.,1.));
#346 = DIRECTION('',(1.,0.,-0.));
#347 = ADVANCED_FACE('',(#348),#366,.T.);
#348 = FACE_BOUND('',#349,.T.);
#349 = EDGE_LOOP('',(#350,#351,#352,#360));
#350 = ORIENTED_EDGE('',*,*,#223,.F.);
#351 = ORIENTED_EDGE('',*,*,#312,.T.);
#352 = ORIENTED_EDGE('',*,*,#353,.T.);
#353 = EDGE_CURVE('',#304,#354,#356,.T.);
#354 = VERTEX_POINT('',#355);
#355 = CARTESIAN_POINT('',(-0.3,0.23,0.5));
#356 = LINE('',#357,#358);
#357 = CARTESIAN_POINT('',(-0.3,-0.25,0.5));
#358 = VECTOR('',#359,1.);
#359 = DIRECTION('',(0.,1.,0.));
#360 = ORIENTED_EDGE('',*,*,#361,.F.);
#361 = EDGE_CURVE('',#215,#354,#362,.T.);
#362 = LINE('',#363,#364);
#363 = CARTESIAN_POINT('',(-0.5,0.23,0.5));
#364 = VECTOR('',#365,1.);
#365 = DIRECTION('',(1.,0.,0.));
#366 = PLANE('',#367);
#367 = AXIS2_PLACEMENT_3D('',#368,#369,#370);
#368 = CARTESIAN_POINT('',(-0.5,-0.25,0.5));
#369 = DIRECTION('',(0.,0.,1.));
#370 = DIRECTION('',(1.,0.,-0.));
#371 = ADVANCED_FACE('',(#372),#391,.T.);
#372 = FACE_BOUND('',#373,.T.);
#373 = EDGE_LOOP('',(#374,#382,#389,#390));
#374 = ORIENTED_EDGE('',*,*,#375,.T.);
#375 = EDGE_CURVE('',#198,#376,#378,.T.);
#376 = VERTEX_POINT('',#377);
#377 = CARTESIAN_POINT('',(-0.3,0.25,2.E-02));
#378 = LINE('',#379,#380);
#379 = CARTESIAN_POINT('',(-0.5,0.25,2.E-02));
#380 = VECTOR('',#381,1.);
#381 = DIRECTION('',(1.,0.,0.));
#382 = ORIENTED_EDGE('',*,*,#383,.T.);
#383 = EDGE_CURVE('',#376,#330,#384,.T.);
#384 = CIRCLE('',#385,2.E-02);
#385 = AXIS2_PLACEMENT_3D('',#386,#387,#388);
#386 = CARTESIAN_POINT('',(-0.3,0.23,2.E-02));
#387 = DIRECTION('',(-1.,0.,0.));
#388 = DIRECTION('',(0.,0.,1.));
#389 = ORIENTED_EDGE('',*,*,#337,.F.);
#390 = ORIENTED_EDGE('',*,*,#197,.F.);
#391 = CYLINDRICAL_SURFACE('',#392,2.E-02);
#392 = AXIS2_PLACEMENT_3D('',#393,#394,#395);
#393 = CARTESIAN_POINT('',(-0.5,0.23,2.E-02));
#394 = DIRECTION('',(1.,0.,0.));
#395 = DIRECTION('',(-0.,1.,0.));
#396 = ADVANCED_FACE('',(#397),#416,.T.);
#397 = FACE_BOUND('',#398,.T.);
#398 = EDGE_LOOP('',(#399,#400,#401,#410));
#399 = ORIENTED_EDGE('',*,*,#214,.T.);
#400 = ORIENTED_EDGE('',*,*,#361,.T.);
#401 = ORIENTED_EDGE('',*,*,#402,.F.);
#402 = EDGE_CURVE('',#403,#354,#405,.T.);
#403 = VERTEX_POINT('',#404);
#404 = CARTESIAN_POINT('',(-0.3,0.25,0.48));
#405 = CIRCLE('',#406,2.E-02);
#406 = AXIS2_PLACEMENT_3D('',#407,#408,#409);
#407 = CARTESIAN_POINT('',(-0.3,0.23,0.48));
#408 = DIRECTION('',(1.,0.,-0.));
#409 = DIRECTION('',(0.,0.,1.));
#410 = ORIENTED_EDGE('',*,*,#411,.F.);
#411 = EDGE_CURVE('',#207,#403,#412,.T.);
#412 = LINE('',#413,#414);
#413 = CARTESIAN_POINT('',(-0.5,0.25,0.48));
#414 = VECTOR('',#415,1.);
#415 = DIRECTION('',(1.,0.,0.));
#416 = CYLINDRICAL_SURFACE('',#417,2.E-02);
#417 = AXIS2_PLACEMENT_3D('',#418,#419,#420);
#418 = CARTESIAN_POINT('',(-0.5,0.23,0.48));
#419 = DIRECTION('',(1.,0.,0.));
#420 = DIRECTION('',(-0.,1.,0.));
#421 = ADVANCED_FACE('',(#422),#433,.T.);
#422 = FACE_BOUND('',#423,.T.);
#423 = EDGE_LOOP('',(#424,#430,#431,#432));
#424 = ORIENTED_EDGE('',*,*,#425,.F.);
#425 = EDGE_CURVE('',#376,#403,#426,.T.);
#426 = LINE('',#427,#428);
#427 = CARTESIAN_POINT('',(-0.3,0.25,0.));
#428 = VECTOR('',#429,1.);
#429 = DIRECTION('',(0.,0.,1.));
#430 = ORIENTED_EDGE('',*,*,#375,.F.);
#431 = ORIENTED_EDGE('',*,*,#206,.T.);
#432 = ORIENTED_EDGE('',*,*,#411,.T.);
#433 = PLANE('',#434);
#434 = AXIS2_PLACEMENT_3D('',#435,#436,#437);
#435 = CARTESIAN_POINT('',(-0.5,0.25,0.));
#436 = DIRECTION('',(0.,1.,0.));
#437 = DIRECTION('',(0.,-0.,1.));
#438 = ADVANCED_FACE('',(#439,#449),#519,.T.);
#439 = FACE_BOUND('',#440,.T.);
#440 = EDGE_LOOP('',(#441,#442,#443,#444,#445,#446,#447,#448));
#441 = ORIENTED_EDGE('',*,*,#246,.F.);
#442 = ORIENTED_EDGE('',*,*,#286,.T.);
#443 = ORIENTED_EDGE('',*,*,#329,.T.);
#444 = ORIENTED_EDGE('',*,*,#383,.F.);
#445 = ORIENTED_EDGE('',*,*,#425,.T.);
#446 = ORIENTED_EDGE('',*,*,#402,.T.);
#447 = ORIENTED_EDGE('',*,*,#353,.F.);
#448 = ORIENTED_EDGE('',*,*,#303,.F.);
#449 = FACE_BOUND('',#450,.T.);
#450 = EDGE_LOOP('',(#451,#462,#470,#479,#487,#496,#504,#513));
#451 = ORIENTED_EDGE('',*,*,#452,.F.);
#452 = EDGE_CURVE('',#453,#455,#457,.T.);
#453 = VERTEX_POINT('',#454);
#454 = CARTESIAN_POINT('',(-0.3,-0.23,4.E-02));
#455 = VERTEX_POINT('',#456);
#456 = CARTESIAN_POINT('',(-0.3,-0.21,2.E-02));
#457 = CIRCLE('',#458,2.E-02);
#458 = AXIS2_PLACEMENT_3D('',#459,#460,#461);
#459 = CARTESIAN_POINT('',(-0.3,-0.21,4.E-02));
#460 = DIRECTION('',(1.,0.,-0.));
#461 = DIRECTION('',(0.,0.,1.));
#462 = ORIENTED_EDGE('',*,*,#463,.T.);
#463 = EDGE_CURVE('',#453,#464,#466,.T.);
#464 = VERTEX_POINT('',#465);
#465 = CARTESIAN_POINT('',(-0.3,-0.23,0.46));
#466 = LINE('',#467,#468);
#467 = CARTESIAN_POINT('',(-0.3,-0.23,2.E-02));
#468 = VECTOR('',#469,1.);
#469 = DIRECTION('',(0.,0.,1.));
#470 = ORIENTED_EDGE('',*,*,#471,.T.);
#471 = EDGE_CURVE('',#464,#472,#474,.T.);
#472 = VERTEX_POINT('',#473);
#473 = CARTESIAN_POINT('',(-0.3,-0.21,0.48));
#474 = CIRCLE('',#475,2.E-02);
#475 = AXIS2_PLACEMENT_3D('',#476,#477,#478);
#476 = CARTESIAN_POINT('',(-0.3,-0.21,0.46));
#477 = DIRECTION('',(-1.,0.,0.));
#478 = DIRECTION('',(0.,0.,1.));
#479 = ORIENTED_EDGE('',*,*,#480,.T.);
#480 = EDGE_CURVE('',#472,#481,#483,.T.);
#481 = VERTEX_POINT('',#482);
#482 = CARTESIAN_POINT('',(-0.3,0.21,0.48));
#483 = LINE('',#484,#485);
#484 = CARTESIAN_POINT('',(-0.3,-0.23,0.48));
#485 = VECTOR('',#486,1.);
#486 = DIRECTION('',(0.,1.,0.));
#487 = ORIENTED_EDGE('',*,*,#488,.F.);
#488 = EDGE_CURVE('',#489,#481,#491,.T.);
#489 = VERTEX_POINT('',#490);
#490 = CARTESIAN_POINT('',(-0.3,0.23,0.46));
#491 = CIRCLE('',#492,2.E-02);
#492 = AXIS2_PLACEMENT_3D('',#493,#494,#495);
#493 = CARTESIAN_POINT('',(-0.3,0.21,0.46));
#494 = DIRECTION('',(1.,0.,-0.));
#495 = DIRECTION('',(0.,0.,1.));
#496 = ORIENTED_EDGE('',*,*,#497,.F.);
#497 = EDGE_CURVE('',#498,#489,#500,.T.);
#498 = VERTEX_POINT('',#499);
#499 = CARTESIAN_POINT('',(-0.3,0.23,4.E-02));
#500 = LINE('',#501,#502);
#501 = CARTESIAN_POINT('',(-0.3,0.23,2.E-02));
#502 = VECTOR('',#503,1.);
#503 = DIRECTION('',(0.,0.,1.));
#504 = ORIENTED_EDGE('',*,*,#505,.T.);
#505 = EDGE_CURVE('',#498,#506,#508,.T.);
#506 = VERTEX_POINT('',#507);
#507 = CARTESIAN_POINT('',(-0.3,0.21,2.E-02));
#508 = CIRCLE('',#509,2.E-02);
#509 = AXIS2_PLACEMENT_3D('',#510,#511,#512);
#510 = CARTESIAN_POINT('',(-0.3,0.21,4.E-02));
#511 = DIRECTION('',(-1.,0.,0.));
#512 = DIRECTION('',(0.,0.,1.));
#513 = ORIENTED_EDGE('',*,*,#514,.F.);
#514 = EDGE_CURVE('',#455,#506,#515,.T.);
#515 = LINE('',#516,#517);
#516 = CARTESIAN_POINT('',(-0.3,-0.23,2.E-02));
#517 = VECTOR('',#518,1.);
#518 = DIRECTION('',(0.,1.,0.));
#519 = PLANE('',#520);
#520 = AXIS2_PLACEMENT_3D('',#521,#522,#523);
#521 = CARTESIAN_POINT('',(-0.3,-0.25,0.));
#522 = DIRECTION('',(1.,0.,0.));
#523 = DIRECTION('',(0.,0.,1.));
#524 = ADVANCED_FACE('',(#525),#551,.T.);
#525 = FACE_BOUND('',#526,.T.);
#526 = EDGE_LOOP('',(#527,#528,#536,#545));
#527 = ORIENTED_EDGE('',*,*,#452,.T.);
#528 = ORIENTED_EDGE('',*,*,#529,.T.);
#529 = EDGE_CURVE('',#455,#530,#532,.T.);
#530 = VERTEX_POINT('',#531);
#531 = CARTESIAN_POINT('',(0.3,-0.21,2.E-02));
#532 = LINE('',#533,#534);
#533 = CARTESIAN_POINT('',(-0.3,-0.21,2.E-02));
#534 = VECTOR('',#535,1.);
#535 = DIRECTION('',(1.,0.,0.));
#536 = ORIENTED_EDGE('',*,*,#537,.F.);
#537 = EDGE_CURVE('',#538,#530,#540,.T.);
#538 = VERTEX_POINT('',#539);
#539 = CARTESIAN_POINT('',(0.3,-0.23,4.E-02));
#540 = CIRCLE('',#541,2.E-02);
#541 = AXIS2_PLACEMENT_3D('',#542,#543,#544);
#542 = CARTESIAN_POINT('',(0.3,-0.21,4.E-02));
#543 = DIRECTION('',(1.,0.,-0.));
#544 = DIRECTION('',(0.,0.,1.));
#545 = ORIENTED_EDGE('',*,*,#546,.F.);
#546 = EDGE_CURVE('',#453,#538,#547,.T.);
#547 = LINE('',#548,#549);
#548 = CARTESIAN_POINT('',(-0.3,-0.23,4.E-02));
#549 = VECTOR('',#550,1.);
#550 = DIRECTION('',(1.,0.,0.));
#551 = CYLINDRICAL_SURFACE('',#552,2.E-02);
#552 = AXIS2_PLACEMENT_3D('',#553,#554,#555);
#553 = CARTESIAN_POINT('',(-0.3,-0.21,4.E-02));
#554 = DIRECTION('',(1.,0.,0.));
#555 = DIRECTION('',(0.,-1.,0.));
#556 = ADVANCED_FACE('',(#557),#575,.F.);
#557 = FACE_BOUND('',#558,.F.);
#558 = EDGE_LOOP('',(#559,#560,#561,#569));
#559 = ORIENTED_EDGE('',*,*,#514,.F.);
#560 = ORIENTED_EDGE('',*,*,#529,.T.);
#561 = ORIENTED_EDGE('',*,*,#562,.T.);
#562 = EDGE_CURVE('',#530,#563,#565,.T.);
#563 = VERTEX_POINT('',#564);
#564 = CARTESIAN_POINT('',(0.3,0.21,2.E-02));
#565 = LINE('',#566,#567);
#566 = CARTESIAN_POINT('',(0.3,-0.23,2.E-02));
#567 = VECTOR('',#568,1.);
#568 = DIRECTION('',(0.,1.,0.));
#569 = ORIENTED_EDGE('',*,*,#570,.F.);
#570 = EDGE_CURVE('',#506,#563,#571,.T.);
#571 = LINE('',#572,#573);
#572 = CARTESIAN_POINT('',(-0.3,0.21,2.E-02));
#573 = VECTOR('',#574,1.);
#574 = DIRECTION('',(1.,0.,0.));
#575 = PLANE('',#576);
#576 = AXIS2_PLACEMENT_3D('',#577,#578,#579);
#577 = CARTESIAN_POINT('',(-0.3,-0.23,2.E-02));
#578 = DIRECTION('',(0.,0.,1.));
#579 = DIRECTION('',(1.,0.,-0.));
#580 = ADVANCED_FACE('',(#581),#600,.T.);
#581 = FACE_BOUND('',#582,.T.);
#582 = EDGE_LOOP('',(#583,#591,#598,#599));
#583 = ORIENTED_EDGE('',*,*,#584,.T.);
#584 = EDGE_CURVE('',#498,#585,#587,.T.);
#585 = VERTEX_POINT('',#586);
#586 = CARTESIAN_POINT('',(0.3,0.23,4.E-02));
#587 = LINE('',#588,#589);
#588 = CARTESIAN_POINT('',(-0.3,0.23,4.E-02));
#589 = VECTOR('',#590,1.);
#590 = DIRECTION('',(1.,0.,0.));
#591 = ORIENTED_EDGE('',*,*,#592,.T.);
#592 = EDGE_CURVE('',#585,#563,#593,.T.);
#593 = CIRCLE('',#594,2.E-02);
#594 = AXIS2_PLACEMENT_3D('',#595,#596,#597);
#595 = CARTESIAN_POINT('',(0.3,0.21,4.E-02));
#596 = DIRECTION('',(-1.,0.,0.));
#597 = DIRECTION('',(0.,0.,1.));
#598 = ORIENTED_EDGE('',*,*,#570,.F.);
#599 = ORIENTED_EDGE('',*,*,#505,.F.);
#600 = CYLINDRICAL_SURFACE('',#601,2.E-02);
#601 = AXIS2_PLACEMENT_3D('',#602,#603,#604);
#602 = CARTESIAN_POINT('',(-0.3,0.21,4.E-02));
#603 = DIRECTION('',(1.,0.,0.));
#604 = DIRECTION('',(-0.,1.,0.));
#605 = ADVANCED_FACE('',(#606),#624,.T.);
#606 = FACE_BOUND('',#607,.T.);
#607 = EDGE_LOOP('',(#608,#616,#617,#618));
#608 = ORIENTED_EDGE('',*,*,#609,.F.);
#609 = EDGE_CURVE('',#585,#610,#612,.T.);
#610 = VERTEX_POINT('',#611);
#611 = CARTESIAN_POINT('',(0.3,0.23,0.46));
#612 = LINE('',#613,#614);
#613 = CARTESIAN_POINT('',(0.3,0.23,2.E-02));
#614 = VECTOR('',#615,1.);
#615 = DIRECTION('',(0.,0.,1.));
#616 = ORIENTED_EDGE('',*,*,#584,.F.);
#617 = ORIENTED_EDGE('',*,*,#497,.T.);
#618 = ORIENTED_EDGE('',*,*,#619,.T.);
#619 = EDGE_CURVE('',#489,#610,#620,.T.);
#620 = LINE('',#621,#622);
#621 = CARTESIAN_POINT('',(-0.3,0.23,0.46));
#622 = VECTOR('',#623,1.);
#623 = DIRECTION('',(1.,0.,0.));
#624 = PLANE('',#625);
#625 = AXIS2_PLACEMENT_3D('',#626,#627,#628);
#626 = CARTESIAN_POINT('',(-0.3,0.23,2.E-02));
#627 = DIRECTION('',(0.,1.,0.));
#628 = DIRECTION('',(0.,-0.,1.));
#629 = ADVANCED_FACE('',(#630),#649,.T.);
#630 = FACE_BOUND('',#631,.T.);
#631 = EDGE_LOOP('',(#632,#633,#641,#648));
#632 = ORIENTED_EDGE('',*,*,#488,.T.);
#633 = ORIENTED_EDGE('',*,*,#634,.T.);
#634 = EDGE_CURVE('',#481,#635,#637,.T.);
#635 = VERTEX_POINT('',#636);
#636 = CARTESIAN_POINT('',(0.3,0.21,0.48));
#637 = LINE('',#638,#639);
#638 = CARTESIAN_POINT('',(-0.3,0.21,0.48));
#639 = VECTOR('',#640,1.);
#640 = DIRECTION('',(1.,0.,0.));
#641 = ORIENTED_EDGE('',*,*,#642,.F.);
#642 = EDGE_CURVE('',#610,#635,#643,.T.);
#643 = CIRCLE('',#644,2.E-02);
#644 = AXIS2_PLACEMENT_3D('',#645,#646,#647);
#645 = CARTESIAN_POINT('',(0.3,0.21,0.46));
#646 = DIRECTION('',(1.,0.,-0.));
#647 = DIRECTION('',(0.,0.,1.));
#648 = ORIENTED_EDGE('',*,*,#619,.F.);
#649 = CYLINDRICAL_SURFACE('',#650,2.E-02);
#650 = AXIS2_PLACEMENT_3D('',#651,#652,#653);
#651 = CARTESIAN_POINT('',(-0.3,0.21,0.46));
#652 = DIRECTION('',(1.,0.,0.));
#653 = DIRECTION('',(-0.,1.,0.));
#654 = ADVANCED_FACE('',(#655),#673,.T.);
#655 = FACE_BOUND('',#656,.T.);
#656 = EDGE_LOOP('',(#657,#658,#666,#672));
#657 = ORIENTED_EDGE('',*,*,#480,.F.);
#658 = ORIENTED_EDGE('',*,*,#659,.T.);
#659 = EDGE_CURVE('',#472,#660,#662,.T.);
#660 = VERTEX_POINT('',#661);
#661 = CARTESIAN_POINT('',(0.3,-0.21,0.48));
#662 = LINE('',#663,#664);
#663 = CARTESIAN_POINT('',(-0.3,-0.21,0.48));
#664 = VECTOR('',#665,1.);
#665 = DIRECTION('',(1.,0.,0.));
#666 = ORIENTED_EDGE('',*,*,#667,.T.);
#667 = EDGE_CURVE('',#660,#635,#668,.T.);
#668 = LINE('',#669,#670);
#669 = CARTESIAN_POINT('',(0.3,-0.23,0.48));
#670 = VECTOR('',#671,1.);
#671 = DIRECTION('',(0.,1.,0.));
#672 = ORIENTED_EDGE('',*,*,#634,.F.);
#673 = PLANE('',#674);
#674 = AXIS2_PLACEMENT_3D('',#675,#676,#677);
#675 = CARTESIAN_POINT('',(-0.3,-0.23,0.48));
#676 = DIRECTION('',(0.,0.,1.));
#677 = DIRECTION('',(1.,0.,-0.));
#678 = ADVANCED_FACE('',(#679),#698,.T.);
#679 = FACE_BOUND('',#680,.T.);
#680 = EDGE_LOOP('',(#681,#689,#696,#697));
#681 = ORIENTED_EDGE('',*,*,#682,.T.);
#682 = EDGE_CURVE('',#464,#683,#685,.T.);
#683 = VERTEX_POINT('',#684);
#684 = CARTESIAN_POINT('',(0.3,-0.23,0.46));
#685 = LINE('',#686,#687);
#686 = CARTESIAN_POINT('',(-0.3,-0.23,0.46));
#687 = VECTOR('',#688,1.);
#688 = DIRECTION('',(1.,0.,0.));
#689 = ORIENTED_EDGE('',*,*,#690,.T.);
#690 = EDGE_CURVE('',#683,#660,#691,.T.);
#691 = CIRCLE('',#692,2.E-02);
#692 = AXIS2_PLACEMENT_3D('',#693,#694,#695);
#693 = CARTESIAN_POINT('',(0.3,-0.21,0.46));
#694 = DIRECTION('',(-1.,0.,0.));
#695 = DIRECTION('',(0.,0.,1.));
#696 = ORIENTED_EDGE('',*,*,#659,.F.);
#697 = ORIENTED_EDGE('',*,*,#471,.F.);
#698 = CYLINDRICAL_SURFACE('',#699,2.E-02);
#699 = AXIS2_PLACEMENT_3D('',#700,#701,#702);
#700 = CARTESIAN_POINT('',(-0.3,-0.21,0.46));
#701 = DIRECTION('',(1.,0.,0.));
#702 = DIRECTION('',(0.,-1.,0.));
#703 = ADVANCED_FACE('',(#704),#715,.F.);
#704 = FACE_BOUND('',#705,.F.);
#705 = EDGE_LOOP('',(#706,#712,#713,#714));
#706 = ORIENTED_EDGE('',*,*,#707,.F.);
#707 = EDGE_CURVE('',#538,#683,#708,.T.);
#708 = LINE('',#709,#710);
#709 = CARTESIAN_POINT('',(0.3,-0.23,2.E-02));
#710 = VECTOR('',#711,1.);
#711 = DIRECTION('',(0.,0.,1.));
#712 = ORIENTED_EDGE('',*,*,#546,.F.);
#713 = ORIENTED_EDGE('',*,*,#463,.T.);
#714 = ORIENTED_EDGE('',*,*,#682,.T.);
#715 = PLANE('',#716);
#716 = AXIS2_PLACEMENT_3D('',#717,#718,#719);
#717 = CARTESIAN_POINT('',(-0.3,-0.23,2.E-02));
#718 = DIRECTION('',(0.,1.,0.));
#719 = DIRECTION('',(0.,-0.,1.));
#720 = ADVANCED_FACE('',(#721,#791),#801,.F.);
#721 = FACE_BOUND('',#722,.F.);
#722 = EDGE_LOOP('',(#723,#733,#742,#750,#759,#767,#776,#784));
#723 = ORIENTED_EDGE('',*,*,#724,.F.);
#724 = EDGE_CURVE('',#725,#727,#729,.T.);
#725 = VERTEX_POINT('',#726);
#726 = CARTESIAN_POINT('',(0.3,-0.25,2.E-02));
#727 = VERTEX_POINT('',#728);
#728 = CARTESIAN_POINT('',(0.3,-0.25,0.48));
#729 = LINE('',#730,#731);
#730 = CARTESIAN_POINT('',(0.3,-0.25,0.));
#731 = VECTOR('',#732,1.);
#732 = DIRECTION('',(0.,0.,1.));
#733 = ORIENTED_EDGE('',*,*,#734,.T.);
#734 = EDGE_CURVE('',#725,#735,#737,.T.);
#735 = VERTEX_POINT('',#736);
#736 = CARTESIAN_POINT('',(0.3,-0.23,0.));
#737 = CIRCLE('',#738,2.E-02);
#738 = AXIS2_PLACEMENT_3D('',#739,#740,#741);
#739 = CARTESIAN_POINT('',(0.3,-0.23,2.E-02));
#740 = DIRECTION('',(1.,0.,-0.));
#741 = DIRECTION('',(0.,0.,1.));
#742 = ORIENTED_EDGE('',*,*,#743,.T.);
#743 = EDGE_CURVE('',#735,#744,#746,.T.);
#744 = VERTEX_POINT('',#745);
#745 = CARTESIAN_POINT('',(0.3,0.23,0.));
#746 = LINE('',#747,#748);
#747 = CARTESIAN_POINT('',(0.3,-0.25,0.));
#748 = VECTOR('',#749,1.);
#749 = DIRECTION('',(0.,1.,0.));
#750 = ORIENTED_EDGE('',*,*,#751,.F.);
#751 = EDGE_CURVE('',#752,#744,#754,.T.);
#752 = VERTEX_POINT('',#753);
#753 = CARTESIAN_POINT('',(0.3,0.25,2.E-02));
#754 = CIRCLE('',#755,2.E-02);
#755 = AXIS2_PLACEMENT_3D('',#756,#757,#758);
#756 = CARTESIAN_POINT('',(0.3,0.23,2.E-02));
#757 = DIRECTION('',(-1.,0.,0.));
#758 = DIRECTION('',(0.,0.,1.));
#759 = ORIENTED_EDGE('',*,*,#760,.T.);
#760 = EDGE_CURVE('',#752,#761,#763,.T.);
#761 = VERTEX_POINT('',#762);
#762 = CARTESIAN_POINT('',(0.3,0.25,0.48));
#763 = LINE('',#764,#765);
#764 = CARTESIAN_POINT('',(0.3,0.25,0.));
#765 = VECTOR('',#766,1.);
#766 = DIRECTION('',(0.,0.,1.));
#767 = ORIENTED_EDGE('',*,*,#768,.T.);
#768 = EDGE_CURVE('',#761,#769,#771,.T.);
#769 = VERTEX_POINT('',#770);
#770 = CARTESIAN_POINT('',(0.3,0.23,0.5));
#771 = CIRCLE('',#772,2.E-02);
#772 = AXIS2_PLACEMENT_3D('',#773,#774,#775);
#773 = CARTESIAN_POINT('',(0.3,0.23,0.48));
#774 = DIRECTION('',(1.,0.,-0.));
#775 = DIRECTION('',(0.,0.,1.));
#776 = ORIENTED_EDGE('',*,*,#777,.F.);
#777 = EDGE_CURVE('',#778,#769,#780,.T.);
#778 = VERTEX_POINT('',#779);
#779 = CARTESIAN_POINT('',(0.3,-0.23,0.5));
#780 = LINE('',#781,#782);
#781 = CARTESIAN_POINT('',(0.3,-0.25,0.5));
#782 = VECTOR('',#783,1.);
#783 = DIRECTION('',(0.,1.,0.));
#784 = ORIENTED_EDGE('',*,*,#785,.F.);
#785 = EDGE_CURVE('',#727,#778,#786,.T.);
#786 = CIRCLE('',#787,2.E-02);
#787 = AXIS2_PLACEMENT_3D('',#788,#789,#790);
#788 = CARTESIAN_POINT('',(0.3,-0.23,0.48));
#789 = DIRECTION('',(-1.,0.,0.));
#790 = DIRECTION('',(0.,0.,1.));
#791 = FACE_BOUND('',#792,.F.);
#792 = EDGE_LOOP('',(#793,#794,#795,#796,#797,#798,#799,#800));
#793 = ORIENTED_EDGE('',*,*,#537,.F.);
#794 = ORIENTED_EDGE('',*,*,#707,.T.);
#795 = ORIENTED_EDGE('',*,*,#690,.T.);
#796 = ORIENTED_EDGE('',*,*,#667,.T.);
#797 = ORIENTED_EDGE('',*,*,#642,.F.);
#798 = ORIENTED_EDGE('',*,*,#609,.F.);
#799 = ORIENTED_EDGE('',*,*,#592,.T.);
#800 = ORIENTED_EDGE('',*,*,#562,.F.);
#801 = PLANE('',#802);
#802 = AXIS2_PLACEMENT_3D('',#803,#804,#805);
#803 = CARTESIAN_POINT('',(0.3,-0.25,0.));
#804 = DIRECTION('',(1.,0.,0.));
#805 = DIRECTION('',(0.,0.,1.));
#806 = ADVANCED_FACE('',(#807),#832,.F.);
#807 = FACE_BOUND('',#808,.F.);
#808 = EDGE_LOOP('',(#809,#819,#825,#826));
#809 = ORIENTED_EDGE('',*,*,#810,.F.);
#810 = EDGE_CURVE('',#811,#813,#815,.T.);
#811 = VERTEX_POINT('',#812);
#812 = CARTESIAN_POINT('',(0.5,-0.25,2.E-02));
#813 = VERTEX_POINT('',#814);
#814 = CARTESIAN_POINT('',(0.5,-0.25,0.48));
#815 = LINE('',#816,#817);
#816 = CARTESIAN_POINT('',(0.5,-0.25,0.));
#817 = VECTOR('',#818,1.);
#818 = DIRECTION('',(0.,0.,1.));
#819 = ORIENTED_EDGE('',*,*,#820,.F.);
#820 = EDGE_CURVE('',#725,#811,#821,.T.);
#821 = LINE('',#822,#823);
#822 = CARTESIAN_POINT('',(0.3,-0.25,2.E-02));
#823 = VECTOR('',#824,1.);
#824 = DIRECTION('',(1.,0.,0.));
#825 = ORIENTED_EDGE('',*,*,#724,.T.);
#826 = ORIENTED_EDGE('',*,*,#827,.T.);
#827 = EDGE_CURVE('',#727,#813,#828,.T.);
#828 = LINE('',#829,#830);
#829 = CARTESIAN_POINT('',(0.3,-0.25,0.48));
#830 = VECTOR('',#831,1.);
#831 = DIRECTION('',(1.,0.,0.));
#832 = PLANE('',#833);
#833 = AXIS2_PLACEMENT_3D('',#834,#835,#836);
#834 = CARTESIAN_POINT('',(0.3,-0.25,0.));
#835 = DIRECTION('',(0.,1.,0.));
#836 = DIRECTION('',(0.,-0.,1.));
#837 = ADVANCED_FACE('',(#838),#857,.T.);
#838 = FACE_BOUND('',#839,.T.);
#839 = EDGE_LOOP('',(#840,#841,#849,#856));
#840 = ORIENTED_EDGE('',*,*,#734,.T.);
#841 = ORIENTED_EDGE('',*,*,#842,.T.);
#842 = EDGE_CURVE('',#735,#843,#845,.T.);
#843 = VERTEX_POINT('',#844);
#844 = CARTESIAN_POINT('',(0.5,-0.23,0.));
#845 = LINE('',#846,#847);
#846 = CARTESIAN_POINT('',(0.3,-0.23,0.));
#847 = VECTOR('',#848,1.);
#848 = DIRECTION('',(1.,0.,0.));
#849 = ORIENTED_EDGE('',*,*,#850,.F.);
#850 = EDGE_CURVE('',#811,#843,#851,.T.);
#851 = CIRCLE('',#852,2.E-02);
#852 = AXIS2_PLACEMENT_3D('',#853,#854,#855);
#853 = CARTESIAN_POINT('',(0.5,-0.23,2.E-02));
#854 = DIRECTION('',(1.,0.,-0.));
#855 = DIRECTION('',(0.,0.,1.));
#856 = ORIENTED_EDGE('',*,*,#820,.F.);
#857 = CYLINDRICAL_SURFACE('',#858,2.E-02);
#858 = AXIS2_PLACEMENT_3D('',#859,#860,#861);
#859 = CARTESIAN_POINT('',(0.3,-0.23,2.E-02));
#860 = DIRECTION('',(1.,0.,0.));
#861 = DIRECTION('',(0.,-1.,0.));
#862 = ADVANCED_FACE('',(#863),#882,.T.);
#863 = FACE_BOUND('',#864,.T.);
#864 = EDGE_LOOP('',(#865,#866,#875,#881));
#865 = ORIENTED_EDGE('',*,*,#827,.T.);
#866 = ORIENTED_EDGE('',*,*,#867,.T.);
#867 = EDGE_CURVE('',#813,#868,#870,.T.);
#868 = VERTEX_POINT('',#869);
#869 = CARTESIAN_POINT('',(0.5,-0.23,0.5));
#870 = CIRCLE('',#871,2.E-02);
#871 = AXIS2_PLACEMENT_3D('',#872,#873,#874);
#872 = CARTESIAN_POINT('',(0.5,-0.23,0.48));
#873 = DIRECTION('',(-1.,0.,0.));
#874 = DIRECTION('',(0.,0.,1.));
#875 = ORIENTED_EDGE('',*,*,#876,.F.);
#876 = EDGE_CURVE('',#778,#868,#877,.T.);
#877 = LINE('',#878,#879);
#878 = CARTESIAN_POINT('',(0.3,-0.23,0.5));
#879 = VECTOR('',#880,1.);
#880 = DIRECTION('',(1.,0.,0.));
#881 = ORIENTED_EDGE('',*,*,#785,.F.);
#882 = CYLINDRICAL_SURFACE('',#883,2.E-02);
#883 = AXIS2_PLACEMENT_3D('',#884,#885,#886);
#884 = CARTESIAN_POINT('',(0.3,-0.23,0.48));
#885 = DIRECTION('',(1.,0.,0.));
#886 = DIRECTION('',(0.,-1.,0.));
#887 = ADVANCED_FACE('',(#888),#906,.F.);
#888 = FACE_BOUND('',#889,.F.);
#889 = EDGE_LOOP('',(#890,#891,#892,#900));
#890 = ORIENTED_EDGE('',*,*,#743,.F.);
#891 = ORIENTED_EDGE('',*,*,#842,.T.);
#892 = ORIENTED_EDGE('',*,*,#893,.T.);
#893 = EDGE_CURVE('',#843,#894,#896,.T.);
#894 = VERTEX_POINT('',#895);
#895 = CARTESIAN_POINT('',(0.5,0.23,0.));
#896 = LINE('',#897,#898);
#897 = CARTESIAN_POINT('',(0.5,-0.25,0.));
#898 = VECTOR('',#899,1.);
#899 = DIRECTION('',(0.,1.,0.));
#900 = ORIENTED_EDGE('',*,*,#901,.F.);
#901 = EDGE_CURVE('',#744,#894,#902,.T.);
#902 = LINE('',#903,#904);
#903 = CARTESIAN_POINT('',(0.3,0.23,0.));
#904 = VECTOR('',#905,1.);
#905 = DIRECTION('',(1.,0.,0.));
#906 = PLANE('',#907);
#907 = AXIS2_PLACEMENT_3D('',#908,#909,#910);
#908 = CARTESIAN_POINT('',(0.3,-0.25,0.));
#909 = DIRECTION('',(0.,0.,1.));
#910 = DIRECTION('',(1.,0.,-0.));
#911 = ADVANCED_FACE('',(#912),#930,.T.);
#912 = FACE_BOUND('',#913,.T.);
#913 = EDGE_LOOP('',(#914,#915,#916,#924));
#914 = ORIENTED_EDGE('',*,*,#777,.F.);
#915 = ORIENTED_EDGE('',*,*,#876,.T.);
#916 = ORIENTED_EDGE('',*,*,#917,.T.);
#917 = EDGE_CURVE('',#868,#918,#920,.T.);
#918 = VERTEX_POINT('',#919);
#919 = CARTESIAN_POINT('',(0.5,0.23,0.5));
#920 = LINE('',#921,#922);
#921 = CARTESIAN_POINT('',(0.5,-0.25,0.5));
#922 = VECTOR('',#923,1.);
#923 = DIRECTION('',(0.,1.,0.));
#924 = ORIENTED_EDGE('',*,*,#925,.F.);
#925 = EDGE_CURVE('',#769,#918,#926,.T.);
#926 = LINE('',#927,#928);
#927 = CARTESIAN_POINT('',(0.3,0.23,0.5));
#928 = VECTOR('',#929,1.);
#929 = DIRECTION('',(1.,0.,0.));
#930 = PLANE('',#931);
#931 = AXIS2_PLACEMENT_3D('',#932,#933,#934);
#932 = CARTESIAN_POINT('',(0.3,-0.25,0.5));
#933 = DIRECTION('',(0.,0.,1.));
#934 = DIRECTION('',(1.,0.,-0.));
#935 = ADVANCED_FACE('',(#936),#955,.T.);
#936 = FACE_BOUND('',#937,.T.);
#937 = EDGE_LOOP('',(#938,#946,#953,#954));
#938 = ORIENTED_EDGE('',*,*,#939,.T.);
#939 = EDGE_CURVE('',#752,#940,#942,.T.);
#940 = VERTEX_POINT('',#941);
#941 = CARTESIAN_POINT('',(0.5,0.25,2.E-02));
#942 = LINE('',#943,#944);
#943 = CARTESIAN_POINT('',(0.3,0.25,2.E-02));
#944 = VECTOR('',#945,1.);
#945 = DIRECTION('',(1.,0.,0.));
#946 = ORIENTED_EDGE('',*,*,#947,.T.);
#947 = EDGE_CURVE('',#940,#894,#948,.T.);
#948 = CIRCLE('',#949,2.E-02);
#949 = AXIS2_PLACEMENT_3D('',#950,#951,#952);
#950 = CARTESIAN_POINT('',(0.5,0.23,2.E-02));
#951 = DIRECTION('',(-1.,0.,0.));
#952 = DIRECTION('',(0.,0.,1.));
#953 = ORIENTED_EDGE('',*,*,#901,.F.);
#954 = ORIENTED_EDGE('',*,*,#751,.F.);
#955 = CYLINDRICAL_SURFACE('',#956,2.E-02);
#956 = AXIS2_PLACEMENT_3D('',#957,#958,#959);
#957 = CARTESIAN_POINT('',(0.3,0.23,2.E-02));
#958 = DIRECTION('',(1.,0.,0.));
#959 = DIRECTION('',(-0.,1.,0.));
#960 = ADVANCED_FACE('',(#961),#980,.T.);
#961 = FACE_BOUND('',#962,.T.);
#962 = EDGE_LOOP('',(#963,#964,#965,#974));
#963 = ORIENTED_EDGE('',*,*,#768,.T.);
#964 = ORIENTED_EDGE('',*,*,#925,.T.);
#965 = ORIENTED_EDGE('',*,*,#966,.F.);
#966 = EDGE_CURVE('',#967,#918,#969,.T.);
#967 = VERTEX_POINT('',#968);
#968 = CARTESIAN_POINT('',(0.5,0.25,0.48));
#969 = CIRCLE('',#970,2.E-02);
#970 = AXIS2_PLACEMENT_3D('',#971,#972,#973);
#971 = CARTESIAN_POINT('',(0.5,0.23,0.48));
#972 = DIRECTION('',(1.,0.,-0.));
#973 = DIRECTION('',(0.,0.,1.));
#974 = ORIENTED_EDGE('',*,*,#975,.F.);
#975 = EDGE_CURVE('',#761,#967,#976,.T.);
#976 = LINE('',#977,#978);
#977 = CARTESIAN_POINT('',(0.3,0.25,0.48));
#978 = VECTOR('',#979,1.);
#979 = DIRECTION('',(1.,0.,0.));
#980 = CYLINDRICAL_SURFACE('',#981,2.E-02);
#981 = AXIS2_PLACEMENT_3D('',#982,#983,#984);
#982 = CARTESIAN_POINT('',(0.3,0.23,0.48));
#983 = DIRECTION('',(1.,0.,0.));
#984 = DIRECTION('',(-0.,1.,0.));
#985 = ADVANCED_FACE('',(#986),#997,.T.);
#986 = FACE_BOUND('',#987,.T.);
#987 = EDGE_LOOP('',(#988,#994,#995,#996));
#988 = ORIENTED_EDGE('',*,*,#989,.F.);
#989 = EDGE_CURVE('',#940,#967,#990,.T.);
#990 = LINE('',#991,#992);
#991 = CARTESIAN_POINT('',(0.5,0.25,0.));
#992 = VECTOR('',#993,1.);
#993 = DIRECTION('',(0.,0.,1.));
#994 = ORIENTED_EDGE('',*,*,#939,.F.);
#995 = ORIENTED_EDGE('',*,*,#760,.T.);
#996 = ORIENTED_EDGE('',*,*,#975,.T.);
#997 = PLANE('',#998);
#998 = AXIS2_PLACEMENT_3D('',#999,#1000,#1001);
#999 = CARTESIAN_POINT('',(0.3,0.25,0.));
#1000 = DIRECTION('',(0.,1.,0.));
#1001 = DIRECTION('',(0.,-0.,1.));
#1002 = ADVANCED_FACE('',(#1003),#1013,.T.);
#1003 = FACE_BOUND('',#1004,.T.);
#1004 = EDGE_LOOP('',(#1005,#1006,#1007,#1008,#1009,#1010,#1011,#1012));
#1005 = ORIENTED_EDGE('',*,*,#810,.F.);
#1006 = ORIENTED_EDGE('',*,*,#850,.T.);
#1007 = ORIENTED_EDGE('',*,*,#893,.T.);
#1008 = ORIENTED_EDGE('',*,*,#947,.F.);
#1009 = ORIENTED_EDGE('',*,*,#989,.T.);
#1010 = ORIENTED_EDGE('',*,*,#966,.T.);
#1011 = ORIENTED_EDGE('',*,*,#917,.F.);
#1012 = ORIENTED_EDGE('',*,*,#867,.F.);
#1013 = PLANE('',#1014);
#1014 = AXIS2_PLACEMENT_3D('',#1015,#1016,#1017);
#1015 = CARTESIAN_POINT('',(0.5,-0.25,0.));
#1016 = DIRECTION('',(1.,0.,0.));
#1017 = DIRECTION('',(0.,0.,1.));
#1018 = ( GEOMETRIC_REPRESENTATION_CONTEXT(3) 
GLOBAL_UNCERTAINTY_ASSIGNED_CONTEXT((#1022)) 
GLOBAL_UNIT_ASSIGNED_CONTEXT((#1019,#1020,#1021)) REPRESENTATION_CONTEXT
('Context #1','3D Context with UNIT and UNCERTAINTY') );
#1019 = ( LENGTH_UNIT() NAMED_UNIT(*) SI_UNIT(.MILLI.,.METRE.) );
#1020 = ( NAMED_UNIT(*) PLANE_ANGLE_UNIT() SI_UNIT($,.RADIAN.) );
#1021 = ( NAMED_UNIT(*) SI_UNIT($,.STERADIAN.) SOLID_ANGLE_UNIT() );
#1022 = UNCERTAINTY_MEASURE_WITH_UNIT(LENGTH_MEASURE(1.E-07),#1019,
  'distance_accuracy_value','confusion accuracy');
#1023 = CONTEXT_DEPENDENT_SHAPE_REPRESENTATION(#1024,#1026);
#1024 = ( REPRESENTATION_RELATIONSHIP('','',#163,#140) 
REPRESENTATION_RELATIONSHIP_WITH_TRANSFORMATION(#1025) 
SHAPE_REPRESENTATION_RELATIONSHIP() );
#1025 = ITEM_DEFINED_TRANSFORMATION('','',#11,#141);
#1026 = PRODUCT_DEFINITION_SHAPE('Placement','Placement of an item',
  #1027);
#1027 = NEXT_ASSEMBLY_USAGE_OCCURRENCE('1','=>[0:1:1:3]','',#135,#158,$
  );
#1028 = PRODUCT_RELATED_PRODUCT_CATEGORY('part',$,(#160));
#1029 = CONTEXT_DEPENDENT_SHAPE_REPRESENTATION(#1030,#1032);
#1030 = ( REPRESENTATION_RELATIONSHIP('','',#140,#10) 
REPRESENTATION_RELATIONSHIP_WITH_TRANSFORMATION(#1031) 
SHAPE_REPRESENTATION_RELATIONSHIP() );
#1031 = ITEM_DEFINED_TRANSFORMATION('','',#11,#19);
#1032 = PRODUCT_DEFINITION_SHAPE('Placement','Placement of an item',
  #1033);
#1033 = NEXT_ASSEMBLY_USAGE_OCCURRENCE('3','C32','',#5,#135,$);
#1034 = SHAPE_DEFINITION_REPRESENTATION(#1035,#1041);
#1035 = PRODUCT_DEFINITION_SHAPE('','',#1036);
#1036 = PRODUCT_DEFINITION('design','',#1037,#1040);
#1037 = PRODUCT_DEFINITION_FORMATION('','',#1038);
#1038 = PRODUCT('R_0402_1005Metric','R_0402_1005Metric','',(#1039));
#1039 = PRODUCT_CONTEXT('',#2,'mechanical');
#1040 = PRODUCT_DEFINITION_CONTEXT('part definition',#2,'design');
#1041 = SHAPE_REPRESENTATION('',(#11,#1042),#1046);
#1042 = AXIS2_PLACEMENT_3D('',#1043,#1044,#1045);
#1043 = CARTESIAN_POINT('',(0.,0.,0.));
#1044 = DIRECTION('',(0.,0.,1.));
#1045 = DIRECTION('',(1.,0.,-0.));
#1046 = ( GEOMETRIC_REPRESENTATION_CONTEXT(3) 
GLOBAL_UNCERTAINTY_ASSIGNED_CONTEXT((#1050)) 
GLOBAL_UNIT_ASSIGNED_CONTEXT((#1047,#1048,#1049)) REPRESENTATION_CONTEXT
('Context #1','3D Context with UNIT and UNCERTAINTY') );
#1047 = ( LENGTH_UNIT() NAMED_UNIT(*) SI_UNIT(.MILLI.,.METRE.) );
#1048 = ( NAMED_UNIT(*) PLANE_ANGLE_UNIT() SI_UNIT($,.RADIAN.) );
#1049 = ( NAMED_UNIT(*) SI_UNIT($,.STERADIAN.) SOLID_ANGLE_UNIT() );
#1050 = UNCERTAINTY_MEASURE_WITH_UNIT(LENGTH_MEASURE(1.E-07),#1047,
  'distance_accuracy_value','confusion accuracy');
#1051 = CONTEXT_DEPENDENT_SHAPE_REPRESENTATION(#1052,#1054);
#1052 = ( REPRESENTATION_RELATIONSHIP('','',#1041,#10) 
REPRESENTATION_RELATIONSHIP_WITH_TRANSFORMATION(#1053) 
SHAPE_REPRESENTATION_RELATIONSHIP() );
#1053 = ITEM_DEFINED_TRANSFORMATION('','',#11,#23);
#1054 = PRODUCT_DEFINITION_SHAPE('Placement','Placement of an item',
  #1055);
#1055 = NEXT_ASSEMBLY_USAGE_OCCURRENCE('5','R20','',#5,#1036,$);
#1056 = PRODUCT_RELATED_PRODUCT_CATEGORY('part',$,(#1038));
#1057 = SHAPE_DEFINITION_REPRESENTATION(#1058,#1064);
#1058 = PRODUCT_DEFINITION_SHAPE('','',#1059);
#1059 = PRODUCT_DEFINITION('design','',#1060,#1063);
#1060 = PRODUCT_DEFINITION_FORMATION('','',#1061);
#1061 = PRODUCT('R_0402_1005Metric','R_0402_1005Metric','',(#1062));
#1062 = PRODUCT_CONTEXT('',#2,'mechanical');
#1063 = PRODUCT_DEFINITION_CONTEXT('part definition',#2,'design');
#1064 = ADVANCED_BREP_SHAPE_REPRESENTATION('',(#11,#1065),#1855);
#1065 = MANIFOLD_SOLID_BREP('',#1066);
#1066 = CLOSED_SHELL('',(#1067,#1107,#1190,#1215,#1240,#1307,#1324,#1341
    ,#1390,#1407,#1424,#1473,#1490,#1559,#1590,#1614,#1683,#1707,#1724,
    #1741,#1758,#1775,#1792,#1809,#1826,#1843));
#1067 = ADVANCED_FACE('',(#1068),#1102,.F.);
#1068 = FACE_BOUND('',#1069,.F.);
#1069 = EDGE_LOOP('',(#1070,#1080,#1088,#1096));
#1070 = ORIENTED_EDGE('',*,*,#1071,.F.);
#1071 = EDGE_CURVE('',#1072,#1074,#1076,.T.);
#1072 = VERTEX_POINT('',#1073);
#1073 = CARTESIAN_POINT('',(-0.5,-0.25,3.5E-02));
#1074 = VERTEX_POINT('',#1075);
#1075 = CARTESIAN_POINT('',(-0.5,-0.25,0.315));
#1076 = LINE('',#1077,#1078);
#1077 = CARTESIAN_POINT('',(-0.5,-0.25,0.));
#1078 = VECTOR('',#1079,1.);
#1079 = DIRECTION('',(0.,0.,1.));
#1080 = ORIENTED_EDGE('',*,*,#1081,.T.);
#1081 = EDGE_CURVE('',#1072,#1082,#1084,.T.);
#1082 = VERTEX_POINT('',#1083);
#1083 = CARTESIAN_POINT('',(-0.5,0.25,3.5E-02));
#1084 = LINE('',#1085,#1086);
#1085 = CARTESIAN_POINT('',(-0.5,-0.25,3.5E-02));
#1086 = VECTOR('',#1087,1.);
#1087 = DIRECTION('',(0.,1.,0.));
#1088 = ORIENTED_EDGE('',*,*,#1089,.T.);
#1089 = EDGE_CURVE('',#1082,#1090,#1092,.T.);
#1090 = VERTEX_POINT('',#1091);
#1091 = CARTESIAN_POINT('',(-0.5,0.25,0.315));
#1092 = LINE('',#1093,#1094);
#1093 = CARTESIAN_POINT('',(-0.5,0.25,0.));
#1094 = VECTOR('',#1095,1.);
#1095 = DIRECTION('',(0.,0.,1.));
#1096 = ORIENTED_EDGE('',*,*,#1097,.F.);
#1097 = EDGE_CURVE('',#1074,#1090,#1098,.T.);
#1098 = LINE('',#1099,#1100);
#1099 = CARTESIAN_POINT('',(-0.5,-0.25,0.315));
#1100 = VECTOR('',#1101,1.);
#1101 = DIRECTION('',(0.,1.,0.));
#1102 = PLANE('',#1103);
#1103 = AXIS2_PLACEMENT_3D('',#1104,#1105,#1106);
#1104 = CARTESIAN_POINT('',(-0.5,-0.25,0.));
#1105 = DIRECTION('',(1.,0.,0.));
#1106 = DIRECTION('',(0.,0.,1.));
#1107 = ADVANCED_FACE('',(#1108),#1185,.F.);
#1108 = FACE_BOUND('',#1109,.F.);
#1109 = EDGE_LOOP('',(#1110,#1120,#1127,#1128,#1137,#1145,#1154,#1162,
    #1170,#1178));
#1110 = ORIENTED_EDGE('',*,*,#1111,.F.);
#1111 = EDGE_CURVE('',#1112,#1114,#1116,.T.);
#1112 = VERTEX_POINT('',#1113);
#1113 = CARTESIAN_POINT('',(-0.465,-0.25,-2.775557561563E-17));
#1114 = VERTEX_POINT('',#1115);
#1115 = CARTESIAN_POINT('',(-0.335,-0.25,-2.775557561563E-17));
#1116 = LINE('',#1117,#1118);
#1117 = CARTESIAN_POINT('',(-0.5,-0.25,0.));
#1118 = VECTOR('',#1119,1.);
#1119 = DIRECTION('',(1.,0.,0.));
#1120 = ORIENTED_EDGE('',*,*,#1121,.F.);
#1121 = EDGE_CURVE('',#1072,#1112,#1122,.T.);
#1122 = CIRCLE('',#1123,3.5E-02);
#1123 = AXIS2_PLACEMENT_3D('',#1124,#1125,#1126);
#1124 = CARTESIAN_POINT('',(-0.465,-0.25,3.5E-02));
#1125 = DIRECTION('',(0.,-1.,0.));
#1126 = DIRECTION('',(0.,0.,1.));
#1127 = ORIENTED_EDGE('',*,*,#1071,.T.);
#1128 = ORIENTED_EDGE('',*,*,#1129,.T.);
#1129 = EDGE_CURVE('',#1074,#1130,#1132,.T.);
#1130 = VERTEX_POINT('',#1131);
#1131 = CARTESIAN_POINT('',(-0.465,-0.25,0.35));
#1132 = CIRCLE('',#1133,3.5E-02);
#1133 = AXIS2_PLACEMENT_3D('',#1134,#1135,#1136);
#1134 = CARTESIAN_POINT('',(-0.465,-0.25,0.315));
#1135 = DIRECTION('',(0.,1.,0.));
#1136 = DIRECTION('',(0.,-0.,1.));
#1137 = ORIENTED_EDGE('',*,*,#1138,.T.);
#1138 = EDGE_CURVE('',#1130,#1139,#1141,.T.);
#1139 = VERTEX_POINT('',#1140);
#1140 = CARTESIAN_POINT('',(-0.335,-0.25,0.35));
#1141 = LINE('',#1142,#1143);
#1142 = CARTESIAN_POINT('',(-0.5,-0.25,0.35));
#1143 = VECTOR('',#1144,1.);
#1144 = DIRECTION('',(1.,0.,0.));
#1145 = ORIENTED_EDGE('',*,*,#1146,.F.);
#1146 = EDGE_CURVE('',#1147,#1139,#1149,.T.);
#1147 = VERTEX_POINT('',#1148);
#1148 = CARTESIAN_POINT('',(-0.3,-0.25,0.315));
#1149 = CIRCLE('',#1150,3.5E-02);
#1150 = AXIS2_PLACEMENT_3D('',#1151,#1152,#1153);
#1151 = CARTESIAN_POINT('',(-0.335,-0.25,0.315));
#1152 = DIRECTION('',(0.,-1.,0.));
#1153 = DIRECTION('',(0.,0.,1.));
#1154 = ORIENTED_EDGE('',*,*,#1155,.F.);
#1155 = EDGE_CURVE('',#1156,#1147,#1158,.T.);
#1156 = VERTEX_POINT('',#1157);
#1157 = CARTESIAN_POINT('',(-0.465,-0.25,0.315));
#1158 = LINE('',#1159,#1160);
#1159 = CARTESIAN_POINT('',(-0.465,-0.25,0.315));
#1160 = VECTOR('',#1161,1.);
#1161 = DIRECTION('',(1.,0.,0.));
#1162 = ORIENTED_EDGE('',*,*,#1163,.F.);
#1163 = EDGE_CURVE('',#1164,#1156,#1166,.T.);
#1164 = VERTEX_POINT('',#1165);
#1165 = CARTESIAN_POINT('',(-0.465,-0.25,3.5E-02));
#1166 = LINE('',#1167,#1168);
#1167 = CARTESIAN_POINT('',(-0.465,-0.25,3.5E-02));
#1168 = VECTOR('',#1169,1.);
#1169 = DIRECTION('',(0.,0.,1.));
#1170 = ORIENTED_EDGE('',*,*,#1171,.T.);
#1171 = EDGE_CURVE('',#1164,#1172,#1174,.T.);
#1172 = VERTEX_POINT('',#1173);
#1173 = CARTESIAN_POINT('',(-0.3,-0.25,3.5E-02));
#1174 = LINE('',#1175,#1176);
#1175 = CARTESIAN_POINT('',(-0.465,-0.25,3.5E-02));
#1176 = VECTOR('',#1177,1.);
#1177 = DIRECTION('',(1.,0.,0.));
#1178 = ORIENTED_EDGE('',*,*,#1179,.T.);
#1179 = EDGE_CURVE('',#1172,#1114,#1180,.T.);
#1180 = CIRCLE('',#1181,3.5E-02);
#1181 = AXIS2_PLACEMENT_3D('',#1182,#1183,#1184);
#1182 = CARTESIAN_POINT('',(-0.335,-0.25,3.5E-02));
#1183 = DIRECTION('',(0.,1.,0.));
#1184 = DIRECTION('',(0.,-0.,1.));
#1185 = PLANE('',#1186);
#1186 = AXIS2_PLACEMENT_3D('',#1187,#1188,#1189);
#1187 = CARTESIAN_POINT('',(-0.5,-0.25,0.));
#1188 = DIRECTION('',(0.,1.,0.));
#1189 = DIRECTION('',(0.,-0.,1.));
#1190 = ADVANCED_FACE('',(#1191),#1210,.T.);
#1191 = FACE_BOUND('',#1192,.T.);
#1192 = EDGE_LOOP('',(#1193,#1194,#1203,#1209));
#1193 = ORIENTED_EDGE('',*,*,#1081,.T.);
#1194 = ORIENTED_EDGE('',*,*,#1195,.T.);
#1195 = EDGE_CURVE('',#1082,#1196,#1198,.T.);
#1196 = VERTEX_POINT('',#1197);
#1197 = CARTESIAN_POINT('',(-0.465,0.25,-2.775557561563E-17));
#1198 = CIRCLE('',#1199,3.5E-02);
#1199 = AXIS2_PLACEMENT_3D('',#1200,#1201,#1202);
#1200 = CARTESIAN_POINT('',(-0.465,0.25,3.5E-02));
#1201 = DIRECTION('',(0.,-1.,0.));
#1202 = DIRECTION('',(0.,0.,1.));
#1203 = ORIENTED_EDGE('',*,*,#1204,.F.);
#1204 = EDGE_CURVE('',#1112,#1196,#1205,.T.);
#1205 = LINE('',#1206,#1207);
#1206 = CARTESIAN_POINT('',(-0.465,-0.25,-2.775557561563E-17));
#1207 = VECTOR('',#1208,1.);
#1208 = DIRECTION('',(0.,1.,0.));
#1209 = ORIENTED_EDGE('',*,*,#1121,.F.);
#1210 = CYLINDRICAL_SURFACE('',#1211,3.5E-02);
#1211 = AXIS2_PLACEMENT_3D('',#1212,#1213,#1214);
#1212 = CARTESIAN_POINT('',(-0.465,-0.25,3.5E-02));
#1213 = DIRECTION('',(0.,1.,0.));
#1214 = DIRECTION('',(-1.,0.,0.));
#1215 = ADVANCED_FACE('',(#1216),#1235,.T.);
#1216 = FACE_BOUND('',#1217,.T.);
#1217 = EDGE_LOOP('',(#1218,#1219,#1227,#1234));
#1218 = ORIENTED_EDGE('',*,*,#1129,.T.);
#1219 = ORIENTED_EDGE('',*,*,#1220,.T.);
#1220 = EDGE_CURVE('',#1130,#1221,#1223,.T.);
#1221 = VERTEX_POINT('',#1222);
#1222 = CARTESIAN_POINT('',(-0.465,0.25,0.35));
#1223 = LINE('',#1224,#1225);
#1224 = CARTESIAN_POINT('',(-0.465,-0.25,0.35));
#1225 = VECTOR('',#1226,1.);
#1226 = DIRECTION('',(0.,1.,0.));
#1227 = ORIENTED_EDGE('',*,*,#1228,.F.);
#1228 = EDGE_CURVE('',#1090,#1221,#1229,.T.);
#1229 = CIRCLE('',#1230,3.5E-02);
#1230 = AXIS2_PLACEMENT_3D('',#1231,#1232,#1233);
#1231 = CARTESIAN_POINT('',(-0.465,0.25,0.315));
#1232 = DIRECTION('',(0.,1.,0.));
#1233 = DIRECTION('',(0.,-0.,1.));
#1234 = ORIENTED_EDGE('',*,*,#1097,.F.);
#1235 = CYLINDRICAL_SURFACE('',#1236,3.5E-02);
#1236 = AXIS2_PLACEMENT_3D('',#1237,#1238,#1239);
#1237 = CARTESIAN_POINT('',(-0.465,-0.25,0.315));
#1238 = DIRECTION('',(0.,1.,0.));
#1239 = DIRECTION('',(-1.,0.,0.));
#1240 = ADVANCED_FACE('',(#1241),#1302,.T.);
#1241 = FACE_BOUND('',#1242,.T.);
#1242 = EDGE_LOOP('',(#1243,#1251,#1252,#1253,#1254,#1262,#1271,#1279,
    #1287,#1295));
#1243 = ORIENTED_EDGE('',*,*,#1244,.F.);
#1244 = EDGE_CURVE('',#1196,#1245,#1247,.T.);
#1245 = VERTEX_POINT('',#1246);
#1246 = CARTESIAN_POINT('',(-0.335,0.25,-2.775557561563E-17));
#1247 = LINE('',#1248,#1249);
#1248 = CARTESIAN_POINT('',(-0.5,0.25,0.));
#1249 = VECTOR('',#1250,1.);
#1250 = DIRECTION('',(1.,0.,0.));
#1251 = ORIENTED_EDGE('',*,*,#1195,.F.);
#1252 = ORIENTED_EDGE('',*,*,#1089,.T.);
#1253 = ORIENTED_EDGE('',*,*,#1228,.T.);
#1254 = ORIENTED_EDGE('',*,*,#1255,.T.);
#1255 = EDGE_CURVE('',#1221,#1256,#1258,.T.);
#1256 = VERTEX_POINT('',#1257);
#1257 = CARTESIAN_POINT('',(-0.335,0.25,0.35));
#1258 = LINE('',#1259,#1260);
#1259 = CARTESIAN_POINT('',(-0.5,0.25,0.35));
#1260 = VECTOR('',#1261,1.);
#1261 = DIRECTION('',(1.,0.,0.));
#1262 = ORIENTED_EDGE('',*,*,#1263,.F.);
#1263 = EDGE_CURVE('',#1264,#1256,#1266,.T.);
#1264 = VERTEX_POINT('',#1265);
#1265 = CARTESIAN_POINT('',(-0.3,0.25,0.315));
#1266 = CIRCLE('',#1267,3.5E-02);
#1267 = AXIS2_PLACEMENT_3D('',#1268,#1269,#1270);
#1268 = CARTESIAN_POINT('',(-0.335,0.25,0.315));
#1269 = DIRECTION('',(0.,-1.,0.));
#1270 = DIRECTION('',(0.,0.,1.));
#1271 = ORIENTED_EDGE('',*,*,#1272,.F.);
#1272 = EDGE_CURVE('',#1273,#1264,#1275,.T.);
#1273 = VERTEX_POINT('',#1274);
#1274 = CARTESIAN_POINT('',(-0.465,0.25,0.315));
#1275 = LINE('',#1276,#1277);
#1276 = CARTESIAN_POINT('',(-0.465,0.25,0.315));
#1277 = VECTOR('',#1278,1.);
#1278 = DIRECTION('',(1.,0.,0.));
#1279 = ORIENTED_EDGE('',*,*,#1280,.F.);
#1280 = EDGE_CURVE('',#1281,#1273,#1283,.T.);
#1281 = VERTEX_POINT('',#1282);
#1282 = CARTESIAN_POINT('',(-0.465,0.25,3.5E-02));
#1283 = LINE('',#1284,#1285);
#1284 = CARTESIAN_POINT('',(-0.465,0.25,3.5E-02));
#1285 = VECTOR('',#1286,1.);
#1286 = DIRECTION('',(0.,0.,1.));
#1287 = ORIENTED_EDGE('',*,*,#1288,.T.);
#1288 = EDGE_CURVE('',#1281,#1289,#1291,.T.);
#1289 = VERTEX_POINT('',#1290);
#1290 = CARTESIAN_POINT('',(-0.3,0.25,3.5E-02));
#1291 = LINE('',#1292,#1293);
#1292 = CARTESIAN_POINT('',(-0.465,0.25,3.5E-02));
#1293 = VECTOR('',#1294,1.);
#1294 = DIRECTION('',(1.,0.,0.));
#1295 = ORIENTED_EDGE('',*,*,#1296,.T.);
#1296 = EDGE_CURVE('',#1289,#1245,#1297,.T.);
#1297 = CIRCLE('',#1298,3.5E-02);
#1298 = AXIS2_PLACEMENT_3D('',#1299,#1300,#1301);
#1299 = CARTESIAN_POINT('',(-0.335,0.25,3.5E-02));
#1300 = DIRECTION('',(0.,1.,0.));
#1301 = DIRECTION('',(0.,-0.,1.));
#1302 = PLANE('',#1303);
#1303 = AXIS2_PLACEMENT_3D('',#1304,#1305,#1306);
#1304 = CARTESIAN_POINT('',(-0.5,0.25,0.));
#1305 = DIRECTION('',(0.,1.,0.));
#1306 = DIRECTION('',(0.,-0.,1.));
#1307 = ADVANCED_FACE('',(#1308),#1319,.F.);
#1308 = FACE_BOUND('',#1309,.F.);
#1309 = EDGE_LOOP('',(#1310,#1311,#1312,#1313));
#1310 = ORIENTED_EDGE('',*,*,#1244,.F.);
#1311 = ORIENTED_EDGE('',*,*,#1204,.F.);
#1312 = ORIENTED_EDGE('',*,*,#1111,.T.);
#1313 = ORIENTED_EDGE('',*,*,#1314,.T.);
#1314 = EDGE_CURVE('',#1114,#1245,#1315,.T.);
#1315 = LINE('',#1316,#1317);
#1316 = CARTESIAN_POINT('',(-0.335,-0.25,-2.775557561563E-17));
#1317 = VECTOR('',#1318,1.);
#1318 = DIRECTION('',(0.,1.,0.));
#1319 = PLANE('',#1320);
#1320 = AXIS2_PLACEMENT_3D('',#1321,#1322,#1323);
#1321 = CARTESIAN_POINT('',(-0.5,-0.25,0.));
#1322 = DIRECTION('',(0.,0.,1.));
#1323 = DIRECTION('',(1.,0.,-0.));
#1324 = ADVANCED_FACE('',(#1325),#1336,.T.);
#1325 = FACE_BOUND('',#1326,.T.);
#1326 = EDGE_LOOP('',(#1327,#1328,#1329,#1330));
#1327 = ORIENTED_EDGE('',*,*,#1179,.T.);
#1328 = ORIENTED_EDGE('',*,*,#1314,.T.);
#1329 = ORIENTED_EDGE('',*,*,#1296,.F.);
#1330 = ORIENTED_EDGE('',*,*,#1331,.F.);
#1331 = EDGE_CURVE('',#1172,#1289,#1332,.T.);
#1332 = LINE('',#1333,#1334);
#1333 = CARTESIAN_POINT('',(-0.3,-0.25,3.5E-02));
#1334 = VECTOR('',#1335,1.);
#1335 = DIRECTION('',(0.,1.,0.));
#1336 = CYLINDRICAL_SURFACE('',#1337,3.5E-02);
#1337 = AXIS2_PLACEMENT_3D('',#1338,#1339,#1340);
#1338 = CARTESIAN_POINT('',(-0.335,-0.25,3.5E-02));
#1339 = DIRECTION('',(0.,1.,0.));
#1340 = DIRECTION('',(1.,0.,0.));
#1341 = ADVANCED_FACE('',(#1342),#1385,.F.);
#1342 = FACE_BOUND('',#1343,.F.);
#1343 = EDGE_LOOP('',(#1344,#1345,#1346,#1347,#1355,#1363,#1371,#1379));
#1344 = ORIENTED_EDGE('',*,*,#1171,.F.);
#1345 = ORIENTED_EDGE('',*,*,#1163,.T.);
#1346 = ORIENTED_EDGE('',*,*,#1155,.T.);
#1347 = ORIENTED_EDGE('',*,*,#1348,.T.);
#1348 = EDGE_CURVE('',#1147,#1349,#1351,.T.);
#1349 = VERTEX_POINT('',#1350);
#1350 = CARTESIAN_POINT('',(0.3,-0.25,0.315));
#1351 = LINE('',#1352,#1353);
#1352 = CARTESIAN_POINT('',(-0.3,-0.25,0.315));
#1353 = VECTOR('',#1354,1.);
#1354 = DIRECTION('',(1.,0.,0.));
#1355 = ORIENTED_EDGE('',*,*,#1356,.T.);
#1356 = EDGE_CURVE('',#1349,#1357,#1359,.T.);
#1357 = VERTEX_POINT('',#1358);
#1358 = CARTESIAN_POINT('',(0.465,-0.25,0.315));
#1359 = LINE('',#1360,#1361);
#1360 = CARTESIAN_POINT('',(-0.465,-0.25,0.315));
#1361 = VECTOR('',#1362,1.);
#1362 = DIRECTION('',(1.,0.,0.));
#1363 = ORIENTED_EDGE('',*,*,#1364,.F.);
#1364 = EDGE_CURVE('',#1365,#1357,#1367,.T.);
#1365 = VERTEX_POINT('',#1366);
#1366 = CARTESIAN_POINT('',(0.465,-0.25,3.5E-02));
#1367 = LINE('',#1368,#1369);
#1368 = CARTESIAN_POINT('',(0.465,-0.25,3.5E-02));
#1369 = VECTOR('',#1370,1.);
#1370 = DIRECTION('',(0.,0.,1.));
#1371 = ORIENTED_EDGE('',*,*,#1372,.F.);
#1372 = EDGE_CURVE('',#1373,#1365,#1375,.T.);
#1373 = VERTEX_POINT('',#1374);
#1374 = CARTESIAN_POINT('',(0.3,-0.25,3.5E-02));
#1375 = LINE('',#1376,#1377);
#1376 = CARTESIAN_POINT('',(-0.465,-0.25,3.5E-02));
#1377 = VECTOR('',#1378,1.);
#1378 = DIRECTION('',(1.,0.,0.));
#1379 = ORIENTED_EDGE('',*,*,#1380,.F.);
#1380 = EDGE_CURVE('',#1172,#1373,#1381,.T.);
#1381 = LINE('',#1382,#1383);
#1382 = CARTESIAN_POINT('',(-0.465,-0.25,3.5E-02));
#1383 = VECTOR('',#1384,1.);
#1384 = DIRECTION('',(1.,0.,0.));
#1385 = PLANE('',#1386);
#1386 = AXIS2_PLACEMENT_3D('',#1387,#1388,#1389);
#1387 = CARTESIAN_POINT('',(-0.465,-0.25,3.5E-02));
#1388 = DIRECTION('',(0.,1.,0.));
#1389 = DIRECTION('',(0.,-0.,1.));
#1390 = ADVANCED_FACE('',(#1391),#1402,.T.);
#1391 = FACE_BOUND('',#1392,.T.);
#1392 = EDGE_LOOP('',(#1393,#1394,#1395,#1396));
#1393 = ORIENTED_EDGE('',*,*,#1255,.F.);
#1394 = ORIENTED_EDGE('',*,*,#1220,.F.);
#1395 = ORIENTED_EDGE('',*,*,#1138,.T.);
#1396 = ORIENTED_EDGE('',*,*,#1397,.T.);
#1397 = EDGE_CURVE('',#1139,#1256,#1398,.T.);
#1398 = LINE('',#1399,#1400);
#1399 = CARTESIAN_POINT('',(-0.335,-0.25,0.35));
#1400 = VECTOR('',#1401,1.);
#1401 = DIRECTION('',(0.,1.,0.));
#1402 = PLANE('',#1403);
#1403 = AXIS2_PLACEMENT_3D('',#1404,#1405,#1406);
#1404 = CARTESIAN_POINT('',(-0.5,-0.25,0.35));
#1405 = DIRECTION('',(0.,0.,1.));
#1406 = DIRECTION('',(1.,0.,-0.));
#1407 = ADVANCED_FACE('',(#1408),#1419,.T.);
#1408 = FACE_BOUND('',#1409,.T.);
#1409 = EDGE_LOOP('',(#1410,#1416,#1417,#1418));
#1410 = ORIENTED_EDGE('',*,*,#1411,.T.);
#1411 = EDGE_CURVE('',#1147,#1264,#1412,.T.);
#1412 = LINE('',#1413,#1414);
#1413 = CARTESIAN_POINT('',(-0.3,-0.25,0.315));
#1414 = VECTOR('',#1415,1.);
#1415 = DIRECTION('',(0.,1.,0.));
#1416 = ORIENTED_EDGE('',*,*,#1263,.T.);
#1417 = ORIENTED_EDGE('',*,*,#1397,.F.);
#1418 = ORIENTED_EDGE('',*,*,#1146,.F.);
#1419 = CYLINDRICAL_SURFACE('',#1420,3.5E-02);
#1420 = AXIS2_PLACEMENT_3D('',#1421,#1422,#1423);
#1421 = CARTESIAN_POINT('',(-0.335,-0.25,0.315));
#1422 = DIRECTION('',(0.,1.,0.));
#1423 = DIRECTION('',(1.,0.,0.));
#1424 = ADVANCED_FACE('',(#1425),#1468,.T.);
#1425 = FACE_BOUND('',#1426,.T.);
#1426 = EDGE_LOOP('',(#1427,#1428,#1429,#1430,#1438,#1446,#1454,#1462));
#1427 = ORIENTED_EDGE('',*,*,#1288,.F.);
#1428 = ORIENTED_EDGE('',*,*,#1280,.T.);
#1429 = ORIENTED_EDGE('',*,*,#1272,.T.);
#1430 = ORIENTED_EDGE('',*,*,#1431,.T.);
#1431 = EDGE_CURVE('',#1264,#1432,#1434,.T.);
#1432 = VERTEX_POINT('',#1433);
#1433 = CARTESIAN_POINT('',(0.3,0.25,0.315));
#1434 = LINE('',#1435,#1436);
#1435 = CARTESIAN_POINT('',(-0.3,0.25,0.315));
#1436 = VECTOR('',#1437,1.);
#1437 = DIRECTION('',(1.,0.,0.));
#1438 = ORIENTED_EDGE('',*,*,#1439,.T.);
#1439 = EDGE_CURVE('',#1432,#1440,#1442,.T.);
#1440 = VERTEX_POINT('',#1441);
#1441 = CARTESIAN_POINT('',(0.465,0.25,0.315));
#1442 = LINE('',#1443,#1444);
#1443 = CARTESIAN_POINT('',(-0.465,0.25,0.315));
#1444 = VECTOR('',#1445,1.);
#1445 = DIRECTION('',(1.,0.,0.));
#1446 = ORIENTED_EDGE('',*,*,#1447,.F.);
#1447 = EDGE_CURVE('',#1448,#1440,#1450,.T.);
#1448 = VERTEX_POINT('',#1449);
#1449 = CARTESIAN_POINT('',(0.465,0.25,3.5E-02));
#1450 = LINE('',#1451,#1452);
#1451 = CARTESIAN_POINT('',(0.465,0.25,3.5E-02));
#1452 = VECTOR('',#1453,1.);
#1453 = DIRECTION('',(0.,0.,1.));
#1454 = ORIENTED_EDGE('',*,*,#1455,.F.);
#1455 = EDGE_CURVE('',#1456,#1448,#1458,.T.);
#1456 = VERTEX_POINT('',#1457);
#1457 = CARTESIAN_POINT('',(0.3,0.25,3.5E-02));
#1458 = LINE('',#1459,#1460);
#1459 = CARTESIAN_POINT('',(-0.465,0.25,3.5E-02));
#1460 = VECTOR('',#1461,1.);
#1461 = DIRECTION('',(1.,0.,0.));
#1462 = ORIENTED_EDGE('',*,*,#1463,.F.);
#1463 = EDGE_CURVE('',#1289,#1456,#1464,.T.);
#1464 = LINE('',#1465,#1466);
#1465 = CARTESIAN_POINT('',(-0.465,0.25,3.5E-02));
#1466 = VECTOR('',#1467,1.);
#1467 = DIRECTION('',(1.,0.,0.));
#1468 = PLANE('',#1469);
#1469 = AXIS2_PLACEMENT_3D('',#1470,#1471,#1472);
#1470 = CARTESIAN_POINT('',(-0.465,0.25,3.5E-02));
#1471 = DIRECTION('',(0.,1.,0.));
#1472 = DIRECTION('',(0.,-0.,1.));
#1473 = ADVANCED_FACE('',(#1474),#1485,.F.);
#1474 = FACE_BOUND('',#1475,.F.);
#1475 = EDGE_LOOP('',(#1476,#1477,#1478,#1484));
#1476 = ORIENTED_EDGE('',*,*,#1331,.F.);
#1477 = ORIENTED_EDGE('',*,*,#1380,.T.);
#1478 = ORIENTED_EDGE('',*,*,#1479,.T.);
#1479 = EDGE_CURVE('',#1373,#1456,#1480,.T.);
#1480 = LINE('',#1481,#1482);
#1481 = CARTESIAN_POINT('',(0.3,-0.25,3.5E-02));
#1482 = VECTOR('',#1483,1.);
#1483 = DIRECTION('',(0.,1.,0.));
#1484 = ORIENTED_EDGE('',*,*,#1463,.F.);
#1485 = PLANE('',#1486);
#1486 = AXIS2_PLACEMENT_3D('',#1487,#1488,#1489);
#1487 = CARTESIAN_POINT('',(-0.465,-0.25,3.5E-02));
#1488 = DIRECTION('',(0.,0.,1.));
#1489 = DIRECTION('',(1.,0.,-0.));
#1490 = ADVANCED_FACE('',(#1491),#1554,.F.);
#1491 = FACE_BOUND('',#1492,.F.);
#1492 = EDGE_LOOP('',(#1493,#1503,#1510,#1511,#1512,#1513,#1522,#1530,
    #1539,#1547));
#1493 = ORIENTED_EDGE('',*,*,#1494,.F.);
#1494 = EDGE_CURVE('',#1495,#1497,#1499,.T.);
#1495 = VERTEX_POINT('',#1496);
#1496 = CARTESIAN_POINT('',(0.335,-0.25,-2.775557561563E-17));
#1497 = VERTEX_POINT('',#1498);
#1498 = CARTESIAN_POINT('',(0.465,-0.25,-2.775557561563E-17));
#1499 = LINE('',#1500,#1501);
#1500 = CARTESIAN_POINT('',(0.3,-0.25,0.));
#1501 = VECTOR('',#1502,1.);
#1502 = DIRECTION('',(1.,0.,0.));
#1503 = ORIENTED_EDGE('',*,*,#1504,.F.);
#1504 = EDGE_CURVE('',#1373,#1495,#1505,.T.);
#1505 = CIRCLE('',#1506,3.5E-02);
#1506 = AXIS2_PLACEMENT_3D('',#1507,#1508,#1509);
#1507 = CARTESIAN_POINT('',(0.335,-0.25,3.5E-02));
#1508 = DIRECTION('',(0.,-1.,0.));
#1509 = DIRECTION('',(0.,0.,1.));
#1510 = ORIENTED_EDGE('',*,*,#1372,.T.);
#1511 = ORIENTED_EDGE('',*,*,#1364,.T.);
#1512 = ORIENTED_EDGE('',*,*,#1356,.F.);
#1513 = ORIENTED_EDGE('',*,*,#1514,.T.);
#1514 = EDGE_CURVE('',#1349,#1515,#1517,.T.);
#1515 = VERTEX_POINT('',#1516);
#1516 = CARTESIAN_POINT('',(0.335,-0.25,0.35));
#1517 = CIRCLE('',#1518,3.5E-02);
#1518 = AXIS2_PLACEMENT_3D('',#1519,#1520,#1521);
#1519 = CARTESIAN_POINT('',(0.335,-0.25,0.315));
#1520 = DIRECTION('',(0.,1.,0.));
#1521 = DIRECTION('',(0.,-0.,1.));
#1522 = ORIENTED_EDGE('',*,*,#1523,.T.);
#1523 = EDGE_CURVE('',#1515,#1524,#1526,.T.);
#1524 = VERTEX_POINT('',#1525);
#1525 = CARTESIAN_POINT('',(0.465,-0.25,0.35));
#1526 = LINE('',#1527,#1528);
#1527 = CARTESIAN_POINT('',(0.3,-0.25,0.35));
#1528 = VECTOR('',#1529,1.);
#1529 = DIRECTION('',(1.,0.,0.));
#1530 = ORIENTED_EDGE('',*,*,#1531,.F.);
#1531 = EDGE_CURVE('',#1532,#1524,#1534,.T.);
#1532 = VERTEX_POINT('',#1533);
#1533 = CARTESIAN_POINT('',(0.5,-0.25,0.315));
#1534 = CIRCLE('',#1535,3.5E-02);
#1535 = AXIS2_PLACEMENT_3D('',#1536,#1537,#1538);
#1536 = CARTESIAN_POINT('',(0.465,-0.25,0.315));
#1537 = DIRECTION('',(0.,-1.,0.));
#1538 = DIRECTION('',(0.,0.,1.));
#1539 = ORIENTED_EDGE('',*,*,#1540,.F.);
#1540 = EDGE_CURVE('',#1541,#1532,#1543,.T.);
#1541 = VERTEX_POINT('',#1542);
#1542 = CARTESIAN_POINT('',(0.5,-0.25,3.5E-02));
#1543 = LINE('',#1544,#1545);
#1544 = CARTESIAN_POINT('',(0.5,-0.25,0.));
#1545 = VECTOR('',#1546,1.);
#1546 = DIRECTION('',(0.,0.,1.));
#1547 = ORIENTED_EDGE('',*,*,#1548,.T.);
#1548 = EDGE_CURVE('',#1541,#1497,#1549,.T.);
#1549 = CIRCLE('',#1550,3.5E-02);
#1550 = AXIS2_PLACEMENT_3D('',#1551,#1552,#1553);
#1551 = CARTESIAN_POINT('',(0.465,-0.25,3.5E-02));
#1552 = DIRECTION('',(0.,1.,0.));
#1553 = DIRECTION('',(0.,-0.,1.));
#1554 = PLANE('',#1555);
#1555 = AXIS2_PLACEMENT_3D('',#1556,#1557,#1558);
#1556 = CARTESIAN_POINT('',(0.3,-0.25,0.));
#1557 = DIRECTION('',(0.,1.,0.));
#1558 = DIRECTION('',(0.,-0.,1.));
#1559 = ADVANCED_FACE('',(#1560),#1585,.F.);
#1560 = FACE_BOUND('',#1561,.F.);
#1561 = EDGE_LOOP('',(#1562,#1563,#1571,#1579));
#1562 = ORIENTED_EDGE('',*,*,#1348,.F.);
#1563 = ORIENTED_EDGE('',*,*,#1564,.T.);
#1564 = EDGE_CURVE('',#1147,#1565,#1567,.T.);
#1565 = VERTEX_POINT('',#1566);
#1566 = CARTESIAN_POINT('',(-0.3,-0.25,0.35));
#1567 = LINE('',#1568,#1569);
#1568 = CARTESIAN_POINT('',(-0.3,-0.25,0.315));
#1569 = VECTOR('',#1570,1.);
#1570 = DIRECTION('',(0.,0.,1.));
#1571 = ORIENTED_EDGE('',*,*,#1572,.T.);
#1572 = EDGE_CURVE('',#1565,#1573,#1575,.T.);
#1573 = VERTEX_POINT('',#1574);
#1574 = CARTESIAN_POINT('',(0.3,-0.25,0.35));
#1575 = LINE('',#1576,#1577);
#1576 = CARTESIAN_POINT('',(-0.3,-0.25,0.35));
#1577 = VECTOR('',#1578,1.);
#1578 = DIRECTION('',(1.,0.,0.));
#1579 = ORIENTED_EDGE('',*,*,#1580,.F.);
#1580 = EDGE_CURVE('',#1349,#1573,#1581,.T.);
#1581 = LINE('',#1582,#1583);
#1582 = CARTESIAN_POINT('',(0.3,-0.25,0.315));
#1583 = VECTOR('',#1584,1.);
#1584 = DIRECTION('',(0.,0.,1.));
#1585 = PLANE('',#1586);
#1586 = AXIS2_PLACEMENT_3D('',#1587,#1588,#1589);
#1587 = CARTESIAN_POINT('',(-0.3,-0.25,0.315));
#1588 = DIRECTION('',(0.,1.,0.));
#1589 = DIRECTION('',(0.,-0.,1.));
#1590 = ADVANCED_FACE('',(#1591),#1609,.F.);
#1591 = FACE_BOUND('',#1592,.F.);
#1592 = EDGE_LOOP('',(#1593,#1594,#1595,#1603));
#1593 = ORIENTED_EDGE('',*,*,#1564,.F.);
#1594 = ORIENTED_EDGE('',*,*,#1411,.T.);
#1595 = ORIENTED_EDGE('',*,*,#1596,.T.);
#1596 = EDGE_CURVE('',#1264,#1597,#1599,.T.);
#1597 = VERTEX_POINT('',#1598);
#1598 = CARTESIAN_POINT('',(-0.3,0.25,0.35));
#1599 = LINE('',#1600,#1601);
#1600 = CARTESIAN_POINT('',(-0.3,0.25,0.315));
#1601 = VECTOR('',#1602,1.);
#1602 = DIRECTION('',(0.,0.,1.));
#1603 = ORIENTED_EDGE('',*,*,#1604,.F.);
#1604 = EDGE_CURVE('',#1565,#1597,#1605,.T.);
#1605 = LINE('',#1606,#1607);
#1606 = CARTESIAN_POINT('',(-0.3,-0.25,0.35));
#1607 = VECTOR('',#1608,1.);
#1608 = DIRECTION('',(0.,1.,0.));
#1609 = PLANE('',#1610);
#1610 = AXIS2_PLACEMENT_3D('',#1611,#1612,#1613);
#1611 = CARTESIAN_POINT('',(-0.3,-0.25,0.315));
#1612 = DIRECTION('',(1.,0.,0.));
#1613 = DIRECTION('',(0.,0.,1.));
#1614 = ADVANCED_FACE('',(#1615),#1678,.T.);
#1615 = FACE_BOUND('',#1616,.T.);
#1616 = EDGE_LOOP('',(#1617,#1627,#1634,#1635,#1636,#1637,#1646,#1654,
    #1663,#1671));
#1617 = ORIENTED_EDGE('',*,*,#1618,.F.);
#1618 = EDGE_CURVE('',#1619,#1621,#1623,.T.);
#1619 = VERTEX_POINT('',#1620);
#1620 = CARTESIAN_POINT('',(0.335,0.25,-2.775557561563E-17));
#1621 = VERTEX_POINT('',#1622);
#1622 = CARTESIAN_POINT('',(0.465,0.25,-2.775557561563E-17));
#1623 = LINE('',#1624,#1625);
#1624 = CARTESIAN_POINT('',(0.3,0.25,0.));
#1625 = VECTOR('',#1626,1.);
#1626 = DIRECTION('',(1.,0.,0.));
#1627 = ORIENTED_EDGE('',*,*,#1628,.F.);
#1628 = EDGE_CURVE('',#1456,#1619,#1629,.T.);
#1629 = CIRCLE('',#1630,3.5E-02);
#1630 = AXIS2_PLACEMENT_3D('',#1631,#1632,#1633);
#1631 = CARTESIAN_POINT('',(0.335,0.25,3.5E-02));
#1632 = DIRECTION('',(0.,-1.,0.));
#1633 = DIRECTION('',(0.,0.,1.));
#1634 = ORIENTED_EDGE('',*,*,#1455,.T.);
#1635 = ORIENTED_EDGE('',*,*,#1447,.T.);
#1636 = ORIENTED_EDGE('',*,*,#1439,.F.);
#1637 = ORIENTED_EDGE('',*,*,#1638,.T.);
#1638 = EDGE_CURVE('',#1432,#1639,#1641,.T.);
#1639 = VERTEX_POINT('',#1640);
#1640 = CARTESIAN_POINT('',(0.335,0.25,0.35));
#1641 = CIRCLE('',#1642,3.5E-02);
#1642 = AXIS2_PLACEMENT_3D('',#1643,#1644,#1645);
#1643 = CARTESIAN_POINT('',(0.335,0.25,0.315));
#1644 = DIRECTION('',(0.,1.,0.));
#1645 = DIRECTION('',(0.,-0.,1.));
#1646 = ORIENTED_EDGE('',*,*,#1647,.T.);
#1647 = EDGE_CURVE('',#1639,#1648,#1650,.T.);
#1648 = VERTEX_POINT('',#1649);
#1649 = CARTESIAN_POINT('',(0.465,0.25,0.35));
#1650 = LINE('',#1651,#1652);
#1651 = CARTESIAN_POINT('',(0.3,0.25,0.35));
#1652 = VECTOR('',#1653,1.);
#1653 = DIRECTION('',(1.,0.,0.));
#1654 = ORIENTED_EDGE('',*,*,#1655,.F.);
#1655 = EDGE_CURVE('',#1656,#1648,#1658,.T.);
#1656 = VERTEX_POINT('',#1657);
#1657 = CARTESIAN_POINT('',(0.5,0.25,0.315));
#1658 = CIRCLE('',#1659,3.5E-02);
#1659 = AXIS2_PLACEMENT_3D('',#1660,#1661,#1662);
#1660 = CARTESIAN_POINT('',(0.465,0.25,0.315));
#1661 = DIRECTION('',(0.,-1.,0.));
#1662 = DIRECTION('',(0.,0.,1.));
#1663 = ORIENTED_EDGE('',*,*,#1664,.F.);
#1664 = EDGE_CURVE('',#1665,#1656,#1667,.T.);
#1665 = VERTEX_POINT('',#1666);
#1666 = CARTESIAN_POINT('',(0.5,0.25,3.5E-02));
#1667 = LINE('',#1668,#1669);
#1668 = CARTESIAN_POINT('',(0.5,0.25,0.));
#1669 = VECTOR('',#1670,1.);
#1670 = DIRECTION('',(0.,0.,1.));
#1671 = ORIENTED_EDGE('',*,*,#1672,.T.);
#1672 = EDGE_CURVE('',#1665,#1621,#1673,.T.);
#1673 = CIRCLE('',#1674,3.5E-02);
#1674 = AXIS2_PLACEMENT_3D('',#1675,#1676,#1677);
#1675 = CARTESIAN_POINT('',(0.465,0.25,3.5E-02));
#1676 = DIRECTION('',(0.,1.,0.));
#1677 = DIRECTION('',(0.,-0.,1.));
#1678 = PLANE('',#1679);
#1679 = AXIS2_PLACEMENT_3D('',#1680,#1681,#1682);
#1680 = CARTESIAN_POINT('',(0.3,0.25,0.));
#1681 = DIRECTION('',(0.,1.,0.));
#1682 = DIRECTION('',(0.,-0.,1.));
#1683 = ADVANCED_FACE('',(#1684),#1702,.T.);
#1684 = FACE_BOUND('',#1685,.T.);
#1685 = EDGE_LOOP('',(#1686,#1687,#1688,#1696));
#1686 = ORIENTED_EDGE('',*,*,#1431,.F.);
#1687 = ORIENTED_EDGE('',*,*,#1596,.T.);
#1688 = ORIENTED_EDGE('',*,*,#1689,.T.);
#1689 = EDGE_CURVE('',#1597,#1690,#1692,.T.);
#1690 = VERTEX_POINT('',#1691);
#1691 = CARTESIAN_POINT('',(0.3,0.25,0.35));
#1692 = LINE('',#1693,#1694);
#1693 = CARTESIAN_POINT('',(-0.3,0.25,0.35));
#1694 = VECTOR('',#1695,1.);
#1695 = DIRECTION('',(1.,0.,0.));
#1696 = ORIENTED_EDGE('',*,*,#1697,.F.);
#1697 = EDGE_CURVE('',#1432,#1690,#1698,.T.);
#1698 = LINE('',#1699,#1700);
#1699 = CARTESIAN_POINT('',(0.3,0.25,0.315));
#1700 = VECTOR('',#1701,1.);
#1701 = DIRECTION('',(0.,0.,1.));
#1702 = PLANE('',#1703);
#1703 = AXIS2_PLACEMENT_3D('',#1704,#1705,#1706);
#1704 = CARTESIAN_POINT('',(-0.3,0.25,0.315));
#1705 = DIRECTION('',(0.,1.,0.));
#1706 = DIRECTION('',(0.,-0.,1.));
#1707 = ADVANCED_FACE('',(#1708),#1719,.T.);
#1708 = FACE_BOUND('',#1709,.T.);
#1709 = EDGE_LOOP('',(#1710,#1711,#1712,#1718));
#1710 = ORIENTED_EDGE('',*,*,#1479,.T.);
#1711 = ORIENTED_EDGE('',*,*,#1628,.T.);
#1712 = ORIENTED_EDGE('',*,*,#1713,.F.);
#1713 = EDGE_CURVE('',#1495,#1619,#1714,.T.);
#1714 = LINE('',#1715,#1716);
#1715 = CARTESIAN_POINT('',(0.335,-0.25,-2.775557561563E-17));
#1716 = VECTOR('',#1717,1.);
#1717 = DIRECTION('',(0.,1.,0.));
#1718 = ORIENTED_EDGE('',*,*,#1504,.F.);
#1719 = CYLINDRICAL_SURFACE('',#1720,3.5E-02);
#1720 = AXIS2_PLACEMENT_3D('',#1721,#1722,#1723);
#1721 = CARTESIAN_POINT('',(0.335,-0.25,3.5E-02));
#1722 = DIRECTION('',(0.,1.,0.));
#1723 = DIRECTION('',(-1.,0.,0.));
#1724 = ADVANCED_FACE('',(#1725),#1736,.F.);
#1725 = FACE_BOUND('',#1726,.F.);
#1726 = EDGE_LOOP('',(#1727,#1728,#1729,#1730));
#1727 = ORIENTED_EDGE('',*,*,#1618,.F.);
#1728 = ORIENTED_EDGE('',*,*,#1713,.F.);
#1729 = ORIENTED_EDGE('',*,*,#1494,.T.);
#1730 = ORIENTED_EDGE('',*,*,#1731,.T.);
#1731 = EDGE_CURVE('',#1497,#1621,#1732,.T.);
#1732 = LINE('',#1733,#1734);
#1733 = CARTESIAN_POINT('',(0.465,-0.25,-2.775557561563E-17));
#1734 = VECTOR('',#1735,1.);
#1735 = DIRECTION('',(0.,1.,0.));
#1736 = PLANE('',#1737);
#1737 = AXIS2_PLACEMENT_3D('',#1738,#1739,#1740);
#1738 = CARTESIAN_POINT('',(0.3,-0.25,0.));
#1739 = DIRECTION('',(0.,0.,1.));
#1740 = DIRECTION('',(1.,0.,-0.));
#1741 = ADVANCED_FACE('',(#1742),#1753,.T.);
#1742 = FACE_BOUND('',#1743,.T.);
#1743 = EDGE_LOOP('',(#1744,#1745,#1746,#1747));
#1744 = ORIENTED_EDGE('',*,*,#1548,.T.);
#1745 = ORIENTED_EDGE('',*,*,#1731,.T.);
#1746 = ORIENTED_EDGE('',*,*,#1672,.F.);
#1747 = ORIENTED_EDGE('',*,*,#1748,.F.);
#1748 = EDGE_CURVE('',#1541,#1665,#1749,.T.);
#1749 = LINE('',#1750,#1751);
#1750 = CARTESIAN_POINT('',(0.5,-0.25,3.5E-02));
#1751 = VECTOR('',#1752,1.);
#1752 = DIRECTION('',(0.,1.,0.));
#1753 = CYLINDRICAL_SURFACE('',#1754,3.5E-02);
#1754 = AXIS2_PLACEMENT_3D('',#1755,#1756,#1757);
#1755 = CARTESIAN_POINT('',(0.465,-0.25,3.5E-02));
#1756 = DIRECTION('',(0.,1.,0.));
#1757 = DIRECTION('',(1.,0.,0.));
#1758 = ADVANCED_FACE('',(#1759),#1770,.T.);
#1759 = FACE_BOUND('',#1760,.T.);
#1760 = EDGE_LOOP('',(#1761,#1762,#1763,#1764));
#1761 = ORIENTED_EDGE('',*,*,#1540,.F.);
#1762 = ORIENTED_EDGE('',*,*,#1748,.T.);
#1763 = ORIENTED_EDGE('',*,*,#1664,.T.);
#1764 = ORIENTED_EDGE('',*,*,#1765,.F.);
#1765 = EDGE_CURVE('',#1532,#1656,#1766,.T.);
#1766 = LINE('',#1767,#1768);
#1767 = CARTESIAN_POINT('',(0.5,-0.25,0.315));
#1768 = VECTOR('',#1769,1.);
#1769 = DIRECTION('',(0.,1.,0.));
#1770 = PLANE('',#1771);
#1771 = AXIS2_PLACEMENT_3D('',#1772,#1773,#1774);
#1772 = CARTESIAN_POINT('',(0.5,-0.25,0.));
#1773 = DIRECTION('',(1.,0.,0.));
#1774 = DIRECTION('',(0.,0.,1.));
#1775 = ADVANCED_FACE('',(#1776),#1787,.T.);
#1776 = FACE_BOUND('',#1777,.T.);
#1777 = EDGE_LOOP('',(#1778,#1779,#1780,#1786));
#1778 = ORIENTED_EDGE('',*,*,#1765,.T.);
#1779 = ORIENTED_EDGE('',*,*,#1655,.T.);
#1780 = ORIENTED_EDGE('',*,*,#1781,.F.);
#1781 = EDGE_CURVE('',#1524,#1648,#1782,.T.);
#1782 = LINE('',#1783,#1784);
#1783 = CARTESIAN_POINT('',(0.465,-0.25,0.35));
#1784 = VECTOR('',#1785,1.);
#1785 = DIRECTION('',(0.,1.,0.));
#1786 = ORIENTED_EDGE('',*,*,#1531,.F.);
#1787 = CYLINDRICAL_SURFACE('',#1788,3.5E-02);
#1788 = AXIS2_PLACEMENT_3D('',#1789,#1790,#1791);
#1789 = CARTESIAN_POINT('',(0.465,-0.25,0.315));
#1790 = DIRECTION('',(0.,1.,0.));
#1791 = DIRECTION('',(1.,0.,0.));
#1792 = ADVANCED_FACE('',(#1793),#1804,.T.);
#1793 = FACE_BOUND('',#1794,.T.);
#1794 = EDGE_LOOP('',(#1795,#1796,#1802,#1803));
#1795 = ORIENTED_EDGE('',*,*,#1647,.F.);
#1796 = ORIENTED_EDGE('',*,*,#1797,.F.);
#1797 = EDGE_CURVE('',#1515,#1639,#1798,.T.);
#1798 = LINE('',#1799,#1800);
#1799 = CARTESIAN_POINT('',(0.335,-0.25,0.35));
#1800 = VECTOR('',#1801,1.);
#1801 = DIRECTION('',(0.,1.,0.));
#1802 = ORIENTED_EDGE('',*,*,#1523,.T.);
#1803 = ORIENTED_EDGE('',*,*,#1781,.T.);
#1804 = PLANE('',#1805);
#1805 = AXIS2_PLACEMENT_3D('',#1806,#1807,#1808);
#1806 = CARTESIAN_POINT('',(0.3,-0.25,0.35));
#1807 = DIRECTION('',(0.,0.,1.));
#1808 = DIRECTION('',(1.,0.,-0.));
#1809 = ADVANCED_FACE('',(#1810),#1821,.T.);
#1810 = FACE_BOUND('',#1811,.T.);
#1811 = EDGE_LOOP('',(#1812,#1813,#1814,#1815));
#1812 = ORIENTED_EDGE('',*,*,#1514,.T.);
#1813 = ORIENTED_EDGE('',*,*,#1797,.T.);
#1814 = ORIENTED_EDGE('',*,*,#1638,.F.);
#1815 = ORIENTED_EDGE('',*,*,#1816,.F.);
#1816 = EDGE_CURVE('',#1349,#1432,#1817,.T.);
#1817 = LINE('',#1818,#1819);
#1818 = CARTESIAN_POINT('',(0.3,-0.25,0.315));
#1819 = VECTOR('',#1820,1.);
#1820 = DIRECTION('',(0.,1.,0.));
#1821 = CYLINDRICAL_SURFACE('',#1822,3.5E-02);
#1822 = AXIS2_PLACEMENT_3D('',#1823,#1824,#1825);
#1823 = CARTESIAN_POINT('',(0.335,-0.25,0.315));
#1824 = DIRECTION('',(0.,1.,0.));
#1825 = DIRECTION('',(-1.,0.,0.));
#1826 = ADVANCED_FACE('',(#1827),#1838,.T.);
#1827 = FACE_BOUND('',#1828,.T.);
#1828 = EDGE_LOOP('',(#1829,#1830,#1831,#1832));
#1829 = ORIENTED_EDGE('',*,*,#1580,.F.);
#1830 = ORIENTED_EDGE('',*,*,#1816,.T.);
#1831 = ORIENTED_EDGE('',*,*,#1697,.T.);
#1832 = ORIENTED_EDGE('',*,*,#1833,.F.);
#1833 = EDGE_CURVE('',#1573,#1690,#1834,.T.);
#1834 = LINE('',#1835,#1836);
#1835 = CARTESIAN_POINT('',(0.3,-0.25,0.35));
#1836 = VECTOR('',#1837,1.);
#1837 = DIRECTION('',(0.,1.,0.));
#1838 = PLANE('',#1839);
#1839 = AXIS2_PLACEMENT_3D('',#1840,#1841,#1842);
#1840 = CARTESIAN_POINT('',(0.3,-0.25,0.315));
#1841 = DIRECTION('',(1.,0.,0.));
#1842 = DIRECTION('',(0.,0.,1.));
#1843 = ADVANCED_FACE('',(#1844),#1850,.T.);
#1844 = FACE_BOUND('',#1845,.T.);
#1845 = EDGE_LOOP('',(#1846,#1847,#1848,#1849));
#1846 = ORIENTED_EDGE('',*,*,#1604,.F.);
#1847 = ORIENTED_EDGE('',*,*,#1572,.T.);
#1848 = ORIENTED_EDGE('',*,*,#1833,.T.);
#1849 = ORIENTED_EDGE('',*,*,#1689,.F.);
#1850 = PLANE('',#1851);
#1851 = AXIS2_PLACEMENT_3D('',#1852,#1853,#1854);
#1852 = CARTESIAN_POINT('',(-0.3,-0.25,0.35));
#1853 = DIRECTION('',(0.,0.,1.));
#1854 = DIRECTION('',(1.,0.,-0.));
#1855 = ( GEOMETRIC_REPRESENTATION_CONTEXT(3) 
GLOBAL_UNCERTAINTY_ASSIGNED_CONTEXT((#1859)) 
GLOBAL_UNIT_ASSIGNED_CONTEXT((#1856,#1857,#1858)) REPRESENTATION_CONTEXT
('Context #1','3D Context with UNIT and UNCERTAINTY') );
#1856 = ( LENGTH_UNIT() NAMED_UNIT(*) SI_UNIT(.MILLI.,.METRE.) );
#1857 = ( NAMED_UNIT(*) PLANE_ANGLE_UNIT() SI_UNIT($,.RADIAN.) );
#1858 = ( NAMED_UNIT(*) SI_UNIT($,.STERADIAN.) SOLID_ANGLE_UNIT() );
#1859 = UNCERTAINTY_MEASURE_WITH_UNIT(LENGTH_MEASURE(1.E-07),#1856,
  'distance_accuracy_value','confusion accuracy');
#1860 = CONTEXT_DEPENDENT_SHAPE_REPRESENTATION(#1861,#1863);
#1861 = ( REPRESENTATION_RELATIONSHIP('','',#1064,#1041) 
REPRESENTATION_RELATIONSHIP_WITH_TRANSFORMATION(#1862) 
SHAPE_REPRESENTATION_RELATIONSHIP() );
#1862 = ITEM_DEFINED_TRANSFORMATION('','',#11,#1042);
#1863 = PRODUCT_DEFINITION_SHAPE('Placement','Placement of an item',
  #1864);
#1864 = NEXT_ASSEMBLY_USAGE_OCCURRENCE('4','=>[0:1:1:5]','',#1036,#1059,
  $);
#1865 = PRODUCT_RELATED_PRODUCT_CATEGORY('part',$,(#1061));
#1866 = CONTEXT_DEPENDENT_SHAPE_REPRESENTATION(#1867,#1869);
#1867 = ( REPRESENTATION_RELATIONSHIP('','',#1041,#10) 
REPRESENTATION_RELATIONSHIP_WITH_TRANSFORMATION(#1868) 
SHAPE_REPRESENTATION_RELATIONSHIP() );
#1868 = ITEM_DEFINED_TRANSFORMATION('','',#11,#27);
#1869 = PRODUCT_DEFINITION_SHAPE('Placement','Placement of an item',
  #1870);
#1870 = NEXT_ASSEMBLY_USAGE_OCCURRENCE('6','R38','',#5,#1036,$);
#1871 = CONTEXT_DEPENDENT_SHAPE_REPRESENTATION(#1872,#1874);
#1872 = ( REPRESENTATION_RELATIONSHIP('','',#140,#10) 
REPRESENTATION_RELATIONSHIP_WITH_TRANSFORMATION(#1873) 
SHAPE_REPRESENTATION_RELATIONSHIP() );
#1873 = ITEM_DEFINED_TRANSFORMATION('','',#11,#31);
#1874 = PRODUCT_DEFINITION_SHAPE('Placement','Placement of an item',
  #1875);
#1875 = NEXT_ASSEMBLY_USAGE_OCCURRENCE('7','C18','',#5,#135,$);
#1876 = CONTEXT_DEPENDENT_SHAPE_REPRESENTATION(#1877,#1879);
#1877 = ( REPRESENTATION_RELATIONSHIP('','',#140,#10) 
REPRESENTATION_RELATIONSHIP_WITH_TRANSFORMATION(#1878) 
SHAPE_REPRESENTATION_RELATIONSHIP() );
#1878 = ITEM_DEFINED_TRANSFORMATION('','',#11,#35);
#1879 = PRODUCT_DEFINITION_SHAPE('Placement','Placement of an item',
  #1880);
#1880 = NEXT_ASSEMBLY_USAGE_OCCURRENCE('8','C12','',#5,#135,$);
#1881 = SHAPE_DEFINITION_REPRESENTATION(#1882,#1888);
#1882 = PRODUCT_DEFINITION_SHAPE('','',#1883);
#1883 = PRODUCT_DEFINITION('design','',#1884,#1887);
#1884 = PRODUCT_DEFINITION_FORMATION('','',#1885);
#1885 = PRODUCT('Texas_RGW0020A_VQFN-20-1EP_5x5mm_P0.65mm_EP3.15x3.15mm'
  ,'Texas_RGW0020A_VQFN-20-1EP_5x5mm_P0.65mm_EP3.15x3.15mm','',(#1886));
#1886 = PRODUCT_CONTEXT('',#2,'mechanical');
#1887 = PRODUCT_DEFINITION_CONTEXT('part definition',#2,'design');
#1888 = SHAPE_REPRESENTATION('',(#11,#1889),#1893);
#1889 = AXIS2_PLACEMENT_3D('',#1890,#1891,#1892);
#1890 = CARTESIAN_POINT('',(0.,0.,0.));
#1891 = DIRECTION('',(0.,0.,1.));
#1892 = DIRECTION('',(1.,0.,-0.));
#1893 = ( GEOMETRIC_REPRESENTATION_CONTEXT(3) 
GLOBAL_UNCERTAINTY_ASSIGNED_CONTEXT((#1897)) 
GLOBAL_UNIT_ASSIGNED_CONTEXT((#1894,#1895,#1896)) REPRESENTATION_CONTEXT
('Context #1','3D Context with UNIT and UNCERTAINTY') );
#1894 = ( LENGTH_UNIT() NAMED_UNIT(*) SI_UNIT(.MILLI.,.METRE.) );
#1895 = ( NAMED_UNIT(*) PLANE_ANGLE_UNIT() SI_UNIT($,.RADIAN.) );
#1896 = ( NAMED_UNIT(*) SI_UNIT($,.STERADIAN.) SOLID_ANGLE_UNIT() );
#1897 = UNCERTAINTY_MEASURE_WITH_UNIT(LENGTH_MEASURE(1.E-07),#1894,
  'distance_accuracy_value','confusion accuracy');
#1898 = CONTEXT_DEPENDENT_SHAPE_REPRESENTATION(#1899,#1901);
#1899 = ( REPRESENTATION_RELATIONSHIP('','',#1888,#10) 
REPRESENTATION_RELATIONSHIP_WITH_TRANSFORMATION(#1900) 
SHAPE_REPRESENTATION_RELATIONSHIP() );
#1900 = ITEM_DEFINED_TRANSFORMATION('','',#11,#39);
#1901 = PRODUCT_DEFINITION_SHAPE('Placement','Placement of an item',
  #1902);
#1902 = NEXT_ASSEMBLY_USAGE_OCCURRENCE('10','U7','',#5,#1883,$);
#1903 = PRODUCT_RELATED_PRODUCT_CATEGORY('part',$,(#1885));
#1904 = SHAPE_DEFINITION_REPRESENTATION(#1905,#1911);
#1905 = PRODUCT_DEFINITION_SHAPE('','',#1906);
#1906 = PRODUCT_DEFINITION('design','',#1907,#1910);
#1907 = PRODUCT_DEFINITION_FORMATION('','',#1908);
#1908 = PRODUCT('Texas_RGW0020A_VQFN-20-1EP_5x5mm_P0.65mm_EP3.15x3.15mm'
  ,'Texas_RGW0020A_VQFN-20-1EP_5x5mm_P0.65mm_EP3.15x3.15mm','',(#1909));
#1909 = PRODUCT_CONTEXT('',#2,'mechanical');
#1910 = PRODUCT_DEFINITION_CONTEXT('part definition',#2,'design');
#1911 = ADVANCED_BREP_SHAPE_REPRESENTATION('',(#11,#1912),#6242);
#1912 = MANIFOLD_SOLID_BREP('',#1913);
#1913 = CLOSED_SHELL('',(#1914,#1931,#1956,#1999,#2190,#2374,#2558,#2735
    ,#3249,#3289,#3313,#3346,#3386,#3410,#3443,#3483,#3507,#3540,#3580,
    #3604,#3637,#3677,#3701,#3734,#3774,#3798,#3831,#3871,#3895,#3928,
    #3968,#3992,#4025,#4065,#4089,#4122,#4162,#4186,#4219,#4259,#4283,
    #4316,#4356,#4380,#4413,#4453,#4477,#4510,#4550,#4574,#4607,#4647,
    #4671,#4704,#4744,#4768,#4801,#4841,#4865,#4898,#4938,#4962,#4995,
    #5035,#5059,#5092,#5132,#5156,#5189,#5206,#5223,#5240,#5257,#5274,
    #5291,#5308,#5325,#5342,#5359,#5376,#5393,#5410,#5427,#5444,#5461,
    #5478,#5495,#5512,#5529,#5560,#5584,#5608,#5632,#5649,#5666,#5678,
    #5695,#5707,#5724,#5736,#5753,#5765,#5782,#5794,#5811,#5823,#5840,
    #5852,#5869,#5881,#5898,#5910,#5927,#5939,#5956,#5968,#5985,#5997,
    #6014,#6026,#6043,#6055,#6072,#6084,#6101,#6113,#6130,#6142,#6159,
    #6171,#6188,#6200,#6217,#6229));
#1914 = ADVANCED_FACE('',(#1915),#1926,.F.);
#1915 = FACE_BOUND('',#1916,.T.);
#1916 = EDGE_LOOP('',(#1917));
#1917 = ORIENTED_EDGE('',*,*,#1918,.F.);
#1918 = EDGE_CURVE('',#1919,#1919,#1921,.T.);
#1919 = VERTEX_POINT('',#1920);
#1920 = CARTESIAN_POINT('',(-1.6,1.4,0.8));
#1921 = CIRCLE('',#1922,0.2);
#1922 = AXIS2_PLACEMENT_3D('',#1923,#1924,#1925);
#1923 = CARTESIAN_POINT('',(-1.6,1.6,0.8));
#1924 = DIRECTION('',(0.,-0.,-1.));
#1925 = DIRECTION('',(1.110223024625E-16,-1.,0.));
#1926 = PLANE('',#1927);
#1927 = AXIS2_PLACEMENT_3D('',#1928,#1929,#1930);
#1928 = CARTESIAN_POINT('',(-1.6,1.6,0.8));
#1929 = DIRECTION('',(0.,0.,-1.));
#1930 = DIRECTION('',(1.110223024625E-16,-1.,0.));
#1931 = ADVANCED_FACE('',(#1932),#1951,.T.);
#1932 = FACE_BOUND('',#1933,.T.);
#1933 = EDGE_LOOP('',(#1934,#1942,#1943,#1944));
#1934 = ORIENTED_EDGE('',*,*,#1935,.F.);
#1935 = EDGE_CURVE('',#1919,#1936,#1938,.T.);
#1936 = VERTEX_POINT('',#1937);
#1937 = CARTESIAN_POINT('',(-1.6,1.4,0.78));
#1938 = LINE('',#1939,#1940);
#1939 = CARTESIAN_POINT('',(-1.6,1.4,0.8));
#1940 = VECTOR('',#1941,1.);
#1941 = DIRECTION('',(0.,0.,-1.));
#1942 = ORIENTED_EDGE('',*,*,#1918,.T.);
#1943 = ORIENTED_EDGE('',*,*,#1935,.T.);
#1944 = ORIENTED_EDGE('',*,*,#1945,.F.);
#1945 = EDGE_CURVE('',#1936,#1936,#1946,.T.);
#1946 = CIRCLE('',#1947,0.2);
#1947 = AXIS2_PLACEMENT_3D('',#1948,#1949,#1950);
#1948 = CARTESIAN_POINT('',(-1.6,1.6,0.78));
#1949 = DIRECTION('',(0.,0.,-1.));
#1950 = DIRECTION('',(1.110223024625E-16,-1.,0.));
#1951 = CYLINDRICAL_SURFACE('',#1952,0.2);
#1952 = AXIS2_PLACEMENT_3D('',#1953,#1954,#1955);
#1953 = CARTESIAN_POINT('',(-1.6,1.6,0.8));
#1954 = DIRECTION('',(0.,0.,-1.));
#1955 = DIRECTION('',(1.110223024625E-16,-1.,0.));
#1956 = ADVANCED_FACE('',(#1957,#1991),#1994,.T.);
#1957 = FACE_BOUND('',#1958,.T.);
#1958 = EDGE_LOOP('',(#1959,#1969,#1977,#1985));
#1959 = ORIENTED_EDGE('',*,*,#1960,.F.);
#1960 = EDGE_CURVE('',#1961,#1963,#1965,.T.);
#1961 = VERTEX_POINT('',#1962);
#1962 = CARTESIAN_POINT('',(-2.485,2.485,0.78));
#1963 = VERTEX_POINT('',#1964);
#1964 = CARTESIAN_POINT('',(2.485,2.485,0.78));
#1965 = LINE('',#1966,#1967);
#1966 = CARTESIAN_POINT('',(-2.485,2.485,0.78));
#1967 = VECTOR('',#1968,1.);
#1968 = DIRECTION('',(1.,1.110223024625E-16,0.));
#1969 = ORIENTED_EDGE('',*,*,#1970,.T.);
#1970 = EDGE_CURVE('',#1961,#1971,#1973,.T.);
#1971 = VERTEX_POINT('',#1972);
#1972 = CARTESIAN_POINT('',(-2.485,-2.485,0.78));
#1973 = LINE('',#1974,#1975);
#1974 = CARTESIAN_POINT('',(-2.485,2.485,0.78));
#1975 = VECTOR('',#1976,1.);
#1976 = DIRECTION('',(1.110223024625E-16,-1.,0.));
#1977 = ORIENTED_EDGE('',*,*,#1978,.T.);
#1978 = EDGE_CURVE('',#1971,#1979,#1981,.T.);
#1979 = VERTEX_POINT('',#1980);
#1980 = CARTESIAN_POINT('',(2.485,-2.485,0.78));
#1981 = LINE('',#1982,#1983);
#1982 = CARTESIAN_POINT('',(-2.485,-2.485,0.78));
#1983 = VECTOR('',#1984,1.);
#1984 = DIRECTION('',(1.,1.110223024625E-16,0.));
#1985 = ORIENTED_EDGE('',*,*,#1986,.F.);
#1986 = EDGE_CURVE('',#1963,#1979,#1987,.T.);
#1987 = LINE('',#1988,#1989);
#1988 = CARTESIAN_POINT('',(2.485,2.485,0.78));
#1989 = VECTOR('',#1990,1.);
#1990 = DIRECTION('',(1.110223024625E-16,-1.,0.));
#1991 = FACE_BOUND('',#1992,.T.);
#1992 = EDGE_LOOP('',(#1993));
#1993 = ORIENTED_EDGE('',*,*,#1945,.T.);
#1994 = PLANE('',#1995);
#1995 = AXIS2_PLACEMENT_3D('',#1996,#1997,#1998);
#1996 = CARTESIAN_POINT('',(-2.485,2.485,0.78));
#1997 = DIRECTION('',(0.,0.,1.));
#1998 = DIRECTION('',(1.110223024625E-16,-1.,0.));
#1999 = ADVANCED_FACE('',(#2000),#2185,.F.);
#2000 = FACE_BOUND('',#2001,.F.);
#2001 = EDGE_LOOP('',(#2002,#2003,#2011,#2019,#2027,#2035,#2043,#2051,
    #2059,#2067,#2075,#2083,#2091,#2099,#2107,#2115,#2123,#2131,#2139,
    #2147,#2155,#2163,#2171,#2179));
#2002 = ORIENTED_EDGE('',*,*,#1960,.F.);
#2003 = ORIENTED_EDGE('',*,*,#2004,.F.);
#2004 = EDGE_CURVE('',#2005,#1961,#2007,.T.);
#2005 = VERTEX_POINT('',#2006);
#2006 = CARTESIAN_POINT('',(-2.485,2.485,3.E-02));
#2007 = LINE('',#2008,#2009);
#2008 = CARTESIAN_POINT('',(-2.485,2.485,3.E-02));
#2009 = VECTOR('',#2010,1.);
#2010 = DIRECTION('',(0.,0.,1.));
#2011 = ORIENTED_EDGE('',*,*,#2012,.T.);
#2012 = EDGE_CURVE('',#2005,#2013,#2015,.T.);
#2013 = VERTEX_POINT('',#2014);
#2014 = CARTESIAN_POINT('',(-1.45,2.485,3.E-02));
#2015 = LINE('',#2016,#2017);
#2016 = CARTESIAN_POINT('',(-2.485,2.485,3.E-02));
#2017 = VECTOR('',#2018,1.);
#2018 = DIRECTION('',(1.,1.110223024625E-16,0.));
#2019 = ORIENTED_EDGE('',*,*,#2020,.T.);
#2020 = EDGE_CURVE('',#2013,#2021,#2023,.T.);
#2021 = VERTEX_POINT('',#2022);
#2022 = CARTESIAN_POINT('',(-1.45,2.485,0.1));
#2023 = LINE('',#2024,#2025);
#2024 = CARTESIAN_POINT('',(-1.45,2.485,1.5E-02));
#2025 = VECTOR('',#2026,1.);
#2026 = DIRECTION('',(0.,0.,1.));
#2027 = ORIENTED_EDGE('',*,*,#2028,.F.);
#2028 = EDGE_CURVE('',#2029,#2021,#2031,.T.);
#2029 = VERTEX_POINT('',#2030);
#2030 = CARTESIAN_POINT('',(-1.15,2.485,0.1));
#2031 = LINE('',#2032,#2033);
#2032 = CARTESIAN_POINT('',(-1.8925,2.485,0.1));
#2033 = VECTOR('',#2034,1.);
#2034 = DIRECTION('',(-1.,-1.110223024625E-16,0.));
#2035 = ORIENTED_EDGE('',*,*,#2036,.T.);
#2036 = EDGE_CURVE('',#2029,#2037,#2039,.T.);
#2037 = VERTEX_POINT('',#2038);
#2038 = CARTESIAN_POINT('',(-1.15,2.485,3.E-02));
#2039 = LINE('',#2040,#2041);
#2040 = CARTESIAN_POINT('',(-1.15,2.485,1.5E-02));
#2041 = VECTOR('',#2042,1.);
#2042 = DIRECTION('',(0.,0.,-1.));
#2043 = ORIENTED_EDGE('',*,*,#2044,.T.);
#2044 = EDGE_CURVE('',#2037,#2045,#2047,.T.);
#2045 = VERTEX_POINT('',#2046);
#2046 = CARTESIAN_POINT('',(-0.8,2.485,3.E-02));
#2047 = LINE('',#2048,#2049);
#2048 = CARTESIAN_POINT('',(-2.485,2.485,3.E-02));
#2049 = VECTOR('',#2050,1.);
#2050 = DIRECTION('',(1.,1.110223024625E-16,0.));
#2051 = ORIENTED_EDGE('',*,*,#2052,.T.);
#2052 = EDGE_CURVE('',#2045,#2053,#2055,.T.);
#2053 = VERTEX_POINT('',#2054);
#2054 = CARTESIAN_POINT('',(-0.8,2.485,0.1));
#2055 = LINE('',#2056,#2057);
#2056 = CARTESIAN_POINT('',(-0.8,2.485,1.5E-02));
#2057 = VECTOR('',#2058,1.);
#2058 = DIRECTION('',(0.,0.,1.));
#2059 = ORIENTED_EDGE('',*,*,#2060,.F.);
#2060 = EDGE_CURVE('',#2061,#2053,#2063,.T.);
#2061 = VERTEX_POINT('',#2062);
#2062 = CARTESIAN_POINT('',(-0.5,2.485,0.1));
#2063 = LINE('',#2064,#2065);
#2064 = CARTESIAN_POINT('',(-1.5675,2.485,0.1));
#2065 = VECTOR('',#2066,1.);
#2066 = DIRECTION('',(-1.,-1.110223024625E-16,0.));
#2067 = ORIENTED_EDGE('',*,*,#2068,.T.);
#2068 = EDGE_CURVE('',#2061,#2069,#2071,.T.);
#2069 = VERTEX_POINT('',#2070);
#2070 = CARTESIAN_POINT('',(-0.5,2.485,3.E-02));
#2071 = LINE('',#2072,#2073);
#2072 = CARTESIAN_POINT('',(-0.5,2.485,1.5E-02));
#2073 = VECTOR('',#2074,1.);
#2074 = DIRECTION('',(0.,0.,-1.));
#2075 = ORIENTED_EDGE('',*,*,#2076,.T.);
#2076 = EDGE_CURVE('',#2069,#2077,#2079,.T.);
#2077 = VERTEX_POINT('',#2078);
#2078 = CARTESIAN_POINT('',(-0.15,2.485,3.E-02));
#2079 = LINE('',#2080,#2081);
#2080 = CARTESIAN_POINT('',(-2.485,2.485,3.E-02));
#2081 = VECTOR('',#2082,1.);
#2082 = DIRECTION('',(1.,1.110223024625E-16,0.));
#2083 = ORIENTED_EDGE('',*,*,#2084,.T.);
#2084 = EDGE_CURVE('',#2077,#2085,#2087,.T.);
#2085 = VERTEX_POINT('',#2086);
#2086 = CARTESIAN_POINT('',(-0.15,2.485,0.1));
#2087 = LINE('',#2088,#2089);
#2088 = CARTESIAN_POINT('',(-0.15,2.485,1.5E-02));
#2089 = VECTOR('',#2090,1.);
#2090 = DIRECTION('',(0.,0.,1.));
#2091 = ORIENTED_EDGE('',*,*,#2092,.F.);
#2092 = EDGE_CURVE('',#2093,#2085,#2095,.T.);
#2093 = VERTEX_POINT('',#2094);
#2094 = CARTESIAN_POINT('',(0.15,2.485,0.1));
#2095 = LINE('',#2096,#2097);
#2096 = CARTESIAN_POINT('',(-1.2425,2.485,0.1));
#2097 = VECTOR('',#2098,1.);
#2098 = DIRECTION('',(-1.,-1.110223024625E-16,0.));
#2099 = ORIENTED_EDGE('',*,*,#2100,.T.);
#2100 = EDGE_CURVE('',#2093,#2101,#2103,.T.);
#2101 = VERTEX_POINT('',#2102);
#2102 = CARTESIAN_POINT('',(0.15,2.485,3.E-02));
#2103 = LINE('',#2104,#2105);
#2104 = CARTESIAN_POINT('',(0.15,2.485,1.5E-02));
#2105 = VECTOR('',#2106,1.);
#2106 = DIRECTION('',(0.,0.,-1.));
#2107 = ORIENTED_EDGE('',*,*,#2108,.T.);
#2108 = EDGE_CURVE('',#2101,#2109,#2111,.T.);
#2109 = VERTEX_POINT('',#2110);
#2110 = CARTESIAN_POINT('',(0.5,2.485,3.E-02));
#2111 = LINE('',#2112,#2113);
#2112 = CARTESIAN_POINT('',(-2.485,2.485,3.E-02));
#2113 = VECTOR('',#2114,1.);
#2114 = DIRECTION('',(1.,1.110223024625E-16,0.));
#2115 = ORIENTED_EDGE('',*,*,#2116,.T.);
#2116 = EDGE_CURVE('',#2109,#2117,#2119,.T.);
#2117 = VERTEX_POINT('',#2118);
#2118 = CARTESIAN_POINT('',(0.5,2.485,0.1));
#2119 = LINE('',#2120,#2121);
#2120 = CARTESIAN_POINT('',(0.5,2.485,1.5E-02));
#2121 = VECTOR('',#2122,1.);
#2122 = DIRECTION('',(0.,0.,1.));
#2123 = ORIENTED_EDGE('',*,*,#2124,.F.);
#2124 = EDGE_CURVE('',#2125,#2117,#2127,.T.);
#2125 = VERTEX_POINT('',#2126);
#2126 = CARTESIAN_POINT('',(0.8,2.485,0.1));
#2127 = LINE('',#2128,#2129);
#2128 = CARTESIAN_POINT('',(-0.9175,2.485,0.1));
#2129 = VECTOR('',#2130,1.);
#2130 = DIRECTION('',(-1.,-1.110223024625E-16,0.));
#2131 = ORIENTED_EDGE('',*,*,#2132,.T.);
#2132 = EDGE_CURVE('',#2125,#2133,#2135,.T.);
#2133 = VERTEX_POINT('',#2134);
#2134 = CARTESIAN_POINT('',(0.8,2.485,3.E-02));
#2135 = LINE('',#2136,#2137);
#2136 = CARTESIAN_POINT('',(0.8,2.485,1.5E-02));
#2137 = VECTOR('',#2138,1.);
#2138 = DIRECTION('',(0.,0.,-1.));
#2139 = ORIENTED_EDGE('',*,*,#2140,.T.);
#2140 = EDGE_CURVE('',#2133,#2141,#2143,.T.);
#2141 = VERTEX_POINT('',#2142);
#2142 = CARTESIAN_POINT('',(1.15,2.485,3.E-02));
#2143 = LINE('',#2144,#2145);
#2144 = CARTESIAN_POINT('',(-2.485,2.485,3.E-02));
#2145 = VECTOR('',#2146,1.);
#2146 = DIRECTION('',(1.,1.110223024625E-16,0.));
#2147 = ORIENTED_EDGE('',*,*,#2148,.T.);
#2148 = EDGE_CURVE('',#2141,#2149,#2151,.T.);
#2149 = VERTEX_POINT('',#2150);
#2150 = CARTESIAN_POINT('',(1.15,2.485,0.1));
#2151 = LINE('',#2152,#2153);
#2152 = CARTESIAN_POINT('',(1.15,2.485,1.5E-02));
#2153 = VECTOR('',#2154,1.);
#2154 = DIRECTION('',(0.,0.,1.));
#2155 = ORIENTED_EDGE('',*,*,#2156,.F.);
#2156 = EDGE_CURVE('',#2157,#2149,#2159,.T.);
#2157 = VERTEX_POINT('',#2158);
#2158 = CARTESIAN_POINT('',(1.45,2.485,0.1));
#2159 = LINE('',#2160,#2161);
#2160 = CARTESIAN_POINT('',(-0.5925,2.485,0.1));
#2161 = VECTOR('',#2162,1.);
#2162 = DIRECTION('',(-1.,-1.110223024625E-16,0.));
#2163 = ORIENTED_EDGE('',*,*,#2164,.T.);
#2164 = EDGE_CURVE('',#2157,#2165,#2167,.T.);
#2165 = VERTEX_POINT('',#2166);
#2166 = CARTESIAN_POINT('',(1.45,2.485,3.E-02));
#2167 = LINE('',#2168,#2169);
#2168 = CARTESIAN_POINT('',(1.45,2.485,1.5E-02));
#2169 = VECTOR('',#2170,1.);
#2170 = DIRECTION('',(0.,0.,-1.));
#2171 = ORIENTED_EDGE('',*,*,#2172,.T.);
#2172 = EDGE_CURVE('',#2165,#2173,#2175,.T.);
#2173 = VERTEX_POINT('',#2174);
#2174 = CARTESIAN_POINT('',(2.485,2.485,3.E-02));
#2175 = LINE('',#2176,#2177);
#2176 = CARTESIAN_POINT('',(-2.485,2.485,3.E-02));
#2177 = VECTOR('',#2178,1.);
#2178 = DIRECTION('',(1.,1.110223024625E-16,0.));
#2179 = ORIENTED_EDGE('',*,*,#2180,.T.);
#2180 = EDGE_CURVE('',#2173,#1963,#2181,.T.);
#2181 = LINE('',#2182,#2183);
#2182 = CARTESIAN_POINT('',(2.485,2.485,3.E-02));
#2183 = VECTOR('',#2184,1.);
#2184 = DIRECTION('',(0.,0.,1.));
#2185 = PLANE('',#2186);
#2186 = AXIS2_PLACEMENT_3D('',#2187,#2188,#2189);
#2187 = CARTESIAN_POINT('',(-2.485,2.485,3.E-02));
#2188 = DIRECTION('',(1.110223024625E-16,-1.,0.));
#2189 = DIRECTION('',(0.,0.,1.));
#2190 = ADVANCED_FACE('',(#2191),#2369,.T.);
#2191 = FACE_BOUND('',#2192,.T.);
#2192 = EDGE_LOOP('',(#2193,#2201,#2202,#2203,#2211,#2219,#2227,#2235,
    #2243,#2251,#2259,#2267,#2275,#2283,#2291,#2299,#2307,#2315,#2323,
    #2331,#2339,#2347,#2355,#2363));
#2193 = ORIENTED_EDGE('',*,*,#2194,.F.);
#2194 = EDGE_CURVE('',#2173,#2195,#2197,.T.);
#2195 = VERTEX_POINT('',#2196);
#2196 = CARTESIAN_POINT('',(2.485,1.45,3.E-02));
#2197 = LINE('',#2198,#2199);
#2198 = CARTESIAN_POINT('',(2.485,2.485,3.E-02));
#2199 = VECTOR('',#2200,1.);
#2200 = DIRECTION('',(1.110223024625E-16,-1.,0.));
#2201 = ORIENTED_EDGE('',*,*,#2180,.T.);
#2202 = ORIENTED_EDGE('',*,*,#1986,.T.);
#2203 = ORIENTED_EDGE('',*,*,#2204,.F.);
#2204 = EDGE_CURVE('',#2205,#1979,#2207,.T.);
#2205 = VERTEX_POINT('',#2206);
#2206 = CARTESIAN_POINT('',(2.485,-2.485,3.E-02));
#2207 = LINE('',#2208,#2209);
#2208 = CARTESIAN_POINT('',(2.485,-2.485,3.E-02));
#2209 = VECTOR('',#2210,1.);
#2210 = DIRECTION('',(0.,0.,1.));
#2211 = ORIENTED_EDGE('',*,*,#2212,.F.);
#2212 = EDGE_CURVE('',#2213,#2205,#2215,.T.);
#2213 = VERTEX_POINT('',#2214);
#2214 = CARTESIAN_POINT('',(2.485,-1.45,3.E-02));
#2215 = LINE('',#2216,#2217);
#2216 = CARTESIAN_POINT('',(2.485,2.485,3.E-02));
#2217 = VECTOR('',#2218,1.);
#2218 = DIRECTION('',(1.110223024625E-16,-1.,0.));
#2219 = ORIENTED_EDGE('',*,*,#2220,.T.);
#2220 = EDGE_CURVE('',#2213,#2221,#2223,.T.);
#2221 = VERTEX_POINT('',#2222);
#2222 = CARTESIAN_POINT('',(2.485,-1.45,0.1));
#2223 = LINE('',#2224,#2225);
#2224 = CARTESIAN_POINT('',(2.485,-1.45,1.5E-02));
#2225 = VECTOR('',#2226,1.);
#2226 = DIRECTION('',(0.,0.,1.));
#2227 = ORIENTED_EDGE('',*,*,#2228,.F.);
#2228 = EDGE_CURVE('',#2229,#2221,#2231,.T.);
#2229 = VERTEX_POINT('',#2230);
#2230 = CARTESIAN_POINT('',(2.485,-1.15,0.1));
#2231 = LINE('',#2232,#2233);
#2232 = CARTESIAN_POINT('',(2.485,0.5925,0.1));
#2233 = VECTOR('',#2234,1.);
#2234 = DIRECTION('',(1.110223024625E-16,-1.,0.));
#2235 = ORIENTED_EDGE('',*,*,#2236,.T.);
#2236 = EDGE_CURVE('',#2229,#2237,#2239,.T.);
#2237 = VERTEX_POINT('',#2238);
#2238 = CARTESIAN_POINT('',(2.485,-1.15,3.E-02));
#2239 = LINE('',#2240,#2241);
#2240 = CARTESIAN_POINT('',(2.485,-1.15,1.5E-02));
#2241 = VECTOR('',#2242,1.);
#2242 = DIRECTION('',(0.,0.,-1.));
#2243 = ORIENTED_EDGE('',*,*,#2244,.F.);
#2244 = EDGE_CURVE('',#2245,#2237,#2247,.T.);
#2245 = VERTEX_POINT('',#2246);
#2246 = CARTESIAN_POINT('',(2.485,-0.8,3.E-02));
#2247 = LINE('',#2248,#2249);
#2248 = CARTESIAN_POINT('',(2.485,2.485,3.E-02));
#2249 = VECTOR('',#2250,1.);
#2250 = DIRECTION('',(1.110223024625E-16,-1.,0.));
#2251 = ORIENTED_EDGE('',*,*,#2252,.T.);
#2252 = EDGE_CURVE('',#2245,#2253,#2255,.T.);
#2253 = VERTEX_POINT('',#2254);
#2254 = CARTESIAN_POINT('',(2.485,-0.8,0.1));
#2255 = LINE('',#2256,#2257);
#2256 = CARTESIAN_POINT('',(2.485,-0.8,1.5E-02));
#2257 = VECTOR('',#2258,1.);
#2258 = DIRECTION('',(0.,0.,1.));
#2259 = ORIENTED_EDGE('',*,*,#2260,.F.);
#2260 = EDGE_CURVE('',#2261,#2253,#2263,.T.);
#2261 = VERTEX_POINT('',#2262);
#2262 = CARTESIAN_POINT('',(2.485,-0.5,0.1));
#2263 = LINE('',#2264,#2265);
#2264 = CARTESIAN_POINT('',(2.485,0.9175,0.1));
#2265 = VECTOR('',#2266,1.);
#2266 = DIRECTION('',(1.110223024625E-16,-1.,0.));
#2267 = ORIENTED_EDGE('',*,*,#2268,.T.);
#2268 = EDGE_CURVE('',#2261,#2269,#2271,.T.);
#2269 = VERTEX_POINT('',#2270);
#2270 = CARTESIAN_POINT('',(2.485,-0.5,3.E-02));
#2271 = LINE('',#2272,#2273);
#2272 = CARTESIAN_POINT('',(2.485,-0.5,1.5E-02));
#2273 = VECTOR('',#2274,1.);
#2274 = DIRECTION('',(0.,0.,-1.));
#2275 = ORIENTED_EDGE('',*,*,#2276,.F.);
#2276 = EDGE_CURVE('',#2277,#2269,#2279,.T.);
#2277 = VERTEX_POINT('',#2278);
#2278 = CARTESIAN_POINT('',(2.485,-0.15,3.E-02));
#2279 = LINE('',#2280,#2281);
#2280 = CARTESIAN_POINT('',(2.485,2.485,3.E-02));
#2281 = VECTOR('',#2282,1.);
#2282 = DIRECTION('',(1.110223024625E-16,-1.,0.));
#2283 = ORIENTED_EDGE('',*,*,#2284,.T.);
#2284 = EDGE_CURVE('',#2277,#2285,#2287,.T.);
#2285 = VERTEX_POINT('',#2286);
#2286 = CARTESIAN_POINT('',(2.485,-0.15,0.1));
#2287 = LINE('',#2288,#2289);
#2288 = CARTESIAN_POINT('',(2.485,-0.15,1.5E-02));
#2289 = VECTOR('',#2290,1.);
#2290 = DIRECTION('',(0.,0.,1.));
#2291 = ORIENTED_EDGE('',*,*,#2292,.F.);
#2292 = EDGE_CURVE('',#2293,#2285,#2295,.T.);
#2293 = VERTEX_POINT('',#2294);
#2294 = CARTESIAN_POINT('',(2.485,0.15,0.1));
#2295 = LINE('',#2296,#2297);
#2296 = CARTESIAN_POINT('',(2.485,1.2425,0.1));
#2297 = VECTOR('',#2298,1.);
#2298 = DIRECTION('',(1.110223024625E-16,-1.,0.));
#2299 = ORIENTED_EDGE('',*,*,#2300,.T.);
#2300 = EDGE_CURVE('',#2293,#2301,#2303,.T.);
#2301 = VERTEX_POINT('',#2302);
#2302 = CARTESIAN_POINT('',(2.485,0.15,3.E-02));
#2303 = LINE('',#2304,#2305);
#2304 = CARTESIAN_POINT('',(2.485,0.15,1.5E-02));
#2305 = VECTOR('',#2306,1.);
#2306 = DIRECTION('',(0.,0.,-1.));
#2307 = ORIENTED_EDGE('',*,*,#2308,.F.);
#2308 = EDGE_CURVE('',#2309,#2301,#2311,.T.);
#2309 = VERTEX_POINT('',#2310);
#2310 = CARTESIAN_POINT('',(2.485,0.5,3.E-02));
#2311 = LINE('',#2312,#2313);
#2312 = CARTESIAN_POINT('',(2.485,2.485,3.E-02));
#2313 = VECTOR('',#2314,1.);
#2314 = DIRECTION('',(1.110223024625E-16,-1.,0.));
#2315 = ORIENTED_EDGE('',*,*,#2316,.T.);
#2316 = EDGE_CURVE('',#2309,#2317,#2319,.T.);
#2317 = VERTEX_POINT('',#2318);
#2318 = CARTESIAN_POINT('',(2.485,0.5,0.1));
#2319 = LINE('',#2320,#2321);
#2320 = CARTESIAN_POINT('',(2.485,0.5,1.5E-02));
#2321 = VECTOR('',#2322,1.);
#2322 = DIRECTION('',(0.,0.,1.));
#2323 = ORIENTED_EDGE('',*,*,#2324,.F.);
#2324 = EDGE_CURVE('',#2325,#2317,#2327,.T.);
#2325 = VERTEX_POINT('',#2326);
#2326 = CARTESIAN_POINT('',(2.485,0.8,0.1));
#2327 = LINE('',#2328,#2329);
#2328 = CARTESIAN_POINT('',(2.485,1.5675,0.1));
#2329 = VECTOR('',#2330,1.);
#2330 = DIRECTION('',(1.110223024625E-16,-1.,0.));
#2331 = ORIENTED_EDGE('',*,*,#2332,.T.);
#2332 = EDGE_CURVE('',#2325,#2333,#2335,.T.);
#2333 = VERTEX_POINT('',#2334);
#2334 = CARTESIAN_POINT('',(2.485,0.8,3.E-02));
#2335 = LINE('',#2336,#2337);
#2336 = CARTESIAN_POINT('',(2.485,0.8,1.5E-02));
#2337 = VECTOR('',#2338,1.);
#2338 = DIRECTION('',(0.,0.,-1.));
#2339 = ORIENTED_EDGE('',*,*,#2340,.F.);
#2340 = EDGE_CURVE('',#2341,#2333,#2343,.T.);
#2341 = VERTEX_POINT('',#2342);
#2342 = CARTESIAN_POINT('',(2.485,1.15,3.E-02));
#2343 = LINE('',#2344,#2345);
#2344 = CARTESIAN_POINT('',(2.485,2.485,3.E-02));
#2345 = VECTOR('',#2346,1.);
#2346 = DIRECTION('',(1.110223024625E-16,-1.,0.));
#2347 = ORIENTED_EDGE('',*,*,#2348,.T.);
#2348 = EDGE_CURVE('',#2341,#2349,#2351,.T.);
#2349 = VERTEX_POINT('',#2350);
#2350 = CARTESIAN_POINT('',(2.485,1.15,0.1));
#2351 = LINE('',#2352,#2353);
#2352 = CARTESIAN_POINT('',(2.485,1.15,1.5E-02));
#2353 = VECTOR('',#2354,1.);
#2354 = DIRECTION('',(0.,0.,1.));
#2355 = ORIENTED_EDGE('',*,*,#2356,.F.);
#2356 = EDGE_CURVE('',#2357,#2349,#2359,.T.);
#2357 = VERTEX_POINT('',#2358);
#2358 = CARTESIAN_POINT('',(2.485,1.45,0.1));
#2359 = LINE('',#2360,#2361);
#2360 = CARTESIAN_POINT('',(2.485,1.8925,0.1));
#2361 = VECTOR('',#2362,1.);
#2362 = DIRECTION('',(1.110223024625E-16,-1.,0.));
#2363 = ORIENTED_EDGE('',*,*,#2364,.T.);
#2364 = EDGE_CURVE('',#2357,#2195,#2365,.T.);
#2365 = LINE('',#2366,#2367);
#2366 = CARTESIAN_POINT('',(2.485,1.45,1.5E-02));
#2367 = VECTOR('',#2368,1.);
#2368 = DIRECTION('',(0.,0.,-1.));
#2369 = PLANE('',#2370);
#2370 = AXIS2_PLACEMENT_3D('',#2371,#2372,#2373);
#2371 = CARTESIAN_POINT('',(2.485,2.485,3.E-02));
#2372 = DIRECTION('',(1.,1.110223024625E-16,0.));
#2373 = DIRECTION('',(0.,-0.,1.));
#2374 = ADVANCED_FACE('',(#2375),#2553,.F.);
#2375 = FACE_BOUND('',#2376,.F.);
#2376 = EDGE_LOOP('',(#2377,#2385,#2386,#2387,#2395,#2403,#2411,#2419,
    #2427,#2435,#2443,#2451,#2459,#2467,#2475,#2483,#2491,#2499,#2507,
    #2515,#2523,#2531,#2539,#2547));
#2377 = ORIENTED_EDGE('',*,*,#2378,.F.);
#2378 = EDGE_CURVE('',#2005,#2379,#2381,.T.);
#2379 = VERTEX_POINT('',#2380);
#2380 = CARTESIAN_POINT('',(-2.485,1.45,3.E-02));
#2381 = LINE('',#2382,#2383);
#2382 = CARTESIAN_POINT('',(-2.485,2.485,3.E-02));
#2383 = VECTOR('',#2384,1.);
#2384 = DIRECTION('',(1.110223024625E-16,-1.,0.));
#2385 = ORIENTED_EDGE('',*,*,#2004,.T.);
#2386 = ORIENTED_EDGE('',*,*,#1970,.T.);
#2387 = ORIENTED_EDGE('',*,*,#2388,.F.);
#2388 = EDGE_CURVE('',#2389,#1971,#2391,.T.);
#2389 = VERTEX_POINT('',#2390);
#2390 = CARTESIAN_POINT('',(-2.485,-2.485,3.E-02));
#2391 = LINE('',#2392,#2393);
#2392 = CARTESIAN_POINT('',(-2.485,-2.485,3.E-02));
#2393 = VECTOR('',#2394,1.);
#2394 = DIRECTION('',(0.,0.,1.));
#2395 = ORIENTED_EDGE('',*,*,#2396,.F.);
#2396 = EDGE_CURVE('',#2397,#2389,#2399,.T.);
#2397 = VERTEX_POINT('',#2398);
#2398 = CARTESIAN_POINT('',(-2.485,-1.45,3.E-02));
#2399 = LINE('',#2400,#2401);
#2400 = CARTESIAN_POINT('',(-2.485,2.485,3.E-02));
#2401 = VECTOR('',#2402,1.);
#2402 = DIRECTION('',(1.110223024625E-16,-1.,0.));
#2403 = ORIENTED_EDGE('',*,*,#2404,.T.);
#2404 = EDGE_CURVE('',#2397,#2405,#2407,.T.);
#2405 = VERTEX_POINT('',#2406);
#2406 = CARTESIAN_POINT('',(-2.485,-1.45,0.1));
#2407 = LINE('',#2408,#2409);
#2408 = CARTESIAN_POINT('',(-2.485,-1.45,1.5E-02));
#2409 = VECTOR('',#2410,1.);
#2410 = DIRECTION('',(0.,0.,1.));
#2411 = ORIENTED_EDGE('',*,*,#2412,.F.);
#2412 = EDGE_CURVE('',#2413,#2405,#2415,.T.);
#2413 = VERTEX_POINT('',#2414);
#2414 = CARTESIAN_POINT('',(-2.485,-1.15,0.1));
#2415 = LINE('',#2416,#2417);
#2416 = CARTESIAN_POINT('',(-2.485,0.5925,0.1));
#2417 = VECTOR('',#2418,1.);
#2418 = DIRECTION('',(1.110223024625E-16,-1.,0.));
#2419 = ORIENTED_EDGE('',*,*,#2420,.T.);
#2420 = EDGE_CURVE('',#2413,#2421,#2423,.T.);
#2421 = VERTEX_POINT('',#2422);
#2422 = CARTESIAN_POINT('',(-2.485,-1.15,3.E-02));
#2423 = LINE('',#2424,#2425);
#2424 = CARTESIAN_POINT('',(-2.485,-1.15,1.5E-02));
#2425 = VECTOR('',#2426,1.);
#2426 = DIRECTION('',(0.,0.,-1.));
#2427 = ORIENTED_EDGE('',*,*,#2428,.F.);
#2428 = EDGE_CURVE('',#2429,#2421,#2431,.T.);
#2429 = VERTEX_POINT('',#2430);
#2430 = CARTESIAN_POINT('',(-2.485,-0.8,3.E-02));
#2431 = LINE('',#2432,#2433);
#2432 = CARTESIAN_POINT('',(-2.485,2.485,3.E-02));
#2433 = VECTOR('',#2434,1.);
#2434 = DIRECTION('',(1.110223024625E-16,-1.,0.));
#2435 = ORIENTED_EDGE('',*,*,#2436,.T.);
#2436 = EDGE_CURVE('',#2429,#2437,#2439,.T.);
#2437 = VERTEX_POINT('',#2438);
#2438 = CARTESIAN_POINT('',(-2.485,-0.8,0.1));
#2439 = LINE('',#2440,#2441);
#2440 = CARTESIAN_POINT('',(-2.485,-0.8,1.5E-02));
#2441 = VECTOR('',#2442,1.);
#2442 = DIRECTION('',(0.,0.,1.));
#2443 = ORIENTED_EDGE('',*,*,#2444,.F.);
#2444 = EDGE_CURVE('',#2445,#2437,#2447,.T.);
#2445 = VERTEX_POINT('',#2446);
#2446 = CARTESIAN_POINT('',(-2.485,-0.5,0.1));
#2447 = LINE('',#2448,#2449);
#2448 = CARTESIAN_POINT('',(-2.485,0.9175,0.1));
#2449 = VECTOR('',#2450,1.);
#2450 = DIRECTION('',(1.110223024625E-16,-1.,0.));
#2451 = ORIENTED_EDGE('',*,*,#2452,.T.);
#2452 = EDGE_CURVE('',#2445,#2453,#2455,.T.);
#2453 = VERTEX_POINT('',#2454);
#2454 = CARTESIAN_POINT('',(-2.485,-0.5,3.E-02));
#2455 = LINE('',#2456,#2457);
#2456 = CARTESIAN_POINT('',(-2.485,-0.5,1.5E-02));
#2457 = VECTOR('',#2458,1.);
#2458 = DIRECTION('',(0.,0.,-1.));
#2459 = ORIENTED_EDGE('',*,*,#2460,.F.);
#2460 = EDGE_CURVE('',#2461,#2453,#2463,.T.);
#2461 = VERTEX_POINT('',#2462);
#2462 = CARTESIAN_POINT('',(-2.485,-0.15,3.E-02));
#2463 = LINE('',#2464,#2465);
#2464 = CARTESIAN_POINT('',(-2.485,2.485,3.E-02));
#2465 = VECTOR('',#2466,1.);
#2466 = DIRECTION('',(1.110223024625E-16,-1.,0.));
#2467 = ORIENTED_EDGE('',*,*,#2468,.T.);
#2468 = EDGE_CURVE('',#2461,#2469,#2471,.T.);
#2469 = VERTEX_POINT('',#2470);
#2470 = CARTESIAN_POINT('',(-2.485,-0.15,0.1));
#2471 = LINE('',#2472,#2473);
#2472 = CARTESIAN_POINT('',(-2.485,-0.15,1.5E-02));
#2473 = VECTOR('',#2474,1.);
#2474 = DIRECTION('',(0.,0.,1.));
#2475 = ORIENTED_EDGE('',*,*,#2476,.F.);
#2476 = EDGE_CURVE('',#2477,#2469,#2479,.T.);
#2477 = VERTEX_POINT('',#2478);
#2478 = CARTESIAN_POINT('',(-2.485,0.15,0.1));
#2479 = LINE('',#2480,#2481);
#2480 = CARTESIAN_POINT('',(-2.485,1.2425,0.1));
#2481 = VECTOR('',#2482,1.);
#2482 = DIRECTION('',(1.110223024625E-16,-1.,0.));
#2483 = ORIENTED_EDGE('',*,*,#2484,.T.);
#2484 = EDGE_CURVE('',#2477,#2485,#2487,.T.);
#2485 = VERTEX_POINT('',#2486);
#2486 = CARTESIAN_POINT('',(-2.485,0.15,3.E-02));
#2487 = LINE('',#2488,#2489);
#2488 = CARTESIAN_POINT('',(-2.485,0.15,1.5E-02));
#2489 = VECTOR('',#2490,1.);
#2490 = DIRECTION('',(0.,0.,-1.));
#2491 = ORIENTED_EDGE('',*,*,#2492,.F.);
#2492 = EDGE_CURVE('',#2493,#2485,#2495,.T.);
#2493 = VERTEX_POINT('',#2494);
#2494 = CARTESIAN_POINT('',(-2.485,0.5,3.E-02));
#2495 = LINE('',#2496,#2497);
#2496 = CARTESIAN_POINT('',(-2.485,2.485,3.E-02));
#2497 = VECTOR('',#2498,1.);
#2498 = DIRECTION('',(1.110223024625E-16,-1.,0.));
#2499 = ORIENTED_EDGE('',*,*,#2500,.T.);
#2500 = EDGE_CURVE('',#2493,#2501,#2503,.T.);
#2501 = VERTEX_POINT('',#2502);
#2502 = CARTESIAN_POINT('',(-2.485,0.5,0.1));
#2503 = LINE('',#2504,#2505);
#2504 = CARTESIAN_POINT('',(-2.485,0.5,1.5E-02));
#2505 = VECTOR('',#2506,1.);
#2506 = DIRECTION('',(0.,0.,1.));
#2507 = ORIENTED_EDGE('',*,*,#2508,.F.);
#2508 = EDGE_CURVE('',#2509,#2501,#2511,.T.);
#2509 = VERTEX_POINT('',#2510);
#2510 = CARTESIAN_POINT('',(-2.485,0.8,0.1));
#2511 = LINE('',#2512,#2513);
#2512 = CARTESIAN_POINT('',(-2.485,1.5675,0.1));
#2513 = VECTOR('',#2514,1.);
#2514 = DIRECTION('',(1.110223024625E-16,-1.,0.));
#2515 = ORIENTED_EDGE('',*,*,#2516,.T.);
#2516 = EDGE_CURVE('',#2509,#2517,#2519,.T.);
#2517 = VERTEX_POINT('',#2518);
#2518 = CARTESIAN_POINT('',(-2.485,0.8,3.E-02));
#2519 = LINE('',#2520,#2521);
#2520 = CARTESIAN_POINT('',(-2.485,0.8,1.5E-02));
#2521 = VECTOR('',#2522,1.);
#2522 = DIRECTION('',(0.,0.,-1.));
#2523 = ORIENTED_EDGE('',*,*,#2524,.F.);
#2524 = EDGE_CURVE('',#2525,#2517,#2527,.T.);
#2525 = VERTEX_POINT('',#2526);
#2526 = CARTESIAN_POINT('',(-2.485,1.15,3.E-02));
#2527 = LINE('',#2528,#2529);
#2528 = CARTESIAN_POINT('',(-2.485,2.485,3.E-02));
#2529 = VECTOR('',#2530,1.);
#2530 = DIRECTION('',(1.110223024625E-16,-1.,0.));
#2531 = ORIENTED_EDGE('',*,*,#2532,.T.);
#2532 = EDGE_CURVE('',#2525,#2533,#2535,.T.);
#2533 = VERTEX_POINT('',#2534);
#2534 = CARTESIAN_POINT('',(-2.485,1.15,0.1));
#2535 = LINE('',#2536,#2537);
#2536 = CARTESIAN_POINT('',(-2.485,1.15,1.5E-02));
#2537 = VECTOR('',#2538,1.);
#2538 = DIRECTION('',(0.,0.,1.));
#2539 = ORIENTED_EDGE('',*,*,#2540,.F.);
#2540 = EDGE_CURVE('',#2541,#2533,#2543,.T.);
#2541 = VERTEX_POINT('',#2542);
#2542 = CARTESIAN_POINT('',(-2.485,1.45,0.1));
#2543 = LINE('',#2544,#2545);
#2544 = CARTESIAN_POINT('',(-2.485,1.8925,0.1));
#2545 = VECTOR('',#2546,1.);
#2546 = DIRECTION('',(1.110223024625E-16,-1.,0.));
#2547 = ORIENTED_EDGE('',*,*,#2548,.T.);
#2548 = EDGE_CURVE('',#2541,#2379,#2549,.T.);
#2549 = LINE('',#2550,#2551);
#2550 = CARTESIAN_POINT('',(-2.485,1.45,1.5E-02));
#2551 = VECTOR('',#2552,1.);
#2552 = DIRECTION('',(0.,0.,-1.));
#2553 = PLANE('',#2554);
#2554 = AXIS2_PLACEMENT_3D('',#2555,#2556,#2557);
#2555 = CARTESIAN_POINT('',(-2.485,2.485,3.E-02));
#2556 = DIRECTION('',(1.,1.110223024625E-16,0.));
#2557 = DIRECTION('',(0.,-0.,1.));
#2558 = ADVANCED_FACE('',(#2559),#2730,.T.);
#2559 = FACE_BOUND('',#2560,.T.);
#2560 = EDGE_LOOP('',(#2561,#2562,#2563,#2571,#2579,#2587,#2595,#2603,
    #2611,#2619,#2627,#2635,#2643,#2651,#2659,#2667,#2675,#2683,#2691,
    #2699,#2707,#2715,#2723,#2729));
#2561 = ORIENTED_EDGE('',*,*,#1978,.F.);
#2562 = ORIENTED_EDGE('',*,*,#2388,.F.);
#2563 = ORIENTED_EDGE('',*,*,#2564,.T.);
#2564 = EDGE_CURVE('',#2389,#2565,#2567,.T.);
#2565 = VERTEX_POINT('',#2566);
#2566 = CARTESIAN_POINT('',(-1.45,-2.485,3.E-02));
#2567 = LINE('',#2568,#2569);
#2568 = CARTESIAN_POINT('',(-2.485,-2.485,3.E-02));
#2569 = VECTOR('',#2570,1.);
#2570 = DIRECTION('',(1.,1.110223024625E-16,0.));
#2571 = ORIENTED_EDGE('',*,*,#2572,.T.);
#2572 = EDGE_CURVE('',#2565,#2573,#2575,.T.);
#2573 = VERTEX_POINT('',#2574);
#2574 = CARTESIAN_POINT('',(-1.45,-2.485,0.1));
#2575 = LINE('',#2576,#2577);
#2576 = CARTESIAN_POINT('',(-1.45,-2.485,1.5E-02));
#2577 = VECTOR('',#2578,1.);
#2578 = DIRECTION('',(0.,0.,1.));
#2579 = ORIENTED_EDGE('',*,*,#2580,.F.);
#2580 = EDGE_CURVE('',#2581,#2573,#2583,.T.);
#2581 = VERTEX_POINT('',#2582);
#2582 = CARTESIAN_POINT('',(-1.15,-2.485,0.1));
#2583 = LINE('',#2584,#2585);
#2584 = CARTESIAN_POINT('',(-1.8925,-2.485,0.1));
#2585 = VECTOR('',#2586,1.);
#2586 = DIRECTION('',(-1.,-1.110223024625E-16,0.));
#2587 = ORIENTED_EDGE('',*,*,#2588,.T.);
#2588 = EDGE_CURVE('',#2581,#2589,#2591,.T.);
#2589 = VERTEX_POINT('',#2590);
#2590 = CARTESIAN_POINT('',(-1.15,-2.485,3.E-02));
#2591 = LINE('',#2592,#2593);
#2592 = CARTESIAN_POINT('',(-1.15,-2.485,1.5E-02));
#2593 = VECTOR('',#2594,1.);
#2594 = DIRECTION('',(0.,-0.,-1.));
#2595 = ORIENTED_EDGE('',*,*,#2596,.T.);
#2596 = EDGE_CURVE('',#2589,#2597,#2599,.T.);
#2597 = VERTEX_POINT('',#2598);
#2598 = CARTESIAN_POINT('',(-0.8,-2.485,3.E-02));
#2599 = LINE('',#2600,#2601);
#2600 = CARTESIAN_POINT('',(-2.485,-2.485,3.E-02));
#2601 = VECTOR('',#2602,1.);
#2602 = DIRECTION('',(1.,1.110223024625E-16,0.));
#2603 = ORIENTED_EDGE('',*,*,#2604,.T.);
#2604 = EDGE_CURVE('',#2597,#2605,#2607,.T.);
#2605 = VERTEX_POINT('',#2606);
#2606 = CARTESIAN_POINT('',(-0.8,-2.485,0.1));
#2607 = LINE('',#2608,#2609);
#2608 = CARTESIAN_POINT('',(-0.8,-2.485,1.5E-02));
#2609 = VECTOR('',#2610,1.);
#2610 = DIRECTION('',(0.,0.,1.));
#2611 = ORIENTED_EDGE('',*,*,#2612,.F.);
#2612 = EDGE_CURVE('',#2613,#2605,#2615,.T.);
#2613 = VERTEX_POINT('',#2614);
#2614 = CARTESIAN_POINT('',(-0.5,-2.485,0.1));
#2615 = LINE('',#2616,#2617);
#2616 = CARTESIAN_POINT('',(-1.5675,-2.485,0.1));
#2617 = VECTOR('',#2618,1.);
#2618 = DIRECTION('',(-1.,-1.110223024625E-16,0.));
#2619 = ORIENTED_EDGE('',*,*,#2620,.T.);
#2620 = EDGE_CURVE('',#2613,#2621,#2623,.T.);
#2621 = VERTEX_POINT('',#2622);
#2622 = CARTESIAN_POINT('',(-0.5,-2.485,3.E-02));
#2623 = LINE('',#2624,#2625);
#2624 = CARTESIAN_POINT('',(-0.5,-2.485,1.5E-02));
#2625 = VECTOR('',#2626,1.);
#2626 = DIRECTION('',(0.,-0.,-1.));
#2627 = ORIENTED_EDGE('',*,*,#2628,.T.);
#2628 = EDGE_CURVE('',#2621,#2629,#2631,.T.);
#2629 = VERTEX_POINT('',#2630);
#2630 = CARTESIAN_POINT('',(-0.15,-2.485,3.E-02));
#2631 = LINE('',#2632,#2633);
#2632 = CARTESIAN_POINT('',(-2.485,-2.485,3.E-02));
#2633 = VECTOR('',#2634,1.);
#2634 = DIRECTION('',(1.,1.110223024625E-16,0.));
#2635 = ORIENTED_EDGE('',*,*,#2636,.T.);
#2636 = EDGE_CURVE('',#2629,#2637,#2639,.T.);
#2637 = VERTEX_POINT('',#2638);
#2638 = CARTESIAN_POINT('',(-0.15,-2.485,0.1));
#2639 = LINE('',#2640,#2641);
#2640 = CARTESIAN_POINT('',(-0.15,-2.485,1.5E-02));
#2641 = VECTOR('',#2642,1.);
#2642 = DIRECTION('',(0.,0.,1.));
#2643 = ORIENTED_EDGE('',*,*,#2644,.F.);
#2644 = EDGE_CURVE('',#2645,#2637,#2647,.T.);
#2645 = VERTEX_POINT('',#2646);
#2646 = CARTESIAN_POINT('',(0.15,-2.485,0.1));
#2647 = LINE('',#2648,#2649);
#2648 = CARTESIAN_POINT('',(-1.2425,-2.485,0.1));
#2649 = VECTOR('',#2650,1.);
#2650 = DIRECTION('',(-1.,-1.110223024625E-16,0.));
#2651 = ORIENTED_EDGE('',*,*,#2652,.T.);
#2652 = EDGE_CURVE('',#2645,#2653,#2655,.T.);
#2653 = VERTEX_POINT('',#2654);
#2654 = CARTESIAN_POINT('',(0.15,-2.485,3.E-02));
#2655 = LINE('',#2656,#2657);
#2656 = CARTESIAN_POINT('',(0.15,-2.485,1.5E-02));
#2657 = VECTOR('',#2658,1.);
#2658 = DIRECTION('',(0.,-0.,-1.));
#2659 = ORIENTED_EDGE('',*,*,#2660,.T.);
#2660 = EDGE_CURVE('',#2653,#2661,#2663,.T.);
#2661 = VERTEX_POINT('',#2662);
#2662 = CARTESIAN_POINT('',(0.5,-2.485,3.E-02));
#2663 = LINE('',#2664,#2665);
#2664 = CARTESIAN_POINT('',(-2.485,-2.485,3.E-02));
#2665 = VECTOR('',#2666,1.);
#2666 = DIRECTION('',(1.,1.110223024625E-16,0.));
#2667 = ORIENTED_EDGE('',*,*,#2668,.T.);
#2668 = EDGE_CURVE('',#2661,#2669,#2671,.T.);
#2669 = VERTEX_POINT('',#2670);
#2670 = CARTESIAN_POINT('',(0.5,-2.485,0.1));
#2671 = LINE('',#2672,#2673);
#2672 = CARTESIAN_POINT('',(0.5,-2.485,1.5E-02));
#2673 = VECTOR('',#2674,1.);
#2674 = DIRECTION('',(0.,0.,1.));
#2675 = ORIENTED_EDGE('',*,*,#2676,.F.);
#2676 = EDGE_CURVE('',#2677,#2669,#2679,.T.);
#2677 = VERTEX_POINT('',#2678);
#2678 = CARTESIAN_POINT('',(0.8,-2.485,0.1));
#2679 = LINE('',#2680,#2681);
#2680 = CARTESIAN_POINT('',(-0.9175,-2.485,0.1));
#2681 = VECTOR('',#2682,1.);
#2682 = DIRECTION('',(-1.,-1.110223024625E-16,0.));
#2683 = ORIENTED_EDGE('',*,*,#2684,.T.);
#2684 = EDGE_CURVE('',#2677,#2685,#2687,.T.);
#2685 = VERTEX_POINT('',#2686);
#2686 = CARTESIAN_POINT('',(0.8,-2.485,3.E-02));
#2687 = LINE('',#2688,#2689);
#2688 = CARTESIAN_POINT('',(0.8,-2.485,1.5E-02));
#2689 = VECTOR('',#2690,1.);
#2690 = DIRECTION('',(0.,-0.,-1.));
#2691 = ORIENTED_EDGE('',*,*,#2692,.T.);
#2692 = EDGE_CURVE('',#2685,#2693,#2695,.T.);
#2693 = VERTEX_POINT('',#2694);
#2694 = CARTESIAN_POINT('',(1.15,-2.485,3.E-02));
#2695 = LINE('',#2696,#2697);
#2696 = CARTESIAN_POINT('',(-2.485,-2.485,3.E-02));
#2697 = VECTOR('',#2698,1.);
#2698 = DIRECTION('',(1.,1.110223024625E-16,0.));
#2699 = ORIENTED_EDGE('',*,*,#2700,.T.);
#2700 = EDGE_CURVE('',#2693,#2701,#2703,.T.);
#2701 = VERTEX_POINT('',#2702);
#2702 = CARTESIAN_POINT('',(1.15,-2.485,0.1));
#2703 = LINE('',#2704,#2705);
#2704 = CARTESIAN_POINT('',(1.15,-2.485,1.5E-02));
#2705 = VECTOR('',#2706,1.);
#2706 = DIRECTION('',(0.,0.,1.));
#2707 = ORIENTED_EDGE('',*,*,#2708,.F.);
#2708 = EDGE_CURVE('',#2709,#2701,#2711,.T.);
#2709 = VERTEX_POINT('',#2710);
#2710 = CARTESIAN_POINT('',(1.45,-2.485,0.1));
#2711 = LINE('',#2712,#2713);
#2712 = CARTESIAN_POINT('',(-0.5925,-2.485,0.1));
#2713 = VECTOR('',#2714,1.);
#2714 = DIRECTION('',(-1.,-1.110223024625E-16,0.));
#2715 = ORIENTED_EDGE('',*,*,#2716,.T.);
#2716 = EDGE_CURVE('',#2709,#2717,#2719,.T.);
#2717 = VERTEX_POINT('',#2718);
#2718 = CARTESIAN_POINT('',(1.45,-2.485,3.E-02));
#2719 = LINE('',#2720,#2721);
#2720 = CARTESIAN_POINT('',(1.45,-2.485,1.5E-02));
#2721 = VECTOR('',#2722,1.);
#2722 = DIRECTION('',(0.,-0.,-1.));
#2723 = ORIENTED_EDGE('',*,*,#2724,.T.);
#2724 = EDGE_CURVE('',#2717,#2205,#2725,.T.);
#2725 = LINE('',#2726,#2727);
#2726 = CARTESIAN_POINT('',(-2.485,-2.485,3.E-02));
#2727 = VECTOR('',#2728,1.);
#2728 = DIRECTION('',(1.,1.110223024625E-16,0.));
#2729 = ORIENTED_EDGE('',*,*,#2204,.T.);
#2730 = PLANE('',#2731);
#2731 = AXIS2_PLACEMENT_3D('',#2732,#2733,#2734);
#2732 = CARTESIAN_POINT('',(-2.485,-2.485,3.E-02));
#2733 = DIRECTION('',(1.110223024625E-16,-1.,0.));
#2734 = DIRECTION('',(0.,0.,1.));
#2735 = ADVANCED_FACE('',(#2736,#3202),#3244,.F.);
#2736 = FACE_BOUND('',#2737,.F.);
#2737 = EDGE_LOOP('',(#2738,#2739,#2740,#2748,#2756,#2762,#2763,#2771,
    #2779,#2785,#2786,#2794,#2802,#2808,#2809,#2817,#2825,#2831,#2832,
    #2840,#2848,#2854,#2855,#2856,#2864,#2872,#2878,#2879,#2887,#2895,
    #2901,#2902,#2910,#2918,#2924,#2925,#2933,#2941,#2947,#2948,#2956,
    #2964,#2970,#2971,#2972,#2980,#2988,#2994,#2995,#3003,#3011,#3017,
    #3018,#3026,#3034,#3040,#3041,#3049,#3057,#3063,#3064,#3072,#3080,
    #3086,#3087,#3088,#3096,#3104,#3110,#3111,#3119,#3127,#3133,#3134,
    #3142,#3150,#3156,#3157,#3165,#3173,#3179,#3180,#3188,#3196));
#2738 = ORIENTED_EDGE('',*,*,#2012,.F.);
#2739 = ORIENTED_EDGE('',*,*,#2378,.T.);
#2740 = ORIENTED_EDGE('',*,*,#2741,.T.);
#2741 = EDGE_CURVE('',#2379,#2742,#2744,.T.);
#2742 = VERTEX_POINT('',#2743);
#2743 = CARTESIAN_POINT('',(-2.3,1.45,3.E-02));
#2744 = LINE('',#2745,#2746);
#2745 = CARTESIAN_POINT('',(-2.3925,1.45,3.E-02));
#2746 = VECTOR('',#2747,1.);
#2747 = DIRECTION('',(1.,1.110223024625E-16,0.));
#2748 = ORIENTED_EDGE('',*,*,#2749,.T.);
#2749 = EDGE_CURVE('',#2742,#2750,#2752,.T.);
#2750 = VERTEX_POINT('',#2751);
#2751 = CARTESIAN_POINT('',(-2.3,1.15,3.E-02));
#2752 = LINE('',#2753,#2754);
#2753 = CARTESIAN_POINT('',(-2.3,1.8175,3.E-02));
#2754 = VECTOR('',#2755,1.);
#2755 = DIRECTION('',(1.110223024625E-16,-1.,0.));
#2756 = ORIENTED_EDGE('',*,*,#2757,.T.);
#2757 = EDGE_CURVE('',#2750,#2525,#2758,.T.);
#2758 = LINE('',#2759,#2760);
#2759 = CARTESIAN_POINT('',(-2.4925,1.15,3.E-02));
#2760 = VECTOR('',#2761,1.);
#2761 = DIRECTION('',(-1.,-1.110223024625E-16,0.));
#2762 = ORIENTED_EDGE('',*,*,#2524,.T.);
#2763 = ORIENTED_EDGE('',*,*,#2764,.T.);
#2764 = EDGE_CURVE('',#2517,#2765,#2767,.T.);
#2765 = VERTEX_POINT('',#2766);
#2766 = CARTESIAN_POINT('',(-2.3,0.8,3.E-02));
#2767 = LINE('',#2768,#2769);
#2768 = CARTESIAN_POINT('',(-2.3925,0.8,3.E-02));
#2769 = VECTOR('',#2770,1.);
#2770 = DIRECTION('',(1.,1.110223024625E-16,0.));
#2771 = ORIENTED_EDGE('',*,*,#2772,.T.);
#2772 = EDGE_CURVE('',#2765,#2773,#2775,.T.);
#2773 = VERTEX_POINT('',#2774);
#2774 = CARTESIAN_POINT('',(-2.3,0.5,3.E-02));
#2775 = LINE('',#2776,#2777);
#2776 = CARTESIAN_POINT('',(-2.3,1.4925,3.E-02));
#2777 = VECTOR('',#2778,1.);
#2778 = DIRECTION('',(1.110223024625E-16,-1.,0.));
#2779 = ORIENTED_EDGE('',*,*,#2780,.T.);
#2780 = EDGE_CURVE('',#2773,#2493,#2781,.T.);
#2781 = LINE('',#2782,#2783);
#2782 = CARTESIAN_POINT('',(-2.4925,0.5,3.E-02));
#2783 = VECTOR('',#2784,1.);
#2784 = DIRECTION('',(-1.,-1.110223024625E-16,0.));
#2785 = ORIENTED_EDGE('',*,*,#2492,.T.);
#2786 = ORIENTED_EDGE('',*,*,#2787,.T.);
#2787 = EDGE_CURVE('',#2485,#2788,#2790,.T.);
#2788 = VERTEX_POINT('',#2789);
#2789 = CARTESIAN_POINT('',(-2.3,0.15,3.E-02));
#2790 = LINE('',#2791,#2792);
#2791 = CARTESIAN_POINT('',(-2.3925,0.15,3.E-02));
#2792 = VECTOR('',#2793,1.);
#2793 = DIRECTION('',(1.,1.110223024625E-16,0.));
#2794 = ORIENTED_EDGE('',*,*,#2795,.T.);
#2795 = EDGE_CURVE('',#2788,#2796,#2798,.T.);
#2796 = VERTEX_POINT('',#2797);
#2797 = CARTESIAN_POINT('',(-2.3,-0.15,3.E-02));
#2798 = LINE('',#2799,#2800);
#2799 = CARTESIAN_POINT('',(-2.3,1.1675,3.E-02));
#2800 = VECTOR('',#2801,1.);
#2801 = DIRECTION('',(1.110223024625E-16,-1.,0.));
#2802 = ORIENTED_EDGE('',*,*,#2803,.T.);
#2803 = EDGE_CURVE('',#2796,#2461,#2804,.T.);
#2804 = LINE('',#2805,#2806);
#2805 = CARTESIAN_POINT('',(-2.4925,-0.15,3.E-02));
#2806 = VECTOR('',#2807,1.);
#2807 = DIRECTION('',(-1.,-1.110223024625E-16,0.));
#2808 = ORIENTED_EDGE('',*,*,#2460,.T.);
#2809 = ORIENTED_EDGE('',*,*,#2810,.T.);
#2810 = EDGE_CURVE('',#2453,#2811,#2813,.T.);
#2811 = VERTEX_POINT('',#2812);
#2812 = CARTESIAN_POINT('',(-2.3,-0.5,3.E-02));
#2813 = LINE('',#2814,#2815);
#2814 = CARTESIAN_POINT('',(-2.3925,-0.5,3.E-02));
#2815 = VECTOR('',#2816,1.);
#2816 = DIRECTION('',(1.,1.110223024625E-16,0.));
#2817 = ORIENTED_EDGE('',*,*,#2818,.T.);
#2818 = EDGE_CURVE('',#2811,#2819,#2821,.T.);
#2819 = VERTEX_POINT('',#2820);
#2820 = CARTESIAN_POINT('',(-2.3,-0.8,3.E-02));
#2821 = LINE('',#2822,#2823);
#2822 = CARTESIAN_POINT('',(-2.3,0.8425,3.E-02));
#2823 = VECTOR('',#2824,1.);
#2824 = DIRECTION('',(1.110223024625E-16,-1.,0.));
#2825 = ORIENTED_EDGE('',*,*,#2826,.T.);
#2826 = EDGE_CURVE('',#2819,#2429,#2827,.T.);
#2827 = LINE('',#2828,#2829);
#2828 = CARTESIAN_POINT('',(-2.4925,-0.8,3.E-02));
#2829 = VECTOR('',#2830,1.);
#2830 = DIRECTION('',(-1.,-1.110223024625E-16,0.));
#2831 = ORIENTED_EDGE('',*,*,#2428,.T.);
#2832 = ORIENTED_EDGE('',*,*,#2833,.T.);
#2833 = EDGE_CURVE('',#2421,#2834,#2836,.T.);
#2834 = VERTEX_POINT('',#2835);
#2835 = CARTESIAN_POINT('',(-2.3,-1.15,3.E-02));
#2836 = LINE('',#2837,#2838);
#2837 = CARTESIAN_POINT('',(-2.3925,-1.15,3.E-02));
#2838 = VECTOR('',#2839,1.);
#2839 = DIRECTION('',(1.,1.110223024625E-16,0.));
#2840 = ORIENTED_EDGE('',*,*,#2841,.T.);
#2841 = EDGE_CURVE('',#2834,#2842,#2844,.T.);
#2842 = VERTEX_POINT('',#2843);
#2843 = CARTESIAN_POINT('',(-2.3,-1.45,3.E-02));
#2844 = LINE('',#2845,#2846);
#2845 = CARTESIAN_POINT('',(-2.3,0.5175,3.E-02));
#2846 = VECTOR('',#2847,1.);
#2847 = DIRECTION('',(1.110223024625E-16,-1.,0.));
#2848 = ORIENTED_EDGE('',*,*,#2849,.T.);
#2849 = EDGE_CURVE('',#2842,#2397,#2850,.T.);
#2850 = LINE('',#2851,#2852);
#2851 = CARTESIAN_POINT('',(-2.4925,-1.45,3.E-02));
#2852 = VECTOR('',#2853,1.);
#2853 = DIRECTION('',(-1.,-1.110223024625E-16,0.));
#2854 = ORIENTED_EDGE('',*,*,#2396,.T.);
#2855 = ORIENTED_EDGE('',*,*,#2564,.T.);
#2856 = ORIENTED_EDGE('',*,*,#2857,.T.);
#2857 = EDGE_CURVE('',#2565,#2858,#2860,.T.);
#2858 = VERTEX_POINT('',#2859);
#2859 = CARTESIAN_POINT('',(-1.45,-2.3,3.E-02));
#2860 = LINE('',#2861,#2862);
#2861 = CARTESIAN_POINT('',(-1.45,9.25E-02,3.E-02));
#2862 = VECTOR('',#2863,1.);
#2863 = DIRECTION('',(-1.144237745222E-17,1.,0.));
#2864 = ORIENTED_EDGE('',*,*,#2865,.T.);
#2865 = EDGE_CURVE('',#2858,#2866,#2868,.T.);
#2866 = VERTEX_POINT('',#2867);
#2867 = CARTESIAN_POINT('',(-1.15,-2.3,3.E-02));
#2868 = LINE('',#2869,#2870);
#2869 = CARTESIAN_POINT('',(-1.8175,-2.3,3.E-02));
#2870 = VECTOR('',#2871,1.);
#2871 = DIRECTION('',(1.,1.144237745222E-17,0.));
#2872 = ORIENTED_EDGE('',*,*,#2873,.T.);
#2873 = EDGE_CURVE('',#2866,#2589,#2874,.T.);
#2874 = LINE('',#2875,#2876);
#2875 = CARTESIAN_POINT('',(-1.15,-7.5E-03,3.E-02));
#2876 = VECTOR('',#2877,1.);
#2877 = DIRECTION('',(1.144237745222E-17,-1.,0.));
#2878 = ORIENTED_EDGE('',*,*,#2596,.T.);
#2879 = ORIENTED_EDGE('',*,*,#2880,.T.);
#2880 = EDGE_CURVE('',#2597,#2881,#2883,.T.);
#2881 = VERTEX_POINT('',#2882);
#2882 = CARTESIAN_POINT('',(-0.8,-2.3,3.E-02));
#2883 = LINE('',#2884,#2885);
#2884 = CARTESIAN_POINT('',(-0.8,9.25E-02,3.E-02));
#2885 = VECTOR('',#2886,1.);
#2886 = DIRECTION('',(-1.144237745222E-17,1.,0.));
#2887 = ORIENTED_EDGE('',*,*,#2888,.T.);
#2888 = EDGE_CURVE('',#2881,#2889,#2891,.T.);
#2889 = VERTEX_POINT('',#2890);
#2890 = CARTESIAN_POINT('',(-0.5,-2.3,3.E-02));
#2891 = LINE('',#2892,#2893);
#2892 = CARTESIAN_POINT('',(-1.4925,-2.3,3.E-02));
#2893 = VECTOR('',#2894,1.);
#2894 = DIRECTION('',(1.,1.144237745222E-17,0.));
#2895 = ORIENTED_EDGE('',*,*,#2896,.T.);
#2896 = EDGE_CURVE('',#2889,#2621,#2897,.T.);
#2897 = LINE('',#2898,#2899);
#2898 = CARTESIAN_POINT('',(-0.5,-7.5E-03,3.E-02));
#2899 = VECTOR('',#2900,1.);
#2900 = DIRECTION('',(1.144237745222E-17,-1.,0.));
#2901 = ORIENTED_EDGE('',*,*,#2628,.T.);
#2902 = ORIENTED_EDGE('',*,*,#2903,.T.);
#2903 = EDGE_CURVE('',#2629,#2904,#2906,.T.);
#2904 = VERTEX_POINT('',#2905);
#2905 = CARTESIAN_POINT('',(-0.15,-2.3,3.E-02));
#2906 = LINE('',#2907,#2908);
#2907 = CARTESIAN_POINT('',(-0.15,9.25E-02,3.E-02));
#2908 = VECTOR('',#2909,1.);
#2909 = DIRECTION('',(-1.144237745222E-17,1.,0.));
#2910 = ORIENTED_EDGE('',*,*,#2911,.T.);
#2911 = EDGE_CURVE('',#2904,#2912,#2914,.T.);
#2912 = VERTEX_POINT('',#2913);
#2913 = CARTESIAN_POINT('',(0.15,-2.3,3.E-02));
#2914 = LINE('',#2915,#2916);
#2915 = CARTESIAN_POINT('',(-1.1675,-2.3,3.E-02));
#2916 = VECTOR('',#2917,1.);
#2917 = DIRECTION('',(1.,1.144237745222E-17,0.));
#2918 = ORIENTED_EDGE('',*,*,#2919,.T.);
#2919 = EDGE_CURVE('',#2912,#2653,#2920,.T.);
#2920 = LINE('',#2921,#2922);
#2921 = CARTESIAN_POINT('',(0.15,-7.5E-03,3.E-02));
#2922 = VECTOR('',#2923,1.);
#2923 = DIRECTION('',(1.144237745222E-17,-1.,0.));
#2924 = ORIENTED_EDGE('',*,*,#2660,.T.);
#2925 = ORIENTED_EDGE('',*,*,#2926,.T.);
#2926 = EDGE_CURVE('',#2661,#2927,#2929,.T.);
#2927 = VERTEX_POINT('',#2928);
#2928 = CARTESIAN_POINT('',(0.5,-2.3,3.E-02));
#2929 = LINE('',#2930,#2931);
#2930 = CARTESIAN_POINT('',(0.5,9.25E-02,3.E-02));
#2931 = VECTOR('',#2932,1.);
#2932 = DIRECTION('',(-1.144237745222E-17,1.,0.));
#2933 = ORIENTED_EDGE('',*,*,#2934,.T.);
#2934 = EDGE_CURVE('',#2927,#2935,#2937,.T.);
#2935 = VERTEX_POINT('',#2936);
#2936 = CARTESIAN_POINT('',(0.8,-2.3,3.E-02));
#2937 = LINE('',#2938,#2939);
#2938 = CARTESIAN_POINT('',(-0.8425,-2.3,3.E-02));
#2939 = VECTOR('',#2940,1.);
#2940 = DIRECTION('',(1.,1.144237745222E-17,0.));
#2941 = ORIENTED_EDGE('',*,*,#2942,.T.);
#2942 = EDGE_CURVE('',#2935,#2685,#2943,.T.);
#2943 = LINE('',#2944,#2945);
#2944 = CARTESIAN_POINT('',(0.8,-7.5E-03,3.E-02));
#2945 = VECTOR('',#2946,1.);
#2946 = DIRECTION('',(1.144237745222E-17,-1.,0.));
#2947 = ORIENTED_EDGE('',*,*,#2692,.T.);
#2948 = ORIENTED_EDGE('',*,*,#2949,.T.);
#2949 = EDGE_CURVE('',#2693,#2950,#2952,.T.);
#2950 = VERTEX_POINT('',#2951);
#2951 = CARTESIAN_POINT('',(1.15,-2.3,3.E-02));
#2952 = LINE('',#2953,#2954);
#2953 = CARTESIAN_POINT('',(1.15,9.25E-02,3.E-02));
#2954 = VECTOR('',#2955,1.);
#2955 = DIRECTION('',(-1.144237745222E-17,1.,0.));
#2956 = ORIENTED_EDGE('',*,*,#2957,.T.);
#2957 = EDGE_CURVE('',#2950,#2958,#2960,.T.);
#2958 = VERTEX_POINT('',#2959);
#2959 = CARTESIAN_POINT('',(1.45,-2.3,3.E-02));
#2960 = LINE('',#2961,#2962);
#2961 = CARTESIAN_POINT('',(-0.5175,-2.3,3.E-02));
#2962 = VECTOR('',#2963,1.);
#2963 = DIRECTION('',(1.,1.144237745222E-17,0.));
#2964 = ORIENTED_EDGE('',*,*,#2965,.T.);
#2965 = EDGE_CURVE('',#2958,#2717,#2966,.T.);
#2966 = LINE('',#2967,#2968);
#2967 = CARTESIAN_POINT('',(1.45,-7.5E-03,3.E-02));
#2968 = VECTOR('',#2969,1.);
#2969 = DIRECTION('',(1.144237745222E-17,-1.,0.));
#2970 = ORIENTED_EDGE('',*,*,#2724,.T.);
#2971 = ORIENTED_EDGE('',*,*,#2212,.F.);
#2972 = ORIENTED_EDGE('',*,*,#2973,.T.);
#2973 = EDGE_CURVE('',#2213,#2974,#2976,.T.);
#2974 = VERTEX_POINT('',#2975);
#2975 = CARTESIAN_POINT('',(2.3,-1.45,3.E-02));
#2976 = LINE('',#2977,#2978);
#2977 = CARTESIAN_POINT('',(-9.25E-02,-1.45,3.E-02));
#2978 = VECTOR('',#2979,1.);
#2979 = DIRECTION('',(-1.,-2.334869823773E-16,0.));
#2980 = ORIENTED_EDGE('',*,*,#2981,.T.);
#2981 = EDGE_CURVE('',#2974,#2982,#2984,.T.);
#2982 = VERTEX_POINT('',#2983);
#2983 = CARTESIAN_POINT('',(2.3,-1.15,3.E-02));
#2984 = LINE('',#2985,#2986);
#2985 = CARTESIAN_POINT('',(2.3,0.6675,3.E-02));
#2986 = VECTOR('',#2987,1.);
#2987 = DIRECTION('',(-2.334869823773E-16,1.,0.));
#2988 = ORIENTED_EDGE('',*,*,#2989,.T.);
#2989 = EDGE_CURVE('',#2982,#2237,#2990,.T.);
#2990 = LINE('',#2991,#2992);
#2991 = CARTESIAN_POINT('',(7.5E-03,-1.15,3.E-02));
#2992 = VECTOR('',#2993,1.);
#2993 = DIRECTION('',(1.,2.334869823773E-16,0.));
#2994 = ORIENTED_EDGE('',*,*,#2244,.F.);
#2995 = ORIENTED_EDGE('',*,*,#2996,.T.);
#2996 = EDGE_CURVE('',#2245,#2997,#2999,.T.);
#2997 = VERTEX_POINT('',#2998);
#2998 = CARTESIAN_POINT('',(2.3,-0.8,3.E-02));
#2999 = LINE('',#3000,#3001);
#3000 = CARTESIAN_POINT('',(-9.25E-02,-0.8,3.E-02));
#3001 = VECTOR('',#3002,1.);
#3002 = DIRECTION('',(-1.,-2.334869823773E-16,0.));
#3003 = ORIENTED_EDGE('',*,*,#3004,.T.);
#3004 = EDGE_CURVE('',#2997,#3005,#3007,.T.);
#3005 = VERTEX_POINT('',#3006);
#3006 = CARTESIAN_POINT('',(2.3,-0.5,3.E-02));
#3007 = LINE('',#3008,#3009);
#3008 = CARTESIAN_POINT('',(2.3,0.9925,3.E-02));
#3009 = VECTOR('',#3010,1.);
#3010 = DIRECTION('',(-2.334869823773E-16,1.,0.));
#3011 = ORIENTED_EDGE('',*,*,#3012,.T.);
#3012 = EDGE_CURVE('',#3005,#2269,#3013,.T.);
#3013 = LINE('',#3014,#3015);
#3014 = CARTESIAN_POINT('',(7.5E-03,-0.5,3.E-02));
#3015 = VECTOR('',#3016,1.);
#3016 = DIRECTION('',(1.,2.334869823773E-16,0.));
#3017 = ORIENTED_EDGE('',*,*,#2276,.F.);
#3018 = ORIENTED_EDGE('',*,*,#3019,.T.);
#3019 = EDGE_CURVE('',#2277,#3020,#3022,.T.);
#3020 = VERTEX_POINT('',#3021);
#3021 = CARTESIAN_POINT('',(2.3,-0.15,3.E-02));
#3022 = LINE('',#3023,#3024);
#3023 = CARTESIAN_POINT('',(-9.25E-02,-0.15,3.E-02));
#3024 = VECTOR('',#3025,1.);
#3025 = DIRECTION('',(-1.,-2.334869823773E-16,0.));
#3026 = ORIENTED_EDGE('',*,*,#3027,.T.);
#3027 = EDGE_CURVE('',#3020,#3028,#3030,.T.);
#3028 = VERTEX_POINT('',#3029);
#3029 = CARTESIAN_POINT('',(2.3,0.15,3.E-02));
#3030 = LINE('',#3031,#3032);
#3031 = CARTESIAN_POINT('',(2.3,1.3175,3.E-02));
#3032 = VECTOR('',#3033,1.);
#3033 = DIRECTION('',(-2.334869823773E-16,1.,0.));
#3034 = ORIENTED_EDGE('',*,*,#3035,.T.);
#3035 = EDGE_CURVE('',#3028,#2301,#3036,.T.);
#3036 = LINE('',#3037,#3038);
#3037 = CARTESIAN_POINT('',(7.5E-03,0.15,3.E-02));
#3038 = VECTOR('',#3039,1.);
#3039 = DIRECTION('',(1.,2.334869823773E-16,0.));
#3040 = ORIENTED_EDGE('',*,*,#2308,.F.);
#3041 = ORIENTED_EDGE('',*,*,#3042,.T.);
#3042 = EDGE_CURVE('',#2309,#3043,#3045,.T.);
#3043 = VERTEX_POINT('',#3044);
#3044 = CARTESIAN_POINT('',(2.3,0.5,3.E-02));
#3045 = LINE('',#3046,#3047);
#3046 = CARTESIAN_POINT('',(-9.25E-02,0.5,3.E-02));
#3047 = VECTOR('',#3048,1.);
#3048 = DIRECTION('',(-1.,-2.334869823773E-16,0.));
#3049 = ORIENTED_EDGE('',*,*,#3050,.T.);
#3050 = EDGE_CURVE('',#3043,#3051,#3053,.T.);
#3051 = VERTEX_POINT('',#3052);
#3052 = CARTESIAN_POINT('',(2.3,0.8,3.E-02));
#3053 = LINE('',#3054,#3055);
#3054 = CARTESIAN_POINT('',(2.3,1.6425,3.E-02));
#3055 = VECTOR('',#3056,1.);
#3056 = DIRECTION('',(-2.334869823773E-16,1.,0.));
#3057 = ORIENTED_EDGE('',*,*,#3058,.T.);
#3058 = EDGE_CURVE('',#3051,#2333,#3059,.T.);
#3059 = LINE('',#3060,#3061);
#3060 = CARTESIAN_POINT('',(7.5E-03,0.8,3.E-02));
#3061 = VECTOR('',#3062,1.);
#3062 = DIRECTION('',(1.,2.334869823773E-16,0.));
#3063 = ORIENTED_EDGE('',*,*,#2340,.F.);
#3064 = ORIENTED_EDGE('',*,*,#3065,.T.);
#3065 = EDGE_CURVE('',#2341,#3066,#3068,.T.);
#3066 = VERTEX_POINT('',#3067);
#3067 = CARTESIAN_POINT('',(2.3,1.15,3.E-02));
#3068 = LINE('',#3069,#3070);
#3069 = CARTESIAN_POINT('',(-9.25E-02,1.15,3.E-02));
#3070 = VECTOR('',#3071,1.);
#3071 = DIRECTION('',(-1.,-2.334869823773E-16,0.));
#3072 = ORIENTED_EDGE('',*,*,#3073,.T.);
#3073 = EDGE_CURVE('',#3066,#3074,#3076,.T.);
#3074 = VERTEX_POINT('',#3075);
#3075 = CARTESIAN_POINT('',(2.3,1.45,3.E-02));
#3076 = LINE('',#3077,#3078);
#3077 = CARTESIAN_POINT('',(2.3,1.9675,3.E-02));
#3078 = VECTOR('',#3079,1.);
#3079 = DIRECTION('',(-2.334869823773E-16,1.,0.));
#3080 = ORIENTED_EDGE('',*,*,#3081,.T.);
#3081 = EDGE_CURVE('',#3074,#2195,#3082,.T.);
#3082 = LINE('',#3083,#3084);
#3083 = CARTESIAN_POINT('',(7.5E-03,1.45,3.E-02));
#3084 = VECTOR('',#3085,1.);
#3085 = DIRECTION('',(1.,2.334869823773E-16,0.));
#3086 = ORIENTED_EDGE('',*,*,#2194,.F.);
#3087 = ORIENTED_EDGE('',*,*,#2172,.F.);
#3088 = ORIENTED_EDGE('',*,*,#3089,.T.);
#3089 = EDGE_CURVE('',#2165,#3090,#3092,.T.);
#3090 = VERTEX_POINT('',#3091);
#3091 = CARTESIAN_POINT('',(1.45,2.3,3.E-02));
#3092 = LINE('',#3093,#3094);
#3093 = CARTESIAN_POINT('',(1.45,2.3925,3.E-02));
#3094 = VECTOR('',#3095,1.);
#3095 = DIRECTION('',(1.224646799147E-16,-1.,0.));
#3096 = ORIENTED_EDGE('',*,*,#3097,.T.);
#3097 = EDGE_CURVE('',#3090,#3098,#3100,.T.);
#3098 = VERTEX_POINT('',#3099);
#3099 = CARTESIAN_POINT('',(1.15,2.3,3.E-02));
#3100 = LINE('',#3101,#3102);
#3101 = CARTESIAN_POINT('',(-0.6675,2.3,3.E-02));
#3102 = VECTOR('',#3103,1.);
#3103 = DIRECTION('',(-1.,-1.224646799147E-16,0.));
#3104 = ORIENTED_EDGE('',*,*,#3105,.T.);
#3105 = EDGE_CURVE('',#3098,#2141,#3106,.T.);
#3106 = LINE('',#3107,#3108);
#3107 = CARTESIAN_POINT('',(1.15,2.4925,3.E-02));
#3108 = VECTOR('',#3109,1.);
#3109 = DIRECTION('',(-1.224646799147E-16,1.,0.));
#3110 = ORIENTED_EDGE('',*,*,#2140,.F.);
#3111 = ORIENTED_EDGE('',*,*,#3112,.T.);
#3112 = EDGE_CURVE('',#2133,#3113,#3115,.T.);
#3113 = VERTEX_POINT('',#3114);
#3114 = CARTESIAN_POINT('',(0.8,2.3,3.E-02));
#3115 = LINE('',#3116,#3117);
#3116 = CARTESIAN_POINT('',(0.8,2.3925,3.E-02));
#3117 = VECTOR('',#3118,1.);
#3118 = DIRECTION('',(1.224646799147E-16,-1.,0.));
#3119 = ORIENTED_EDGE('',*,*,#3120,.T.);
#3120 = EDGE_CURVE('',#3113,#3121,#3123,.T.);
#3121 = VERTEX_POINT('',#3122);
#3122 = CARTESIAN_POINT('',(0.5,2.3,3.E-02));
#3123 = LINE('',#3124,#3125);
#3124 = CARTESIAN_POINT('',(-0.9925,2.3,3.E-02));
#3125 = VECTOR('',#3126,1.);
#3126 = DIRECTION('',(-1.,-1.224646799147E-16,0.));
#3127 = ORIENTED_EDGE('',*,*,#3128,.T.);
#3128 = EDGE_CURVE('',#3121,#2109,#3129,.T.);
#3129 = LINE('',#3130,#3131);
#3130 = CARTESIAN_POINT('',(0.5,2.4925,3.E-02));
#3131 = VECTOR('',#3132,1.);
#3132 = DIRECTION('',(-1.224646799147E-16,1.,0.));
#3133 = ORIENTED_EDGE('',*,*,#2108,.F.);
#3134 = ORIENTED_EDGE('',*,*,#3135,.T.);
#3135 = EDGE_CURVE('',#2101,#3136,#3138,.T.);
#3136 = VERTEX_POINT('',#3137);
#3137 = CARTESIAN_POINT('',(0.15,2.3,3.E-02));
#3138 = LINE('',#3139,#3140);
#3139 = CARTESIAN_POINT('',(0.15,2.3925,3.E-02));
#3140 = VECTOR('',#3141,1.);
#3141 = DIRECTION('',(1.224646799147E-16,-1.,0.));
#3142 = ORIENTED_EDGE('',*,*,#3143,.T.);
#3143 = EDGE_CURVE('',#3136,#3144,#3146,.T.);
#3144 = VERTEX_POINT('',#3145);
#3145 = CARTESIAN_POINT('',(-0.15,2.3,3.E-02));
#3146 = LINE('',#3147,#3148);
#3147 = CARTESIAN_POINT('',(-1.3175,2.3,3.E-02));
#3148 = VECTOR('',#3149,1.);
#3149 = DIRECTION('',(-1.,-1.224646799147E-16,0.));
#3150 = ORIENTED_EDGE('',*,*,#3151,.T.);
#3151 = EDGE_CURVE('',#3144,#2077,#3152,.T.);
#3152 = LINE('',#3153,#3154);
#3153 = CARTESIAN_POINT('',(-0.15,2.4925,3.E-02));
#3154 = VECTOR('',#3155,1.);
#3155 = DIRECTION('',(-1.224646799147E-16,1.,0.));
#3156 = ORIENTED_EDGE('',*,*,#2076,.F.);
#3157 = ORIENTED_EDGE('',*,*,#3158,.T.);
#3158 = EDGE_CURVE('',#2069,#3159,#3161,.T.);
#3159 = VERTEX_POINT('',#3160);
#3160 = CARTESIAN_POINT('',(-0.5,2.3,3.E-02));
#3161 = LINE('',#3162,#3163);
#3162 = CARTESIAN_POINT('',(-0.5,2.3925,3.E-02));
#3163 = VECTOR('',#3164,1.);
#3164 = DIRECTION('',(1.224646799147E-16,-1.,0.));
#3165 = ORIENTED_EDGE('',*,*,#3166,.T.);
#3166 = EDGE_CURVE('',#3159,#3167,#3169,.T.);
#3167 = VERTEX_POINT('',#3168);
#3168 = CARTESIAN_POINT('',(-0.8,2.3,3.E-02));
#3169 = LINE('',#3170,#3171);
#3170 = CARTESIAN_POINT('',(-1.6425,2.3,3.E-02));
#3171 = VECTOR('',#3172,1.);
#3172 = DIRECTION('',(-1.,-1.224646799147E-16,0.));
#3173 = ORIENTED_EDGE('',*,*,#3174,.T.);
#3174 = EDGE_CURVE('',#3167,#2045,#3175,.T.);
#3175 = LINE('',#3176,#3177);
#3176 = CARTESIAN_POINT('',(-0.8,2.4925,3.E-02));
#3177 = VECTOR('',#3178,1.);
#3178 = DIRECTION('',(-1.224646799147E-16,1.,0.));
#3179 = ORIENTED_EDGE('',*,*,#2044,.F.);
#3180 = ORIENTED_EDGE('',*,*,#3181,.T.);
#3181 = EDGE_CURVE('',#2037,#3182,#3184,.T.);
#3182 = VERTEX_POINT('',#3183);
#3183 = CARTESIAN_POINT('',(-1.15,2.3,3.E-02));
#3184 = LINE('',#3185,#3186);
#3185 = CARTESIAN_POINT('',(-1.15,2.3925,3.E-02));
#3186 = VECTOR('',#3187,1.);
#3187 = DIRECTION('',(1.224646799147E-16,-1.,0.));
#3188 = ORIENTED_EDGE('',*,*,#3189,.T.);
#3189 = EDGE_CURVE('',#3182,#3190,#3192,.T.);
#3190 = VERTEX_POINT('',#3191);
#3191 = CARTESIAN_POINT('',(-1.45,2.3,3.E-02));
#3192 = LINE('',#3193,#3194);
#3193 = CARTESIAN_POINT('',(-1.9675,2.3,3.E-02));
#3194 = VECTOR('',#3195,1.);
#3195 = DIRECTION('',(-1.,-1.224646799147E-16,0.));
#3196 = ORIENTED_EDGE('',*,*,#3197,.T.);
#3197 = EDGE_CURVE('',#3190,#2013,#3198,.T.);
#3198 = LINE('',#3199,#3200);
#3199 = CARTESIAN_POINT('',(-1.45,2.4925,3.E-02));
#3200 = VECTOR('',#3201,1.);
#3201 = DIRECTION('',(-1.224646799147E-16,1.,0.));
#3202 = FACE_BOUND('',#3203,.F.);
#3203 = EDGE_LOOP('',(#3204,#3214,#3222,#3230,#3238));
#3204 = ORIENTED_EDGE('',*,*,#3205,.T.);
#3205 = EDGE_CURVE('',#3206,#3208,#3210,.T.);
#3206 = VERTEX_POINT('',#3207);
#3207 = CARTESIAN_POINT('',(1.575,-1.575,3.E-02));
#3208 = VERTEX_POINT('',#3209);
#3209 = CARTESIAN_POINT('',(-1.575,-1.575,3.E-02));
#3210 = LINE('',#3211,#3212);
#3211 = CARTESIAN_POINT('',(-2.03,-1.575,3.E-02));
#3212 = VECTOR('',#3213,1.);
#3213 = DIRECTION('',(-1.,-1.110223024625E-16,0.));
#3214 = ORIENTED_EDGE('',*,*,#3215,.T.);
#3215 = EDGE_CURVE('',#3208,#3216,#3218,.T.);
#3216 = VERTEX_POINT('',#3217);
#3217 = CARTESIAN_POINT('',(-1.575,1.325,3.E-02));
#3218 = LINE('',#3219,#3220);
#3219 = CARTESIAN_POINT('',(-1.575,1.905,3.E-02));
#3220 = VECTOR('',#3221,1.);
#3221 = DIRECTION('',(-1.110223024625E-16,1.,0.));
#3222 = ORIENTED_EDGE('',*,*,#3223,.T.);
#3223 = EDGE_CURVE('',#3216,#3224,#3226,.T.);
#3224 = VERTEX_POINT('',#3225);
#3225 = CARTESIAN_POINT('',(-1.325,1.575,3.E-02));
#3226 = LINE('',#3227,#3228);
#3227 = CARTESIAN_POINT('',(-1.3875,1.5125,3.E-02));
#3228 = VECTOR('',#3229,1.);
#3229 = DIRECTION('',(0.707106781187,0.707106781187,0.));
#3230 = ORIENTED_EDGE('',*,*,#3231,.T.);
#3231 = EDGE_CURVE('',#3224,#3232,#3234,.T.);
#3232 = VERTEX_POINT('',#3233);
#3233 = CARTESIAN_POINT('',(1.575,1.575,3.E-02));
#3234 = LINE('',#3235,#3236);
#3235 = CARTESIAN_POINT('',(-0.455,1.575,3.E-02));
#3236 = VECTOR('',#3237,1.);
#3237 = DIRECTION('',(1.,1.110223024625E-16,0.));
#3238 = ORIENTED_EDGE('',*,*,#3239,.T.);
#3239 = EDGE_CURVE('',#3232,#3206,#3240,.T.);
#3240 = LINE('',#3241,#3242);
#3241 = CARTESIAN_POINT('',(1.575,0.455,3.E-02));
#3242 = VECTOR('',#3243,1.);
#3243 = DIRECTION('',(1.110223024625E-16,-1.,0.));
#3244 = PLANE('',#3245);
#3245 = AXIS2_PLACEMENT_3D('',#3246,#3247,#3248);
#3246 = CARTESIAN_POINT('',(-2.485,2.485,3.E-02));
#3247 = DIRECTION('',(0.,0.,1.));
#3248 = DIRECTION('',(1.110223024625E-16,-1.,0.));
#3249 = ADVANCED_FACE('',(#3250),#3284,.F.);
#3250 = FACE_BOUND('',#3251,.F.);
#3251 = EDGE_LOOP('',(#3252,#3262,#3268,#3269,#3270,#3278));
#3252 = ORIENTED_EDGE('',*,*,#3253,.F.);
#3253 = EDGE_CURVE('',#3254,#3256,#3258,.T.);
#3254 = VERTEX_POINT('',#3255);
#3255 = CARTESIAN_POINT('',(1.45,2.3,0.));
#3256 = VERTEX_POINT('',#3257);
#3257 = CARTESIAN_POINT('',(1.45,2.5,0.));
#3258 = LINE('',#3259,#3260);
#3259 = CARTESIAN_POINT('',(1.45,2.3,0.));
#3260 = VECTOR('',#3261,1.);
#3261 = DIRECTION('',(-1.224646799147E-16,1.,0.));
#3262 = ORIENTED_EDGE('',*,*,#3263,.T.);
#3263 = EDGE_CURVE('',#3254,#3090,#3264,.T.);
#3264 = LINE('',#3265,#3266);
#3265 = CARTESIAN_POINT('',(1.45,2.3,0.));
#3266 = VECTOR('',#3267,1.);
#3267 = DIRECTION('',(0.,0.,1.));
#3268 = ORIENTED_EDGE('',*,*,#3089,.F.);
#3269 = ORIENTED_EDGE('',*,*,#2164,.F.);
#3270 = ORIENTED_EDGE('',*,*,#3271,.T.);
#3271 = EDGE_CURVE('',#2157,#3272,#3274,.T.);
#3272 = VERTEX_POINT('',#3273);
#3273 = CARTESIAN_POINT('',(1.45,2.5,0.1));
#3274 = LINE('',#3275,#3276);
#3275 = CARTESIAN_POINT('',(1.45,2.3,0.1));
#3276 = VECTOR('',#3277,1.);
#3277 = DIRECTION('',(-1.224646799147E-16,1.,0.));
#3278 = ORIENTED_EDGE('',*,*,#3279,.F.);
#3279 = EDGE_CURVE('',#3256,#3272,#3280,.T.);
#3280 = LINE('',#3281,#3282);
#3281 = CARTESIAN_POINT('',(1.45,2.5,0.));
#3282 = VECTOR('',#3283,1.);
#3283 = DIRECTION('',(0.,0.,1.));
#3284 = PLANE('',#3285);
#3285 = AXIS2_PLACEMENT_3D('',#3286,#3287,#3288);
#3286 = CARTESIAN_POINT('',(1.45,2.3,0.));
#3287 = DIRECTION('',(-1.,-1.224646799147E-16,0.));
#3288 = DIRECTION('',(-1.224646799147E-16,1.,0.));
#3289 = ADVANCED_FACE('',(#3290),#3308,.T.);
#3290 = FACE_BOUND('',#3291,.T.);
#3291 = EDGE_LOOP('',(#3292,#3300,#3306,#3307));
#3292 = ORIENTED_EDGE('',*,*,#3293,.T.);
#3293 = EDGE_CURVE('',#3272,#3294,#3296,.T.);
#3294 = VERTEX_POINT('',#3295);
#3295 = CARTESIAN_POINT('',(1.15,2.5,0.1));
#3296 = LINE('',#3297,#3298);
#3297 = CARTESIAN_POINT('',(1.45,2.5,0.1));
#3298 = VECTOR('',#3299,1.);
#3299 = DIRECTION('',(-1.,-1.224646799147E-16,0.));
#3300 = ORIENTED_EDGE('',*,*,#3301,.T.);
#3301 = EDGE_CURVE('',#3294,#2149,#3302,.T.);
#3302 = LINE('',#3303,#3304);
#3303 = CARTESIAN_POINT('',(1.15,2.5,0.1));
#3304 = VECTOR('',#3305,1.);
#3305 = DIRECTION('',(1.224646799147E-16,-1.,0.));
#3306 = ORIENTED_EDGE('',*,*,#2156,.F.);
#3307 = ORIENTED_EDGE('',*,*,#3271,.T.);
#3308 = PLANE('',#3309);
#3309 = AXIS2_PLACEMENT_3D('',#3310,#3311,#3312);
#3310 = CARTESIAN_POINT('',(1.3,2.4,0.1));
#3311 = DIRECTION('',(0.,0.,1.));
#3312 = DIRECTION('',(-1.,-1.224646799147E-16,0.));
#3313 = ADVANCED_FACE('',(#3314),#3341,.F.);
#3314 = FACE_BOUND('',#3315,.F.);
#3315 = EDGE_LOOP('',(#3316,#3326,#3332,#3333,#3334,#3335));
#3316 = ORIENTED_EDGE('',*,*,#3317,.F.);
#3317 = EDGE_CURVE('',#3318,#3320,#3322,.T.);
#3318 = VERTEX_POINT('',#3319);
#3319 = CARTESIAN_POINT('',(1.15,2.5,0.));
#3320 = VERTEX_POINT('',#3321);
#3321 = CARTESIAN_POINT('',(1.15,2.3,0.));
#3322 = LINE('',#3323,#3324);
#3323 = CARTESIAN_POINT('',(1.15,2.5,0.));
#3324 = VECTOR('',#3325,1.);
#3325 = DIRECTION('',(1.224646799147E-16,-1.,0.));
#3326 = ORIENTED_EDGE('',*,*,#3327,.T.);
#3327 = EDGE_CURVE('',#3318,#3294,#3328,.T.);
#3328 = LINE('',#3329,#3330);
#3329 = CARTESIAN_POINT('',(1.15,2.5,0.));
#3330 = VECTOR('',#3331,1.);
#3331 = DIRECTION('',(0.,0.,1.));
#3332 = ORIENTED_EDGE('',*,*,#3301,.T.);
#3333 = ORIENTED_EDGE('',*,*,#2148,.F.);
#3334 = ORIENTED_EDGE('',*,*,#3105,.F.);
#3335 = ORIENTED_EDGE('',*,*,#3336,.F.);
#3336 = EDGE_CURVE('',#3320,#3098,#3337,.T.);
#3337 = LINE('',#3338,#3339);
#3338 = CARTESIAN_POINT('',(1.15,2.3,0.));
#3339 = VECTOR('',#3340,1.);
#3340 = DIRECTION('',(0.,0.,1.));
#3341 = PLANE('',#3342);
#3342 = AXIS2_PLACEMENT_3D('',#3343,#3344,#3345);
#3343 = CARTESIAN_POINT('',(1.15,2.5,0.));
#3344 = DIRECTION('',(1.,1.224646799147E-16,0.));
#3345 = DIRECTION('',(1.224646799147E-16,-1.,0.));
#3346 = ADVANCED_FACE('',(#3347),#3381,.F.);
#3347 = FACE_BOUND('',#3348,.F.);
#3348 = EDGE_LOOP('',(#3349,#3359,#3365,#3366,#3367,#3375));
#3349 = ORIENTED_EDGE('',*,*,#3350,.F.);
#3350 = EDGE_CURVE('',#3351,#3353,#3355,.T.);
#3351 = VERTEX_POINT('',#3352);
#3352 = CARTESIAN_POINT('',(0.8,2.3,0.));
#3353 = VERTEX_POINT('',#3354);
#3354 = CARTESIAN_POINT('',(0.8,2.5,0.));
#3355 = LINE('',#3356,#3357);
#3356 = CARTESIAN_POINT('',(0.8,2.3,0.));
#3357 = VECTOR('',#3358,1.);
#3358 = DIRECTION('',(-1.224646799147E-16,1.,0.));
#3359 = ORIENTED_EDGE('',*,*,#3360,.T.);
#3360 = EDGE_CURVE('',#3351,#3113,#3361,.T.);
#3361 = LINE('',#3362,#3363);
#3362 = CARTESIAN_POINT('',(0.8,2.3,0.));
#3363 = VECTOR('',#3364,1.);
#3364 = DIRECTION('',(0.,0.,1.));
#3365 = ORIENTED_EDGE('',*,*,#3112,.F.);
#3366 = ORIENTED_EDGE('',*,*,#2132,.F.);
#3367 = ORIENTED_EDGE('',*,*,#3368,.T.);
#3368 = EDGE_CURVE('',#2125,#3369,#3371,.T.);
#3369 = VERTEX_POINT('',#3370);
#3370 = CARTESIAN_POINT('',(0.8,2.5,0.1));
#3371 = LINE('',#3372,#3373);
#3372 = CARTESIAN_POINT('',(0.8,2.3,0.1));
#3373 = VECTOR('',#3374,1.);
#3374 = DIRECTION('',(-1.224646799147E-16,1.,0.));
#3375 = ORIENTED_EDGE('',*,*,#3376,.F.);
#3376 = EDGE_CURVE('',#3353,#3369,#3377,.T.);
#3377 = LINE('',#3378,#3379);
#3378 = CARTESIAN_POINT('',(0.8,2.5,0.));
#3379 = VECTOR('',#3380,1.);
#3380 = DIRECTION('',(0.,0.,1.));
#3381 = PLANE('',#3382);
#3382 = AXIS2_PLACEMENT_3D('',#3383,#3384,#3385);
#3383 = CARTESIAN_POINT('',(0.8,2.3,0.));
#3384 = DIRECTION('',(-1.,-1.224646799147E-16,0.));
#3385 = DIRECTION('',(-1.224646799147E-16,1.,0.));
#3386 = ADVANCED_FACE('',(#3387),#3405,.T.);
#3387 = FACE_BOUND('',#3388,.T.);
#3388 = EDGE_LOOP('',(#3389,#3397,#3403,#3404));
#3389 = ORIENTED_EDGE('',*,*,#3390,.T.);
#3390 = EDGE_CURVE('',#3369,#3391,#3393,.T.);
#3391 = VERTEX_POINT('',#3392);
#3392 = CARTESIAN_POINT('',(0.5,2.5,0.1));
#3393 = LINE('',#3394,#3395);
#3394 = CARTESIAN_POINT('',(0.8,2.5,0.1));
#3395 = VECTOR('',#3396,1.);
#3396 = DIRECTION('',(-1.,-1.224646799147E-16,0.));
#3397 = ORIENTED_EDGE('',*,*,#3398,.T.);
#3398 = EDGE_CURVE('',#3391,#2117,#3399,.T.);
#3399 = LINE('',#3400,#3401);
#3400 = CARTESIAN_POINT('',(0.5,2.5,0.1));
#3401 = VECTOR('',#3402,1.);
#3402 = DIRECTION('',(1.224646799147E-16,-1.,0.));
#3403 = ORIENTED_EDGE('',*,*,#2124,.F.);
#3404 = ORIENTED_EDGE('',*,*,#3368,.T.);
#3405 = PLANE('',#3406);
#3406 = AXIS2_PLACEMENT_3D('',#3407,#3408,#3409);
#3407 = CARTESIAN_POINT('',(0.65,2.4,0.1));
#3408 = DIRECTION('',(0.,0.,1.));
#3409 = DIRECTION('',(-1.,-1.224646799147E-16,0.));
#3410 = ADVANCED_FACE('',(#3411),#3438,.F.);
#3411 = FACE_BOUND('',#3412,.F.);
#3412 = EDGE_LOOP('',(#3413,#3423,#3429,#3430,#3431,#3432));
#3413 = ORIENTED_EDGE('',*,*,#3414,.F.);
#3414 = EDGE_CURVE('',#3415,#3417,#3419,.T.);
#3415 = VERTEX_POINT('',#3416);
#3416 = CARTESIAN_POINT('',(0.5,2.5,0.));
#3417 = VERTEX_POINT('',#3418);
#3418 = CARTESIAN_POINT('',(0.5,2.3,0.));
#3419 = LINE('',#3420,#3421);
#3420 = CARTESIAN_POINT('',(0.5,2.5,0.));
#3421 = VECTOR('',#3422,1.);
#3422 = DIRECTION('',(1.224646799147E-16,-1.,0.));
#3423 = ORIENTED_EDGE('',*,*,#3424,.T.);
#3424 = EDGE_CURVE('',#3415,#3391,#3425,.T.);
#3425 = LINE('',#3426,#3427);
#3426 = CARTESIAN_POINT('',(0.5,2.5,0.));
#3427 = VECTOR('',#3428,1.);
#3428 = DIRECTION('',(0.,0.,1.));
#3429 = ORIENTED_EDGE('',*,*,#3398,.T.);
#3430 = ORIENTED_EDGE('',*,*,#2116,.F.);
#3431 = ORIENTED_EDGE('',*,*,#3128,.F.);
#3432 = ORIENTED_EDGE('',*,*,#3433,.F.);
#3433 = EDGE_CURVE('',#3417,#3121,#3434,.T.);
#3434 = LINE('',#3435,#3436);
#3435 = CARTESIAN_POINT('',(0.5,2.3,0.));
#3436 = VECTOR('',#3437,1.);
#3437 = DIRECTION('',(0.,0.,1.));
#3438 = PLANE('',#3439);
#3439 = AXIS2_PLACEMENT_3D('',#3440,#3441,#3442);
#3440 = CARTESIAN_POINT('',(0.5,2.5,0.));
#3441 = DIRECTION('',(1.,1.224646799147E-16,0.));
#3442 = DIRECTION('',(1.224646799147E-16,-1.,0.));
#3443 = ADVANCED_FACE('',(#3444),#3478,.F.);
#3444 = FACE_BOUND('',#3445,.F.);
#3445 = EDGE_LOOP('',(#3446,#3456,#3462,#3463,#3464,#3472));
#3446 = ORIENTED_EDGE('',*,*,#3447,.F.);
#3447 = EDGE_CURVE('',#3448,#3450,#3452,.T.);
#3448 = VERTEX_POINT('',#3449);
#3449 = CARTESIAN_POINT('',(0.15,2.3,0.));
#3450 = VERTEX_POINT('',#3451);
#3451 = CARTESIAN_POINT('',(0.15,2.5,0.));
#3452 = LINE('',#3453,#3454);
#3453 = CARTESIAN_POINT('',(0.15,2.3,0.));
#3454 = VECTOR('',#3455,1.);
#3455 = DIRECTION('',(-1.224646799147E-16,1.,0.));
#3456 = ORIENTED_EDGE('',*,*,#3457,.T.);
#3457 = EDGE_CURVE('',#3448,#3136,#3458,.T.);
#3458 = LINE('',#3459,#3460);
#3459 = CARTESIAN_POINT('',(0.15,2.3,0.));
#3460 = VECTOR('',#3461,1.);
#3461 = DIRECTION('',(0.,0.,1.));
#3462 = ORIENTED_EDGE('',*,*,#3135,.F.);
#3463 = ORIENTED_EDGE('',*,*,#2100,.F.);
#3464 = ORIENTED_EDGE('',*,*,#3465,.T.);
#3465 = EDGE_CURVE('',#2093,#3466,#3468,.T.);
#3466 = VERTEX_POINT('',#3467);
#3467 = CARTESIAN_POINT('',(0.15,2.5,0.1));
#3468 = LINE('',#3469,#3470);
#3469 = CARTESIAN_POINT('',(0.15,2.3,0.1));
#3470 = VECTOR('',#3471,1.);
#3471 = DIRECTION('',(-1.224646799147E-16,1.,0.));
#3472 = ORIENTED_EDGE('',*,*,#3473,.F.);
#3473 = EDGE_CURVE('',#3450,#3466,#3474,.T.);
#3474 = LINE('',#3475,#3476);
#3475 = CARTESIAN_POINT('',(0.15,2.5,0.));
#3476 = VECTOR('',#3477,1.);
#3477 = DIRECTION('',(0.,0.,1.));
#3478 = PLANE('',#3479);
#3479 = AXIS2_PLACEMENT_3D('',#3480,#3481,#3482);
#3480 = CARTESIAN_POINT('',(0.15,2.3,0.));
#3481 = DIRECTION('',(-1.,-1.224646799147E-16,0.));
#3482 = DIRECTION('',(-1.224646799147E-16,1.,0.));
#3483 = ADVANCED_FACE('',(#3484),#3502,.T.);
#3484 = FACE_BOUND('',#3485,.T.);
#3485 = EDGE_LOOP('',(#3486,#3494,#3500,#3501));
#3486 = ORIENTED_EDGE('',*,*,#3487,.T.);
#3487 = EDGE_CURVE('',#3466,#3488,#3490,.T.);
#3488 = VERTEX_POINT('',#3489);
#3489 = CARTESIAN_POINT('',(-0.15,2.5,0.1));
#3490 = LINE('',#3491,#3492);
#3491 = CARTESIAN_POINT('',(0.15,2.5,0.1));
#3492 = VECTOR('',#3493,1.);
#3493 = DIRECTION('',(-1.,-1.224646799147E-16,0.));
#3494 = ORIENTED_EDGE('',*,*,#3495,.T.);
#3495 = EDGE_CURVE('',#3488,#2085,#3496,.T.);
#3496 = LINE('',#3497,#3498);
#3497 = CARTESIAN_POINT('',(-0.15,2.5,0.1));
#3498 = VECTOR('',#3499,1.);
#3499 = DIRECTION('',(1.224646799147E-16,-1.,0.));
#3500 = ORIENTED_EDGE('',*,*,#2092,.F.);
#3501 = ORIENTED_EDGE('',*,*,#3465,.T.);
#3502 = PLANE('',#3503);
#3503 = AXIS2_PLACEMENT_3D('',#3504,#3505,#3506);
#3504 = CARTESIAN_POINT('',(-2.939152317954E-16,2.4,0.1));
#3505 = DIRECTION('',(0.,0.,1.));
#3506 = DIRECTION('',(-1.,-1.224646799147E-16,0.));
#3507 = ADVANCED_FACE('',(#3508),#3535,.F.);
#3508 = FACE_BOUND('',#3509,.F.);
#3509 = EDGE_LOOP('',(#3510,#3520,#3526,#3527,#3528,#3529));
#3510 = ORIENTED_EDGE('',*,*,#3511,.F.);
#3511 = EDGE_CURVE('',#3512,#3514,#3516,.T.);
#3512 = VERTEX_POINT('',#3513);
#3513 = CARTESIAN_POINT('',(-0.15,2.5,0.));
#3514 = VERTEX_POINT('',#3515);
#3515 = CARTESIAN_POINT('',(-0.15,2.3,0.));
#3516 = LINE('',#3517,#3518);
#3517 = CARTESIAN_POINT('',(-0.15,2.5,0.));
#3518 = VECTOR('',#3519,1.);
#3519 = DIRECTION('',(1.224646799147E-16,-1.,0.));
#3520 = ORIENTED_EDGE('',*,*,#3521,.T.);
#3521 = EDGE_CURVE('',#3512,#3488,#3522,.T.);
#3522 = LINE('',#3523,#3524);
#3523 = CARTESIAN_POINT('',(-0.15,2.5,0.));
#3524 = VECTOR('',#3525,1.);
#3525 = DIRECTION('',(0.,0.,1.));
#3526 = ORIENTED_EDGE('',*,*,#3495,.T.);
#3527 = ORIENTED_EDGE('',*,*,#2084,.F.);
#3528 = ORIENTED_EDGE('',*,*,#3151,.F.);
#3529 = ORIENTED_EDGE('',*,*,#3530,.F.);
#3530 = EDGE_CURVE('',#3514,#3144,#3531,.T.);
#3531 = LINE('',#3532,#3533);
#3532 = CARTESIAN_POINT('',(-0.15,2.3,0.));
#3533 = VECTOR('',#3534,1.);
#3534 = DIRECTION('',(0.,0.,1.));
#3535 = PLANE('',#3536);
#3536 = AXIS2_PLACEMENT_3D('',#3537,#3538,#3539);
#3537 = CARTESIAN_POINT('',(-0.15,2.5,0.));
#3538 = DIRECTION('',(1.,1.224646799147E-16,0.));
#3539 = DIRECTION('',(1.224646799147E-16,-1.,0.));
#3540 = ADVANCED_FACE('',(#3541),#3575,.F.);
#3541 = FACE_BOUND('',#3542,.F.);
#3542 = EDGE_LOOP('',(#3543,#3553,#3559,#3560,#3561,#3569));
#3543 = ORIENTED_EDGE('',*,*,#3544,.F.);
#3544 = EDGE_CURVE('',#3545,#3547,#3549,.T.);
#3545 = VERTEX_POINT('',#3546);
#3546 = CARTESIAN_POINT('',(-0.5,2.3,0.));
#3547 = VERTEX_POINT('',#3548);
#3548 = CARTESIAN_POINT('',(-0.5,2.5,0.));
#3549 = LINE('',#3550,#3551);
#3550 = CARTESIAN_POINT('',(-0.5,2.3,0.));
#3551 = VECTOR('',#3552,1.);
#3552 = DIRECTION('',(-1.224646799147E-16,1.,0.));
#3553 = ORIENTED_EDGE('',*,*,#3554,.T.);
#3554 = EDGE_CURVE('',#3545,#3159,#3555,.T.);
#3555 = LINE('',#3556,#3557);
#3556 = CARTESIAN_POINT('',(-0.5,2.3,0.));
#3557 = VECTOR('',#3558,1.);
#3558 = DIRECTION('',(0.,0.,1.));
#3559 = ORIENTED_EDGE('',*,*,#3158,.F.);
#3560 = ORIENTED_EDGE('',*,*,#2068,.F.);
#3561 = ORIENTED_EDGE('',*,*,#3562,.T.);
#3562 = EDGE_CURVE('',#2061,#3563,#3565,.T.);
#3563 = VERTEX_POINT('',#3564);
#3564 = CARTESIAN_POINT('',(-0.5,2.5,0.1));
#3565 = LINE('',#3566,#3567);
#3566 = CARTESIAN_POINT('',(-0.5,2.3,0.1));
#3567 = VECTOR('',#3568,1.);
#3568 = DIRECTION('',(-1.224646799147E-16,1.,0.));
#3569 = ORIENTED_EDGE('',*,*,#3570,.F.);
#3570 = EDGE_CURVE('',#3547,#3563,#3571,.T.);
#3571 = LINE('',#3572,#3573);
#3572 = CARTESIAN_POINT('',(-0.5,2.5,0.));
#3573 = VECTOR('',#3574,1.);
#3574 = DIRECTION('',(0.,0.,1.));
#3575 = PLANE('',#3576);
#3576 = AXIS2_PLACEMENT_3D('',#3577,#3578,#3579);
#3577 = CARTESIAN_POINT('',(-0.5,2.3,0.));
#3578 = DIRECTION('',(-1.,-1.224646799147E-16,0.));
#3579 = DIRECTION('',(-1.224646799147E-16,1.,0.));
#3580 = ADVANCED_FACE('',(#3581),#3599,.T.);
#3581 = FACE_BOUND('',#3582,.T.);
#3582 = EDGE_LOOP('',(#3583,#3591,#3597,#3598));
#3583 = ORIENTED_EDGE('',*,*,#3584,.T.);
#3584 = EDGE_CURVE('',#3563,#3585,#3587,.T.);
#3585 = VERTEX_POINT('',#3586);
#3586 = CARTESIAN_POINT('',(-0.8,2.5,0.1));
#3587 = LINE('',#3588,#3589);
#3588 = CARTESIAN_POINT('',(-0.5,2.5,0.1));
#3589 = VECTOR('',#3590,1.);
#3590 = DIRECTION('',(-1.,-1.224646799147E-16,0.));
#3591 = ORIENTED_EDGE('',*,*,#3592,.T.);
#3592 = EDGE_CURVE('',#3585,#2053,#3593,.T.);
#3593 = LINE('',#3594,#3595);
#3594 = CARTESIAN_POINT('',(-0.8,2.5,0.1));
#3595 = VECTOR('',#3596,1.);
#3596 = DIRECTION('',(1.224646799147E-16,-1.,0.));
#3597 = ORIENTED_EDGE('',*,*,#2060,.F.);
#3598 = ORIENTED_EDGE('',*,*,#3562,.T.);
#3599 = PLANE('',#3600);
#3600 = AXIS2_PLACEMENT_3D('',#3601,#3602,#3603);
#3601 = CARTESIAN_POINT('',(-0.65,2.4,0.1));
#3602 = DIRECTION('',(0.,0.,1.));
#3603 = DIRECTION('',(-1.,-1.224646799147E-16,0.));
#3604 = ADVANCED_FACE('',(#3605),#3632,.F.);
#3605 = FACE_BOUND('',#3606,.F.);
#3606 = EDGE_LOOP('',(#3607,#3617,#3623,#3624,#3625,#3626));
#3607 = ORIENTED_EDGE('',*,*,#3608,.F.);
#3608 = EDGE_CURVE('',#3609,#3611,#3613,.T.);
#3609 = VERTEX_POINT('',#3610);
#3610 = CARTESIAN_POINT('',(-0.8,2.5,0.));
#3611 = VERTEX_POINT('',#3612);
#3612 = CARTESIAN_POINT('',(-0.8,2.3,0.));
#3613 = LINE('',#3614,#3615);
#3614 = CARTESIAN_POINT('',(-0.8,2.5,0.));
#3615 = VECTOR('',#3616,1.);
#3616 = DIRECTION('',(1.224646799147E-16,-1.,0.));
#3617 = ORIENTED_EDGE('',*,*,#3618,.T.);
#3618 = EDGE_CURVE('',#3609,#3585,#3619,.T.);
#3619 = LINE('',#3620,#3621);
#3620 = CARTESIAN_POINT('',(-0.8,2.5,0.));
#3621 = VECTOR('',#3622,1.);
#3622 = DIRECTION('',(0.,0.,1.));
#3623 = ORIENTED_EDGE('',*,*,#3592,.T.);
#3624 = ORIENTED_EDGE('',*,*,#2052,.F.);
#3625 = ORIENTED_EDGE('',*,*,#3174,.F.);
#3626 = ORIENTED_EDGE('',*,*,#3627,.F.);
#3627 = EDGE_CURVE('',#3611,#3167,#3628,.T.);
#3628 = LINE('',#3629,#3630);
#3629 = CARTESIAN_POINT('',(-0.8,2.3,0.));
#3630 = VECTOR('',#3631,1.);
#3631 = DIRECTION('',(0.,0.,1.));
#3632 = PLANE('',#3633);
#3633 = AXIS2_PLACEMENT_3D('',#3634,#3635,#3636);
#3634 = CARTESIAN_POINT('',(-0.8,2.5,0.));
#3635 = DIRECTION('',(1.,1.224646799147E-16,0.));
#3636 = DIRECTION('',(1.224646799147E-16,-1.,0.));
#3637 = ADVANCED_FACE('',(#3638),#3672,.F.);
#3638 = FACE_BOUND('',#3639,.F.);
#3639 = EDGE_LOOP('',(#3640,#3650,#3656,#3657,#3658,#3666));
#3640 = ORIENTED_EDGE('',*,*,#3641,.F.);
#3641 = EDGE_CURVE('',#3642,#3644,#3646,.T.);
#3642 = VERTEX_POINT('',#3643);
#3643 = CARTESIAN_POINT('',(-1.15,2.3,0.));
#3644 = VERTEX_POINT('',#3645);
#3645 = CARTESIAN_POINT('',(-1.15,2.5,0.));
#3646 = LINE('',#3647,#3648);
#3647 = CARTESIAN_POINT('',(-1.15,2.3,0.));
#3648 = VECTOR('',#3649,1.);
#3649 = DIRECTION('',(-1.224646799147E-16,1.,0.));
#3650 = ORIENTED_EDGE('',*,*,#3651,.T.);
#3651 = EDGE_CURVE('',#3642,#3182,#3652,.T.);
#3652 = LINE('',#3653,#3654);
#3653 = CARTESIAN_POINT('',(-1.15,2.3,0.));
#3654 = VECTOR('',#3655,1.);
#3655 = DIRECTION('',(0.,0.,1.));
#3656 = ORIENTED_EDGE('',*,*,#3181,.F.);
#3657 = ORIENTED_EDGE('',*,*,#2036,.F.);
#3658 = ORIENTED_EDGE('',*,*,#3659,.T.);
#3659 = EDGE_CURVE('',#2029,#3660,#3662,.T.);
#3660 = VERTEX_POINT('',#3661);
#3661 = CARTESIAN_POINT('',(-1.15,2.5,0.1));
#3662 = LINE('',#3663,#3664);
#3663 = CARTESIAN_POINT('',(-1.15,2.3,0.1));
#3664 = VECTOR('',#3665,1.);
#3665 = DIRECTION('',(-1.224646799147E-16,1.,0.));
#3666 = ORIENTED_EDGE('',*,*,#3667,.F.);
#3667 = EDGE_CURVE('',#3644,#3660,#3668,.T.);
#3668 = LINE('',#3669,#3670);
#3669 = CARTESIAN_POINT('',(-1.15,2.5,0.));
#3670 = VECTOR('',#3671,1.);
#3671 = DIRECTION('',(0.,0.,1.));
#3672 = PLANE('',#3673);
#3673 = AXIS2_PLACEMENT_3D('',#3674,#3675,#3676);
#3674 = CARTESIAN_POINT('',(-1.15,2.3,0.));
#3675 = DIRECTION('',(-1.,-1.224646799147E-16,0.));
#3676 = DIRECTION('',(-1.224646799147E-16,1.,0.));
#3677 = ADVANCED_FACE('',(#3678),#3696,.T.);
#3678 = FACE_BOUND('',#3679,.T.);
#3679 = EDGE_LOOP('',(#3680,#3688,#3694,#3695));
#3680 = ORIENTED_EDGE('',*,*,#3681,.T.);
#3681 = EDGE_CURVE('',#3660,#3682,#3684,.T.);
#3682 = VERTEX_POINT('',#3683);
#3683 = CARTESIAN_POINT('',(-1.45,2.5,0.1));
#3684 = LINE('',#3685,#3686);
#3685 = CARTESIAN_POINT('',(-1.15,2.5,0.1));
#3686 = VECTOR('',#3687,1.);
#3687 = DIRECTION('',(-1.,-1.224646799147E-16,0.));
#3688 = ORIENTED_EDGE('',*,*,#3689,.T.);
#3689 = EDGE_CURVE('',#3682,#2021,#3690,.T.);
#3690 = LINE('',#3691,#3692);
#3691 = CARTESIAN_POINT('',(-1.45,2.5,0.1));
#3692 = VECTOR('',#3693,1.);
#3693 = DIRECTION('',(1.224646799147E-16,-1.,0.));
#3694 = ORIENTED_EDGE('',*,*,#2028,.F.);
#3695 = ORIENTED_EDGE('',*,*,#3659,.T.);
#3696 = PLANE('',#3697);
#3697 = AXIS2_PLACEMENT_3D('',#3698,#3699,#3700);
#3698 = CARTESIAN_POINT('',(-1.3,2.4,0.1));
#3699 = DIRECTION('',(0.,0.,1.));
#3700 = DIRECTION('',(-1.,-1.224646799147E-16,0.));
#3701 = ADVANCED_FACE('',(#3702),#3729,.F.);
#3702 = FACE_BOUND('',#3703,.F.);
#3703 = EDGE_LOOP('',(#3704,#3714,#3720,#3721,#3722,#3723));
#3704 = ORIENTED_EDGE('',*,*,#3705,.F.);
#3705 = EDGE_CURVE('',#3706,#3708,#3710,.T.);
#3706 = VERTEX_POINT('',#3707);
#3707 = CARTESIAN_POINT('',(-1.45,2.5,0.));
#3708 = VERTEX_POINT('',#3709);
#3709 = CARTESIAN_POINT('',(-1.45,2.3,0.));
#3710 = LINE('',#3711,#3712);
#3711 = CARTESIAN_POINT('',(-1.45,2.5,0.));
#3712 = VECTOR('',#3713,1.);
#3713 = DIRECTION('',(1.224646799147E-16,-1.,0.));
#3714 = ORIENTED_EDGE('',*,*,#3715,.T.);
#3715 = EDGE_CURVE('',#3706,#3682,#3716,.T.);
#3716 = LINE('',#3717,#3718);
#3717 = CARTESIAN_POINT('',(-1.45,2.5,0.));
#3718 = VECTOR('',#3719,1.);
#3719 = DIRECTION('',(0.,0.,1.));
#3720 = ORIENTED_EDGE('',*,*,#3689,.T.);
#3721 = ORIENTED_EDGE('',*,*,#2020,.F.);
#3722 = ORIENTED_EDGE('',*,*,#3197,.F.);
#3723 = ORIENTED_EDGE('',*,*,#3724,.F.);
#3724 = EDGE_CURVE('',#3708,#3190,#3725,.T.);
#3725 = LINE('',#3726,#3727);
#3726 = CARTESIAN_POINT('',(-1.45,2.3,0.));
#3727 = VECTOR('',#3728,1.);
#3728 = DIRECTION('',(0.,0.,1.));
#3729 = PLANE('',#3730);
#3730 = AXIS2_PLACEMENT_3D('',#3731,#3732,#3733);
#3731 = CARTESIAN_POINT('',(-1.45,2.5,0.));
#3732 = DIRECTION('',(1.,1.224646799147E-16,0.));
#3733 = DIRECTION('',(1.224646799147E-16,-1.,0.));
#3734 = ADVANCED_FACE('',(#3735),#3769,.F.);
#3735 = FACE_BOUND('',#3736,.F.);
#3736 = EDGE_LOOP('',(#3737,#3747,#3755,#3761,#3762,#3763));
#3737 = ORIENTED_EDGE('',*,*,#3738,.F.);
#3738 = EDGE_CURVE('',#3739,#3741,#3743,.T.);
#3739 = VERTEX_POINT('',#3740);
#3740 = CARTESIAN_POINT('',(2.5,1.45,0.));
#3741 = VERTEX_POINT('',#3742);
#3742 = CARTESIAN_POINT('',(2.3,1.45,0.));
#3743 = LINE('',#3744,#3745);
#3744 = CARTESIAN_POINT('',(2.5,1.45,0.));
#3745 = VECTOR('',#3746,1.);
#3746 = DIRECTION('',(-1.,-2.334869823773E-16,0.));
#3747 = ORIENTED_EDGE('',*,*,#3748,.T.);
#3748 = EDGE_CURVE('',#3739,#3749,#3751,.T.);
#3749 = VERTEX_POINT('',#3750);
#3750 = CARTESIAN_POINT('',(2.5,1.45,0.1));
#3751 = LINE('',#3752,#3753);
#3752 = CARTESIAN_POINT('',(2.5,1.45,0.));
#3753 = VECTOR('',#3754,1.);
#3754 = DIRECTION('',(0.,0.,1.));
#3755 = ORIENTED_EDGE('',*,*,#3756,.T.);
#3756 = EDGE_CURVE('',#3749,#2357,#3757,.T.);
#3757 = LINE('',#3758,#3759);
#3758 = CARTESIAN_POINT('',(2.5,1.45,0.1));
#3759 = VECTOR('',#3760,1.);
#3760 = DIRECTION('',(-1.,-2.334869823773E-16,0.));
#3761 = ORIENTED_EDGE('',*,*,#2364,.T.);
#3762 = ORIENTED_EDGE('',*,*,#3081,.F.);
#3763 = ORIENTED_EDGE('',*,*,#3764,.F.);
#3764 = EDGE_CURVE('',#3741,#3074,#3765,.T.);
#3765 = LINE('',#3766,#3767);
#3766 = CARTESIAN_POINT('',(2.3,1.45,0.));
#3767 = VECTOR('',#3768,1.);
#3768 = DIRECTION('',(0.,0.,1.));
#3769 = PLANE('',#3770);
#3770 = AXIS2_PLACEMENT_3D('',#3771,#3772,#3773);
#3771 = CARTESIAN_POINT('',(2.5,1.45,0.));
#3772 = DIRECTION('',(2.334869823773E-16,-1.,0.));
#3773 = DIRECTION('',(-1.,-2.334869823773E-16,0.));
#3774 = ADVANCED_FACE('',(#3775),#3793,.T.);
#3775 = FACE_BOUND('',#3776,.T.);
#3776 = EDGE_LOOP('',(#3777,#3785,#3786,#3787));
#3777 = ORIENTED_EDGE('',*,*,#3778,.T.);
#3778 = EDGE_CURVE('',#3779,#3749,#3781,.T.);
#3779 = VERTEX_POINT('',#3780);
#3780 = CARTESIAN_POINT('',(2.5,1.15,0.1));
#3781 = LINE('',#3782,#3783);
#3782 = CARTESIAN_POINT('',(2.5,1.15,0.1));
#3783 = VECTOR('',#3784,1.);
#3784 = DIRECTION('',(-2.334869823773E-16,1.,0.));
#3785 = ORIENTED_EDGE('',*,*,#3756,.T.);
#3786 = ORIENTED_EDGE('',*,*,#2356,.T.);
#3787 = ORIENTED_EDGE('',*,*,#3788,.T.);
#3788 = EDGE_CURVE('',#2349,#3779,#3789,.T.);
#3789 = LINE('',#3790,#3791);
#3790 = CARTESIAN_POINT('',(2.3,1.15,0.1));
#3791 = VECTOR('',#3792,1.);
#3792 = DIRECTION('',(1.,2.334869823773E-16,0.));
#3793 = PLANE('',#3794);
#3794 = AXIS2_PLACEMENT_3D('',#3795,#3796,#3797);
#3795 = CARTESIAN_POINT('',(2.4,1.3,0.1));
#3796 = DIRECTION('',(0.,0.,1.));
#3797 = DIRECTION('',(-2.334869823773E-16,1.,0.));
#3798 = ADVANCED_FACE('',(#3799),#3826,.F.);
#3799 = FACE_BOUND('',#3800,.F.);
#3800 = EDGE_LOOP('',(#3801,#3811,#3817,#3818,#3819,#3820));
#3801 = ORIENTED_EDGE('',*,*,#3802,.F.);
#3802 = EDGE_CURVE('',#3803,#3805,#3807,.T.);
#3803 = VERTEX_POINT('',#3804);
#3804 = CARTESIAN_POINT('',(2.3,1.15,0.));
#3805 = VERTEX_POINT('',#3806);
#3806 = CARTESIAN_POINT('',(2.5,1.15,0.));
#3807 = LINE('',#3808,#3809);
#3808 = CARTESIAN_POINT('',(2.3,1.15,0.));
#3809 = VECTOR('',#3810,1.);
#3810 = DIRECTION('',(1.,2.334869823773E-16,0.));
#3811 = ORIENTED_EDGE('',*,*,#3812,.T.);
#3812 = EDGE_CURVE('',#3803,#3066,#3813,.T.);
#3813 = LINE('',#3814,#3815);
#3814 = CARTESIAN_POINT('',(2.3,1.15,0.));
#3815 = VECTOR('',#3816,1.);
#3816 = DIRECTION('',(0.,0.,1.));
#3817 = ORIENTED_EDGE('',*,*,#3065,.F.);
#3818 = ORIENTED_EDGE('',*,*,#2348,.T.);
#3819 = ORIENTED_EDGE('',*,*,#3788,.T.);
#3820 = ORIENTED_EDGE('',*,*,#3821,.F.);
#3821 = EDGE_CURVE('',#3805,#3779,#3822,.T.);
#3822 = LINE('',#3823,#3824);
#3823 = CARTESIAN_POINT('',(2.5,1.15,0.));
#3824 = VECTOR('',#3825,1.);
#3825 = DIRECTION('',(0.,0.,1.));
#3826 = PLANE('',#3827);
#3827 = AXIS2_PLACEMENT_3D('',#3828,#3829,#3830);
#3828 = CARTESIAN_POINT('',(2.3,1.15,0.));
#3829 = DIRECTION('',(-2.334869823773E-16,1.,0.));
#3830 = DIRECTION('',(1.,2.334869823773E-16,0.));
#3831 = ADVANCED_FACE('',(#3832),#3866,.F.);
#3832 = FACE_BOUND('',#3833,.F.);
#3833 = EDGE_LOOP('',(#3834,#3844,#3852,#3858,#3859,#3860));
#3834 = ORIENTED_EDGE('',*,*,#3835,.F.);
#3835 = EDGE_CURVE('',#3836,#3838,#3840,.T.);
#3836 = VERTEX_POINT('',#3837);
#3837 = CARTESIAN_POINT('',(2.5,0.8,0.));
#3838 = VERTEX_POINT('',#3839);
#3839 = CARTESIAN_POINT('',(2.3,0.8,0.));
#3840 = LINE('',#3841,#3842);
#3841 = CARTESIAN_POINT('',(2.5,0.8,0.));
#3842 = VECTOR('',#3843,1.);
#3843 = DIRECTION('',(-1.,-2.334869823773E-16,0.));
#3844 = ORIENTED_EDGE('',*,*,#3845,.T.);
#3845 = EDGE_CURVE('',#3836,#3846,#3848,.T.);
#3846 = VERTEX_POINT('',#3847);
#3847 = CARTESIAN_POINT('',(2.5,0.8,0.1));
#3848 = LINE('',#3849,#3850);
#3849 = CARTESIAN_POINT('',(2.5,0.8,0.));
#3850 = VECTOR('',#3851,1.);
#3851 = DIRECTION('',(0.,0.,1.));
#3852 = ORIENTED_EDGE('',*,*,#3853,.T.);
#3853 = EDGE_CURVE('',#3846,#2325,#3854,.T.);
#3854 = LINE('',#3855,#3856);
#3855 = CARTESIAN_POINT('',(2.5,0.8,0.1));
#3856 = VECTOR('',#3857,1.);
#3857 = DIRECTION('',(-1.,-2.334869823773E-16,0.));
#3858 = ORIENTED_EDGE('',*,*,#2332,.T.);
#3859 = ORIENTED_EDGE('',*,*,#3058,.F.);
#3860 = ORIENTED_EDGE('',*,*,#3861,.F.);
#3861 = EDGE_CURVE('',#3838,#3051,#3862,.T.);
#3862 = LINE('',#3863,#3864);
#3863 = CARTESIAN_POINT('',(2.3,0.8,0.));
#3864 = VECTOR('',#3865,1.);
#3865 = DIRECTION('',(0.,0.,1.));
#3866 = PLANE('',#3867);
#3867 = AXIS2_PLACEMENT_3D('',#3868,#3869,#3870);
#3868 = CARTESIAN_POINT('',(2.5,0.8,0.));
#3869 = DIRECTION('',(2.334869823773E-16,-1.,0.));
#3870 = DIRECTION('',(-1.,-2.334869823773E-16,0.));
#3871 = ADVANCED_FACE('',(#3872),#3890,.T.);
#3872 = FACE_BOUND('',#3873,.T.);
#3873 = EDGE_LOOP('',(#3874,#3882,#3883,#3884));
#3874 = ORIENTED_EDGE('',*,*,#3875,.T.);
#3875 = EDGE_CURVE('',#3876,#3846,#3878,.T.);
#3876 = VERTEX_POINT('',#3877);
#3877 = CARTESIAN_POINT('',(2.5,0.5,0.1));
#3878 = LINE('',#3879,#3880);
#3879 = CARTESIAN_POINT('',(2.5,0.5,0.1));
#3880 = VECTOR('',#3881,1.);
#3881 = DIRECTION('',(-2.334869823773E-16,1.,0.));
#3882 = ORIENTED_EDGE('',*,*,#3853,.T.);
#3883 = ORIENTED_EDGE('',*,*,#2324,.T.);
#3884 = ORIENTED_EDGE('',*,*,#3885,.T.);
#3885 = EDGE_CURVE('',#2317,#3876,#3886,.T.);
#3886 = LINE('',#3887,#3888);
#3887 = CARTESIAN_POINT('',(2.3,0.5,0.1));
#3888 = VECTOR('',#3889,1.);
#3889 = DIRECTION('',(1.,2.334869823773E-16,0.));
#3890 = PLANE('',#3891);
#3891 = AXIS2_PLACEMENT_3D('',#3892,#3893,#3894);
#3892 = CARTESIAN_POINT('',(2.4,0.65,0.1));
#3893 = DIRECTION('',(0.,0.,1.));
#3894 = DIRECTION('',(-2.334869823773E-16,1.,0.));
#3895 = ADVANCED_FACE('',(#3896),#3923,.F.);
#3896 = FACE_BOUND('',#3897,.F.);
#3897 = EDGE_LOOP('',(#3898,#3908,#3914,#3915,#3916,#3917));
#3898 = ORIENTED_EDGE('',*,*,#3899,.F.);
#3899 = EDGE_CURVE('',#3900,#3902,#3904,.T.);
#3900 = VERTEX_POINT('',#3901);
#3901 = CARTESIAN_POINT('',(2.3,0.5,0.));
#3902 = VERTEX_POINT('',#3903);
#3903 = CARTESIAN_POINT('',(2.5,0.5,0.));
#3904 = LINE('',#3905,#3906);
#3905 = CARTESIAN_POINT('',(2.3,0.5,0.));
#3906 = VECTOR('',#3907,1.);
#3907 = DIRECTION('',(1.,2.334869823773E-16,0.));
#3908 = ORIENTED_EDGE('',*,*,#3909,.T.);
#3909 = EDGE_CURVE('',#3900,#3043,#3910,.T.);
#3910 = LINE('',#3911,#3912);
#3911 = CARTESIAN_POINT('',(2.3,0.5,0.));
#3912 = VECTOR('',#3913,1.);
#3913 = DIRECTION('',(0.,0.,1.));
#3914 = ORIENTED_EDGE('',*,*,#3042,.F.);
#3915 = ORIENTED_EDGE('',*,*,#2316,.T.);
#3916 = ORIENTED_EDGE('',*,*,#3885,.T.);
#3917 = ORIENTED_EDGE('',*,*,#3918,.F.);
#3918 = EDGE_CURVE('',#3902,#3876,#3919,.T.);
#3919 = LINE('',#3920,#3921);
#3920 = CARTESIAN_POINT('',(2.5,0.5,0.));
#3921 = VECTOR('',#3922,1.);
#3922 = DIRECTION('',(0.,0.,1.));
#3923 = PLANE('',#3924);
#3924 = AXIS2_PLACEMENT_3D('',#3925,#3926,#3927);
#3925 = CARTESIAN_POINT('',(2.3,0.5,0.));
#3926 = DIRECTION('',(-2.334869823773E-16,1.,0.));
#3927 = DIRECTION('',(1.,2.334869823773E-16,0.));
#3928 = ADVANCED_FACE('',(#3929),#3963,.F.);
#3929 = FACE_BOUND('',#3930,.F.);
#3930 = EDGE_LOOP('',(#3931,#3941,#3949,#3955,#3956,#3957));
#3931 = ORIENTED_EDGE('',*,*,#3932,.F.);
#3932 = EDGE_CURVE('',#3933,#3935,#3937,.T.);
#3933 = VERTEX_POINT('',#3934);
#3934 = CARTESIAN_POINT('',(2.5,0.15,0.));
#3935 = VERTEX_POINT('',#3936);
#3936 = CARTESIAN_POINT('',(2.3,0.15,0.));
#3937 = LINE('',#3938,#3939);
#3938 = CARTESIAN_POINT('',(2.5,0.15,0.));
#3939 = VECTOR('',#3940,1.);
#3940 = DIRECTION('',(-1.,-2.334869823773E-16,0.));
#3941 = ORIENTED_EDGE('',*,*,#3942,.T.);
#3942 = EDGE_CURVE('',#3933,#3943,#3945,.T.);
#3943 = VERTEX_POINT('',#3944);
#3944 = CARTESIAN_POINT('',(2.5,0.15,0.1));
#3945 = LINE('',#3946,#3947);
#3946 = CARTESIAN_POINT('',(2.5,0.15,0.));
#3947 = VECTOR('',#3948,1.);
#3948 = DIRECTION('',(0.,0.,1.));
#3949 = ORIENTED_EDGE('',*,*,#3950,.T.);
#3950 = EDGE_CURVE('',#3943,#2293,#3951,.T.);
#3951 = LINE('',#3952,#3953);
#3952 = CARTESIAN_POINT('',(2.5,0.15,0.1));
#3953 = VECTOR('',#3954,1.);
#3954 = DIRECTION('',(-1.,-2.334869823773E-16,0.));
#3955 = ORIENTED_EDGE('',*,*,#2300,.T.);
#3956 = ORIENTED_EDGE('',*,*,#3035,.F.);
#3957 = ORIENTED_EDGE('',*,*,#3958,.F.);
#3958 = EDGE_CURVE('',#3935,#3028,#3959,.T.);
#3959 = LINE('',#3960,#3961);
#3960 = CARTESIAN_POINT('',(2.3,0.15,0.));
#3961 = VECTOR('',#3962,1.);
#3962 = DIRECTION('',(0.,0.,1.));
#3963 = PLANE('',#3964);
#3964 = AXIS2_PLACEMENT_3D('',#3965,#3966,#3967);
#3965 = CARTESIAN_POINT('',(2.5,0.15,0.));
#3966 = DIRECTION('',(2.334869823773E-16,-1.,0.));
#3967 = DIRECTION('',(-1.,-2.334869823773E-16,0.));
#3968 = ADVANCED_FACE('',(#3969),#3987,.T.);
#3969 = FACE_BOUND('',#3970,.T.);
#3970 = EDGE_LOOP('',(#3971,#3979,#3980,#3981));
#3971 = ORIENTED_EDGE('',*,*,#3972,.T.);
#3972 = EDGE_CURVE('',#3973,#3943,#3975,.T.);
#3973 = VERTEX_POINT('',#3974);
#3974 = CARTESIAN_POINT('',(2.5,-0.15,0.1));
#3975 = LINE('',#3976,#3977);
#3976 = CARTESIAN_POINT('',(2.5,-0.15,0.1));
#3977 = VECTOR('',#3978,1.);
#3978 = DIRECTION('',(-2.334869823773E-16,1.,0.));
#3979 = ORIENTED_EDGE('',*,*,#3950,.T.);
#3980 = ORIENTED_EDGE('',*,*,#2292,.T.);
#3981 = ORIENTED_EDGE('',*,*,#3982,.T.);
#3982 = EDGE_CURVE('',#2285,#3973,#3983,.T.);
#3983 = LINE('',#3984,#3985);
#3984 = CARTESIAN_POINT('',(2.3,-0.15,0.1));
#3985 = VECTOR('',#3986,1.);
#3986 = DIRECTION('',(1.,2.334869823773E-16,0.));
#3987 = PLANE('',#3988);
#3988 = AXIS2_PLACEMENT_3D('',#3989,#3990,#3991);
#3989 = CARTESIAN_POINT('',(2.4,5.603687577054E-16,0.1));
#3990 = DIRECTION('',(0.,0.,1.));
#3991 = DIRECTION('',(-2.334869823773E-16,1.,0.));
#3992 = ADVANCED_FACE('',(#3993),#4020,.F.);
#3993 = FACE_BOUND('',#3994,.F.);
#3994 = EDGE_LOOP('',(#3995,#4005,#4011,#4012,#4013,#4014));
#3995 = ORIENTED_EDGE('',*,*,#3996,.F.);
#3996 = EDGE_CURVE('',#3997,#3999,#4001,.T.);
#3997 = VERTEX_POINT('',#3998);
#3998 = CARTESIAN_POINT('',(2.3,-0.15,0.));
#3999 = VERTEX_POINT('',#4000);
#4000 = CARTESIAN_POINT('',(2.5,-0.15,0.));
#4001 = LINE('',#4002,#4003);
#4002 = CARTESIAN_POINT('',(2.3,-0.15,0.));
#4003 = VECTOR('',#4004,1.);
#4004 = DIRECTION('',(1.,2.334869823773E-16,0.));
#4005 = ORIENTED_EDGE('',*,*,#4006,.T.);
#4006 = EDGE_CURVE('',#3997,#3020,#4007,.T.);
#4007 = LINE('',#4008,#4009);
#4008 = CARTESIAN_POINT('',(2.3,-0.15,0.));
#4009 = VECTOR('',#4010,1.);
#4010 = DIRECTION('',(0.,0.,1.));
#4011 = ORIENTED_EDGE('',*,*,#3019,.F.);
#4012 = ORIENTED_EDGE('',*,*,#2284,.T.);
#4013 = ORIENTED_EDGE('',*,*,#3982,.T.);
#4014 = ORIENTED_EDGE('',*,*,#4015,.F.);
#4015 = EDGE_CURVE('',#3999,#3973,#4016,.T.);
#4016 = LINE('',#4017,#4018);
#4017 = CARTESIAN_POINT('',(2.5,-0.15,0.));
#4018 = VECTOR('',#4019,1.);
#4019 = DIRECTION('',(0.,0.,1.));
#4020 = PLANE('',#4021);
#4021 = AXIS2_PLACEMENT_3D('',#4022,#4023,#4024);
#4022 = CARTESIAN_POINT('',(2.3,-0.15,0.));
#4023 = DIRECTION('',(-2.334869823773E-16,1.,0.));
#4024 = DIRECTION('',(1.,2.334869823773E-16,0.));
#4025 = ADVANCED_FACE('',(#4026),#4060,.F.);
#4026 = FACE_BOUND('',#4027,.F.);
#4027 = EDGE_LOOP('',(#4028,#4038,#4046,#4052,#4053,#4054));
#4028 = ORIENTED_EDGE('',*,*,#4029,.F.);
#4029 = EDGE_CURVE('',#4030,#4032,#4034,.T.);
#4030 = VERTEX_POINT('',#4031);
#4031 = CARTESIAN_POINT('',(2.5,-0.5,0.));
#4032 = VERTEX_POINT('',#4033);
#4033 = CARTESIAN_POINT('',(2.3,-0.5,0.));
#4034 = LINE('',#4035,#4036);
#4035 = CARTESIAN_POINT('',(2.5,-0.5,0.));
#4036 = VECTOR('',#4037,1.);
#4037 = DIRECTION('',(-1.,-2.334869823773E-16,0.));
#4038 = ORIENTED_EDGE('',*,*,#4039,.T.);
#4039 = EDGE_CURVE('',#4030,#4040,#4042,.T.);
#4040 = VERTEX_POINT('',#4041);
#4041 = CARTESIAN_POINT('',(2.5,-0.5,0.1));
#4042 = LINE('',#4043,#4044);
#4043 = CARTESIAN_POINT('',(2.5,-0.5,0.));
#4044 = VECTOR('',#4045,1.);
#4045 = DIRECTION('',(0.,0.,1.));
#4046 = ORIENTED_EDGE('',*,*,#4047,.T.);
#4047 = EDGE_CURVE('',#4040,#2261,#4048,.T.);
#4048 = LINE('',#4049,#4050);
#4049 = CARTESIAN_POINT('',(2.5,-0.5,0.1));
#4050 = VECTOR('',#4051,1.);
#4051 = DIRECTION('',(-1.,-2.334869823773E-16,0.));
#4052 = ORIENTED_EDGE('',*,*,#2268,.T.);
#4053 = ORIENTED_EDGE('',*,*,#3012,.F.);
#4054 = ORIENTED_EDGE('',*,*,#4055,.F.);
#4055 = EDGE_CURVE('',#4032,#3005,#4056,.T.);
#4056 = LINE('',#4057,#4058);
#4057 = CARTESIAN_POINT('',(2.3,-0.5,0.));
#4058 = VECTOR('',#4059,1.);
#4059 = DIRECTION('',(0.,0.,1.));
#4060 = PLANE('',#4061);
#4061 = AXIS2_PLACEMENT_3D('',#4062,#4063,#4064);
#4062 = CARTESIAN_POINT('',(2.5,-0.5,0.));
#4063 = DIRECTION('',(2.334869823773E-16,-1.,0.));
#4064 = DIRECTION('',(-1.,-2.334869823773E-16,0.));
#4065 = ADVANCED_FACE('',(#4066),#4084,.T.);
#4066 = FACE_BOUND('',#4067,.T.);
#4067 = EDGE_LOOP('',(#4068,#4076,#4077,#4078));
#4068 = ORIENTED_EDGE('',*,*,#4069,.T.);
#4069 = EDGE_CURVE('',#4070,#4040,#4072,.T.);
#4070 = VERTEX_POINT('',#4071);
#4071 = CARTESIAN_POINT('',(2.5,-0.8,0.1));
#4072 = LINE('',#4073,#4074);
#4073 = CARTESIAN_POINT('',(2.5,-0.8,0.1));
#4074 = VECTOR('',#4075,1.);
#4075 = DIRECTION('',(-2.334869823773E-16,1.,0.));
#4076 = ORIENTED_EDGE('',*,*,#4047,.T.);
#4077 = ORIENTED_EDGE('',*,*,#2260,.T.);
#4078 = ORIENTED_EDGE('',*,*,#4079,.T.);
#4079 = EDGE_CURVE('',#2253,#4070,#4080,.T.);
#4080 = LINE('',#4081,#4082);
#4081 = CARTESIAN_POINT('',(2.3,-0.8,0.1));
#4082 = VECTOR('',#4083,1.);
#4083 = DIRECTION('',(1.,2.334869823773E-16,0.));
#4084 = PLANE('',#4085);
#4085 = AXIS2_PLACEMENT_3D('',#4086,#4087,#4088);
#4086 = CARTESIAN_POINT('',(2.4,-0.65,0.1));
#4087 = DIRECTION('',(0.,0.,1.));
#4088 = DIRECTION('',(-2.334869823773E-16,1.,0.));
#4089 = ADVANCED_FACE('',(#4090),#4117,.F.);
#4090 = FACE_BOUND('',#4091,.F.);
#4091 = EDGE_LOOP('',(#4092,#4102,#4108,#4109,#4110,#4111));
#4092 = ORIENTED_EDGE('',*,*,#4093,.F.);
#4093 = EDGE_CURVE('',#4094,#4096,#4098,.T.);
#4094 = VERTEX_POINT('',#4095);
#4095 = CARTESIAN_POINT('',(2.3,-0.8,0.));
#4096 = VERTEX_POINT('',#4097);
#4097 = CARTESIAN_POINT('',(2.5,-0.8,0.));
#4098 = LINE('',#4099,#4100);
#4099 = CARTESIAN_POINT('',(2.3,-0.8,0.));
#4100 = VECTOR('',#4101,1.);
#4101 = DIRECTION('',(1.,2.334869823773E-16,0.));
#4102 = ORIENTED_EDGE('',*,*,#4103,.T.);
#4103 = EDGE_CURVE('',#4094,#2997,#4104,.T.);
#4104 = LINE('',#4105,#4106);
#4105 = CARTESIAN_POINT('',(2.3,-0.8,0.));
#4106 = VECTOR('',#4107,1.);
#4107 = DIRECTION('',(0.,0.,1.));
#4108 = ORIENTED_EDGE('',*,*,#2996,.F.);
#4109 = ORIENTED_EDGE('',*,*,#2252,.T.);
#4110 = ORIENTED_EDGE('',*,*,#4079,.T.);
#4111 = ORIENTED_EDGE('',*,*,#4112,.F.);
#4112 = EDGE_CURVE('',#4096,#4070,#4113,.T.);
#4113 = LINE('',#4114,#4115);
#4114 = CARTESIAN_POINT('',(2.5,-0.8,0.));
#4115 = VECTOR('',#4116,1.);
#4116 = DIRECTION('',(0.,0.,1.));
#4117 = PLANE('',#4118);
#4118 = AXIS2_PLACEMENT_3D('',#4119,#4120,#4121);
#4119 = CARTESIAN_POINT('',(2.3,-0.8,0.));
#4120 = DIRECTION('',(-2.334869823773E-16,1.,0.));
#4121 = DIRECTION('',(1.,2.334869823773E-16,0.));
#4122 = ADVANCED_FACE('',(#4123),#4157,.F.);
#4123 = FACE_BOUND('',#4124,.F.);
#4124 = EDGE_LOOP('',(#4125,#4135,#4143,#4149,#4150,#4151));
#4125 = ORIENTED_EDGE('',*,*,#4126,.F.);
#4126 = EDGE_CURVE('',#4127,#4129,#4131,.T.);
#4127 = VERTEX_POINT('',#4128);
#4128 = CARTESIAN_POINT('',(2.5,-1.15,0.));
#4129 = VERTEX_POINT('',#4130);
#4130 = CARTESIAN_POINT('',(2.3,-1.15,0.));
#4131 = LINE('',#4132,#4133);
#4132 = CARTESIAN_POINT('',(2.5,-1.15,0.));
#4133 = VECTOR('',#4134,1.);
#4134 = DIRECTION('',(-1.,-2.334869823773E-16,0.));
#4135 = ORIENTED_EDGE('',*,*,#4136,.T.);
#4136 = EDGE_CURVE('',#4127,#4137,#4139,.T.);
#4137 = VERTEX_POINT('',#4138);
#4138 = CARTESIAN_POINT('',(2.5,-1.15,0.1));
#4139 = LINE('',#4140,#4141);
#4140 = CARTESIAN_POINT('',(2.5,-1.15,0.));
#4141 = VECTOR('',#4142,1.);
#4142 = DIRECTION('',(0.,0.,1.));
#4143 = ORIENTED_EDGE('',*,*,#4144,.T.);
#4144 = EDGE_CURVE('',#4137,#2229,#4145,.T.);
#4145 = LINE('',#4146,#4147);
#4146 = CARTESIAN_POINT('',(2.5,-1.15,0.1));
#4147 = VECTOR('',#4148,1.);
#4148 = DIRECTION('',(-1.,-2.334869823773E-16,0.));
#4149 = ORIENTED_EDGE('',*,*,#2236,.T.);
#4150 = ORIENTED_EDGE('',*,*,#2989,.F.);
#4151 = ORIENTED_EDGE('',*,*,#4152,.F.);
#4152 = EDGE_CURVE('',#4129,#2982,#4153,.T.);
#4153 = LINE('',#4154,#4155);
#4154 = CARTESIAN_POINT('',(2.3,-1.15,0.));
#4155 = VECTOR('',#4156,1.);
#4156 = DIRECTION('',(0.,0.,1.));
#4157 = PLANE('',#4158);
#4158 = AXIS2_PLACEMENT_3D('',#4159,#4160,#4161);
#4159 = CARTESIAN_POINT('',(2.5,-1.15,0.));
#4160 = DIRECTION('',(2.334869823773E-16,-1.,0.));
#4161 = DIRECTION('',(-1.,-2.334869823773E-16,0.));
#4162 = ADVANCED_FACE('',(#4163),#4181,.T.);
#4163 = FACE_BOUND('',#4164,.T.);
#4164 = EDGE_LOOP('',(#4165,#4173,#4174,#4175));
#4165 = ORIENTED_EDGE('',*,*,#4166,.T.);
#4166 = EDGE_CURVE('',#4167,#4137,#4169,.T.);
#4167 = VERTEX_POINT('',#4168);
#4168 = CARTESIAN_POINT('',(2.5,-1.45,0.1));
#4169 = LINE('',#4170,#4171);
#4170 = CARTESIAN_POINT('',(2.5,-1.45,0.1));
#4171 = VECTOR('',#4172,1.);
#4172 = DIRECTION('',(-2.334869823773E-16,1.,0.));
#4173 = ORIENTED_EDGE('',*,*,#4144,.T.);
#4174 = ORIENTED_EDGE('',*,*,#2228,.T.);
#4175 = ORIENTED_EDGE('',*,*,#4176,.T.);
#4176 = EDGE_CURVE('',#2221,#4167,#4177,.T.);
#4177 = LINE('',#4178,#4179);
#4178 = CARTESIAN_POINT('',(2.3,-1.45,0.1));
#4179 = VECTOR('',#4180,1.);
#4180 = DIRECTION('',(1.,2.334869823773E-16,0.));
#4181 = PLANE('',#4182);
#4182 = AXIS2_PLACEMENT_3D('',#4183,#4184,#4185);
#4183 = CARTESIAN_POINT('',(2.4,-1.3,0.1));
#4184 = DIRECTION('',(0.,0.,1.));
#4185 = DIRECTION('',(-2.334869823773E-16,1.,0.));
#4186 = ADVANCED_FACE('',(#4187),#4214,.F.);
#4187 = FACE_BOUND('',#4188,.F.);
#4188 = EDGE_LOOP('',(#4189,#4199,#4205,#4206,#4207,#4208));
#4189 = ORIENTED_EDGE('',*,*,#4190,.F.);
#4190 = EDGE_CURVE('',#4191,#4193,#4195,.T.);
#4191 = VERTEX_POINT('',#4192);
#4192 = CARTESIAN_POINT('',(2.3,-1.45,0.));
#4193 = VERTEX_POINT('',#4194);
#4194 = CARTESIAN_POINT('',(2.5,-1.45,0.));
#4195 = LINE('',#4196,#4197);
#4196 = CARTESIAN_POINT('',(2.3,-1.45,0.));
#4197 = VECTOR('',#4198,1.);
#4198 = DIRECTION('',(1.,2.334869823773E-16,0.));
#4199 = ORIENTED_EDGE('',*,*,#4200,.T.);
#4200 = EDGE_CURVE('',#4191,#2974,#4201,.T.);
#4201 = LINE('',#4202,#4203);
#4202 = CARTESIAN_POINT('',(2.3,-1.45,0.));
#4203 = VECTOR('',#4204,1.);
#4204 = DIRECTION('',(0.,0.,1.));
#4205 = ORIENTED_EDGE('',*,*,#2973,.F.);
#4206 = ORIENTED_EDGE('',*,*,#2220,.T.);
#4207 = ORIENTED_EDGE('',*,*,#4176,.T.);
#4208 = ORIENTED_EDGE('',*,*,#4209,.F.);
#4209 = EDGE_CURVE('',#4193,#4167,#4210,.T.);
#4210 = LINE('',#4211,#4212);
#4211 = CARTESIAN_POINT('',(2.5,-1.45,0.));
#4212 = VECTOR('',#4213,1.);
#4213 = DIRECTION('',(0.,0.,1.));
#4214 = PLANE('',#4215);
#4215 = AXIS2_PLACEMENT_3D('',#4216,#4217,#4218);
#4216 = CARTESIAN_POINT('',(2.3,-1.45,0.));
#4217 = DIRECTION('',(-2.334869823773E-16,1.,0.));
#4218 = DIRECTION('',(1.,2.334869823773E-16,0.));
#4219 = ADVANCED_FACE('',(#4220),#4254,.F.);
#4220 = FACE_BOUND('',#4221,.F.);
#4221 = EDGE_LOOP('',(#4222,#4232,#4238,#4239,#4240,#4248));
#4222 = ORIENTED_EDGE('',*,*,#4223,.F.);
#4223 = EDGE_CURVE('',#4224,#4226,#4228,.T.);
#4224 = VERTEX_POINT('',#4225);
#4225 = CARTESIAN_POINT('',(-2.3,1.45,0.));
#4226 = VERTEX_POINT('',#4227);
#4227 = CARTESIAN_POINT('',(-2.5,1.45,0.));
#4228 = LINE('',#4229,#4230);
#4229 = CARTESIAN_POINT('',(-2.3,1.45,0.));
#4230 = VECTOR('',#4231,1.);
#4231 = DIRECTION('',(-1.,-1.110223024625E-16,0.));
#4232 = ORIENTED_EDGE('',*,*,#4233,.T.);
#4233 = EDGE_CURVE('',#4224,#2742,#4234,.T.);
#4234 = LINE('',#4235,#4236);
#4235 = CARTESIAN_POINT('',(-2.3,1.45,0.));
#4236 = VECTOR('',#4237,1.);
#4237 = DIRECTION('',(0.,0.,1.));
#4238 = ORIENTED_EDGE('',*,*,#2741,.F.);
#4239 = ORIENTED_EDGE('',*,*,#2548,.F.);
#4240 = ORIENTED_EDGE('',*,*,#4241,.T.);
#4241 = EDGE_CURVE('',#2541,#4242,#4244,.T.);
#4242 = VERTEX_POINT('',#4243);
#4243 = CARTESIAN_POINT('',(-2.5,1.45,0.1));
#4244 = LINE('',#4245,#4246);
#4245 = CARTESIAN_POINT('',(-2.3,1.45,0.1));
#4246 = VECTOR('',#4247,1.);
#4247 = DIRECTION('',(-1.,-1.110223024625E-16,0.));
#4248 = ORIENTED_EDGE('',*,*,#4249,.F.);
#4249 = EDGE_CURVE('',#4226,#4242,#4250,.T.);
#4250 = LINE('',#4251,#4252);
#4251 = CARTESIAN_POINT('',(-2.5,1.45,0.));
#4252 = VECTOR('',#4253,1.);
#4253 = DIRECTION('',(0.,0.,1.));
#4254 = PLANE('',#4255);
#4255 = AXIS2_PLACEMENT_3D('',#4256,#4257,#4258);
#4256 = CARTESIAN_POINT('',(-2.3,1.45,0.));
#4257 = DIRECTION('',(1.110223024625E-16,-1.,0.));
#4258 = DIRECTION('',(-1.,-1.110223024625E-16,0.));
#4259 = ADVANCED_FACE('',(#4260),#4278,.T.);
#4260 = FACE_BOUND('',#4261,.T.);
#4261 = EDGE_LOOP('',(#4262,#4270,#4276,#4277));
#4262 = ORIENTED_EDGE('',*,*,#4263,.T.);
#4263 = EDGE_CURVE('',#4242,#4264,#4266,.T.);
#4264 = VERTEX_POINT('',#4265);
#4265 = CARTESIAN_POINT('',(-2.5,1.15,0.1));
#4266 = LINE('',#4267,#4268);
#4267 = CARTESIAN_POINT('',(-2.5,1.45,0.1));
#4268 = VECTOR('',#4269,1.);
#4269 = DIRECTION('',(1.110223024625E-16,-1.,0.));
#4270 = ORIENTED_EDGE('',*,*,#4271,.T.);
#4271 = EDGE_CURVE('',#4264,#2533,#4272,.T.);
#4272 = LINE('',#4273,#4274);
#4273 = CARTESIAN_POINT('',(-2.5,1.15,0.1));
#4274 = VECTOR('',#4275,1.);
#4275 = DIRECTION('',(1.,1.110223024625E-16,0.));
#4276 = ORIENTED_EDGE('',*,*,#2540,.F.);
#4277 = ORIENTED_EDGE('',*,*,#4241,.T.);
#4278 = PLANE('',#4279);
#4279 = AXIS2_PLACEMENT_3D('',#4280,#4281,#4282);
#4280 = CARTESIAN_POINT('',(-2.4,1.3,0.1));
#4281 = DIRECTION('',(0.,0.,1.));
#4282 = DIRECTION('',(1.110223024625E-16,-1.,0.));
#4283 = ADVANCED_FACE('',(#4284),#4311,.F.);
#4284 = FACE_BOUND('',#4285,.F.);
#4285 = EDGE_LOOP('',(#4286,#4296,#4302,#4303,#4304,#4305));
#4286 = ORIENTED_EDGE('',*,*,#4287,.F.);
#4287 = EDGE_CURVE('',#4288,#4290,#4292,.T.);
#4288 = VERTEX_POINT('',#4289);
#4289 = CARTESIAN_POINT('',(-2.5,1.15,0.));
#4290 = VERTEX_POINT('',#4291);
#4291 = CARTESIAN_POINT('',(-2.3,1.15,0.));
#4292 = LINE('',#4293,#4294);
#4293 = CARTESIAN_POINT('',(-2.5,1.15,0.));
#4294 = VECTOR('',#4295,1.);
#4295 = DIRECTION('',(1.,1.110223024625E-16,0.));
#4296 = ORIENTED_EDGE('',*,*,#4297,.T.);
#4297 = EDGE_CURVE('',#4288,#4264,#4298,.T.);
#4298 = LINE('',#4299,#4300);
#4299 = CARTESIAN_POINT('',(-2.5,1.15,0.));
#4300 = VECTOR('',#4301,1.);
#4301 = DIRECTION('',(0.,0.,1.));
#4302 = ORIENTED_EDGE('',*,*,#4271,.T.);
#4303 = ORIENTED_EDGE('',*,*,#2532,.F.);
#4304 = ORIENTED_EDGE('',*,*,#2757,.F.);
#4305 = ORIENTED_EDGE('',*,*,#4306,.F.);
#4306 = EDGE_CURVE('',#4290,#2750,#4307,.T.);
#4307 = LINE('',#4308,#4309);
#4308 = CARTESIAN_POINT('',(-2.3,1.15,0.));
#4309 = VECTOR('',#4310,1.);
#4310 = DIRECTION('',(0.,0.,1.));
#4311 = PLANE('',#4312);
#4312 = AXIS2_PLACEMENT_3D('',#4313,#4314,#4315);
#4313 = CARTESIAN_POINT('',(-2.5,1.15,0.));
#4314 = DIRECTION('',(-1.110223024625E-16,1.,0.));
#4315 = DIRECTION('',(1.,1.110223024625E-16,0.));
#4316 = ADVANCED_FACE('',(#4317),#4351,.F.);
#4317 = FACE_BOUND('',#4318,.F.);
#4318 = EDGE_LOOP('',(#4319,#4329,#4335,#4336,#4337,#4345));
#4319 = ORIENTED_EDGE('',*,*,#4320,.F.);
#4320 = EDGE_CURVE('',#4321,#4323,#4325,.T.);
#4321 = VERTEX_POINT('',#4322);
#4322 = CARTESIAN_POINT('',(-2.3,0.8,0.));
#4323 = VERTEX_POINT('',#4324);
#4324 = CARTESIAN_POINT('',(-2.5,0.8,0.));
#4325 = LINE('',#4326,#4327);
#4326 = CARTESIAN_POINT('',(-2.3,0.8,0.));
#4327 = VECTOR('',#4328,1.);
#4328 = DIRECTION('',(-1.,-1.110223024625E-16,0.));
#4329 = ORIENTED_EDGE('',*,*,#4330,.T.);
#4330 = EDGE_CURVE('',#4321,#2765,#4331,.T.);
#4331 = LINE('',#4332,#4333);
#4332 = CARTESIAN_POINT('',(-2.3,0.8,0.));
#4333 = VECTOR('',#4334,1.);
#4334 = DIRECTION('',(0.,0.,1.));
#4335 = ORIENTED_EDGE('',*,*,#2764,.F.);
#4336 = ORIENTED_EDGE('',*,*,#2516,.F.);
#4337 = ORIENTED_EDGE('',*,*,#4338,.T.);
#4338 = EDGE_CURVE('',#2509,#4339,#4341,.T.);
#4339 = VERTEX_POINT('',#4340);
#4340 = CARTESIAN_POINT('',(-2.5,0.8,0.1));
#4341 = LINE('',#4342,#4343);
#4342 = CARTESIAN_POINT('',(-2.3,0.8,0.1));
#4343 = VECTOR('',#4344,1.);
#4344 = DIRECTION('',(-1.,-1.110223024625E-16,0.));
#4345 = ORIENTED_EDGE('',*,*,#4346,.F.);
#4346 = EDGE_CURVE('',#4323,#4339,#4347,.T.);
#4347 = LINE('',#4348,#4349);
#4348 = CARTESIAN_POINT('',(-2.5,0.8,0.));
#4349 = VECTOR('',#4350,1.);
#4350 = DIRECTION('',(0.,0.,1.));
#4351 = PLANE('',#4352);
#4352 = AXIS2_PLACEMENT_3D('',#4353,#4354,#4355);
#4353 = CARTESIAN_POINT('',(-2.3,0.8,0.));
#4354 = DIRECTION('',(1.110223024625E-16,-1.,0.));
#4355 = DIRECTION('',(-1.,-1.110223024625E-16,0.));
#4356 = ADVANCED_FACE('',(#4357),#4375,.T.);
#4357 = FACE_BOUND('',#4358,.T.);
#4358 = EDGE_LOOP('',(#4359,#4367,#4373,#4374));
#4359 = ORIENTED_EDGE('',*,*,#4360,.T.);
#4360 = EDGE_CURVE('',#4339,#4361,#4363,.T.);
#4361 = VERTEX_POINT('',#4362);
#4362 = CARTESIAN_POINT('',(-2.5,0.5,0.1));
#4363 = LINE('',#4364,#4365);
#4364 = CARTESIAN_POINT('',(-2.5,0.8,0.1));
#4365 = VECTOR('',#4366,1.);
#4366 = DIRECTION('',(1.110223024625E-16,-1.,0.));
#4367 = ORIENTED_EDGE('',*,*,#4368,.T.);
#4368 = EDGE_CURVE('',#4361,#2501,#4369,.T.);
#4369 = LINE('',#4370,#4371);
#4370 = CARTESIAN_POINT('',(-2.5,0.5,0.1));
#4371 = VECTOR('',#4372,1.);
#4372 = DIRECTION('',(1.,1.110223024625E-16,0.));
#4373 = ORIENTED_EDGE('',*,*,#2508,.F.);
#4374 = ORIENTED_EDGE('',*,*,#4338,.T.);
#4375 = PLANE('',#4376);
#4376 = AXIS2_PLACEMENT_3D('',#4377,#4378,#4379);
#4377 = CARTESIAN_POINT('',(-2.4,0.65,0.1));
#4378 = DIRECTION('',(0.,0.,1.));
#4379 = DIRECTION('',(1.110223024625E-16,-1.,0.));
#4380 = ADVANCED_FACE('',(#4381),#4408,.F.);
#4381 = FACE_BOUND('',#4382,.F.);
#4382 = EDGE_LOOP('',(#4383,#4393,#4399,#4400,#4401,#4402));
#4383 = ORIENTED_EDGE('',*,*,#4384,.F.);
#4384 = EDGE_CURVE('',#4385,#4387,#4389,.T.);
#4385 = VERTEX_POINT('',#4386);
#4386 = CARTESIAN_POINT('',(-2.5,0.5,0.));
#4387 = VERTEX_POINT('',#4388);
#4388 = CARTESIAN_POINT('',(-2.3,0.5,0.));
#4389 = LINE('',#4390,#4391);
#4390 = CARTESIAN_POINT('',(-2.5,0.5,0.));
#4391 = VECTOR('',#4392,1.);
#4392 = DIRECTION('',(1.,1.110223024625E-16,0.));
#4393 = ORIENTED_EDGE('',*,*,#4394,.T.);
#4394 = EDGE_CURVE('',#4385,#4361,#4395,.T.);
#4395 = LINE('',#4396,#4397);
#4396 = CARTESIAN_POINT('',(-2.5,0.5,0.));
#4397 = VECTOR('',#4398,1.);
#4398 = DIRECTION('',(0.,0.,1.));
#4399 = ORIENTED_EDGE('',*,*,#4368,.T.);
#4400 = ORIENTED_EDGE('',*,*,#2500,.F.);
#4401 = ORIENTED_EDGE('',*,*,#2780,.F.);
#4402 = ORIENTED_EDGE('',*,*,#4403,.F.);
#4403 = EDGE_CURVE('',#4387,#2773,#4404,.T.);
#4404 = LINE('',#4405,#4406);
#4405 = CARTESIAN_POINT('',(-2.3,0.5,0.));
#4406 = VECTOR('',#4407,1.);
#4407 = DIRECTION('',(0.,0.,1.));
#4408 = PLANE('',#4409);
#4409 = AXIS2_PLACEMENT_3D('',#4410,#4411,#4412);
#4410 = CARTESIAN_POINT('',(-2.5,0.5,0.));
#4411 = DIRECTION('',(-1.110223024625E-16,1.,0.));
#4412 = DIRECTION('',(1.,1.110223024625E-16,0.));
#4413 = ADVANCED_FACE('',(#4414),#4448,.F.);
#4414 = FACE_BOUND('',#4415,.F.);
#4415 = EDGE_LOOP('',(#4416,#4426,#4432,#4433,#4434,#4442));
#4416 = ORIENTED_EDGE('',*,*,#4417,.F.);
#4417 = EDGE_CURVE('',#4418,#4420,#4422,.T.);
#4418 = VERTEX_POINT('',#4419);
#4419 = CARTESIAN_POINT('',(-2.3,0.15,0.));
#4420 = VERTEX_POINT('',#4421);
#4421 = CARTESIAN_POINT('',(-2.5,0.15,0.));
#4422 = LINE('',#4423,#4424);
#4423 = CARTESIAN_POINT('',(-2.3,0.15,0.));
#4424 = VECTOR('',#4425,1.);
#4425 = DIRECTION('',(-1.,-1.110223024625E-16,0.));
#4426 = ORIENTED_EDGE('',*,*,#4427,.T.);
#4427 = EDGE_CURVE('',#4418,#2788,#4428,.T.);
#4428 = LINE('',#4429,#4430);
#4429 = CARTESIAN_POINT('',(-2.3,0.15,0.));
#4430 = VECTOR('',#4431,1.);
#4431 = DIRECTION('',(0.,0.,1.));
#4432 = ORIENTED_EDGE('',*,*,#2787,.F.);
#4433 = ORIENTED_EDGE('',*,*,#2484,.F.);
#4434 = ORIENTED_EDGE('',*,*,#4435,.T.);
#4435 = EDGE_CURVE('',#2477,#4436,#4438,.T.);
#4436 = VERTEX_POINT('',#4437);
#4437 = CARTESIAN_POINT('',(-2.5,0.15,0.1));
#4438 = LINE('',#4439,#4440);
#4439 = CARTESIAN_POINT('',(-2.3,0.15,0.1));
#4440 = VECTOR('',#4441,1.);
#4441 = DIRECTION('',(-1.,-1.110223024625E-16,0.));
#4442 = ORIENTED_EDGE('',*,*,#4443,.F.);
#4443 = EDGE_CURVE('',#4420,#4436,#4444,.T.);
#4444 = LINE('',#4445,#4446);
#4445 = CARTESIAN_POINT('',(-2.5,0.15,0.));
#4446 = VECTOR('',#4447,1.);
#4447 = DIRECTION('',(0.,0.,1.));
#4448 = PLANE('',#4449);
#4449 = AXIS2_PLACEMENT_3D('',#4450,#4451,#4452);
#4450 = CARTESIAN_POINT('',(-2.3,0.15,0.));
#4451 = DIRECTION('',(1.110223024625E-16,-1.,0.));
#4452 = DIRECTION('',(-1.,-1.110223024625E-16,0.));
#4453 = ADVANCED_FACE('',(#4454),#4472,.T.);
#4454 = FACE_BOUND('',#4455,.T.);
#4455 = EDGE_LOOP('',(#4456,#4464,#4470,#4471));
#4456 = ORIENTED_EDGE('',*,*,#4457,.T.);
#4457 = EDGE_CURVE('',#4436,#4458,#4460,.T.);
#4458 = VERTEX_POINT('',#4459);
#4459 = CARTESIAN_POINT('',(-2.5,-0.15,0.1));
#4460 = LINE('',#4461,#4462);
#4461 = CARTESIAN_POINT('',(-2.5,0.15,0.1));
#4462 = VECTOR('',#4463,1.);
#4463 = DIRECTION('',(1.110223024625E-16,-1.,0.));
#4464 = ORIENTED_EDGE('',*,*,#4465,.T.);
#4465 = EDGE_CURVE('',#4458,#2469,#4466,.T.);
#4466 = LINE('',#4467,#4468);
#4467 = CARTESIAN_POINT('',(-2.5,-0.15,0.1));
#4468 = VECTOR('',#4469,1.);
#4469 = DIRECTION('',(1.,1.110223024625E-16,0.));
#4470 = ORIENTED_EDGE('',*,*,#2476,.F.);
#4471 = ORIENTED_EDGE('',*,*,#4435,.T.);
#4472 = PLANE('',#4473);
#4473 = AXIS2_PLACEMENT_3D('',#4474,#4475,#4476);
#4474 = CARTESIAN_POINT('',(-2.4,-2.6645352591E-16,0.1));
#4475 = DIRECTION('',(0.,0.,1.));
#4476 = DIRECTION('',(1.110223024625E-16,-1.,0.));
#4477 = ADVANCED_FACE('',(#4478),#4505,.F.);
#4478 = FACE_BOUND('',#4479,.F.);
#4479 = EDGE_LOOP('',(#4480,#4490,#4496,#4497,#4498,#4499));
#4480 = ORIENTED_EDGE('',*,*,#4481,.F.);
#4481 = EDGE_CURVE('',#4482,#4484,#4486,.T.);
#4482 = VERTEX_POINT('',#4483);
#4483 = CARTESIAN_POINT('',(-2.5,-0.15,0.));
#4484 = VERTEX_POINT('',#4485);
#4485 = CARTESIAN_POINT('',(-2.3,-0.15,0.));
#4486 = LINE('',#4487,#4488);
#4487 = CARTESIAN_POINT('',(-2.5,-0.15,0.));
#4488 = VECTOR('',#4489,1.);
#4489 = DIRECTION('',(1.,1.110223024625E-16,0.));
#4490 = ORIENTED_EDGE('',*,*,#4491,.T.);
#4491 = EDGE_CURVE('',#4482,#4458,#4492,.T.);
#4492 = LINE('',#4493,#4494);
#4493 = CARTESIAN_POINT('',(-2.5,-0.15,0.));
#4494 = VECTOR('',#4495,1.);
#4495 = DIRECTION('',(0.,0.,1.));
#4496 = ORIENTED_EDGE('',*,*,#4465,.T.);
#4497 = ORIENTED_EDGE('',*,*,#2468,.F.);
#4498 = ORIENTED_EDGE('',*,*,#2803,.F.);
#4499 = ORIENTED_EDGE('',*,*,#4500,.F.);
#4500 = EDGE_CURVE('',#4484,#2796,#4501,.T.);
#4501 = LINE('',#4502,#4503);
#4502 = CARTESIAN_POINT('',(-2.3,-0.15,0.));
#4503 = VECTOR('',#4504,1.);
#4504 = DIRECTION('',(0.,0.,1.));
#4505 = PLANE('',#4506);
#4506 = AXIS2_PLACEMENT_3D('',#4507,#4508,#4509);
#4507 = CARTESIAN_POINT('',(-2.5,-0.15,0.));
#4508 = DIRECTION('',(-1.110223024625E-16,1.,0.));
#4509 = DIRECTION('',(1.,1.110223024625E-16,0.));
#4510 = ADVANCED_FACE('',(#4511),#4545,.F.);
#4511 = FACE_BOUND('',#4512,.F.);
#4512 = EDGE_LOOP('',(#4513,#4523,#4529,#4530,#4531,#4539));
#4513 = ORIENTED_EDGE('',*,*,#4514,.F.);
#4514 = EDGE_CURVE('',#4515,#4517,#4519,.T.);
#4515 = VERTEX_POINT('',#4516);
#4516 = CARTESIAN_POINT('',(-2.3,-0.5,0.));
#4517 = VERTEX_POINT('',#4518);
#4518 = CARTESIAN_POINT('',(-2.5,-0.5,0.));
#4519 = LINE('',#4520,#4521);
#4520 = CARTESIAN_POINT('',(-2.3,-0.5,0.));
#4521 = VECTOR('',#4522,1.);
#4522 = DIRECTION('',(-1.,-1.110223024625E-16,0.));
#4523 = ORIENTED_EDGE('',*,*,#4524,.T.);
#4524 = EDGE_CURVE('',#4515,#2811,#4525,.T.);
#4525 = LINE('',#4526,#4527);
#4526 = CARTESIAN_POINT('',(-2.3,-0.5,0.));
#4527 = VECTOR('',#4528,1.);
#4528 = DIRECTION('',(0.,0.,1.));
#4529 = ORIENTED_EDGE('',*,*,#2810,.F.);
#4530 = ORIENTED_EDGE('',*,*,#2452,.F.);
#4531 = ORIENTED_EDGE('',*,*,#4532,.T.);
#4532 = EDGE_CURVE('',#2445,#4533,#4535,.T.);
#4533 = VERTEX_POINT('',#4534);
#4534 = CARTESIAN_POINT('',(-2.5,-0.5,0.1));
#4535 = LINE('',#4536,#4537);
#4536 = CARTESIAN_POINT('',(-2.3,-0.5,0.1));
#4537 = VECTOR('',#4538,1.);
#4538 = DIRECTION('',(-1.,-1.110223024625E-16,0.));
#4539 = ORIENTED_EDGE('',*,*,#4540,.F.);
#4540 = EDGE_CURVE('',#4517,#4533,#4541,.T.);
#4541 = LINE('',#4542,#4543);
#4542 = CARTESIAN_POINT('',(-2.5,-0.5,0.));
#4543 = VECTOR('',#4544,1.);
#4544 = DIRECTION('',(0.,0.,1.));
#4545 = PLANE('',#4546);
#4546 = AXIS2_PLACEMENT_3D('',#4547,#4548,#4549);
#4547 = CARTESIAN_POINT('',(-2.3,-0.5,0.));
#4548 = DIRECTION('',(1.110223024625E-16,-1.,0.));
#4549 = DIRECTION('',(-1.,-1.110223024625E-16,0.));
#4550 = ADVANCED_FACE('',(#4551),#4569,.T.);
#4551 = FACE_BOUND('',#4552,.T.);
#4552 = EDGE_LOOP('',(#4553,#4561,#4567,#4568));
#4553 = ORIENTED_EDGE('',*,*,#4554,.T.);
#4554 = EDGE_CURVE('',#4533,#4555,#4557,.T.);
#4555 = VERTEX_POINT('',#4556);
#4556 = CARTESIAN_POINT('',(-2.5,-0.8,0.1));
#4557 = LINE('',#4558,#4559);
#4558 = CARTESIAN_POINT('',(-2.5,-0.5,0.1));
#4559 = VECTOR('',#4560,1.);
#4560 = DIRECTION('',(1.110223024625E-16,-1.,0.));
#4561 = ORIENTED_EDGE('',*,*,#4562,.T.);
#4562 = EDGE_CURVE('',#4555,#2437,#4563,.T.);
#4563 = LINE('',#4564,#4565);
#4564 = CARTESIAN_POINT('',(-2.5,-0.8,0.1));
#4565 = VECTOR('',#4566,1.);
#4566 = DIRECTION('',(1.,1.110223024625E-16,0.));
#4567 = ORIENTED_EDGE('',*,*,#2444,.F.);
#4568 = ORIENTED_EDGE('',*,*,#4532,.T.);
#4569 = PLANE('',#4570);
#4570 = AXIS2_PLACEMENT_3D('',#4571,#4572,#4573);
#4571 = CARTESIAN_POINT('',(-2.4,-0.65,0.1));
#4572 = DIRECTION('',(0.,0.,1.));
#4573 = DIRECTION('',(1.110223024625E-16,-1.,0.));
#4574 = ADVANCED_FACE('',(#4575),#4602,.F.);
#4575 = FACE_BOUND('',#4576,.F.);
#4576 = EDGE_LOOP('',(#4577,#4587,#4593,#4594,#4595,#4596));
#4577 = ORIENTED_EDGE('',*,*,#4578,.F.);
#4578 = EDGE_CURVE('',#4579,#4581,#4583,.T.);
#4579 = VERTEX_POINT('',#4580);
#4580 = CARTESIAN_POINT('',(-2.5,-0.8,0.));
#4581 = VERTEX_POINT('',#4582);
#4582 = CARTESIAN_POINT('',(-2.3,-0.8,0.));
#4583 = LINE('',#4584,#4585);
#4584 = CARTESIAN_POINT('',(-2.5,-0.8,0.));
#4585 = VECTOR('',#4586,1.);
#4586 = DIRECTION('',(1.,1.110223024625E-16,0.));
#4587 = ORIENTED_EDGE('',*,*,#4588,.T.);
#4588 = EDGE_CURVE('',#4579,#4555,#4589,.T.);
#4589 = LINE('',#4590,#4591);
#4590 = CARTESIAN_POINT('',(-2.5,-0.8,0.));
#4591 = VECTOR('',#4592,1.);
#4592 = DIRECTION('',(0.,0.,1.));
#4593 = ORIENTED_EDGE('',*,*,#4562,.T.);
#4594 = ORIENTED_EDGE('',*,*,#2436,.F.);
#4595 = ORIENTED_EDGE('',*,*,#2826,.F.);
#4596 = ORIENTED_EDGE('',*,*,#4597,.F.);
#4597 = EDGE_CURVE('',#4581,#2819,#4598,.T.);
#4598 = LINE('',#4599,#4600);
#4599 = CARTESIAN_POINT('',(-2.3,-0.8,0.));
#4600 = VECTOR('',#4601,1.);
#4601 = DIRECTION('',(0.,0.,1.));
#4602 = PLANE('',#4603);
#4603 = AXIS2_PLACEMENT_3D('',#4604,#4605,#4606);
#4604 = CARTESIAN_POINT('',(-2.5,-0.8,0.));
#4605 = DIRECTION('',(-1.110223024625E-16,1.,0.));
#4606 = DIRECTION('',(1.,1.110223024625E-16,0.));
#4607 = ADVANCED_FACE('',(#4608),#4642,.F.);
#4608 = FACE_BOUND('',#4609,.F.);
#4609 = EDGE_LOOP('',(#4610,#4620,#4626,#4627,#4628,#4636));
#4610 = ORIENTED_EDGE('',*,*,#4611,.F.);
#4611 = EDGE_CURVE('',#4612,#4614,#4616,.T.);
#4612 = VERTEX_POINT('',#4613);
#4613 = CARTESIAN_POINT('',(-2.3,-1.15,0.));
#4614 = VERTEX_POINT('',#4615);
#4615 = CARTESIAN_POINT('',(-2.5,-1.15,0.));
#4616 = LINE('',#4617,#4618);
#4617 = CARTESIAN_POINT('',(-2.3,-1.15,0.));
#4618 = VECTOR('',#4619,1.);
#4619 = DIRECTION('',(-1.,-1.110223024625E-16,0.));
#4620 = ORIENTED_EDGE('',*,*,#4621,.T.);
#4621 = EDGE_CURVE('',#4612,#2834,#4622,.T.);
#4622 = LINE('',#4623,#4624);
#4623 = CARTESIAN_POINT('',(-2.3,-1.15,0.));
#4624 = VECTOR('',#4625,1.);
#4625 = DIRECTION('',(0.,0.,1.));
#4626 = ORIENTED_EDGE('',*,*,#2833,.F.);
#4627 = ORIENTED_EDGE('',*,*,#2420,.F.);
#4628 = ORIENTED_EDGE('',*,*,#4629,.T.);
#4629 = EDGE_CURVE('',#2413,#4630,#4632,.T.);
#4630 = VERTEX_POINT('',#4631);
#4631 = CARTESIAN_POINT('',(-2.5,-1.15,0.1));
#4632 = LINE('',#4633,#4634);
#4633 = CARTESIAN_POINT('',(-2.3,-1.15,0.1));
#4634 = VECTOR('',#4635,1.);
#4635 = DIRECTION('',(-1.,-1.110223024625E-16,0.));
#4636 = ORIENTED_EDGE('',*,*,#4637,.F.);
#4637 = EDGE_CURVE('',#4614,#4630,#4638,.T.);
#4638 = LINE('',#4639,#4640);
#4639 = CARTESIAN_POINT('',(-2.5,-1.15,0.));
#4640 = VECTOR('',#4641,1.);
#4641 = DIRECTION('',(0.,0.,1.));
#4642 = PLANE('',#4643);
#4643 = AXIS2_PLACEMENT_3D('',#4644,#4645,#4646);
#4644 = CARTESIAN_POINT('',(-2.3,-1.15,0.));
#4645 = DIRECTION('',(1.110223024625E-16,-1.,0.));
#4646 = DIRECTION('',(-1.,-1.110223024625E-16,0.));
#4647 = ADVANCED_FACE('',(#4648),#4666,.T.);
#4648 = FACE_BOUND('',#4649,.T.);
#4649 = EDGE_LOOP('',(#4650,#4658,#4664,#4665));
#4650 = ORIENTED_EDGE('',*,*,#4651,.T.);
#4651 = EDGE_CURVE('',#4630,#4652,#4654,.T.);
#4652 = VERTEX_POINT('',#4653);
#4653 = CARTESIAN_POINT('',(-2.5,-1.45,0.1));
#4654 = LINE('',#4655,#4656);
#4655 = CARTESIAN_POINT('',(-2.5,-1.15,0.1));
#4656 = VECTOR('',#4657,1.);
#4657 = DIRECTION('',(1.110223024625E-16,-1.,0.));
#4658 = ORIENTED_EDGE('',*,*,#4659,.T.);
#4659 = EDGE_CURVE('',#4652,#2405,#4660,.T.);
#4660 = LINE('',#4661,#4662);
#4661 = CARTESIAN_POINT('',(-2.5,-1.45,0.1));
#4662 = VECTOR('',#4663,1.);
#4663 = DIRECTION('',(1.,1.110223024625E-16,0.));
#4664 = ORIENTED_EDGE('',*,*,#2412,.F.);
#4665 = ORIENTED_EDGE('',*,*,#4629,.T.);
#4666 = PLANE('',#4667);
#4667 = AXIS2_PLACEMENT_3D('',#4668,#4669,#4670);
#4668 = CARTESIAN_POINT('',(-2.4,-1.3,0.1));
#4669 = DIRECTION('',(0.,0.,1.));
#4670 = DIRECTION('',(1.110223024625E-16,-1.,0.));
#4671 = ADVANCED_FACE('',(#4672),#4699,.F.);
#4672 = FACE_BOUND('',#4673,.F.);
#4673 = EDGE_LOOP('',(#4674,#4684,#4690,#4691,#4692,#4693));
#4674 = ORIENTED_EDGE('',*,*,#4675,.F.);
#4675 = EDGE_CURVE('',#4676,#4678,#4680,.T.);
#4676 = VERTEX_POINT('',#4677);
#4677 = CARTESIAN_POINT('',(-2.5,-1.45,0.));
#4678 = VERTEX_POINT('',#4679);
#4679 = CARTESIAN_POINT('',(-2.3,-1.45,0.));
#4680 = LINE('',#4681,#4682);
#4681 = CARTESIAN_POINT('',(-2.5,-1.45,0.));
#4682 = VECTOR('',#4683,1.);
#4683 = DIRECTION('',(1.,1.110223024625E-16,0.));
#4684 = ORIENTED_EDGE('',*,*,#4685,.T.);
#4685 = EDGE_CURVE('',#4676,#4652,#4686,.T.);
#4686 = LINE('',#4687,#4688);
#4687 = CARTESIAN_POINT('',(-2.5,-1.45,0.));
#4688 = VECTOR('',#4689,1.);
#4689 = DIRECTION('',(0.,0.,1.));
#4690 = ORIENTED_EDGE('',*,*,#4659,.T.);
#4691 = ORIENTED_EDGE('',*,*,#2404,.F.);
#4692 = ORIENTED_EDGE('',*,*,#2849,.F.);
#4693 = ORIENTED_EDGE('',*,*,#4694,.F.);
#4694 = EDGE_CURVE('',#4678,#2842,#4695,.T.);
#4695 = LINE('',#4696,#4697);
#4696 = CARTESIAN_POINT('',(-2.3,-1.45,0.));
#4697 = VECTOR('',#4698,1.);
#4698 = DIRECTION('',(0.,0.,1.));
#4699 = PLANE('',#4700);
#4700 = AXIS2_PLACEMENT_3D('',#4701,#4702,#4703);
#4701 = CARTESIAN_POINT('',(-2.5,-1.45,0.));
#4702 = DIRECTION('',(-1.110223024625E-16,1.,0.));
#4703 = DIRECTION('',(1.,1.110223024625E-16,0.));
#4704 = ADVANCED_FACE('',(#4705),#4739,.F.);
#4705 = FACE_BOUND('',#4706,.F.);
#4706 = EDGE_LOOP('',(#4707,#4717,#4725,#4731,#4732,#4733));
#4707 = ORIENTED_EDGE('',*,*,#4708,.F.);
#4708 = EDGE_CURVE('',#4709,#4711,#4713,.T.);
#4709 = VERTEX_POINT('',#4710);
#4710 = CARTESIAN_POINT('',(1.45,-2.5,0.));
#4711 = VERTEX_POINT('',#4712);
#4712 = CARTESIAN_POINT('',(1.45,-2.3,0.));
#4713 = LINE('',#4714,#4715);
#4714 = CARTESIAN_POINT('',(1.45,-2.5,0.));
#4715 = VECTOR('',#4716,1.);
#4716 = DIRECTION('',(-1.144237745222E-17,1.,0.));
#4717 = ORIENTED_EDGE('',*,*,#4718,.T.);
#4718 = EDGE_CURVE('',#4709,#4719,#4721,.T.);
#4719 = VERTEX_POINT('',#4720);
#4720 = CARTESIAN_POINT('',(1.45,-2.5,0.1));
#4721 = LINE('',#4722,#4723);
#4722 = CARTESIAN_POINT('',(1.45,-2.5,0.));
#4723 = VECTOR('',#4724,1.);
#4724 = DIRECTION('',(0.,0.,1.));
#4725 = ORIENTED_EDGE('',*,*,#4726,.T.);
#4726 = EDGE_CURVE('',#4719,#2709,#4727,.T.);
#4727 = LINE('',#4728,#4729);
#4728 = CARTESIAN_POINT('',(1.45,-2.5,0.1));
#4729 = VECTOR('',#4730,1.);
#4730 = DIRECTION('',(-1.144237745222E-17,1.,0.));
#4731 = ORIENTED_EDGE('',*,*,#2716,.T.);
#4732 = ORIENTED_EDGE('',*,*,#2965,.F.);
#4733 = ORIENTED_EDGE('',*,*,#4734,.F.);
#4734 = EDGE_CURVE('',#4711,#2958,#4735,.T.);
#4735 = LINE('',#4736,#4737);
#4736 = CARTESIAN_POINT('',(1.45,-2.3,0.));
#4737 = VECTOR('',#4738,1.);
#4738 = DIRECTION('',(0.,0.,1.));
#4739 = PLANE('',#4740);
#4740 = AXIS2_PLACEMENT_3D('',#4741,#4742,#4743);
#4741 = CARTESIAN_POINT('',(1.45,-2.5,0.));
#4742 = DIRECTION('',(-1.,-1.144237745222E-17,0.));
#4743 = DIRECTION('',(-1.144237745222E-17,1.,0.));
#4744 = ADVANCED_FACE('',(#4745),#4763,.T.);
#4745 = FACE_BOUND('',#4746,.T.);
#4746 = EDGE_LOOP('',(#4747,#4755,#4756,#4757));
#4747 = ORIENTED_EDGE('',*,*,#4748,.T.);
#4748 = EDGE_CURVE('',#4749,#4719,#4751,.T.);
#4749 = VERTEX_POINT('',#4750);
#4750 = CARTESIAN_POINT('',(1.15,-2.5,0.1));
#4751 = LINE('',#4752,#4753);
#4752 = CARTESIAN_POINT('',(1.15,-2.5,0.1));
#4753 = VECTOR('',#4754,1.);
#4754 = DIRECTION('',(1.,1.144237745222E-17,0.));
#4755 = ORIENTED_EDGE('',*,*,#4726,.T.);
#4756 = ORIENTED_EDGE('',*,*,#2708,.T.);
#4757 = ORIENTED_EDGE('',*,*,#4758,.T.);
#4758 = EDGE_CURVE('',#2701,#4749,#4759,.T.);
#4759 = LINE('',#4760,#4761);
#4760 = CARTESIAN_POINT('',(1.15,-2.3,0.1));
#4761 = VECTOR('',#4762,1.);
#4762 = DIRECTION('',(1.144237745222E-17,-1.,0.));
#4763 = PLANE('',#4764);
#4764 = AXIS2_PLACEMENT_3D('',#4765,#4766,#4767);
#4765 = CARTESIAN_POINT('',(1.3,-2.4,0.1));
#4766 = DIRECTION('',(0.,0.,1.));
#4767 = DIRECTION('',(1.,1.144237745222E-17,-0.));
#4768 = ADVANCED_FACE('',(#4769),#4796,.F.);
#4769 = FACE_BOUND('',#4770,.F.);
#4770 = EDGE_LOOP('',(#4771,#4781,#4787,#4788,#4789,#4790));
#4771 = ORIENTED_EDGE('',*,*,#4772,.F.);
#4772 = EDGE_CURVE('',#4773,#4775,#4777,.T.);
#4773 = VERTEX_POINT('',#4774);
#4774 = CARTESIAN_POINT('',(1.15,-2.3,0.));
#4775 = VERTEX_POINT('',#4776);
#4776 = CARTESIAN_POINT('',(1.15,-2.5,0.));
#4777 = LINE('',#4778,#4779);
#4778 = CARTESIAN_POINT('',(1.15,-2.3,0.));
#4779 = VECTOR('',#4780,1.);
#4780 = DIRECTION('',(1.144237745222E-17,-1.,0.));
#4781 = ORIENTED_EDGE('',*,*,#4782,.T.);
#4782 = EDGE_CURVE('',#4773,#2950,#4783,.T.);
#4783 = LINE('',#4784,#4785);
#4784 = CARTESIAN_POINT('',(1.15,-2.3,0.));
#4785 = VECTOR('',#4786,1.);
#4786 = DIRECTION('',(0.,0.,1.));
#4787 = ORIENTED_EDGE('',*,*,#2949,.F.);
#4788 = ORIENTED_EDGE('',*,*,#2700,.T.);
#4789 = ORIENTED_EDGE('',*,*,#4758,.T.);
#4790 = ORIENTED_EDGE('',*,*,#4791,.F.);
#4791 = EDGE_CURVE('',#4775,#4749,#4792,.T.);
#4792 = LINE('',#4793,#4794);
#4793 = CARTESIAN_POINT('',(1.15,-2.5,0.));
#4794 = VECTOR('',#4795,1.);
#4795 = DIRECTION('',(0.,0.,1.));
#4796 = PLANE('',#4797);
#4797 = AXIS2_PLACEMENT_3D('',#4798,#4799,#4800);
#4798 = CARTESIAN_POINT('',(1.15,-2.3,0.));
#4799 = DIRECTION('',(1.,1.144237745222E-17,0.));
#4800 = DIRECTION('',(1.144237745222E-17,-1.,0.));
#4801 = ADVANCED_FACE('',(#4802),#4836,.F.);
#4802 = FACE_BOUND('',#4803,.F.);
#4803 = EDGE_LOOP('',(#4804,#4814,#4822,#4828,#4829,#4830));
#4804 = ORIENTED_EDGE('',*,*,#4805,.F.);
#4805 = EDGE_CURVE('',#4806,#4808,#4810,.T.);
#4806 = VERTEX_POINT('',#4807);
#4807 = CARTESIAN_POINT('',(0.8,-2.5,0.));
#4808 = VERTEX_POINT('',#4809);
#4809 = CARTESIAN_POINT('',(0.8,-2.3,0.));
#4810 = LINE('',#4811,#4812);
#4811 = CARTESIAN_POINT('',(0.8,-2.5,0.));
#4812 = VECTOR('',#4813,1.);
#4813 = DIRECTION('',(-1.144237745222E-17,1.,0.));
#4814 = ORIENTED_EDGE('',*,*,#4815,.T.);
#4815 = EDGE_CURVE('',#4806,#4816,#4818,.T.);
#4816 = VERTEX_POINT('',#4817);
#4817 = CARTESIAN_POINT('',(0.8,-2.5,0.1));
#4818 = LINE('',#4819,#4820);
#4819 = CARTESIAN_POINT('',(0.8,-2.5,0.));
#4820 = VECTOR('',#4821,1.);
#4821 = DIRECTION('',(0.,0.,1.));
#4822 = ORIENTED_EDGE('',*,*,#4823,.T.);
#4823 = EDGE_CURVE('',#4816,#2677,#4824,.T.);
#4824 = LINE('',#4825,#4826);
#4825 = CARTESIAN_POINT('',(0.8,-2.5,0.1));
#4826 = VECTOR('',#4827,1.);
#4827 = DIRECTION('',(-1.144237745222E-17,1.,0.));
#4828 = ORIENTED_EDGE('',*,*,#2684,.T.);
#4829 = ORIENTED_EDGE('',*,*,#2942,.F.);
#4830 = ORIENTED_EDGE('',*,*,#4831,.F.);
#4831 = EDGE_CURVE('',#4808,#2935,#4832,.T.);
#4832 = LINE('',#4833,#4834);
#4833 = CARTESIAN_POINT('',(0.8,-2.3,0.));
#4834 = VECTOR('',#4835,1.);
#4835 = DIRECTION('',(0.,0.,1.));
#4836 = PLANE('',#4837);
#4837 = AXIS2_PLACEMENT_3D('',#4838,#4839,#4840);
#4838 = CARTESIAN_POINT('',(0.8,-2.5,0.));
#4839 = DIRECTION('',(-1.,-1.144237745222E-17,0.));
#4840 = DIRECTION('',(-1.144237745222E-17,1.,0.));
#4841 = ADVANCED_FACE('',(#4842),#4860,.T.);
#4842 = FACE_BOUND('',#4843,.T.);
#4843 = EDGE_LOOP('',(#4844,#4852,#4853,#4854));
#4844 = ORIENTED_EDGE('',*,*,#4845,.T.);
#4845 = EDGE_CURVE('',#4846,#4816,#4848,.T.);
#4846 = VERTEX_POINT('',#4847);
#4847 = CARTESIAN_POINT('',(0.5,-2.5,0.1));
#4848 = LINE('',#4849,#4850);
#4849 = CARTESIAN_POINT('',(0.5,-2.5,0.1));
#4850 = VECTOR('',#4851,1.);
#4851 = DIRECTION('',(1.,1.144237745222E-17,0.));
#4852 = ORIENTED_EDGE('',*,*,#4823,.T.);
#4853 = ORIENTED_EDGE('',*,*,#2676,.T.);
#4854 = ORIENTED_EDGE('',*,*,#4855,.T.);
#4855 = EDGE_CURVE('',#2669,#4846,#4856,.T.);
#4856 = LINE('',#4857,#4858);
#4857 = CARTESIAN_POINT('',(0.5,-2.3,0.1));
#4858 = VECTOR('',#4859,1.);
#4859 = DIRECTION('',(1.144237745222E-17,-1.,0.));
#4860 = PLANE('',#4861);
#4861 = AXIS2_PLACEMENT_3D('',#4862,#4863,#4864);
#4862 = CARTESIAN_POINT('',(0.65,-2.4,0.1));
#4863 = DIRECTION('',(0.,0.,1.));
#4864 = DIRECTION('',(1.,1.144237745222E-17,-0.));
#4865 = ADVANCED_FACE('',(#4866),#4893,.F.);
#4866 = FACE_BOUND('',#4867,.F.);
#4867 = EDGE_LOOP('',(#4868,#4878,#4884,#4885,#4886,#4887));
#4868 = ORIENTED_EDGE('',*,*,#4869,.F.);
#4869 = EDGE_CURVE('',#4870,#4872,#4874,.T.);
#4870 = VERTEX_POINT('',#4871);
#4871 = CARTESIAN_POINT('',(0.5,-2.3,0.));
#4872 = VERTEX_POINT('',#4873);
#4873 = CARTESIAN_POINT('',(0.5,-2.5,0.));
#4874 = LINE('',#4875,#4876);
#4875 = CARTESIAN_POINT('',(0.5,-2.3,0.));
#4876 = VECTOR('',#4877,1.);
#4877 = DIRECTION('',(1.144237745222E-17,-1.,0.));
#4878 = ORIENTED_EDGE('',*,*,#4879,.T.);
#4879 = EDGE_CURVE('',#4870,#2927,#4880,.T.);
#4880 = LINE('',#4881,#4882);
#4881 = CARTESIAN_POINT('',(0.5,-2.3,0.));
#4882 = VECTOR('',#4883,1.);
#4883 = DIRECTION('',(0.,0.,1.));
#4884 = ORIENTED_EDGE('',*,*,#2926,.F.);
#4885 = ORIENTED_EDGE('',*,*,#2668,.T.);
#4886 = ORIENTED_EDGE('',*,*,#4855,.T.);
#4887 = ORIENTED_EDGE('',*,*,#4888,.F.);
#4888 = EDGE_CURVE('',#4872,#4846,#4889,.T.);
#4889 = LINE('',#4890,#4891);
#4890 = CARTESIAN_POINT('',(0.5,-2.5,0.));
#4891 = VECTOR('',#4892,1.);
#4892 = DIRECTION('',(0.,0.,1.));
#4893 = PLANE('',#4894);
#4894 = AXIS2_PLACEMENT_3D('',#4895,#4896,#4897);
#4895 = CARTESIAN_POINT('',(0.5,-2.3,0.));
#4896 = DIRECTION('',(1.,1.144237745222E-17,0.));
#4897 = DIRECTION('',(1.144237745222E-17,-1.,0.));
#4898 = ADVANCED_FACE('',(#4899),#4933,.F.);
#4899 = FACE_BOUND('',#4900,.F.);
#4900 = EDGE_LOOP('',(#4901,#4911,#4919,#4925,#4926,#4927));
#4901 = ORIENTED_EDGE('',*,*,#4902,.F.);
#4902 = EDGE_CURVE('',#4903,#4905,#4907,.T.);
#4903 = VERTEX_POINT('',#4904);
#4904 = CARTESIAN_POINT('',(0.15,-2.5,0.));
#4905 = VERTEX_POINT('',#4906);
#4906 = CARTESIAN_POINT('',(0.15,-2.3,0.));
#4907 = LINE('',#4908,#4909);
#4908 = CARTESIAN_POINT('',(0.15,-2.5,0.));
#4909 = VECTOR('',#4910,1.);
#4910 = DIRECTION('',(-1.144237745222E-17,1.,0.));
#4911 = ORIENTED_EDGE('',*,*,#4912,.T.);
#4912 = EDGE_CURVE('',#4903,#4913,#4915,.T.);
#4913 = VERTEX_POINT('',#4914);
#4914 = CARTESIAN_POINT('',(0.15,-2.5,0.1));
#4915 = LINE('',#4916,#4917);
#4916 = CARTESIAN_POINT('',(0.15,-2.5,0.));
#4917 = VECTOR('',#4918,1.);
#4918 = DIRECTION('',(0.,0.,1.));
#4919 = ORIENTED_EDGE('',*,*,#4920,.T.);
#4920 = EDGE_CURVE('',#4913,#2645,#4921,.T.);
#4921 = LINE('',#4922,#4923);
#4922 = CARTESIAN_POINT('',(0.15,-2.5,0.1));
#4923 = VECTOR('',#4924,1.);
#4924 = DIRECTION('',(-1.144237745222E-17,1.,0.));
#4925 = ORIENTED_EDGE('',*,*,#2652,.T.);
#4926 = ORIENTED_EDGE('',*,*,#2919,.F.);
#4927 = ORIENTED_EDGE('',*,*,#4928,.F.);
#4928 = EDGE_CURVE('',#4905,#2912,#4929,.T.);
#4929 = LINE('',#4930,#4931);
#4930 = CARTESIAN_POINT('',(0.15,-2.3,0.));
#4931 = VECTOR('',#4932,1.);
#4932 = DIRECTION('',(0.,0.,1.));
#4933 = PLANE('',#4934);
#4934 = AXIS2_PLACEMENT_3D('',#4935,#4936,#4937);
#4935 = CARTESIAN_POINT('',(0.15,-2.5,0.));
#4936 = DIRECTION('',(-1.,-1.144237745222E-17,0.));
#4937 = DIRECTION('',(-1.144237745222E-17,1.,0.));
#4938 = ADVANCED_FACE('',(#4939),#4957,.T.);
#4939 = FACE_BOUND('',#4940,.T.);
#4940 = EDGE_LOOP('',(#4941,#4949,#4950,#4951));
#4941 = ORIENTED_EDGE('',*,*,#4942,.T.);
#4942 = EDGE_CURVE('',#4943,#4913,#4945,.T.);
#4943 = VERTEX_POINT('',#4944);
#4944 = CARTESIAN_POINT('',(-0.15,-2.5,0.1));
#4945 = LINE('',#4946,#4947);
#4946 = CARTESIAN_POINT('',(-0.15,-2.5,0.1));
#4947 = VECTOR('',#4948,1.);
#4948 = DIRECTION('',(1.,1.144237745222E-17,0.));
#4949 = ORIENTED_EDGE('',*,*,#4920,.T.);
#4950 = ORIENTED_EDGE('',*,*,#2644,.T.);
#4951 = ORIENTED_EDGE('',*,*,#4952,.T.);
#4952 = EDGE_CURVE('',#2637,#4943,#4953,.T.);
#4953 = LINE('',#4954,#4955);
#4954 = CARTESIAN_POINT('',(-0.15,-2.3,0.1));
#4955 = VECTOR('',#4956,1.);
#4956 = DIRECTION('',(1.144237745222E-17,-1.,0.));
#4957 = PLANE('',#4958);
#4958 = AXIS2_PLACEMENT_3D('',#4959,#4960,#4961);
#4959 = CARTESIAN_POINT('',(2.746170588533E-17,-2.4,0.1));
#4960 = DIRECTION('',(0.,0.,1.));
#4961 = DIRECTION('',(1.,1.144237745222E-17,-0.));
#4962 = ADVANCED_FACE('',(#4963),#4990,.F.);
#4963 = FACE_BOUND('',#4964,.F.);
#4964 = EDGE_LOOP('',(#4965,#4975,#4981,#4982,#4983,#4984));
#4965 = ORIENTED_EDGE('',*,*,#4966,.F.);
#4966 = EDGE_CURVE('',#4967,#4969,#4971,.T.);
#4967 = VERTEX_POINT('',#4968);
#4968 = CARTESIAN_POINT('',(-0.15,-2.3,0.));
#4969 = VERTEX_POINT('',#4970);
#4970 = CARTESIAN_POINT('',(-0.15,-2.5,0.));
#4971 = LINE('',#4972,#4973);
#4972 = CARTESIAN_POINT('',(-0.15,-2.3,0.));
#4973 = VECTOR('',#4974,1.);
#4974 = DIRECTION('',(1.144237745222E-17,-1.,0.));
#4975 = ORIENTED_EDGE('',*,*,#4976,.T.);
#4976 = EDGE_CURVE('',#4967,#2904,#4977,.T.);
#4977 = LINE('',#4978,#4979);
#4978 = CARTESIAN_POINT('',(-0.15,-2.3,0.));
#4979 = VECTOR('',#4980,1.);
#4980 = DIRECTION('',(0.,0.,1.));
#4981 = ORIENTED_EDGE('',*,*,#2903,.F.);
#4982 = ORIENTED_EDGE('',*,*,#2636,.T.);
#4983 = ORIENTED_EDGE('',*,*,#4952,.T.);
#4984 = ORIENTED_EDGE('',*,*,#4985,.F.);
#4985 = EDGE_CURVE('',#4969,#4943,#4986,.T.);
#4986 = LINE('',#4987,#4988);
#4987 = CARTESIAN_POINT('',(-0.15,-2.5,0.));
#4988 = VECTOR('',#4989,1.);
#4989 = DIRECTION('',(0.,0.,1.));
#4990 = PLANE('',#4991);
#4991 = AXIS2_PLACEMENT_3D('',#4992,#4993,#4994);
#4992 = CARTESIAN_POINT('',(-0.15,-2.3,0.));
#4993 = DIRECTION('',(1.,1.144237745222E-17,0.));
#4994 = DIRECTION('',(1.144237745222E-17,-1.,0.));
#4995 = ADVANCED_FACE('',(#4996),#5030,.F.);
#4996 = FACE_BOUND('',#4997,.F.);
#4997 = EDGE_LOOP('',(#4998,#5008,#5016,#5022,#5023,#5024));
#4998 = ORIENTED_EDGE('',*,*,#4999,.F.);
#4999 = EDGE_CURVE('',#5000,#5002,#5004,.T.);
#5000 = VERTEX_POINT('',#5001);
#5001 = CARTESIAN_POINT('',(-0.5,-2.5,0.));
#5002 = VERTEX_POINT('',#5003);
#5003 = CARTESIAN_POINT('',(-0.5,-2.3,0.));
#5004 = LINE('',#5005,#5006);
#5005 = CARTESIAN_POINT('',(-0.5,-2.5,0.));
#5006 = VECTOR('',#5007,1.);
#5007 = DIRECTION('',(-1.144237745222E-17,1.,0.));
#5008 = ORIENTED_EDGE('',*,*,#5009,.T.);
#5009 = EDGE_CURVE('',#5000,#5010,#5012,.T.);
#5010 = VERTEX_POINT('',#5011);
#5011 = CARTESIAN_POINT('',(-0.5,-2.5,0.1));
#5012 = LINE('',#5013,#5014);
#5013 = CARTESIAN_POINT('',(-0.5,-2.5,0.));
#5014 = VECTOR('',#5015,1.);
#5015 = DIRECTION('',(0.,0.,1.));
#5016 = ORIENTED_EDGE('',*,*,#5017,.T.);
#5017 = EDGE_CURVE('',#5010,#2613,#5018,.T.);
#5018 = LINE('',#5019,#5020);
#5019 = CARTESIAN_POINT('',(-0.5,-2.5,0.1));
#5020 = VECTOR('',#5021,1.);
#5021 = DIRECTION('',(-1.144237745222E-17,1.,0.));
#5022 = ORIENTED_EDGE('',*,*,#2620,.T.);
#5023 = ORIENTED_EDGE('',*,*,#2896,.F.);
#5024 = ORIENTED_EDGE('',*,*,#5025,.F.);
#5025 = EDGE_CURVE('',#5002,#2889,#5026,.T.);
#5026 = LINE('',#5027,#5028);
#5027 = CARTESIAN_POINT('',(-0.5,-2.3,0.));
#5028 = VECTOR('',#5029,1.);
#5029 = DIRECTION('',(0.,0.,1.));
#5030 = PLANE('',#5031);
#5031 = AXIS2_PLACEMENT_3D('',#5032,#5033,#5034);
#5032 = CARTESIAN_POINT('',(-0.5,-2.5,0.));
#5033 = DIRECTION('',(-1.,-1.144237745222E-17,0.));
#5034 = DIRECTION('',(-1.144237745222E-17,1.,0.));
#5035 = ADVANCED_FACE('',(#5036),#5054,.T.);
#5036 = FACE_BOUND('',#5037,.T.);
#5037 = EDGE_LOOP('',(#5038,#5046,#5047,#5048));
#5038 = ORIENTED_EDGE('',*,*,#5039,.T.);
#5039 = EDGE_CURVE('',#5040,#5010,#5042,.T.);
#5040 = VERTEX_POINT('',#5041);
#5041 = CARTESIAN_POINT('',(-0.8,-2.5,0.1));
#5042 = LINE('',#5043,#5044);
#5043 = CARTESIAN_POINT('',(-0.8,-2.5,0.1));
#5044 = VECTOR('',#5045,1.);
#5045 = DIRECTION('',(1.,1.144237745222E-17,0.));
#5046 = ORIENTED_EDGE('',*,*,#5017,.T.);
#5047 = ORIENTED_EDGE('',*,*,#2612,.T.);
#5048 = ORIENTED_EDGE('',*,*,#5049,.T.);
#5049 = EDGE_CURVE('',#2605,#5040,#5050,.T.);
#5050 = LINE('',#5051,#5052);
#5051 = CARTESIAN_POINT('',(-0.8,-2.3,0.1));
#5052 = VECTOR('',#5053,1.);
#5053 = DIRECTION('',(1.144237745222E-17,-1.,0.));
#5054 = PLANE('',#5055);
#5055 = AXIS2_PLACEMENT_3D('',#5056,#5057,#5058);
#5056 = CARTESIAN_POINT('',(-0.65,-2.4,0.1));
#5057 = DIRECTION('',(0.,0.,1.));
#5058 = DIRECTION('',(1.,1.144237745222E-17,-0.));
#5059 = ADVANCED_FACE('',(#5060),#5087,.F.);
#5060 = FACE_BOUND('',#5061,.F.);
#5061 = EDGE_LOOP('',(#5062,#5072,#5078,#5079,#5080,#5081));
#5062 = ORIENTED_EDGE('',*,*,#5063,.F.);
#5063 = EDGE_CURVE('',#5064,#5066,#5068,.T.);
#5064 = VERTEX_POINT('',#5065);
#5065 = CARTESIAN_POINT('',(-0.8,-2.3,0.));
#5066 = VERTEX_POINT('',#5067);
#5067 = CARTESIAN_POINT('',(-0.8,-2.5,0.));
#5068 = LINE('',#5069,#5070);
#5069 = CARTESIAN_POINT('',(-0.8,-2.3,0.));
#5070 = VECTOR('',#5071,1.);
#5071 = DIRECTION('',(1.144237745222E-17,-1.,0.));
#5072 = ORIENTED_EDGE('',*,*,#5073,.T.);
#5073 = EDGE_CURVE('',#5064,#2881,#5074,.T.);
#5074 = LINE('',#5075,#5076);
#5075 = CARTESIAN_POINT('',(-0.8,-2.3,0.));
#5076 = VECTOR('',#5077,1.);
#5077 = DIRECTION('',(0.,0.,1.));
#5078 = ORIENTED_EDGE('',*,*,#2880,.F.);
#5079 = ORIENTED_EDGE('',*,*,#2604,.T.);
#5080 = ORIENTED_EDGE('',*,*,#5049,.T.);
#5081 = ORIENTED_EDGE('',*,*,#5082,.F.);
#5082 = EDGE_CURVE('',#5066,#5040,#5083,.T.);
#5083 = LINE('',#5084,#5085);
#5084 = CARTESIAN_POINT('',(-0.8,-2.5,0.));
#5085 = VECTOR('',#5086,1.);
#5086 = DIRECTION('',(0.,0.,1.));
#5087 = PLANE('',#5088);
#5088 = AXIS2_PLACEMENT_3D('',#5089,#5090,#5091);
#5089 = CARTESIAN_POINT('',(-0.8,-2.3,0.));
#5090 = DIRECTION('',(1.,1.144237745222E-17,0.));
#5091 = DIRECTION('',(1.144237745222E-17,-1.,0.));
#5092 = ADVANCED_FACE('',(#5093),#5127,.F.);
#5093 = FACE_BOUND('',#5094,.F.);
#5094 = EDGE_LOOP('',(#5095,#5105,#5113,#5119,#5120,#5121));
#5095 = ORIENTED_EDGE('',*,*,#5096,.F.);
#5096 = EDGE_CURVE('',#5097,#5099,#5101,.T.);
#5097 = VERTEX_POINT('',#5098);
#5098 = CARTESIAN_POINT('',(-1.15,-2.5,0.));
#5099 = VERTEX_POINT('',#5100);
#5100 = CARTESIAN_POINT('',(-1.15,-2.3,0.));
#5101 = LINE('',#5102,#5103);
#5102 = CARTESIAN_POINT('',(-1.15,-2.5,0.));
#5103 = VECTOR('',#5104,1.);
#5104 = DIRECTION('',(-1.144237745222E-17,1.,0.));
#5105 = ORIENTED_EDGE('',*,*,#5106,.T.);
#5106 = EDGE_CURVE('',#5097,#5107,#5109,.T.);
#5107 = VERTEX_POINT('',#5108);
#5108 = CARTESIAN_POINT('',(-1.15,-2.5,0.1));
#5109 = LINE('',#5110,#5111);
#5110 = CARTESIAN_POINT('',(-1.15,-2.5,0.));
#5111 = VECTOR('',#5112,1.);
#5112 = DIRECTION('',(0.,0.,1.));
#5113 = ORIENTED_EDGE('',*,*,#5114,.T.);
#5114 = EDGE_CURVE('',#5107,#2581,#5115,.T.);
#5115 = LINE('',#5116,#5117);
#5116 = CARTESIAN_POINT('',(-1.15,-2.5,0.1));
#5117 = VECTOR('',#5118,1.);
#5118 = DIRECTION('',(-1.144237745222E-17,1.,0.));
#5119 = ORIENTED_EDGE('',*,*,#2588,.T.);
#5120 = ORIENTED_EDGE('',*,*,#2873,.F.);
#5121 = ORIENTED_EDGE('',*,*,#5122,.F.);
#5122 = EDGE_CURVE('',#5099,#2866,#5123,.T.);
#5123 = LINE('',#5124,#5125);
#5124 = CARTESIAN_POINT('',(-1.15,-2.3,0.));
#5125 = VECTOR('',#5126,1.);
#5126 = DIRECTION('',(0.,0.,1.));
#5127 = PLANE('',#5128);
#5128 = AXIS2_PLACEMENT_3D('',#5129,#5130,#5131);
#5129 = CARTESIAN_POINT('',(-1.15,-2.5,0.));
#5130 = DIRECTION('',(-1.,-1.144237745222E-17,0.));
#5131 = DIRECTION('',(-1.144237745222E-17,1.,0.));
#5132 = ADVANCED_FACE('',(#5133),#5151,.T.);
#5133 = FACE_BOUND('',#5134,.T.);
#5134 = EDGE_LOOP('',(#5135,#5143,#5144,#5145));
#5135 = ORIENTED_EDGE('',*,*,#5136,.T.);
#5136 = EDGE_CURVE('',#5137,#5107,#5139,.T.);
#5137 = VERTEX_POINT('',#5138);
#5138 = CARTESIAN_POINT('',(-1.45,-2.5,0.1));
#5139 = LINE('',#5140,#5141);
#5140 = CARTESIAN_POINT('',(-1.45,-2.5,0.1));
#5141 = VECTOR('',#5142,1.);
#5142 = DIRECTION('',(1.,1.144237745222E-17,0.));
#5143 = ORIENTED_EDGE('',*,*,#5114,.T.);
#5144 = ORIENTED_EDGE('',*,*,#2580,.T.);
#5145 = ORIENTED_EDGE('',*,*,#5146,.T.);
#5146 = EDGE_CURVE('',#2573,#5137,#5147,.T.);
#5147 = LINE('',#5148,#5149);
#5148 = CARTESIAN_POINT('',(-1.45,-2.3,0.1));
#5149 = VECTOR('',#5150,1.);
#5150 = DIRECTION('',(1.144237745222E-17,-1.,0.));
#5151 = PLANE('',#5152);
#5152 = AXIS2_PLACEMENT_3D('',#5153,#5154,#5155);
#5153 = CARTESIAN_POINT('',(-1.3,-2.4,0.1));
#5154 = DIRECTION('',(0.,0.,1.));
#5155 = DIRECTION('',(1.,1.144237745222E-17,-0.));
#5156 = ADVANCED_FACE('',(#5157),#5184,.F.);
#5157 = FACE_BOUND('',#5158,.F.);
#5158 = EDGE_LOOP('',(#5159,#5169,#5175,#5176,#5177,#5178));
#5159 = ORIENTED_EDGE('',*,*,#5160,.F.);
#5160 = EDGE_CURVE('',#5161,#5163,#5165,.T.);
#5161 = VERTEX_POINT('',#5162);
#5162 = CARTESIAN_POINT('',(-1.45,-2.3,0.));
#5163 = VERTEX_POINT('',#5164);
#5164 = CARTESIAN_POINT('',(-1.45,-2.5,0.));
#5165 = LINE('',#5166,#5167);
#5166 = CARTESIAN_POINT('',(-1.45,-2.3,0.));
#5167 = VECTOR('',#5168,1.);
#5168 = DIRECTION('',(1.144237745222E-17,-1.,0.));
#5169 = ORIENTED_EDGE('',*,*,#5170,.T.);
#5170 = EDGE_CURVE('',#5161,#2858,#5171,.T.);
#5171 = LINE('',#5172,#5173);
#5172 = CARTESIAN_POINT('',(-1.45,-2.3,0.));
#5173 = VECTOR('',#5174,1.);
#5174 = DIRECTION('',(0.,0.,1.));
#5175 = ORIENTED_EDGE('',*,*,#2857,.F.);
#5176 = ORIENTED_EDGE('',*,*,#2572,.T.);
#5177 = ORIENTED_EDGE('',*,*,#5146,.T.);
#5178 = ORIENTED_EDGE('',*,*,#5179,.F.);
#5179 = EDGE_CURVE('',#5163,#5137,#5180,.T.);
#5180 = LINE('',#5181,#5182);
#5181 = CARTESIAN_POINT('',(-1.45,-2.5,0.));
#5182 = VECTOR('',#5183,1.);
#5183 = DIRECTION('',(0.,0.,1.));
#5184 = PLANE('',#5185);
#5185 = AXIS2_PLACEMENT_3D('',#5186,#5187,#5188);
#5186 = CARTESIAN_POINT('',(-1.45,-2.3,0.));
#5187 = DIRECTION('',(1.,1.144237745222E-17,0.));
#5188 = DIRECTION('',(1.144237745222E-17,-1.,0.));
#5189 = ADVANCED_FACE('',(#5190),#5201,.F.);
#5190 = FACE_BOUND('',#5191,.F.);
#5191 = EDGE_LOOP('',(#5192,#5198,#5199,#5200));
#5192 = ORIENTED_EDGE('',*,*,#5193,.F.);
#5193 = EDGE_CURVE('',#3708,#3642,#5194,.T.);
#5194 = LINE('',#5195,#5196);
#5195 = CARTESIAN_POINT('',(-1.45,2.3,0.));
#5196 = VECTOR('',#5197,1.);
#5197 = DIRECTION('',(1.,1.224646799147E-16,0.));
#5198 = ORIENTED_EDGE('',*,*,#3724,.T.);
#5199 = ORIENTED_EDGE('',*,*,#3189,.F.);
#5200 = ORIENTED_EDGE('',*,*,#3651,.F.);
#5201 = PLANE('',#5202);
#5202 = AXIS2_PLACEMENT_3D('',#5203,#5204,#5205);
#5203 = CARTESIAN_POINT('',(-1.45,2.3,0.));
#5204 = DIRECTION('',(-1.224646799147E-16,1.,0.));
#5205 = DIRECTION('',(1.,1.224646799147E-16,0.));
#5206 = ADVANCED_FACE('',(#5207),#5218,.F.);
#5207 = FACE_BOUND('',#5208,.F.);
#5208 = EDGE_LOOP('',(#5209,#5215,#5216,#5217));
#5209 = ORIENTED_EDGE('',*,*,#5210,.F.);
#5210 = EDGE_CURVE('',#3611,#3545,#5211,.T.);
#5211 = LINE('',#5212,#5213);
#5212 = CARTESIAN_POINT('',(-0.8,2.3,0.));
#5213 = VECTOR('',#5214,1.);
#5214 = DIRECTION('',(1.,1.224646799147E-16,0.));
#5215 = ORIENTED_EDGE('',*,*,#3627,.T.);
#5216 = ORIENTED_EDGE('',*,*,#3166,.F.);
#5217 = ORIENTED_EDGE('',*,*,#3554,.F.);
#5218 = PLANE('',#5219);
#5219 = AXIS2_PLACEMENT_3D('',#5220,#5221,#5222);
#5220 = CARTESIAN_POINT('',(-0.8,2.3,0.));
#5221 = DIRECTION('',(-1.224646799147E-16,1.,0.));
#5222 = DIRECTION('',(1.,1.224646799147E-16,0.));
#5223 = ADVANCED_FACE('',(#5224),#5235,.F.);
#5224 = FACE_BOUND('',#5225,.F.);
#5225 = EDGE_LOOP('',(#5226,#5232,#5233,#5234));
#5226 = ORIENTED_EDGE('',*,*,#5227,.F.);
#5227 = EDGE_CURVE('',#3514,#3448,#5228,.T.);
#5228 = LINE('',#5229,#5230);
#5229 = CARTESIAN_POINT('',(-0.15,2.3,0.));
#5230 = VECTOR('',#5231,1.);
#5231 = DIRECTION('',(1.,1.224646799147E-16,0.));
#5232 = ORIENTED_EDGE('',*,*,#3530,.T.);
#5233 = ORIENTED_EDGE('',*,*,#3143,.F.);
#5234 = ORIENTED_EDGE('',*,*,#3457,.F.);
#5235 = PLANE('',#5236);
#5236 = AXIS2_PLACEMENT_3D('',#5237,#5238,#5239);
#5237 = CARTESIAN_POINT('',(-0.15,2.3,0.));
#5238 = DIRECTION('',(-1.224646799147E-16,1.,0.));
#5239 = DIRECTION('',(1.,1.224646799147E-16,0.));
#5240 = ADVANCED_FACE('',(#5241),#5252,.F.);
#5241 = FACE_BOUND('',#5242,.F.);
#5242 = EDGE_LOOP('',(#5243,#5249,#5250,#5251));
#5243 = ORIENTED_EDGE('',*,*,#5244,.F.);
#5244 = EDGE_CURVE('',#3417,#3351,#5245,.T.);
#5245 = LINE('',#5246,#5247);
#5246 = CARTESIAN_POINT('',(0.5,2.3,0.));
#5247 = VECTOR('',#5248,1.);
#5248 = DIRECTION('',(1.,1.224646799147E-16,0.));
#5249 = ORIENTED_EDGE('',*,*,#3433,.T.);
#5250 = ORIENTED_EDGE('',*,*,#3120,.F.);
#5251 = ORIENTED_EDGE('',*,*,#3360,.F.);
#5252 = PLANE('',#5253);
#5253 = AXIS2_PLACEMENT_3D('',#5254,#5255,#5256);
#5254 = CARTESIAN_POINT('',(0.5,2.3,0.));
#5255 = DIRECTION('',(-1.224646799147E-16,1.,0.));
#5256 = DIRECTION('',(1.,1.224646799147E-16,0.));
#5257 = ADVANCED_FACE('',(#5258),#5269,.F.);
#5258 = FACE_BOUND('',#5259,.F.);
#5259 = EDGE_LOOP('',(#5260,#5266,#5267,#5268));
#5260 = ORIENTED_EDGE('',*,*,#5261,.F.);
#5261 = EDGE_CURVE('',#3320,#3254,#5262,.T.);
#5262 = LINE('',#5263,#5264);
#5263 = CARTESIAN_POINT('',(1.15,2.3,0.));
#5264 = VECTOR('',#5265,1.);
#5265 = DIRECTION('',(1.,1.224646799147E-16,0.));
#5266 = ORIENTED_EDGE('',*,*,#3336,.T.);
#5267 = ORIENTED_EDGE('',*,*,#3097,.F.);
#5268 = ORIENTED_EDGE('',*,*,#3263,.F.);
#5269 = PLANE('',#5270);
#5270 = AXIS2_PLACEMENT_3D('',#5271,#5272,#5273);
#5271 = CARTESIAN_POINT('',(1.15,2.3,0.));
#5272 = DIRECTION('',(-1.224646799147E-16,1.,0.));
#5273 = DIRECTION('',(1.,1.224646799147E-16,0.));
#5274 = ADVANCED_FACE('',(#5275),#5286,.F.);
#5275 = FACE_BOUND('',#5276,.F.);
#5276 = EDGE_LOOP('',(#5277,#5283,#5284,#5285));
#5277 = ORIENTED_EDGE('',*,*,#5278,.F.);
#5278 = EDGE_CURVE('',#3741,#3803,#5279,.T.);
#5279 = LINE('',#5280,#5281);
#5280 = CARTESIAN_POINT('',(2.3,1.45,0.));
#5281 = VECTOR('',#5282,1.);
#5282 = DIRECTION('',(2.334869823773E-16,-1.,0.));
#5283 = ORIENTED_EDGE('',*,*,#3764,.T.);
#5284 = ORIENTED_EDGE('',*,*,#3073,.F.);
#5285 = ORIENTED_EDGE('',*,*,#3812,.F.);
#5286 = PLANE('',#5287);
#5287 = AXIS2_PLACEMENT_3D('',#5288,#5289,#5290);
#5288 = CARTESIAN_POINT('',(2.3,1.45,0.));
#5289 = DIRECTION('',(1.,2.334869823773E-16,0.));
#5290 = DIRECTION('',(2.334869823773E-16,-1.,0.));
#5291 = ADVANCED_FACE('',(#5292),#5303,.F.);
#5292 = FACE_BOUND('',#5293,.F.);
#5293 = EDGE_LOOP('',(#5294,#5300,#5301,#5302));
#5294 = ORIENTED_EDGE('',*,*,#5295,.F.);
#5295 = EDGE_CURVE('',#3838,#3900,#5296,.T.);
#5296 = LINE('',#5297,#5298);
#5297 = CARTESIAN_POINT('',(2.3,0.8,0.));
#5298 = VECTOR('',#5299,1.);
#5299 = DIRECTION('',(2.334869823773E-16,-1.,0.));
#5300 = ORIENTED_EDGE('',*,*,#3861,.T.);
#5301 = ORIENTED_EDGE('',*,*,#3050,.F.);
#5302 = ORIENTED_EDGE('',*,*,#3909,.F.);
#5303 = PLANE('',#5304);
#5304 = AXIS2_PLACEMENT_3D('',#5305,#5306,#5307);
#5305 = CARTESIAN_POINT('',(2.3,0.8,0.));
#5306 = DIRECTION('',(1.,2.334869823773E-16,0.));
#5307 = DIRECTION('',(2.334869823773E-16,-1.,0.));
#5308 = ADVANCED_FACE('',(#5309),#5320,.F.);
#5309 = FACE_BOUND('',#5310,.F.);
#5310 = EDGE_LOOP('',(#5311,#5317,#5318,#5319));
#5311 = ORIENTED_EDGE('',*,*,#5312,.F.);
#5312 = EDGE_CURVE('',#3935,#3997,#5313,.T.);
#5313 = LINE('',#5314,#5315);
#5314 = CARTESIAN_POINT('',(2.3,0.15,0.));
#5315 = VECTOR('',#5316,1.);
#5316 = DIRECTION('',(2.334869823773E-16,-1.,0.));
#5317 = ORIENTED_EDGE('',*,*,#3958,.T.);
#5318 = ORIENTED_EDGE('',*,*,#3027,.F.);
#5319 = ORIENTED_EDGE('',*,*,#4006,.F.);
#5320 = PLANE('',#5321);
#5321 = AXIS2_PLACEMENT_3D('',#5322,#5323,#5324);
#5322 = CARTESIAN_POINT('',(2.3,0.15,0.));
#5323 = DIRECTION('',(1.,2.334869823773E-16,0.));
#5324 = DIRECTION('',(2.334869823773E-16,-1.,0.));
#5325 = ADVANCED_FACE('',(#5326),#5337,.F.);
#5326 = FACE_BOUND('',#5327,.F.);
#5327 = EDGE_LOOP('',(#5328,#5334,#5335,#5336));
#5328 = ORIENTED_EDGE('',*,*,#5329,.F.);
#5329 = EDGE_CURVE('',#4032,#4094,#5330,.T.);
#5330 = LINE('',#5331,#5332);
#5331 = CARTESIAN_POINT('',(2.3,-0.5,0.));
#5332 = VECTOR('',#5333,1.);
#5333 = DIRECTION('',(2.334869823773E-16,-1.,0.));
#5334 = ORIENTED_EDGE('',*,*,#4055,.T.);
#5335 = ORIENTED_EDGE('',*,*,#3004,.F.);
#5336 = ORIENTED_EDGE('',*,*,#4103,.F.);
#5337 = PLANE('',#5338);
#5338 = AXIS2_PLACEMENT_3D('',#5339,#5340,#5341);
#5339 = CARTESIAN_POINT('',(2.3,-0.5,0.));
#5340 = DIRECTION('',(1.,2.334869823773E-16,0.));
#5341 = DIRECTION('',(2.334869823773E-16,-1.,0.));
#5342 = ADVANCED_FACE('',(#5343),#5354,.F.);
#5343 = FACE_BOUND('',#5344,.F.);
#5344 = EDGE_LOOP('',(#5345,#5351,#5352,#5353));
#5345 = ORIENTED_EDGE('',*,*,#5346,.F.);
#5346 = EDGE_CURVE('',#4129,#4191,#5347,.T.);
#5347 = LINE('',#5348,#5349);
#5348 = CARTESIAN_POINT('',(2.3,-1.15,0.));
#5349 = VECTOR('',#5350,1.);
#5350 = DIRECTION('',(2.334869823773E-16,-1.,0.));
#5351 = ORIENTED_EDGE('',*,*,#4152,.T.);
#5352 = ORIENTED_EDGE('',*,*,#2981,.F.);
#5353 = ORIENTED_EDGE('',*,*,#4200,.F.);
#5354 = PLANE('',#5355);
#5355 = AXIS2_PLACEMENT_3D('',#5356,#5357,#5358);
#5356 = CARTESIAN_POINT('',(2.3,-1.15,0.));
#5357 = DIRECTION('',(1.,2.334869823773E-16,0.));
#5358 = DIRECTION('',(2.334869823773E-16,-1.,0.));
#5359 = ADVANCED_FACE('',(#5360),#5371,.F.);
#5360 = FACE_BOUND('',#5361,.F.);
#5361 = EDGE_LOOP('',(#5362,#5368,#5369,#5370));
#5362 = ORIENTED_EDGE('',*,*,#5363,.F.);
#5363 = EDGE_CURVE('',#4711,#4773,#5364,.T.);
#5364 = LINE('',#5365,#5366);
#5365 = CARTESIAN_POINT('',(1.45,-2.3,0.));
#5366 = VECTOR('',#5367,1.);
#5367 = DIRECTION('',(-1.,-1.144237745222E-17,0.));
#5368 = ORIENTED_EDGE('',*,*,#4734,.T.);
#5369 = ORIENTED_EDGE('',*,*,#2957,.F.);
#5370 = ORIENTED_EDGE('',*,*,#4782,.F.);
#5371 = PLANE('',#5372);
#5372 = AXIS2_PLACEMENT_3D('',#5373,#5374,#5375);
#5373 = CARTESIAN_POINT('',(1.45,-2.3,0.));
#5374 = DIRECTION('',(1.144237745222E-17,-1.,0.));
#5375 = DIRECTION('',(-1.,-1.144237745222E-17,0.));
#5376 = ADVANCED_FACE('',(#5377),#5388,.F.);
#5377 = FACE_BOUND('',#5378,.F.);
#5378 = EDGE_LOOP('',(#5379,#5385,#5386,#5387));
#5379 = ORIENTED_EDGE('',*,*,#5380,.F.);
#5380 = EDGE_CURVE('',#4808,#4870,#5381,.T.);
#5381 = LINE('',#5382,#5383);
#5382 = CARTESIAN_POINT('',(0.8,-2.3,0.));
#5383 = VECTOR('',#5384,1.);
#5384 = DIRECTION('',(-1.,-1.144237745222E-17,0.));
#5385 = ORIENTED_EDGE('',*,*,#4831,.T.);
#5386 = ORIENTED_EDGE('',*,*,#2934,.F.);
#5387 = ORIENTED_EDGE('',*,*,#4879,.F.);
#5388 = PLANE('',#5389);
#5389 = AXIS2_PLACEMENT_3D('',#5390,#5391,#5392);
#5390 = CARTESIAN_POINT('',(0.8,-2.3,0.));
#5391 = DIRECTION('',(1.144237745222E-17,-1.,0.));
#5392 = DIRECTION('',(-1.,-1.144237745222E-17,0.));
#5393 = ADVANCED_FACE('',(#5394),#5405,.F.);
#5394 = FACE_BOUND('',#5395,.F.);
#5395 = EDGE_LOOP('',(#5396,#5402,#5403,#5404));
#5396 = ORIENTED_EDGE('',*,*,#5397,.F.);
#5397 = EDGE_CURVE('',#4905,#4967,#5398,.T.);
#5398 = LINE('',#5399,#5400);
#5399 = CARTESIAN_POINT('',(0.15,-2.3,0.));
#5400 = VECTOR('',#5401,1.);
#5401 = DIRECTION('',(-1.,-1.144237745222E-17,0.));
#5402 = ORIENTED_EDGE('',*,*,#4928,.T.);
#5403 = ORIENTED_EDGE('',*,*,#2911,.F.);
#5404 = ORIENTED_EDGE('',*,*,#4976,.F.);
#5405 = PLANE('',#5406);
#5406 = AXIS2_PLACEMENT_3D('',#5407,#5408,#5409);
#5407 = CARTESIAN_POINT('',(0.15,-2.3,0.));
#5408 = DIRECTION('',(1.144237745222E-17,-1.,0.));
#5409 = DIRECTION('',(-1.,-1.144237745222E-17,0.));
#5410 = ADVANCED_FACE('',(#5411),#5422,.F.);
#5411 = FACE_BOUND('',#5412,.F.);
#5412 = EDGE_LOOP('',(#5413,#5419,#5420,#5421));
#5413 = ORIENTED_EDGE('',*,*,#5414,.F.);
#5414 = EDGE_CURVE('',#5002,#5064,#5415,.T.);
#5415 = LINE('',#5416,#5417);
#5416 = CARTESIAN_POINT('',(-0.5,-2.3,0.));
#5417 = VECTOR('',#5418,1.);
#5418 = DIRECTION('',(-1.,-1.144237745222E-17,0.));
#5419 = ORIENTED_EDGE('',*,*,#5025,.T.);
#5420 = ORIENTED_EDGE('',*,*,#2888,.F.);
#5421 = ORIENTED_EDGE('',*,*,#5073,.F.);
#5422 = PLANE('',#5423);
#5423 = AXIS2_PLACEMENT_3D('',#5424,#5425,#5426);
#5424 = CARTESIAN_POINT('',(-0.5,-2.3,0.));
#5425 = DIRECTION('',(1.144237745222E-17,-1.,0.));
#5426 = DIRECTION('',(-1.,-1.144237745222E-17,0.));
#5427 = ADVANCED_FACE('',(#5428),#5439,.F.);
#5428 = FACE_BOUND('',#5429,.F.);
#5429 = EDGE_LOOP('',(#5430,#5436,#5437,#5438));
#5430 = ORIENTED_EDGE('',*,*,#5431,.F.);
#5431 = EDGE_CURVE('',#5099,#5161,#5432,.T.);
#5432 = LINE('',#5433,#5434);
#5433 = CARTESIAN_POINT('',(-1.15,-2.3,0.));
#5434 = VECTOR('',#5435,1.);
#5435 = DIRECTION('',(-1.,-1.144237745222E-17,0.));
#5436 = ORIENTED_EDGE('',*,*,#5122,.T.);
#5437 = ORIENTED_EDGE('',*,*,#2865,.F.);
#5438 = ORIENTED_EDGE('',*,*,#5170,.F.);
#5439 = PLANE('',#5440);
#5440 = AXIS2_PLACEMENT_3D('',#5441,#5442,#5443);
#5441 = CARTESIAN_POINT('',(-1.15,-2.3,0.));
#5442 = DIRECTION('',(1.144237745222E-17,-1.,0.));
#5443 = DIRECTION('',(-1.,-1.144237745222E-17,0.));
#5444 = ADVANCED_FACE('',(#5445),#5456,.F.);
#5445 = FACE_BOUND('',#5446,.F.);
#5446 = EDGE_LOOP('',(#5447,#5453,#5454,#5455));
#5447 = ORIENTED_EDGE('',*,*,#5448,.F.);
#5448 = EDGE_CURVE('',#4678,#4612,#5449,.T.);
#5449 = LINE('',#5450,#5451);
#5450 = CARTESIAN_POINT('',(-2.3,-1.45,0.));
#5451 = VECTOR('',#5452,1.);
#5452 = DIRECTION('',(-1.110223024625E-16,1.,0.));
#5453 = ORIENTED_EDGE('',*,*,#4694,.T.);
#5454 = ORIENTED_EDGE('',*,*,#2841,.F.);
#5455 = ORIENTED_EDGE('',*,*,#4621,.F.);
#5456 = PLANE('',#5457);
#5457 = AXIS2_PLACEMENT_3D('',#5458,#5459,#5460);
#5458 = CARTESIAN_POINT('',(-2.3,-1.45,0.));
#5459 = DIRECTION('',(-1.,-1.110223024625E-16,0.));
#5460 = DIRECTION('',(-1.110223024625E-16,1.,0.));
#5461 = ADVANCED_FACE('',(#5462),#5473,.F.);
#5462 = FACE_BOUND('',#5463,.F.);
#5463 = EDGE_LOOP('',(#5464,#5470,#5471,#5472));
#5464 = ORIENTED_EDGE('',*,*,#5465,.F.);
#5465 = EDGE_CURVE('',#4581,#4515,#5466,.T.);
#5466 = LINE('',#5467,#5468);
#5467 = CARTESIAN_POINT('',(-2.3,-0.8,0.));
#5468 = VECTOR('',#5469,1.);
#5469 = DIRECTION('',(-1.110223024625E-16,1.,0.));
#5470 = ORIENTED_EDGE('',*,*,#4597,.T.);
#5471 = ORIENTED_EDGE('',*,*,#2818,.F.);
#5472 = ORIENTED_EDGE('',*,*,#4524,.F.);
#5473 = PLANE('',#5474);
#5474 = AXIS2_PLACEMENT_3D('',#5475,#5476,#5477);
#5475 = CARTESIAN_POINT('',(-2.3,-0.8,0.));
#5476 = DIRECTION('',(-1.,-1.110223024625E-16,0.));
#5477 = DIRECTION('',(-1.110223024625E-16,1.,0.));
#5478 = ADVANCED_FACE('',(#5479),#5490,.F.);
#5479 = FACE_BOUND('',#5480,.F.);
#5480 = EDGE_LOOP('',(#5481,#5487,#5488,#5489));
#5481 = ORIENTED_EDGE('',*,*,#5482,.F.);
#5482 = EDGE_CURVE('',#4484,#4418,#5483,.T.);
#5483 = LINE('',#5484,#5485);
#5484 = CARTESIAN_POINT('',(-2.3,-0.15,0.));
#5485 = VECTOR('',#5486,1.);
#5486 = DIRECTION('',(-1.110223024625E-16,1.,0.));
#5487 = ORIENTED_EDGE('',*,*,#4500,.T.);
#5488 = ORIENTED_EDGE('',*,*,#2795,.F.);
#5489 = ORIENTED_EDGE('',*,*,#4427,.F.);
#5490 = PLANE('',#5491);
#5491 = AXIS2_PLACEMENT_3D('',#5492,#5493,#5494);
#5492 = CARTESIAN_POINT('',(-2.3,-0.15,0.));
#5493 = DIRECTION('',(-1.,-1.110223024625E-16,0.));
#5494 = DIRECTION('',(-1.110223024625E-16,1.,0.));
#5495 = ADVANCED_FACE('',(#5496),#5507,.F.);
#5496 = FACE_BOUND('',#5497,.F.);
#5497 = EDGE_LOOP('',(#5498,#5504,#5505,#5506));
#5498 = ORIENTED_EDGE('',*,*,#5499,.F.);
#5499 = EDGE_CURVE('',#4387,#4321,#5500,.T.);
#5500 = LINE('',#5501,#5502);
#5501 = CARTESIAN_POINT('',(-2.3,0.5,0.));
#5502 = VECTOR('',#5503,1.);
#5503 = DIRECTION('',(-1.110223024625E-16,1.,0.));
#5504 = ORIENTED_EDGE('',*,*,#4403,.T.);
#5505 = ORIENTED_EDGE('',*,*,#2772,.F.);
#5506 = ORIENTED_EDGE('',*,*,#4330,.F.);
#5507 = PLANE('',#5508);
#5508 = AXIS2_PLACEMENT_3D('',#5509,#5510,#5511);
#5509 = CARTESIAN_POINT('',(-2.3,0.5,0.));
#5510 = DIRECTION('',(-1.,-1.110223024625E-16,0.));
#5511 = DIRECTION('',(-1.110223024625E-16,1.,0.));
#5512 = ADVANCED_FACE('',(#5513),#5524,.F.);
#5513 = FACE_BOUND('',#5514,.F.);
#5514 = EDGE_LOOP('',(#5515,#5521,#5522,#5523));
#5515 = ORIENTED_EDGE('',*,*,#5516,.F.);
#5516 = EDGE_CURVE('',#4290,#4224,#5517,.T.);
#5517 = LINE('',#5518,#5519);
#5518 = CARTESIAN_POINT('',(-2.3,1.15,0.));
#5519 = VECTOR('',#5520,1.);
#5520 = DIRECTION('',(-1.110223024625E-16,1.,0.));
#5521 = ORIENTED_EDGE('',*,*,#4306,.T.);
#5522 = ORIENTED_EDGE('',*,*,#2749,.F.);
#5523 = ORIENTED_EDGE('',*,*,#4233,.F.);
#5524 = PLANE('',#5525);
#5525 = AXIS2_PLACEMENT_3D('',#5526,#5527,#5528);
#5526 = CARTESIAN_POINT('',(-2.3,1.15,0.));
#5527 = DIRECTION('',(-1.,-1.110223024625E-16,0.));
#5528 = DIRECTION('',(-1.110223024625E-16,1.,0.));
#5529 = ADVANCED_FACE('',(#5530),#5555,.F.);
#5530 = FACE_BOUND('',#5531,.F.);
#5531 = EDGE_LOOP('',(#5532,#5542,#5548,#5549));
#5532 = ORIENTED_EDGE('',*,*,#5533,.F.);
#5533 = EDGE_CURVE('',#5534,#5536,#5538,.T.);
#5534 = VERTEX_POINT('',#5535);
#5535 = CARTESIAN_POINT('',(-1.575,-1.575,0.));
#5536 = VERTEX_POINT('',#5537);
#5537 = CARTESIAN_POINT('',(1.575,-1.575,0.));
#5538 = LINE('',#5539,#5540);
#5539 = CARTESIAN_POINT('',(-1.575,-1.575,0.));
#5540 = VECTOR('',#5541,1.);
#5541 = DIRECTION('',(1.,1.110223024625E-16,0.));
#5542 = ORIENTED_EDGE('',*,*,#5543,.T.);
#5543 = EDGE_CURVE('',#5534,#3208,#5544,.T.);
#5544 = LINE('',#5545,#5546);
#5545 = CARTESIAN_POINT('',(-1.575,-1.575,0.));
#5546 = VECTOR('',#5547,1.);
#5547 = DIRECTION('',(0.,0.,1.));
#5548 = ORIENTED_EDGE('',*,*,#3205,.F.);
#5549 = ORIENTED_EDGE('',*,*,#5550,.F.);
#5550 = EDGE_CURVE('',#5536,#3206,#5551,.T.);
#5551 = LINE('',#5552,#5553);
#5552 = CARTESIAN_POINT('',(1.575,-1.575,0.));
#5553 = VECTOR('',#5554,1.);
#5554 = DIRECTION('',(0.,0.,1.));
#5555 = PLANE('',#5556);
#5556 = AXIS2_PLACEMENT_3D('',#5557,#5558,#5559);
#5557 = CARTESIAN_POINT('',(-1.575,-1.575,0.));
#5558 = DIRECTION('',(-1.110223024625E-16,1.,0.));
#5559 = DIRECTION('',(1.,1.110223024625E-16,0.));
#5560 = ADVANCED_FACE('',(#5561),#5579,.F.);
#5561 = FACE_BOUND('',#5562,.F.);
#5562 = EDGE_LOOP('',(#5563,#5571,#5572,#5573));
#5563 = ORIENTED_EDGE('',*,*,#5564,.F.);
#5564 = EDGE_CURVE('',#5536,#5565,#5567,.T.);
#5565 = VERTEX_POINT('',#5566);
#5566 = CARTESIAN_POINT('',(1.575,1.575,0.));
#5567 = LINE('',#5568,#5569);
#5568 = CARTESIAN_POINT('',(1.575,-1.575,0.));
#5569 = VECTOR('',#5570,1.);
#5570 = DIRECTION('',(-1.110223024625E-16,1.,0.));
#5571 = ORIENTED_EDGE('',*,*,#5550,.T.);
#5572 = ORIENTED_EDGE('',*,*,#3239,.F.);
#5573 = ORIENTED_EDGE('',*,*,#5574,.F.);
#5574 = EDGE_CURVE('',#5565,#3232,#5575,.T.);
#5575 = LINE('',#5576,#5577);
#5576 = CARTESIAN_POINT('',(1.575,1.575,0.));
#5577 = VECTOR('',#5578,1.);
#5578 = DIRECTION('',(0.,0.,1.));
#5579 = PLANE('',#5580);
#5580 = AXIS2_PLACEMENT_3D('',#5581,#5582,#5583);
#5581 = CARTESIAN_POINT('',(1.575,-1.575,0.));
#5582 = DIRECTION('',(-1.,-1.110223024625E-16,0.));
#5583 = DIRECTION('',(-1.110223024625E-16,1.,0.));
#5584 = ADVANCED_FACE('',(#5585),#5603,.F.);
#5585 = FACE_BOUND('',#5586,.F.);
#5586 = EDGE_LOOP('',(#5587,#5595,#5596,#5597));
#5587 = ORIENTED_EDGE('',*,*,#5588,.F.);
#5588 = EDGE_CURVE('',#5565,#5589,#5591,.T.);
#5589 = VERTEX_POINT('',#5590);
#5590 = CARTESIAN_POINT('',(-1.325,1.575,0.));
#5591 = LINE('',#5592,#5593);
#5592 = CARTESIAN_POINT('',(1.575,1.575,0.));
#5593 = VECTOR('',#5594,1.);
#5594 = DIRECTION('',(-1.,-1.110223024625E-16,0.));
#5595 = ORIENTED_EDGE('',*,*,#5574,.T.);
#5596 = ORIENTED_EDGE('',*,*,#3231,.F.);
#5597 = ORIENTED_EDGE('',*,*,#5598,.F.);
#5598 = EDGE_CURVE('',#5589,#3224,#5599,.T.);
#5599 = LINE('',#5600,#5601);
#5600 = CARTESIAN_POINT('',(-1.325,1.575,0.));
#5601 = VECTOR('',#5602,1.);
#5602 = DIRECTION('',(0.,0.,1.));
#5603 = PLANE('',#5604);
#5604 = AXIS2_PLACEMENT_3D('',#5605,#5606,#5607);
#5605 = CARTESIAN_POINT('',(1.575,1.575,0.));
#5606 = DIRECTION('',(1.110223024625E-16,-1.,0.));
#5607 = DIRECTION('',(-1.,-1.110223024625E-16,0.));
#5608 = ADVANCED_FACE('',(#5609),#5627,.F.);
#5609 = FACE_BOUND('',#5610,.F.);
#5610 = EDGE_LOOP('',(#5611,#5619,#5620,#5621));
#5611 = ORIENTED_EDGE('',*,*,#5612,.F.);
#5612 = EDGE_CURVE('',#5589,#5613,#5615,.T.);
#5613 = VERTEX_POINT('',#5614);
#5614 = CARTESIAN_POINT('',(-1.575,1.325,0.));
#5615 = LINE('',#5616,#5617);
#5616 = CARTESIAN_POINT('',(-1.325,1.575,0.));
#5617 = VECTOR('',#5618,1.);
#5618 = DIRECTION('',(-0.707106781187,-0.707106781187,0.));
#5619 = ORIENTED_EDGE('',*,*,#5598,.T.);
#5620 = ORIENTED_EDGE('',*,*,#3223,.F.);
#5621 = ORIENTED_EDGE('',*,*,#5622,.F.);
#5622 = EDGE_CURVE('',#5613,#3216,#5623,.T.);
#5623 = LINE('',#5624,#5625);
#5624 = CARTESIAN_POINT('',(-1.575,1.325,0.));
#5625 = VECTOR('',#5626,1.);
#5626 = DIRECTION('',(0.,0.,1.));
#5627 = PLANE('',#5628);
#5628 = AXIS2_PLACEMENT_3D('',#5629,#5630,#5631);
#5629 = CARTESIAN_POINT('',(-1.325,1.575,0.));
#5630 = DIRECTION('',(0.707106781187,-0.707106781187,0.));
#5631 = DIRECTION('',(-0.707106781187,-0.707106781187,0.));
#5632 = ADVANCED_FACE('',(#5633),#5644,.F.);
#5633 = FACE_BOUND('',#5634,.F.);
#5634 = EDGE_LOOP('',(#5635,#5641,#5642,#5643));
#5635 = ORIENTED_EDGE('',*,*,#5636,.F.);
#5636 = EDGE_CURVE('',#5613,#5534,#5637,.T.);
#5637 = LINE('',#5638,#5639);
#5638 = CARTESIAN_POINT('',(-1.575,1.325,0.));
#5639 = VECTOR('',#5640,1.);
#5640 = DIRECTION('',(1.110223024625E-16,-1.,0.));
#5641 = ORIENTED_EDGE('',*,*,#5622,.T.);
#5642 = ORIENTED_EDGE('',*,*,#3215,.F.);
#5643 = ORIENTED_EDGE('',*,*,#5543,.F.);
#5644 = PLANE('',#5645);
#5645 = AXIS2_PLACEMENT_3D('',#5646,#5647,#5648);
#5646 = CARTESIAN_POINT('',(-1.575,1.325,0.));
#5647 = DIRECTION('',(1.,1.110223024625E-16,0.));
#5648 = DIRECTION('',(1.110223024625E-16,-1.,0.));
#5649 = ADVANCED_FACE('',(#5650),#5661,.F.);
#5650 = FACE_BOUND('',#5651,.F.);
#5651 = EDGE_LOOP('',(#5652,#5653,#5654,#5655));
#5652 = ORIENTED_EDGE('',*,*,#3317,.T.);
#5653 = ORIENTED_EDGE('',*,*,#5261,.T.);
#5654 = ORIENTED_EDGE('',*,*,#3253,.T.);
#5655 = ORIENTED_EDGE('',*,*,#5656,.T.);
#5656 = EDGE_CURVE('',#3256,#3318,#5657,.T.);
#5657 = LINE('',#5658,#5659);
#5658 = CARTESIAN_POINT('',(1.45,2.5,0.));
#5659 = VECTOR('',#5660,1.);
#5660 = DIRECTION('',(-1.,-1.224646799147E-16,0.));
#5661 = PLANE('',#5662);
#5662 = AXIS2_PLACEMENT_3D('',#5663,#5664,#5665);
#5663 = CARTESIAN_POINT('',(1.3,2.4,0.));
#5664 = DIRECTION('',(0.,0.,1.));
#5665 = DIRECTION('',(-1.,-1.224646799147E-16,0.));
#5666 = ADVANCED_FACE('',(#5667),#5673,.F.);
#5667 = FACE_BOUND('',#5668,.F.);
#5668 = EDGE_LOOP('',(#5669,#5670,#5671,#5672));
#5669 = ORIENTED_EDGE('',*,*,#3279,.T.);
#5670 = ORIENTED_EDGE('',*,*,#3293,.T.);
#5671 = ORIENTED_EDGE('',*,*,#3327,.F.);
#5672 = ORIENTED_EDGE('',*,*,#5656,.F.);
#5673 = PLANE('',#5674);
#5674 = AXIS2_PLACEMENT_3D('',#5675,#5676,#5677);
#5675 = CARTESIAN_POINT('',(1.45,2.5,0.));
#5676 = DIRECTION('',(1.224646799147E-16,-1.,0.));
#5677 = DIRECTION('',(-1.,-1.224646799147E-16,0.));
#5678 = ADVANCED_FACE('',(#5679),#5690,.F.);
#5679 = FACE_BOUND('',#5680,.F.);
#5680 = EDGE_LOOP('',(#5681,#5682,#5683,#5684));
#5681 = ORIENTED_EDGE('',*,*,#3414,.T.);
#5682 = ORIENTED_EDGE('',*,*,#5244,.T.);
#5683 = ORIENTED_EDGE('',*,*,#3350,.T.);
#5684 = ORIENTED_EDGE('',*,*,#5685,.T.);
#5685 = EDGE_CURVE('',#3353,#3415,#5686,.T.);
#5686 = LINE('',#5687,#5688);
#5687 = CARTESIAN_POINT('',(0.8,2.5,0.));
#5688 = VECTOR('',#5689,1.);
#5689 = DIRECTION('',(-1.,-1.224646799147E-16,0.));
#5690 = PLANE('',#5691);
#5691 = AXIS2_PLACEMENT_3D('',#5692,#5693,#5694);
#5692 = CARTESIAN_POINT('',(0.65,2.4,0.));
#5693 = DIRECTION('',(0.,0.,1.));
#5694 = DIRECTION('',(-1.,-1.224646799147E-16,0.));
#5695 = ADVANCED_FACE('',(#5696),#5702,.F.);
#5696 = FACE_BOUND('',#5697,.F.);
#5697 = EDGE_LOOP('',(#5698,#5699,#5700,#5701));
#5698 = ORIENTED_EDGE('',*,*,#3376,.T.);
#5699 = ORIENTED_EDGE('',*,*,#3390,.T.);
#5700 = ORIENTED_EDGE('',*,*,#3424,.F.);
#5701 = ORIENTED_EDGE('',*,*,#5685,.F.);
#5702 = PLANE('',#5703);
#5703 = AXIS2_PLACEMENT_3D('',#5704,#5705,#5706);
#5704 = CARTESIAN_POINT('',(0.8,2.5,0.));
#5705 = DIRECTION('',(1.224646799147E-16,-1.,0.));
#5706 = DIRECTION('',(-1.,-1.224646799147E-16,0.));
#5707 = ADVANCED_FACE('',(#5708),#5719,.F.);
#5708 = FACE_BOUND('',#5709,.F.);
#5709 = EDGE_LOOP('',(#5710,#5711,#5712,#5713));
#5710 = ORIENTED_EDGE('',*,*,#3511,.T.);
#5711 = ORIENTED_EDGE('',*,*,#5227,.T.);
#5712 = ORIENTED_EDGE('',*,*,#3447,.T.);
#5713 = ORIENTED_EDGE('',*,*,#5714,.T.);
#5714 = EDGE_CURVE('',#3450,#3512,#5715,.T.);
#5715 = LINE('',#5716,#5717);
#5716 = CARTESIAN_POINT('',(0.15,2.5,0.));
#5717 = VECTOR('',#5718,1.);
#5718 = DIRECTION('',(-1.,-1.224646799147E-16,0.));
#5719 = PLANE('',#5720);
#5720 = AXIS2_PLACEMENT_3D('',#5721,#5722,#5723);
#5721 = CARTESIAN_POINT('',(-2.939152317954E-16,2.4,0.));
#5722 = DIRECTION('',(0.,0.,1.));
#5723 = DIRECTION('',(-1.,-1.224646799147E-16,0.));
#5724 = ADVANCED_FACE('',(#5725),#5731,.F.);
#5725 = FACE_BOUND('',#5726,.F.);
#5726 = EDGE_LOOP('',(#5727,#5728,#5729,#5730));
#5727 = ORIENTED_EDGE('',*,*,#3473,.T.);
#5728 = ORIENTED_EDGE('',*,*,#3487,.T.);
#5729 = ORIENTED_EDGE('',*,*,#3521,.F.);
#5730 = ORIENTED_EDGE('',*,*,#5714,.F.);
#5731 = PLANE('',#5732);
#5732 = AXIS2_PLACEMENT_3D('',#5733,#5734,#5735);
#5733 = CARTESIAN_POINT('',(0.15,2.5,0.));
#5734 = DIRECTION('',(1.224646799147E-16,-1.,0.));
#5735 = DIRECTION('',(-1.,-1.224646799147E-16,0.));
#5736 = ADVANCED_FACE('',(#5737),#5748,.F.);
#5737 = FACE_BOUND('',#5738,.F.);
#5738 = EDGE_LOOP('',(#5739,#5740,#5741,#5742));
#5739 = ORIENTED_EDGE('',*,*,#3608,.T.);
#5740 = ORIENTED_EDGE('',*,*,#5210,.T.);
#5741 = ORIENTED_EDGE('',*,*,#3544,.T.);
#5742 = ORIENTED_EDGE('',*,*,#5743,.T.);
#5743 = EDGE_CURVE('',#3547,#3609,#5744,.T.);
#5744 = LINE('',#5745,#5746);
#5745 = CARTESIAN_POINT('',(-0.5,2.5,0.));
#5746 = VECTOR('',#5747,1.);
#5747 = DIRECTION('',(-1.,-1.224646799147E-16,0.));
#5748 = PLANE('',#5749);
#5749 = AXIS2_PLACEMENT_3D('',#5750,#5751,#5752);
#5750 = CARTESIAN_POINT('',(-0.65,2.4,0.));
#5751 = DIRECTION('',(0.,0.,1.));
#5752 = DIRECTION('',(-1.,-1.224646799147E-16,0.));
#5753 = ADVANCED_FACE('',(#5754),#5760,.F.);
#5754 = FACE_BOUND('',#5755,.F.);
#5755 = EDGE_LOOP('',(#5756,#5757,#5758,#5759));
#5756 = ORIENTED_EDGE('',*,*,#3570,.T.);
#5757 = ORIENTED_EDGE('',*,*,#3584,.T.);
#5758 = ORIENTED_EDGE('',*,*,#3618,.F.);
#5759 = ORIENTED_EDGE('',*,*,#5743,.F.);
#5760 = PLANE('',#5761);
#5761 = AXIS2_PLACEMENT_3D('',#5762,#5763,#5764);
#5762 = CARTESIAN_POINT('',(-0.5,2.5,0.));
#5763 = DIRECTION('',(1.224646799147E-16,-1.,0.));
#5764 = DIRECTION('',(-1.,-1.224646799147E-16,0.));
#5765 = ADVANCED_FACE('',(#5766),#5777,.F.);
#5766 = FACE_BOUND('',#5767,.F.);
#5767 = EDGE_LOOP('',(#5768,#5769,#5770,#5771));
#5768 = ORIENTED_EDGE('',*,*,#3705,.T.);
#5769 = ORIENTED_EDGE('',*,*,#5193,.T.);
#5770 = ORIENTED_EDGE('',*,*,#3641,.T.);
#5771 = ORIENTED_EDGE('',*,*,#5772,.T.);
#5772 = EDGE_CURVE('',#3644,#3706,#5773,.T.);
#5773 = LINE('',#5774,#5775);
#5774 = CARTESIAN_POINT('',(-1.15,2.5,0.));
#5775 = VECTOR('',#5776,1.);
#5776 = DIRECTION('',(-1.,-1.224646799147E-16,0.));
#5777 = PLANE('',#5778);
#5778 = AXIS2_PLACEMENT_3D('',#5779,#5780,#5781);
#5779 = CARTESIAN_POINT('',(-1.3,2.4,0.));
#5780 = DIRECTION('',(0.,0.,1.));
#5781 = DIRECTION('',(-1.,-1.224646799147E-16,0.));
#5782 = ADVANCED_FACE('',(#5783),#5789,.F.);
#5783 = FACE_BOUND('',#5784,.F.);
#5784 = EDGE_LOOP('',(#5785,#5786,#5787,#5788));
#5785 = ORIENTED_EDGE('',*,*,#3667,.T.);
#5786 = ORIENTED_EDGE('',*,*,#3681,.T.);
#5787 = ORIENTED_EDGE('',*,*,#3715,.F.);
#5788 = ORIENTED_EDGE('',*,*,#5772,.F.);
#5789 = PLANE('',#5790);
#5790 = AXIS2_PLACEMENT_3D('',#5791,#5792,#5793);
#5791 = CARTESIAN_POINT('',(-1.15,2.5,0.));
#5792 = DIRECTION('',(1.224646799147E-16,-1.,0.));
#5793 = DIRECTION('',(-1.,-1.224646799147E-16,0.));
#5794 = ADVANCED_FACE('',(#5795),#5806,.F.);
#5795 = FACE_BOUND('',#5796,.F.);
#5796 = EDGE_LOOP('',(#5797,#5798,#5799,#5800));
#5797 = ORIENTED_EDGE('',*,*,#3738,.T.);
#5798 = ORIENTED_EDGE('',*,*,#5278,.T.);
#5799 = ORIENTED_EDGE('',*,*,#3802,.T.);
#5800 = ORIENTED_EDGE('',*,*,#5801,.T.);
#5801 = EDGE_CURVE('',#3805,#3739,#5802,.T.);
#5802 = LINE('',#5803,#5804);
#5803 = CARTESIAN_POINT('',(2.5,1.15,0.));
#5804 = VECTOR('',#5805,1.);
#5805 = DIRECTION('',(-2.334869823773E-16,1.,0.));
#5806 = PLANE('',#5807);
#5807 = AXIS2_PLACEMENT_3D('',#5808,#5809,#5810);
#5808 = CARTESIAN_POINT('',(2.4,1.3,0.));
#5809 = DIRECTION('',(0.,0.,1.));
#5810 = DIRECTION('',(-2.334869823773E-16,1.,0.));
#5811 = ADVANCED_FACE('',(#5812),#5818,.F.);
#5812 = FACE_BOUND('',#5813,.F.);
#5813 = EDGE_LOOP('',(#5814,#5815,#5816,#5817));
#5814 = ORIENTED_EDGE('',*,*,#3821,.T.);
#5815 = ORIENTED_EDGE('',*,*,#3778,.T.);
#5816 = ORIENTED_EDGE('',*,*,#3748,.F.);
#5817 = ORIENTED_EDGE('',*,*,#5801,.F.);
#5818 = PLANE('',#5819);
#5819 = AXIS2_PLACEMENT_3D('',#5820,#5821,#5822);
#5820 = CARTESIAN_POINT('',(2.5,1.15,0.));
#5821 = DIRECTION('',(-1.,-2.334869823773E-16,0.));
#5822 = DIRECTION('',(-2.334869823773E-16,1.,0.));
#5823 = ADVANCED_FACE('',(#5824),#5835,.F.);
#5824 = FACE_BOUND('',#5825,.F.);
#5825 = EDGE_LOOP('',(#5826,#5827,#5828,#5829));
#5826 = ORIENTED_EDGE('',*,*,#3835,.T.);
#5827 = ORIENTED_EDGE('',*,*,#5295,.T.);
#5828 = ORIENTED_EDGE('',*,*,#3899,.T.);
#5829 = ORIENTED_EDGE('',*,*,#5830,.T.);
#5830 = EDGE_CURVE('',#3902,#3836,#5831,.T.);
#5831 = LINE('',#5832,#5833);
#5832 = CARTESIAN_POINT('',(2.5,0.5,0.));
#5833 = VECTOR('',#5834,1.);
#5834 = DIRECTION('',(-2.334869823773E-16,1.,0.));
#5835 = PLANE('',#5836);
#5836 = AXIS2_PLACEMENT_3D('',#5837,#5838,#5839);
#5837 = CARTESIAN_POINT('',(2.4,0.65,0.));
#5838 = DIRECTION('',(0.,0.,1.));
#5839 = DIRECTION('',(-2.334869823773E-16,1.,0.));
#5840 = ADVANCED_FACE('',(#5841),#5847,.F.);
#5841 = FACE_BOUND('',#5842,.F.);
#5842 = EDGE_LOOP('',(#5843,#5844,#5845,#5846));
#5843 = ORIENTED_EDGE('',*,*,#3918,.T.);
#5844 = ORIENTED_EDGE('',*,*,#3875,.T.);
#5845 = ORIENTED_EDGE('',*,*,#3845,.F.);
#5846 = ORIENTED_EDGE('',*,*,#5830,.F.);
#5847 = PLANE('',#5848);
#5848 = AXIS2_PLACEMENT_3D('',#5849,#5850,#5851);
#5849 = CARTESIAN_POINT('',(2.5,0.5,0.));
#5850 = DIRECTION('',(-1.,-2.334869823773E-16,0.));
#5851 = DIRECTION('',(-2.334869823773E-16,1.,0.));
#5852 = ADVANCED_FACE('',(#5853),#5864,.F.);
#5853 = FACE_BOUND('',#5854,.F.);
#5854 = EDGE_LOOP('',(#5855,#5856,#5857,#5858));
#5855 = ORIENTED_EDGE('',*,*,#3932,.T.);
#5856 = ORIENTED_EDGE('',*,*,#5312,.T.);
#5857 = ORIENTED_EDGE('',*,*,#3996,.T.);
#5858 = ORIENTED_EDGE('',*,*,#5859,.T.);
#5859 = EDGE_CURVE('',#3999,#3933,#5860,.T.);
#5860 = LINE('',#5861,#5862);
#5861 = CARTESIAN_POINT('',(2.5,-0.15,0.));
#5862 = VECTOR('',#5863,1.);
#5863 = DIRECTION('',(-2.334869823773E-16,1.,0.));
#5864 = PLANE('',#5865);
#5865 = AXIS2_PLACEMENT_3D('',#5866,#5867,#5868);
#5866 = CARTESIAN_POINT('',(2.4,5.603687577054E-16,0.));
#5867 = DIRECTION('',(0.,0.,1.));
#5868 = DIRECTION('',(-2.334869823773E-16,1.,0.));
#5869 = ADVANCED_FACE('',(#5870),#5876,.F.);
#5870 = FACE_BOUND('',#5871,.F.);
#5871 = EDGE_LOOP('',(#5872,#5873,#5874,#5875));
#5872 = ORIENTED_EDGE('',*,*,#4015,.T.);
#5873 = ORIENTED_EDGE('',*,*,#3972,.T.);
#5874 = ORIENTED_EDGE('',*,*,#3942,.F.);
#5875 = ORIENTED_EDGE('',*,*,#5859,.F.);
#5876 = PLANE('',#5877);
#5877 = AXIS2_PLACEMENT_3D('',#5878,#5879,#5880);
#5878 = CARTESIAN_POINT('',(2.5,-0.15,0.));
#5879 = DIRECTION('',(-1.,-2.334869823773E-16,0.));
#5880 = DIRECTION('',(-2.334869823773E-16,1.,0.));
#5881 = ADVANCED_FACE('',(#5882),#5893,.F.);
#5882 = FACE_BOUND('',#5883,.F.);
#5883 = EDGE_LOOP('',(#5884,#5885,#5886,#5887));
#5884 = ORIENTED_EDGE('',*,*,#4029,.T.);
#5885 = ORIENTED_EDGE('',*,*,#5329,.T.);
#5886 = ORIENTED_EDGE('',*,*,#4093,.T.);
#5887 = ORIENTED_EDGE('',*,*,#5888,.T.);
#5888 = EDGE_CURVE('',#4096,#4030,#5889,.T.);
#5889 = LINE('',#5890,#5891);
#5890 = CARTESIAN_POINT('',(2.5,-0.8,0.));
#5891 = VECTOR('',#5892,1.);
#5892 = DIRECTION('',(-2.334869823773E-16,1.,0.));
#5893 = PLANE('',#5894);
#5894 = AXIS2_PLACEMENT_3D('',#5895,#5896,#5897);
#5895 = CARTESIAN_POINT('',(2.4,-0.65,0.));
#5896 = DIRECTION('',(0.,0.,1.));
#5897 = DIRECTION('',(-2.334869823773E-16,1.,0.));
#5898 = ADVANCED_FACE('',(#5899),#5905,.F.);
#5899 = FACE_BOUND('',#5900,.F.);
#5900 = EDGE_LOOP('',(#5901,#5902,#5903,#5904));
#5901 = ORIENTED_EDGE('',*,*,#4112,.T.);
#5902 = ORIENTED_EDGE('',*,*,#4069,.T.);
#5903 = ORIENTED_EDGE('',*,*,#4039,.F.);
#5904 = ORIENTED_EDGE('',*,*,#5888,.F.);
#5905 = PLANE('',#5906);
#5906 = AXIS2_PLACEMENT_3D('',#5907,#5908,#5909);
#5907 = CARTESIAN_POINT('',(2.5,-0.8,0.));
#5908 = DIRECTION('',(-1.,-2.334869823773E-16,0.));
#5909 = DIRECTION('',(-2.334869823773E-16,1.,0.));
#5910 = ADVANCED_FACE('',(#5911),#5922,.F.);
#5911 = FACE_BOUND('',#5912,.F.);
#5912 = EDGE_LOOP('',(#5913,#5914,#5915,#5916));
#5913 = ORIENTED_EDGE('',*,*,#4126,.T.);
#5914 = ORIENTED_EDGE('',*,*,#5346,.T.);
#5915 = ORIENTED_EDGE('',*,*,#4190,.T.);
#5916 = ORIENTED_EDGE('',*,*,#5917,.T.);
#5917 = EDGE_CURVE('',#4193,#4127,#5918,.T.);
#5918 = LINE('',#5919,#5920);
#5919 = CARTESIAN_POINT('',(2.5,-1.45,0.));
#5920 = VECTOR('',#5921,1.);
#5921 = DIRECTION('',(-2.334869823773E-16,1.,0.));
#5922 = PLANE('',#5923);
#5923 = AXIS2_PLACEMENT_3D('',#5924,#5925,#5926);
#5924 = CARTESIAN_POINT('',(2.4,-1.3,0.));
#5925 = DIRECTION('',(0.,0.,1.));
#5926 = DIRECTION('',(-2.334869823773E-16,1.,0.));
#5927 = ADVANCED_FACE('',(#5928),#5934,.F.);
#5928 = FACE_BOUND('',#5929,.F.);
#5929 = EDGE_LOOP('',(#5930,#5931,#5932,#5933));
#5930 = ORIENTED_EDGE('',*,*,#4209,.T.);
#5931 = ORIENTED_EDGE('',*,*,#4166,.T.);
#5932 = ORIENTED_EDGE('',*,*,#4136,.F.);
#5933 = ORIENTED_EDGE('',*,*,#5917,.F.);
#5934 = PLANE('',#5935);
#5935 = AXIS2_PLACEMENT_3D('',#5936,#5937,#5938);
#5936 = CARTESIAN_POINT('',(2.5,-1.45,0.));
#5937 = DIRECTION('',(-1.,-2.334869823773E-16,0.));
#5938 = DIRECTION('',(-2.334869823773E-16,1.,0.));
#5939 = ADVANCED_FACE('',(#5940),#5951,.F.);
#5940 = FACE_BOUND('',#5941,.F.);
#5941 = EDGE_LOOP('',(#5942,#5943,#5944,#5945));
#5942 = ORIENTED_EDGE('',*,*,#4287,.T.);
#5943 = ORIENTED_EDGE('',*,*,#5516,.T.);
#5944 = ORIENTED_EDGE('',*,*,#4223,.T.);
#5945 = ORIENTED_EDGE('',*,*,#5946,.T.);
#5946 = EDGE_CURVE('',#4226,#4288,#5947,.T.);
#5947 = LINE('',#5948,#5949);
#5948 = CARTESIAN_POINT('',(-2.5,1.45,0.));
#5949 = VECTOR('',#5950,1.);
#5950 = DIRECTION('',(1.110223024625E-16,-1.,0.));
#5951 = PLANE('',#5952);
#5952 = AXIS2_PLACEMENT_3D('',#5953,#5954,#5955);
#5953 = CARTESIAN_POINT('',(-2.4,1.3,0.));
#5954 = DIRECTION('',(0.,0.,1.));
#5955 = DIRECTION('',(1.110223024625E-16,-1.,0.));
#5956 = ADVANCED_FACE('',(#5957),#5963,.F.);
#5957 = FACE_BOUND('',#5958,.F.);
#5958 = EDGE_LOOP('',(#5959,#5960,#5961,#5962));
#5959 = ORIENTED_EDGE('',*,*,#4249,.T.);
#5960 = ORIENTED_EDGE('',*,*,#4263,.T.);
#5961 = ORIENTED_EDGE('',*,*,#4297,.F.);
#5962 = ORIENTED_EDGE('',*,*,#5946,.F.);
#5963 = PLANE('',#5964);
#5964 = AXIS2_PLACEMENT_3D('',#5965,#5966,#5967);
#5965 = CARTESIAN_POINT('',(-2.5,1.45,0.));
#5966 = DIRECTION('',(1.,1.110223024625E-16,0.));
#5967 = DIRECTION('',(1.110223024625E-16,-1.,0.));
#5968 = ADVANCED_FACE('',(#5969),#5980,.F.);
#5969 = FACE_BOUND('',#5970,.F.);
#5970 = EDGE_LOOP('',(#5971,#5972,#5973,#5974));
#5971 = ORIENTED_EDGE('',*,*,#4384,.T.);
#5972 = ORIENTED_EDGE('',*,*,#5499,.T.);
#5973 = ORIENTED_EDGE('',*,*,#4320,.T.);
#5974 = ORIENTED_EDGE('',*,*,#5975,.T.);
#5975 = EDGE_CURVE('',#4323,#4385,#5976,.T.);
#5976 = LINE('',#5977,#5978);
#5977 = CARTESIAN_POINT('',(-2.5,0.8,0.));
#5978 = VECTOR('',#5979,1.);
#5979 = DIRECTION('',(1.110223024625E-16,-1.,0.));
#5980 = PLANE('',#5981);
#5981 = AXIS2_PLACEMENT_3D('',#5982,#5983,#5984);
#5982 = CARTESIAN_POINT('',(-2.4,0.65,0.));
#5983 = DIRECTION('',(0.,0.,1.));
#5984 = DIRECTION('',(1.110223024625E-16,-1.,0.));
#5985 = ADVANCED_FACE('',(#5986),#5992,.F.);
#5986 = FACE_BOUND('',#5987,.F.);
#5987 = EDGE_LOOP('',(#5988,#5989,#5990,#5991));
#5988 = ORIENTED_EDGE('',*,*,#4346,.T.);
#5989 = ORIENTED_EDGE('',*,*,#4360,.T.);
#5990 = ORIENTED_EDGE('',*,*,#4394,.F.);
#5991 = ORIENTED_EDGE('',*,*,#5975,.F.);
#5992 = PLANE('',#5993);
#5993 = AXIS2_PLACEMENT_3D('',#5994,#5995,#5996);
#5994 = CARTESIAN_POINT('',(-2.5,0.8,0.));
#5995 = DIRECTION('',(1.,1.110223024625E-16,0.));
#5996 = DIRECTION('',(1.110223024625E-16,-1.,0.));
#5997 = ADVANCED_FACE('',(#5998),#6009,.F.);
#5998 = FACE_BOUND('',#5999,.F.);
#5999 = EDGE_LOOP('',(#6000,#6001,#6002,#6003));
#6000 = ORIENTED_EDGE('',*,*,#4481,.T.);
#6001 = ORIENTED_EDGE('',*,*,#5482,.T.);
#6002 = ORIENTED_EDGE('',*,*,#4417,.T.);
#6003 = ORIENTED_EDGE('',*,*,#6004,.T.);
#6004 = EDGE_CURVE('',#4420,#4482,#6005,.T.);
#6005 = LINE('',#6006,#6007);
#6006 = CARTESIAN_POINT('',(-2.5,0.15,0.));
#6007 = VECTOR('',#6008,1.);
#6008 = DIRECTION('',(1.110223024625E-16,-1.,0.));
#6009 = PLANE('',#6010);
#6010 = AXIS2_PLACEMENT_3D('',#6011,#6012,#6013);
#6011 = CARTESIAN_POINT('',(-2.4,-2.6645352591E-16,0.));
#6012 = DIRECTION('',(0.,0.,1.));
#6013 = DIRECTION('',(1.110223024625E-16,-1.,0.));
#6014 = ADVANCED_FACE('',(#6015),#6021,.F.);
#6015 = FACE_BOUND('',#6016,.F.);
#6016 = EDGE_LOOP('',(#6017,#6018,#6019,#6020));
#6017 = ORIENTED_EDGE('',*,*,#4443,.T.);
#6018 = ORIENTED_EDGE('',*,*,#4457,.T.);
#6019 = ORIENTED_EDGE('',*,*,#4491,.F.);
#6020 = ORIENTED_EDGE('',*,*,#6004,.F.);
#6021 = PLANE('',#6022);
#6022 = AXIS2_PLACEMENT_3D('',#6023,#6024,#6025);
#6023 = CARTESIAN_POINT('',(-2.5,0.15,0.));
#6024 = DIRECTION('',(1.,1.110223024625E-16,0.));
#6025 = DIRECTION('',(1.110223024625E-16,-1.,0.));
#6026 = ADVANCED_FACE('',(#6027),#6038,.F.);
#6027 = FACE_BOUND('',#6028,.F.);
#6028 = EDGE_LOOP('',(#6029,#6030,#6031,#6032));
#6029 = ORIENTED_EDGE('',*,*,#4578,.T.);
#6030 = ORIENTED_EDGE('',*,*,#5465,.T.);
#6031 = ORIENTED_EDGE('',*,*,#4514,.T.);
#6032 = ORIENTED_EDGE('',*,*,#6033,.T.);
#6033 = EDGE_CURVE('',#4517,#4579,#6034,.T.);
#6034 = LINE('',#6035,#6036);
#6035 = CARTESIAN_POINT('',(-2.5,-0.5,0.));
#6036 = VECTOR('',#6037,1.);
#6037 = DIRECTION('',(1.110223024625E-16,-1.,0.));
#6038 = PLANE('',#6039);
#6039 = AXIS2_PLACEMENT_3D('',#6040,#6041,#6042);
#6040 = CARTESIAN_POINT('',(-2.4,-0.65,0.));
#6041 = DIRECTION('',(0.,0.,1.));
#6042 = DIRECTION('',(1.110223024625E-16,-1.,0.));
#6043 = ADVANCED_FACE('',(#6044),#6050,.F.);
#6044 = FACE_BOUND('',#6045,.F.);
#6045 = EDGE_LOOP('',(#6046,#6047,#6048,#6049));
#6046 = ORIENTED_EDGE('',*,*,#4540,.T.);
#6047 = ORIENTED_EDGE('',*,*,#4554,.T.);
#6048 = ORIENTED_EDGE('',*,*,#4588,.F.);
#6049 = ORIENTED_EDGE('',*,*,#6033,.F.);
#6050 = PLANE('',#6051);
#6051 = AXIS2_PLACEMENT_3D('',#6052,#6053,#6054);
#6052 = CARTESIAN_POINT('',(-2.5,-0.5,0.));
#6053 = DIRECTION('',(1.,1.110223024625E-16,0.));
#6054 = DIRECTION('',(1.110223024625E-16,-1.,0.));
#6055 = ADVANCED_FACE('',(#6056),#6067,.F.);
#6056 = FACE_BOUND('',#6057,.F.);
#6057 = EDGE_LOOP('',(#6058,#6059,#6060,#6061));
#6058 = ORIENTED_EDGE('',*,*,#4675,.T.);
#6059 = ORIENTED_EDGE('',*,*,#5448,.T.);
#6060 = ORIENTED_EDGE('',*,*,#4611,.T.);
#6061 = ORIENTED_EDGE('',*,*,#6062,.T.);
#6062 = EDGE_CURVE('',#4614,#4676,#6063,.T.);
#6063 = LINE('',#6064,#6065);
#6064 = CARTESIAN_POINT('',(-2.5,-1.15,0.));
#6065 = VECTOR('',#6066,1.);
#6066 = DIRECTION('',(1.110223024625E-16,-1.,0.));
#6067 = PLANE('',#6068);
#6068 = AXIS2_PLACEMENT_3D('',#6069,#6070,#6071);
#6069 = CARTESIAN_POINT('',(-2.4,-1.3,0.));
#6070 = DIRECTION('',(0.,0.,1.));
#6071 = DIRECTION('',(1.110223024625E-16,-1.,0.));
#6072 = ADVANCED_FACE('',(#6073),#6079,.F.);
#6073 = FACE_BOUND('',#6074,.F.);
#6074 = EDGE_LOOP('',(#6075,#6076,#6077,#6078));
#6075 = ORIENTED_EDGE('',*,*,#4637,.T.);
#6076 = ORIENTED_EDGE('',*,*,#4651,.T.);
#6077 = ORIENTED_EDGE('',*,*,#4685,.F.);
#6078 = ORIENTED_EDGE('',*,*,#6062,.F.);
#6079 = PLANE('',#6080);
#6080 = AXIS2_PLACEMENT_3D('',#6081,#6082,#6083);
#6081 = CARTESIAN_POINT('',(-2.5,-1.15,0.));
#6082 = DIRECTION('',(1.,1.110223024625E-16,0.));
#6083 = DIRECTION('',(1.110223024625E-16,-1.,0.));
#6084 = ADVANCED_FACE('',(#6085),#6096,.F.);
#6085 = FACE_BOUND('',#6086,.F.);
#6086 = EDGE_LOOP('',(#6087,#6088,#6089,#6090));
#6087 = ORIENTED_EDGE('',*,*,#4708,.T.);
#6088 = ORIENTED_EDGE('',*,*,#5363,.T.);
#6089 = ORIENTED_EDGE('',*,*,#4772,.T.);
#6090 = ORIENTED_EDGE('',*,*,#6091,.T.);
#6091 = EDGE_CURVE('',#4775,#4709,#6092,.T.);
#6092 = LINE('',#6093,#6094);
#6093 = CARTESIAN_POINT('',(1.15,-2.5,0.));
#6094 = VECTOR('',#6095,1.);
#6095 = DIRECTION('',(1.,1.144237745222E-17,0.));
#6096 = PLANE('',#6097);
#6097 = AXIS2_PLACEMENT_3D('',#6098,#6099,#6100);
#6098 = CARTESIAN_POINT('',(1.3,-2.4,0.));
#6099 = DIRECTION('',(0.,0.,1.));
#6100 = DIRECTION('',(1.,1.144237745222E-17,-0.));
#6101 = ADVANCED_FACE('',(#6102),#6108,.F.);
#6102 = FACE_BOUND('',#6103,.F.);
#6103 = EDGE_LOOP('',(#6104,#6105,#6106,#6107));
#6104 = ORIENTED_EDGE('',*,*,#4791,.T.);
#6105 = ORIENTED_EDGE('',*,*,#4748,.T.);
#6106 = ORIENTED_EDGE('',*,*,#4718,.F.);
#6107 = ORIENTED_EDGE('',*,*,#6091,.F.);
#6108 = PLANE('',#6109);
#6109 = AXIS2_PLACEMENT_3D('',#6110,#6111,#6112);
#6110 = CARTESIAN_POINT('',(1.15,-2.5,0.));
#6111 = DIRECTION('',(-1.144237745222E-17,1.,0.));
#6112 = DIRECTION('',(1.,1.144237745222E-17,0.));
#6113 = ADVANCED_FACE('',(#6114),#6125,.F.);
#6114 = FACE_BOUND('',#6115,.F.);
#6115 = EDGE_LOOP('',(#6116,#6117,#6118,#6119));
#6116 = ORIENTED_EDGE('',*,*,#4805,.T.);
#6117 = ORIENTED_EDGE('',*,*,#5380,.T.);
#6118 = ORIENTED_EDGE('',*,*,#4869,.T.);
#6119 = ORIENTED_EDGE('',*,*,#6120,.T.);
#6120 = EDGE_CURVE('',#4872,#4806,#6121,.T.);
#6121 = LINE('',#6122,#6123);
#6122 = CARTESIAN_POINT('',(0.5,-2.5,0.));
#6123 = VECTOR('',#6124,1.);
#6124 = DIRECTION('',(1.,1.144237745222E-17,0.));
#6125 = PLANE('',#6126);
#6126 = AXIS2_PLACEMENT_3D('',#6127,#6128,#6129);
#6127 = CARTESIAN_POINT('',(0.65,-2.4,0.));
#6128 = DIRECTION('',(0.,0.,1.));
#6129 = DIRECTION('',(1.,1.144237745222E-17,-0.));
#6130 = ADVANCED_FACE('',(#6131),#6137,.F.);
#6131 = FACE_BOUND('',#6132,.F.);
#6132 = EDGE_LOOP('',(#6133,#6134,#6135,#6136));
#6133 = ORIENTED_EDGE('',*,*,#4888,.T.);
#6134 = ORIENTED_EDGE('',*,*,#4845,.T.);
#6135 = ORIENTED_EDGE('',*,*,#4815,.F.);
#6136 = ORIENTED_EDGE('',*,*,#6120,.F.);
#6137 = PLANE('',#6138);
#6138 = AXIS2_PLACEMENT_3D('',#6139,#6140,#6141);
#6139 = CARTESIAN_POINT('',(0.5,-2.5,0.));
#6140 = DIRECTION('',(-1.144237745222E-17,1.,0.));
#6141 = DIRECTION('',(1.,1.144237745222E-17,0.));
#6142 = ADVANCED_FACE('',(#6143),#6154,.F.);
#6143 = FACE_BOUND('',#6144,.F.);
#6144 = EDGE_LOOP('',(#6145,#6146,#6147,#6148));
#6145 = ORIENTED_EDGE('',*,*,#4902,.T.);
#6146 = ORIENTED_EDGE('',*,*,#5397,.T.);
#6147 = ORIENTED_EDGE('',*,*,#4966,.T.);
#6148 = ORIENTED_EDGE('',*,*,#6149,.T.);
#6149 = EDGE_CURVE('',#4969,#4903,#6150,.T.);
#6150 = LINE('',#6151,#6152);
#6151 = CARTESIAN_POINT('',(-0.15,-2.5,0.));
#6152 = VECTOR('',#6153,1.);
#6153 = DIRECTION('',(1.,1.144237745222E-17,0.));
#6154 = PLANE('',#6155);
#6155 = AXIS2_PLACEMENT_3D('',#6156,#6157,#6158);
#6156 = CARTESIAN_POINT('',(2.746170588533E-17,-2.4,0.));
#6157 = DIRECTION('',(0.,0.,1.));
#6158 = DIRECTION('',(1.,1.144237745222E-17,-0.));
#6159 = ADVANCED_FACE('',(#6160),#6166,.F.);
#6160 = FACE_BOUND('',#6161,.F.);
#6161 = EDGE_LOOP('',(#6162,#6163,#6164,#6165));
#6162 = ORIENTED_EDGE('',*,*,#4985,.T.);
#6163 = ORIENTED_EDGE('',*,*,#4942,.T.);
#6164 = ORIENTED_EDGE('',*,*,#4912,.F.);
#6165 = ORIENTED_EDGE('',*,*,#6149,.F.);
#6166 = PLANE('',#6167);
#6167 = AXIS2_PLACEMENT_3D('',#6168,#6169,#6170);
#6168 = CARTESIAN_POINT('',(-0.15,-2.5,0.));
#6169 = DIRECTION('',(-1.144237745222E-17,1.,0.));
#6170 = DIRECTION('',(1.,1.144237745222E-17,0.));
#6171 = ADVANCED_FACE('',(#6172),#6183,.F.);
#6172 = FACE_BOUND('',#6173,.F.);
#6173 = EDGE_LOOP('',(#6174,#6175,#6176,#6177));
#6174 = ORIENTED_EDGE('',*,*,#4999,.T.);
#6175 = ORIENTED_EDGE('',*,*,#5414,.T.);
#6176 = ORIENTED_EDGE('',*,*,#5063,.T.);
#6177 = ORIENTED_EDGE('',*,*,#6178,.T.);
#6178 = EDGE_CURVE('',#5066,#5000,#6179,.T.);
#6179 = LINE('',#6180,#6181);
#6180 = CARTESIAN_POINT('',(-0.8,-2.5,0.));
#6181 = VECTOR('',#6182,1.);
#6182 = DIRECTION('',(1.,1.144237745222E-17,0.));
#6183 = PLANE('',#6184);
#6184 = AXIS2_PLACEMENT_3D('',#6185,#6186,#6187);
#6185 = CARTESIAN_POINT('',(-0.65,-2.4,0.));
#6186 = DIRECTION('',(0.,0.,1.));
#6187 = DIRECTION('',(1.,1.144237745222E-17,-0.));
#6188 = ADVANCED_FACE('',(#6189),#6195,.F.);
#6189 = FACE_BOUND('',#6190,.F.);
#6190 = EDGE_LOOP('',(#6191,#6192,#6193,#6194));
#6191 = ORIENTED_EDGE('',*,*,#5082,.T.);
#6192 = ORIENTED_EDGE('',*,*,#5039,.T.);
#6193 = ORIENTED_EDGE('',*,*,#5009,.F.);
#6194 = ORIENTED_EDGE('',*,*,#6178,.F.);
#6195 = PLANE('',#6196);
#6196 = AXIS2_PLACEMENT_3D('',#6197,#6198,#6199);
#6197 = CARTESIAN_POINT('',(-0.8,-2.5,0.));
#6198 = DIRECTION('',(-1.144237745222E-17,1.,0.));
#6199 = DIRECTION('',(1.,1.144237745222E-17,0.));
#6200 = ADVANCED_FACE('',(#6201),#6212,.F.);
#6201 = FACE_BOUND('',#6202,.F.);
#6202 = EDGE_LOOP('',(#6203,#6204,#6205,#6206));
#6203 = ORIENTED_EDGE('',*,*,#5096,.T.);
#6204 = ORIENTED_EDGE('',*,*,#5431,.T.);
#6205 = ORIENTED_EDGE('',*,*,#5160,.T.);
#6206 = ORIENTED_EDGE('',*,*,#6207,.T.);
#6207 = EDGE_CURVE('',#5163,#5097,#6208,.T.);
#6208 = LINE('',#6209,#6210);
#6209 = CARTESIAN_POINT('',(-1.45,-2.5,0.));
#6210 = VECTOR('',#6211,1.);
#6211 = DIRECTION('',(1.,1.144237745222E-17,0.));
#6212 = PLANE('',#6213);
#6213 = AXIS2_PLACEMENT_3D('',#6214,#6215,#6216);
#6214 = CARTESIAN_POINT('',(-1.3,-2.4,0.));
#6215 = DIRECTION('',(0.,0.,1.));
#6216 = DIRECTION('',(1.,1.144237745222E-17,-0.));
#6217 = ADVANCED_FACE('',(#6218),#6224,.F.);
#6218 = FACE_BOUND('',#6219,.F.);
#6219 = EDGE_LOOP('',(#6220,#6221,#6222,#6223));
#6220 = ORIENTED_EDGE('',*,*,#5179,.T.);
#6221 = ORIENTED_EDGE('',*,*,#5136,.T.);
#6222 = ORIENTED_EDGE('',*,*,#5106,.F.);
#6223 = ORIENTED_EDGE('',*,*,#6207,.F.);
#6224 = PLANE('',#6225);
#6225 = AXIS2_PLACEMENT_3D('',#6226,#6227,#6228);
#6226 = CARTESIAN_POINT('',(-1.45,-2.5,0.));
#6227 = DIRECTION('',(-1.144237745222E-17,1.,0.));
#6228 = DIRECTION('',(1.,1.144237745222E-17,0.));
#6229 = ADVANCED_FACE('',(#6230),#6237,.F.);
#6230 = FACE_BOUND('',#6231,.F.);
#6231 = EDGE_LOOP('',(#6232,#6233,#6234,#6235,#6236));
#6232 = ORIENTED_EDGE('',*,*,#5636,.T.);
#6233 = ORIENTED_EDGE('',*,*,#5533,.T.);
#6234 = ORIENTED_EDGE('',*,*,#5564,.T.);
#6235 = ORIENTED_EDGE('',*,*,#5588,.T.);
#6236 = ORIENTED_EDGE('',*,*,#5612,.T.);
#6237 = PLANE('',#6238);
#6238 = AXIS2_PLACEMENT_3D('',#6239,#6240,#6241);
#6239 = CARTESIAN_POINT('',(1.956048815945E-02,-1.956048815945E-02,0.));
#6240 = DIRECTION('',(0.,0.,1.));
#6241 = DIRECTION('',(1.110223024625E-16,-1.,0.));
#6242 = ( GEOMETRIC_REPRESENTATION_CONTEXT(3) 
GLOBAL_UNCERTAINTY_ASSIGNED_CONTEXT((#6246)) 
GLOBAL_UNIT_ASSIGNED_CONTEXT((#6243,#6244,#6245)) REPRESENTATION_CONTEXT
('Context #1','3D Context with UNIT and UNCERTAINTY') );
#6243 = ( LENGTH_UNIT() NAMED_UNIT(*) SI_UNIT(.MILLI.,.METRE.) );
#6244 = ( NAMED_UNIT(*) PLANE_ANGLE_UNIT() SI_UNIT($,.RADIAN.) );
#6245 = ( NAMED_UNIT(*) SI_UNIT($,.STERADIAN.) SOLID_ANGLE_UNIT() );
#6246 = UNCERTAINTY_MEASURE_WITH_UNIT(LENGTH_MEASURE(1.E-07),#6243,
  'distance_accuracy_value','confusion accuracy');
#6247 = CONTEXT_DEPENDENT_SHAPE_REPRESENTATION(#6248,#6250);
#6248 = ( REPRESENTATION_RELATIONSHIP('','',#1911,#1888) 
REPRESENTATION_RELATIONSHIP_WITH_TRANSFORMATION(#6249) 
SHAPE_REPRESENTATION_RELATIONSHIP() );
#6249 = ITEM_DEFINED_TRANSFORMATION('','',#11,#1889);
#6250 = PRODUCT_DEFINITION_SHAPE('Placement','Placement of an item',
  #6251);
#6251 = NEXT_ASSEMBLY_USAGE_OCCURRENCE('9','=>[0:1:1:7]','',#1883,#1906,
  $);
#6252 = PRODUCT_RELATED_PRODUCT_CATEGORY('part',$,(#1908));
#6253 = SHAPE_DEFINITION_REPRESENTATION(#6254,#6260);
#6254 = PRODUCT_DEFINITION_SHAPE('','',#6255);
#6255 = PRODUCT_DEFINITION('design','',#6256,#6259);
#6256 = PRODUCT_DEFINITION_FORMATION('','',#6257);
#6257 = PRODUCT('JST_PH_B2B-PH-K_1x02_P2.00mm_Vertical',
  'JST_PH_B2B-PH-K_1x02_P2.00mm_Vertical','',(#6258));
#6258 = PRODUCT_CONTEXT('',#2,'mechanical');
#6259 = PRODUCT_DEFINITION_CONTEXT('part definition',#2,'design');
#6260 = SHAPE_REPRESENTATION('',(#11,#6261),#6265);
#6261 = AXIS2_PLACEMENT_3D('',#6262,#6263,#6264);
#6262 = CARTESIAN_POINT('',(0.,0.,0.));
#6263 = DIRECTION('',(0.,0.,1.));
#6264 = DIRECTION('',(1.,0.,-0.));
#6265 = ( GEOMETRIC_REPRESENTATION_CONTEXT(3) 
GLOBAL_UNCERTAINTY_ASSIGNED_CONTEXT((#6269)) 
GLOBAL_UNIT_ASSIGNED_CONTEXT((#6266,#6267,#6268)) REPRESENTATION_CONTEXT
('Context #1','3D Context with UNIT and UNCERTAINTY') );
#6266 = ( LENGTH_UNIT() NAMED_UNIT(*) SI_UNIT(.MILLI.,.METRE.) );
#6267 = ( NAMED_UNIT(*) PLANE_ANGLE_UNIT() SI_UNIT($,.RADIAN.) );
#6268 = ( NAMED_UNIT(*) SI_UNIT($,.STERADIAN.) SOLID_ANGLE_UNIT() );
#6269 = UNCERTAINTY_MEASURE_WITH_UNIT(LENGTH_MEASURE(1.E-07),#6266,
  'distance_accuracy_value','confusion accuracy');
#6270 = CONTEXT_DEPENDENT_SHAPE_REPRESENTATION(#6271,#6273);
#6271 = ( REPRESENTATION_RELATIONSHIP('','',#6260,#10) 
REPRESENTATION_RELATIONSHIP_WITH_TRANSFORMATION(#6272) 
SHAPE_REPRESENTATION_RELATIONSHIP() );
#6272 = ITEM_DEFINED_TRANSFORMATION('','',#11,#43);
#6273 = PRODUCT_DEFINITION_SHAPE('Placement','Placement of an item',
  #6274);
#6274 = NEXT_ASSEMBLY_USAGE_OCCURRENCE('12','J9','',#5,#6255,$);
#6275 = PRODUCT_RELATED_PRODUCT_CATEGORY('part',$,(#6257));
#6276 = SHAPE_DEFINITION_REPRESENTATION(#6277,#6283);
#6277 = PRODUCT_DEFINITION_SHAPE('','',#6278);
#6278 = PRODUCT_DEFINITION('design','',#6279,#6282);
#6279 = PRODUCT_DEFINITION_FORMATION('','',#6280);
#6280 = PRODUCT('JST_B2B_PH_K','JST_B2B_PH_K','',(#6281));
#6281 = PRODUCT_CONTEXT('',#2,'mechanical');
#6282 = PRODUCT_DEFINITION_CONTEXT('part definition',#2,'design');
#6283 = ADVANCED_BREP_SHAPE_REPRESENTATION('',(#11,#6284),#9176);
#6284 = MANIFOLD_SOLID_BREP('',#6285);
#6285 = CLOSED_SHELL('',(#6286,#6326,#6390,#6478,#6518,#6729,#6769,#6793
    ,#6818,#6842,#6891,#6913,#6946,#6970,#7001,#7018,#7051,#7068,#7111,
    #7128,#7174,#7191,#7254,#7278,#7325,#7349,#7373,#7390,#7407,#7431,
    #7455,#7472,#7503,#7527,#7551,#7568,#7603,#7643,#7667,#7708,#7757,
    #7803,#7820,#7832,#7863,#7919,#7943,#7992,#8004,#8107,#8131,#8155,
    #8172,#8203,#8259,#8283,#8332,#8349,#8396,#8422,#8439,#8465,#8498,
    #8510,#8541,#8565,#8589,#8606,#8637,#8661,#8685,#8702,#8719,#8766,
    #8792,#8809,#8835,#8868,#8885,#8902,#8914,#8945,#8969,#8993,#9010,
    #9041,#9065,#9089,#9106,#9123,#9140,#9152,#9164));
#6286 = ADVANCED_FACE('',(#6287),#6321,.F.);
#6287 = FACE_BOUND('',#6288,.F.);
#6288 = EDGE_LOOP('',(#6289,#6299,#6307,#6315));
#6289 = ORIENTED_EDGE('',*,*,#6290,.T.);
#6290 = EDGE_CURVE('',#6291,#6293,#6295,.T.);
#6291 = VERTEX_POINT('',#6292);
#6292 = CARTESIAN_POINT('',(3.95,-2.8,0.));
#6293 = VERTEX_POINT('',#6294);
#6294 = CARTESIAN_POINT('',(3.95,1.7,0.));
#6295 = LINE('',#6296,#6297);
#6296 = CARTESIAN_POINT('',(3.95,-2.8,0.));
#6297 = VECTOR('',#6298,1.);
#6298 = DIRECTION('',(1.224646799147E-16,1.,0.));
#6299 = ORIENTED_EDGE('',*,*,#6300,.T.);
#6300 = EDGE_CURVE('',#6293,#6301,#6303,.T.);
#6301 = VERTEX_POINT('',#6302);
#6302 = CARTESIAN_POINT('',(2.75,1.7,0.));
#6303 = LINE('',#6304,#6305);
#6304 = CARTESIAN_POINT('',(3.95,1.7,0.));
#6305 = VECTOR('',#6306,1.);
#6306 = DIRECTION('',(-1.,1.224646799147E-16,0.));
#6307 = ORIENTED_EDGE('',*,*,#6308,.F.);
#6308 = EDGE_CURVE('',#6309,#6301,#6311,.T.);
#6309 = VERTEX_POINT('',#6310);
#6310 = CARTESIAN_POINT('',(2.75,-2.8,0.));
#6311 = LINE('',#6312,#6313);
#6312 = CARTESIAN_POINT('',(2.75,-2.8,0.));
#6313 = VECTOR('',#6314,1.);
#6314 = DIRECTION('',(1.224646799147E-16,1.,0.));
#6315 = ORIENTED_EDGE('',*,*,#6316,.T.);
#6316 = EDGE_CURVE('',#6309,#6291,#6317,.T.);
#6317 = LINE('',#6318,#6319);
#6318 = CARTESIAN_POINT('',(-1.95,-2.8,0.));
#6319 = VECTOR('',#6320,1.);
#6320 = DIRECTION('',(1.,-1.224646799147E-16,0.));
#6321 = PLANE('',#6322);
#6322 = AXIS2_PLACEMENT_3D('',#6323,#6324,#6325);
#6323 = CARTESIAN_POINT('',(1.,-0.55,0.));
#6324 = DIRECTION('',(0.,0.,1.));
#6325 = DIRECTION('',(-1.,1.224646799147E-16,0.));
#6326 = ADVANCED_FACE('',(#6327),#6385,.F.);
#6327 = FACE_BOUND('',#6328,.F.);
#6328 = EDGE_LOOP('',(#6329,#6330,#6338,#6346,#6354,#6363,#6371,#6379));
#6329 = ORIENTED_EDGE('',*,*,#6290,.F.);
#6330 = ORIENTED_EDGE('',*,*,#6331,.T.);
#6331 = EDGE_CURVE('',#6291,#6332,#6334,.T.);
#6332 = VERTEX_POINT('',#6333);
#6333 = CARTESIAN_POINT('',(3.95,-2.8,6.));
#6334 = LINE('',#6335,#6336);
#6335 = CARTESIAN_POINT('',(3.95,-2.8,0.));
#6336 = VECTOR('',#6337,1.);
#6337 = DIRECTION('',(0.,0.,1.));
#6338 = ORIENTED_EDGE('',*,*,#6339,.T.);
#6339 = EDGE_CURVE('',#6332,#6340,#6342,.T.);
#6340 = VERTEX_POINT('',#6341);
#6341 = CARTESIAN_POINT('',(3.95,-0.6,6.));
#6342 = LINE('',#6343,#6344);
#6343 = CARTESIAN_POINT('',(3.95,-2.8,6.));
#6344 = VECTOR('',#6345,1.);
#6345 = DIRECTION('',(1.224646799147E-16,1.,0.));
#6346 = ORIENTED_EDGE('',*,*,#6347,.F.);
#6347 = EDGE_CURVE('',#6348,#6340,#6350,.T.);
#6348 = VERTEX_POINT('',#6349);
#6349 = CARTESIAN_POINT('',(3.95,-0.6,4.4));
#6350 = LINE('',#6351,#6352);
#6351 = CARTESIAN_POINT('',(3.95,-0.6,4.4));
#6352 = VECTOR('',#6353,1.);
#6353 = DIRECTION('',(0.,0.,1.));
#6354 = ORIENTED_EDGE('',*,*,#6355,.F.);
#6355 = EDGE_CURVE('',#6356,#6348,#6358,.T.);
#6356 = VERTEX_POINT('',#6357);
#6357 = CARTESIAN_POINT('',(3.95,0.2,4.4));
#6358 = CIRCLE('',#6359,0.4);
#6359 = AXIS2_PLACEMENT_3D('',#6360,#6361,#6362);
#6360 = CARTESIAN_POINT('',(3.95,-0.2,4.4));
#6361 = DIRECTION('',(-1.,1.224646799147E-16,0.));
#6362 = DIRECTION('',(1.224646799147E-16,1.,0.));
#6363 = ORIENTED_EDGE('',*,*,#6364,.F.);
#6364 = EDGE_CURVE('',#6365,#6356,#6367,.T.);
#6365 = VERTEX_POINT('',#6366);
#6366 = CARTESIAN_POINT('',(3.95,0.2,6.));
#6367 = LINE('',#6368,#6369);
#6368 = CARTESIAN_POINT('',(3.95,0.2,6.));
#6369 = VECTOR('',#6370,1.);
#6370 = DIRECTION('',(-0.,0.,-1.));
#6371 = ORIENTED_EDGE('',*,*,#6372,.T.);
#6372 = EDGE_CURVE('',#6365,#6373,#6375,.T.);
#6373 = VERTEX_POINT('',#6374);
#6374 = CARTESIAN_POINT('',(3.95,1.7,6.));
#6375 = LINE('',#6376,#6377);
#6376 = CARTESIAN_POINT('',(3.95,-2.8,6.));
#6377 = VECTOR('',#6378,1.);
#6378 = DIRECTION('',(1.224646799147E-16,1.,0.));
#6379 = ORIENTED_EDGE('',*,*,#6380,.F.);
#6380 = EDGE_CURVE('',#6293,#6373,#6381,.T.);
#6381 = LINE('',#6382,#6383);
#6382 = CARTESIAN_POINT('',(3.95,1.7,0.));
#6383 = VECTOR('',#6384,1.);
#6384 = DIRECTION('',(0.,0.,1.));
#6385 = PLANE('',#6386);
#6386 = AXIS2_PLACEMENT_3D('',#6387,#6388,#6389);
#6387 = CARTESIAN_POINT('',(3.95,-2.8,0.));
#6388 = DIRECTION('',(-1.,1.224646799147E-16,0.));
#6389 = DIRECTION('',(1.224646799147E-16,1.,0.));
#6390 = ADVANCED_FACE('',(#6391),#6473,.F.);
#6391 = FACE_BOUND('',#6392,.F.);
#6392 = EDGE_LOOP('',(#6393,#6403,#6411,#6417,#6418,#6419,#6427,#6435,
    #6443,#6451,#6459,#6467));
#6393 = ORIENTED_EDGE('',*,*,#6394,.F.);
#6394 = EDGE_CURVE('',#6395,#6397,#6399,.T.);
#6395 = VERTEX_POINT('',#6396);
#6396 = CARTESIAN_POINT('',(-1.95,-2.8,0.));
#6397 = VERTEX_POINT('',#6398);
#6398 = CARTESIAN_POINT('',(-0.75,-2.8,0.));
#6399 = LINE('',#6400,#6401);
#6400 = CARTESIAN_POINT('',(-1.95,-2.8,0.));
#6401 = VECTOR('',#6402,1.);
#6402 = DIRECTION('',(1.,-1.224646799147E-16,0.));
#6403 = ORIENTED_EDGE('',*,*,#6404,.T.);
#6404 = EDGE_CURVE('',#6395,#6405,#6407,.T.);
#6405 = VERTEX_POINT('',#6406);
#6406 = CARTESIAN_POINT('',(-1.95,-2.8,6.));
#6407 = LINE('',#6408,#6409);
#6408 = CARTESIAN_POINT('',(-1.95,-2.8,0.));
#6409 = VECTOR('',#6410,1.);
#6410 = DIRECTION('',(0.,0.,1.));
#6411 = ORIENTED_EDGE('',*,*,#6412,.T.);
#6412 = EDGE_CURVE('',#6405,#6332,#6413,.T.);
#6413 = LINE('',#6414,#6415);
#6414 = CARTESIAN_POINT('',(-1.95,-2.8,6.));
#6415 = VECTOR('',#6416,1.);
#6416 = DIRECTION('',(1.,-1.224646799147E-16,0.));
#6417 = ORIENTED_EDGE('',*,*,#6331,.F.);
#6418 = ORIENTED_EDGE('',*,*,#6316,.F.);
#6419 = ORIENTED_EDGE('',*,*,#6420,.F.);
#6420 = EDGE_CURVE('',#6421,#6309,#6423,.T.);
#6421 = VERTEX_POINT('',#6422);
#6422 = CARTESIAN_POINT('',(2.75,-2.8,0.2));
#6423 = LINE('',#6424,#6425);
#6424 = CARTESIAN_POINT('',(2.75,-2.8,0.2));
#6425 = VECTOR('',#6426,1.);
#6426 = DIRECTION('',(-0.,0.,-1.));
#6427 = ORIENTED_EDGE('',*,*,#6428,.T.);
#6428 = EDGE_CURVE('',#6421,#6429,#6431,.T.);
#6429 = VERTEX_POINT('',#6430);
#6430 = CARTESIAN_POINT('',(1.25,-2.8,0.2));
#6431 = LINE('',#6432,#6433);
#6432 = CARTESIAN_POINT('',(2.75,-2.8,0.2));
#6433 = VECTOR('',#6434,1.);
#6434 = DIRECTION('',(-1.,1.224646799147E-16,0.));
#6435 = ORIENTED_EDGE('',*,*,#6436,.T.);
#6436 = EDGE_CURVE('',#6429,#6437,#6439,.T.);
#6437 = VERTEX_POINT('',#6438);
#6438 = CARTESIAN_POINT('',(1.25,-2.8,0.));
#6439 = LINE('',#6440,#6441);
#6440 = CARTESIAN_POINT('',(1.25,-2.8,0.2));
#6441 = VECTOR('',#6442,1.);
#6442 = DIRECTION('',(-0.,0.,-1.));
#6443 = ORIENTED_EDGE('',*,*,#6444,.F.);
#6444 = EDGE_CURVE('',#6445,#6437,#6447,.T.);
#6445 = VERTEX_POINT('',#6446);
#6446 = CARTESIAN_POINT('',(0.75,-2.8,0.));
#6447 = LINE('',#6448,#6449);
#6448 = CARTESIAN_POINT('',(-1.95,-2.8,0.));
#6449 = VECTOR('',#6450,1.);
#6450 = DIRECTION('',(1.,-1.224646799147E-16,0.));
#6451 = ORIENTED_EDGE('',*,*,#6452,.F.);
#6452 = EDGE_CURVE('',#6453,#6445,#6455,.T.);
#6453 = VERTEX_POINT('',#6454);
#6454 = CARTESIAN_POINT('',(0.75,-2.8,0.2));
#6455 = LINE('',#6456,#6457);
#6456 = CARTESIAN_POINT('',(0.75,-2.8,0.2));
#6457 = VECTOR('',#6458,1.);
#6458 = DIRECTION('',(-0.,0.,-1.));
#6459 = ORIENTED_EDGE('',*,*,#6460,.T.);
#6460 = EDGE_CURVE('',#6453,#6461,#6463,.T.);
#6461 = VERTEX_POINT('',#6462);
#6462 = CARTESIAN_POINT('',(-0.75,-2.8,0.2));
#6463 = LINE('',#6464,#6465);
#6464 = CARTESIAN_POINT('',(0.75,-2.8,0.2));
#6465 = VECTOR('',#6466,1.);
#6466 = DIRECTION('',(-1.,1.224646799147E-16,0.));
#6467 = ORIENTED_EDGE('',*,*,#6468,.T.);
#6468 = EDGE_CURVE('',#6461,#6397,#6469,.T.);
#6469 = LINE('',#6470,#6471);
#6470 = CARTESIAN_POINT('',(-0.75,-2.8,0.2));
#6471 = VECTOR('',#6472,1.);
#6472 = DIRECTION('',(-0.,0.,-1.));
#6473 = PLANE('',#6474);
#6474 = AXIS2_PLACEMENT_3D('',#6475,#6476,#6477);
#6475 = CARTESIAN_POINT('',(-1.95,-2.8,0.));
#6476 = DIRECTION('',(1.224646799147E-16,1.,0.));
#6477 = DIRECTION('',(1.,-1.224646799147E-16,0.));
#6478 = ADVANCED_FACE('',(#6479),#6513,.F.);
#6479 = FACE_BOUND('',#6480,.F.);
#6480 = EDGE_LOOP('',(#6481,#6489,#6497,#6505,#6511,#6512));
#6481 = ORIENTED_EDGE('',*,*,#6482,.T.);
#6482 = EDGE_CURVE('',#6301,#6483,#6485,.T.);
#6483 = VERTEX_POINT('',#6484);
#6484 = CARTESIAN_POINT('',(2.75,1.7,0.2));
#6485 = LINE('',#6486,#6487);
#6486 = CARTESIAN_POINT('',(2.75,1.7,0.));
#6487 = VECTOR('',#6488,1.);
#6488 = DIRECTION('',(0.,0.,1.));
#6489 = ORIENTED_EDGE('',*,*,#6490,.T.);
#6490 = EDGE_CURVE('',#6483,#6491,#6493,.T.);
#6491 = VERTEX_POINT('',#6492);
#6492 = CARTESIAN_POINT('',(2.75,0.5,0.1));
#6493 = LINE('',#6494,#6495);
#6494 = CARTESIAN_POINT('',(2.75,1.7,0.2));
#6495 = VECTOR('',#6496,1.);
#6496 = DIRECTION('',(-1.220416573038E-16,-0.996545758245,
    -8.304547985373E-02));
#6497 = ORIENTED_EDGE('',*,*,#6498,.T.);
#6498 = EDGE_CURVE('',#6491,#6499,#6501,.T.);
#6499 = VERTEX_POINT('',#6500);
#6500 = CARTESIAN_POINT('',(2.75,-0.5,0.1));
#6501 = LINE('',#6502,#6503);
#6502 = CARTESIAN_POINT('',(2.75,0.5,0.1));
#6503 = VECTOR('',#6504,1.);
#6504 = DIRECTION('',(-1.224646799147E-16,-1.,0.));
#6505 = ORIENTED_EDGE('',*,*,#6506,.T.);
#6506 = EDGE_CURVE('',#6499,#6421,#6507,.T.);
#6507 = LINE('',#6508,#6509);
#6508 = CARTESIAN_POINT('',(2.75,-0.5,0.1));
#6509 = VECTOR('',#6510,1.);
#6510 = DIRECTION('',(-1.223490926498E-16,-0.999056158355,
    4.343722427631E-02));
#6511 = ORIENTED_EDGE('',*,*,#6420,.T.);
#6512 = ORIENTED_EDGE('',*,*,#6308,.T.);
#6513 = PLANE('',#6514);
#6514 = AXIS2_PLACEMENT_3D('',#6515,#6516,#6517);
#6515 = CARTESIAN_POINT('',(2.75,-0.549524476701,7.07980355453E-02));
#6516 = DIRECTION('',(1.,-1.224646799147E-16,-0.));
#6517 = DIRECTION('',(-0.,0.,-1.));
#6518 = ADVANCED_FACE('',(#6519,#6690),#6724,.F.);
#6519 = FACE_BOUND('',#6520,.F.);
#6520 = EDGE_LOOP('',(#6521,#6522,#6523,#6531,#6539,#6547,#6555,#6563,
    #6571,#6579,#6587,#6595,#6603,#6611,#6619,#6627,#6635,#6643,#6651,
    #6659,#6667,#6675,#6683,#6689));
#6521 = ORIENTED_EDGE('',*,*,#6300,.F.);
#6522 = ORIENTED_EDGE('',*,*,#6380,.T.);
#6523 = ORIENTED_EDGE('',*,*,#6524,.T.);
#6524 = EDGE_CURVE('',#6373,#6525,#6527,.T.);
#6525 = VERTEX_POINT('',#6526);
#6526 = CARTESIAN_POINT('',(1.45,1.7,6.));
#6527 = LINE('',#6528,#6529);
#6528 = CARTESIAN_POINT('',(3.95,1.7,6.));
#6529 = VECTOR('',#6530,1.);
#6530 = DIRECTION('',(-1.,1.224646799147E-16,0.));
#6531 = ORIENTED_EDGE('',*,*,#6532,.T.);
#6532 = EDGE_CURVE('',#6525,#6533,#6535,.T.);
#6533 = VERTEX_POINT('',#6534);
#6534 = CARTESIAN_POINT('',(1.45,1.7,2.1));
#6535 = LINE('',#6536,#6537);
#6536 = CARTESIAN_POINT('',(1.45,1.7,6.));
#6537 = VECTOR('',#6538,1.);
#6538 = DIRECTION('',(-0.,0.,-1.));
#6539 = ORIENTED_EDGE('',*,*,#6540,.T.);
#6540 = EDGE_CURVE('',#6533,#6541,#6543,.T.);
#6541 = VERTEX_POINT('',#6542);
#6542 = CARTESIAN_POINT('',(0.55,1.7,2.1));
#6543 = LINE('',#6544,#6545);
#6544 = CARTESIAN_POINT('',(1.45,1.7,2.1));
#6545 = VECTOR('',#6546,1.);
#6546 = DIRECTION('',(-1.,1.224646799147E-16,0.));
#6547 = ORIENTED_EDGE('',*,*,#6548,.T.);
#6548 = EDGE_CURVE('',#6541,#6549,#6551,.T.);
#6549 = VERTEX_POINT('',#6550);
#6550 = CARTESIAN_POINT('',(0.55,1.7,6.));
#6551 = LINE('',#6552,#6553);
#6552 = CARTESIAN_POINT('',(0.55,1.7,2.1));
#6553 = VECTOR('',#6554,1.);
#6554 = DIRECTION('',(0.,0.,1.));
#6555 = ORIENTED_EDGE('',*,*,#6556,.T.);
#6556 = EDGE_CURVE('',#6549,#6557,#6559,.T.);
#6557 = VERTEX_POINT('',#6558);
#6558 = CARTESIAN_POINT('',(-0.45,1.7,6.));
#6559 = LINE('',#6560,#6561);
#6560 = CARTESIAN_POINT('',(3.95,1.7,6.));
#6561 = VECTOR('',#6562,1.);
#6562 = DIRECTION('',(-1.,1.224646799147E-16,0.));
#6563 = ORIENTED_EDGE('',*,*,#6564,.F.);
#6564 = EDGE_CURVE('',#6565,#6557,#6567,.T.);
#6565 = VERTEX_POINT('',#6566);
#6566 = CARTESIAN_POINT('',(-0.45,1.7,4.2));
#6567 = LINE('',#6568,#6569);
#6568 = CARTESIAN_POINT('',(-0.45,1.7,4.2));
#6569 = VECTOR('',#6570,1.);
#6570 = DIRECTION('',(0.,0.,1.));
#6571 = ORIENTED_EDGE('',*,*,#6572,.F.);
#6572 = EDGE_CURVE('',#6573,#6565,#6575,.T.);
#6573 = VERTEX_POINT('',#6574);
#6574 = CARTESIAN_POINT('',(-0.4,1.7,4.2));
#6575 = LINE('',#6576,#6577);
#6576 = CARTESIAN_POINT('',(-0.4,1.7,4.2));
#6577 = VECTOR('',#6578,1.);
#6578 = DIRECTION('',(-1.,1.224646799147E-16,0.));
#6579 = ORIENTED_EDGE('',*,*,#6580,.F.);
#6580 = EDGE_CURVE('',#6581,#6573,#6583,.T.);
#6581 = VERTEX_POINT('',#6582);
#6582 = CARTESIAN_POINT('',(-0.4,1.7,2.4));
#6583 = LINE('',#6584,#6585);
#6584 = CARTESIAN_POINT('',(-0.4,1.7,2.4));
#6585 = VECTOR('',#6586,1.);
#6586 = DIRECTION('',(0.,0.,1.));
#6587 = ORIENTED_EDGE('',*,*,#6588,.F.);
#6588 = EDGE_CURVE('',#6589,#6581,#6591,.T.);
#6589 = VERTEX_POINT('',#6590);
#6590 = CARTESIAN_POINT('',(-1.4,1.7,2.4));
#6591 = LINE('',#6592,#6593);
#6592 = CARTESIAN_POINT('',(-1.4,1.7,2.4));
#6593 = VECTOR('',#6594,1.);
#6594 = DIRECTION('',(1.,-1.224646799147E-16,0.));
#6595 = ORIENTED_EDGE('',*,*,#6596,.F.);
#6596 = EDGE_CURVE('',#6597,#6589,#6599,.T.);
#6597 = VERTEX_POINT('',#6598);
#6598 = CARTESIAN_POINT('',(-1.4,1.7,4.2));
#6599 = LINE('',#6600,#6601);
#6600 = CARTESIAN_POINT('',(-1.4,1.7,4.2));
#6601 = VECTOR('',#6602,1.);
#6602 = DIRECTION('',(-0.,0.,-1.));
#6603 = ORIENTED_EDGE('',*,*,#6604,.F.);
#6604 = EDGE_CURVE('',#6605,#6597,#6607,.T.);
#6605 = VERTEX_POINT('',#6606);
#6606 = CARTESIAN_POINT('',(-0.95,1.7,4.2));
#6607 = LINE('',#6608,#6609);
#6608 = CARTESIAN_POINT('',(-0.4,1.7,4.2));
#6609 = VECTOR('',#6610,1.);
#6610 = DIRECTION('',(-1.,1.224646799147E-16,0.));
#6611 = ORIENTED_EDGE('',*,*,#6612,.T.);
#6612 = EDGE_CURVE('',#6605,#6613,#6615,.T.);
#6613 = VERTEX_POINT('',#6614);
#6614 = CARTESIAN_POINT('',(-0.95,1.7,6.));
#6615 = LINE('',#6616,#6617);
#6616 = CARTESIAN_POINT('',(-0.95,1.7,4.2));
#6617 = VECTOR('',#6618,1.);
#6618 = DIRECTION('',(0.,0.,1.));
#6619 = ORIENTED_EDGE('',*,*,#6620,.T.);
#6620 = EDGE_CURVE('',#6613,#6621,#6623,.T.);
#6621 = VERTEX_POINT('',#6622);
#6622 = CARTESIAN_POINT('',(-1.95,1.7,6.));
#6623 = LINE('',#6624,#6625);
#6624 = CARTESIAN_POINT('',(3.95,1.7,6.));
#6625 = VECTOR('',#6626,1.);
#6626 = DIRECTION('',(-1.,1.224646799147E-16,0.));
#6627 = ORIENTED_EDGE('',*,*,#6628,.F.);
#6628 = EDGE_CURVE('',#6629,#6621,#6631,.T.);
#6629 = VERTEX_POINT('',#6630);
#6630 = CARTESIAN_POINT('',(-1.95,1.7,0.));
#6631 = LINE('',#6632,#6633);
#6632 = CARTESIAN_POINT('',(-1.95,1.7,0.));
#6633 = VECTOR('',#6634,1.);
#6634 = DIRECTION('',(0.,0.,1.));
#6635 = ORIENTED_EDGE('',*,*,#6636,.F.);
#6636 = EDGE_CURVE('',#6637,#6629,#6639,.T.);
#6637 = VERTEX_POINT('',#6638);
#6638 = CARTESIAN_POINT('',(-0.75,1.7,0.));
#6639 = LINE('',#6640,#6641);
#6640 = CARTESIAN_POINT('',(3.95,1.7,0.));
#6641 = VECTOR('',#6642,1.);
#6642 = DIRECTION('',(-1.,1.224646799147E-16,0.));
#6643 = ORIENTED_EDGE('',*,*,#6644,.T.);
#6644 = EDGE_CURVE('',#6637,#6645,#6647,.T.);
#6645 = VERTEX_POINT('',#6646);
#6646 = CARTESIAN_POINT('',(-0.75,1.7,0.2));
#6647 = LINE('',#6648,#6649);
#6648 = CARTESIAN_POINT('',(-0.75,1.7,0.));
#6649 = VECTOR('',#6650,1.);
#6650 = DIRECTION('',(0.,0.,1.));
#6651 = ORIENTED_EDGE('',*,*,#6652,.F.);
#6652 = EDGE_CURVE('',#6653,#6645,#6655,.T.);
#6653 = VERTEX_POINT('',#6654);
#6654 = CARTESIAN_POINT('',(0.75,1.7,0.2));
#6655 = LINE('',#6656,#6657);
#6656 = CARTESIAN_POINT('',(0.75,1.7,0.2));
#6657 = VECTOR('',#6658,1.);
#6658 = DIRECTION('',(-1.,1.224646799147E-16,0.));
#6659 = ORIENTED_EDGE('',*,*,#6660,.F.);
#6660 = EDGE_CURVE('',#6661,#6653,#6663,.T.);
#6661 = VERTEX_POINT('',#6662);
#6662 = CARTESIAN_POINT('',(0.75,1.7,0.));
#6663 = LINE('',#6664,#6665);
#6664 = CARTESIAN_POINT('',(0.75,1.7,0.));
#6665 = VECTOR('',#6666,1.);
#6666 = DIRECTION('',(0.,0.,1.));
#6667 = ORIENTED_EDGE('',*,*,#6668,.F.);
#6668 = EDGE_CURVE('',#6669,#6661,#6671,.T.);
#6669 = VERTEX_POINT('',#6670);
#6670 = CARTESIAN_POINT('',(1.25,1.7,0.));
#6671 = LINE('',#6672,#6673);
#6672 = CARTESIAN_POINT('',(3.95,1.7,0.));
#6673 = VECTOR('',#6674,1.);
#6674 = DIRECTION('',(-1.,1.224646799147E-16,0.));
#6675 = ORIENTED_EDGE('',*,*,#6676,.T.);
#6676 = EDGE_CURVE('',#6669,#6677,#6679,.T.);
#6677 = VERTEX_POINT('',#6678);
#6678 = CARTESIAN_POINT('',(1.25,1.7,0.2));
#6679 = LINE('',#6680,#6681);
#6680 = CARTESIAN_POINT('',(1.25,1.7,0.));
#6681 = VECTOR('',#6682,1.);
#6682 = DIRECTION('',(0.,0.,1.));
#6683 = ORIENTED_EDGE('',*,*,#6684,.F.);
#6684 = EDGE_CURVE('',#6483,#6677,#6685,.T.);
#6685 = LINE('',#6686,#6687);
#6686 = CARTESIAN_POINT('',(2.75,1.7,0.2));
#6687 = VECTOR('',#6688,1.);
#6688 = DIRECTION('',(-1.,1.224646799147E-16,0.));
#6689 = ORIENTED_EDGE('',*,*,#6482,.F.);
#6690 = FACE_BOUND('',#6691,.F.);
#6691 = EDGE_LOOP('',(#6692,#6702,#6710,#6718));
#6692 = ORIENTED_EDGE('',*,*,#6693,.T.);
#6693 = EDGE_CURVE('',#6694,#6696,#6698,.T.);
#6694 = VERTEX_POINT('',#6695);
#6695 = CARTESIAN_POINT('',(2.4,1.7,4.2));
#6696 = VERTEX_POINT('',#6697);
#6697 = CARTESIAN_POINT('',(3.4,1.7,4.2));
#6698 = LINE('',#6699,#6700);
#6699 = CARTESIAN_POINT('',(2.4,1.7,4.2));
#6700 = VECTOR('',#6701,1.);
#6701 = DIRECTION('',(1.,-1.224646799147E-16,0.));
#6702 = ORIENTED_EDGE('',*,*,#6703,.T.);
#6703 = EDGE_CURVE('',#6696,#6704,#6706,.T.);
#6704 = VERTEX_POINT('',#6705);
#6705 = CARTESIAN_POINT('',(3.4,1.7,2.4));
#6706 = LINE('',#6707,#6708);
#6707 = CARTESIAN_POINT('',(3.4,1.7,4.2));
#6708 = VECTOR('',#6709,1.);
#6709 = DIRECTION('',(-0.,0.,-1.));
#6710 = ORIENTED_EDGE('',*,*,#6711,.T.);
#6711 = EDGE_CURVE('',#6704,#6712,#6714,.T.);
#6712 = VERTEX_POINT('',#6713);
#6713 = CARTESIAN_POINT('',(2.4,1.7,2.4));
#6714 = LINE('',#6715,#6716);
#6715 = CARTESIAN_POINT('',(3.4,1.7,2.4));
#6716 = VECTOR('',#6717,1.);
#6717 = DIRECTION('',(-1.,1.224646799147E-16,0.));
#6718 = ORIENTED_EDGE('',*,*,#6719,.T.);
#6719 = EDGE_CURVE('',#6712,#6694,#6720,.T.);
#6720 = LINE('',#6721,#6722);
#6721 = CARTESIAN_POINT('',(2.4,1.7,2.4));
#6722 = VECTOR('',#6723,1.);
#6723 = DIRECTION('',(0.,0.,1.));
#6724 = PLANE('',#6725);
#6725 = AXIS2_PLACEMENT_3D('',#6726,#6727,#6728);
#6726 = CARTESIAN_POINT('',(3.95,1.7,0.));
#6727 = DIRECTION('',(-1.224646799147E-16,-1.,0.));
#6728 = DIRECTION('',(-1.,1.224646799147E-16,0.));
#6729 = ADVANCED_FACE('',(#6730),#6764,.T.);
#6730 = FACE_BOUND('',#6731,.T.);
#6731 = EDGE_LOOP('',(#6732,#6740,#6741,#6742,#6750,#6758));
#6732 = ORIENTED_EDGE('',*,*,#6733,.F.);
#6733 = EDGE_CURVE('',#6365,#6734,#6736,.T.);
#6734 = VERTEX_POINT('',#6735);
#6735 = CARTESIAN_POINT('',(3.45,0.2,6.));
#6736 = LINE('',#6737,#6738);
#6737 = CARTESIAN_POINT('',(3.95,0.2,6.));
#6738 = VECTOR('',#6739,1.);
#6739 = DIRECTION('',(-1.,1.224646799147E-16,0.));
#6740 = ORIENTED_EDGE('',*,*,#6372,.T.);
#6741 = ORIENTED_EDGE('',*,*,#6524,.T.);
#6742 = ORIENTED_EDGE('',*,*,#6743,.T.);
#6743 = EDGE_CURVE('',#6525,#6744,#6746,.T.);
#6744 = VERTEX_POINT('',#6745);
#6745 = CARTESIAN_POINT('',(1.45,1.1,6.));
#6746 = LINE('',#6747,#6748);
#6747 = CARTESIAN_POINT('',(1.45,1.7,6.));
#6748 = VECTOR('',#6749,1.);
#6749 = DIRECTION('',(-1.224646799147E-16,-1.,0.));
#6750 = ORIENTED_EDGE('',*,*,#6751,.F.);
#6751 = EDGE_CURVE('',#6752,#6744,#6754,.T.);
#6752 = VERTEX_POINT('',#6753);
#6753 = CARTESIAN_POINT('',(3.45,1.1,6.));
#6754 = LINE('',#6755,#6756);
#6755 = CARTESIAN_POINT('',(3.45,1.1,6.));
#6756 = VECTOR('',#6757,1.);
#6757 = DIRECTION('',(-1.,1.224646799147E-16,0.));
#6758 = ORIENTED_EDGE('',*,*,#6759,.F.);
#6759 = EDGE_CURVE('',#6734,#6752,#6760,.T.);
#6760 = LINE('',#6761,#6762);
#6761 = CARTESIAN_POINT('',(3.45,-2.3,6.));
#6762 = VECTOR('',#6763,1.);
#6763 = DIRECTION('',(1.224646799147E-16,1.,0.));
#6764 = PLANE('',#6765);
#6765 = AXIS2_PLACEMENT_3D('',#6766,#6767,#6768);
#6766 = CARTESIAN_POINT('',(1.,-0.55,6.));
#6767 = DIRECTION('',(0.,0.,1.));
#6768 = DIRECTION('',(-1.,1.224646799147E-16,0.));
#6769 = ADVANCED_FACE('',(#6770),#6788,.T.);
#6770 = FACE_BOUND('',#6771,.T.);
#6771 = EDGE_LOOP('',(#6772,#6773,#6774,#6782));
#6772 = ORIENTED_EDGE('',*,*,#6364,.F.);
#6773 = ORIENTED_EDGE('',*,*,#6733,.T.);
#6774 = ORIENTED_EDGE('',*,*,#6775,.T.);
#6775 = EDGE_CURVE('',#6734,#6776,#6778,.T.);
#6776 = VERTEX_POINT('',#6777);
#6777 = CARTESIAN_POINT('',(3.45,0.2,4.4));
#6778 = LINE('',#6779,#6780);
#6779 = CARTESIAN_POINT('',(3.45,0.2,6.));
#6780 = VECTOR('',#6781,1.);
#6781 = DIRECTION('',(-0.,0.,-1.));
#6782 = ORIENTED_EDGE('',*,*,#6783,.F.);
#6783 = EDGE_CURVE('',#6356,#6776,#6784,.T.);
#6784 = LINE('',#6785,#6786);
#6785 = CARTESIAN_POINT('',(3.95,0.2,4.4));
#6786 = VECTOR('',#6787,1.);
#6787 = DIRECTION('',(-1.,1.224646799147E-16,0.));
#6788 = PLANE('',#6789);
#6789 = AXIS2_PLACEMENT_3D('',#6790,#6791,#6792);
#6790 = CARTESIAN_POINT('',(3.95,0.2,6.));
#6791 = DIRECTION('',(-1.224646799147E-16,-1.,0.));
#6792 = DIRECTION('',(-0.,0.,-1.));
#6793 = ADVANCED_FACE('',(#6794),#6813,.F.);
#6794 = FACE_BOUND('',#6795,.F.);
#6795 = EDGE_LOOP('',(#6796,#6804,#6811,#6812));
#6796 = ORIENTED_EDGE('',*,*,#6797,.T.);
#6797 = EDGE_CURVE('',#6348,#6798,#6800,.T.);
#6798 = VERTEX_POINT('',#6799);
#6799 = CARTESIAN_POINT('',(3.45,-0.6,4.4));
#6800 = LINE('',#6801,#6802);
#6801 = CARTESIAN_POINT('',(3.95,-0.6,4.4));
#6802 = VECTOR('',#6803,1.);
#6803 = DIRECTION('',(-1.,1.224646799147E-16,0.));
#6804 = ORIENTED_EDGE('',*,*,#6805,.T.);
#6805 = EDGE_CURVE('',#6798,#6776,#6806,.T.);
#6806 = CIRCLE('',#6807,0.4);
#6807 = AXIS2_PLACEMENT_3D('',#6808,#6809,#6810);
#6808 = CARTESIAN_POINT('',(3.45,-0.2,4.4));
#6809 = DIRECTION('',(1.,-1.224646799147E-16,0.));
#6810 = DIRECTION('',(1.224646799147E-16,1.,0.));
#6811 = ORIENTED_EDGE('',*,*,#6783,.F.);
#6812 = ORIENTED_EDGE('',*,*,#6355,.T.);
#6813 = CYLINDRICAL_SURFACE('',#6814,0.4);
#6814 = AXIS2_PLACEMENT_3D('',#6815,#6816,#6817);
#6815 = CARTESIAN_POINT('',(3.95,-0.2,4.4));
#6816 = DIRECTION('',(1.,-1.224646799147E-16,-0.));
#6817 = DIRECTION('',(1.224646799147E-16,1.,0.));
#6818 = ADVANCED_FACE('',(#6819),#6837,.T.);
#6819 = FACE_BOUND('',#6820,.T.);
#6820 = EDGE_LOOP('',(#6821,#6822,#6823,#6831));
#6821 = ORIENTED_EDGE('',*,*,#6347,.F.);
#6822 = ORIENTED_EDGE('',*,*,#6797,.T.);
#6823 = ORIENTED_EDGE('',*,*,#6824,.T.);
#6824 = EDGE_CURVE('',#6798,#6825,#6827,.T.);
#6825 = VERTEX_POINT('',#6826);
#6826 = CARTESIAN_POINT('',(3.45,-0.6,6.));
#6827 = LINE('',#6828,#6829);
#6828 = CARTESIAN_POINT('',(3.45,-0.6,5.2));
#6829 = VECTOR('',#6830,1.);
#6830 = DIRECTION('',(0.,0.,1.));
#6831 = ORIENTED_EDGE('',*,*,#6832,.F.);
#6832 = EDGE_CURVE('',#6340,#6825,#6833,.T.);
#6833 = LINE('',#6834,#6835);
#6834 = CARTESIAN_POINT('',(3.95,-0.6,6.));
#6835 = VECTOR('',#6836,1.);
#6836 = DIRECTION('',(-1.,1.224646799147E-16,0.));
#6837 = PLANE('',#6838);
#6838 = AXIS2_PLACEMENT_3D('',#6839,#6840,#6841);
#6839 = CARTESIAN_POINT('',(3.95,-0.6,4.4));
#6840 = DIRECTION('',(1.224646799147E-16,1.,0.));
#6841 = DIRECTION('',(0.,-0.,1.));
#6842 = ADVANCED_FACE('',(#6843),#6886,.T.);
#6843 = FACE_BOUND('',#6844,.T.);
#6844 = EDGE_LOOP('',(#6845,#6846,#6847,#6855,#6863,#6871,#6879,#6885));
#6845 = ORIENTED_EDGE('',*,*,#6339,.T.);
#6846 = ORIENTED_EDGE('',*,*,#6832,.T.);
#6847 = ORIENTED_EDGE('',*,*,#6848,.F.);
#6848 = EDGE_CURVE('',#6849,#6825,#6851,.T.);
#6849 = VERTEX_POINT('',#6850);
#6850 = CARTESIAN_POINT('',(3.45,-2.3,6.));
#6851 = LINE('',#6852,#6853);
#6852 = CARTESIAN_POINT('',(3.45,-2.3,6.));
#6853 = VECTOR('',#6854,1.);
#6854 = DIRECTION('',(1.224646799147E-16,1.,0.));
#6855 = ORIENTED_EDGE('',*,*,#6856,.F.);
#6856 = EDGE_CURVE('',#6857,#6849,#6859,.T.);
#6857 = VERTEX_POINT('',#6858);
#6858 = CARTESIAN_POINT('',(-1.45,-2.3,6.));
#6859 = LINE('',#6860,#6861);
#6860 = CARTESIAN_POINT('',(-1.45,-2.3,6.));
#6861 = VECTOR('',#6862,1.);
#6862 = DIRECTION('',(1.,-1.224646799147E-16,0.));
#6863 = ORIENTED_EDGE('',*,*,#6864,.F.);
#6864 = EDGE_CURVE('',#6865,#6857,#6867,.T.);
#6865 = VERTEX_POINT('',#6866);
#6866 = CARTESIAN_POINT('',(-1.45,-0.6,6.));
#6867 = LINE('',#6868,#6869);
#6868 = CARTESIAN_POINT('',(-1.45,1.1,6.));
#6869 = VECTOR('',#6870,1.);
#6870 = DIRECTION('',(-1.224646799147E-16,-1.,0.));
#6871 = ORIENTED_EDGE('',*,*,#6872,.T.);
#6872 = EDGE_CURVE('',#6865,#6873,#6875,.T.);
#6873 = VERTEX_POINT('',#6874);
#6874 = CARTESIAN_POINT('',(-1.95,-0.6,6.));
#6875 = LINE('',#6876,#6877);
#6876 = CARTESIAN_POINT('',(3.95,-0.6,6.));
#6877 = VECTOR('',#6878,1.);
#6878 = DIRECTION('',(-1.,1.224646799147E-16,0.));
#6879 = ORIENTED_EDGE('',*,*,#6880,.T.);
#6880 = EDGE_CURVE('',#6873,#6405,#6881,.T.);
#6881 = LINE('',#6882,#6883);
#6882 = CARTESIAN_POINT('',(-1.95,1.7,6.));
#6883 = VECTOR('',#6884,1.);
#6884 = DIRECTION('',(-1.224646799147E-16,-1.,0.));
#6885 = ORIENTED_EDGE('',*,*,#6412,.T.);
#6886 = PLANE('',#6887);
#6887 = AXIS2_PLACEMENT_3D('',#6888,#6889,#6890);
#6888 = CARTESIAN_POINT('',(1.,-0.55,6.));
#6889 = DIRECTION('',(0.,0.,1.));
#6890 = DIRECTION('',(-1.,1.224646799147E-16,0.));
#6891 = ADVANCED_FACE('',(#6892),#6908,.F.);
#6892 = FACE_BOUND('',#6893,.F.);
#6893 = EDGE_LOOP('',(#6894,#6895,#6901,#6902));
#6894 = ORIENTED_EDGE('',*,*,#6394,.T.);
#6895 = ORIENTED_EDGE('',*,*,#6896,.T.);
#6896 = EDGE_CURVE('',#6397,#6637,#6897,.T.);
#6897 = LINE('',#6898,#6899);
#6898 = CARTESIAN_POINT('',(-0.75,-2.8,0.));
#6899 = VECTOR('',#6900,1.);
#6900 = DIRECTION('',(1.224646799147E-16,1.,0.));
#6901 = ORIENTED_EDGE('',*,*,#6636,.T.);
#6902 = ORIENTED_EDGE('',*,*,#6903,.T.);
#6903 = EDGE_CURVE('',#6629,#6395,#6904,.T.);
#6904 = LINE('',#6905,#6906);
#6905 = CARTESIAN_POINT('',(-1.95,1.7,0.));
#6906 = VECTOR('',#6907,1.);
#6907 = DIRECTION('',(-1.224646799147E-16,-1.,0.));
#6908 = PLANE('',#6909);
#6909 = AXIS2_PLACEMENT_3D('',#6910,#6911,#6912);
#6910 = CARTESIAN_POINT('',(1.,-0.55,0.));
#6911 = DIRECTION('',(0.,0.,1.));
#6912 = DIRECTION('',(-1.,1.224646799147E-16,0.));
#6913 = ADVANCED_FACE('',(#6914),#6941,.T.);
#6914 = FACE_BOUND('',#6915,.T.);
#6915 = EDGE_LOOP('',(#6916,#6917,#6925,#6933,#6939,#6940));
#6916 = ORIENTED_EDGE('',*,*,#6644,.T.);
#6917 = ORIENTED_EDGE('',*,*,#6918,.T.);
#6918 = EDGE_CURVE('',#6645,#6919,#6921,.T.);
#6919 = VERTEX_POINT('',#6920);
#6920 = CARTESIAN_POINT('',(-0.75,0.5,0.1));
#6921 = LINE('',#6922,#6923);
#6922 = CARTESIAN_POINT('',(-0.75,1.7,0.2));
#6923 = VECTOR('',#6924,1.);
#6924 = DIRECTION('',(-1.220416573038E-16,-0.996545758245,
    -8.304547985373E-02));
#6925 = ORIENTED_EDGE('',*,*,#6926,.T.);
#6926 = EDGE_CURVE('',#6919,#6927,#6929,.T.);
#6927 = VERTEX_POINT('',#6928);
#6928 = CARTESIAN_POINT('',(-0.75,-0.5,0.1));
#6929 = LINE('',#6930,#6931);
#6930 = CARTESIAN_POINT('',(-0.75,0.5,0.1));
#6931 = VECTOR('',#6932,1.);
#6932 = DIRECTION('',(-1.224646799147E-16,-1.,0.));
#6933 = ORIENTED_EDGE('',*,*,#6934,.T.);
#6934 = EDGE_CURVE('',#6927,#6461,#6935,.T.);
#6935 = LINE('',#6936,#6937);
#6936 = CARTESIAN_POINT('',(-0.75,-0.5,0.1));
#6937 = VECTOR('',#6938,1.);
#6938 = DIRECTION('',(-1.223490926498E-16,-0.999056158355,
    4.343722427631E-02));
#6939 = ORIENTED_EDGE('',*,*,#6468,.T.);
#6940 = ORIENTED_EDGE('',*,*,#6896,.T.);
#6941 = PLANE('',#6942);
#6942 = AXIS2_PLACEMENT_3D('',#6943,#6944,#6945);
#6943 = CARTESIAN_POINT('',(-0.75,-0.549524476701,7.07980355453E-02));
#6944 = DIRECTION('',(1.,-1.224646799147E-16,-0.));
#6945 = DIRECTION('',(-0.,0.,-1.));
#6946 = ADVANCED_FACE('',(#6947),#6965,.F.);
#6947 = FACE_BOUND('',#6948,.F.);
#6948 = EDGE_LOOP('',(#6949,#6957,#6958,#6959));
#6949 = ORIENTED_EDGE('',*,*,#6950,.T.);
#6950 = EDGE_CURVE('',#6951,#6927,#6953,.T.);
#6951 = VERTEX_POINT('',#6952);
#6952 = CARTESIAN_POINT('',(0.75,-0.5,0.1));
#6953 = LINE('',#6954,#6955);
#6954 = CARTESIAN_POINT('',(0.75,-0.5,0.1));
#6955 = VECTOR('',#6956,1.);
#6956 = DIRECTION('',(-1.,1.224646799147E-16,0.));
#6957 = ORIENTED_EDGE('',*,*,#6934,.T.);
#6958 = ORIENTED_EDGE('',*,*,#6460,.F.);
#6959 = ORIENTED_EDGE('',*,*,#6960,.F.);
#6960 = EDGE_CURVE('',#6951,#6453,#6961,.T.);
#6961 = LINE('',#6962,#6963);
#6962 = CARTESIAN_POINT('',(0.75,-0.5,0.1));
#6963 = VECTOR('',#6964,1.);
#6964 = DIRECTION('',(-1.223490926498E-16,-0.999056158355,
    4.343722427631E-02));
#6965 = PLANE('',#6966);
#6966 = AXIS2_PLACEMENT_3D('',#6967,#6968,#6969);
#6967 = CARTESIAN_POINT('',(0.75,-0.5,0.1));
#6968 = DIRECTION('',(5.319525767383E-18,4.343722427631E-02,
    0.999056158355));
#6969 = DIRECTION('',(-1.223490926498E-16,-0.999056158355,
    4.343722427631E-02));
#6970 = ADVANCED_FACE('',(#6971),#6996,.F.);
#6971 = FACE_BOUND('',#6972,.F.);
#6972 = EDGE_LOOP('',(#6973,#6974,#6982,#6988,#6989,#6990));
#6973 = ORIENTED_EDGE('',*,*,#6660,.T.);
#6974 = ORIENTED_EDGE('',*,*,#6975,.T.);
#6975 = EDGE_CURVE('',#6653,#6976,#6978,.T.);
#6976 = VERTEX_POINT('',#6977);
#6977 = CARTESIAN_POINT('',(0.75,0.5,0.1));
#6978 = LINE('',#6979,#6980);
#6979 = CARTESIAN_POINT('',(0.75,1.7,0.2));
#6980 = VECTOR('',#6981,1.);
#6981 = DIRECTION('',(-1.220416573038E-16,-0.996545758245,
    -8.304547985373E-02));
#6982 = ORIENTED_EDGE('',*,*,#6983,.T.);
#6983 = EDGE_CURVE('',#6976,#6951,#6984,.T.);
#6984 = LINE('',#6985,#6986);
#6985 = CARTESIAN_POINT('',(0.75,0.5,0.1));
#6986 = VECTOR('',#6987,1.);
#6987 = DIRECTION('',(-1.224646799147E-16,-1.,0.));
#6988 = ORIENTED_EDGE('',*,*,#6960,.T.);
#6989 = ORIENTED_EDGE('',*,*,#6452,.T.);
#6990 = ORIENTED_EDGE('',*,*,#6991,.T.);
#6991 = EDGE_CURVE('',#6445,#6661,#6992,.T.);
#6992 = LINE('',#6993,#6994);
#6993 = CARTESIAN_POINT('',(0.75,-2.8,0.));
#6994 = VECTOR('',#6995,1.);
#6995 = DIRECTION('',(1.224646799147E-16,1.,0.));
#6996 = PLANE('',#6997);
#6997 = AXIS2_PLACEMENT_3D('',#6998,#6999,#7000);
#6998 = CARTESIAN_POINT('',(0.75,-0.549524476701,7.07980355453E-02));
#6999 = DIRECTION('',(1.,-1.224646799147E-16,-0.));
#7000 = DIRECTION('',(-0.,0.,-1.));
#7001 = ADVANCED_FACE('',(#7002),#7013,.F.);
#7002 = FACE_BOUND('',#7003,.F.);
#7003 = EDGE_LOOP('',(#7004,#7005,#7011,#7012));
#7004 = ORIENTED_EDGE('',*,*,#6444,.T.);
#7005 = ORIENTED_EDGE('',*,*,#7006,.T.);
#7006 = EDGE_CURVE('',#6437,#6669,#7007,.T.);
#7007 = LINE('',#7008,#7009);
#7008 = CARTESIAN_POINT('',(1.25,-2.8,0.));
#7009 = VECTOR('',#7010,1.);
#7010 = DIRECTION('',(1.224646799147E-16,1.,0.));
#7011 = ORIENTED_EDGE('',*,*,#6668,.T.);
#7012 = ORIENTED_EDGE('',*,*,#6991,.F.);
#7013 = PLANE('',#7014);
#7014 = AXIS2_PLACEMENT_3D('',#7015,#7016,#7017);
#7015 = CARTESIAN_POINT('',(1.,-0.55,0.));
#7016 = DIRECTION('',(0.,0.,1.));
#7017 = DIRECTION('',(-1.,1.224646799147E-16,0.));
#7018 = ADVANCED_FACE('',(#7019),#7046,.T.);
#7019 = FACE_BOUND('',#7020,.T.);
#7020 = EDGE_LOOP('',(#7021,#7022,#7030,#7038,#7044,#7045));
#7021 = ORIENTED_EDGE('',*,*,#6676,.T.);
#7022 = ORIENTED_EDGE('',*,*,#7023,.T.);
#7023 = EDGE_CURVE('',#6677,#7024,#7026,.T.);
#7024 = VERTEX_POINT('',#7025);
#7025 = CARTESIAN_POINT('',(1.25,0.5,0.1));
#7026 = LINE('',#7027,#7028);
#7027 = CARTESIAN_POINT('',(1.25,1.7,0.2));
#7028 = VECTOR('',#7029,1.);
#7029 = DIRECTION('',(-1.220416573038E-16,-0.996545758245,
    -8.304547985373E-02));
#7030 = ORIENTED_EDGE('',*,*,#7031,.T.);
#7031 = EDGE_CURVE('',#7024,#7032,#7034,.T.);
#7032 = VERTEX_POINT('',#7033);
#7033 = CARTESIAN_POINT('',(1.25,-0.5,0.1));
#7034 = LINE('',#7035,#7036);
#7035 = CARTESIAN_POINT('',(1.25,0.5,0.1));
#7036 = VECTOR('',#7037,1.);
#7037 = DIRECTION('',(-1.224646799147E-16,-1.,0.));
#7038 = ORIENTED_EDGE('',*,*,#7039,.T.);
#7039 = EDGE_CURVE('',#7032,#6429,#7040,.T.);
#7040 = LINE('',#7041,#7042);
#7041 = CARTESIAN_POINT('',(1.25,-0.5,0.1));
#7042 = VECTOR('',#7043,1.);
#7043 = DIRECTION('',(-1.223490926498E-16,-0.999056158355,
    4.343722427631E-02));
#7044 = ORIENTED_EDGE('',*,*,#6436,.T.);
#7045 = ORIENTED_EDGE('',*,*,#7006,.T.);
#7046 = PLANE('',#7047);
#7047 = AXIS2_PLACEMENT_3D('',#7048,#7049,#7050);
#7048 = CARTESIAN_POINT('',(1.25,-0.549524476701,7.07980355453E-02));
#7049 = DIRECTION('',(1.,-1.224646799147E-16,-0.));
#7050 = DIRECTION('',(-0.,0.,-1.));
#7051 = ADVANCED_FACE('',(#7052),#7063,.F.);
#7052 = FACE_BOUND('',#7053,.F.);
#7053 = EDGE_LOOP('',(#7054,#7060,#7061,#7062));
#7054 = ORIENTED_EDGE('',*,*,#7055,.T.);
#7055 = EDGE_CURVE('',#6499,#7032,#7056,.T.);
#7056 = LINE('',#7057,#7058);
#7057 = CARTESIAN_POINT('',(2.75,-0.5,0.1));
#7058 = VECTOR('',#7059,1.);
#7059 = DIRECTION('',(-1.,1.224646799147E-16,0.));
#7060 = ORIENTED_EDGE('',*,*,#7039,.T.);
#7061 = ORIENTED_EDGE('',*,*,#6428,.F.);
#7062 = ORIENTED_EDGE('',*,*,#6506,.F.);
#7063 = PLANE('',#7064);
#7064 = AXIS2_PLACEMENT_3D('',#7065,#7066,#7067);
#7065 = CARTESIAN_POINT('',(2.75,-0.5,0.1));
#7066 = DIRECTION('',(5.319525767383E-18,4.343722427631E-02,
    0.999056158355));
#7067 = DIRECTION('',(-1.223490926498E-16,-0.999056158355,
    4.343722427631E-02));
#7068 = ADVANCED_FACE('',(#7069),#7106,.F.);
#7069 = FACE_BOUND('',#7070,.F.);
#7070 = EDGE_LOOP('',(#7071,#7072,#7073,#7081,#7089,#7098,#7104,#7105));
#7071 = ORIENTED_EDGE('',*,*,#6903,.F.);
#7072 = ORIENTED_EDGE('',*,*,#6628,.T.);
#7073 = ORIENTED_EDGE('',*,*,#7074,.T.);
#7074 = EDGE_CURVE('',#6621,#7075,#7077,.T.);
#7075 = VERTEX_POINT('',#7076);
#7076 = CARTESIAN_POINT('',(-1.95,0.2,6.));
#7077 = LINE('',#7078,#7079);
#7078 = CARTESIAN_POINT('',(-1.95,1.7,6.));
#7079 = VECTOR('',#7080,1.);
#7080 = DIRECTION('',(-1.224646799147E-16,-1.,0.));
#7081 = ORIENTED_EDGE('',*,*,#7082,.T.);
#7082 = EDGE_CURVE('',#7075,#7083,#7085,.T.);
#7083 = VERTEX_POINT('',#7084);
#7084 = CARTESIAN_POINT('',(-1.95,0.2,4.4));
#7085 = LINE('',#7086,#7087);
#7086 = CARTESIAN_POINT('',(-1.95,0.2,3.));
#7087 = VECTOR('',#7088,1.);
#7088 = DIRECTION('',(-0.,0.,-1.));
#7089 = ORIENTED_EDGE('',*,*,#7090,.F.);
#7090 = EDGE_CURVE('',#7091,#7083,#7093,.T.);
#7091 = VERTEX_POINT('',#7092);
#7092 = CARTESIAN_POINT('',(-1.95,-0.6,4.4));
#7093 = CIRCLE('',#7094,0.4);
#7094 = AXIS2_PLACEMENT_3D('',#7095,#7096,#7097);
#7095 = CARTESIAN_POINT('',(-1.95,-0.2,4.4));
#7096 = DIRECTION('',(1.,-1.224646799147E-16,0.));
#7097 = DIRECTION('',(1.224646799147E-16,1.,0.));
#7098 = ORIENTED_EDGE('',*,*,#7099,.T.);
#7099 = EDGE_CURVE('',#7091,#6873,#7100,.T.);
#7100 = LINE('',#7101,#7102);
#7101 = CARTESIAN_POINT('',(-1.95,-0.6,2.2));
#7102 = VECTOR('',#7103,1.);
#7103 = DIRECTION('',(0.,0.,1.));
#7104 = ORIENTED_EDGE('',*,*,#6880,.T.);
#7105 = ORIENTED_EDGE('',*,*,#6404,.F.);
#7106 = PLANE('',#7107);
#7107 = AXIS2_PLACEMENT_3D('',#7108,#7109,#7110);
#7108 = CARTESIAN_POINT('',(-1.95,1.7,0.));
#7109 = DIRECTION('',(1.,-1.224646799147E-16,0.));
#7110 = DIRECTION('',(-1.224646799147E-16,-1.,0.));
#7111 = ADVANCED_FACE('',(#7112),#7123,.F.);
#7112 = FACE_BOUND('',#7113,.F.);
#7113 = EDGE_LOOP('',(#7114,#7115,#7116,#7122));
#7114 = ORIENTED_EDGE('',*,*,#6684,.T.);
#7115 = ORIENTED_EDGE('',*,*,#7023,.T.);
#7116 = ORIENTED_EDGE('',*,*,#7117,.F.);
#7117 = EDGE_CURVE('',#6491,#7024,#7118,.T.);
#7118 = LINE('',#7119,#7120);
#7119 = CARTESIAN_POINT('',(2.75,0.5,0.1));
#7120 = VECTOR('',#7121,1.);
#7121 = DIRECTION('',(-1.,1.224646799147E-16,0.));
#7122 = ORIENTED_EDGE('',*,*,#6490,.F.);
#7123 = PLANE('',#7124);
#7124 = AXIS2_PLACEMENT_3D('',#7125,#7126,#7127);
#7125 = CARTESIAN_POINT('',(2.75,1.7,0.2));
#7126 = DIRECTION('',(-1.017013810865E-17,-8.304547985373E-02,
    0.996545758245));
#7127 = DIRECTION('',(-1.220416573038E-16,-0.996545758245,
    -8.304547985373E-02));
#7128 = ADVANCED_FACE('',(#7129,#7135),#7169,.F.);
#7129 = FACE_BOUND('',#7130,.F.);
#7130 = EDGE_LOOP('',(#7131,#7132,#7133,#7134));
#7131 = ORIENTED_EDGE('',*,*,#7117,.T.);
#7132 = ORIENTED_EDGE('',*,*,#7031,.T.);
#7133 = ORIENTED_EDGE('',*,*,#7055,.F.);
#7134 = ORIENTED_EDGE('',*,*,#6498,.F.);
#7135 = FACE_BOUND('',#7136,.F.);
#7136 = EDGE_LOOP('',(#7137,#7147,#7155,#7163));
#7137 = ORIENTED_EDGE('',*,*,#7138,.T.);
#7138 = EDGE_CURVE('',#7139,#7141,#7143,.T.);
#7139 = VERTEX_POINT('',#7140);
#7140 = CARTESIAN_POINT('',(1.75,0.25,0.1));
#7141 = VERTEX_POINT('',#7142);
#7142 = CARTESIAN_POINT('',(2.25,0.25,0.1));
#7143 = LINE('',#7144,#7145);
#7144 = CARTESIAN_POINT('',(2.5,0.25,0.1));
#7145 = VECTOR('',#7146,1.);
#7146 = DIRECTION('',(1.,-1.224646799147E-16,0.));
#7147 = ORIENTED_EDGE('',*,*,#7148,.T.);
#7148 = EDGE_CURVE('',#7141,#7149,#7151,.T.);
#7149 = VERTEX_POINT('',#7150);
#7150 = CARTESIAN_POINT('',(2.25,-0.25,0.1));
#7151 = LINE('',#7152,#7153);
#7152 = CARTESIAN_POINT('',(2.25,0.271633216363,0.1));
#7153 = VECTOR('',#7154,1.);
#7154 = DIRECTION('',(-1.224646799147E-16,-1.,0.));
#7155 = ORIENTED_EDGE('',*,*,#7156,.T.);
#7156 = EDGE_CURVE('',#7149,#7157,#7159,.T.);
#7157 = VERTEX_POINT('',#7158);
#7158 = CARTESIAN_POINT('',(1.75,-0.25,0.1));
#7159 = LINE('',#7160,#7161);
#7160 = CARTESIAN_POINT('',(2.5,-0.25,0.1));
#7161 = VECTOR('',#7162,1.);
#7162 = DIRECTION('',(-1.,1.224646799147E-16,0.));
#7163 = ORIENTED_EDGE('',*,*,#7164,.F.);
#7164 = EDGE_CURVE('',#7139,#7157,#7165,.T.);
#7165 = LINE('',#7166,#7167);
#7166 = CARTESIAN_POINT('',(1.75,0.271633216363,0.1));
#7167 = VECTOR('',#7168,1.);
#7168 = DIRECTION('',(-1.224646799147E-16,-1.,0.));
#7169 = PLANE('',#7170);
#7170 = AXIS2_PLACEMENT_3D('',#7171,#7172,#7173);
#7171 = CARTESIAN_POINT('',(2.75,0.5,0.1));
#7172 = DIRECTION('',(0.,0.,1.));
#7173 = DIRECTION('',(-1.224646799147E-16,-1.,0.));
#7174 = ADVANCED_FACE('',(#7175),#7186,.F.);
#7175 = FACE_BOUND('',#7176,.F.);
#7176 = EDGE_LOOP('',(#7177,#7178,#7179,#7185));
#7177 = ORIENTED_EDGE('',*,*,#6652,.T.);
#7178 = ORIENTED_EDGE('',*,*,#6918,.T.);
#7179 = ORIENTED_EDGE('',*,*,#7180,.F.);
#7180 = EDGE_CURVE('',#6976,#6919,#7181,.T.);
#7181 = LINE('',#7182,#7183);
#7182 = CARTESIAN_POINT('',(0.75,0.5,0.1));
#7183 = VECTOR('',#7184,1.);
#7184 = DIRECTION('',(-1.,1.224646799147E-16,0.));
#7185 = ORIENTED_EDGE('',*,*,#6975,.F.);
#7186 = PLANE('',#7187);
#7187 = AXIS2_PLACEMENT_3D('',#7188,#7189,#7190);
#7188 = CARTESIAN_POINT('',(0.75,1.7,0.2));
#7189 = DIRECTION('',(-1.017013810865E-17,-8.304547985373E-02,
    0.996545758245));
#7190 = DIRECTION('',(-1.220416573038E-16,-0.996545758245,
    -8.304547985373E-02));
#7191 = ADVANCED_FACE('',(#7192),#7249,.T.);
#7192 = FACE_BOUND('',#7193,.T.);
#7193 = EDGE_LOOP('',(#7194,#7202,#7203,#7211,#7219,#7225,#7226,#7227,
    #7235,#7243));
#7194 = ORIENTED_EDGE('',*,*,#7195,.F.);
#7195 = EDGE_CURVE('',#6549,#7196,#7198,.T.);
#7196 = VERTEX_POINT('',#7197);
#7197 = CARTESIAN_POINT('',(0.55,1.1,6.));
#7198 = LINE('',#7199,#7200);
#7199 = CARTESIAN_POINT('',(0.55,1.7,6.));
#7200 = VECTOR('',#7201,1.);
#7201 = DIRECTION('',(-1.224646799147E-16,-1.,0.));
#7202 = ORIENTED_EDGE('',*,*,#6556,.T.);
#7203 = ORIENTED_EDGE('',*,*,#7204,.T.);
#7204 = EDGE_CURVE('',#6557,#7205,#7207,.T.);
#7205 = VERTEX_POINT('',#7206);
#7206 = CARTESIAN_POINT('',(-0.45,1.75,6.));
#7207 = LINE('',#7208,#7209);
#7208 = CARTESIAN_POINT('',(-0.45,1.7,6.));
#7209 = VECTOR('',#7210,1.);
#7210 = DIRECTION('',(1.224646799147E-16,1.,0.));
#7211 = ORIENTED_EDGE('',*,*,#7212,.T.);
#7212 = EDGE_CURVE('',#7205,#7213,#7215,.T.);
#7213 = VERTEX_POINT('',#7214);
#7214 = CARTESIAN_POINT('',(-0.95,1.75,6.));
#7215 = LINE('',#7216,#7217);
#7216 = CARTESIAN_POINT('',(-0.45,1.75,6.));
#7217 = VECTOR('',#7218,1.);
#7218 = DIRECTION('',(-1.,1.224646799147E-16,0.));
#7219 = ORIENTED_EDGE('',*,*,#7220,.T.);
#7220 = EDGE_CURVE('',#7213,#6613,#7221,.T.);
#7221 = LINE('',#7222,#7223);
#7222 = CARTESIAN_POINT('',(-0.95,1.75,6.));
#7223 = VECTOR('',#7224,1.);
#7224 = DIRECTION('',(-1.224646799147E-16,-1.,0.));
#7225 = ORIENTED_EDGE('',*,*,#6620,.T.);
#7226 = ORIENTED_EDGE('',*,*,#7074,.T.);
#7227 = ORIENTED_EDGE('',*,*,#7228,.F.);
#7228 = EDGE_CURVE('',#7229,#7075,#7231,.T.);
#7229 = VERTEX_POINT('',#7230);
#7230 = CARTESIAN_POINT('',(-1.45,0.2,6.));
#7231 = LINE('',#7232,#7233);
#7232 = CARTESIAN_POINT('',(3.95,0.2,6.));
#7233 = VECTOR('',#7234,1.);
#7234 = DIRECTION('',(-1.,1.224646799147E-16,0.));
#7235 = ORIENTED_EDGE('',*,*,#7236,.F.);
#7236 = EDGE_CURVE('',#7237,#7229,#7239,.T.);
#7237 = VERTEX_POINT('',#7238);
#7238 = CARTESIAN_POINT('',(-1.45,1.1,6.));
#7239 = LINE('',#7240,#7241);
#7240 = CARTESIAN_POINT('',(-1.45,1.1,6.));
#7241 = VECTOR('',#7242,1.);
#7242 = DIRECTION('',(-1.224646799147E-16,-1.,0.));
#7243 = ORIENTED_EDGE('',*,*,#7244,.F.);
#7244 = EDGE_CURVE('',#7196,#7237,#7245,.T.);
#7245 = LINE('',#7246,#7247);
#7246 = CARTESIAN_POINT('',(3.45,1.1,6.));
#7247 = VECTOR('',#7248,1.);
#7248 = DIRECTION('',(-1.,1.224646799147E-16,0.));
#7249 = PLANE('',#7250);
#7250 = AXIS2_PLACEMENT_3D('',#7251,#7252,#7253);
#7251 = CARTESIAN_POINT('',(-0.922222222222,1.18487654321,6.));
#7252 = DIRECTION('',(0.,0.,1.));
#7253 = DIRECTION('',(-1.,1.224646799147E-16,0.));
#7254 = ADVANCED_FACE('',(#7255),#7273,.F.);
#7255 = FACE_BOUND('',#7256,.F.);
#7256 = EDGE_LOOP('',(#7257,#7265,#7266,#7267));
#7257 = ORIENTED_EDGE('',*,*,#7258,.T.);
#7258 = EDGE_CURVE('',#7259,#7213,#7261,.T.);
#7259 = VERTEX_POINT('',#7260);
#7260 = CARTESIAN_POINT('',(-0.95,1.75,4.2));
#7261 = LINE('',#7262,#7263);
#7262 = CARTESIAN_POINT('',(-0.95,1.75,4.2));
#7263 = VECTOR('',#7264,1.);
#7264 = DIRECTION('',(0.,0.,1.));
#7265 = ORIENTED_EDGE('',*,*,#7220,.T.);
#7266 = ORIENTED_EDGE('',*,*,#6612,.F.);
#7267 = ORIENTED_EDGE('',*,*,#7268,.F.);
#7268 = EDGE_CURVE('',#7259,#6605,#7269,.T.);
#7269 = LINE('',#7270,#7271);
#7270 = CARTESIAN_POINT('',(-0.95,1.75,4.2));
#7271 = VECTOR('',#7272,1.);
#7272 = DIRECTION('',(-1.224646799147E-16,-1.,0.));
#7273 = PLANE('',#7274);
#7274 = AXIS2_PLACEMENT_3D('',#7275,#7276,#7277);
#7275 = CARTESIAN_POINT('',(-0.95,1.75,4.2));
#7276 = DIRECTION('',(1.,-1.224646799147E-16,0.));
#7277 = DIRECTION('',(-1.224646799147E-16,-1.,0.));
#7278 = ADVANCED_FACE('',(#7279),#7320,.T.);
#7279 = FACE_BOUND('',#7280,.T.);
#7280 = EDGE_LOOP('',(#7281,#7282,#7290,#7298,#7304,#7305,#7306,#7314));
#7281 = ORIENTED_EDGE('',*,*,#6572,.F.);
#7282 = ORIENTED_EDGE('',*,*,#7283,.T.);
#7283 = EDGE_CURVE('',#6573,#7284,#7286,.T.);
#7284 = VERTEX_POINT('',#7285);
#7285 = CARTESIAN_POINT('',(-0.4,1.1,4.2));
#7286 = LINE('',#7287,#7288);
#7287 = CARTESIAN_POINT('',(-0.4,1.7,4.2));
#7288 = VECTOR('',#7289,1.);
#7289 = DIRECTION('',(-1.224646799147E-16,-1.,0.));
#7290 = ORIENTED_EDGE('',*,*,#7291,.T.);
#7291 = EDGE_CURVE('',#7284,#7292,#7294,.T.);
#7292 = VERTEX_POINT('',#7293);
#7293 = CARTESIAN_POINT('',(-1.4,1.1,4.2));
#7294 = LINE('',#7295,#7296);
#7295 = CARTESIAN_POINT('',(1.525,1.1,4.2));
#7296 = VECTOR('',#7297,1.);
#7297 = DIRECTION('',(-1.,1.224646799147E-16,0.));
#7298 = ORIENTED_EDGE('',*,*,#7299,.F.);
#7299 = EDGE_CURVE('',#6597,#7292,#7300,.T.);
#7300 = LINE('',#7301,#7302);
#7301 = CARTESIAN_POINT('',(-1.4,1.7,4.2));
#7302 = VECTOR('',#7303,1.);
#7303 = DIRECTION('',(-1.224646799147E-16,-1.,0.));
#7304 = ORIENTED_EDGE('',*,*,#6604,.F.);
#7305 = ORIENTED_EDGE('',*,*,#7268,.F.);
#7306 = ORIENTED_EDGE('',*,*,#7307,.F.);
#7307 = EDGE_CURVE('',#7308,#7259,#7310,.T.);
#7308 = VERTEX_POINT('',#7309);
#7309 = CARTESIAN_POINT('',(-0.45,1.75,4.2));
#7310 = LINE('',#7311,#7312);
#7311 = CARTESIAN_POINT('',(-0.45,1.75,4.2));
#7312 = VECTOR('',#7313,1.);
#7313 = DIRECTION('',(-1.,1.224646799147E-16,0.));
#7314 = ORIENTED_EDGE('',*,*,#7315,.F.);
#7315 = EDGE_CURVE('',#6565,#7308,#7316,.T.);
#7316 = LINE('',#7317,#7318);
#7317 = CARTESIAN_POINT('',(-0.45,1.7,4.2));
#7318 = VECTOR('',#7319,1.);
#7319 = DIRECTION('',(1.224646799147E-16,1.,0.));
#7320 = PLANE('',#7321);
#7321 = AXIS2_PLACEMENT_3D('',#7322,#7323,#7324);
#7322 = CARTESIAN_POINT('',(-0.893939393939,1.417424242424,4.2));
#7323 = DIRECTION('',(-2.590322521168E-30,-2.221330562073E-31,-1.));
#7324 = DIRECTION('',(1.,-1.224646799147E-16,-2.590322521168E-30));
#7325 = ADVANCED_FACE('',(#7326),#7344,.T.);
#7326 = FACE_BOUND('',#7327,.T.);
#7327 = EDGE_LOOP('',(#7328,#7329,#7330,#7338));
#7328 = ORIENTED_EDGE('',*,*,#6596,.F.);
#7329 = ORIENTED_EDGE('',*,*,#7299,.T.);
#7330 = ORIENTED_EDGE('',*,*,#7331,.T.);
#7331 = EDGE_CURVE('',#7292,#7332,#7334,.T.);
#7332 = VERTEX_POINT('',#7333);
#7333 = CARTESIAN_POINT('',(-1.4,1.1,2.4));
#7334 = LINE('',#7335,#7336);
#7335 = CARTESIAN_POINT('',(-1.4,1.1,5.1));
#7336 = VECTOR('',#7337,1.);
#7337 = DIRECTION('',(-0.,0.,-1.));
#7338 = ORIENTED_EDGE('',*,*,#7339,.F.);
#7339 = EDGE_CURVE('',#6589,#7332,#7340,.T.);
#7340 = LINE('',#7341,#7342);
#7341 = CARTESIAN_POINT('',(-1.4,1.7,2.4));
#7342 = VECTOR('',#7343,1.);
#7343 = DIRECTION('',(-1.224646799147E-16,-1.,0.));
#7344 = PLANE('',#7345);
#7345 = AXIS2_PLACEMENT_3D('',#7346,#7347,#7348);
#7346 = CARTESIAN_POINT('',(-1.4,1.7,4.2));
#7347 = DIRECTION('',(1.,-1.224646799147E-16,-0.));
#7348 = DIRECTION('',(-0.,0.,-1.));
#7349 = ADVANCED_FACE('',(#7350),#7368,.T.);
#7350 = FACE_BOUND('',#7351,.T.);
#7351 = EDGE_LOOP('',(#7352,#7353,#7354,#7362));
#7352 = ORIENTED_EDGE('',*,*,#6588,.F.);
#7353 = ORIENTED_EDGE('',*,*,#7339,.T.);
#7354 = ORIENTED_EDGE('',*,*,#7355,.T.);
#7355 = EDGE_CURVE('',#7332,#7356,#7358,.T.);
#7356 = VERTEX_POINT('',#7357);
#7357 = CARTESIAN_POINT('',(-0.4,1.1,2.4));
#7358 = LINE('',#7359,#7360);
#7359 = CARTESIAN_POINT('',(1.025,1.1,2.4));
#7360 = VECTOR('',#7361,1.);
#7361 = DIRECTION('',(1.,-1.224646799147E-16,0.));
#7362 = ORIENTED_EDGE('',*,*,#7363,.F.);
#7363 = EDGE_CURVE('',#6581,#7356,#7364,.T.);
#7364 = LINE('',#7365,#7366);
#7365 = CARTESIAN_POINT('',(-0.4,1.7,2.4));
#7366 = VECTOR('',#7367,1.);
#7367 = DIRECTION('',(-1.224646799147E-16,-1.,0.));
#7368 = PLANE('',#7369);
#7369 = AXIS2_PLACEMENT_3D('',#7370,#7371,#7372);
#7370 = CARTESIAN_POINT('',(-1.4,1.7,2.4));
#7371 = DIRECTION('',(0.,0.,1.));
#7372 = DIRECTION('',(1.,-1.224646799147E-16,0.));
#7373 = ADVANCED_FACE('',(#7374),#7385,.T.);
#7374 = FACE_BOUND('',#7375,.T.);
#7375 = EDGE_LOOP('',(#7376,#7377,#7378,#7384));
#7376 = ORIENTED_EDGE('',*,*,#6580,.F.);
#7377 = ORIENTED_EDGE('',*,*,#7363,.T.);
#7378 = ORIENTED_EDGE('',*,*,#7379,.T.);
#7379 = EDGE_CURVE('',#7356,#7284,#7380,.T.);
#7380 = LINE('',#7381,#7382);
#7381 = CARTESIAN_POINT('',(-0.4,1.1,4.2));
#7382 = VECTOR('',#7383,1.);
#7383 = DIRECTION('',(0.,0.,1.));
#7384 = ORIENTED_EDGE('',*,*,#7283,.F.);
#7385 = PLANE('',#7386);
#7386 = AXIS2_PLACEMENT_3D('',#7387,#7388,#7389);
#7387 = CARTESIAN_POINT('',(-0.4,1.7,2.4));
#7388 = DIRECTION('',(-1.,1.224646799147E-16,0.));
#7389 = DIRECTION('',(0.,0.,1.));
#7390 = ADVANCED_FACE('',(#7391),#7402,.F.);
#7391 = FACE_BOUND('',#7392,.F.);
#7392 = EDGE_LOOP('',(#7393,#7394,#7395,#7401));
#7393 = ORIENTED_EDGE('',*,*,#6564,.T.);
#7394 = ORIENTED_EDGE('',*,*,#7204,.T.);
#7395 = ORIENTED_EDGE('',*,*,#7396,.F.);
#7396 = EDGE_CURVE('',#7308,#7205,#7397,.T.);
#7397 = LINE('',#7398,#7399);
#7398 = CARTESIAN_POINT('',(-0.45,1.75,4.2));
#7399 = VECTOR('',#7400,1.);
#7400 = DIRECTION('',(0.,0.,1.));
#7401 = ORIENTED_EDGE('',*,*,#7315,.F.);
#7402 = PLANE('',#7403);
#7403 = AXIS2_PLACEMENT_3D('',#7404,#7405,#7406);
#7404 = CARTESIAN_POINT('',(-0.45,1.7,4.2));
#7405 = DIRECTION('',(-1.,1.224646799147E-16,0.));
#7406 = DIRECTION('',(1.224646799147E-16,1.,0.));
#7407 = ADVANCED_FACE('',(#7408),#7426,.F.);
#7408 = FACE_BOUND('',#7409,.F.);
#7409 = EDGE_LOOP('',(#7410,#7411,#7419,#7425));
#7410 = ORIENTED_EDGE('',*,*,#6548,.F.);
#7411 = ORIENTED_EDGE('',*,*,#7412,.T.);
#7412 = EDGE_CURVE('',#6541,#7413,#7415,.T.);
#7413 = VERTEX_POINT('',#7414);
#7414 = CARTESIAN_POINT('',(0.55,1.1,2.1));
#7415 = LINE('',#7416,#7417);
#7416 = CARTESIAN_POINT('',(0.55,1.7,2.1));
#7417 = VECTOR('',#7418,1.);
#7418 = DIRECTION('',(-1.224646799147E-16,-1.,0.));
#7419 = ORIENTED_EDGE('',*,*,#7420,.T.);
#7420 = EDGE_CURVE('',#7413,#7196,#7421,.T.);
#7421 = LINE('',#7422,#7423);
#7422 = CARTESIAN_POINT('',(0.55,1.1,4.05));
#7423 = VECTOR('',#7424,1.);
#7424 = DIRECTION('',(0.,0.,1.));
#7425 = ORIENTED_EDGE('',*,*,#7195,.F.);
#7426 = PLANE('',#7427);
#7427 = AXIS2_PLACEMENT_3D('',#7428,#7429,#7430);
#7428 = CARTESIAN_POINT('',(0.55,1.7,2.1));
#7429 = DIRECTION('',(-1.,1.224646799147E-16,0.));
#7430 = DIRECTION('',(0.,0.,1.));
#7431 = ADVANCED_FACE('',(#7432),#7450,.F.);
#7432 = FACE_BOUND('',#7433,.F.);
#7433 = EDGE_LOOP('',(#7434,#7435,#7443,#7449));
#7434 = ORIENTED_EDGE('',*,*,#6540,.F.);
#7435 = ORIENTED_EDGE('',*,*,#7436,.T.);
#7436 = EDGE_CURVE('',#6533,#7437,#7439,.T.);
#7437 = VERTEX_POINT('',#7438);
#7438 = CARTESIAN_POINT('',(1.45,1.1,2.1));
#7439 = LINE('',#7440,#7441);
#7440 = CARTESIAN_POINT('',(1.45,1.7,2.1));
#7441 = VECTOR('',#7442,1.);
#7442 = DIRECTION('',(-1.224646799147E-16,-1.,0.));
#7443 = ORIENTED_EDGE('',*,*,#7444,.T.);
#7444 = EDGE_CURVE('',#7437,#7413,#7445,.T.);
#7445 = LINE('',#7446,#7447);
#7446 = CARTESIAN_POINT('',(2.45,1.1,2.1));
#7447 = VECTOR('',#7448,1.);
#7448 = DIRECTION('',(-1.,1.224646799147E-16,0.));
#7449 = ORIENTED_EDGE('',*,*,#7412,.F.);
#7450 = PLANE('',#7451);
#7451 = AXIS2_PLACEMENT_3D('',#7452,#7453,#7454);
#7452 = CARTESIAN_POINT('',(1.45,1.7,2.1));
#7453 = DIRECTION('',(-0.,0.,-1.));
#7454 = DIRECTION('',(-1.,1.224646799147E-16,0.));
#7455 = ADVANCED_FACE('',(#7456),#7467,.F.);
#7456 = FACE_BOUND('',#7457,.F.);
#7457 = EDGE_LOOP('',(#7458,#7459,#7460,#7466));
#7458 = ORIENTED_EDGE('',*,*,#6532,.F.);
#7459 = ORIENTED_EDGE('',*,*,#6743,.T.);
#7460 = ORIENTED_EDGE('',*,*,#7461,.T.);
#7461 = EDGE_CURVE('',#6744,#7437,#7462,.T.);
#7462 = LINE('',#7463,#7464);
#7463 = CARTESIAN_POINT('',(1.45,1.1,6.));
#7464 = VECTOR('',#7465,1.);
#7465 = DIRECTION('',(-0.,0.,-1.));
#7466 = ORIENTED_EDGE('',*,*,#7436,.F.);
#7467 = PLANE('',#7468);
#7468 = AXIS2_PLACEMENT_3D('',#7469,#7470,#7471);
#7469 = CARTESIAN_POINT('',(1.45,1.7,6.));
#7470 = DIRECTION('',(1.,-1.224646799147E-16,0.));
#7471 = DIRECTION('',(0.,-0.,-1.));
#7472 = ADVANCED_FACE('',(#7473),#7498,.F.);
#7473 = FACE_BOUND('',#7474,.F.);
#7474 = EDGE_LOOP('',(#7475,#7476,#7484,#7492));
#7475 = ORIENTED_EDGE('',*,*,#6693,.F.);
#7476 = ORIENTED_EDGE('',*,*,#7477,.T.);
#7477 = EDGE_CURVE('',#6694,#7478,#7480,.T.);
#7478 = VERTEX_POINT('',#7479);
#7479 = CARTESIAN_POINT('',(2.4,1.1,4.2));
#7480 = LINE('',#7481,#7482);
#7481 = CARTESIAN_POINT('',(2.4,1.7,4.2));
#7482 = VECTOR('',#7483,1.);
#7483 = DIRECTION('',(-1.224646799147E-16,-1.,0.));
#7484 = ORIENTED_EDGE('',*,*,#7485,.T.);
#7485 = EDGE_CURVE('',#7478,#7486,#7488,.T.);
#7486 = VERTEX_POINT('',#7487);
#7487 = CARTESIAN_POINT('',(3.4,1.1,4.2));
#7488 = LINE('',#7489,#7490);
#7489 = CARTESIAN_POINT('',(2.925,1.1,4.2));
#7490 = VECTOR('',#7491,1.);
#7491 = DIRECTION('',(1.,-1.224646799147E-16,0.));
#7492 = ORIENTED_EDGE('',*,*,#7493,.F.);
#7493 = EDGE_CURVE('',#6696,#7486,#7494,.T.);
#7494 = LINE('',#7495,#7496);
#7495 = CARTESIAN_POINT('',(3.4,1.7,4.2));
#7496 = VECTOR('',#7497,1.);
#7497 = DIRECTION('',(-1.224646799147E-16,-1.,0.));
#7498 = PLANE('',#7499);
#7499 = AXIS2_PLACEMENT_3D('',#7500,#7501,#7502);
#7500 = CARTESIAN_POINT('',(2.4,1.7,4.2));
#7501 = DIRECTION('',(0.,0.,1.));
#7502 = DIRECTION('',(1.,-1.224646799147E-16,0.));
#7503 = ADVANCED_FACE('',(#7504),#7522,.F.);
#7504 = FACE_BOUND('',#7505,.F.);
#7505 = EDGE_LOOP('',(#7506,#7507,#7515,#7521));
#7506 = ORIENTED_EDGE('',*,*,#6719,.F.);
#7507 = ORIENTED_EDGE('',*,*,#7508,.T.);
#7508 = EDGE_CURVE('',#6712,#7509,#7511,.T.);
#7509 = VERTEX_POINT('',#7510);
#7510 = CARTESIAN_POINT('',(2.4,1.1,2.4));
#7511 = LINE('',#7512,#7513);
#7512 = CARTESIAN_POINT('',(2.4,1.7,2.4));
#7513 = VECTOR('',#7514,1.);
#7514 = DIRECTION('',(-1.224646799147E-16,-1.,0.));
#7515 = ORIENTED_EDGE('',*,*,#7516,.T.);
#7516 = EDGE_CURVE('',#7509,#7478,#7517,.T.);
#7517 = LINE('',#7518,#7519);
#7518 = CARTESIAN_POINT('',(2.4,1.1,4.2));
#7519 = VECTOR('',#7520,1.);
#7520 = DIRECTION('',(0.,0.,1.));
#7521 = ORIENTED_EDGE('',*,*,#7477,.F.);
#7522 = PLANE('',#7523);
#7523 = AXIS2_PLACEMENT_3D('',#7524,#7525,#7526);
#7524 = CARTESIAN_POINT('',(2.4,1.7,2.4));
#7525 = DIRECTION('',(-1.,1.224646799147E-16,0.));
#7526 = DIRECTION('',(0.,0.,1.));
#7527 = ADVANCED_FACE('',(#7528),#7546,.F.);
#7528 = FACE_BOUND('',#7529,.F.);
#7529 = EDGE_LOOP('',(#7530,#7531,#7532,#7540));
#7530 = ORIENTED_EDGE('',*,*,#6703,.F.);
#7531 = ORIENTED_EDGE('',*,*,#7493,.T.);
#7532 = ORIENTED_EDGE('',*,*,#7533,.T.);
#7533 = EDGE_CURVE('',#7486,#7534,#7536,.T.);
#7534 = VERTEX_POINT('',#7535);
#7535 = CARTESIAN_POINT('',(3.4,1.1,2.4));
#7536 = LINE('',#7537,#7538);
#7537 = CARTESIAN_POINT('',(3.4,1.1,5.1));
#7538 = VECTOR('',#7539,1.);
#7539 = DIRECTION('',(-0.,0.,-1.));
#7540 = ORIENTED_EDGE('',*,*,#7541,.F.);
#7541 = EDGE_CURVE('',#6704,#7534,#7542,.T.);
#7542 = LINE('',#7543,#7544);
#7543 = CARTESIAN_POINT('',(3.4,1.7,2.4));
#7544 = VECTOR('',#7545,1.);
#7545 = DIRECTION('',(-1.224646799147E-16,-1.,0.));
#7546 = PLANE('',#7547);
#7547 = AXIS2_PLACEMENT_3D('',#7548,#7549,#7550);
#7548 = CARTESIAN_POINT('',(3.4,1.7,4.2));
#7549 = DIRECTION('',(1.,-1.224646799147E-16,-0.));
#7550 = DIRECTION('',(-0.,0.,-1.));
#7551 = ADVANCED_FACE('',(#7552),#7563,.F.);
#7552 = FACE_BOUND('',#7553,.F.);
#7553 = EDGE_LOOP('',(#7554,#7555,#7556,#7562));
#7554 = ORIENTED_EDGE('',*,*,#6711,.F.);
#7555 = ORIENTED_EDGE('',*,*,#7541,.T.);
#7556 = ORIENTED_EDGE('',*,*,#7557,.T.);
#7557 = EDGE_CURVE('',#7534,#7509,#7558,.T.);
#7558 = LINE('',#7559,#7560);
#7559 = CARTESIAN_POINT('',(3.425,1.1,2.4));
#7560 = VECTOR('',#7561,1.);
#7561 = DIRECTION('',(-1.,1.224646799147E-16,0.));
#7562 = ORIENTED_EDGE('',*,*,#7508,.F.);
#7563 = PLANE('',#7564);
#7564 = AXIS2_PLACEMENT_3D('',#7565,#7566,#7567);
#7565 = CARTESIAN_POINT('',(3.4,1.7,2.4));
#7566 = DIRECTION('',(-0.,0.,-1.));
#7567 = DIRECTION('',(-1.,1.224646799147E-16,0.));
#7568 = ADVANCED_FACE('',(#7569),#7598,.F.);
#7569 = FACE_BOUND('',#7570,.F.);
#7570 = EDGE_LOOP('',(#7571,#7572,#7580,#7588,#7594,#7595,#7596,#7597));
#7571 = ORIENTED_EDGE('',*,*,#6848,.F.);
#7572 = ORIENTED_EDGE('',*,*,#7573,.T.);
#7573 = EDGE_CURVE('',#6849,#7574,#7576,.T.);
#7574 = VERTEX_POINT('',#7575);
#7575 = CARTESIAN_POINT('',(3.45,-2.3,1.8));
#7576 = LINE('',#7577,#7578);
#7577 = CARTESIAN_POINT('',(3.45,-2.3,6.));
#7578 = VECTOR('',#7579,1.);
#7579 = DIRECTION('',(0.,0.,-1.));
#7580 = ORIENTED_EDGE('',*,*,#7581,.T.);
#7581 = EDGE_CURVE('',#7574,#7582,#7584,.T.);
#7582 = VERTEX_POINT('',#7583);
#7583 = CARTESIAN_POINT('',(3.45,1.1,1.8));
#7584 = LINE('',#7585,#7586);
#7585 = CARTESIAN_POINT('',(3.45,-2.3,1.8));
#7586 = VECTOR('',#7587,1.);
#7587 = DIRECTION('',(1.224646799147E-16,1.,0.));
#7588 = ORIENTED_EDGE('',*,*,#7589,.F.);
#7589 = EDGE_CURVE('',#6752,#7582,#7590,.T.);
#7590 = LINE('',#7591,#7592);
#7591 = CARTESIAN_POINT('',(3.45,1.1,6.));
#7592 = VECTOR('',#7593,1.);
#7593 = DIRECTION('',(0.,0.,-1.));
#7594 = ORIENTED_EDGE('',*,*,#6759,.F.);
#7595 = ORIENTED_EDGE('',*,*,#6775,.T.);
#7596 = ORIENTED_EDGE('',*,*,#6805,.F.);
#7597 = ORIENTED_EDGE('',*,*,#6824,.T.);
#7598 = PLANE('',#7599);
#7599 = AXIS2_PLACEMENT_3D('',#7600,#7601,#7602);
#7600 = CARTESIAN_POINT('',(3.45,-2.3,6.));
#7601 = DIRECTION('',(1.,-1.224646799147E-16,0.));
#7602 = DIRECTION('',(1.224646799147E-16,1.,0.));
#7603 = ADVANCED_FACE('',(#7604,#7626,#7632),#7638,.F.);
#7604 = FACE_BOUND('',#7605,.F.);
#7605 = EDGE_LOOP('',(#7606,#7607,#7608,#7616,#7622,#7623,#7624,#7625));
#7606 = ORIENTED_EDGE('',*,*,#6751,.F.);
#7607 = ORIENTED_EDGE('',*,*,#7589,.T.);
#7608 = ORIENTED_EDGE('',*,*,#7609,.T.);
#7609 = EDGE_CURVE('',#7582,#7610,#7612,.T.);
#7610 = VERTEX_POINT('',#7611);
#7611 = CARTESIAN_POINT('',(-1.45,1.1,1.8));
#7612 = LINE('',#7613,#7614);
#7613 = CARTESIAN_POINT('',(3.45,1.1,1.8));
#7614 = VECTOR('',#7615,1.);
#7615 = DIRECTION('',(-1.,1.224646799147E-16,0.));
#7616 = ORIENTED_EDGE('',*,*,#7617,.F.);
#7617 = EDGE_CURVE('',#7237,#7610,#7618,.T.);
#7618 = LINE('',#7619,#7620);
#7619 = CARTESIAN_POINT('',(-1.45,1.1,6.));
#7620 = VECTOR('',#7621,1.);
#7621 = DIRECTION('',(0.,0.,-1.));
#7622 = ORIENTED_EDGE('',*,*,#7244,.F.);
#7623 = ORIENTED_EDGE('',*,*,#7420,.F.);
#7624 = ORIENTED_EDGE('',*,*,#7444,.F.);
#7625 = ORIENTED_EDGE('',*,*,#7461,.F.);
#7626 = FACE_BOUND('',#7627,.F.);
#7627 = EDGE_LOOP('',(#7628,#7629,#7630,#7631));
#7628 = ORIENTED_EDGE('',*,*,#7291,.T.);
#7629 = ORIENTED_EDGE('',*,*,#7331,.T.);
#7630 = ORIENTED_EDGE('',*,*,#7355,.T.);
#7631 = ORIENTED_EDGE('',*,*,#7379,.T.);
#7632 = FACE_BOUND('',#7633,.F.);
#7633 = EDGE_LOOP('',(#7634,#7635,#7636,#7637));
#7634 = ORIENTED_EDGE('',*,*,#7557,.F.);
#7635 = ORIENTED_EDGE('',*,*,#7533,.F.);
#7636 = ORIENTED_EDGE('',*,*,#7485,.F.);
#7637 = ORIENTED_EDGE('',*,*,#7516,.F.);
#7638 = PLANE('',#7639);
#7639 = AXIS2_PLACEMENT_3D('',#7640,#7641,#7642);
#7640 = CARTESIAN_POINT('',(3.45,1.1,6.));
#7641 = DIRECTION('',(1.224646799147E-16,1.,0.));
#7642 = DIRECTION('',(-1.,1.224646799147E-16,0.));
#7643 = ADVANCED_FACE('',(#7644),#7662,.T.);
#7644 = FACE_BOUND('',#7645,.T.);
#7645 = EDGE_LOOP('',(#7646,#7654,#7660,#7661));
#7646 = ORIENTED_EDGE('',*,*,#7647,.T.);
#7647 = EDGE_CURVE('',#6865,#7648,#7650,.T.);
#7648 = VERTEX_POINT('',#7649);
#7649 = CARTESIAN_POINT('',(-1.45,-0.6,4.4));
#7650 = LINE('',#7651,#7652);
#7651 = CARTESIAN_POINT('',(-1.45,-0.6,5.2));
#7652 = VECTOR('',#7653,1.);
#7653 = DIRECTION('',(-0.,0.,-1.));
#7654 = ORIENTED_EDGE('',*,*,#7655,.T.);
#7655 = EDGE_CURVE('',#7648,#7091,#7656,.T.);
#7656 = LINE('',#7657,#7658);
#7657 = CARTESIAN_POINT('',(3.95,-0.6,4.4));
#7658 = VECTOR('',#7659,1.);
#7659 = DIRECTION('',(-1.,1.224646799147E-16,0.));
#7660 = ORIENTED_EDGE('',*,*,#7099,.T.);
#7661 = ORIENTED_EDGE('',*,*,#6872,.F.);
#7662 = PLANE('',#7663);
#7663 = AXIS2_PLACEMENT_3D('',#7664,#7665,#7666);
#7664 = CARTESIAN_POINT('',(3.95,-0.6,4.4));
#7665 = DIRECTION('',(1.224646799147E-16,1.,0.));
#7666 = DIRECTION('',(0.,-0.,1.));
#7667 = ADVANCED_FACE('',(#7668),#7703,.F.);
#7668 = FACE_BOUND('',#7669,.F.);
#7669 = EDGE_LOOP('',(#7670,#7671,#7672,#7680,#7686,#7687,#7688,#7697));
#7670 = ORIENTED_EDGE('',*,*,#7236,.F.);
#7671 = ORIENTED_EDGE('',*,*,#7617,.T.);
#7672 = ORIENTED_EDGE('',*,*,#7673,.T.);
#7673 = EDGE_CURVE('',#7610,#7674,#7676,.T.);
#7674 = VERTEX_POINT('',#7675);
#7675 = CARTESIAN_POINT('',(-1.45,-2.3,1.8));
#7676 = LINE('',#7677,#7678);
#7677 = CARTESIAN_POINT('',(-1.45,1.1,1.8));
#7678 = VECTOR('',#7679,1.);
#7679 = DIRECTION('',(-1.224646799147E-16,-1.,0.));
#7680 = ORIENTED_EDGE('',*,*,#7681,.F.);
#7681 = EDGE_CURVE('',#6857,#7674,#7682,.T.);
#7682 = LINE('',#7683,#7684);
#7683 = CARTESIAN_POINT('',(-1.45,-2.3,6.));
#7684 = VECTOR('',#7685,1.);
#7685 = DIRECTION('',(0.,0.,-1.));
#7686 = ORIENTED_EDGE('',*,*,#6864,.F.);
#7687 = ORIENTED_EDGE('',*,*,#7647,.T.);
#7688 = ORIENTED_EDGE('',*,*,#7689,.T.);
#7689 = EDGE_CURVE('',#7648,#7690,#7692,.T.);
#7690 = VERTEX_POINT('',#7691);
#7691 = CARTESIAN_POINT('',(-1.45,0.2,4.4));
#7692 = CIRCLE('',#7693,0.4);
#7693 = AXIS2_PLACEMENT_3D('',#7694,#7695,#7696);
#7694 = CARTESIAN_POINT('',(-1.45,-0.2,4.4));
#7695 = DIRECTION('',(1.,-1.224646799147E-16,0.));
#7696 = DIRECTION('',(1.224646799147E-16,1.,0.));
#7697 = ORIENTED_EDGE('',*,*,#7698,.T.);
#7698 = EDGE_CURVE('',#7690,#7229,#7699,.T.);
#7699 = LINE('',#7700,#7701);
#7700 = CARTESIAN_POINT('',(-1.45,0.2,6.));
#7701 = VECTOR('',#7702,1.);
#7702 = DIRECTION('',(0.,0.,1.));
#7703 = PLANE('',#7704);
#7704 = AXIS2_PLACEMENT_3D('',#7705,#7706,#7707);
#7705 = CARTESIAN_POINT('',(-1.45,1.1,6.));
#7706 = DIRECTION('',(-1.,1.224646799147E-16,0.));
#7707 = DIRECTION('',(-1.224646799147E-16,-1.,0.));
#7708 = ADVANCED_FACE('',(#7709),#7752,.F.);
#7709 = FACE_BOUND('',#7710,.F.);
#7710 = EDGE_LOOP('',(#7711,#7712,#7713,#7721,#7729,#7737,#7745,#7751));
#7711 = ORIENTED_EDGE('',*,*,#6856,.F.);
#7712 = ORIENTED_EDGE('',*,*,#7681,.T.);
#7713 = ORIENTED_EDGE('',*,*,#7714,.T.);
#7714 = EDGE_CURVE('',#7674,#7715,#7717,.T.);
#7715 = VERTEX_POINT('',#7716);
#7716 = CARTESIAN_POINT('',(0.8,-2.3,1.8));
#7717 = LINE('',#7718,#7719);
#7718 = CARTESIAN_POINT('',(-1.45,-2.3,1.8));
#7719 = VECTOR('',#7720,1.);
#7720 = DIRECTION('',(1.,-1.224646799147E-16,0.));
#7721 = ORIENTED_EDGE('',*,*,#7722,.T.);
#7722 = EDGE_CURVE('',#7715,#7723,#7725,.T.);
#7723 = VERTEX_POINT('',#7724);
#7724 = CARTESIAN_POINT('',(0.8,-2.3,3.7));
#7725 = LINE('',#7726,#7727);
#7726 = CARTESIAN_POINT('',(0.8,-2.3,1.8));
#7727 = VECTOR('',#7728,1.);
#7728 = DIRECTION('',(0.,0.,1.));
#7729 = ORIENTED_EDGE('',*,*,#7730,.T.);
#7730 = EDGE_CURVE('',#7723,#7731,#7733,.T.);
#7731 = VERTEX_POINT('',#7732);
#7732 = CARTESIAN_POINT('',(1.2,-2.3,3.7));
#7733 = LINE('',#7734,#7735);
#7734 = CARTESIAN_POINT('',(0.8,-2.3,3.7));
#7735 = VECTOR('',#7736,1.);
#7736 = DIRECTION('',(1.,-1.224646799147E-16,0.));
#7737 = ORIENTED_EDGE('',*,*,#7738,.F.);
#7738 = EDGE_CURVE('',#7739,#7731,#7741,.T.);
#7739 = VERTEX_POINT('',#7740);
#7740 = CARTESIAN_POINT('',(1.2,-2.3,1.8));
#7741 = LINE('',#7742,#7743);
#7742 = CARTESIAN_POINT('',(1.2,-2.3,1.8));
#7743 = VECTOR('',#7744,1.);
#7744 = DIRECTION('',(0.,0.,1.));
#7745 = ORIENTED_EDGE('',*,*,#7746,.T.);
#7746 = EDGE_CURVE('',#7739,#7574,#7747,.T.);
#7747 = LINE('',#7748,#7749);
#7748 = CARTESIAN_POINT('',(-1.45,-2.3,1.8));
#7749 = VECTOR('',#7750,1.);
#7750 = DIRECTION('',(1.,-1.224646799147E-16,0.));
#7751 = ORIENTED_EDGE('',*,*,#7573,.F.);
#7752 = PLANE('',#7753);
#7753 = AXIS2_PLACEMENT_3D('',#7754,#7755,#7756);
#7754 = CARTESIAN_POINT('',(-1.45,-2.3,6.));
#7755 = DIRECTION('',(-1.224646799147E-16,-1.,0.));
#7756 = DIRECTION('',(1.,-1.224646799147E-16,0.));
#7757 = ADVANCED_FACE('',(#7758,#7764),#7798,.F.);
#7758 = FACE_BOUND('',#7759,.F.);
#7759 = EDGE_LOOP('',(#7760,#7761,#7762,#7763));
#7760 = ORIENTED_EDGE('',*,*,#7180,.T.);
#7761 = ORIENTED_EDGE('',*,*,#6926,.T.);
#7762 = ORIENTED_EDGE('',*,*,#6950,.F.);
#7763 = ORIENTED_EDGE('',*,*,#6983,.F.);
#7764 = FACE_BOUND('',#7765,.F.);
#7765 = EDGE_LOOP('',(#7766,#7776,#7784,#7792));
#7766 = ORIENTED_EDGE('',*,*,#7767,.T.);
#7767 = EDGE_CURVE('',#7768,#7770,#7772,.T.);
#7768 = VERTEX_POINT('',#7769);
#7769 = CARTESIAN_POINT('',(-0.25,0.25,0.1));
#7770 = VERTEX_POINT('',#7771);
#7771 = CARTESIAN_POINT('',(0.25,0.25,0.1));
#7772 = LINE('',#7773,#7774);
#7773 = CARTESIAN_POINT('',(0.5,0.25,0.1));
#7774 = VECTOR('',#7775,1.);
#7775 = DIRECTION('',(1.,-1.224646799147E-16,0.));
#7776 = ORIENTED_EDGE('',*,*,#7777,.T.);
#7777 = EDGE_CURVE('',#7770,#7778,#7780,.T.);
#7778 = VERTEX_POINT('',#7779);
#7779 = CARTESIAN_POINT('',(0.25,-0.25,0.1));
#7780 = LINE('',#7781,#7782);
#7781 = CARTESIAN_POINT('',(0.25,0.271633216363,0.1));
#7782 = VECTOR('',#7783,1.);
#7783 = DIRECTION('',(-1.224646799147E-16,-1.,0.));
#7784 = ORIENTED_EDGE('',*,*,#7785,.T.);
#7785 = EDGE_CURVE('',#7778,#7786,#7788,.T.);
#7786 = VERTEX_POINT('',#7787);
#7787 = CARTESIAN_POINT('',(-0.25,-0.25,0.1));
#7788 = LINE('',#7789,#7790);
#7789 = CARTESIAN_POINT('',(0.5,-0.25,0.1));
#7790 = VECTOR('',#7791,1.);
#7791 = DIRECTION('',(-1.,1.224646799147E-16,0.));
#7792 = ORIENTED_EDGE('',*,*,#7793,.F.);
#7793 = EDGE_CURVE('',#7768,#7786,#7794,.T.);
#7794 = LINE('',#7795,#7796);
#7795 = CARTESIAN_POINT('',(-0.25,0.271633216363,0.1));
#7796 = VECTOR('',#7797,1.);
#7797 = DIRECTION('',(-1.224646799147E-16,-1.,0.));
#7798 = PLANE('',#7799);
#7799 = AXIS2_PLACEMENT_3D('',#7800,#7801,#7802);
#7800 = CARTESIAN_POINT('',(0.75,0.5,0.1));
#7801 = DIRECTION('',(0.,0.,1.));
#7802 = DIRECTION('',(-1.224646799147E-16,-1.,0.));
#7803 = ADVANCED_FACE('',(#7804),#7815,.F.);
#7804 = FACE_BOUND('',#7805,.F.);
#7805 = EDGE_LOOP('',(#7806,#7807,#7808,#7814));
#7806 = ORIENTED_EDGE('',*,*,#7655,.T.);
#7807 = ORIENTED_EDGE('',*,*,#7090,.T.);
#7808 = ORIENTED_EDGE('',*,*,#7809,.F.);
#7809 = EDGE_CURVE('',#7690,#7083,#7810,.T.);
#7810 = LINE('',#7811,#7812);
#7811 = CARTESIAN_POINT('',(3.95,0.2,4.4));
#7812 = VECTOR('',#7813,1.);
#7813 = DIRECTION('',(-1.,1.224646799147E-16,0.));
#7814 = ORIENTED_EDGE('',*,*,#7689,.F.);
#7815 = CYLINDRICAL_SURFACE('',#7816,0.4);
#7816 = AXIS2_PLACEMENT_3D('',#7817,#7818,#7819);
#7817 = CARTESIAN_POINT('',(3.95,-0.2,4.4));
#7818 = DIRECTION('',(1.,-1.224646799147E-16,-0.));
#7819 = DIRECTION('',(1.224646799147E-16,1.,0.));
#7820 = ADVANCED_FACE('',(#7821),#7827,.T.);
#7821 = FACE_BOUND('',#7822,.T.);
#7822 = EDGE_LOOP('',(#7823,#7824,#7825,#7826));
#7823 = ORIENTED_EDGE('',*,*,#7698,.T.);
#7824 = ORIENTED_EDGE('',*,*,#7228,.T.);
#7825 = ORIENTED_EDGE('',*,*,#7082,.T.);
#7826 = ORIENTED_EDGE('',*,*,#7809,.F.);
#7827 = PLANE('',#7828);
#7828 = AXIS2_PLACEMENT_3D('',#7829,#7830,#7831);
#7829 = CARTESIAN_POINT('',(3.95,0.2,6.));
#7830 = DIRECTION('',(-1.224646799147E-16,-1.,0.));
#7831 = DIRECTION('',(-0.,0.,-1.));
#7832 = ADVANCED_FACE('',(#7833),#7858,.F.);
#7833 = FACE_BOUND('',#7834,.F.);
#7834 = EDGE_LOOP('',(#7835,#7843,#7844,#7852));
#7835 = ORIENTED_EDGE('',*,*,#7836,.F.);
#7836 = EDGE_CURVE('',#7141,#7837,#7839,.T.);
#7837 = VERTEX_POINT('',#7838);
#7838 = CARTESIAN_POINT('',(2.25,0.25,-0.9));
#7839 = LINE('',#7840,#7841);
#7840 = CARTESIAN_POINT('',(2.25,0.25,5.));
#7841 = VECTOR('',#7842,1.);
#7842 = DIRECTION('',(-0.,0.,-1.));
#7843 = ORIENTED_EDGE('',*,*,#7138,.F.);
#7844 = ORIENTED_EDGE('',*,*,#7845,.T.);
#7845 = EDGE_CURVE('',#7139,#7846,#7848,.T.);
#7846 = VERTEX_POINT('',#7847);
#7847 = CARTESIAN_POINT('',(1.75,0.25,-0.9));
#7848 = LINE('',#7849,#7850);
#7849 = CARTESIAN_POINT('',(1.75,0.25,5.));
#7850 = VECTOR('',#7851,1.);
#7851 = DIRECTION('',(-0.,0.,-1.));
#7852 = ORIENTED_EDGE('',*,*,#7853,.F.);
#7853 = EDGE_CURVE('',#7837,#7846,#7854,.T.);
#7854 = LINE('',#7855,#7856);
#7855 = CARTESIAN_POINT('',(2.25,0.25,-0.9));
#7856 = VECTOR('',#7857,1.);
#7857 = DIRECTION('',(-1.,1.224646799147E-16,0.));
#7858 = PLANE('',#7859);
#7859 = AXIS2_PLACEMENT_3D('',#7860,#7861,#7862);
#7860 = CARTESIAN_POINT('',(2.25,0.25,5.));
#7861 = DIRECTION('',(-1.224646799147E-16,-1.,0.));
#7862 = DIRECTION('',(-0.,0.,-1.));
#7863 = ADVANCED_FACE('',(#7864),#7914,.T.);
#7864 = FACE_BOUND('',#7865,.T.);
#7865 = EDGE_LOOP('',(#7866,#7876,#7884,#7892,#7898,#7899,#7900,#7908));
#7866 = ORIENTED_EDGE('',*,*,#7867,.T.);
#7867 = EDGE_CURVE('',#7868,#7870,#7872,.T.);
#7868 = VERTEX_POINT('',#7869);
#7869 = CARTESIAN_POINT('',(1.75,0.281578947368,-3.2));
#7870 = VERTEX_POINT('',#7871);
#7871 = CARTESIAN_POINT('',(1.75,-0.218421052632,-3.2));
#7872 = LINE('',#7873,#7874);
#7873 = CARTESIAN_POINT('',(1.75,0.25,-3.2));
#7874 = VECTOR('',#7875,1.);
#7875 = DIRECTION('',(-1.224646799147E-16,-1.,0.));
#7876 = ORIENTED_EDGE('',*,*,#7877,.T.);
#7877 = EDGE_CURVE('',#7870,#7878,#7880,.T.);
#7878 = VERTEX_POINT('',#7879);
#7879 = CARTESIAN_POINT('',(1.75,5.E-02,-1.5));
#7880 = LINE('',#7881,#7882);
#7881 = CARTESIAN_POINT('',(1.75,-0.25,-3.4));
#7882 = VECTOR('',#7883,1.);
#7883 = DIRECTION('',(1.909990663905E-17,0.155962573473,0.987762965329)
  );
#7884 = ORIENTED_EDGE('',*,*,#7885,.T.);
#7885 = EDGE_CURVE('',#7878,#7886,#7888,.T.);
#7886 = VERTEX_POINT('',#7887);
#7887 = CARTESIAN_POINT('',(1.75,-0.25,-0.9));
#7888 = LINE('',#7889,#7890);
#7889 = CARTESIAN_POINT('',(1.75,5.E-02,-1.5));
#7890 = VECTOR('',#7891,1.);
#7891 = DIRECTION('',(-5.476786982641E-17,-0.4472135955,0.894427191));
#7892 = ORIENTED_EDGE('',*,*,#7893,.T.);
#7893 = EDGE_CURVE('',#7886,#7157,#7894,.T.);
#7894 = LINE('',#7895,#7896);
#7895 = CARTESIAN_POINT('',(1.75,-0.25,-0.9));
#7896 = VECTOR('',#7897,1.);
#7897 = DIRECTION('',(0.,0.,1.));
#7898 = ORIENTED_EDGE('',*,*,#7164,.F.);
#7899 = ORIENTED_EDGE('',*,*,#7845,.T.);
#7900 = ORIENTED_EDGE('',*,*,#7901,.T.);
#7901 = EDGE_CURVE('',#7846,#7902,#7904,.T.);
#7902 = VERTEX_POINT('',#7903);
#7903 = CARTESIAN_POINT('',(1.75,0.55,-1.5));
#7904 = LINE('',#7905,#7906);
#7905 = CARTESIAN_POINT('',(1.75,0.25,-0.9));
#7906 = VECTOR('',#7907,1.);
#7907 = DIRECTION('',(5.476786982641E-17,0.4472135955,-0.894427191));
#7908 = ORIENTED_EDGE('',*,*,#7909,.T.);
#7909 = EDGE_CURVE('',#7902,#7868,#7910,.T.);
#7910 = LINE('',#7911,#7912);
#7911 = CARTESIAN_POINT('',(1.75,0.55,-1.5));
#7912 = VECTOR('',#7913,1.);
#7913 = DIRECTION('',(-1.909990663905E-17,-0.155962573473,
    -0.987762965329));
#7914 = PLANE('',#7915);
#7915 = AXIS2_PLACEMENT_3D('',#7916,#7917,#7918);
#7916 = CARTESIAN_POINT('',(1.75,4.326643272645E-02,0.775746953017));
#7917 = DIRECTION('',(-1.,1.224646799147E-16,0.));
#7918 = DIRECTION('',(0.,0.,1.));
#7919 = ADVANCED_FACE('',(#7920),#7938,.F.);
#7920 = FACE_BOUND('',#7921,.F.);
#7921 = EDGE_LOOP('',(#7922,#7930,#7936,#7937));
#7922 = ORIENTED_EDGE('',*,*,#7923,.F.);
#7923 = EDGE_CURVE('',#7924,#7149,#7926,.T.);
#7924 = VERTEX_POINT('',#7925);
#7925 = CARTESIAN_POINT('',(2.25,-0.25,-0.9));
#7926 = LINE('',#7927,#7928);
#7927 = CARTESIAN_POINT('',(2.25,-0.25,-0.9));
#7928 = VECTOR('',#7929,1.);
#7929 = DIRECTION('',(0.,0.,1.));
#7930 = ORIENTED_EDGE('',*,*,#7931,.T.);
#7931 = EDGE_CURVE('',#7924,#7886,#7932,.T.);
#7932 = LINE('',#7933,#7934);
#7933 = CARTESIAN_POINT('',(2.25,-0.25,-0.9));
#7934 = VECTOR('',#7935,1.);
#7935 = DIRECTION('',(-1.,1.224646799147E-16,0.));
#7936 = ORIENTED_EDGE('',*,*,#7893,.T.);
#7937 = ORIENTED_EDGE('',*,*,#7156,.F.);
#7938 = PLANE('',#7939);
#7939 = AXIS2_PLACEMENT_3D('',#7940,#7941,#7942);
#7940 = CARTESIAN_POINT('',(2.25,-0.25,-0.9));
#7941 = DIRECTION('',(1.224646799147E-16,1.,0.));
#7942 = DIRECTION('',(0.,-0.,1.));
#7943 = ADVANCED_FACE('',(#7944),#7987,.F.);
#7944 = FACE_BOUND('',#7945,.F.);
#7945 = EDGE_LOOP('',(#7946,#7956,#7964,#7970,#7971,#7972,#7973,#7981));
#7946 = ORIENTED_EDGE('',*,*,#7947,.T.);
#7947 = EDGE_CURVE('',#7948,#7950,#7952,.T.);
#7948 = VERTEX_POINT('',#7949);
#7949 = CARTESIAN_POINT('',(2.25,0.281578947368,-3.2));
#7950 = VERTEX_POINT('',#7951);
#7951 = CARTESIAN_POINT('',(2.25,-0.218421052632,-3.2));
#7952 = LINE('',#7953,#7954);
#7953 = CARTESIAN_POINT('',(2.25,0.25,-3.2));
#7954 = VECTOR('',#7955,1.);
#7955 = DIRECTION('',(-1.224646799147E-16,-1.,0.));
#7956 = ORIENTED_EDGE('',*,*,#7957,.T.);
#7957 = EDGE_CURVE('',#7950,#7958,#7960,.T.);
#7958 = VERTEX_POINT('',#7959);
#7959 = CARTESIAN_POINT('',(2.25,5.E-02,-1.5));
#7960 = LINE('',#7961,#7962);
#7961 = CARTESIAN_POINT('',(2.25,-0.25,-3.4));
#7962 = VECTOR('',#7963,1.);
#7963 = DIRECTION('',(1.909990663905E-17,0.155962573473,0.987762965329)
  );
#7964 = ORIENTED_EDGE('',*,*,#7965,.T.);
#7965 = EDGE_CURVE('',#7958,#7924,#7966,.T.);
#7966 = LINE('',#7967,#7968);
#7967 = CARTESIAN_POINT('',(2.25,5.E-02,-1.5));
#7968 = VECTOR('',#7969,1.);
#7969 = DIRECTION('',(-5.476786982641E-17,-0.4472135955,0.894427191));
#7970 = ORIENTED_EDGE('',*,*,#7923,.T.);
#7971 = ORIENTED_EDGE('',*,*,#7148,.F.);
#7972 = ORIENTED_EDGE('',*,*,#7836,.T.);
#7973 = ORIENTED_EDGE('',*,*,#7974,.T.);
#7974 = EDGE_CURVE('',#7837,#7975,#7977,.T.);
#7975 = VERTEX_POINT('',#7976);
#7976 = CARTESIAN_POINT('',(2.25,0.55,-1.5));
#7977 = LINE('',#7978,#7979);
#7978 = CARTESIAN_POINT('',(2.25,0.25,-0.9));
#7979 = VECTOR('',#7980,1.);
#7980 = DIRECTION('',(5.476786982641E-17,0.4472135955,-0.894427191));
#7981 = ORIENTED_EDGE('',*,*,#7982,.T.);
#7982 = EDGE_CURVE('',#7975,#7948,#7983,.T.);
#7983 = LINE('',#7984,#7985);
#7984 = CARTESIAN_POINT('',(2.25,0.55,-1.5));
#7985 = VECTOR('',#7986,1.);
#7986 = DIRECTION('',(-1.909990663905E-17,-0.155962573473,
    -0.987762965329));
#7987 = PLANE('',#7988);
#7988 = AXIS2_PLACEMENT_3D('',#7989,#7990,#7991);
#7989 = CARTESIAN_POINT('',(2.25,4.326643272645E-02,0.775746953017));
#7990 = DIRECTION('',(-1.,1.224646799147E-16,0.));
#7991 = DIRECTION('',(0.,0.,1.));
#7992 = ADVANCED_FACE('',(#7993),#7999,.F.);
#7993 = FACE_BOUND('',#7994,.F.);
#7994 = EDGE_LOOP('',(#7995,#7996,#7997,#7998));
#7995 = ORIENTED_EDGE('',*,*,#7396,.T.);
#7996 = ORIENTED_EDGE('',*,*,#7212,.T.);
#7997 = ORIENTED_EDGE('',*,*,#7258,.F.);
#7998 = ORIENTED_EDGE('',*,*,#7307,.F.);
#7999 = PLANE('',#8000);
#8000 = AXIS2_PLACEMENT_3D('',#8001,#8002,#8003);
#8001 = CARTESIAN_POINT('',(-0.45,1.75,4.2));
#8002 = DIRECTION('',(-1.224646799147E-16,-1.,0.));
#8003 = DIRECTION('',(-1.,1.224646799147E-16,0.));
#8004 = ADVANCED_FACE('',(#8005,#8034,#8068),#8102,.T.);
#8005 = FACE_BOUND('',#8006,.T.);
#8006 = EDGE_LOOP('',(#8007,#8008,#8009,#8010,#8011,#8019,#8027,#8033));
#8007 = ORIENTED_EDGE('',*,*,#7581,.T.);
#8008 = ORIENTED_EDGE('',*,*,#7609,.T.);
#8009 = ORIENTED_EDGE('',*,*,#7673,.T.);
#8010 = ORIENTED_EDGE('',*,*,#7714,.T.);
#8011 = ORIENTED_EDGE('',*,*,#8012,.F.);
#8012 = EDGE_CURVE('',#8013,#7715,#8015,.T.);
#8013 = VERTEX_POINT('',#8014);
#8014 = CARTESIAN_POINT('',(0.8,-2.,1.8));
#8015 = LINE('',#8016,#8017);
#8016 = CARTESIAN_POINT('',(0.8,-2.,1.8));
#8017 = VECTOR('',#8018,1.);
#8018 = DIRECTION('',(-1.224646799147E-16,-1.,0.));
#8019 = ORIENTED_EDGE('',*,*,#8020,.F.);
#8020 = EDGE_CURVE('',#8021,#8013,#8023,.T.);
#8021 = VERTEX_POINT('',#8022);
#8022 = CARTESIAN_POINT('',(1.2,-2.,1.8));
#8023 = LINE('',#8024,#8025);
#8024 = CARTESIAN_POINT('',(1.2,-2.,1.8));
#8025 = VECTOR('',#8026,1.);
#8026 = DIRECTION('',(-1.,1.224646799147E-16,0.));
#8027 = ORIENTED_EDGE('',*,*,#8028,.F.);
#8028 = EDGE_CURVE('',#7739,#8021,#8029,.T.);
#8029 = LINE('',#8030,#8031);
#8030 = CARTESIAN_POINT('',(1.2,-2.3,1.8));
#8031 = VECTOR('',#8032,1.);
#8032 = DIRECTION('',(1.224646799147E-16,1.,0.));
#8033 = ORIENTED_EDGE('',*,*,#7746,.T.);
#8034 = FACE_BOUND('',#8035,.T.);
#8035 = EDGE_LOOP('',(#8036,#8046,#8054,#8062));
#8036 = ORIENTED_EDGE('',*,*,#8037,.T.);
#8037 = EDGE_CURVE('',#8038,#8040,#8042,.T.);
#8038 = VERTEX_POINT('',#8039);
#8039 = CARTESIAN_POINT('',(1.75,0.25,1.8));
#8040 = VERTEX_POINT('',#8041);
#8041 = CARTESIAN_POINT('',(2.25,0.25,1.8));
#8042 = LINE('',#8043,#8044);
#8043 = CARTESIAN_POINT('',(1.625,0.25,1.8));
#8044 = VECTOR('',#8045,1.);
#8045 = DIRECTION('',(1.,-1.224646799147E-16,0.));
#8046 = ORIENTED_EDGE('',*,*,#8047,.T.);
#8047 = EDGE_CURVE('',#8040,#8048,#8050,.T.);
#8048 = VERTEX_POINT('',#8049);
#8049 = CARTESIAN_POINT('',(2.25,-0.25,1.8));
#8050 = LINE('',#8051,#8052);
#8051 = CARTESIAN_POINT('',(2.25,-0.278366783637,1.8));
#8052 = VECTOR('',#8053,1.);
#8053 = DIRECTION('',(-1.224646799147E-16,-1.,0.));
#8054 = ORIENTED_EDGE('',*,*,#8055,.T.);
#8055 = EDGE_CURVE('',#8048,#8056,#8058,.T.);
#8056 = VERTEX_POINT('',#8057);
#8057 = CARTESIAN_POINT('',(1.75,-0.25,1.8));
#8058 = LINE('',#8059,#8060);
#8059 = CARTESIAN_POINT('',(1.625,-0.25,1.8));
#8060 = VECTOR('',#8061,1.);
#8061 = DIRECTION('',(-1.,1.224646799147E-16,0.));
#8062 = ORIENTED_EDGE('',*,*,#8063,.F.);
#8063 = EDGE_CURVE('',#8038,#8056,#8064,.T.);
#8064 = LINE('',#8065,#8066);
#8065 = CARTESIAN_POINT('',(1.75,-0.278366783637,1.8));
#8066 = VECTOR('',#8067,1.);
#8067 = DIRECTION('',(-1.224646799147E-16,-1.,0.));
#8068 = FACE_BOUND('',#8069,.T.);
#8069 = EDGE_LOOP('',(#8070,#8080,#8088,#8096));
#8070 = ORIENTED_EDGE('',*,*,#8071,.T.);
#8071 = EDGE_CURVE('',#8072,#8074,#8076,.T.);
#8072 = VERTEX_POINT('',#8073);
#8073 = CARTESIAN_POINT('',(-0.25,0.25,1.8));
#8074 = VERTEX_POINT('',#8075);
#8075 = CARTESIAN_POINT('',(0.25,0.25,1.8));
#8076 = LINE('',#8077,#8078);
#8077 = CARTESIAN_POINT('',(0.625,0.25,1.8));
#8078 = VECTOR('',#8079,1.);
#8079 = DIRECTION('',(1.,-1.224646799147E-16,0.));
#8080 = ORIENTED_EDGE('',*,*,#8081,.T.);
#8081 = EDGE_CURVE('',#8074,#8082,#8084,.T.);
#8082 = VERTEX_POINT('',#8083);
#8083 = CARTESIAN_POINT('',(0.25,-0.25,1.8));
#8084 = LINE('',#8085,#8086);
#8085 = CARTESIAN_POINT('',(0.25,-0.278366783637,1.8));
#8086 = VECTOR('',#8087,1.);
#8087 = DIRECTION('',(-1.224646799147E-16,-1.,0.));
#8088 = ORIENTED_EDGE('',*,*,#8089,.T.);
#8089 = EDGE_CURVE('',#8082,#8090,#8092,.T.);
#8090 = VERTEX_POINT('',#8091);
#8091 = CARTESIAN_POINT('',(-0.25,-0.25,1.8));
#8092 = LINE('',#8093,#8094);
#8093 = CARTESIAN_POINT('',(0.625,-0.25,1.8));
#8094 = VECTOR('',#8095,1.);
#8095 = DIRECTION('',(-1.,1.224646799147E-16,0.));
#8096 = ORIENTED_EDGE('',*,*,#8097,.F.);
#8097 = EDGE_CURVE('',#8072,#8090,#8098,.T.);
#8098 = LINE('',#8099,#8100);
#8099 = CARTESIAN_POINT('',(-0.25,-0.278366783637,1.8));
#8100 = VECTOR('',#8101,1.);
#8101 = DIRECTION('',(-1.224646799147E-16,-1.,0.));
#8102 = PLANE('',#8103);
#8103 = AXIS2_PLACEMENT_3D('',#8104,#8105,#8106);
#8104 = CARTESIAN_POINT('',(1.,-0.6,1.8));
#8105 = DIRECTION('',(0.,0.,1.));
#8106 = DIRECTION('',(-1.,1.224646799147E-16,0.));
#8107 = ADVANCED_FACE('',(#8108),#8126,.F.);
#8108 = FACE_BOUND('',#8109,.F.);
#8109 = EDGE_LOOP('',(#8110,#8111,#8119,#8125));
#8110 = ORIENTED_EDGE('',*,*,#7738,.T.);
#8111 = ORIENTED_EDGE('',*,*,#8112,.T.);
#8112 = EDGE_CURVE('',#7731,#8113,#8115,.T.);
#8113 = VERTEX_POINT('',#8114);
#8114 = CARTESIAN_POINT('',(1.2,-2.,3.7));
#8115 = LINE('',#8116,#8117);
#8116 = CARTESIAN_POINT('',(1.2,-2.3,3.7));
#8117 = VECTOR('',#8118,1.);
#8118 = DIRECTION('',(1.224646799147E-16,1.,0.));
#8119 = ORIENTED_EDGE('',*,*,#8120,.F.);
#8120 = EDGE_CURVE('',#8021,#8113,#8121,.T.);
#8121 = LINE('',#8122,#8123);
#8122 = CARTESIAN_POINT('',(1.2,-2.,1.8));
#8123 = VECTOR('',#8124,1.);
#8124 = DIRECTION('',(0.,0.,1.));
#8125 = ORIENTED_EDGE('',*,*,#8028,.F.);
#8126 = PLANE('',#8127);
#8127 = AXIS2_PLACEMENT_3D('',#8128,#8129,#8130);
#8128 = CARTESIAN_POINT('',(1.2,-2.3,1.8));
#8129 = DIRECTION('',(-1.,1.224646799147E-16,0.));
#8130 = DIRECTION('',(1.224646799147E-16,1.,0.));
#8131 = ADVANCED_FACE('',(#8132),#8150,.T.);
#8132 = FACE_BOUND('',#8133,.T.);
#8133 = EDGE_LOOP('',(#8134,#8142,#8148,#8149));
#8134 = ORIENTED_EDGE('',*,*,#8135,.T.);
#8135 = EDGE_CURVE('',#8113,#8136,#8138,.T.);
#8136 = VERTEX_POINT('',#8137);
#8137 = CARTESIAN_POINT('',(0.8,-2.,3.7));
#8138 = LINE('',#8139,#8140);
#8139 = CARTESIAN_POINT('',(1.2,-2.,3.7));
#8140 = VECTOR('',#8141,1.);
#8141 = DIRECTION('',(-1.,1.224646799147E-16,0.));
#8142 = ORIENTED_EDGE('',*,*,#8143,.T.);
#8143 = EDGE_CURVE('',#8136,#7723,#8144,.T.);
#8144 = LINE('',#8145,#8146);
#8145 = CARTESIAN_POINT('',(0.8,-2.,3.7));
#8146 = VECTOR('',#8147,1.);
#8147 = DIRECTION('',(-1.224646799147E-16,-1.,0.));
#8148 = ORIENTED_EDGE('',*,*,#7730,.T.);
#8149 = ORIENTED_EDGE('',*,*,#8112,.T.);
#8150 = PLANE('',#8151);
#8151 = AXIS2_PLACEMENT_3D('',#8152,#8153,#8154);
#8152 = CARTESIAN_POINT('',(1.,-2.15,3.7));
#8153 = DIRECTION('',(0.,0.,1.));
#8154 = DIRECTION('',(-1.,1.224646799147E-16,0.));
#8155 = ADVANCED_FACE('',(#8156),#8167,.F.);
#8156 = FACE_BOUND('',#8157,.F.);
#8157 = EDGE_LOOP('',(#8158,#8164,#8165,#8166));
#8158 = ORIENTED_EDGE('',*,*,#8159,.T.);
#8159 = EDGE_CURVE('',#8013,#8136,#8160,.T.);
#8160 = LINE('',#8161,#8162);
#8161 = CARTESIAN_POINT('',(0.8,-2.,1.8));
#8162 = VECTOR('',#8163,1.);
#8163 = DIRECTION('',(0.,0.,1.));
#8164 = ORIENTED_EDGE('',*,*,#8143,.T.);
#8165 = ORIENTED_EDGE('',*,*,#7722,.F.);
#8166 = ORIENTED_EDGE('',*,*,#8012,.F.);
#8167 = PLANE('',#8168);
#8168 = AXIS2_PLACEMENT_3D('',#8169,#8170,#8171);
#8169 = CARTESIAN_POINT('',(0.8,-2.,1.8));
#8170 = DIRECTION('',(1.,-1.224646799147E-16,0.));
#8171 = DIRECTION('',(-1.224646799147E-16,-1.,0.));
#8172 = ADVANCED_FACE('',(#8173),#8198,.F.);
#8173 = FACE_BOUND('',#8174,.F.);
#8174 = EDGE_LOOP('',(#8175,#8183,#8184,#8192));
#8175 = ORIENTED_EDGE('',*,*,#8176,.F.);
#8176 = EDGE_CURVE('',#7770,#8177,#8179,.T.);
#8177 = VERTEX_POINT('',#8178);
#8178 = CARTESIAN_POINT('',(0.25,0.25,-0.9));
#8179 = LINE('',#8180,#8181);
#8180 = CARTESIAN_POINT('',(0.25,0.25,5.));
#8181 = VECTOR('',#8182,1.);
#8182 = DIRECTION('',(-0.,0.,-1.));
#8183 = ORIENTED_EDGE('',*,*,#7767,.F.);
#8184 = ORIENTED_EDGE('',*,*,#8185,.T.);
#8185 = EDGE_CURVE('',#7768,#8186,#8188,.T.);
#8186 = VERTEX_POINT('',#8187);
#8187 = CARTESIAN_POINT('',(-0.25,0.25,-0.9));
#8188 = LINE('',#8189,#8190);
#8189 = CARTESIAN_POINT('',(-0.25,0.25,5.));
#8190 = VECTOR('',#8191,1.);
#8191 = DIRECTION('',(-0.,0.,-1.));
#8192 = ORIENTED_EDGE('',*,*,#8193,.F.);
#8193 = EDGE_CURVE('',#8177,#8186,#8194,.T.);
#8194 = LINE('',#8195,#8196);
#8195 = CARTESIAN_POINT('',(0.25,0.25,-0.9));
#8196 = VECTOR('',#8197,1.);
#8197 = DIRECTION('',(-1.,1.224646799147E-16,0.));
#8198 = PLANE('',#8199);
#8199 = AXIS2_PLACEMENT_3D('',#8200,#8201,#8202);
#8200 = CARTESIAN_POINT('',(0.25,0.25,5.));
#8201 = DIRECTION('',(-1.224646799147E-16,-1.,0.));
#8202 = DIRECTION('',(-0.,0.,-1.));
#8203 = ADVANCED_FACE('',(#8204),#8254,.T.);
#8204 = FACE_BOUND('',#8205,.T.);
#8205 = EDGE_LOOP('',(#8206,#8216,#8224,#8232,#8238,#8239,#8240,#8248));
#8206 = ORIENTED_EDGE('',*,*,#8207,.T.);
#8207 = EDGE_CURVE('',#8208,#8210,#8212,.T.);
#8208 = VERTEX_POINT('',#8209);
#8209 = CARTESIAN_POINT('',(-0.25,0.281578947368,-3.2));
#8210 = VERTEX_POINT('',#8211);
#8211 = CARTESIAN_POINT('',(-0.25,-0.218421052632,-3.2));
#8212 = LINE('',#8213,#8214);
#8213 = CARTESIAN_POINT('',(-0.25,0.25,-3.2));
#8214 = VECTOR('',#8215,1.);
#8215 = DIRECTION('',(-1.224646799147E-16,-1.,0.));
#8216 = ORIENTED_EDGE('',*,*,#8217,.T.);
#8217 = EDGE_CURVE('',#8210,#8218,#8220,.T.);
#8218 = VERTEX_POINT('',#8219);
#8219 = CARTESIAN_POINT('',(-0.25,5.E-02,-1.5));
#8220 = LINE('',#8221,#8222);
#8221 = CARTESIAN_POINT('',(-0.25,-0.25,-3.4));
#8222 = VECTOR('',#8223,1.);
#8223 = DIRECTION('',(1.909990663905E-17,0.155962573473,0.987762965329)
  );
#8224 = ORIENTED_EDGE('',*,*,#8225,.T.);
#8225 = EDGE_CURVE('',#8218,#8226,#8228,.T.);
#8226 = VERTEX_POINT('',#8227);
#8227 = CARTESIAN_POINT('',(-0.25,-0.25,-0.9));
#8228 = LINE('',#8229,#8230);
#8229 = CARTESIAN_POINT('',(-0.25,5.E-02,-1.5));
#8230 = VECTOR('',#8231,1.);
#8231 = DIRECTION('',(-5.476786982641E-17,-0.4472135955,0.894427191));
#8232 = ORIENTED_EDGE('',*,*,#8233,.T.);
#8233 = EDGE_CURVE('',#8226,#7786,#8234,.T.);
#8234 = LINE('',#8235,#8236);
#8235 = CARTESIAN_POINT('',(-0.25,-0.25,-0.9));
#8236 = VECTOR('',#8237,1.);
#8237 = DIRECTION('',(0.,0.,1.));
#8238 = ORIENTED_EDGE('',*,*,#7793,.F.);
#8239 = ORIENTED_EDGE('',*,*,#8185,.T.);
#8240 = ORIENTED_EDGE('',*,*,#8241,.T.);
#8241 = EDGE_CURVE('',#8186,#8242,#8244,.T.);
#8242 = VERTEX_POINT('',#8243);
#8243 = CARTESIAN_POINT('',(-0.25,0.55,-1.5));
#8244 = LINE('',#8245,#8246);
#8245 = CARTESIAN_POINT('',(-0.25,0.25,-0.9));
#8246 = VECTOR('',#8247,1.);
#8247 = DIRECTION('',(5.476786982641E-17,0.4472135955,-0.894427191));
#8248 = ORIENTED_EDGE('',*,*,#8249,.T.);
#8249 = EDGE_CURVE('',#8242,#8208,#8250,.T.);
#8250 = LINE('',#8251,#8252);
#8251 = CARTESIAN_POINT('',(-0.25,0.55,-1.5));
#8252 = VECTOR('',#8253,1.);
#8253 = DIRECTION('',(-1.909990663905E-17,-0.155962573473,
    -0.987762965329));
#8254 = PLANE('',#8255);
#8255 = AXIS2_PLACEMENT_3D('',#8256,#8257,#8258);
#8256 = CARTESIAN_POINT('',(-0.25,4.326643272645E-02,0.775746953017));
#8257 = DIRECTION('',(-1.,1.224646799147E-16,0.));
#8258 = DIRECTION('',(0.,0.,1.));
#8259 = ADVANCED_FACE('',(#8260),#8278,.F.);
#8260 = FACE_BOUND('',#8261,.F.);
#8261 = EDGE_LOOP('',(#8262,#8270,#8276,#8277));
#8262 = ORIENTED_EDGE('',*,*,#8263,.F.);
#8263 = EDGE_CURVE('',#8264,#7778,#8266,.T.);
#8264 = VERTEX_POINT('',#8265);
#8265 = CARTESIAN_POINT('',(0.25,-0.25,-0.9));
#8266 = LINE('',#8267,#8268);
#8267 = CARTESIAN_POINT('',(0.25,-0.25,-0.9));
#8268 = VECTOR('',#8269,1.);
#8269 = DIRECTION('',(0.,0.,1.));
#8270 = ORIENTED_EDGE('',*,*,#8271,.T.);
#8271 = EDGE_CURVE('',#8264,#8226,#8272,.T.);
#8272 = LINE('',#8273,#8274);
#8273 = CARTESIAN_POINT('',(0.25,-0.25,-0.9));
#8274 = VECTOR('',#8275,1.);
#8275 = DIRECTION('',(-1.,1.224646799147E-16,0.));
#8276 = ORIENTED_EDGE('',*,*,#8233,.T.);
#8277 = ORIENTED_EDGE('',*,*,#7785,.F.);
#8278 = PLANE('',#8279);
#8279 = AXIS2_PLACEMENT_3D('',#8280,#8281,#8282);
#8280 = CARTESIAN_POINT('',(0.25,-0.25,-0.9));
#8281 = DIRECTION('',(1.224646799147E-16,1.,0.));
#8282 = DIRECTION('',(0.,-0.,1.));
#8283 = ADVANCED_FACE('',(#8284),#8327,.F.);
#8284 = FACE_BOUND('',#8285,.F.);
#8285 = EDGE_LOOP('',(#8286,#8296,#8304,#8310,#8311,#8312,#8313,#8321));
#8286 = ORIENTED_EDGE('',*,*,#8287,.T.);
#8287 = EDGE_CURVE('',#8288,#8290,#8292,.T.);
#8288 = VERTEX_POINT('',#8289);
#8289 = CARTESIAN_POINT('',(0.25,0.281578947368,-3.2));
#8290 = VERTEX_POINT('',#8291);
#8291 = CARTESIAN_POINT('',(0.25,-0.218421052632,-3.2));
#8292 = LINE('',#8293,#8294);
#8293 = CARTESIAN_POINT('',(0.25,0.25,-3.2));
#8294 = VECTOR('',#8295,1.);
#8295 = DIRECTION('',(-1.224646799147E-16,-1.,0.));
#8296 = ORIENTED_EDGE('',*,*,#8297,.T.);
#8297 = EDGE_CURVE('',#8290,#8298,#8300,.T.);
#8298 = VERTEX_POINT('',#8299);
#8299 = CARTESIAN_POINT('',(0.25,5.E-02,-1.5));
#8300 = LINE('',#8301,#8302);
#8301 = CARTESIAN_POINT('',(0.25,-0.25,-3.4));
#8302 = VECTOR('',#8303,1.);
#8303 = DIRECTION('',(1.909990663905E-17,0.155962573473,0.987762965329)
  );
#8304 = ORIENTED_EDGE('',*,*,#8305,.T.);
#8305 = EDGE_CURVE('',#8298,#8264,#8306,.T.);
#8306 = LINE('',#8307,#8308);
#8307 = CARTESIAN_POINT('',(0.25,5.E-02,-1.5));
#8308 = VECTOR('',#8309,1.);
#8309 = DIRECTION('',(-5.476786982641E-17,-0.4472135955,0.894427191));
#8310 = ORIENTED_EDGE('',*,*,#8263,.T.);
#8311 = ORIENTED_EDGE('',*,*,#7777,.F.);
#8312 = ORIENTED_EDGE('',*,*,#8176,.T.);
#8313 = ORIENTED_EDGE('',*,*,#8314,.T.);
#8314 = EDGE_CURVE('',#8177,#8315,#8317,.T.);
#8315 = VERTEX_POINT('',#8316);
#8316 = CARTESIAN_POINT('',(0.25,0.55,-1.5));
#8317 = LINE('',#8318,#8319);
#8318 = CARTESIAN_POINT('',(0.25,0.25,-0.9));
#8319 = VECTOR('',#8320,1.);
#8320 = DIRECTION('',(5.476786982641E-17,0.4472135955,-0.894427191));
#8321 = ORIENTED_EDGE('',*,*,#8322,.T.);
#8322 = EDGE_CURVE('',#8315,#8288,#8323,.T.);
#8323 = LINE('',#8324,#8325);
#8324 = CARTESIAN_POINT('',(0.25,0.55,-1.5));
#8325 = VECTOR('',#8326,1.);
#8326 = DIRECTION('',(-1.909990663905E-17,-0.155962573473,
    -0.987762965329));
#8327 = PLANE('',#8328);
#8328 = AXIS2_PLACEMENT_3D('',#8329,#8330,#8331);
#8329 = CARTESIAN_POINT('',(0.25,4.326643272645E-02,0.775746953017));
#8330 = DIRECTION('',(-1.,1.224646799147E-16,0.));
#8331 = DIRECTION('',(0.,0.,1.));
#8332 = ADVANCED_FACE('',(#8333),#8344,.F.);
#8333 = FACE_BOUND('',#8334,.F.);
#8334 = EDGE_LOOP('',(#8335,#8336,#8337,#8343));
#8335 = ORIENTED_EDGE('',*,*,#7853,.T.);
#8336 = ORIENTED_EDGE('',*,*,#7901,.T.);
#8337 = ORIENTED_EDGE('',*,*,#8338,.F.);
#8338 = EDGE_CURVE('',#7975,#7902,#8339,.T.);
#8339 = LINE('',#8340,#8341);
#8340 = CARTESIAN_POINT('',(2.25,0.55,-1.5));
#8341 = VECTOR('',#8342,1.);
#8342 = DIRECTION('',(-1.,1.224646799147E-16,0.));
#8343 = ORIENTED_EDGE('',*,*,#7974,.F.);
#8344 = PLANE('',#8345);
#8345 = AXIS2_PLACEMENT_3D('',#8346,#8347,#8348);
#8346 = CARTESIAN_POINT('',(2.25,0.25,-0.9));
#8347 = DIRECTION('',(-1.095357396528E-16,-0.894427191,-0.4472135955));
#8348 = DIRECTION('',(5.476786982641E-17,0.4472135955,-0.894427191));
#8349 = ADVANCED_FACE('',(#8350),#8391,.F.);
#8350 = FACE_BOUND('',#8351,.T.);
#8351 = EDGE_LOOP('',(#8352,#8362,#8368,#8369,#8377,#8385));
#8352 = ORIENTED_EDGE('',*,*,#8353,.T.);
#8353 = EDGE_CURVE('',#8354,#8356,#8358,.T.);
#8354 = VERTEX_POINT('',#8355);
#8355 = CARTESIAN_POINT('',(1.95,-5.E-02,-3.4));
#8356 = VERTEX_POINT('',#8357);
#8357 = CARTESIAN_POINT('',(1.752447406934,-0.218807485305,
    -3.202447406934));
#8358 = LINE('',#8359,#8360);
#8359 = CARTESIAN_POINT('',(1.983963101414,-2.097873708559E-02,
    -3.433963101414));
#8360 = VECTOR('',#8361,1.);
#8361 = DIRECTION('',(-0.605209817607,-0.517148096144,0.605209817607));
#8362 = ORIENTED_EDGE('',*,*,#8363,.T.);
#8363 = EDGE_CURVE('',#8356,#7870,#8364,.T.);
#8364 = LINE('',#8365,#8366);
#8365 = CARTESIAN_POINT('',(1.955198358413,-0.250820793434,
    -3.405198358413));
#8366 = VECTOR('',#8367,1.);
#8367 = DIRECTION('',(-0.702740385383,0.110959008218,0.702740385383));
#8368 = ORIENTED_EDGE('',*,*,#7867,.F.);
#8369 = ORIENTED_EDGE('',*,*,#8370,.F.);
#8370 = EDGE_CURVE('',#8371,#7868,#8373,.T.);
#8371 = VERTEX_POINT('',#8372);
#8372 = CARTESIAN_POINT('',(1.752447406934,0.281192514695,
    -3.202447406934));
#8373 = LINE('',#8374,#8375);
#8374 = CARTESIAN_POINT('',(1.493844049248,0.322024623803,
    -2.943844049248));
#8375 = VECTOR('',#8376,1.);
#8376 = DIRECTION('',(-0.702740385383,0.110959008218,0.702740385383));
#8377 = ORIENTED_EDGE('',*,*,#8378,.F.);
#8378 = EDGE_CURVE('',#8379,#8371,#8381,.T.);
#8379 = VERTEX_POINT('',#8380);
#8380 = CARTESIAN_POINT('',(1.95,5.E-02,-3.4));
#8381 = LINE('',#8382,#8383);
#8382 = CARTESIAN_POINT('',(1.895376695718,0.113924744707,
    -3.345376695718));
#8383 = VECTOR('',#8384,1.);
#8384 = DIRECTION('',(-0.544770019249,0.63753529491,0.544770019249));
#8385 = ORIENTED_EDGE('',*,*,#8386,.T.);
#8386 = EDGE_CURVE('',#8379,#8354,#8387,.T.);
#8387 = LINE('',#8388,#8389);
#8388 = CARTESIAN_POINT('',(1.95,0.25,-3.4));
#8389 = VECTOR('',#8390,1.);
#8390 = DIRECTION('',(-1.224646799147E-16,-1.,0.));
#8391 = PLANE('',#8392);
#8392 = AXIS2_PLACEMENT_3D('',#8393,#8394,#8395);
#8393 = CARTESIAN_POINT('',(1.85,0.25,-3.3));
#8394 = DIRECTION('',(0.707106781187,-8.833102285013E-17,0.707106781187)
  );
#8395 = DIRECTION('',(1.236918052038E-16,1.,1.227125289097E-18));
#8396 = ADVANCED_FACE('',(#8397),#8417,.F.);
#8397 = FACE_BOUND('',#8398,.F.);
#8398 = EDGE_LOOP('',(#8399,#8400,#8401,#8402,#8403,#8411));
#8399 = ORIENTED_EDGE('',*,*,#7982,.F.);
#8400 = ORIENTED_EDGE('',*,*,#8338,.T.);
#8401 = ORIENTED_EDGE('',*,*,#7909,.T.);
#8402 = ORIENTED_EDGE('',*,*,#8370,.F.);
#8403 = ORIENTED_EDGE('',*,*,#8404,.F.);
#8404 = EDGE_CURVE('',#8405,#8371,#8407,.T.);
#8405 = VERTEX_POINT('',#8406);
#8406 = CARTESIAN_POINT('',(2.247552593066,0.281192514695,
    -3.202447406934));
#8407 = LINE('',#8408,#8409);
#8408 = CARTESIAN_POINT('',(2.25,0.281192514695,-3.202447406934));
#8409 = VECTOR('',#8410,1.);
#8410 = DIRECTION('',(-1.,1.224646799147E-16,0.));
#8411 = ORIENTED_EDGE('',*,*,#8412,.T.);
#8412 = EDGE_CURVE('',#8405,#7948,#8413,.T.);
#8413 = LINE('',#8414,#8415);
#8414 = CARTESIAN_POINT('',(2.629616963064,0.341518467852,
    -2.820383036936));
#8415 = VECTOR('',#8416,1.);
#8416 = DIRECTION('',(0.702740385383,0.110959008218,0.702740385383));
#8417 = PLANE('',#8418);
#8418 = AXIS2_PLACEMENT_3D('',#8419,#8420,#8421);
#8419 = CARTESIAN_POINT('',(2.25,0.55,-1.5));
#8420 = DIRECTION('',(-1.209660753807E-16,-0.987762965329,0.155962573473
    ));
#8421 = DIRECTION('',(-1.909990663905E-17,-0.155962573473,
    -0.987762965329));
#8422 = ADVANCED_FACE('',(#8423),#8434,.F.);
#8423 = FACE_BOUND('',#8424,.F.);
#8424 = EDGE_LOOP('',(#8425,#8431,#8432,#8433));
#8425 = ORIENTED_EDGE('',*,*,#8426,.T.);
#8426 = EDGE_CURVE('',#7958,#7878,#8427,.T.);
#8427 = LINE('',#8428,#8429);
#8428 = CARTESIAN_POINT('',(2.25,5.E-02,-1.5));
#8429 = VECTOR('',#8430,1.);
#8430 = DIRECTION('',(-1.,1.224646799147E-16,0.));
#8431 = ORIENTED_EDGE('',*,*,#7885,.T.);
#8432 = ORIENTED_EDGE('',*,*,#7931,.F.);
#8433 = ORIENTED_EDGE('',*,*,#7965,.F.);
#8434 = PLANE('',#8435);
#8435 = AXIS2_PLACEMENT_3D('',#8436,#8437,#8438);
#8436 = CARTESIAN_POINT('',(2.25,5.E-02,-1.5));
#8437 = DIRECTION('',(1.095357396528E-16,0.894427191,0.4472135955));
#8438 = DIRECTION('',(-5.476786982641E-17,-0.4472135955,0.894427191));
#8439 = ADVANCED_FACE('',(#8440),#8460,.F.);
#8440 = FACE_BOUND('',#8441,.F.);
#8441 = EDGE_LOOP('',(#8442,#8443,#8451,#8457,#8458,#8459));
#8442 = ORIENTED_EDGE('',*,*,#7957,.F.);
#8443 = ORIENTED_EDGE('',*,*,#8444,.F.);
#8444 = EDGE_CURVE('',#8445,#7950,#8447,.T.);
#8445 = VERTEX_POINT('',#8446);
#8446 = CARTESIAN_POINT('',(2.247552593066,-0.218807485305,
    -3.202447406934));
#8447 = LINE('',#8448,#8449);
#8448 = CARTESIAN_POINT('',(2.168262653899,-0.231326949384,
    -3.281737346101));
#8449 = VECTOR('',#8450,1.);
#8450 = DIRECTION('',(0.702740385383,0.110959008218,0.702740385383));
#8451 = ORIENTED_EDGE('',*,*,#8452,.T.);
#8452 = EDGE_CURVE('',#8445,#8356,#8453,.T.);
#8453 = LINE('',#8454,#8455);
#8454 = CARTESIAN_POINT('',(2.25,-0.218807485305,-3.202447406934));
#8455 = VECTOR('',#8456,1.);
#8456 = DIRECTION('',(-1.,1.224646799147E-16,0.));
#8457 = ORIENTED_EDGE('',*,*,#8363,.T.);
#8458 = ORIENTED_EDGE('',*,*,#7877,.T.);
#8459 = ORIENTED_EDGE('',*,*,#8426,.F.);
#8460 = PLANE('',#8461);
#8461 = AXIS2_PLACEMENT_3D('',#8462,#8463,#8464);
#8462 = CARTESIAN_POINT('',(2.25,-0.25,-3.4));
#8463 = DIRECTION('',(1.209660753807E-16,0.987762965329,-0.155962573473)
  );
#8464 = DIRECTION('',(1.909990663905E-17,0.155962573473,0.987762965329)
  );
#8465 = ADVANCED_FACE('',(#8466),#8493,.T.);
#8466 = FACE_BOUND('',#8467,.F.);
#8467 = EDGE_LOOP('',(#8468,#8476,#8477,#8478,#8479,#8487));
#8468 = ORIENTED_EDGE('',*,*,#8469,.T.);
#8469 = EDGE_CURVE('',#8470,#8445,#8472,.T.);
#8470 = VERTEX_POINT('',#8471);
#8471 = CARTESIAN_POINT('',(2.05,-5.E-02,-3.4));
#8472 = LINE('',#8473,#8474);
#8473 = CARTESIAN_POINT('',(2.107606629418,-9.922451332131E-02,
    -3.342393370582));
#8474 = VECTOR('',#8475,1.);
#8475 = DIRECTION('',(0.605209817607,-0.517148096144,0.605209817607));
#8476 = ORIENTED_EDGE('',*,*,#8444,.T.);
#8477 = ORIENTED_EDGE('',*,*,#7947,.F.);
#8478 = ORIENTED_EDGE('',*,*,#8412,.F.);
#8479 = ORIENTED_EDGE('',*,*,#8480,.F.);
#8480 = EDGE_CURVE('',#8481,#8405,#8483,.T.);
#8481 = VERTEX_POINT('',#8482);
#8482 = CARTESIAN_POINT('',(2.05,5.E-02,-3.4));
#8483 = LINE('',#8484,#8485);
#8484 = CARTESIAN_POINT('',(2.17881689775,0.200752273427,-3.27118310225)
  );
#8485 = VECTOR('',#8486,1.);
#8486 = DIRECTION('',(0.544770019249,0.63753529491,0.544770019249));
#8487 = ORIENTED_EDGE('',*,*,#8488,.T.);
#8488 = EDGE_CURVE('',#8481,#8470,#8489,.T.);
#8489 = LINE('',#8490,#8491);
#8490 = CARTESIAN_POINT('',(2.05,0.25,-3.4));
#8491 = VECTOR('',#8492,1.);
#8492 = DIRECTION('',(-1.224646799147E-16,-1.,0.));
#8493 = PLANE('',#8494);
#8494 = AXIS2_PLACEMENT_3D('',#8495,#8496,#8497);
#8495 = CARTESIAN_POINT('',(2.15,0.25,-3.3));
#8496 = DIRECTION('',(0.707106781187,-8.486018839685E-17,-0.707106781187
    ));
#8497 = DIRECTION('',(1.212375546256E-16,1.,1.227125289196E-18));
#8498 = ADVANCED_FACE('',(#8499),#8505,.F.);
#8499 = FACE_BOUND('',#8500,.F.);
#8500 = EDGE_LOOP('',(#8501,#8502,#8503,#8504));
#8501 = ORIENTED_EDGE('',*,*,#8120,.T.);
#8502 = ORIENTED_EDGE('',*,*,#8135,.T.);
#8503 = ORIENTED_EDGE('',*,*,#8159,.F.);
#8504 = ORIENTED_EDGE('',*,*,#8020,.F.);
#8505 = PLANE('',#8506);
#8506 = AXIS2_PLACEMENT_3D('',#8507,#8508,#8509);
#8507 = CARTESIAN_POINT('',(1.2,-2.,1.8));
#8508 = DIRECTION('',(-1.224646799147E-16,-1.,0.));
#8509 = DIRECTION('',(-1.,1.224646799147E-16,0.));
#8510 = ADVANCED_FACE('',(#8511),#8536,.F.);
#8511 = FACE_BOUND('',#8512,.F.);
#8512 = EDGE_LOOP('',(#8513,#8521,#8529,#8535));
#8513 = ORIENTED_EDGE('',*,*,#8514,.F.);
#8514 = EDGE_CURVE('',#8515,#8040,#8517,.T.);
#8515 = VERTEX_POINT('',#8516);
#8516 = CARTESIAN_POINT('',(2.25,0.25,4.8));
#8517 = LINE('',#8518,#8519);
#8518 = CARTESIAN_POINT('',(2.25,0.25,5.));
#8519 = VECTOR('',#8520,1.);
#8520 = DIRECTION('',(-0.,0.,-1.));
#8521 = ORIENTED_EDGE('',*,*,#8522,.T.);
#8522 = EDGE_CURVE('',#8515,#8523,#8525,.T.);
#8523 = VERTEX_POINT('',#8524);
#8524 = CARTESIAN_POINT('',(1.75,0.25,4.8));
#8525 = LINE('',#8526,#8527);
#8526 = CARTESIAN_POINT('',(2.25,0.25,4.8));
#8527 = VECTOR('',#8528,1.);
#8528 = DIRECTION('',(-1.,1.224646799147E-16,0.));
#8529 = ORIENTED_EDGE('',*,*,#8530,.T.);
#8530 = EDGE_CURVE('',#8523,#8038,#8531,.T.);
#8531 = LINE('',#8532,#8533);
#8532 = CARTESIAN_POINT('',(1.75,0.25,5.));
#8533 = VECTOR('',#8534,1.);
#8534 = DIRECTION('',(-0.,0.,-1.));
#8535 = ORIENTED_EDGE('',*,*,#8037,.T.);
#8536 = PLANE('',#8537);
#8537 = AXIS2_PLACEMENT_3D('',#8538,#8539,#8540);
#8538 = CARTESIAN_POINT('',(2.25,0.25,5.));
#8539 = DIRECTION('',(-1.224646799147E-16,-1.,0.));
#8540 = DIRECTION('',(-0.,0.,-1.));
#8541 = ADVANCED_FACE('',(#8542),#8560,.T.);
#8542 = FACE_BOUND('',#8543,.T.);
#8543 = EDGE_LOOP('',(#8544,#8545,#8553,#8559));
#8544 = ORIENTED_EDGE('',*,*,#8063,.T.);
#8545 = ORIENTED_EDGE('',*,*,#8546,.T.);
#8546 = EDGE_CURVE('',#8056,#8547,#8549,.T.);
#8547 = VERTEX_POINT('',#8548);
#8548 = CARTESIAN_POINT('',(1.75,-0.25,4.8));
#8549 = LINE('',#8550,#8551);
#8550 = CARTESIAN_POINT('',(1.75,-0.25,-0.9));
#8551 = VECTOR('',#8552,1.);
#8552 = DIRECTION('',(0.,0.,1.));
#8553 = ORIENTED_EDGE('',*,*,#8554,.T.);
#8554 = EDGE_CURVE('',#8547,#8523,#8555,.T.);
#8555 = LINE('',#8556,#8557);
#8556 = CARTESIAN_POINT('',(1.75,-0.25,4.8));
#8557 = VECTOR('',#8558,1.);
#8558 = DIRECTION('',(1.224646799147E-16,1.,0.));
#8559 = ORIENTED_EDGE('',*,*,#8530,.T.);
#8560 = PLANE('',#8561);
#8561 = AXIS2_PLACEMENT_3D('',#8562,#8563,#8564);
#8562 = CARTESIAN_POINT('',(1.75,4.326643272645E-02,0.775746953017));
#8563 = DIRECTION('',(-1.,1.224646799147E-16,0.));
#8564 = DIRECTION('',(0.,0.,1.));
#8565 = ADVANCED_FACE('',(#8566),#8584,.F.);
#8566 = FACE_BOUND('',#8567,.F.);
#8567 = EDGE_LOOP('',(#8568,#8576,#8577,#8578));
#8568 = ORIENTED_EDGE('',*,*,#8569,.F.);
#8569 = EDGE_CURVE('',#8048,#8570,#8572,.T.);
#8570 = VERTEX_POINT('',#8571);
#8571 = CARTESIAN_POINT('',(2.25,-0.25,4.8));
#8572 = LINE('',#8573,#8574);
#8573 = CARTESIAN_POINT('',(2.25,-0.25,-0.9));
#8574 = VECTOR('',#8575,1.);
#8575 = DIRECTION('',(0.,0.,1.));
#8576 = ORIENTED_EDGE('',*,*,#8055,.T.);
#8577 = ORIENTED_EDGE('',*,*,#8546,.T.);
#8578 = ORIENTED_EDGE('',*,*,#8579,.F.);
#8579 = EDGE_CURVE('',#8570,#8547,#8580,.T.);
#8580 = LINE('',#8581,#8582);
#8581 = CARTESIAN_POINT('',(2.25,-0.25,4.8));
#8582 = VECTOR('',#8583,1.);
#8583 = DIRECTION('',(-1.,1.224646799147E-16,0.));
#8584 = PLANE('',#8585);
#8585 = AXIS2_PLACEMENT_3D('',#8586,#8587,#8588);
#8586 = CARTESIAN_POINT('',(2.25,-0.25,-0.9));
#8587 = DIRECTION('',(1.224646799147E-16,1.,0.));
#8588 = DIRECTION('',(0.,-0.,1.));
#8589 = ADVANCED_FACE('',(#8590),#8601,.F.);
#8590 = FACE_BOUND('',#8591,.F.);
#8591 = EDGE_LOOP('',(#8592,#8593,#8594,#8600));
#8592 = ORIENTED_EDGE('',*,*,#8047,.T.);
#8593 = ORIENTED_EDGE('',*,*,#8569,.T.);
#8594 = ORIENTED_EDGE('',*,*,#8595,.T.);
#8595 = EDGE_CURVE('',#8570,#8515,#8596,.T.);
#8596 = LINE('',#8597,#8598);
#8597 = CARTESIAN_POINT('',(2.25,-0.25,4.8));
#8598 = VECTOR('',#8599,1.);
#8599 = DIRECTION('',(1.224646799147E-16,1.,0.));
#8600 = ORIENTED_EDGE('',*,*,#8514,.T.);
#8601 = PLANE('',#8602);
#8602 = AXIS2_PLACEMENT_3D('',#8603,#8604,#8605);
#8603 = CARTESIAN_POINT('',(2.25,4.326643272645E-02,0.775746953017));
#8604 = DIRECTION('',(-1.,1.224646799147E-16,0.));
#8605 = DIRECTION('',(0.,0.,1.));
#8606 = ADVANCED_FACE('',(#8607),#8632,.F.);
#8607 = FACE_BOUND('',#8608,.F.);
#8608 = EDGE_LOOP('',(#8609,#8617,#8625,#8631));
#8609 = ORIENTED_EDGE('',*,*,#8610,.F.);
#8610 = EDGE_CURVE('',#8611,#8074,#8613,.T.);
#8611 = VERTEX_POINT('',#8612);
#8612 = CARTESIAN_POINT('',(0.25,0.25,4.8));
#8613 = LINE('',#8614,#8615);
#8614 = CARTESIAN_POINT('',(0.25,0.25,5.));
#8615 = VECTOR('',#8616,1.);
#8616 = DIRECTION('',(-0.,0.,-1.));
#8617 = ORIENTED_EDGE('',*,*,#8618,.T.);
#8618 = EDGE_CURVE('',#8611,#8619,#8621,.T.);
#8619 = VERTEX_POINT('',#8620);
#8620 = CARTESIAN_POINT('',(-0.25,0.25,4.8));
#8621 = LINE('',#8622,#8623);
#8622 = CARTESIAN_POINT('',(0.25,0.25,4.8));
#8623 = VECTOR('',#8624,1.);
#8624 = DIRECTION('',(-1.,1.224646799147E-16,0.));
#8625 = ORIENTED_EDGE('',*,*,#8626,.T.);
#8626 = EDGE_CURVE('',#8619,#8072,#8627,.T.);
#8627 = LINE('',#8628,#8629);
#8628 = CARTESIAN_POINT('',(-0.25,0.25,5.));
#8629 = VECTOR('',#8630,1.);
#8630 = DIRECTION('',(-0.,0.,-1.));
#8631 = ORIENTED_EDGE('',*,*,#8071,.T.);
#8632 = PLANE('',#8633);
#8633 = AXIS2_PLACEMENT_3D('',#8634,#8635,#8636);
#8634 = CARTESIAN_POINT('',(0.25,0.25,5.));
#8635 = DIRECTION('',(-1.224646799147E-16,-1.,0.));
#8636 = DIRECTION('',(-0.,0.,-1.));
#8637 = ADVANCED_FACE('',(#8638),#8656,.T.);
#8638 = FACE_BOUND('',#8639,.T.);
#8639 = EDGE_LOOP('',(#8640,#8641,#8649,#8655));
#8640 = ORIENTED_EDGE('',*,*,#8097,.T.);
#8641 = ORIENTED_EDGE('',*,*,#8642,.T.);
#8642 = EDGE_CURVE('',#8090,#8643,#8645,.T.);
#8643 = VERTEX_POINT('',#8644);
#8644 = CARTESIAN_POINT('',(-0.25,-0.25,4.8));
#8645 = LINE('',#8646,#8647);
#8646 = CARTESIAN_POINT('',(-0.25,-0.25,-0.9));
#8647 = VECTOR('',#8648,1.);
#8648 = DIRECTION('',(0.,0.,1.));
#8649 = ORIENTED_EDGE('',*,*,#8650,.T.);
#8650 = EDGE_CURVE('',#8643,#8619,#8651,.T.);
#8651 = LINE('',#8652,#8653);
#8652 = CARTESIAN_POINT('',(-0.25,-0.25,4.8));
#8653 = VECTOR('',#8654,1.);
#8654 = DIRECTION('',(1.224646799147E-16,1.,0.));
#8655 = ORIENTED_EDGE('',*,*,#8626,.T.);
#8656 = PLANE('',#8657);
#8657 = AXIS2_PLACEMENT_3D('',#8658,#8659,#8660);
#8658 = CARTESIAN_POINT('',(-0.25,4.326643272645E-02,0.775746953017));
#8659 = DIRECTION('',(-1.,1.224646799147E-16,0.));
#8660 = DIRECTION('',(0.,0.,1.));
#8661 = ADVANCED_FACE('',(#8662),#8680,.F.);
#8662 = FACE_BOUND('',#8663,.F.);
#8663 = EDGE_LOOP('',(#8664,#8672,#8673,#8674));
#8664 = ORIENTED_EDGE('',*,*,#8665,.F.);
#8665 = EDGE_CURVE('',#8082,#8666,#8668,.T.);
#8666 = VERTEX_POINT('',#8667);
#8667 = CARTESIAN_POINT('',(0.25,-0.25,4.8));
#8668 = LINE('',#8669,#8670);
#8669 = CARTESIAN_POINT('',(0.25,-0.25,-0.9));
#8670 = VECTOR('',#8671,1.);
#8671 = DIRECTION('',(0.,0.,1.));
#8672 = ORIENTED_EDGE('',*,*,#8089,.T.);
#8673 = ORIENTED_EDGE('',*,*,#8642,.T.);
#8674 = ORIENTED_EDGE('',*,*,#8675,.F.);
#8675 = EDGE_CURVE('',#8666,#8643,#8676,.T.);
#8676 = LINE('',#8677,#8678);
#8677 = CARTESIAN_POINT('',(0.25,-0.25,4.8));
#8678 = VECTOR('',#8679,1.);
#8679 = DIRECTION('',(-1.,1.224646799147E-16,0.));
#8680 = PLANE('',#8681);
#8681 = AXIS2_PLACEMENT_3D('',#8682,#8683,#8684);
#8682 = CARTESIAN_POINT('',(0.25,-0.25,-0.9));
#8683 = DIRECTION('',(1.224646799147E-16,1.,0.));
#8684 = DIRECTION('',(0.,-0.,1.));
#8685 = ADVANCED_FACE('',(#8686),#8697,.F.);
#8686 = FACE_BOUND('',#8687,.F.);
#8687 = EDGE_LOOP('',(#8688,#8689,#8690,#8696));
#8688 = ORIENTED_EDGE('',*,*,#8081,.T.);
#8689 = ORIENTED_EDGE('',*,*,#8665,.T.);
#8690 = ORIENTED_EDGE('',*,*,#8691,.T.);
#8691 = EDGE_CURVE('',#8666,#8611,#8692,.T.);
#8692 = LINE('',#8693,#8694);
#8693 = CARTESIAN_POINT('',(0.25,-0.25,4.8));
#8694 = VECTOR('',#8695,1.);
#8695 = DIRECTION('',(1.224646799147E-16,1.,0.));
#8696 = ORIENTED_EDGE('',*,*,#8610,.T.);
#8697 = PLANE('',#8698);
#8698 = AXIS2_PLACEMENT_3D('',#8699,#8700,#8701);
#8699 = CARTESIAN_POINT('',(0.25,4.326643272645E-02,0.775746953017));
#8700 = DIRECTION('',(-1.,1.224646799147E-16,0.));
#8701 = DIRECTION('',(0.,0.,1.));
#8702 = ADVANCED_FACE('',(#8703),#8714,.F.);
#8703 = FACE_BOUND('',#8704,.F.);
#8704 = EDGE_LOOP('',(#8705,#8706,#8707,#8713));
#8705 = ORIENTED_EDGE('',*,*,#8193,.T.);
#8706 = ORIENTED_EDGE('',*,*,#8241,.T.);
#8707 = ORIENTED_EDGE('',*,*,#8708,.F.);
#8708 = EDGE_CURVE('',#8315,#8242,#8709,.T.);
#8709 = LINE('',#8710,#8711);
#8710 = CARTESIAN_POINT('',(0.25,0.55,-1.5));
#8711 = VECTOR('',#8712,1.);
#8712 = DIRECTION('',(-1.,1.224646799147E-16,0.));
#8713 = ORIENTED_EDGE('',*,*,#8314,.F.);
#8714 = PLANE('',#8715);
#8715 = AXIS2_PLACEMENT_3D('',#8716,#8717,#8718);
#8716 = CARTESIAN_POINT('',(0.25,0.25,-0.9));
#8717 = DIRECTION('',(-1.095357396528E-16,-0.894427191,-0.4472135955));
#8718 = DIRECTION('',(5.476786982641E-17,0.4472135955,-0.894427191));
#8719 = ADVANCED_FACE('',(#8720),#8761,.F.);
#8720 = FACE_BOUND('',#8721,.T.);
#8721 = EDGE_LOOP('',(#8722,#8732,#8738,#8739,#8747,#8755));
#8722 = ORIENTED_EDGE('',*,*,#8723,.T.);
#8723 = EDGE_CURVE('',#8724,#8726,#8728,.T.);
#8724 = VERTEX_POINT('',#8725);
#8725 = CARTESIAN_POINT('',(-5.E-02,-5.E-02,-3.4));
#8726 = VERTEX_POINT('',#8727);
#8727 = CARTESIAN_POINT('',(-0.247552593066,-0.218807485305,
    -3.202447406934));
#8728 = LINE('',#8729,#8730);
#8729 = CARTESIAN_POINT('',(-1.603689858649E-02,-2.097873708559E-02,
    -3.433963101414));
#8730 = VECTOR('',#8731,1.);
#8731 = DIRECTION('',(-0.605209817607,-0.517148096144,0.605209817607));
#8732 = ORIENTED_EDGE('',*,*,#8733,.T.);
#8733 = EDGE_CURVE('',#8726,#8210,#8734,.T.);
#8734 = LINE('',#8735,#8736);
#8735 = CARTESIAN_POINT('',(-4.480164158687E-02,-0.250820793434,
    -3.405198358413));
#8736 = VECTOR('',#8737,1.);
#8737 = DIRECTION('',(-0.702740385383,0.110959008218,0.702740385383));
#8738 = ORIENTED_EDGE('',*,*,#8207,.F.);
#8739 = ORIENTED_EDGE('',*,*,#8740,.F.);
#8740 = EDGE_CURVE('',#8741,#8208,#8743,.T.);
#8741 = VERTEX_POINT('',#8742);
#8742 = CARTESIAN_POINT('',(-0.247552593066,0.281192514695,
    -3.202447406934));
#8743 = LINE('',#8744,#8745);
#8744 = CARTESIAN_POINT('',(-0.506155950752,0.322024623803,
    -2.943844049248));
#8745 = VECTOR('',#8746,1.);
#8746 = DIRECTION('',(-0.702740385383,0.110959008218,0.702740385383));
#8747 = ORIENTED_EDGE('',*,*,#8748,.F.);
#8748 = EDGE_CURVE('',#8749,#8741,#8751,.T.);
#8749 = VERTEX_POINT('',#8750);
#8750 = CARTESIAN_POINT('',(-5.E-02,5.E-02,-3.4));
#8751 = LINE('',#8752,#8753);
#8752 = CARTESIAN_POINT('',(-0.104623304282,0.113924744707,
    -3.345376695718));
#8753 = VECTOR('',#8754,1.);
#8754 = DIRECTION('',(-0.544770019249,0.63753529491,0.544770019249));
#8755 = ORIENTED_EDGE('',*,*,#8756,.T.);
#8756 = EDGE_CURVE('',#8749,#8724,#8757,.T.);
#8757 = LINE('',#8758,#8759);
#8758 = CARTESIAN_POINT('',(-5.E-02,0.25,-3.4));
#8759 = VECTOR('',#8760,1.);
#8760 = DIRECTION('',(-1.224646799147E-16,-1.,0.));
#8761 = PLANE('',#8762);
#8762 = AXIS2_PLACEMENT_3D('',#8763,#8764,#8765);
#8763 = CARTESIAN_POINT('',(-0.15,0.25,-3.3));
#8764 = DIRECTION('',(0.707106781187,-8.833102285013E-17,0.707106781187)
  );
#8765 = DIRECTION('',(1.236918052038E-16,1.,1.227125289097E-18));
#8766 = ADVANCED_FACE('',(#8767),#8787,.F.);
#8767 = FACE_BOUND('',#8768,.F.);
#8768 = EDGE_LOOP('',(#8769,#8770,#8771,#8772,#8773,#8781));
#8769 = ORIENTED_EDGE('',*,*,#8322,.F.);
#8770 = ORIENTED_EDGE('',*,*,#8708,.T.);
#8771 = ORIENTED_EDGE('',*,*,#8249,.T.);
#8772 = ORIENTED_EDGE('',*,*,#8740,.F.);
#8773 = ORIENTED_EDGE('',*,*,#8774,.F.);
#8774 = EDGE_CURVE('',#8775,#8741,#8777,.T.);
#8775 = VERTEX_POINT('',#8776);
#8776 = CARTESIAN_POINT('',(0.247552593066,0.281192514695,
    -3.202447406934));
#8777 = LINE('',#8778,#8779);
#8778 = CARTESIAN_POINT('',(0.25,0.281192514695,-3.202447406934));
#8779 = VECTOR('',#8780,1.);
#8780 = DIRECTION('',(-1.,1.224646799147E-16,0.));
#8781 = ORIENTED_EDGE('',*,*,#8782,.T.);
#8782 = EDGE_CURVE('',#8775,#8288,#8783,.T.);
#8783 = LINE('',#8784,#8785);
#8784 = CARTESIAN_POINT('',(0.629616963064,0.341518467852,
    -2.820383036936));
#8785 = VECTOR('',#8786,1.);
#8786 = DIRECTION('',(0.702740385383,0.110959008218,0.702740385383));
#8787 = PLANE('',#8788);
#8788 = AXIS2_PLACEMENT_3D('',#8789,#8790,#8791);
#8789 = CARTESIAN_POINT('',(0.25,0.55,-1.5));
#8790 = DIRECTION('',(-1.209660753807E-16,-0.987762965329,0.155962573473
    ));
#8791 = DIRECTION('',(-1.909990663905E-17,-0.155962573473,
    -0.987762965329));
#8792 = ADVANCED_FACE('',(#8793),#8804,.F.);
#8793 = FACE_BOUND('',#8794,.F.);
#8794 = EDGE_LOOP('',(#8795,#8801,#8802,#8803));
#8795 = ORIENTED_EDGE('',*,*,#8796,.T.);
#8796 = EDGE_CURVE('',#8298,#8218,#8797,.T.);
#8797 = LINE('',#8798,#8799);
#8798 = CARTESIAN_POINT('',(0.25,5.E-02,-1.5));
#8799 = VECTOR('',#8800,1.);
#8800 = DIRECTION('',(-1.,1.224646799147E-16,0.));
#8801 = ORIENTED_EDGE('',*,*,#8225,.T.);
#8802 = ORIENTED_EDGE('',*,*,#8271,.F.);
#8803 = ORIENTED_EDGE('',*,*,#8305,.F.);
#8804 = PLANE('',#8805);
#8805 = AXIS2_PLACEMENT_3D('',#8806,#8807,#8808);
#8806 = CARTESIAN_POINT('',(0.25,5.E-02,-1.5));
#8807 = DIRECTION('',(1.095357396528E-16,0.894427191,0.4472135955));
#8808 = DIRECTION('',(-5.476786982641E-17,-0.4472135955,0.894427191));
#8809 = ADVANCED_FACE('',(#8810),#8830,.F.);
#8810 = FACE_BOUND('',#8811,.F.);
#8811 = EDGE_LOOP('',(#8812,#8813,#8821,#8827,#8828,#8829));
#8812 = ORIENTED_EDGE('',*,*,#8297,.F.);
#8813 = ORIENTED_EDGE('',*,*,#8814,.F.);
#8814 = EDGE_CURVE('',#8815,#8290,#8817,.T.);
#8815 = VERTEX_POINT('',#8816);
#8816 = CARTESIAN_POINT('',(0.247552593066,-0.218807485305,
    -3.202447406934));
#8817 = LINE('',#8818,#8819);
#8818 = CARTESIAN_POINT('',(0.168262653899,-0.231326949384,
    -3.281737346101));
#8819 = VECTOR('',#8820,1.);
#8820 = DIRECTION('',(0.702740385383,0.110959008218,0.702740385383));
#8821 = ORIENTED_EDGE('',*,*,#8822,.T.);
#8822 = EDGE_CURVE('',#8815,#8726,#8823,.T.);
#8823 = LINE('',#8824,#8825);
#8824 = CARTESIAN_POINT('',(0.25,-0.218807485305,-3.202447406934));
#8825 = VECTOR('',#8826,1.);
#8826 = DIRECTION('',(-1.,1.224646799147E-16,0.));
#8827 = ORIENTED_EDGE('',*,*,#8733,.T.);
#8828 = ORIENTED_EDGE('',*,*,#8217,.T.);
#8829 = ORIENTED_EDGE('',*,*,#8796,.F.);
#8830 = PLANE('',#8831);
#8831 = AXIS2_PLACEMENT_3D('',#8832,#8833,#8834);
#8832 = CARTESIAN_POINT('',(0.25,-0.25,-3.4));
#8833 = DIRECTION('',(1.209660753807E-16,0.987762965329,-0.155962573473)
  );
#8834 = DIRECTION('',(1.909990663905E-17,0.155962573473,0.987762965329)
  );
#8835 = ADVANCED_FACE('',(#8836),#8863,.T.);
#8836 = FACE_BOUND('',#8837,.F.);
#8837 = EDGE_LOOP('',(#8838,#8846,#8847,#8848,#8849,#8857));
#8838 = ORIENTED_EDGE('',*,*,#8839,.T.);
#8839 = EDGE_CURVE('',#8840,#8815,#8842,.T.);
#8840 = VERTEX_POINT('',#8841);
#8841 = CARTESIAN_POINT('',(5.E-02,-5.E-02,-3.4));
#8842 = LINE('',#8843,#8844);
#8843 = CARTESIAN_POINT('',(0.107606629418,-9.922451332131E-02,
    -3.342393370582));
#8844 = VECTOR('',#8845,1.);
#8845 = DIRECTION('',(0.605209817607,-0.517148096144,0.605209817607));
#8846 = ORIENTED_EDGE('',*,*,#8814,.T.);
#8847 = ORIENTED_EDGE('',*,*,#8287,.F.);
#8848 = ORIENTED_EDGE('',*,*,#8782,.F.);
#8849 = ORIENTED_EDGE('',*,*,#8850,.F.);
#8850 = EDGE_CURVE('',#8851,#8775,#8853,.T.);
#8851 = VERTEX_POINT('',#8852);
#8852 = CARTESIAN_POINT('',(5.E-02,5.E-02,-3.4));
#8853 = LINE('',#8854,#8855);
#8854 = CARTESIAN_POINT('',(0.17881689775,0.200752273427,-3.27118310225)
  );
#8855 = VECTOR('',#8856,1.);
#8856 = DIRECTION('',(0.544770019249,0.63753529491,0.544770019249));
#8857 = ORIENTED_EDGE('',*,*,#8858,.T.);
#8858 = EDGE_CURVE('',#8851,#8840,#8859,.T.);
#8859 = LINE('',#8860,#8861);
#8860 = CARTESIAN_POINT('',(5.E-02,0.25,-3.4));
#8861 = VECTOR('',#8862,1.);
#8862 = DIRECTION('',(-1.224646799147E-16,-1.,0.));
#8863 = PLANE('',#8864);
#8864 = AXIS2_PLACEMENT_3D('',#8865,#8866,#8867);
#8865 = CARTESIAN_POINT('',(0.15,0.25,-3.3));
#8866 = DIRECTION('',(0.707106781187,-8.486018839685E-17,-0.707106781187
    ));
#8867 = DIRECTION('',(1.212375546256E-16,1.,1.227125289196E-18));
#8868 = ADVANCED_FACE('',(#8869),#8880,.T.);
#8869 = FACE_BOUND('',#8870,.F.);
#8870 = EDGE_LOOP('',(#8871,#8872,#8878,#8879));
#8871 = ORIENTED_EDGE('',*,*,#8469,.F.);
#8872 = ORIENTED_EDGE('',*,*,#8873,.T.);
#8873 = EDGE_CURVE('',#8470,#8354,#8874,.T.);
#8874 = LINE('',#8875,#8876);
#8875 = CARTESIAN_POINT('',(2.25,-5.E-02,-3.4));
#8876 = VECTOR('',#8877,1.);
#8877 = DIRECTION('',(-1.,1.224646799147E-16,0.));
#8878 = ORIENTED_EDGE('',*,*,#8353,.T.);
#8879 = ORIENTED_EDGE('',*,*,#8452,.F.);
#8880 = PLANE('',#8881);
#8881 = AXIS2_PLACEMENT_3D('',#8882,#8883,#8884);
#8882 = CARTESIAN_POINT('',(2.25,-0.134403742653,-3.301223703467));
#8883 = DIRECTION('',(-9.136856246232E-17,-0.760250805153,-0.64962967394
    ));
#8884 = DIRECTION('',(1.,-1.211454098155E-16,1.127308249542E-18));
#8885 = ADVANCED_FACE('',(#8886),#8897,.F.);
#8886 = FACE_BOUND('',#8887,.F.);
#8887 = EDGE_LOOP('',(#8888,#8889,#8890,#8896));
#8888 = ORIENTED_EDGE('',*,*,#8873,.F.);
#8889 = ORIENTED_EDGE('',*,*,#8488,.F.);
#8890 = ORIENTED_EDGE('',*,*,#8891,.T.);
#8891 = EDGE_CURVE('',#8481,#8379,#8892,.T.);
#8892 = LINE('',#8893,#8894);
#8893 = CARTESIAN_POINT('',(2.25,5.E-02,-3.4));
#8894 = VECTOR('',#8895,1.);
#8895 = DIRECTION('',(-1.,1.224646799147E-16,0.));
#8896 = ORIENTED_EDGE('',*,*,#8386,.T.);
#8897 = PLANE('',#8898);
#8898 = AXIS2_PLACEMENT_3D('',#8899,#8900,#8901);
#8899 = CARTESIAN_POINT('',(2.25,0.25,-3.4));
#8900 = DIRECTION('',(0.,0.,1.));
#8901 = DIRECTION('',(-1.224646799147E-16,-1.,0.));
#8902 = ADVANCED_FACE('',(#8903),#8909,.T.);
#8903 = FACE_BOUND('',#8904,.T.);
#8904 = EDGE_LOOP('',(#8905,#8906,#8907,#8908));
#8905 = ORIENTED_EDGE('',*,*,#8480,.F.);
#8906 = ORIENTED_EDGE('',*,*,#8891,.T.);
#8907 = ORIENTED_EDGE('',*,*,#8378,.T.);
#8908 = ORIENTED_EDGE('',*,*,#8404,.F.);
#8909 = PLANE('',#8910);
#8910 = AXIS2_PLACEMENT_3D('',#8911,#8912,#8913);
#8911 = CARTESIAN_POINT('',(2.25,0.165596257347,-3.301223703467));
#8912 = DIRECTION('',(8.302774088379E-17,0.64962967394,-0.760250805153)
  );
#8913 = DIRECTION('',(-1.,1.247195775152E-16,-2.638869166629E-18));
#8914 = ADVANCED_FACE('',(#8915),#8940,.T.);
#8915 = FACE_BOUND('',#8916,.F.);
#8916 = EDGE_LOOP('',(#8917,#8925,#8933,#8939));
#8917 = ORIENTED_EDGE('',*,*,#8918,.F.);
#8918 = EDGE_CURVE('',#8919,#8515,#8921,.T.);
#8919 = VERTEX_POINT('',#8920);
#8920 = CARTESIAN_POINT('',(2.05,5.E-02,5.));
#8921 = LINE('',#8922,#8923);
#8922 = CARTESIAN_POINT('',(2.1,0.1,4.95));
#8923 = VECTOR('',#8924,1.);
#8924 = DIRECTION('',(0.57735026919,0.57735026919,-0.57735026919));
#8925 = ORIENTED_EDGE('',*,*,#8926,.T.);
#8926 = EDGE_CURVE('',#8919,#8927,#8929,.T.);
#8927 = VERTEX_POINT('',#8928);
#8928 = CARTESIAN_POINT('',(1.95,5.E-02,5.));
#8929 = LINE('',#8930,#8931);
#8930 = CARTESIAN_POINT('',(2.25,5.E-02,5.));
#8931 = VECTOR('',#8932,1.);
#8932 = DIRECTION('',(-1.,1.224646799147E-16,0.));
#8933 = ORIENTED_EDGE('',*,*,#8934,.T.);
#8934 = EDGE_CURVE('',#8927,#8523,#8935,.T.);
#8935 = LINE('',#8936,#8937);
#8936 = CARTESIAN_POINT('',(1.983333333333,1.666666666667E-02,
    5.033333333333));
#8937 = VECTOR('',#8938,1.);
#8938 = DIRECTION('',(-0.57735026919,0.57735026919,-0.57735026919));
#8939 = ORIENTED_EDGE('',*,*,#8522,.F.);
#8940 = PLANE('',#8941);
#8941 = AXIS2_PLACEMENT_3D('',#8942,#8943,#8944);
#8942 = CARTESIAN_POINT('',(2.25,0.15,4.9));
#8943 = DIRECTION('',(8.833102285013E-17,0.707106781187,0.707106781187)
  );
#8944 = DIRECTION('',(1.,-1.236918052038E-16,-1.227125289097E-18));
#8945 = ADVANCED_FACE('',(#8946),#8964,.F.);
#8946 = FACE_BOUND('',#8947,.T.);
#8947 = EDGE_LOOP('',(#8948,#8956,#8962,#8963));
#8948 = ORIENTED_EDGE('',*,*,#8949,.F.);
#8949 = EDGE_CURVE('',#8950,#8547,#8952,.T.);
#8950 = VERTEX_POINT('',#8951);
#8951 = CARTESIAN_POINT('',(1.95,-5.E-02,5.));
#8952 = LINE('',#8953,#8954);
#8953 = CARTESIAN_POINT('',(1.9,-0.1,4.95));
#8954 = VECTOR('',#8955,1.);
#8955 = DIRECTION('',(-0.57735026919,-0.57735026919,-0.57735026919));
#8956 = ORIENTED_EDGE('',*,*,#8957,.T.);
#8957 = EDGE_CURVE('',#8950,#8927,#8958,.T.);
#8958 = LINE('',#8959,#8960);
#8959 = CARTESIAN_POINT('',(1.95,-0.25,5.));
#8960 = VECTOR('',#8961,1.);
#8961 = DIRECTION('',(1.224646799147E-16,1.,0.));
#8962 = ORIENTED_EDGE('',*,*,#8934,.T.);
#8963 = ORIENTED_EDGE('',*,*,#8554,.F.);
#8964 = PLANE('',#8965);
#8965 = AXIS2_PLACEMENT_3D('',#8966,#8967,#8968);
#8966 = CARTESIAN_POINT('',(1.85,-0.25,4.9));
#8967 = DIRECTION('',(0.707106781187,-8.486018839685E-17,-0.707106781187
    ));
#8968 = DIRECTION('',(-1.212375546256E-16,-1.,-1.227125289196E-18));
#8969 = ADVANCED_FACE('',(#8970),#8988,.T.);
#8970 = FACE_BOUND('',#8971,.F.);
#8971 = EDGE_LOOP('',(#8972,#8980,#8981,#8982));
#8972 = ORIENTED_EDGE('',*,*,#8973,.F.);
#8973 = EDGE_CURVE('',#8570,#8974,#8976,.T.);
#8974 = VERTEX_POINT('',#8975);
#8975 = CARTESIAN_POINT('',(2.05,-5.E-02,5.));
#8976 = LINE('',#8977,#8978);
#8977 = CARTESIAN_POINT('',(2.183333333333,-0.183333333333,
    4.866666666667));
#8978 = VECTOR('',#8979,1.);
#8979 = DIRECTION('',(-0.57735026919,0.57735026919,0.57735026919));
#8980 = ORIENTED_EDGE('',*,*,#8579,.T.);
#8981 = ORIENTED_EDGE('',*,*,#8949,.F.);
#8982 = ORIENTED_EDGE('',*,*,#8983,.F.);
#8983 = EDGE_CURVE('',#8974,#8950,#8984,.T.);
#8984 = LINE('',#8985,#8986);
#8985 = CARTESIAN_POINT('',(2.25,-5.E-02,5.));
#8986 = VECTOR('',#8987,1.);
#8987 = DIRECTION('',(-1.,1.224646799147E-16,0.));
#8988 = PLANE('',#8989);
#8989 = AXIS2_PLACEMENT_3D('',#8990,#8991,#8992);
#8990 = CARTESIAN_POINT('',(2.25,-0.15,4.9));
#8991 = DIRECTION('',(-8.833102285013E-17,-0.707106781187,0.707106781187
    ));
#8992 = DIRECTION('',(1.,-1.236918052038E-16,1.227125289097E-18));
#8993 = ADVANCED_FACE('',(#8994),#9005,.T.);
#8994 = FACE_BOUND('',#8995,.F.);
#8995 = EDGE_LOOP('',(#8996,#8997,#9003,#9004));
#8996 = ORIENTED_EDGE('',*,*,#8973,.T.);
#8997 = ORIENTED_EDGE('',*,*,#8998,.T.);
#8998 = EDGE_CURVE('',#8974,#8919,#8999,.T.);
#8999 = LINE('',#9000,#9001);
#9000 = CARTESIAN_POINT('',(2.05,-0.25,5.));
#9001 = VECTOR('',#9002,1.);
#9002 = DIRECTION('',(1.224646799147E-16,1.,0.));
#9003 = ORIENTED_EDGE('',*,*,#8918,.T.);
#9004 = ORIENTED_EDGE('',*,*,#8595,.F.);
#9005 = PLANE('',#9006);
#9006 = AXIS2_PLACEMENT_3D('',#9007,#9008,#9009);
#9007 = CARTESIAN_POINT('',(2.15,-0.25,4.9));
#9008 = DIRECTION('',(0.707106781187,-8.833102285013E-17,0.707106781187)
  );
#9009 = DIRECTION('',(-1.236918052038E-16,-1.,-1.227125289097E-18));
#9010 = ADVANCED_FACE('',(#9011),#9036,.T.);
#9011 = FACE_BOUND('',#9012,.F.);
#9012 = EDGE_LOOP('',(#9013,#9021,#9029,#9035));
#9013 = ORIENTED_EDGE('',*,*,#9014,.F.);
#9014 = EDGE_CURVE('',#9015,#8611,#9017,.T.);
#9015 = VERTEX_POINT('',#9016);
#9016 = CARTESIAN_POINT('',(5.E-02,5.E-02,5.));
#9017 = LINE('',#9018,#9019);
#9018 = CARTESIAN_POINT('',(0.1,0.1,4.95));
#9019 = VECTOR('',#9020,1.);
#9020 = DIRECTION('',(0.57735026919,0.57735026919,-0.57735026919));
#9021 = ORIENTED_EDGE('',*,*,#9022,.T.);
#9022 = EDGE_CURVE('',#9015,#9023,#9025,.T.);
#9023 = VERTEX_POINT('',#9024);
#9024 = CARTESIAN_POINT('',(-5.E-02,5.E-02,5.));
#9025 = LINE('',#9026,#9027);
#9026 = CARTESIAN_POINT('',(0.25,5.E-02,5.));
#9027 = VECTOR('',#9028,1.);
#9028 = DIRECTION('',(-1.,1.224646799147E-16,0.));
#9029 = ORIENTED_EDGE('',*,*,#9030,.T.);
#9030 = EDGE_CURVE('',#9023,#8619,#9031,.T.);
#9031 = LINE('',#9032,#9033);
#9032 = CARTESIAN_POINT('',(-1.666666666667E-02,1.666666666667E-02,
    5.033333333333));
#9033 = VECTOR('',#9034,1.);
#9034 = DIRECTION('',(-0.57735026919,0.57735026919,-0.57735026919));
#9035 = ORIENTED_EDGE('',*,*,#8618,.F.);
#9036 = PLANE('',#9037);
#9037 = AXIS2_PLACEMENT_3D('',#9038,#9039,#9040);
#9038 = CARTESIAN_POINT('',(0.25,0.15,4.9));
#9039 = DIRECTION('',(8.833102285013E-17,0.707106781187,0.707106781187)
  );
#9040 = DIRECTION('',(1.,-1.236918052038E-16,-1.227125289097E-18));
#9041 = ADVANCED_FACE('',(#9042),#9060,.F.);
#9042 = FACE_BOUND('',#9043,.T.);
#9043 = EDGE_LOOP('',(#9044,#9052,#9058,#9059));
#9044 = ORIENTED_EDGE('',*,*,#9045,.F.);
#9045 = EDGE_CURVE('',#9046,#8643,#9048,.T.);
#9046 = VERTEX_POINT('',#9047);
#9047 = CARTESIAN_POINT('',(-5.E-02,-5.E-02,5.));
#9048 = LINE('',#9049,#9050);
#9049 = CARTESIAN_POINT('',(-0.1,-0.1,4.95));
#9050 = VECTOR('',#9051,1.);
#9051 = DIRECTION('',(-0.57735026919,-0.57735026919,-0.57735026919));
#9052 = ORIENTED_EDGE('',*,*,#9053,.T.);
#9053 = EDGE_CURVE('',#9046,#9023,#9054,.T.);
#9054 = LINE('',#9055,#9056);
#9055 = CARTESIAN_POINT('',(-5.E-02,-0.25,5.));
#9056 = VECTOR('',#9057,1.);
#9057 = DIRECTION('',(1.224646799147E-16,1.,0.));
#9058 = ORIENTED_EDGE('',*,*,#9030,.T.);
#9059 = ORIENTED_EDGE('',*,*,#8650,.F.);
#9060 = PLANE('',#9061);
#9061 = AXIS2_PLACEMENT_3D('',#9062,#9063,#9064);
#9062 = CARTESIAN_POINT('',(-0.15,-0.25,4.9));
#9063 = DIRECTION('',(0.707106781187,-8.486018839685E-17,-0.707106781187
    ));
#9064 = DIRECTION('',(-1.212375546256E-16,-1.,-1.227125289196E-18));
#9065 = ADVANCED_FACE('',(#9066),#9084,.T.);
#9066 = FACE_BOUND('',#9067,.F.);
#9067 = EDGE_LOOP('',(#9068,#9076,#9077,#9078));
#9068 = ORIENTED_EDGE('',*,*,#9069,.F.);
#9069 = EDGE_CURVE('',#8666,#9070,#9072,.T.);
#9070 = VERTEX_POINT('',#9071);
#9071 = CARTESIAN_POINT('',(5.E-02,-5.E-02,5.));
#9072 = LINE('',#9073,#9074);
#9073 = CARTESIAN_POINT('',(0.183333333333,-0.183333333333,
    4.866666666667));
#9074 = VECTOR('',#9075,1.);
#9075 = DIRECTION('',(-0.57735026919,0.57735026919,0.57735026919));
#9076 = ORIENTED_EDGE('',*,*,#8675,.T.);
#9077 = ORIENTED_EDGE('',*,*,#9045,.F.);
#9078 = ORIENTED_EDGE('',*,*,#9079,.F.);
#9079 = EDGE_CURVE('',#9070,#9046,#9080,.T.);
#9080 = LINE('',#9081,#9082);
#9081 = CARTESIAN_POINT('',(0.25,-5.E-02,5.));
#9082 = VECTOR('',#9083,1.);
#9083 = DIRECTION('',(-1.,1.224646799147E-16,0.));
#9084 = PLANE('',#9085);
#9085 = AXIS2_PLACEMENT_3D('',#9086,#9087,#9088);
#9086 = CARTESIAN_POINT('',(0.25,-0.15,4.9));
#9087 = DIRECTION('',(-8.833102285013E-17,-0.707106781187,0.707106781187
    ));
#9088 = DIRECTION('',(1.,-1.236918052038E-16,1.227125289097E-18));
#9089 = ADVANCED_FACE('',(#9090),#9101,.T.);
#9090 = FACE_BOUND('',#9091,.F.);
#9091 = EDGE_LOOP('',(#9092,#9093,#9099,#9100));
#9092 = ORIENTED_EDGE('',*,*,#9069,.T.);
#9093 = ORIENTED_EDGE('',*,*,#9094,.T.);
#9094 = EDGE_CURVE('',#9070,#9015,#9095,.T.);
#9095 = LINE('',#9096,#9097);
#9096 = CARTESIAN_POINT('',(5.E-02,-0.25,5.));
#9097 = VECTOR('',#9098,1.);
#9098 = DIRECTION('',(1.224646799147E-16,1.,0.));
#9099 = ORIENTED_EDGE('',*,*,#9014,.T.);
#9100 = ORIENTED_EDGE('',*,*,#8691,.F.);
#9101 = PLANE('',#9102);
#9102 = AXIS2_PLACEMENT_3D('',#9103,#9104,#9105);
#9103 = CARTESIAN_POINT('',(0.15,-0.25,4.9));
#9104 = DIRECTION('',(0.707106781187,-8.833102285013E-17,0.707106781187)
  );
#9105 = DIRECTION('',(-1.236918052038E-16,-1.,-1.227125289097E-18));
#9106 = ADVANCED_FACE('',(#9107),#9118,.T.);
#9107 = FACE_BOUND('',#9108,.F.);
#9108 = EDGE_LOOP('',(#9109,#9110,#9116,#9117));
#9109 = ORIENTED_EDGE('',*,*,#8839,.F.);
#9110 = ORIENTED_EDGE('',*,*,#9111,.T.);
#9111 = EDGE_CURVE('',#8840,#8724,#9112,.T.);
#9112 = LINE('',#9113,#9114);
#9113 = CARTESIAN_POINT('',(0.25,-5.E-02,-3.4));
#9114 = VECTOR('',#9115,1.);
#9115 = DIRECTION('',(-1.,1.224646799147E-16,0.));
#9116 = ORIENTED_EDGE('',*,*,#8723,.T.);
#9117 = ORIENTED_EDGE('',*,*,#8822,.F.);
#9118 = PLANE('',#9119);
#9119 = AXIS2_PLACEMENT_3D('',#9120,#9121,#9122);
#9120 = CARTESIAN_POINT('',(0.25,-0.134403742653,-3.301223703467));
#9121 = DIRECTION('',(-9.136856246232E-17,-0.760250805153,-0.64962967394
    ));
#9122 = DIRECTION('',(1.,-1.211454098155E-16,1.127308249542E-18));
#9123 = ADVANCED_FACE('',(#9124),#9135,.F.);
#9124 = FACE_BOUND('',#9125,.F.);
#9125 = EDGE_LOOP('',(#9126,#9127,#9128,#9134));
#9126 = ORIENTED_EDGE('',*,*,#9111,.F.);
#9127 = ORIENTED_EDGE('',*,*,#8858,.F.);
#9128 = ORIENTED_EDGE('',*,*,#9129,.T.);
#9129 = EDGE_CURVE('',#8851,#8749,#9130,.T.);
#9130 = LINE('',#9131,#9132);
#9131 = CARTESIAN_POINT('',(0.25,5.E-02,-3.4));
#9132 = VECTOR('',#9133,1.);
#9133 = DIRECTION('',(-1.,1.224646799147E-16,0.));
#9134 = ORIENTED_EDGE('',*,*,#8756,.T.);
#9135 = PLANE('',#9136);
#9136 = AXIS2_PLACEMENT_3D('',#9137,#9138,#9139);
#9137 = CARTESIAN_POINT('',(0.25,0.25,-3.4));
#9138 = DIRECTION('',(0.,0.,1.));
#9139 = DIRECTION('',(-1.224646799147E-16,-1.,0.));
#9140 = ADVANCED_FACE('',(#9141),#9147,.T.);
#9141 = FACE_BOUND('',#9142,.T.);
#9142 = EDGE_LOOP('',(#9143,#9144,#9145,#9146));
#9143 = ORIENTED_EDGE('',*,*,#8850,.F.);
#9144 = ORIENTED_EDGE('',*,*,#9129,.T.);
#9145 = ORIENTED_EDGE('',*,*,#8748,.T.);
#9146 = ORIENTED_EDGE('',*,*,#8774,.F.);
#9147 = PLANE('',#9148);
#9148 = AXIS2_PLACEMENT_3D('',#9149,#9150,#9151);
#9149 = CARTESIAN_POINT('',(0.25,0.165596257347,-3.301223703467));
#9150 = DIRECTION('',(8.302774088379E-17,0.64962967394,-0.760250805153)
  );
#9151 = DIRECTION('',(-1.,1.247195775152E-16,-2.638869166629E-18));
#9152 = ADVANCED_FACE('',(#9153),#9159,.F.);
#9153 = FACE_BOUND('',#9154,.F.);
#9154 = EDGE_LOOP('',(#9155,#9156,#9157,#9158));
#9155 = ORIENTED_EDGE('',*,*,#8957,.T.);
#9156 = ORIENTED_EDGE('',*,*,#8926,.F.);
#9157 = ORIENTED_EDGE('',*,*,#8998,.F.);
#9158 = ORIENTED_EDGE('',*,*,#8983,.T.);
#9159 = PLANE('',#9160);
#9160 = AXIS2_PLACEMENT_3D('',#9161,#9162,#9163);
#9161 = CARTESIAN_POINT('',(2.25,-0.25,5.));
#9162 = DIRECTION('',(-0.,0.,-1.));
#9163 = DIRECTION('',(1.224646799147E-16,1.,0.));
#9164 = ADVANCED_FACE('',(#9165),#9171,.F.);
#9165 = FACE_BOUND('',#9166,.F.);
#9166 = EDGE_LOOP('',(#9167,#9168,#9169,#9170));
#9167 = ORIENTED_EDGE('',*,*,#9053,.T.);
#9168 = ORIENTED_EDGE('',*,*,#9022,.F.);
#9169 = ORIENTED_EDGE('',*,*,#9094,.F.);
#9170 = ORIENTED_EDGE('',*,*,#9079,.T.);
#9171 = PLANE('',#9172);
#9172 = AXIS2_PLACEMENT_3D('',#9173,#9174,#9175);
#9173 = CARTESIAN_POINT('',(0.25,-0.25,5.));
#9174 = DIRECTION('',(-0.,0.,-1.));
#9175 = DIRECTION('',(1.224646799147E-16,1.,0.));
#9176 = ( GEOMETRIC_REPRESENTATION_CONTEXT(3) 
GLOBAL_UNCERTAINTY_ASSIGNED_CONTEXT((#9180)) 
GLOBAL_UNIT_ASSIGNED_CONTEXT((#9177,#9178,#9179)) REPRESENTATION_CONTEXT
('Context #1','3D Context with UNIT and UNCERTAINTY') );
#9177 = ( LENGTH_UNIT() NAMED_UNIT(*) SI_UNIT(.MILLI.,.METRE.) );
#9178 = ( NAMED_UNIT(*) PLANE_ANGLE_UNIT() SI_UNIT($,.RADIAN.) );
#9179 = ( NAMED_UNIT(*) SI_UNIT($,.STERADIAN.) SOLID_ANGLE_UNIT() );
#9180 = UNCERTAINTY_MEASURE_WITH_UNIT(LENGTH_MEASURE(1.E-07),#9177,
  'distance_accuracy_value','confusion accuracy');
#9181 = CONTEXT_DEPENDENT_SHAPE_REPRESENTATION(#9182,#9184);
#9182 = ( REPRESENTATION_RELATIONSHIP('','',#6283,#6260) 
REPRESENTATION_RELATIONSHIP_WITH_TRANSFORMATION(#9183) 
SHAPE_REPRESENTATION_RELATIONSHIP() );
#9183 = ITEM_DEFINED_TRANSFORMATION('','',#11,#6261);
#9184 = PRODUCT_DEFINITION_SHAPE('Placement','Placement of an item',
  #9185);
#9185 = NEXT_ASSEMBLY_USAGE_OCCURRENCE('11','=>[0:1:1:9]','',#6255,#6278
  ,$);
#9186 = PRODUCT_RELATED_PRODUCT_CATEGORY('part',$,(#6280));
#9187 = CONTEXT_DEPENDENT_SHAPE_REPRESENTATION(#9188,#9190);
#9188 = ( REPRESENTATION_RELATIONSHIP('','',#140,#10) 
REPRESENTATION_RELATIONSHIP_WITH_TRANSFORMATION(#9189) 
SHAPE_REPRESENTATION_RELATIONSHIP() );
#9189 = ITEM_DEFINED_TRANSFORMATION('','',#11,#47);
#9190 = PRODUCT_DEFINITION_SHAPE('Placement','Placement of an item',
  #9191);
#9191 = NEXT_ASSEMBLY_USAGE_OCCURRENCE('13','C30','',#5,#135,$);
#9192 = CONTEXT_DEPENDENT_SHAPE_REPRESENTATION(#9193,#9195);
#9193 = ( REPRESENTATION_RELATIONSHIP('','',#140,#10) 
REPRESENTATION_RELATIONSHIP_WITH_TRANSFORMATION(#9194) 
SHAPE_REPRESENTATION_RELATIONSHIP() );
#9194 = ITEM_DEFINED_TRANSFORMATION('','',#11,#51);
#9195 = PRODUCT_DEFINITION_SHAPE('Placement','Placement of an item',
  #9196);
#9196 = NEXT_ASSEMBLY_USAGE_OCCURRENCE('14','C31','',#5,#135,$);
#9197 = CONTEXT_DEPENDENT_SHAPE_REPRESENTATION(#9198,#9200);
#9198 = ( REPRESENTATION_RELATIONSHIP('','',#140,#10) 
REPRESENTATION_RELATIONSHIP_WITH_TRANSFORMATION(#9199) 
SHAPE_REPRESENTATION_RELATIONSHIP() );
#9199 = ITEM_DEFINED_TRANSFORMATION('','',#11,#55);
#9200 = PRODUCT_DEFINITION_SHAPE('Placement','Placement of an item',
  #9201);
#9201 = NEXT_ASSEMBLY_USAGE_OCCURRENCE('15','C29','',#5,#135,$);
#9202 = CONTEXT_DEPENDENT_SHAPE_REPRESENTATION(#9203,#9205);
#9203 = ( REPRESENTATION_RELATIONSHIP('','',#140,#10) 
REPRESENTATION_RELATIONSHIP_WITH_TRANSFORMATION(#9204) 
SHAPE_REPRESENTATION_RELATIONSHIP() );
#9204 = ITEM_DEFINED_TRANSFORMATION('','',#11,#59);
#9205 = PRODUCT_DEFINITION_SHAPE('Placement','Placement of an item',
  #9206);
#9206 = NEXT_ASSEMBLY_USAGE_OCCURRENCE('16','C19','',#5,#135,$);
#9207 = CONTEXT_DEPENDENT_SHAPE_REPRESENTATION(#9208,#9210);
#9208 = ( REPRESENTATION_RELATIONSHIP('','',#1041,#10) 
REPRESENTATION_RELATIONSHIP_WITH_TRANSFORMATION(#9209) 
SHAPE_REPRESENTATION_RELATIONSHIP() );
#9209 = ITEM_DEFINED_TRANSFORMATION('','',#11,#63);
#9210 = PRODUCT_DEFINITION_SHAPE('Placement','Placement of an item',
  #9211);
#9211 = NEXT_ASSEMBLY_USAGE_OCCURRENCE('17','R25','',#5,#1036,$);
#9212 = CONTEXT_DEPENDENT_SHAPE_REPRESENTATION(#9213,#9215);
#9213 = ( REPRESENTATION_RELATIONSHIP('','',#1041,#10) 
REPRESENTATION_RELATIONSHIP_WITH_TRANSFORMATION(#9214) 
SHAPE_REPRESENTATION_RELATIONSHIP() );
#9214 = ITEM_DEFINED_TRANSFORMATION('','',#11,#67);
#9215 = PRODUCT_DEFINITION_SHAPE('Placement','Placement of an item',
  #9216);
#9216 = NEXT_ASSEMBLY_USAGE_OCCURRENCE('18','R23','',#5,#1036,$);
#9217 = CONTEXT_DEPENDENT_SHAPE_REPRESENTATION(#9218,#9220);
#9218 = ( REPRESENTATION_RELATIONSHIP('','',#1888,#10) 
REPRESENTATION_RELATIONSHIP_WITH_TRANSFORMATION(#9219) 
SHAPE_REPRESENTATION_RELATIONSHIP() );
#9219 = ITEM_DEFINED_TRANSFORMATION('','',#11,#71);
#9220 = PRODUCT_DEFINITION_SHAPE('Placement','Placement of an item',
  #9221);
#9221 = NEXT_ASSEMBLY_USAGE_OCCURRENCE('19','U8','',#5,#1883,$);
#9222 = CONTEXT_DEPENDENT_SHAPE_REPRESENTATION(#9223,#9225);
#9223 = ( REPRESENTATION_RELATIONSHIP('','',#140,#10) 
REPRESENTATION_RELATIONSHIP_WITH_TRANSFORMATION(#9224) 
SHAPE_REPRESENTATION_RELATIONSHIP() );
#9224 = ITEM_DEFINED_TRANSFORMATION('','',#11,#75);
#9225 = PRODUCT_DEFINITION_SHAPE('Placement','Placement of an item',
  #9226);
#9226 = NEXT_ASSEMBLY_USAGE_OCCURRENCE('20','C28','',#5,#135,$);
#9227 = CONTEXT_DEPENDENT_SHAPE_REPRESENTATION(#9228,#9230);
#9228 = ( REPRESENTATION_RELATIONSHIP('','',#140,#10) 
REPRESENTATION_RELATIONSHIP_WITH_TRANSFORMATION(#9229) 
SHAPE_REPRESENTATION_RELATIONSHIP() );
#9229 = ITEM_DEFINED_TRANSFORMATION('','',#11,#79);
#9230 = PRODUCT_DEFINITION_SHAPE('Placement','Placement of an item',
  #9231);
#9231 = NEXT_ASSEMBLY_USAGE_OCCURRENCE('21','C33','',#5,#135,$);
#9232 = CONTEXT_DEPENDENT_SHAPE_REPRESENTATION(#9233,#9235);
#9233 = ( REPRESENTATION_RELATIONSHIP('','',#1041,#10) 
REPRESENTATION_RELATIONSHIP_WITH_TRANSFORMATION(#9234) 
SHAPE_REPRESENTATION_RELATIONSHIP() );
#9234 = ITEM_DEFINED_TRANSFORMATION('','',#11,#83);
#9235 = PRODUCT_DEFINITION_SHAPE('Placement','Placement of an item',
  #9236);
#9236 = NEXT_ASSEMBLY_USAGE_OCCURRENCE('22','R21','',#5,#1036,$);
#9237 = CONTEXT_DEPENDENT_SHAPE_REPRESENTATION(#9238,#9240);
#9238 = ( REPRESENTATION_RELATIONSHIP('','',#1041,#10) 
REPRESENTATION_RELATIONSHIP_WITH_TRANSFORMATION(#9239) 
SHAPE_REPRESENTATION_RELATIONSHIP() );
#9239 = ITEM_DEFINED_TRANSFORMATION('','',#11,#87);
#9240 = PRODUCT_DEFINITION_SHAPE('Placement','Placement of an item',
  #9241);
#9241 = NEXT_ASSEMBLY_USAGE_OCCURRENCE('23','R19','',#5,#1036,$);
#9242 = CONTEXT_DEPENDENT_SHAPE_REPRESENTATION(#9243,#9245);
#9243 = ( REPRESENTATION_RELATIONSHIP('','',#140,#10) 
REPRESENTATION_RELATIONSHIP_WITH_TRANSFORMATION(#9244) 
SHAPE_REPRESENTATION_RELATIONSHIP() );
#9244 = ITEM_DEFINED_TRANSFORMATION('','',#11,#91);
#9245 = PRODUCT_DEFINITION_SHAPE('Placement','Placement of an item',
  #9246);
#9246 = NEXT_ASSEMBLY_USAGE_OCCURRENCE('24','C46','',#5,#135,$);
#9247 = CONTEXT_DEPENDENT_SHAPE_REPRESENTATION(#9248,#9250);
#9248 = ( REPRESENTATION_RELATIONSHIP('','',#1041,#10) 
REPRESENTATION_RELATIONSHIP_WITH_TRANSFORMATION(#9249) 
SHAPE_REPRESENTATION_RELATIONSHIP() );
#9249 = ITEM_DEFINED_TRANSFORMATION('','',#11,#95);
#9250 = PRODUCT_DEFINITION_SHAPE('Placement','Placement of an item',
  #9251);
#9251 = NEXT_ASSEMBLY_USAGE_OCCURRENCE('25','R24','',#5,#1036,$);
#9252 = CONTEXT_DEPENDENT_SHAPE_REPRESENTATION(#9253,#9255);
#9253 = ( REPRESENTATION_RELATIONSHIP('','',#1041,#10) 
REPRESENTATION_RELATIONSHIP_WITH_TRANSFORMATION(#9254) 
SHAPE_REPRESENTATION_RELATIONSHIP() );
#9254 = ITEM_DEFINED_TRANSFORMATION('','',#11,#99);
#9255 = PRODUCT_DEFINITION_SHAPE('Placement','Placement of an item',
  #9256);
#9256 = NEXT_ASSEMBLY_USAGE_OCCURRENCE('26','R39','',#5,#1036,$);
#9257 = CONTEXT_DEPENDENT_SHAPE_REPRESENTATION(#9258,#9260);
#9258 = ( REPRESENTATION_RELATIONSHIP('','',#140,#10) 
REPRESENTATION_RELATIONSHIP_WITH_TRANSFORMATION(#9259) 
SHAPE_REPRESENTATION_RELATIONSHIP() );
#9259 = ITEM_DEFINED_TRANSFORMATION('','',#11,#103);
#9260 = PRODUCT_DEFINITION_SHAPE('Placement','Placement of an item',
  #9261);
#9261 = NEXT_ASSEMBLY_USAGE_OCCURRENCE('27','C45','',#5,#135,$);
#9262 = CONTEXT_DEPENDENT_SHAPE_REPRESENTATION(#9263,#9265);
#9263 = ( REPRESENTATION_RELATIONSHIP('','',#1041,#10) 
REPRESENTATION_RELATIONSHIP_WITH_TRANSFORMATION(#9264) 
SHAPE_REPRESENTATION_RELATIONSHIP() );
#9264 = ITEM_DEFINED_TRANSFORMATION('','',#11,#107);
#9265 = PRODUCT_DEFINITION_SHAPE('Placement','Placement of an item',
  #9266);
#9266 = NEXT_ASSEMBLY_USAGE_OCCURRENCE('28','R22','',#5,#1036,$);
#9267 = CONTEXT_DEPENDENT_SHAPE_REPRESENTATION(#9268,#9270);
#9268 = ( REPRESENTATION_RELATIONSHIP('','',#1041,#10) 
REPRESENTATION_RELATIONSHIP_WITH_TRANSFORMATION(#9269) 
SHAPE_REPRESENTATION_RELATIONSHIP() );
#9269 = ITEM_DEFINED_TRANSFORMATION('','',#11,#111);
#9270 = PRODUCT_DEFINITION_SHAPE('Placement','Placement of an item',
  #9271);
#9271 = NEXT_ASSEMBLY_USAGE_OCCURRENCE('29','R26','',#5,#1036,$);
#9272 = CONTEXT_DEPENDENT_SHAPE_REPRESENTATION(#9273,#9275);
#9273 = ( REPRESENTATION_RELATIONSHIP('','',#140,#10) 
REPRESENTATION_RELATIONSHIP_WITH_TRANSFORMATION(#9274) 
SHAPE_REPRESENTATION_RELATIONSHIP() );
#9274 = ITEM_DEFINED_TRANSFORMATION('','',#11,#115);
#9275 = PRODUCT_DEFINITION_SHAPE('Placement','Placement of an item',
  #9276);
#9276 = NEXT_ASSEMBLY_USAGE_OCCURRENCE('30','C34','',#5,#135,$);
#9277 = SHAPE_DEFINITION_REPRESENTATION(#9278,#9284);
#9278 = PRODUCT_DEFINITION_SHAPE('','',#9279);
#9279 = PRODUCT_DEFINITION('design','',#9280,#9283);
#9280 = PRODUCT_DEFINITION_FORMATION('','',#9281);
#9281 = PRODUCT(
  'TerminalBlock_Phoenix_MKDS-3-2-5.08_1x02_P5.08mm_Horizontal',
  'TerminalBlock_Phoenix_MKDS-3-2-5.08_1x02_P5.08mm_Horizontal','',(
    #9282));
#9282 = PRODUCT_CONTEXT('',#2,'mechanical');
#9283 = PRODUCT_DEFINITION_CONTEXT('part definition',#2,'design');
#9284 = SHAPE_REPRESENTATION('',(#11,#9285),#9289);
#9285 = AXIS2_PLACEMENT_3D('',#9286,#9287,#9288);
#9286 = CARTESIAN_POINT('',(0.,0.,0.));
#9287 = DIRECTION('',(0.,0.,1.));
#9288 = DIRECTION('',(1.,0.,-0.));
#9289 = ( GEOMETRIC_REPRESENTATION_CONTEXT(3) 
GLOBAL_UNCERTAINTY_ASSIGNED_CONTEXT((#9293)) 
GLOBAL_UNIT_ASSIGNED_CONTEXT((#9290,#9291,#9292)) REPRESENTATION_CONTEXT
('Context #1','3D Context with UNIT and UNCERTAINTY') );
#9290 = ( LENGTH_UNIT() NAMED_UNIT(*) SI_UNIT(.MILLI.,.METRE.) );
#9291 = ( NAMED_UNIT(*) PLANE_ANGLE_UNIT() SI_UNIT($,.RADIAN.) );
#9292 = ( NAMED_UNIT(*) SI_UNIT($,.STERADIAN.) SOLID_ANGLE_UNIT() );
#9293 = UNCERTAINTY_MEASURE_WITH_UNIT(LENGTH_MEASURE(1.E-07),#9290,
  'distance_accuracy_value','confusion accuracy');
#9294 = CONTEXT_DEPENDENT_SHAPE_REPRESENTATION(#9295,#9297);
#9295 = ( REPRESENTATION_RELATIONSHIP('','',#9284,#10) 
REPRESENTATION_RELATIONSHIP_WITH_TRANSFORMATION(#9296) 
SHAPE_REPRESENTATION_RELATIONSHIP() );
#9296 = ITEM_DEFINED_TRANSFORMATION('','',#11,#119);
#9297 = PRODUCT_DEFINITION_SHAPE('Placement','Placement of an item',
  #9298);
#9298 = NEXT_ASSEMBLY_USAGE_OCCURRENCE('32','J1','',#5,#9279,$);
#9299 = PRODUCT_RELATED_PRODUCT_CATEGORY('part',$,(#9281));
#9300 = SHAPE_DEFINITION_REPRESENTATION(#9301,#9307);
#9301 = PRODUCT_DEFINITION_SHAPE('','',#9302);
#9302 = PRODUCT_DEFINITION('design','',#9303,#9306);
#9303 = PRODUCT_DEFINITION_FORMATION('','',#9304);
#9304 = PRODUCT(
  'TerminalBlock_Phoenix_MKDS-3-2-5.08_1x02_P5.08mm_Horizontal',
  'TerminalBlock_Phoenix_MKDS-3-2-5.08_1x02_P5.08mm_Horizontal','',(
    #9305));
#9305 = PRODUCT_CONTEXT('',#2,'mechanical');
#9306 = PRODUCT_DEFINITION_CONTEXT('part definition',#2,'design');
#9307 = ADVANCED_BREP_SHAPE_REPRESENTATION('',(#11,#9308),#12160);
#9308 = MANIFOLD_SOLID_BREP('',#9309);
#9309 = CLOSED_SHELL('',(#9310,#9482,#9568,#9660,#9684,#9763,#9787,#9811
    ,#9828,#9852,#9869,#9886,#9917,#9941,#9965,#9982,#10013,#10037,
    #10061,#10078,#10100,#10139,#10156,#10168,#10180,#10192,#10221,
    #10260,#10283,#10300,#10329,#10368,#10391,#10408,#10420,#10432,
    #10444,#10603,#10762,#10786,#10810,#10861,#10873,#10897,#10921,
    #10972,#10984,#11000,#11033,#11058,#11089,#11099,#11124,#11155,
    #11186,#11208,#11218,#11249,#11267,#11283,#11316,#11341,#11372,
    #11382,#11407,#11438,#11469,#11491,#11501,#11532,#11550,#11572,
    #11591,#11608,#11622,#11644,#11663,#11680,#11694,#11719,#11830,
    #11840,#11850,#11875,#11986,#11996,#12006,#12022,#12039,#12056,
    #12073,#12083,#12099,#12116,#12133,#12150));
#9310 = ADVANCED_FACE('',(#9311,#9409,#9443),#9477,.F.);
#9311 = FACE_BOUND('',#9312,.F.);
#9312 = EDGE_LOOP('',(#9313,#9323,#9331,#9339,#9347,#9355,#9363,#9371,
    #9379,#9387,#9395,#9403));
#9313 = ORIENTED_EDGE('',*,*,#9314,.F.);
#9314 = EDGE_CURVE('',#9315,#9317,#9319,.T.);
#9315 = VERTEX_POINT('',#9316);
#9316 = CARTESIAN_POINT('',(-2.54,-5.283,0.));
#9317 = VERTEX_POINT('',#9318);
#9318 = CARTESIAN_POINT('',(-2.54,-3.5615,0.));
#9319 = LINE('',#9320,#9321);
#9320 = CARTESIAN_POINT('',(-2.54,-5.283,0.));
#9321 = VECTOR('',#9322,1.);
#9322 = DIRECTION('',(0.,1.,0.));
#9323 = ORIENTED_EDGE('',*,*,#9324,.T.);
#9324 = EDGE_CURVE('',#9315,#9325,#9327,.T.);
#9325 = VERTEX_POINT('',#9326);
#9326 = CARTESIAN_POINT('',(7.62,-5.283,0.));
#9327 = LINE('',#9328,#9329);
#9328 = CARTESIAN_POINT('',(-2.54,-5.283,0.));
#9329 = VECTOR('',#9330,1.);
#9330 = DIRECTION('',(1.,0.,0.));
#9331 = ORIENTED_EDGE('',*,*,#9332,.T.);
#9332 = EDGE_CURVE('',#9325,#9333,#9335,.T.);
#9333 = VERTEX_POINT('',#9334);
#9334 = CARTESIAN_POINT('',(7.62,-3.5615,0.));
#9335 = LINE('',#9336,#9337);
#9336 = CARTESIAN_POINT('',(7.62,-5.283,0.));
#9337 = VECTOR('',#9338,1.);
#9338 = DIRECTION('',(0.,1.,0.));
#9339 = ORIENTED_EDGE('',*,*,#9340,.F.);
#9340 = EDGE_CURVE('',#9341,#9333,#9343,.T.);
#9341 = VERTEX_POINT('',#9342);
#9342 = CARTESIAN_POINT('',(7.05,-3.74,0.));
#9343 = LINE('',#9344,#9345);
#9344 = CARTESIAN_POINT('',(7.05,-3.74,0.));
#9345 = VECTOR('',#9346,1.);
#9346 = DIRECTION('',(0.954301065121,0.298846912498,0.));
#9347 = ORIENTED_EDGE('',*,*,#9348,.F.);
#9348 = EDGE_CURVE('',#9349,#9341,#9351,.T.);
#9349 = VERTEX_POINT('',#9350);
#9350 = CARTESIAN_POINT('',(7.05,-3.026,0.));
#9351 = LINE('',#9352,#9353);
#9352 = CARTESIAN_POINT('',(7.05,-3.026,0.));
#9353 = VECTOR('',#9354,1.);
#9354 = DIRECTION('',(0.,-1.,0.));
#9355 = ORIENTED_EDGE('',*,*,#9356,.F.);
#9356 = EDGE_CURVE('',#9357,#9349,#9359,.T.);
#9357 = VERTEX_POINT('',#9358);
#9358 = CARTESIAN_POINT('',(7.62,-3.2045,0.));
#9359 = LINE('',#9360,#9361);
#9360 = CARTESIAN_POINT('',(7.62,-3.2045,0.));
#9361 = VECTOR('',#9362,1.);
#9362 = DIRECTION('',(-0.954301065121,0.298846912498,0.));
#9363 = ORIENTED_EDGE('',*,*,#9364,.T.);
#9364 = EDGE_CURVE('',#9357,#9365,#9367,.T.);
#9365 = VERTEX_POINT('',#9366);
#9366 = CARTESIAN_POINT('',(7.62,5.917,0.));
#9367 = LINE('',#9368,#9369);
#9368 = CARTESIAN_POINT('',(7.62,-5.283,0.));
#9369 = VECTOR('',#9370,1.);
#9370 = DIRECTION('',(0.,1.,0.));
#9371 = ORIENTED_EDGE('',*,*,#9372,.F.);
#9372 = EDGE_CURVE('',#9373,#9365,#9375,.T.);
#9373 = VERTEX_POINT('',#9374);
#9374 = CARTESIAN_POINT('',(-2.54,5.917,0.));
#9375 = LINE('',#9376,#9377);
#9376 = CARTESIAN_POINT('',(-2.54,5.917,0.));
#9377 = VECTOR('',#9378,1.);
#9378 = DIRECTION('',(1.,0.,0.));
#9379 = ORIENTED_EDGE('',*,*,#9380,.F.);
#9380 = EDGE_CURVE('',#9381,#9373,#9383,.T.);
#9381 = VERTEX_POINT('',#9382);
#9382 = CARTESIAN_POINT('',(-2.54,-3.2045,0.));
#9383 = LINE('',#9384,#9385);
#9384 = CARTESIAN_POINT('',(-2.54,-5.283,0.));
#9385 = VECTOR('',#9386,1.);
#9386 = DIRECTION('',(0.,1.,0.));
#9387 = ORIENTED_EDGE('',*,*,#9388,.T.);
#9388 = EDGE_CURVE('',#9381,#9389,#9391,.T.);
#9389 = VERTEX_POINT('',#9390);
#9390 = CARTESIAN_POINT('',(-3.11,-3.026,0.));
#9391 = LINE('',#9392,#9393);
#9392 = CARTESIAN_POINT('',(-2.54,-3.2045,0.));
#9393 = VECTOR('',#9394,1.);
#9394 = DIRECTION('',(-0.954301065121,0.298846912498,0.));
#9395 = ORIENTED_EDGE('',*,*,#9396,.T.);
#9396 = EDGE_CURVE('',#9389,#9397,#9399,.T.);
#9397 = VERTEX_POINT('',#9398);
#9398 = CARTESIAN_POINT('',(-3.11,-3.74,0.));
#9399 = LINE('',#9400,#9401);
#9400 = CARTESIAN_POINT('',(-3.11,-3.026,0.));
#9401 = VECTOR('',#9402,1.);
#9402 = DIRECTION('',(0.,-1.,0.));
#9403 = ORIENTED_EDGE('',*,*,#9404,.T.);
#9404 = EDGE_CURVE('',#9397,#9317,#9405,.T.);
#9405 = LINE('',#9406,#9407);
#9406 = CARTESIAN_POINT('',(-3.11,-3.74,0.));
#9407 = VECTOR('',#9408,1.);
#9408 = DIRECTION('',(0.954301065121,0.298846912498,0.));
#9409 = FACE_BOUND('',#9410,.F.);
#9410 = EDGE_LOOP('',(#9411,#9421,#9429,#9437));
#9411 = ORIENTED_EDGE('',*,*,#9412,.F.);
#9412 = EDGE_CURVE('',#9413,#9415,#9417,.T.);
#9413 = VERTEX_POINT('',#9414);
#9414 = CARTESIAN_POINT('',(4.63,-0.45,0.));
#9415 = VERTEX_POINT('',#9416);
#9416 = CARTESIAN_POINT('',(5.53,-0.45,0.));
#9417 = LINE('',#9418,#9419);
#9418 = CARTESIAN_POINT('',(1.045,-0.45,0.));
#9419 = VECTOR('',#9420,1.);
#9420 = DIRECTION('',(1.,0.,-0.));
#9421 = ORIENTED_EDGE('',*,*,#9422,.F.);
#9422 = EDGE_CURVE('',#9423,#9413,#9425,.T.);
#9423 = VERTEX_POINT('',#9424);
#9424 = CARTESIAN_POINT('',(4.63,0.45,0.));
#9425 = LINE('',#9426,#9427);
#9426 = CARTESIAN_POINT('',(4.63,-2.4165,0.));
#9427 = VECTOR('',#9428,1.);
#9428 = DIRECTION('',(0.,-1.,0.));
#9429 = ORIENTED_EDGE('',*,*,#9430,.F.);
#9430 = EDGE_CURVE('',#9431,#9423,#9433,.T.);
#9431 = VERTEX_POINT('',#9432);
#9432 = CARTESIAN_POINT('',(5.53,0.45,0.));
#9433 = LINE('',#9434,#9435);
#9434 = CARTESIAN_POINT('',(1.495,0.45,0.));
#9435 = VECTOR('',#9436,1.);
#9436 = DIRECTION('',(-1.,0.,0.));
#9437 = ORIENTED_EDGE('',*,*,#9438,.F.);
#9438 = EDGE_CURVE('',#9415,#9431,#9439,.T.);
#9439 = LINE('',#9440,#9441);
#9440 = CARTESIAN_POINT('',(5.53,-2.8665,0.));
#9441 = VECTOR('',#9442,1.);
#9442 = DIRECTION('',(0.,1.,0.));
#9443 = FACE_BOUND('',#9444,.F.);
#9444 = EDGE_LOOP('',(#9445,#9455,#9463,#9471));
#9445 = ORIENTED_EDGE('',*,*,#9446,.F.);
#9446 = EDGE_CURVE('',#9447,#9449,#9451,.T.);
#9447 = VERTEX_POINT('',#9448);
#9448 = CARTESIAN_POINT('',(-0.45,-0.45,0.));
#9449 = VERTEX_POINT('',#9450);
#9450 = CARTESIAN_POINT('',(0.45,-0.45,0.));
#9451 = LINE('',#9452,#9453);
#9452 = CARTESIAN_POINT('',(-1.495,-0.45,0.));
#9453 = VECTOR('',#9454,1.);
#9454 = DIRECTION('',(1.,0.,-0.));
#9455 = ORIENTED_EDGE('',*,*,#9456,.F.);
#9456 = EDGE_CURVE('',#9457,#9447,#9459,.T.);
#9457 = VERTEX_POINT('',#9458);
#9458 = CARTESIAN_POINT('',(-0.45,0.45,0.));
#9459 = LINE('',#9460,#9461);
#9460 = CARTESIAN_POINT('',(-0.45,-2.4165,0.));
#9461 = VECTOR('',#9462,1.);
#9462 = DIRECTION('',(0.,-1.,0.));
#9463 = ORIENTED_EDGE('',*,*,#9464,.F.);
#9464 = EDGE_CURVE('',#9465,#9457,#9467,.T.);
#9465 = VERTEX_POINT('',#9466);
#9466 = CARTESIAN_POINT('',(0.45,0.45,0.));
#9467 = LINE('',#9468,#9469);
#9468 = CARTESIAN_POINT('',(-1.045,0.45,0.));
#9469 = VECTOR('',#9470,1.);
#9470 = DIRECTION('',(-1.,0.,0.));
#9471 = ORIENTED_EDGE('',*,*,#9472,.F.);
#9472 = EDGE_CURVE('',#9449,#9465,#9473,.T.);
#9473 = LINE('',#9474,#9475);
#9474 = CARTESIAN_POINT('',(0.45,-2.8665,0.));
#9475 = VECTOR('',#9476,1.);
#9476 = DIRECTION('',(0.,1.,0.));
#9477 = PLANE('',#9478);
#9478 = AXIS2_PLACEMENT_3D('',#9479,#9480,#9481);
#9479 = CARTESIAN_POINT('',(-2.54,-5.283,0.));
#9480 = DIRECTION('',(0.,0.,1.));
#9481 = DIRECTION('',(0.,1.,0.));
#9482 = ADVANCED_FACE('',(#9483),#9563,.F.);
#9483 = FACE_BOUND('',#9484,.F.);
#9484 = EDGE_LOOP('',(#9485,#9495,#9503,#9509,#9510,#9518,#9526,#9532,
    #9533,#9541,#9549,#9557));
#9485 = ORIENTED_EDGE('',*,*,#9486,.T.);
#9486 = EDGE_CURVE('',#9487,#9489,#9491,.T.);
#9487 = VERTEX_POINT('',#9488);
#9488 = CARTESIAN_POINT('',(-2.54,-2.283,18.));
#9489 = VERTEX_POINT('',#9490);
#9490 = CARTESIAN_POINT('',(-2.54,-4.983,11.8));
#9491 = LINE('',#9492,#9493);
#9492 = CARTESIAN_POINT('',(-2.54,-2.283,18.));
#9493 = VECTOR('',#9494,1.);
#9494 = DIRECTION('',(0.,-0.39926676728,-0.916834798939));
#9495 = ORIENTED_EDGE('',*,*,#9496,.T.);
#9496 = EDGE_CURVE('',#9489,#9497,#9499,.T.);
#9497 = VERTEX_POINT('',#9498);
#9498 = CARTESIAN_POINT('',(-2.54,-5.283,11.8));
#9499 = LINE('',#9500,#9501);
#9500 = CARTESIAN_POINT('',(-2.54,-4.983,11.8));
#9501 = VECTOR('',#9502,1.);
#9502 = DIRECTION('',(0.,-1.,0.));
#9503 = ORIENTED_EDGE('',*,*,#9504,.T.);
#9504 = EDGE_CURVE('',#9497,#9315,#9505,.T.);
#9505 = LINE('',#9506,#9507);
#9506 = CARTESIAN_POINT('',(-2.54,-5.283,18.));
#9507 = VECTOR('',#9508,1.);
#9508 = DIRECTION('',(0.,0.,-1.));
#9509 = ORIENTED_EDGE('',*,*,#9314,.T.);
#9510 = ORIENTED_EDGE('',*,*,#9511,.T.);
#9511 = EDGE_CURVE('',#9317,#9512,#9514,.T.);
#9512 = VERTEX_POINT('',#9513);
#9513 = CARTESIAN_POINT('',(-2.54,-3.5615,12.));
#9514 = LINE('',#9515,#9516);
#9515 = CARTESIAN_POINT('',(-2.54,-3.5615,0.));
#9516 = VECTOR('',#9517,1.);
#9517 = DIRECTION('',(0.,0.,1.));
#9518 = ORIENTED_EDGE('',*,*,#9519,.T.);
#9519 = EDGE_CURVE('',#9512,#9520,#9522,.T.);
#9520 = VERTEX_POINT('',#9521);
#9521 = CARTESIAN_POINT('',(-2.54,-3.2045,12.));
#9522 = LINE('',#9523,#9524);
#9523 = CARTESIAN_POINT('',(-2.54,-3.5615,12.));
#9524 = VECTOR('',#9525,1.);
#9525 = DIRECTION('',(0.,1.,0.));
#9526 = ORIENTED_EDGE('',*,*,#9527,.F.);
#9527 = EDGE_CURVE('',#9381,#9520,#9528,.T.);
#9528 = LINE('',#9529,#9530);
#9529 = CARTESIAN_POINT('',(-2.54,-3.2045,0.));
#9530 = VECTOR('',#9531,1.);
#9531 = DIRECTION('',(0.,0.,1.));
#9532 = ORIENTED_EDGE('',*,*,#9380,.T.);
#9533 = ORIENTED_EDGE('',*,*,#9534,.T.);
#9534 = EDGE_CURVE('',#9373,#9535,#9537,.T.);
#9535 = VERTEX_POINT('',#9536);
#9536 = CARTESIAN_POINT('',(-2.54,5.917,9.8));
#9537 = LINE('',#9538,#9539);
#9538 = CARTESIAN_POINT('',(-2.54,5.917,0.));
#9539 = VECTOR('',#9540,1.);
#9540 = DIRECTION('',(0.,0.,1.));
#9541 = ORIENTED_EDGE('',*,*,#9542,.F.);
#9542 = EDGE_CURVE('',#9543,#9535,#9545,.T.);
#9543 = VERTEX_POINT('',#9544);
#9544 = CARTESIAN_POINT('',(-2.54,3.92,9.8));
#9545 = LINE('',#9546,#9547);
#9546 = CARTESIAN_POINT('',(-2.54,3.92,9.8));
#9547 = VECTOR('',#9548,1.);
#9548 = DIRECTION('',(0.,1.,0.));
#9549 = ORIENTED_EDGE('',*,*,#9550,.F.);
#9550 = EDGE_CURVE('',#9551,#9543,#9553,.T.);
#9551 = VERTEX_POINT('',#9552);
#9552 = CARTESIAN_POINT('',(-2.54,3.644,18.));
#9553 = LINE('',#9554,#9555);
#9554 = CARTESIAN_POINT('',(-2.54,3.644,18.));
#9555 = VECTOR('',#9556,1.);
#9556 = DIRECTION('',(0.,3.363948694083E-02,-0.999434032299));
#9557 = ORIENTED_EDGE('',*,*,#9558,.T.);
#9558 = EDGE_CURVE('',#9551,#9487,#9559,.T.);
#9559 = LINE('',#9560,#9561);
#9560 = CARTESIAN_POINT('',(-2.54,5.917,18.));
#9561 = VECTOR('',#9562,1.);
#9562 = DIRECTION('',(0.,-1.,0.));
#9563 = PLANE('',#9564);
#9564 = AXIS2_PLACEMENT_3D('',#9565,#9566,#9567);
#9565 = CARTESIAN_POINT('',(-2.54,0.317,9.));
#9566 = DIRECTION('',(1.,0.,0.));
#9567 = DIRECTION('',(-0.,0.,1.));
#9568 = ADVANCED_FACE('',(#9569,#9587,#9621),#9655,.F.);
#9569 = FACE_BOUND('',#9570,.F.);
#9570 = EDGE_LOOP('',(#9571,#9572,#9580,#9586));
#9571 = ORIENTED_EDGE('',*,*,#9504,.F.);
#9572 = ORIENTED_EDGE('',*,*,#9573,.T.);
#9573 = EDGE_CURVE('',#9497,#9574,#9576,.T.);
#9574 = VERTEX_POINT('',#9575);
#9575 = CARTESIAN_POINT('',(7.62,-5.283,11.8));
#9576 = LINE('',#9577,#9578);
#9577 = CARTESIAN_POINT('',(-2.54,-5.283,11.8));
#9578 = VECTOR('',#9579,1.);
#9579 = DIRECTION('',(1.,0.,0.));
#9580 = ORIENTED_EDGE('',*,*,#9581,.T.);
#9581 = EDGE_CURVE('',#9574,#9325,#9582,.T.);
#9582 = LINE('',#9583,#9584);
#9583 = CARTESIAN_POINT('',(7.62,-5.283,18.));
#9584 = VECTOR('',#9585,1.);
#9585 = DIRECTION('',(0.,0.,-1.));
#9586 = ORIENTED_EDGE('',*,*,#9324,.F.);
#9587 = FACE_BOUND('',#9588,.F.);
#9588 = EDGE_LOOP('',(#9589,#9599,#9607,#9615));
#9589 = ORIENTED_EDGE('',*,*,#9590,.F.);
#9590 = EDGE_CURVE('',#9591,#9593,#9595,.T.);
#9591 = VERTEX_POINT('',#9592);
#9592 = CARTESIAN_POINT('',(3.08,-5.283,3.3));
#9593 = VERTEX_POINT('',#9594);
#9594 = CARTESIAN_POINT('',(3.08,-5.283,8.8));
#9595 = LINE('',#9596,#9597);
#9596 = CARTESIAN_POINT('',(3.08,-5.283,3.3));
#9597 = VECTOR('',#9598,1.);
#9598 = DIRECTION('',(0.,0.,1.));
#9599 = ORIENTED_EDGE('',*,*,#9600,.F.);
#9600 = EDGE_CURVE('',#9601,#9591,#9603,.T.);
#9601 = VERTEX_POINT('',#9602);
#9602 = CARTESIAN_POINT('',(7.08,-5.283,3.3));
#9603 = LINE('',#9604,#9605);
#9604 = CARTESIAN_POINT('',(7.08,-5.283,3.3));
#9605 = VECTOR('',#9606,1.);
#9606 = DIRECTION('',(-1.,0.,-1.110223024625E-16));
#9607 = ORIENTED_EDGE('',*,*,#9608,.F.);
#9608 = EDGE_CURVE('',#9609,#9601,#9611,.T.);
#9609 = VERTEX_POINT('',#9610);
#9610 = CARTESIAN_POINT('',(7.08,-5.283,8.8));
#9611 = LINE('',#9612,#9613);
#9612 = CARTESIAN_POINT('',(7.08,-5.283,8.8));
#9613 = VECTOR('',#9614,1.);
#9614 = DIRECTION('',(0.,0.,-1.));
#9615 = ORIENTED_EDGE('',*,*,#9616,.F.);
#9616 = EDGE_CURVE('',#9593,#9609,#9617,.T.);
#9617 = LINE('',#9618,#9619);
#9618 = CARTESIAN_POINT('',(3.08,-5.283,8.8));
#9619 = VECTOR('',#9620,1.);
#9620 = DIRECTION('',(1.,0.,0.));
#9621 = FACE_BOUND('',#9622,.F.);
#9622 = EDGE_LOOP('',(#9623,#9633,#9641,#9649));
#9623 = ORIENTED_EDGE('',*,*,#9624,.F.);
#9624 = EDGE_CURVE('',#9625,#9627,#9629,.T.);
#9625 = VERTEX_POINT('',#9626);
#9626 = CARTESIAN_POINT('',(-2.,-5.283,3.3));
#9627 = VERTEX_POINT('',#9628);
#9628 = CARTESIAN_POINT('',(-2.,-5.283,8.8));
#9629 = LINE('',#9630,#9631);
#9630 = CARTESIAN_POINT('',(-2.,-5.283,3.3));
#9631 = VECTOR('',#9632,1.);
#9632 = DIRECTION('',(0.,0.,1.));
#9633 = ORIENTED_EDGE('',*,*,#9634,.F.);
#9634 = EDGE_CURVE('',#9635,#9625,#9637,.T.);
#9635 = VERTEX_POINT('',#9636);
#9636 = CARTESIAN_POINT('',(2.,-5.283,3.3));
#9637 = LINE('',#9638,#9639);
#9638 = CARTESIAN_POINT('',(2.,-5.283,3.3));
#9639 = VECTOR('',#9640,1.);
#9640 = DIRECTION('',(-1.,0.,-1.110223024625E-16));
#9641 = ORIENTED_EDGE('',*,*,#9642,.F.);
#9642 = EDGE_CURVE('',#9643,#9635,#9645,.T.);
#9643 = VERTEX_POINT('',#9644);
#9644 = CARTESIAN_POINT('',(2.,-5.283,8.8));
#9645 = LINE('',#9646,#9647);
#9646 = CARTESIAN_POINT('',(2.,-5.283,8.8));
#9647 = VECTOR('',#9648,1.);
#9648 = DIRECTION('',(0.,0.,-1.));
#9649 = ORIENTED_EDGE('',*,*,#9650,.F.);
#9650 = EDGE_CURVE('',#9627,#9643,#9651,.T.);
#9651 = LINE('',#9652,#9653);
#9652 = CARTESIAN_POINT('',(-2.,-5.283,8.8));
#9653 = VECTOR('',#9654,1.);
#9654 = DIRECTION('',(1.,0.,0.));
#9655 = PLANE('',#9656);
#9656 = AXIS2_PLACEMENT_3D('',#9657,#9658,#9659);
#9657 = CARTESIAN_POINT('',(-2.54,-5.283,18.));
#9658 = DIRECTION('',(-0.,1.,0.));
#9659 = DIRECTION('',(0.,0.,-1.));
#9660 = ADVANCED_FACE('',(#9661),#9679,.F.);
#9661 = FACE_BOUND('',#9662,.F.);
#9662 = EDGE_LOOP('',(#9663,#9671,#9677,#9678));
#9663 = ORIENTED_EDGE('',*,*,#9664,.T.);
#9664 = EDGE_CURVE('',#9397,#9665,#9667,.T.);
#9665 = VERTEX_POINT('',#9666);
#9666 = CARTESIAN_POINT('',(-3.11,-3.74,12.));
#9667 = LINE('',#9668,#9669);
#9668 = CARTESIAN_POINT('',(-3.11,-3.74,0.));
#9669 = VECTOR('',#9670,1.);
#9670 = DIRECTION('',(0.,0.,1.));
#9671 = ORIENTED_EDGE('',*,*,#9672,.T.);
#9672 = EDGE_CURVE('',#9665,#9512,#9673,.T.);
#9673 = LINE('',#9674,#9675);
#9674 = CARTESIAN_POINT('',(-3.11,-3.74,12.));
#9675 = VECTOR('',#9676,1.);
#9676 = DIRECTION('',(0.954301065121,0.298846912498,0.));
#9677 = ORIENTED_EDGE('',*,*,#9511,.F.);
#9678 = ORIENTED_EDGE('',*,*,#9404,.F.);
#9679 = PLANE('',#9680);
#9680 = AXIS2_PLACEMENT_3D('',#9681,#9682,#9683);
#9681 = CARTESIAN_POINT('',(-3.11,-3.74,0.));
#9682 = DIRECTION('',(-0.298846912498,0.954301065121,0.));
#9683 = DIRECTION('',(0.954301065121,0.298846912498,0.));
#9684 = ADVANCED_FACE('',(#9685),#9758,.T.);
#9685 = FACE_BOUND('',#9686,.T.);
#9686 = EDGE_LOOP('',(#9687,#9697,#9703,#9704,#9705,#9713,#9721,#9727,
    #9728,#9736,#9744,#9752));
#9687 = ORIENTED_EDGE('',*,*,#9688,.T.);
#9688 = EDGE_CURVE('',#9689,#9691,#9693,.T.);
#9689 = VERTEX_POINT('',#9690);
#9690 = CARTESIAN_POINT('',(7.62,-2.283,18.));
#9691 = VERTEX_POINT('',#9692);
#9692 = CARTESIAN_POINT('',(7.62,-4.983,11.8));
#9693 = LINE('',#9694,#9695);
#9694 = CARTESIAN_POINT('',(7.62,-2.283,18.));
#9695 = VECTOR('',#9696,1.);
#9696 = DIRECTION('',(0.,-0.39926676728,-0.916834798939));
#9697 = ORIENTED_EDGE('',*,*,#9698,.T.);
#9698 = EDGE_CURVE('',#9691,#9574,#9699,.T.);
#9699 = LINE('',#9700,#9701);
#9700 = CARTESIAN_POINT('',(7.62,-4.983,11.8));
#9701 = VECTOR('',#9702,1.);
#9702 = DIRECTION('',(0.,-1.,0.));
#9703 = ORIENTED_EDGE('',*,*,#9581,.T.);
#9704 = ORIENTED_EDGE('',*,*,#9332,.T.);
#9705 = ORIENTED_EDGE('',*,*,#9706,.T.);
#9706 = EDGE_CURVE('',#9333,#9707,#9709,.T.);
#9707 = VERTEX_POINT('',#9708);
#9708 = CARTESIAN_POINT('',(7.62,-3.5615,12.));
#9709 = LINE('',#9710,#9711);
#9710 = CARTESIAN_POINT('',(7.62,-3.5615,0.));
#9711 = VECTOR('',#9712,1.);
#9712 = DIRECTION('',(0.,0.,1.));
#9713 = ORIENTED_EDGE('',*,*,#9714,.T.);
#9714 = EDGE_CURVE('',#9707,#9715,#9717,.T.);
#9715 = VERTEX_POINT('',#9716);
#9716 = CARTESIAN_POINT('',(7.62,-3.2045,12.));
#9717 = LINE('',#9718,#9719);
#9718 = CARTESIAN_POINT('',(7.62,-3.5615,12.));
#9719 = VECTOR('',#9720,1.);
#9720 = DIRECTION('',(0.,1.,0.));
#9721 = ORIENTED_EDGE('',*,*,#9722,.F.);
#9722 = EDGE_CURVE('',#9357,#9715,#9723,.T.);
#9723 = LINE('',#9724,#9725);
#9724 = CARTESIAN_POINT('',(7.62,-3.2045,0.));
#9725 = VECTOR('',#9726,1.);
#9726 = DIRECTION('',(0.,0.,1.));
#9727 = ORIENTED_EDGE('',*,*,#9364,.T.);
#9728 = ORIENTED_EDGE('',*,*,#9729,.T.);
#9729 = EDGE_CURVE('',#9365,#9730,#9732,.T.);
#9730 = VERTEX_POINT('',#9731);
#9731 = CARTESIAN_POINT('',(7.62,5.917,9.8));
#9732 = LINE('',#9733,#9734);
#9733 = CARTESIAN_POINT('',(7.62,5.917,0.));
#9734 = VECTOR('',#9735,1.);
#9735 = DIRECTION('',(0.,0.,1.));
#9736 = ORIENTED_EDGE('',*,*,#9737,.F.);
#9737 = EDGE_CURVE('',#9738,#9730,#9740,.T.);
#9738 = VERTEX_POINT('',#9739);
#9739 = CARTESIAN_POINT('',(7.62,3.92,9.8));
#9740 = LINE('',#9741,#9742);
#9741 = CARTESIAN_POINT('',(7.62,3.92,9.8));
#9742 = VECTOR('',#9743,1.);
#9743 = DIRECTION('',(0.,1.,0.));
#9744 = ORIENTED_EDGE('',*,*,#9745,.F.);
#9745 = EDGE_CURVE('',#9746,#9738,#9748,.T.);
#9746 = VERTEX_POINT('',#9747);
#9747 = CARTESIAN_POINT('',(7.62,3.644,18.));
#9748 = LINE('',#9749,#9750);
#9749 = CARTESIAN_POINT('',(7.62,3.644,18.));
#9750 = VECTOR('',#9751,1.);
#9751 = DIRECTION('',(0.,3.363948694083E-02,-0.999434032299));
#9752 = ORIENTED_EDGE('',*,*,#9753,.T.);
#9753 = EDGE_CURVE('',#9746,#9689,#9754,.T.);
#9754 = LINE('',#9755,#9756);
#9755 = CARTESIAN_POINT('',(7.62,5.917,18.));
#9756 = VECTOR('',#9757,1.);
#9757 = DIRECTION('',(0.,-1.,0.));
#9758 = PLANE('',#9759);
#9759 = AXIS2_PLACEMENT_3D('',#9760,#9761,#9762);
#9760 = CARTESIAN_POINT('',(7.62,0.317,9.));
#9761 = DIRECTION('',(1.,0.,0.));
#9762 = DIRECTION('',(-0.,0.,1.));
#9763 = ADVANCED_FACE('',(#9764),#9782,.F.);
#9764 = FACE_BOUND('',#9765,.F.);
#9765 = EDGE_LOOP('',(#9766,#9774,#9780,#9781));
#9766 = ORIENTED_EDGE('',*,*,#9767,.T.);
#9767 = EDGE_CURVE('',#9389,#9768,#9770,.T.);
#9768 = VERTEX_POINT('',#9769);
#9769 = CARTESIAN_POINT('',(-3.11,-3.026,12.));
#9770 = LINE('',#9771,#9772);
#9771 = CARTESIAN_POINT('',(-3.11,-3.026,0.));
#9772 = VECTOR('',#9773,1.);
#9773 = DIRECTION('',(0.,0.,1.));
#9774 = ORIENTED_EDGE('',*,*,#9775,.T.);
#9775 = EDGE_CURVE('',#9768,#9665,#9776,.T.);
#9776 = LINE('',#9777,#9778);
#9777 = CARTESIAN_POINT('',(-3.11,-3.026,12.));
#9778 = VECTOR('',#9779,1.);
#9779 = DIRECTION('',(0.,-1.,0.));
#9780 = ORIENTED_EDGE('',*,*,#9664,.F.);
#9781 = ORIENTED_EDGE('',*,*,#9396,.F.);
#9782 = PLANE('',#9783);
#9783 = AXIS2_PLACEMENT_3D('',#9784,#9785,#9786);
#9784 = CARTESIAN_POINT('',(-3.11,-3.026,0.));
#9785 = DIRECTION('',(1.,0.,-0.));
#9786 = DIRECTION('',(0.,-1.,0.));
#9787 = ADVANCED_FACE('',(#9788),#9806,.T.);
#9788 = FACE_BOUND('',#9789,.T.);
#9789 = EDGE_LOOP('',(#9790,#9798,#9804,#9805));
#9790 = ORIENTED_EDGE('',*,*,#9791,.T.);
#9791 = EDGE_CURVE('',#9341,#9792,#9794,.T.);
#9792 = VERTEX_POINT('',#9793);
#9793 = CARTESIAN_POINT('',(7.05,-3.74,12.));
#9794 = LINE('',#9795,#9796);
#9795 = CARTESIAN_POINT('',(7.05,-3.74,0.));
#9796 = VECTOR('',#9797,1.);
#9797 = DIRECTION('',(0.,0.,1.));
#9798 = ORIENTED_EDGE('',*,*,#9799,.T.);
#9799 = EDGE_CURVE('',#9792,#9707,#9800,.T.);
#9800 = LINE('',#9801,#9802);
#9801 = CARTESIAN_POINT('',(7.05,-3.74,12.));
#9802 = VECTOR('',#9803,1.);
#9803 = DIRECTION('',(0.954301065121,0.298846912498,0.));
#9804 = ORIENTED_EDGE('',*,*,#9706,.F.);
#9805 = ORIENTED_EDGE('',*,*,#9340,.F.);
#9806 = PLANE('',#9807);
#9807 = AXIS2_PLACEMENT_3D('',#9808,#9809,#9810);
#9808 = CARTESIAN_POINT('',(7.05,-3.74,0.));
#9809 = DIRECTION('',(-0.298846912498,0.954301065121,0.));
#9810 = DIRECTION('',(0.954301065121,0.298846912498,0.));
#9811 = ADVANCED_FACE('',(#9812),#9823,.F.);
#9812 = FACE_BOUND('',#9813,.F.);
#9813 = EDGE_LOOP('',(#9814,#9815,#9821,#9822));
#9814 = ORIENTED_EDGE('',*,*,#9527,.T.);
#9815 = ORIENTED_EDGE('',*,*,#9816,.T.);
#9816 = EDGE_CURVE('',#9520,#9768,#9817,.T.);
#9817 = LINE('',#9818,#9819);
#9818 = CARTESIAN_POINT('',(-2.54,-3.2045,12.));
#9819 = VECTOR('',#9820,1.);
#9820 = DIRECTION('',(-0.954301065121,0.298846912498,0.));
#9821 = ORIENTED_EDGE('',*,*,#9767,.F.);
#9822 = ORIENTED_EDGE('',*,*,#9388,.F.);
#9823 = PLANE('',#9824);
#9824 = AXIS2_PLACEMENT_3D('',#9825,#9826,#9827);
#9825 = CARTESIAN_POINT('',(-2.54,-3.2045,0.));
#9826 = DIRECTION('',(-0.298846912498,-0.954301065121,0.));
#9827 = DIRECTION('',(-0.954301065121,0.298846912498,0.));
#9828 = ADVANCED_FACE('',(#9829),#9847,.T.);
#9829 = FACE_BOUND('',#9830,.T.);
#9830 = EDGE_LOOP('',(#9831,#9839,#9845,#9846));
#9831 = ORIENTED_EDGE('',*,*,#9832,.T.);
#9832 = EDGE_CURVE('',#9349,#9833,#9835,.T.);
#9833 = VERTEX_POINT('',#9834);
#9834 = CARTESIAN_POINT('',(7.05,-3.026,12.));
#9835 = LINE('',#9836,#9837);
#9836 = CARTESIAN_POINT('',(7.05,-3.026,0.));
#9837 = VECTOR('',#9838,1.);
#9838 = DIRECTION('',(0.,0.,1.));
#9839 = ORIENTED_EDGE('',*,*,#9840,.T.);
#9840 = EDGE_CURVE('',#9833,#9792,#9841,.T.);
#9841 = LINE('',#9842,#9843);
#9842 = CARTESIAN_POINT('',(7.05,-3.026,12.));
#9843 = VECTOR('',#9844,1.);
#9844 = DIRECTION('',(0.,-1.,0.));
#9845 = ORIENTED_EDGE('',*,*,#9791,.F.);
#9846 = ORIENTED_EDGE('',*,*,#9348,.F.);
#9847 = PLANE('',#9848);
#9848 = AXIS2_PLACEMENT_3D('',#9849,#9850,#9851);
#9849 = CARTESIAN_POINT('',(7.05,-3.026,0.));
#9850 = DIRECTION('',(1.,0.,-0.));
#9851 = DIRECTION('',(0.,-1.,0.));
#9852 = ADVANCED_FACE('',(#9853),#9864,.T.);
#9853 = FACE_BOUND('',#9854,.T.);
#9854 = EDGE_LOOP('',(#9855,#9856,#9862,#9863));
#9855 = ORIENTED_EDGE('',*,*,#9722,.T.);
#9856 = ORIENTED_EDGE('',*,*,#9857,.T.);
#9857 = EDGE_CURVE('',#9715,#9833,#9858,.T.);
#9858 = LINE('',#9859,#9860);
#9859 = CARTESIAN_POINT('',(7.62,-3.2045,12.));
#9860 = VECTOR('',#9861,1.);
#9861 = DIRECTION('',(-0.954301065121,0.298846912498,0.));
#9862 = ORIENTED_EDGE('',*,*,#9832,.F.);
#9863 = ORIENTED_EDGE('',*,*,#9356,.F.);
#9864 = PLANE('',#9865);
#9865 = AXIS2_PLACEMENT_3D('',#9866,#9867,#9868);
#9866 = CARTESIAN_POINT('',(7.62,-3.2045,0.));
#9867 = DIRECTION('',(-0.298846912498,-0.954301065121,0.));
#9868 = DIRECTION('',(-0.954301065121,0.298846912498,0.));
#9869 = ADVANCED_FACE('',(#9870),#9881,.F.);
#9870 = FACE_BOUND('',#9871,.F.);
#9871 = EDGE_LOOP('',(#9872,#9873,#9874,#9875));
#9872 = ORIENTED_EDGE('',*,*,#9534,.F.);
#9873 = ORIENTED_EDGE('',*,*,#9372,.T.);
#9874 = ORIENTED_EDGE('',*,*,#9729,.T.);
#9875 = ORIENTED_EDGE('',*,*,#9876,.F.);
#9876 = EDGE_CURVE('',#9535,#9730,#9877,.T.);
#9877 = LINE('',#9878,#9879);
#9878 = CARTESIAN_POINT('',(-2.54,5.917,9.8));
#9879 = VECTOR('',#9880,1.);
#9880 = DIRECTION('',(1.,0.,0.));
#9881 = PLANE('',#9882);
#9882 = AXIS2_PLACEMENT_3D('',#9883,#9884,#9885);
#9883 = CARTESIAN_POINT('',(-2.54,5.917,0.));
#9884 = DIRECTION('',(0.,-1.,0.));
#9885 = DIRECTION('',(0.,0.,1.));
#9886 = ADVANCED_FACE('',(#9887),#9912,.T.);
#9887 = FACE_BOUND('',#9888,.T.);
#9888 = EDGE_LOOP('',(#9889,#9890,#9898,#9906));
#9889 = ORIENTED_EDGE('',*,*,#9412,.F.);
#9890 = ORIENTED_EDGE('',*,*,#9891,.T.);
#9891 = EDGE_CURVE('',#9413,#9892,#9894,.T.);
#9892 = VERTEX_POINT('',#9893);
#9893 = CARTESIAN_POINT('',(4.63,-0.45,-5.));
#9894 = LINE('',#9895,#9896);
#9895 = CARTESIAN_POINT('',(4.63,-0.45,3.3));
#9896 = VECTOR('',#9897,1.);
#9897 = DIRECTION('',(-0.,-0.,-1.));
#9898 = ORIENTED_EDGE('',*,*,#9899,.T.);
#9899 = EDGE_CURVE('',#9892,#9900,#9902,.T.);
#9900 = VERTEX_POINT('',#9901);
#9901 = CARTESIAN_POINT('',(5.53,-0.45,-5.));
#9902 = LINE('',#9903,#9904);
#9903 = CARTESIAN_POINT('',(4.63,-0.45,-5.));
#9904 = VECTOR('',#9905,1.);
#9905 = DIRECTION('',(1.,0.,0.));
#9906 = ORIENTED_EDGE('',*,*,#9907,.F.);
#9907 = EDGE_CURVE('',#9415,#9900,#9908,.T.);
#9908 = LINE('',#9909,#9910);
#9909 = CARTESIAN_POINT('',(5.53,-0.45,3.3));
#9910 = VECTOR('',#9911,1.);
#9911 = DIRECTION('',(-0.,-0.,-1.));
#9912 = PLANE('',#9913);
#9913 = AXIS2_PLACEMENT_3D('',#9914,#9915,#9916);
#9914 = CARTESIAN_POINT('',(4.63,-0.45,3.3));
#9915 = DIRECTION('',(0.,-1.,0.));
#9916 = DIRECTION('',(1.,0.,0.));
#9917 = ADVANCED_FACE('',(#9918),#9936,.T.);
#9918 = FACE_BOUND('',#9919,.T.);
#9919 = EDGE_LOOP('',(#9920,#9921,#9922,#9930));
#9920 = ORIENTED_EDGE('',*,*,#9438,.F.);
#9921 = ORIENTED_EDGE('',*,*,#9907,.T.);
#9922 = ORIENTED_EDGE('',*,*,#9923,.T.);
#9923 = EDGE_CURVE('',#9900,#9924,#9926,.T.);
#9924 = VERTEX_POINT('',#9925);
#9925 = CARTESIAN_POINT('',(5.53,0.45,-5.));
#9926 = LINE('',#9927,#9928);
#9927 = CARTESIAN_POINT('',(5.53,-0.45,-5.));
#9928 = VECTOR('',#9929,1.);
#9929 = DIRECTION('',(0.,1.,0.));
#9930 = ORIENTED_EDGE('',*,*,#9931,.F.);
#9931 = EDGE_CURVE('',#9431,#9924,#9932,.T.);
#9932 = LINE('',#9933,#9934);
#9933 = CARTESIAN_POINT('',(5.53,0.45,3.3));
#9934 = VECTOR('',#9935,1.);
#9935 = DIRECTION('',(-0.,-0.,-1.));
#9936 = PLANE('',#9937);
#9937 = AXIS2_PLACEMENT_3D('',#9938,#9939,#9940);
#9938 = CARTESIAN_POINT('',(5.53,-0.45,3.3));
#9939 = DIRECTION('',(1.,0.,0.));
#9940 = DIRECTION('',(-0.,1.,0.));
#9941 = ADVANCED_FACE('',(#9942),#9960,.T.);
#9942 = FACE_BOUND('',#9943,.T.);
#9943 = EDGE_LOOP('',(#9944,#9945,#9946,#9954));
#9944 = ORIENTED_EDGE('',*,*,#9430,.F.);
#9945 = ORIENTED_EDGE('',*,*,#9931,.T.);
#9946 = ORIENTED_EDGE('',*,*,#9947,.T.);
#9947 = EDGE_CURVE('',#9924,#9948,#9950,.T.);
#9948 = VERTEX_POINT('',#9949);
#9949 = CARTESIAN_POINT('',(4.63,0.45,-5.));
#9950 = LINE('',#9951,#9952);
#9951 = CARTESIAN_POINT('',(5.53,0.45,-5.));
#9952 = VECTOR('',#9953,1.);
#9953 = DIRECTION('',(-1.,0.,0.));
#9954 = ORIENTED_EDGE('',*,*,#9955,.F.);
#9955 = EDGE_CURVE('',#9423,#9948,#9956,.T.);
#9956 = LINE('',#9957,#9958);
#9957 = CARTESIAN_POINT('',(4.63,0.45,3.3));
#9958 = VECTOR('',#9959,1.);
#9959 = DIRECTION('',(-0.,-0.,-1.));
#9960 = PLANE('',#9961);
#9961 = AXIS2_PLACEMENT_3D('',#9962,#9963,#9964);
#9962 = CARTESIAN_POINT('',(5.53,0.45,3.3));
#9963 = DIRECTION('',(0.,1.,-0.));
#9964 = DIRECTION('',(-1.,0.,0.));
#9965 = ADVANCED_FACE('',(#9966),#9977,.T.);
#9966 = FACE_BOUND('',#9967,.T.);
#9967 = EDGE_LOOP('',(#9968,#9969,#9970,#9976));
#9968 = ORIENTED_EDGE('',*,*,#9422,.F.);
#9969 = ORIENTED_EDGE('',*,*,#9955,.T.);
#9970 = ORIENTED_EDGE('',*,*,#9971,.T.);
#9971 = EDGE_CURVE('',#9948,#9892,#9972,.T.);
#9972 = LINE('',#9973,#9974);
#9973 = CARTESIAN_POINT('',(4.63,0.45,-5.));
#9974 = VECTOR('',#9975,1.);
#9975 = DIRECTION('',(0.,-1.,0.));
#9976 = ORIENTED_EDGE('',*,*,#9891,.F.);
#9977 = PLANE('',#9978);
#9978 = AXIS2_PLACEMENT_3D('',#9979,#9980,#9981);
#9979 = CARTESIAN_POINT('',(4.63,0.45,3.3));
#9980 = DIRECTION('',(-1.,0.,0.));
#9981 = DIRECTION('',(0.,-1.,0.));
#9982 = ADVANCED_FACE('',(#9983),#10008,.T.);
#9983 = FACE_BOUND('',#9984,.T.);
#9984 = EDGE_LOOP('',(#9985,#9986,#9994,#10002));
#9985 = ORIENTED_EDGE('',*,*,#9446,.F.);
#9986 = ORIENTED_EDGE('',*,*,#9987,.T.);
#9987 = EDGE_CURVE('',#9447,#9988,#9990,.T.);
#9988 = VERTEX_POINT('',#9989);
#9989 = CARTESIAN_POINT('',(-0.45,-0.45,-5.));
#9990 = LINE('',#9991,#9992);
#9991 = CARTESIAN_POINT('',(-0.45,-0.45,3.3));
#9992 = VECTOR('',#9993,1.);
#9993 = DIRECTION('',(-0.,-0.,-1.));
#9994 = ORIENTED_EDGE('',*,*,#9995,.T.);
#9995 = EDGE_CURVE('',#9988,#9996,#9998,.T.);
#9996 = VERTEX_POINT('',#9997);
#9997 = CARTESIAN_POINT('',(0.45,-0.45,-5.));
#9998 = LINE('',#9999,#10000);
#9999 = CARTESIAN_POINT('',(-0.45,-0.45,-5.));
#10000 = VECTOR('',#10001,1.);
#10001 = DIRECTION('',(1.,0.,0.));
#10002 = ORIENTED_EDGE('',*,*,#10003,.F.);
#10003 = EDGE_CURVE('',#9449,#9996,#10004,.T.);
#10004 = LINE('',#10005,#10006);
#10005 = CARTESIAN_POINT('',(0.45,-0.45,3.3));
#10006 = VECTOR('',#10007,1.);
#10007 = DIRECTION('',(-0.,-0.,-1.));
#10008 = PLANE('',#10009);
#10009 = AXIS2_PLACEMENT_3D('',#10010,#10011,#10012);
#10010 = CARTESIAN_POINT('',(-0.45,-0.45,3.3));
#10011 = DIRECTION('',(0.,-1.,0.));
#10012 = DIRECTION('',(1.,0.,0.));
#10013 = ADVANCED_FACE('',(#10014),#10032,.T.);
#10014 = FACE_BOUND('',#10015,.T.);
#10015 = EDGE_LOOP('',(#10016,#10017,#10018,#10026));
#10016 = ORIENTED_EDGE('',*,*,#9472,.F.);
#10017 = ORIENTED_EDGE('',*,*,#10003,.T.);
#10018 = ORIENTED_EDGE('',*,*,#10019,.T.);
#10019 = EDGE_CURVE('',#9996,#10020,#10022,.T.);
#10020 = VERTEX_POINT('',#10021);
#10021 = CARTESIAN_POINT('',(0.45,0.45,-5.));
#10022 = LINE('',#10023,#10024);
#10023 = CARTESIAN_POINT('',(0.45,-0.45,-5.));
#10024 = VECTOR('',#10025,1.);
#10025 = DIRECTION('',(0.,1.,0.));
#10026 = ORIENTED_EDGE('',*,*,#10027,.F.);
#10027 = EDGE_CURVE('',#9465,#10020,#10028,.T.);
#10028 = LINE('',#10029,#10030);
#10029 = CARTESIAN_POINT('',(0.45,0.45,3.3));
#10030 = VECTOR('',#10031,1.);
#10031 = DIRECTION('',(-0.,-0.,-1.));
#10032 = PLANE('',#10033);
#10033 = AXIS2_PLACEMENT_3D('',#10034,#10035,#10036);
#10034 = CARTESIAN_POINT('',(0.45,-0.45,3.3));
#10035 = DIRECTION('',(1.,0.,0.));
#10036 = DIRECTION('',(-0.,1.,0.));
#10037 = ADVANCED_FACE('',(#10038),#10056,.T.);
#10038 = FACE_BOUND('',#10039,.T.);
#10039 = EDGE_LOOP('',(#10040,#10041,#10042,#10050));
#10040 = ORIENTED_EDGE('',*,*,#9464,.F.);
#10041 = ORIENTED_EDGE('',*,*,#10027,.T.);
#10042 = ORIENTED_EDGE('',*,*,#10043,.T.);
#10043 = EDGE_CURVE('',#10020,#10044,#10046,.T.);
#10044 = VERTEX_POINT('',#10045);
#10045 = CARTESIAN_POINT('',(-0.45,0.45,-5.));
#10046 = LINE('',#10047,#10048);
#10047 = CARTESIAN_POINT('',(0.45,0.45,-5.));
#10048 = VECTOR('',#10049,1.);
#10049 = DIRECTION('',(-1.,0.,0.));
#10050 = ORIENTED_EDGE('',*,*,#10051,.F.);
#10051 = EDGE_CURVE('',#9457,#10044,#10052,.T.);
#10052 = LINE('',#10053,#10054);
#10053 = CARTESIAN_POINT('',(-0.45,0.45,3.3));
#10054 = VECTOR('',#10055,1.);
#10055 = DIRECTION('',(-0.,-0.,-1.));
#10056 = PLANE('',#10057);
#10057 = AXIS2_PLACEMENT_3D('',#10058,#10059,#10060);
#10058 = CARTESIAN_POINT('',(0.45,0.45,3.3));
#10059 = DIRECTION('',(0.,1.,-0.));
#10060 = DIRECTION('',(-1.,0.,0.));
#10061 = ADVANCED_FACE('',(#10062),#10073,.T.);
#10062 = FACE_BOUND('',#10063,.T.);
#10063 = EDGE_LOOP('',(#10064,#10065,#10066,#10072));
#10064 = ORIENTED_EDGE('',*,*,#9456,.F.);
#10065 = ORIENTED_EDGE('',*,*,#10051,.T.);
#10066 = ORIENTED_EDGE('',*,*,#10067,.T.);
#10067 = EDGE_CURVE('',#10044,#9988,#10068,.T.);
#10068 = LINE('',#10069,#10070);
#10069 = CARTESIAN_POINT('',(-0.45,0.45,-5.));
#10070 = VECTOR('',#10071,1.);
#10071 = DIRECTION('',(0.,-1.,0.));
#10072 = ORIENTED_EDGE('',*,*,#9987,.F.);
#10073 = PLANE('',#10074);
#10074 = AXIS2_PLACEMENT_3D('',#10075,#10076,#10077);
#10075 = CARTESIAN_POINT('',(-0.45,0.45,3.3));
#10076 = DIRECTION('',(-1.,0.,0.));
#10077 = DIRECTION('',(0.,-1.,0.));
#10078 = ADVANCED_FACE('',(#10079),#10095,.F.);
#10079 = FACE_BOUND('',#10080,.F.);
#10080 = EDGE_LOOP('',(#10081,#10087,#10088,#10094));
#10081 = ORIENTED_EDGE('',*,*,#10082,.T.);
#10082 = EDGE_CURVE('',#9487,#9689,#10083,.T.);
#10083 = LINE('',#10084,#10085);
#10084 = CARTESIAN_POINT('',(-2.54,-2.283,18.));
#10085 = VECTOR('',#10086,1.);
#10086 = DIRECTION('',(1.,0.,0.));
#10087 = ORIENTED_EDGE('',*,*,#9688,.T.);
#10088 = ORIENTED_EDGE('',*,*,#10089,.F.);
#10089 = EDGE_CURVE('',#9489,#9691,#10090,.T.);
#10090 = LINE('',#10091,#10092);
#10091 = CARTESIAN_POINT('',(-2.54,-4.983,11.8));
#10092 = VECTOR('',#10093,1.);
#10093 = DIRECTION('',(1.,0.,0.));
#10094 = ORIENTED_EDGE('',*,*,#9486,.F.);
#10095 = PLANE('',#10096);
#10096 = AXIS2_PLACEMENT_3D('',#10097,#10098,#10099);
#10097 = CARTESIAN_POINT('',(-2.54,-2.283,18.));
#10098 = DIRECTION('',(0.,0.916834798939,-0.39926676728));
#10099 = DIRECTION('',(0.,-0.39926676728,-0.916834798939));
#10100 = ADVANCED_FACE('',(#10101,#10112,#10123),#10134,.F.);
#10101 = FACE_BOUND('',#10102,.F.);
#10102 = EDGE_LOOP('',(#10103,#10104,#10110,#10111));
#10103 = ORIENTED_EDGE('',*,*,#9558,.F.);
#10104 = ORIENTED_EDGE('',*,*,#10105,.T.);
#10105 = EDGE_CURVE('',#9551,#9746,#10106,.T.);
#10106 = LINE('',#10107,#10108);
#10107 = CARTESIAN_POINT('',(-2.54,3.644,18.));
#10108 = VECTOR('',#10109,1.);
#10109 = DIRECTION('',(1.,0.,0.));
#10110 = ORIENTED_EDGE('',*,*,#9753,.T.);
#10111 = ORIENTED_EDGE('',*,*,#10082,.F.);
#10112 = FACE_BOUND('',#10113,.F.);
#10113 = EDGE_LOOP('',(#10114));
#10114 = ORIENTED_EDGE('',*,*,#10115,.T.);
#10115 = EDGE_CURVE('',#10116,#10116,#10118,.T.);
#10116 = VERTEX_POINT('',#10117);
#10117 = CARTESIAN_POINT('',(7.08,0.217,18.));
#10118 = CIRCLE('',#10119,2.);
#10119 = AXIS2_PLACEMENT_3D('',#10120,#10121,#10122);
#10120 = CARTESIAN_POINT('',(5.08,0.217,18.));
#10121 = DIRECTION('',(0.,0.,1.));
#10122 = DIRECTION('',(1.,0.,-0.));
#10123 = FACE_BOUND('',#10124,.F.);
#10124 = EDGE_LOOP('',(#10125));
#10125 = ORIENTED_EDGE('',*,*,#10126,.T.);
#10126 = EDGE_CURVE('',#10127,#10127,#10129,.T.);
#10127 = VERTEX_POINT('',#10128);
#10128 = CARTESIAN_POINT('',(2.,0.217,18.));
#10129 = CIRCLE('',#10130,2.);
#10130 = AXIS2_PLACEMENT_3D('',#10131,#10132,#10133);
#10131 = CARTESIAN_POINT('',(0.,0.217,18.));
#10132 = DIRECTION('',(0.,0.,1.));
#10133 = DIRECTION('',(1.,0.,-0.));
#10134 = PLANE('',#10135);
#10135 = AXIS2_PLACEMENT_3D('',#10136,#10137,#10138);
#10136 = CARTESIAN_POINT('',(-2.54,5.917,18.));
#10137 = DIRECTION('',(0.,0.,-1.));
#10138 = DIRECTION('',(0.,-1.,0.));
#10139 = ADVANCED_FACE('',(#10140),#10151,.T.);
#10140 = FACE_BOUND('',#10141,.T.);
#10141 = EDGE_LOOP('',(#10142,#10143,#10144,#10150));
#10142 = ORIENTED_EDGE('',*,*,#10105,.T.);
#10143 = ORIENTED_EDGE('',*,*,#9745,.T.);
#10144 = ORIENTED_EDGE('',*,*,#10145,.F.);
#10145 = EDGE_CURVE('',#9543,#9738,#10146,.T.);
#10146 = LINE('',#10147,#10148);
#10147 = CARTESIAN_POINT('',(-2.54,3.92,9.8));
#10148 = VECTOR('',#10149,1.);
#10149 = DIRECTION('',(1.,0.,0.));
#10150 = ORIENTED_EDGE('',*,*,#9550,.F.);
#10151 = PLANE('',#10152);
#10152 = AXIS2_PLACEMENT_3D('',#10153,#10154,#10155);
#10153 = CARTESIAN_POINT('',(-2.54,3.644,18.));
#10154 = DIRECTION('',(-0.,0.999434032299,3.363948694083E-02));
#10155 = DIRECTION('',(0.,3.363948694083E-02,-0.999434032299));
#10156 = ADVANCED_FACE('',(#10157),#10163,.T.);
#10157 = FACE_BOUND('',#10158,.T.);
#10158 = EDGE_LOOP('',(#10159,#10160,#10161,#10162));
#10159 = ORIENTED_EDGE('',*,*,#10145,.T.);
#10160 = ORIENTED_EDGE('',*,*,#9737,.T.);
#10161 = ORIENTED_EDGE('',*,*,#9876,.F.);
#10162 = ORIENTED_EDGE('',*,*,#9542,.F.);
#10163 = PLANE('',#10164);
#10164 = AXIS2_PLACEMENT_3D('',#10165,#10166,#10167);
#10165 = CARTESIAN_POINT('',(-2.54,3.92,9.8));
#10166 = DIRECTION('',(0.,0.,1.));
#10167 = DIRECTION('',(0.,1.,0.));
#10168 = ADVANCED_FACE('',(#10169),#10175,.T.);
#10169 = FACE_BOUND('',#10170,.T.);
#10170 = EDGE_LOOP('',(#10171,#10172,#10173,#10174));
#10171 = ORIENTED_EDGE('',*,*,#9816,.T.);
#10172 = ORIENTED_EDGE('',*,*,#9775,.T.);
#10173 = ORIENTED_EDGE('',*,*,#9672,.T.);
#10174 = ORIENTED_EDGE('',*,*,#9519,.T.);
#10175 = PLANE('',#10176);
#10176 = AXIS2_PLACEMENT_3D('',#10177,#10178,#10179);
#10177 = CARTESIAN_POINT('',(-2.869908800733,-3.383,12.));
#10178 = DIRECTION('',(0.,0.,1.));
#10179 = DIRECTION('',(1.,0.,-0.));
#10180 = ADVANCED_FACE('',(#10181),#10187,.F.);
#10181 = FACE_BOUND('',#10182,.F.);
#10182 = EDGE_LOOP('',(#10183,#10184,#10185,#10186));
#10183 = ORIENTED_EDGE('',*,*,#10089,.T.);
#10184 = ORIENTED_EDGE('',*,*,#9698,.T.);
#10185 = ORIENTED_EDGE('',*,*,#9573,.F.);
#10186 = ORIENTED_EDGE('',*,*,#9496,.F.);
#10187 = PLANE('',#10188);
#10188 = AXIS2_PLACEMENT_3D('',#10189,#10190,#10191);
#10189 = CARTESIAN_POINT('',(-2.54,-4.983,11.8));
#10190 = DIRECTION('',(0.,0.,-1.));
#10191 = DIRECTION('',(0.,-1.,0.));
#10192 = ADVANCED_FACE('',(#10193),#10216,.F.);
#10193 = FACE_BOUND('',#10194,.F.);
#10194 = EDGE_LOOP('',(#10195,#10205,#10210,#10211));
#10195 = ORIENTED_EDGE('',*,*,#10196,.T.);
#10196 = EDGE_CURVE('',#10197,#10199,#10201,.T.);
#10197 = VERTEX_POINT('',#10198);
#10198 = CARTESIAN_POINT('',(3.68,-3.083,8.));
#10199 = VERTEX_POINT('',#10200);
#10200 = CARTESIAN_POINT('',(3.68,-3.083,3.3));
#10201 = LINE('',#10202,#10203);
#10202 = CARTESIAN_POINT('',(3.68,-3.083,8.));
#10203 = VECTOR('',#10204,1.);
#10204 = DIRECTION('',(0.,0.,-1.));
#10205 = ORIENTED_EDGE('',*,*,#10206,.T.);
#10206 = EDGE_CURVE('',#10199,#9591,#10207,.T.);
#10207 = B_SPLINE_CURVE_WITH_KNOTS('',1,(#10208,#10209),.UNSPECIFIED.,
  .F.,.F.,(2,2),(0.,1.),.PIECEWISE_BEZIER_KNOTS.);
#10208 = CARTESIAN_POINT('',(3.68,-3.083,3.3));
#10209 = CARTESIAN_POINT('',(3.08,-5.283,3.3));
#10210 = ORIENTED_EDGE('',*,*,#9590,.T.);
#10211 = ORIENTED_EDGE('',*,*,#10212,.F.);
#10212 = EDGE_CURVE('',#10197,#9593,#10213,.T.);
#10213 = B_SPLINE_CURVE_WITH_KNOTS('',1,(#10214,#10215),.UNSPECIFIED.,
  .F.,.F.,(2,2),(0.,1.),.PIECEWISE_BEZIER_KNOTS.);
#10214 = CARTESIAN_POINT('',(3.68,-3.083,8.));
#10215 = CARTESIAN_POINT('',(3.08,-5.283,8.8));
#10216 = B_SPLINE_SURFACE_WITH_KNOTS('',1,1,(
    (#10217,#10218)
    ,(#10219,#10220
    )),.UNSPECIFIED.,.F.,.F.,.F.,(2,2),(2,2),(-5.5,0.),(0.,1.),
  .PIECEWISE_BEZIER_KNOTS.);
#10217 = CARTESIAN_POINT('',(3.68,-3.083,8.));
#10218 = CARTESIAN_POINT('',(3.08,-5.283,8.8));
#10219 = CARTESIAN_POINT('',(3.68,-3.083,3.3));
#10220 = CARTESIAN_POINT('',(3.08,-5.283,3.3));
#10221 = ADVANCED_FACE('',(#10222),#10255,.F.);
#10222 = FACE_BOUND('',#10223,.F.);
#10223 = EDGE_LOOP('',(#10224,#10225,#10233,#10241,#10249,#10254));
#10224 = ORIENTED_EDGE('',*,*,#10206,.F.);
#10225 = ORIENTED_EDGE('',*,*,#10226,.T.);
#10226 = EDGE_CURVE('',#10199,#10227,#10229,.T.);
#10227 = VERTEX_POINT('',#10228);
#10228 = CARTESIAN_POINT('',(3.68,-2.,3.3));
#10229 = LINE('',#10230,#10231);
#10230 = CARTESIAN_POINT('',(3.68,-105.283,3.3));
#10231 = VECTOR('',#10232,1.);
#10232 = DIRECTION('',(-0.,1.,-0.));
#10233 = ORIENTED_EDGE('',*,*,#10234,.T.);
#10234 = EDGE_CURVE('',#10227,#10235,#10237,.T.);
#10235 = VERTEX_POINT('',#10236);
#10236 = CARTESIAN_POINT('',(6.48,-2.,3.3));
#10237 = LINE('',#10238,#10239);
#10238 = CARTESIAN_POINT('',(3.68,-2.,3.3));
#10239 = VECTOR('',#10240,1.);
#10240 = DIRECTION('',(1.,0.,0.));
#10241 = ORIENTED_EDGE('',*,*,#10242,.F.);
#10242 = EDGE_CURVE('',#10243,#10235,#10245,.T.);
#10243 = VERTEX_POINT('',#10244);
#10244 = CARTESIAN_POINT('',(6.48,-3.083,3.3));
#10245 = LINE('',#10246,#10247);
#10246 = CARTESIAN_POINT('',(6.48,-105.283,3.3));
#10247 = VECTOR('',#10248,1.);
#10248 = DIRECTION('',(-0.,1.,-0.));
#10249 = ORIENTED_EDGE('',*,*,#10250,.T.);
#10250 = EDGE_CURVE('',#10243,#9601,#10251,.T.);
#10251 = B_SPLINE_CURVE_WITH_KNOTS('',1,(#10252,#10253),.UNSPECIFIED.,
  .F.,.F.,(2,2),(0.,1.),.PIECEWISE_BEZIER_KNOTS.);
#10252 = CARTESIAN_POINT('',(6.48,-3.083,3.3));
#10253 = CARTESIAN_POINT('',(7.08,-5.283,3.3));
#10254 = ORIENTED_EDGE('',*,*,#9600,.T.);
#10255 = PLANE('',#10256);
#10256 = AXIS2_PLACEMENT_3D('',#10257,#10258,#10259);
#10257 = CARTESIAN_POINT('',(3.68,-105.283,3.3));
#10258 = DIRECTION('',(0.,0.,-1.));
#10259 = DIRECTION('',(1.,0.,0.));
#10260 = ADVANCED_FACE('',(#10261),#10278,.F.);
#10261 = FACE_BOUND('',#10262,.F.);
#10262 = EDGE_LOOP('',(#10263,#10271,#10272,#10273));
#10263 = ORIENTED_EDGE('',*,*,#10264,.T.);
#10264 = EDGE_CURVE('',#10265,#10197,#10267,.T.);
#10265 = VERTEX_POINT('',#10266);
#10266 = CARTESIAN_POINT('',(6.48,-3.083,8.));
#10267 = LINE('',#10268,#10269);
#10268 = CARTESIAN_POINT('',(6.48,-3.083,8.));
#10269 = VECTOR('',#10270,1.);
#10270 = DIRECTION('',(-1.,0.,0.));
#10271 = ORIENTED_EDGE('',*,*,#10212,.T.);
#10272 = ORIENTED_EDGE('',*,*,#9616,.T.);
#10273 = ORIENTED_EDGE('',*,*,#10274,.F.);
#10274 = EDGE_CURVE('',#10265,#9609,#10275,.T.);
#10275 = B_SPLINE_CURVE_WITH_KNOTS('',1,(#10276,#10277),.UNSPECIFIED.,
  .F.,.F.,(2,2),(0.,1.),.PIECEWISE_BEZIER_KNOTS.);
#10276 = CARTESIAN_POINT('',(6.48,-3.083,8.));
#10277 = CARTESIAN_POINT('',(7.08,-5.283,8.8));
#10278 = B_SPLINE_SURFACE_WITH_KNOTS('',1,1,(
    (#10279,#10280)
    ,(#10281,#10282
    )),.UNSPECIFIED.,.F.,.F.,.F.,(2,2),(2,2),(-4.,0.),(0.,1.),
  .PIECEWISE_BEZIER_KNOTS.);
#10279 = CARTESIAN_POINT('',(6.48,-3.083,8.));
#10280 = CARTESIAN_POINT('',(7.08,-5.283,8.8));
#10281 = CARTESIAN_POINT('',(3.68,-3.083,8.));
#10282 = CARTESIAN_POINT('',(3.08,-5.283,8.8));
#10283 = ADVANCED_FACE('',(#10284),#10295,.F.);
#10284 = FACE_BOUND('',#10285,.F.);
#10285 = EDGE_LOOP('',(#10286,#10292,#10293,#10294));
#10286 = ORIENTED_EDGE('',*,*,#10287,.T.);
#10287 = EDGE_CURVE('',#10243,#10265,#10288,.T.);
#10288 = LINE('',#10289,#10290);
#10289 = CARTESIAN_POINT('',(6.48,-3.083,3.3));
#10290 = VECTOR('',#10291,1.);
#10291 = DIRECTION('',(0.,0.,1.));
#10292 = ORIENTED_EDGE('',*,*,#10274,.T.);
#10293 = ORIENTED_EDGE('',*,*,#9608,.T.);
#10294 = ORIENTED_EDGE('',*,*,#10250,.F.);
#10295 = B_SPLINE_SURFACE_WITH_KNOTS('',1,1,(
    (#10296,#10297)
    ,(#10298,#10299
    )),.UNSPECIFIED.,.F.,.F.,.F.,(2,2),(2,2),(-5.5,0.),(0.,1.),
  .PIECEWISE_BEZIER_KNOTS.);
#10296 = CARTESIAN_POINT('',(6.48,-3.083,3.3));
#10297 = CARTESIAN_POINT('',(7.08,-5.283,3.3));
#10298 = CARTESIAN_POINT('',(6.48,-3.083,8.));
#10299 = CARTESIAN_POINT('',(7.08,-5.283,8.8));
#10300 = ADVANCED_FACE('',(#10301),#10324,.F.);
#10301 = FACE_BOUND('',#10302,.F.);
#10302 = EDGE_LOOP('',(#10303,#10313,#10318,#10319));
#10303 = ORIENTED_EDGE('',*,*,#10304,.T.);
#10304 = EDGE_CURVE('',#10305,#10307,#10309,.T.);
#10305 = VERTEX_POINT('',#10306);
#10306 = CARTESIAN_POINT('',(-1.4,-3.083,8.));
#10307 = VERTEX_POINT('',#10308);
#10308 = CARTESIAN_POINT('',(-1.4,-3.083,3.3));
#10309 = LINE('',#10310,#10311);
#10310 = CARTESIAN_POINT('',(-1.4,-3.083,8.));
#10311 = VECTOR('',#10312,1.);
#10312 = DIRECTION('',(0.,0.,-1.));
#10313 = ORIENTED_EDGE('',*,*,#10314,.T.);
#10314 = EDGE_CURVE('',#10307,#9625,#10315,.T.);
#10315 = B_SPLINE_CURVE_WITH_KNOTS('',1,(#10316,#10317),.UNSPECIFIED.,
  .F.,.F.,(2,2),(0.,1.),.PIECEWISE_BEZIER_KNOTS.);
#10316 = CARTESIAN_POINT('',(-1.4,-3.083,3.3));
#10317 = CARTESIAN_POINT('',(-2.,-5.283,3.3));
#10318 = ORIENTED_EDGE('',*,*,#9624,.T.);
#10319 = ORIENTED_EDGE('',*,*,#10320,.F.);
#10320 = EDGE_CURVE('',#10305,#9627,#10321,.T.);
#10321 = B_SPLINE_CURVE_WITH_KNOTS('',1,(#10322,#10323),.UNSPECIFIED.,
  .F.,.F.,(2,2),(0.,1.),.PIECEWISE_BEZIER_KNOTS.);
#10322 = CARTESIAN_POINT('',(-1.4,-3.083,8.));
#10323 = CARTESIAN_POINT('',(-2.,-5.283,8.8));
#10324 = B_SPLINE_SURFACE_WITH_KNOTS('',1,1,(
    (#10325,#10326)
    ,(#10327,#10328
    )),.UNSPECIFIED.,.F.,.F.,.F.,(2,2),(2,2),(-5.5,0.),(0.,1.),
  .PIECEWISE_BEZIER_KNOTS.);
#10325 = CARTESIAN_POINT('',(-1.4,-3.083,8.));
#10326 = CARTESIAN_POINT('',(-2.,-5.283,8.8));
#10327 = CARTESIAN_POINT('',(-1.4,-3.083,3.3));
#10328 = CARTESIAN_POINT('',(-2.,-5.283,3.3));
#10329 = ADVANCED_FACE('',(#10330),#10363,.F.);
#10330 = FACE_BOUND('',#10331,.F.);
#10331 = EDGE_LOOP('',(#10332,#10333,#10341,#10349,#10357,#10362));
#10332 = ORIENTED_EDGE('',*,*,#10314,.F.);
#10333 = ORIENTED_EDGE('',*,*,#10334,.T.);
#10334 = EDGE_CURVE('',#10307,#10335,#10337,.T.);
#10335 = VERTEX_POINT('',#10336);
#10336 = CARTESIAN_POINT('',(-1.4,-2.,3.3));
#10337 = LINE('',#10338,#10339);
#10338 = CARTESIAN_POINT('',(-1.4,-105.283,3.3));
#10339 = VECTOR('',#10340,1.);
#10340 = DIRECTION('',(-0.,1.,-0.));
#10341 = ORIENTED_EDGE('',*,*,#10342,.T.);
#10342 = EDGE_CURVE('',#10335,#10343,#10345,.T.);
#10343 = VERTEX_POINT('',#10344);
#10344 = CARTESIAN_POINT('',(1.4,-2.,3.3));
#10345 = LINE('',#10346,#10347);
#10346 = CARTESIAN_POINT('',(-1.4,-2.,3.3));
#10347 = VECTOR('',#10348,1.);
#10348 = DIRECTION('',(1.,0.,0.));
#10349 = ORIENTED_EDGE('',*,*,#10350,.F.);
#10350 = EDGE_CURVE('',#10351,#10343,#10353,.T.);
#10351 = VERTEX_POINT('',#10352);
#10352 = CARTESIAN_POINT('',(1.4,-3.083,3.3));
#10353 = LINE('',#10354,#10355);
#10354 = CARTESIAN_POINT('',(1.4,-105.283,3.3));
#10355 = VECTOR('',#10356,1.);
#10356 = DIRECTION('',(-0.,1.,-0.));
#10357 = ORIENTED_EDGE('',*,*,#10358,.T.);
#10358 = EDGE_CURVE('',#10351,#9635,#10359,.T.);
#10359 = B_SPLINE_CURVE_WITH_KNOTS('',1,(#10360,#10361),.UNSPECIFIED.,
  .F.,.F.,(2,2),(0.,1.),.PIECEWISE_BEZIER_KNOTS.);
#10360 = CARTESIAN_POINT('',(1.4,-3.083,3.3));
#10361 = CARTESIAN_POINT('',(2.,-5.283,3.3));
#10362 = ORIENTED_EDGE('',*,*,#9634,.T.);
#10363 = PLANE('',#10364);
#10364 = AXIS2_PLACEMENT_3D('',#10365,#10366,#10367);
#10365 = CARTESIAN_POINT('',(-1.4,-105.283,3.3));
#10366 = DIRECTION('',(0.,0.,-1.));
#10367 = DIRECTION('',(1.,0.,0.));
#10368 = ADVANCED_FACE('',(#10369),#10386,.F.);
#10369 = FACE_BOUND('',#10370,.F.);
#10370 = EDGE_LOOP('',(#10371,#10379,#10380,#10381));
#10371 = ORIENTED_EDGE('',*,*,#10372,.T.);
#10372 = EDGE_CURVE('',#10373,#10305,#10375,.T.);
#10373 = VERTEX_POINT('',#10374);
#10374 = CARTESIAN_POINT('',(1.4,-3.083,8.));
#10375 = LINE('',#10376,#10377);
#10376 = CARTESIAN_POINT('',(1.4,-3.083,8.));
#10377 = VECTOR('',#10378,1.);
#10378 = DIRECTION('',(-1.,0.,0.));
#10379 = ORIENTED_EDGE('',*,*,#10320,.T.);
#10380 = ORIENTED_EDGE('',*,*,#9650,.T.);
#10381 = ORIENTED_EDGE('',*,*,#10382,.F.);
#10382 = EDGE_CURVE('',#10373,#9643,#10383,.T.);
#10383 = B_SPLINE_CURVE_WITH_KNOTS('',1,(#10384,#10385),.UNSPECIFIED.,
  .F.,.F.,(2,2),(0.,1.),.PIECEWISE_BEZIER_KNOTS.);
#10384 = CARTESIAN_POINT('',(1.4,-3.083,8.));
#10385 = CARTESIAN_POINT('',(2.,-5.283,8.8));
#10386 = B_SPLINE_SURFACE_WITH_KNOTS('',1,1,(
    (#10387,#10388)
    ,(#10389,#10390
    )),.UNSPECIFIED.,.F.,.F.,.F.,(2,2),(2,2),(-4.,0.),(0.,1.),
  .PIECEWISE_BEZIER_KNOTS.);
#10387 = CARTESIAN_POINT('',(1.4,-3.083,8.));
#10388 = CARTESIAN_POINT('',(2.,-5.283,8.8));
#10389 = CARTESIAN_POINT('',(-1.4,-3.083,8.));
#10390 = CARTESIAN_POINT('',(-2.,-5.283,8.8));
#10391 = ADVANCED_FACE('',(#10392),#10403,.F.);
#10392 = FACE_BOUND('',#10393,.F.);
#10393 = EDGE_LOOP('',(#10394,#10400,#10401,#10402));
#10394 = ORIENTED_EDGE('',*,*,#10395,.T.);
#10395 = EDGE_CURVE('',#10351,#10373,#10396,.T.);
#10396 = LINE('',#10397,#10398);
#10397 = CARTESIAN_POINT('',(1.4,-3.083,3.3));
#10398 = VECTOR('',#10399,1.);
#10399 = DIRECTION('',(0.,0.,1.));
#10400 = ORIENTED_EDGE('',*,*,#10382,.T.);
#10401 = ORIENTED_EDGE('',*,*,#9642,.T.);
#10402 = ORIENTED_EDGE('',*,*,#10358,.F.);
#10403 = B_SPLINE_SURFACE_WITH_KNOTS('',1,1,(
    (#10404,#10405)
    ,(#10406,#10407
    )),.UNSPECIFIED.,.F.,.F.,.F.,(2,2),(2,2),(-5.5,0.),(0.,1.),
  .PIECEWISE_BEZIER_KNOTS.);
#10404 = CARTESIAN_POINT('',(1.4,-3.083,3.3));
#10405 = CARTESIAN_POINT('',(2.,-5.283,3.3));
#10406 = CARTESIAN_POINT('',(1.4,-3.083,8.));
#10407 = CARTESIAN_POINT('',(2.,-5.283,8.8));
#10408 = ADVANCED_FACE('',(#10409),#10415,.F.);
#10409 = FACE_BOUND('',#10410,.F.);
#10410 = EDGE_LOOP('',(#10411,#10412,#10413,#10414));
#10411 = ORIENTED_EDGE('',*,*,#9857,.T.);
#10412 = ORIENTED_EDGE('',*,*,#9840,.T.);
#10413 = ORIENTED_EDGE('',*,*,#9799,.T.);
#10414 = ORIENTED_EDGE('',*,*,#9714,.T.);
#10415 = PLANE('',#10416);
#10416 = AXIS2_PLACEMENT_3D('',#10417,#10418,#10419);
#10417 = CARTESIAN_POINT('',(7.290091199267,-3.383,12.));
#10418 = DIRECTION('',(0.,0.,1.));
#10419 = DIRECTION('',(1.,0.,-0.));
#10420 = ADVANCED_FACE('',(#10421),#10427,.F.);
#10421 = FACE_BOUND('',#10422,.F.);
#10422 = EDGE_LOOP('',(#10423,#10424,#10425,#10426));
#10423 = ORIENTED_EDGE('',*,*,#9899,.T.);
#10424 = ORIENTED_EDGE('',*,*,#9923,.T.);
#10425 = ORIENTED_EDGE('',*,*,#9947,.T.);
#10426 = ORIENTED_EDGE('',*,*,#9971,.T.);
#10427 = PLANE('',#10428);
#10428 = AXIS2_PLACEMENT_3D('',#10429,#10430,#10431);
#10429 = CARTESIAN_POINT('',(5.08,0.,-5.));
#10430 = DIRECTION('',(0.,0.,1.));
#10431 = DIRECTION('',(1.,0.,-0.));
#10432 = ADVANCED_FACE('',(#10433),#10439,.F.);
#10433 = FACE_BOUND('',#10434,.F.);
#10434 = EDGE_LOOP('',(#10435,#10436,#10437,#10438));
#10435 = ORIENTED_EDGE('',*,*,#9995,.T.);
#10436 = ORIENTED_EDGE('',*,*,#10019,.T.);
#10437 = ORIENTED_EDGE('',*,*,#10043,.T.);
#10438 = ORIENTED_EDGE('',*,*,#10067,.T.);
#10439 = PLANE('',#10440);
#10440 = AXIS2_PLACEMENT_3D('',#10441,#10442,#10443);
#10441 = CARTESIAN_POINT('',(0.,0.,-5.));
#10442 = DIRECTION('',(0.,0.,1.));
#10443 = DIRECTION('',(1.,0.,-0.));
#10444 = ADVANCED_FACE('',(#10445),#10598,.F.);
#10445 = FACE_BOUND('',#10446,.F.);
#10446 = EDGE_LOOP('',(#10447,#10455,#10456,#10457,#10466,#10474,#10483,
    #10491,#10499,#10507,#10516,#10524,#10532,#10540,#10549,#10557,
    #10566,#10574,#10583,#10591));
#10447 = ORIENTED_EDGE('',*,*,#10448,.F.);
#10448 = EDGE_CURVE('',#10116,#10449,#10451,.T.);
#10449 = VERTEX_POINT('',#10450);
#10450 = CARTESIAN_POINT('',(7.08,0.217,3.3));
#10451 = LINE('',#10452,#10453);
#10452 = CARTESIAN_POINT('',(7.08,0.217,18.));
#10453 = VECTOR('',#10454,1.);
#10454 = DIRECTION('',(-0.,-0.,-1.));
#10455 = ORIENTED_EDGE('',*,*,#10115,.F.);
#10456 = ORIENTED_EDGE('',*,*,#10448,.T.);
#10457 = ORIENTED_EDGE('',*,*,#10458,.T.);
#10458 = EDGE_CURVE('',#10449,#10459,#10461,.T.);
#10459 = VERTEX_POINT('',#10460);
#10460 = CARTESIAN_POINT('',(6.48,1.645285685709,3.3));
#10461 = CIRCLE('',#10462,2.);
#10462 = AXIS2_PLACEMENT_3D('',#10463,#10464,#10465);
#10463 = CARTESIAN_POINT('',(5.08,0.217,3.3));
#10464 = DIRECTION('',(0.,0.,1.));
#10465 = DIRECTION('',(1.,0.,-0.));
#10466 = ORIENTED_EDGE('',*,*,#10467,.T.);
#10467 = EDGE_CURVE('',#10459,#10468,#10470,.T.);
#10468 = VERTEX_POINT('',#10469);
#10469 = CARTESIAN_POINT('',(6.48,1.645285685708,8.));
#10470 = LINE('',#10471,#10472);
#10471 = CARTESIAN_POINT('',(6.48,1.645285685709,18.));
#10472 = VECTOR('',#10473,1.);
#10473 = DIRECTION('',(0.,0.,1.));
#10474 = ORIENTED_EDGE('',*,*,#10475,.T.);
#10475 = EDGE_CURVE('',#10468,#10476,#10478,.T.);
#10476 = VERTEX_POINT('',#10477);
#10477 = CARTESIAN_POINT('',(5.986041389783,2.,8.));
#10478 = CIRCLE('',#10479,2.);
#10479 = AXIS2_PLACEMENT_3D('',#10480,#10481,#10482);
#10480 = CARTESIAN_POINT('',(5.08,0.217,8.));
#10481 = DIRECTION('',(0.,0.,1.));
#10482 = DIRECTION('',(1.,0.,-0.));
#10483 = ORIENTED_EDGE('',*,*,#10484,.F.);
#10484 = EDGE_CURVE('',#10485,#10476,#10487,.T.);
#10485 = VERTEX_POINT('',#10486);
#10486 = CARTESIAN_POINT('',(5.986041389783,2.,7.9));
#10487 = LINE('',#10488,#10489);
#10488 = CARTESIAN_POINT('',(5.986041389783,2.,18.));
#10489 = VECTOR('',#10490,1.);
#10490 = DIRECTION('',(0.,0.,1.));
#10491 = ORIENTED_EDGE('',*,*,#10492,.F.);
#10492 = EDGE_CURVE('',#10493,#10485,#10495,.T.);
#10493 = VERTEX_POINT('',#10494);
#10494 = CARTESIAN_POINT('',(5.986041389783,2.,3.4));
#10495 = LINE('',#10496,#10497);
#10496 = CARTESIAN_POINT('',(5.986041389783,2.,18.));
#10497 = VECTOR('',#10498,1.);
#10498 = DIRECTION('',(0.,0.,1.));
#10499 = ORIENTED_EDGE('',*,*,#10500,.F.);
#10500 = EDGE_CURVE('',#10501,#10493,#10503,.T.);
#10501 = VERTEX_POINT('',#10502);
#10502 = CARTESIAN_POINT('',(5.986041389783,2.,3.3));
#10503 = LINE('',#10504,#10505);
#10504 = CARTESIAN_POINT('',(5.986041389783,2.,18.));
#10505 = VECTOR('',#10506,1.);
#10506 = DIRECTION('',(0.,0.,1.));
#10507 = ORIENTED_EDGE('',*,*,#10508,.T.);
#10508 = EDGE_CURVE('',#10501,#10509,#10511,.T.);
#10509 = VERTEX_POINT('',#10510);
#10510 = CARTESIAN_POINT('',(4.173958610217,2.,3.3));
#10511 = CIRCLE('',#10512,2.);
#10512 = AXIS2_PLACEMENT_3D('',#10513,#10514,#10515);
#10513 = CARTESIAN_POINT('',(5.08,0.217,3.3));
#10514 = DIRECTION('',(0.,0.,1.));
#10515 = DIRECTION('',(1.,0.,-0.));
#10516 = ORIENTED_EDGE('',*,*,#10517,.T.);
#10517 = EDGE_CURVE('',#10509,#10518,#10520,.T.);
#10518 = VERTEX_POINT('',#10519);
#10519 = CARTESIAN_POINT('',(4.173958610217,2.,3.4));
#10520 = LINE('',#10521,#10522);
#10521 = CARTESIAN_POINT('',(4.173958610217,2.,18.));
#10522 = VECTOR('',#10523,1.);
#10523 = DIRECTION('',(0.,0.,1.));
#10524 = ORIENTED_EDGE('',*,*,#10525,.T.);
#10525 = EDGE_CURVE('',#10518,#10526,#10528,.T.);
#10526 = VERTEX_POINT('',#10527);
#10527 = CARTESIAN_POINT('',(4.173958610217,2.,7.9));
#10528 = LINE('',#10529,#10530);
#10529 = CARTESIAN_POINT('',(4.173958610217,2.,18.));
#10530 = VECTOR('',#10531,1.);
#10531 = DIRECTION('',(0.,0.,1.));
#10532 = ORIENTED_EDGE('',*,*,#10533,.T.);
#10533 = EDGE_CURVE('',#10526,#10534,#10536,.T.);
#10534 = VERTEX_POINT('',#10535);
#10535 = CARTESIAN_POINT('',(4.173958610217,2.,8.));
#10536 = LINE('',#10537,#10538);
#10537 = CARTESIAN_POINT('',(4.173958610217,2.,18.));
#10538 = VECTOR('',#10539,1.);
#10539 = DIRECTION('',(0.,0.,1.));
#10540 = ORIENTED_EDGE('',*,*,#10541,.T.);
#10541 = EDGE_CURVE('',#10534,#10542,#10544,.T.);
#10542 = VERTEX_POINT('',#10543);
#10543 = CARTESIAN_POINT('',(3.68,1.645285685709,8.));
#10544 = CIRCLE('',#10545,2.);
#10545 = AXIS2_PLACEMENT_3D('',#10546,#10547,#10548);
#10546 = CARTESIAN_POINT('',(5.08,0.217,8.));
#10547 = DIRECTION('',(0.,0.,1.));
#10548 = DIRECTION('',(1.,0.,-0.));
#10549 = ORIENTED_EDGE('',*,*,#10550,.F.);
#10550 = EDGE_CURVE('',#10551,#10542,#10553,.T.);
#10551 = VERTEX_POINT('',#10552);
#10552 = CARTESIAN_POINT('',(3.68,1.645285685709,3.3));
#10553 = LINE('',#10554,#10555);
#10554 = CARTESIAN_POINT('',(3.68,1.645285685709,18.));
#10555 = VECTOR('',#10556,1.);
#10556 = DIRECTION('',(0.,0.,1.));
#10557 = ORIENTED_EDGE('',*,*,#10558,.T.);
#10558 = EDGE_CURVE('',#10551,#10559,#10561,.T.);
#10559 = VERTEX_POINT('',#10560);
#10560 = CARTESIAN_POINT('',(3.68,-1.211285685709,3.3));
#10561 = CIRCLE('',#10562,2.);
#10562 = AXIS2_PLACEMENT_3D('',#10563,#10564,#10565);
#10563 = CARTESIAN_POINT('',(5.08,0.217,3.3));
#10564 = DIRECTION('',(0.,0.,1.));
#10565 = DIRECTION('',(1.,0.,-0.));
#10566 = ORIENTED_EDGE('',*,*,#10567,.T.);
#10567 = EDGE_CURVE('',#10559,#10568,#10570,.T.);
#10568 = VERTEX_POINT('',#10569);
#10569 = CARTESIAN_POINT('',(3.68,-1.211285685709,8.));
#10570 = LINE('',#10571,#10572);
#10571 = CARTESIAN_POINT('',(3.68,-1.211285685709,18.));
#10572 = VECTOR('',#10573,1.);
#10573 = DIRECTION('',(0.,0.,1.));
#10574 = ORIENTED_EDGE('',*,*,#10575,.T.);
#10575 = EDGE_CURVE('',#10568,#10576,#10578,.T.);
#10576 = VERTEX_POINT('',#10577);
#10577 = CARTESIAN_POINT('',(6.48,-1.211285685708,8.));
#10578 = CIRCLE('',#10579,2.);
#10579 = AXIS2_PLACEMENT_3D('',#10580,#10581,#10582);
#10580 = CARTESIAN_POINT('',(5.08,0.217,8.));
#10581 = DIRECTION('',(0.,0.,1.));
#10582 = DIRECTION('',(1.,0.,-0.));
#10583 = ORIENTED_EDGE('',*,*,#10584,.F.);
#10584 = EDGE_CURVE('',#10585,#10576,#10587,.T.);
#10585 = VERTEX_POINT('',#10586);
#10586 = CARTESIAN_POINT('',(6.48,-1.211285685709,3.3));
#10587 = LINE('',#10588,#10589);
#10588 = CARTESIAN_POINT('',(6.48,-1.211285685709,18.));
#10589 = VECTOR('',#10590,1.);
#10590 = DIRECTION('',(0.,0.,1.));
#10591 = ORIENTED_EDGE('',*,*,#10592,.T.);
#10592 = EDGE_CURVE('',#10585,#10449,#10593,.T.);
#10593 = CIRCLE('',#10594,2.);
#10594 = AXIS2_PLACEMENT_3D('',#10595,#10596,#10597);
#10595 = CARTESIAN_POINT('',(5.08,0.217,3.3));
#10596 = DIRECTION('',(0.,0.,1.));
#10597 = DIRECTION('',(1.,0.,-0.));
#10598 = CYLINDRICAL_SURFACE('',#10599,2.);
#10599 = AXIS2_PLACEMENT_3D('',#10600,#10601,#10602);
#10600 = CARTESIAN_POINT('',(5.08,0.217,18.));
#10601 = DIRECTION('',(0.,0.,1.));
#10602 = DIRECTION('',(1.,0.,-0.));
#10603 = ADVANCED_FACE('',(#10604),#10757,.F.);
#10604 = FACE_BOUND('',#10605,.F.);
#10605 = EDGE_LOOP('',(#10606,#10614,#10615,#10616,#10625,#10633,#10642,
    #10650,#10658,#10666,#10675,#10683,#10691,#10699,#10708,#10716,
    #10725,#10733,#10742,#10750));
#10606 = ORIENTED_EDGE('',*,*,#10607,.F.);
#10607 = EDGE_CURVE('',#10127,#10608,#10610,.T.);
#10608 = VERTEX_POINT('',#10609);
#10609 = CARTESIAN_POINT('',(2.,0.217,3.3));
#10610 = LINE('',#10611,#10612);
#10611 = CARTESIAN_POINT('',(2.,0.217,18.));
#10612 = VECTOR('',#10613,1.);
#10613 = DIRECTION('',(-0.,-0.,-1.));
#10614 = ORIENTED_EDGE('',*,*,#10126,.F.);
#10615 = ORIENTED_EDGE('',*,*,#10607,.T.);
#10616 = ORIENTED_EDGE('',*,*,#10617,.T.);
#10617 = EDGE_CURVE('',#10608,#10618,#10620,.T.);
#10618 = VERTEX_POINT('',#10619);
#10619 = CARTESIAN_POINT('',(1.4,1.645285685709,3.3));
#10620 = CIRCLE('',#10621,2.);
#10621 = AXIS2_PLACEMENT_3D('',#10622,#10623,#10624);
#10622 = CARTESIAN_POINT('',(0.,0.217,3.3));
#10623 = DIRECTION('',(0.,0.,1.));
#10624 = DIRECTION('',(1.,0.,-0.));
#10625 = ORIENTED_EDGE('',*,*,#10626,.T.);
#10626 = EDGE_CURVE('',#10618,#10627,#10629,.T.);
#10627 = VERTEX_POINT('',#10628);
#10628 = CARTESIAN_POINT('',(1.4,1.645285685708,8.));
#10629 = LINE('',#10630,#10631);
#10630 = CARTESIAN_POINT('',(1.4,1.645285685709,18.));
#10631 = VECTOR('',#10632,1.);
#10632 = DIRECTION('',(0.,0.,1.));
#10633 = ORIENTED_EDGE('',*,*,#10634,.T.);
#10634 = EDGE_CURVE('',#10627,#10635,#10637,.T.);
#10635 = VERTEX_POINT('',#10636);
#10636 = CARTESIAN_POINT('',(0.906041389783,2.,8.));
#10637 = CIRCLE('',#10638,2.);
#10638 = AXIS2_PLACEMENT_3D('',#10639,#10640,#10641);
#10639 = CARTESIAN_POINT('',(0.,0.217,8.));
#10640 = DIRECTION('',(0.,0.,1.));
#10641 = DIRECTION('',(1.,0.,-0.));
#10642 = ORIENTED_EDGE('',*,*,#10643,.F.);
#10643 = EDGE_CURVE('',#10644,#10635,#10646,.T.);
#10644 = VERTEX_POINT('',#10645);
#10645 = CARTESIAN_POINT('',(0.906041389783,2.,7.9));
#10646 = LINE('',#10647,#10648);
#10647 = CARTESIAN_POINT('',(0.906041389783,2.,18.));
#10648 = VECTOR('',#10649,1.);
#10649 = DIRECTION('',(0.,0.,1.));
#10650 = ORIENTED_EDGE('',*,*,#10651,.F.);
#10651 = EDGE_CURVE('',#10652,#10644,#10654,.T.);
#10652 = VERTEX_POINT('',#10653);
#10653 = CARTESIAN_POINT('',(0.906041389783,2.,3.4));
#10654 = LINE('',#10655,#10656);
#10655 = CARTESIAN_POINT('',(0.906041389783,2.,18.));
#10656 = VECTOR('',#10657,1.);
#10657 = DIRECTION('',(0.,0.,1.));
#10658 = ORIENTED_EDGE('',*,*,#10659,.F.);
#10659 = EDGE_CURVE('',#10660,#10652,#10662,.T.);
#10660 = VERTEX_POINT('',#10661);
#10661 = CARTESIAN_POINT('',(0.906041389783,2.,3.3));
#10662 = LINE('',#10663,#10664);
#10663 = CARTESIAN_POINT('',(0.906041389783,2.,18.));
#10664 = VECTOR('',#10665,1.);
#10665 = DIRECTION('',(0.,0.,1.));
#10666 = ORIENTED_EDGE('',*,*,#10667,.T.);
#10667 = EDGE_CURVE('',#10660,#10668,#10670,.T.);
#10668 = VERTEX_POINT('',#10669);
#10669 = CARTESIAN_POINT('',(-0.906041389783,2.,3.3));
#10670 = CIRCLE('',#10671,2.);
#10671 = AXIS2_PLACEMENT_3D('',#10672,#10673,#10674);
#10672 = CARTESIAN_POINT('',(0.,0.217,3.3));
#10673 = DIRECTION('',(0.,0.,1.));
#10674 = DIRECTION('',(1.,0.,-0.));
#10675 = ORIENTED_EDGE('',*,*,#10676,.T.);
#10676 = EDGE_CURVE('',#10668,#10677,#10679,.T.);
#10677 = VERTEX_POINT('',#10678);
#10678 = CARTESIAN_POINT('',(-0.906041389783,2.,3.4));
#10679 = LINE('',#10680,#10681);
#10680 = CARTESIAN_POINT('',(-0.906041389783,2.,18.));
#10681 = VECTOR('',#10682,1.);
#10682 = DIRECTION('',(0.,0.,1.));
#10683 = ORIENTED_EDGE('',*,*,#10684,.T.);
#10684 = EDGE_CURVE('',#10677,#10685,#10687,.T.);
#10685 = VERTEX_POINT('',#10686);
#10686 = CARTESIAN_POINT('',(-0.906041389783,2.,7.9));
#10687 = LINE('',#10688,#10689);
#10688 = CARTESIAN_POINT('',(-0.906041389783,2.,18.));
#10689 = VECTOR('',#10690,1.);
#10690 = DIRECTION('',(0.,0.,1.));
#10691 = ORIENTED_EDGE('',*,*,#10692,.T.);
#10692 = EDGE_CURVE('',#10685,#10693,#10695,.T.);
#10693 = VERTEX_POINT('',#10694);
#10694 = CARTESIAN_POINT('',(-0.906041389783,2.,8.));
#10695 = LINE('',#10696,#10697);
#10696 = CARTESIAN_POINT('',(-0.906041389783,2.,18.));
#10697 = VECTOR('',#10698,1.);
#10698 = DIRECTION('',(0.,0.,1.));
#10699 = ORIENTED_EDGE('',*,*,#10700,.T.);
#10700 = EDGE_CURVE('',#10693,#10701,#10703,.T.);
#10701 = VERTEX_POINT('',#10702);
#10702 = CARTESIAN_POINT('',(-1.4,1.645285685708,8.));
#10703 = CIRCLE('',#10704,2.);
#10704 = AXIS2_PLACEMENT_3D('',#10705,#10706,#10707);
#10705 = CARTESIAN_POINT('',(0.,0.217,8.));
#10706 = DIRECTION('',(0.,0.,1.));
#10707 = DIRECTION('',(1.,0.,-0.));
#10708 = ORIENTED_EDGE('',*,*,#10709,.F.);
#10709 = EDGE_CURVE('',#10710,#10701,#10712,.T.);
#10710 = VERTEX_POINT('',#10711);
#10711 = CARTESIAN_POINT('',(-1.4,1.645285685709,3.3));
#10712 = LINE('',#10713,#10714);
#10713 = CARTESIAN_POINT('',(-1.4,1.645285685709,18.));
#10714 = VECTOR('',#10715,1.);
#10715 = DIRECTION('',(0.,0.,1.));
#10716 = ORIENTED_EDGE('',*,*,#10717,.T.);
#10717 = EDGE_CURVE('',#10710,#10718,#10720,.T.);
#10718 = VERTEX_POINT('',#10719);
#10719 = CARTESIAN_POINT('',(-1.4,-1.211285685709,3.3));
#10720 = CIRCLE('',#10721,2.);
#10721 = AXIS2_PLACEMENT_3D('',#10722,#10723,#10724);
#10722 = CARTESIAN_POINT('',(0.,0.217,3.3));
#10723 = DIRECTION('',(0.,0.,1.));
#10724 = DIRECTION('',(1.,0.,-0.));
#10725 = ORIENTED_EDGE('',*,*,#10726,.T.);
#10726 = EDGE_CURVE('',#10718,#10727,#10729,.T.);
#10727 = VERTEX_POINT('',#10728);
#10728 = CARTESIAN_POINT('',(-1.4,-1.211285685708,8.));
#10729 = LINE('',#10730,#10731);
#10730 = CARTESIAN_POINT('',(-1.4,-1.211285685709,18.));
#10731 = VECTOR('',#10732,1.);
#10732 = DIRECTION('',(0.,0.,1.));
#10733 = ORIENTED_EDGE('',*,*,#10734,.T.);
#10734 = EDGE_CURVE('',#10727,#10735,#10737,.T.);
#10735 = VERTEX_POINT('',#10736);
#10736 = CARTESIAN_POINT('',(1.4,-1.211285685708,8.));
#10737 = CIRCLE('',#10738,2.);
#10738 = AXIS2_PLACEMENT_3D('',#10739,#10740,#10741);
#10739 = CARTESIAN_POINT('',(0.,0.217,8.));
#10740 = DIRECTION('',(0.,0.,1.));
#10741 = DIRECTION('',(1.,0.,-0.));
#10742 = ORIENTED_EDGE('',*,*,#10743,.F.);
#10743 = EDGE_CURVE('',#10744,#10735,#10746,.T.);
#10744 = VERTEX_POINT('',#10745);
#10745 = CARTESIAN_POINT('',(1.4,-1.211285685709,3.3));
#10746 = LINE('',#10747,#10748);
#10747 = CARTESIAN_POINT('',(1.4,-1.211285685709,18.));
#10748 = VECTOR('',#10749,1.);
#10749 = DIRECTION('',(0.,0.,1.));
#10750 = ORIENTED_EDGE('',*,*,#10751,.T.);
#10751 = EDGE_CURVE('',#10744,#10608,#10752,.T.);
#10752 = CIRCLE('',#10753,2.);
#10753 = AXIS2_PLACEMENT_3D('',#10754,#10755,#10756);
#10754 = CARTESIAN_POINT('',(0.,0.217,3.3));
#10755 = DIRECTION('',(0.,0.,1.));
#10756 = DIRECTION('',(1.,0.,-0.));
#10757 = CYLINDRICAL_SURFACE('',#10758,2.);
#10758 = AXIS2_PLACEMENT_3D('',#10759,#10760,#10761);
#10759 = CARTESIAN_POINT('',(0.,0.217,18.));
#10760 = DIRECTION('',(0.,0.,1.));
#10761 = DIRECTION('',(1.,0.,-0.));
#10762 = ADVANCED_FACE('',(#10763),#10781,.F.);
#10763 = FACE_BOUND('',#10764,.F.);
#10764 = EDGE_LOOP('',(#10765,#10766,#10767,#10775));
#10765 = ORIENTED_EDGE('',*,*,#10226,.F.);
#10766 = ORIENTED_EDGE('',*,*,#10196,.F.);
#10767 = ORIENTED_EDGE('',*,*,#10768,.T.);
#10768 = EDGE_CURVE('',#10197,#10769,#10771,.T.);
#10769 = VERTEX_POINT('',#10770);
#10770 = CARTESIAN_POINT('',(3.68,-2.,8.));
#10771 = LINE('',#10772,#10773);
#10772 = CARTESIAN_POINT('',(3.68,-105.283,8.));
#10773 = VECTOR('',#10774,1.);
#10774 = DIRECTION('',(-0.,1.,-0.));
#10775 = ORIENTED_EDGE('',*,*,#10776,.F.);
#10776 = EDGE_CURVE('',#10227,#10769,#10777,.T.);
#10777 = LINE('',#10778,#10779);
#10778 = CARTESIAN_POINT('',(3.68,-2.,3.3));
#10779 = VECTOR('',#10780,1.);
#10780 = DIRECTION('',(0.,0.,1.));
#10781 = PLANE('',#10782);
#10782 = AXIS2_PLACEMENT_3D('',#10783,#10784,#10785);
#10783 = CARTESIAN_POINT('',(3.68,-105.283,8.));
#10784 = DIRECTION('',(-1.,-0.,-0.));
#10785 = DIRECTION('',(0.,0.,-1.));
#10786 = ADVANCED_FACE('',(#10787),#10805,.F.);
#10787 = FACE_BOUND('',#10788,.F.);
#10788 = EDGE_LOOP('',(#10789,#10797,#10798,#10799));
#10789 = ORIENTED_EDGE('',*,*,#10790,.F.);
#10790 = EDGE_CURVE('',#10265,#10791,#10793,.T.);
#10791 = VERTEX_POINT('',#10792);
#10792 = CARTESIAN_POINT('',(6.48,-2.,8.));
#10793 = LINE('',#10794,#10795);
#10794 = CARTESIAN_POINT('',(6.48,-105.283,8.));
#10795 = VECTOR('',#10796,1.);
#10796 = DIRECTION('',(-0.,1.,-0.));
#10797 = ORIENTED_EDGE('',*,*,#10287,.F.);
#10798 = ORIENTED_EDGE('',*,*,#10242,.T.);
#10799 = ORIENTED_EDGE('',*,*,#10800,.T.);
#10800 = EDGE_CURVE('',#10235,#10791,#10801,.T.);
#10801 = LINE('',#10802,#10803);
#10802 = CARTESIAN_POINT('',(6.48,-2.,3.3));
#10803 = VECTOR('',#10804,1.);
#10804 = DIRECTION('',(0.,0.,1.));
#10805 = PLANE('',#10806);
#10806 = AXIS2_PLACEMENT_3D('',#10807,#10808,#10809);
#10807 = CARTESIAN_POINT('',(6.48,-105.283,3.3));
#10808 = DIRECTION('',(1.,0.,-0.));
#10809 = DIRECTION('',(0.,0.,1.));
#10810 = ADVANCED_FACE('',(#10811,#10822),#10856,.F.);
#10811 = FACE_BOUND('',#10812,.F.);
#10812 = EDGE_LOOP('',(#10813,#10814,#10820,#10821));
#10813 = ORIENTED_EDGE('',*,*,#10776,.T.);
#10814 = ORIENTED_EDGE('',*,*,#10815,.T.);
#10815 = EDGE_CURVE('',#10769,#10791,#10816,.T.);
#10816 = LINE('',#10817,#10818);
#10817 = CARTESIAN_POINT('',(3.68,-2.,8.));
#10818 = VECTOR('',#10819,1.);
#10819 = DIRECTION('',(1.,0.,0.));
#10820 = ORIENTED_EDGE('',*,*,#10800,.F.);
#10821 = ORIENTED_EDGE('',*,*,#10234,.F.);
#10822 = FACE_BOUND('',#10823,.F.);
#10823 = EDGE_LOOP('',(#10824,#10834,#10842,#10850));
#10824 = ORIENTED_EDGE('',*,*,#10825,.T.);
#10825 = EDGE_CURVE('',#10826,#10828,#10830,.T.);
#10826 = VERTEX_POINT('',#10827);
#10827 = CARTESIAN_POINT('',(3.83,-2.,7.9));
#10828 = VERTEX_POINT('',#10829);
#10829 = CARTESIAN_POINT('',(3.83,-2.,3.4));
#10830 = LINE('',#10831,#10832);
#10831 = CARTESIAN_POINT('',(3.83,-2.,7.9));
#10832 = VECTOR('',#10833,1.);
#10833 = DIRECTION('',(0.,0.,-1.));
#10834 = ORIENTED_EDGE('',*,*,#10835,.T.);
#10835 = EDGE_CURVE('',#10828,#10836,#10838,.T.);
#10836 = VERTEX_POINT('',#10837);
#10837 = CARTESIAN_POINT('',(6.33,-2.,3.4));
#10838 = LINE('',#10839,#10840);
#10839 = CARTESIAN_POINT('',(3.83,-2.,3.4));
#10840 = VECTOR('',#10841,1.);
#10841 = DIRECTION('',(1.,0.,0.));
#10842 = ORIENTED_EDGE('',*,*,#10843,.T.);
#10843 = EDGE_CURVE('',#10836,#10844,#10846,.T.);
#10844 = VERTEX_POINT('',#10845);
#10845 = CARTESIAN_POINT('',(6.33,-2.,7.9));
#10846 = LINE('',#10847,#10848);
#10847 = CARTESIAN_POINT('',(6.33,-2.,3.4));
#10848 = VECTOR('',#10849,1.);
#10849 = DIRECTION('',(0.,0.,1.));
#10850 = ORIENTED_EDGE('',*,*,#10851,.T.);
#10851 = EDGE_CURVE('',#10844,#10826,#10852,.T.);
#10852 = LINE('',#10853,#10854);
#10853 = CARTESIAN_POINT('',(6.33,-2.,7.9));
#10854 = VECTOR('',#10855,1.);
#10855 = DIRECTION('',(-1.,0.,0.));
#10856 = PLANE('',#10857);
#10857 = AXIS2_PLACEMENT_3D('',#10858,#10859,#10860);
#10858 = CARTESIAN_POINT('',(3.68,-2.,3.3));
#10859 = DIRECTION('',(0.,1.,0.));
#10860 = DIRECTION('',(1.,0.,0.));
#10861 = ADVANCED_FACE('',(#10862),#10868,.F.);
#10862 = FACE_BOUND('',#10863,.F.);
#10863 = EDGE_LOOP('',(#10864,#10865,#10866,#10867));
#10864 = ORIENTED_EDGE('',*,*,#10768,.F.);
#10865 = ORIENTED_EDGE('',*,*,#10264,.F.);
#10866 = ORIENTED_EDGE('',*,*,#10790,.T.);
#10867 = ORIENTED_EDGE('',*,*,#10815,.F.);
#10868 = PLANE('',#10869);
#10869 = AXIS2_PLACEMENT_3D('',#10870,#10871,#10872);
#10870 = CARTESIAN_POINT('',(6.48,-105.283,8.));
#10871 = DIRECTION('',(0.,0.,1.));
#10872 = DIRECTION('',(-1.,0.,0.));
#10873 = ADVANCED_FACE('',(#10874),#10892,.F.);
#10874 = FACE_BOUND('',#10875,.F.);
#10875 = EDGE_LOOP('',(#10876,#10877,#10878,#10886));
#10876 = ORIENTED_EDGE('',*,*,#10334,.F.);
#10877 = ORIENTED_EDGE('',*,*,#10304,.F.);
#10878 = ORIENTED_EDGE('',*,*,#10879,.T.);
#10879 = EDGE_CURVE('',#10305,#10880,#10882,.T.);
#10880 = VERTEX_POINT('',#10881);
#10881 = CARTESIAN_POINT('',(-1.4,-2.,8.));
#10882 = LINE('',#10883,#10884);
#10883 = CARTESIAN_POINT('',(-1.4,-105.283,8.));
#10884 = VECTOR('',#10885,1.);
#10885 = DIRECTION('',(-0.,1.,-0.));
#10886 = ORIENTED_EDGE('',*,*,#10887,.F.);
#10887 = EDGE_CURVE('',#10335,#10880,#10888,.T.);
#10888 = LINE('',#10889,#10890);
#10889 = CARTESIAN_POINT('',(-1.4,-2.,3.3));
#10890 = VECTOR('',#10891,1.);
#10891 = DIRECTION('',(0.,0.,1.));
#10892 = PLANE('',#10893);
#10893 = AXIS2_PLACEMENT_3D('',#10894,#10895,#10896);
#10894 = CARTESIAN_POINT('',(-1.4,-105.283,8.));
#10895 = DIRECTION('',(-1.,-0.,-0.));
#10896 = DIRECTION('',(0.,0.,-1.));
#10897 = ADVANCED_FACE('',(#10898),#10916,.F.);
#10898 = FACE_BOUND('',#10899,.F.);
#10899 = EDGE_LOOP('',(#10900,#10908,#10909,#10910));
#10900 = ORIENTED_EDGE('',*,*,#10901,.F.);
#10901 = EDGE_CURVE('',#10373,#10902,#10904,.T.);
#10902 = VERTEX_POINT('',#10903);
#10903 = CARTESIAN_POINT('',(1.4,-2.,8.));
#10904 = LINE('',#10905,#10906);
#10905 = CARTESIAN_POINT('',(1.4,-105.283,8.));
#10906 = VECTOR('',#10907,1.);
#10907 = DIRECTION('',(-0.,1.,-0.));
#10908 = ORIENTED_EDGE('',*,*,#10395,.F.);
#10909 = ORIENTED_EDGE('',*,*,#10350,.T.);
#10910 = ORIENTED_EDGE('',*,*,#10911,.T.);
#10911 = EDGE_CURVE('',#10343,#10902,#10912,.T.);
#10912 = LINE('',#10913,#10914);
#10913 = CARTESIAN_POINT('',(1.4,-2.,3.3));
#10914 = VECTOR('',#10915,1.);
#10915 = DIRECTION('',(0.,0.,1.));
#10916 = PLANE('',#10917);
#10917 = AXIS2_PLACEMENT_3D('',#10918,#10919,#10920);
#10918 = CARTESIAN_POINT('',(1.4,-105.283,3.3));
#10919 = DIRECTION('',(1.,0.,-0.));
#10920 = DIRECTION('',(0.,0.,1.));
#10921 = ADVANCED_FACE('',(#10922,#10933),#10967,.F.);
#10922 = FACE_BOUND('',#10923,.F.);
#10923 = EDGE_LOOP('',(#10924,#10925,#10931,#10932));
#10924 = ORIENTED_EDGE('',*,*,#10887,.T.);
#10925 = ORIENTED_EDGE('',*,*,#10926,.T.);
#10926 = EDGE_CURVE('',#10880,#10902,#10927,.T.);
#10927 = LINE('',#10928,#10929);
#10928 = CARTESIAN_POINT('',(-1.4,-2.,8.));
#10929 = VECTOR('',#10930,1.);
#10930 = DIRECTION('',(1.,0.,0.));
#10931 = ORIENTED_EDGE('',*,*,#10911,.F.);
#10932 = ORIENTED_EDGE('',*,*,#10342,.F.);
#10933 = FACE_BOUND('',#10934,.F.);
#10934 = EDGE_LOOP('',(#10935,#10945,#10953,#10961));
#10935 = ORIENTED_EDGE('',*,*,#10936,.T.);
#10936 = EDGE_CURVE('',#10937,#10939,#10941,.T.);
#10937 = VERTEX_POINT('',#10938);
#10938 = CARTESIAN_POINT('',(-1.25,-2.,7.9));
#10939 = VERTEX_POINT('',#10940);
#10940 = CARTESIAN_POINT('',(-1.25,-2.,3.4));
#10941 = LINE('',#10942,#10943);
#10942 = CARTESIAN_POINT('',(-1.25,-2.,7.9));
#10943 = VECTOR('',#10944,1.);
#10944 = DIRECTION('',(0.,0.,-1.));
#10945 = ORIENTED_EDGE('',*,*,#10946,.T.);
#10946 = EDGE_CURVE('',#10939,#10947,#10949,.T.);
#10947 = VERTEX_POINT('',#10948);
#10948 = CARTESIAN_POINT('',(1.25,-2.,3.4));
#10949 = LINE('',#10950,#10951);
#10950 = CARTESIAN_POINT('',(-1.25,-2.,3.4));
#10951 = VECTOR('',#10952,1.);
#10952 = DIRECTION('',(1.,0.,0.));
#10953 = ORIENTED_EDGE('',*,*,#10954,.T.);
#10954 = EDGE_CURVE('',#10947,#10955,#10957,.T.);
#10955 = VERTEX_POINT('',#10956);
#10956 = CARTESIAN_POINT('',(1.25,-2.,7.9));
#10957 = LINE('',#10958,#10959);
#10958 = CARTESIAN_POINT('',(1.25,-2.,3.4));
#10959 = VECTOR('',#10960,1.);
#10960 = DIRECTION('',(0.,0.,1.));
#10961 = ORIENTED_EDGE('',*,*,#10962,.T.);
#10962 = EDGE_CURVE('',#10955,#10937,#10963,.T.);
#10963 = LINE('',#10964,#10965);
#10964 = CARTESIAN_POINT('',(1.25,-2.,7.9));
#10965 = VECTOR('',#10966,1.);
#10966 = DIRECTION('',(-1.,0.,0.));
#10967 = PLANE('',#10968);
#10968 = AXIS2_PLACEMENT_3D('',#10969,#10970,#10971);
#10969 = CARTESIAN_POINT('',(-1.4,-2.,3.3));
#10970 = DIRECTION('',(0.,1.,0.));
#10971 = DIRECTION('',(1.,0.,0.));
#10972 = ADVANCED_FACE('',(#10973),#10979,.F.);
#10973 = FACE_BOUND('',#10974,.F.);
#10974 = EDGE_LOOP('',(#10975,#10976,#10977,#10978));
#10975 = ORIENTED_EDGE('',*,*,#10879,.F.);
#10976 = ORIENTED_EDGE('',*,*,#10372,.F.);
#10977 = ORIENTED_EDGE('',*,*,#10901,.T.);
#10978 = ORIENTED_EDGE('',*,*,#10926,.F.);
#10979 = PLANE('',#10980);
#10980 = AXIS2_PLACEMENT_3D('',#10981,#10982,#10983);
#10981 = CARTESIAN_POINT('',(1.4,-105.283,8.));
#10982 = DIRECTION('',(0.,0.,1.));
#10983 = DIRECTION('',(-1.,0.,0.));
#10984 = ADVANCED_FACE('',(#10985),#10995,.F.);
#10985 = FACE_BOUND('',#10986,.F.);
#10986 = EDGE_LOOP('',(#10987,#10988,#10994));
#10987 = ORIENTED_EDGE('',*,*,#10592,.F.);
#10988 = ORIENTED_EDGE('',*,*,#10989,.T.);
#10989 = EDGE_CURVE('',#10585,#10459,#10990,.T.);
#10990 = LINE('',#10991,#10992);
#10991 = CARTESIAN_POINT('',(6.48,-2.,3.3));
#10992 = VECTOR('',#10993,1.);
#10993 = DIRECTION('',(0.,1.,0.));
#10994 = ORIENTED_EDGE('',*,*,#10458,.F.);
#10995 = PLANE('',#10996);
#10996 = AXIS2_PLACEMENT_3D('',#10997,#10998,#10999);
#10997 = CARTESIAN_POINT('',(3.68,-105.283,3.3));
#10998 = DIRECTION('',(0.,0.,-1.));
#10999 = DIRECTION('',(1.,0.,0.));
#11000 = ADVANCED_FACE('',(#11001),#11028,.F.);
#11001 = FACE_BOUND('',#11002,.F.);
#11002 = EDGE_LOOP('',(#11003,#11004,#11005,#11013,#11021,#11027));
#11003 = ORIENTED_EDGE('',*,*,#10989,.F.);
#11004 = ORIENTED_EDGE('',*,*,#10584,.T.);
#11005 = ORIENTED_EDGE('',*,*,#11006,.T.);
#11006 = EDGE_CURVE('',#10576,#11007,#11009,.T.);
#11007 = VERTEX_POINT('',#11008);
#11008 = CARTESIAN_POINT('',(6.48,-1.067523257867,8.));
#11009 = LINE('',#11010,#11011);
#11010 = CARTESIAN_POINT('',(6.48,-2.,8.));
#11011 = VECTOR('',#11012,1.);
#11012 = DIRECTION('',(0.,1.,0.));
#11013 = ORIENTED_EDGE('',*,*,#11014,.T.);
#11014 = EDGE_CURVE('',#11007,#11015,#11017,.T.);
#11015 = VERTEX_POINT('',#11016);
#11016 = CARTESIAN_POINT('',(6.48,1.501523257867,8.));
#11017 = LINE('',#11018,#11019);
#11018 = CARTESIAN_POINT('',(6.48,-2.,8.));
#11019 = VECTOR('',#11020,1.);
#11020 = DIRECTION('',(0.,1.,0.));
#11021 = ORIENTED_EDGE('',*,*,#11022,.T.);
#11022 = EDGE_CURVE('',#11015,#10468,#11023,.T.);
#11023 = LINE('',#11024,#11025);
#11024 = CARTESIAN_POINT('',(6.48,-2.,8.));
#11025 = VECTOR('',#11026,1.);
#11026 = DIRECTION('',(0.,1.,0.));
#11027 = ORIENTED_EDGE('',*,*,#10467,.F.);
#11028 = PLANE('',#11029);
#11029 = AXIS2_PLACEMENT_3D('',#11030,#11031,#11032);
#11030 = CARTESIAN_POINT('',(6.48,-2.,3.3));
#11031 = DIRECTION('',(-1.,0.,0.));
#11032 = DIRECTION('',(0.,1.,0.));
#11033 = ADVANCED_FACE('',(#11034),#11053,.T.);
#11034 = FACE_BOUND('',#11035,.T.);
#11035 = EDGE_LOOP('',(#11036,#11045,#11051,#11052));
#11036 = ORIENTED_EDGE('',*,*,#11037,.F.);
#11037 = EDGE_CURVE('',#11038,#11007,#11040,.T.);
#11038 = VERTEX_POINT('',#11039);
#11039 = CARTESIAN_POINT('',(3.68,-1.067523257866,8.));
#11040 = CIRCLE('',#11041,1.9);
#11041 = AXIS2_PLACEMENT_3D('',#11042,#11043,#11044);
#11042 = CARTESIAN_POINT('',(5.08,0.217,8.));
#11043 = DIRECTION('',(0.,0.,1.));
#11044 = DIRECTION('',(1.,0.,-0.));
#11045 = ORIENTED_EDGE('',*,*,#11046,.T.);
#11046 = EDGE_CURVE('',#11038,#10568,#11047,.T.);
#11047 = LINE('',#11048,#11049);
#11048 = CARTESIAN_POINT('',(3.68,2.,8.));
#11049 = VECTOR('',#11050,1.);
#11050 = DIRECTION('',(0.,-1.,0.));
#11051 = ORIENTED_EDGE('',*,*,#10575,.T.);
#11052 = ORIENTED_EDGE('',*,*,#11006,.T.);
#11053 = PLANE('',#11054);
#11054 = AXIS2_PLACEMENT_3D('',#11055,#11056,#11057);
#11055 = CARTESIAN_POINT('',(5.08,0.,8.));
#11056 = DIRECTION('',(0.,0.,1.));
#11057 = DIRECTION('',(1.,0.,-0.));
#11058 = ADVANCED_FACE('',(#11059),#11084,.F.);
#11059 = FACE_BOUND('',#11060,.F.);
#11060 = EDGE_LOOP('',(#11061,#11062,#11070,#11076,#11077,#11078));
#11061 = ORIENTED_EDGE('',*,*,#10550,.T.);
#11062 = ORIENTED_EDGE('',*,*,#11063,.T.);
#11063 = EDGE_CURVE('',#10542,#11064,#11066,.T.);
#11064 = VERTEX_POINT('',#11065);
#11065 = CARTESIAN_POINT('',(3.68,1.501523257866,8.));
#11066 = LINE('',#11067,#11068);
#11067 = CARTESIAN_POINT('',(3.68,2.,8.));
#11068 = VECTOR('',#11069,1.);
#11069 = DIRECTION('',(0.,-1.,0.));
#11070 = ORIENTED_EDGE('',*,*,#11071,.T.);
#11071 = EDGE_CURVE('',#11064,#11038,#11072,.T.);
#11072 = LINE('',#11073,#11074);
#11073 = CARTESIAN_POINT('',(3.68,2.,8.));
#11074 = VECTOR('',#11075,1.);
#11075 = DIRECTION('',(0.,-1.,0.));
#11076 = ORIENTED_EDGE('',*,*,#11046,.T.);
#11077 = ORIENTED_EDGE('',*,*,#10567,.F.);
#11078 = ORIENTED_EDGE('',*,*,#11079,.F.);
#11079 = EDGE_CURVE('',#10551,#10559,#11080,.T.);
#11080 = LINE('',#11081,#11082);
#11081 = CARTESIAN_POINT('',(3.68,2.,3.3));
#11082 = VECTOR('',#11083,1.);
#11083 = DIRECTION('',(0.,-1.,0.));
#11084 = PLANE('',#11085);
#11085 = AXIS2_PLACEMENT_3D('',#11086,#11087,#11088);
#11086 = CARTESIAN_POINT('',(3.68,2.,3.3));
#11087 = DIRECTION('',(1.,0.,-0.));
#11088 = DIRECTION('',(0.,-1.,0.));
#11089 = ADVANCED_FACE('',(#11090),#11094,.F.);
#11090 = FACE_BOUND('',#11091,.F.);
#11091 = EDGE_LOOP('',(#11092,#11093));
#11092 = ORIENTED_EDGE('',*,*,#11079,.T.);
#11093 = ORIENTED_EDGE('',*,*,#10558,.F.);
#11094 = PLANE('',#11095);
#11095 = AXIS2_PLACEMENT_3D('',#11096,#11097,#11098);
#11096 = CARTESIAN_POINT('',(3.68,-105.283,3.3));
#11097 = DIRECTION('',(0.,0.,-1.));
#11098 = DIRECTION('',(1.,0.,0.));
#11099 = ADVANCED_FACE('',(#11100),#11119,.T.);
#11100 = FACE_BOUND('',#11101,.T.);
#11101 = EDGE_LOOP('',(#11102,#11103,#11104,#11113));
#11102 = ORIENTED_EDGE('',*,*,#10541,.T.);
#11103 = ORIENTED_EDGE('',*,*,#11063,.T.);
#11104 = ORIENTED_EDGE('',*,*,#11105,.F.);
#11105 = EDGE_CURVE('',#11106,#11064,#11108,.T.);
#11106 = VERTEX_POINT('',#11107);
#11107 = CARTESIAN_POINT('',(4.423561884105,2.,8.));
#11108 = CIRCLE('',#11109,1.9);
#11109 = AXIS2_PLACEMENT_3D('',#11110,#11111,#11112);
#11110 = CARTESIAN_POINT('',(5.08,0.217,8.));
#11111 = DIRECTION('',(0.,0.,1.));
#11112 = DIRECTION('',(1.,0.,-0.));
#11113 = ORIENTED_EDGE('',*,*,#11114,.T.);
#11114 = EDGE_CURVE('',#11106,#10534,#11115,.T.);
#11115 = LINE('',#11116,#11117);
#11116 = CARTESIAN_POINT('',(6.48,2.,8.));
#11117 = VECTOR('',#11118,1.);
#11118 = DIRECTION('',(-1.,0.,0.));
#11119 = PLANE('',#11120);
#11120 = AXIS2_PLACEMENT_3D('',#11121,#11122,#11123);
#11121 = CARTESIAN_POINT('',(5.08,0.,8.));
#11122 = DIRECTION('',(0.,0.,1.));
#11123 = DIRECTION('',(1.,0.,-0.));
#11124 = ADVANCED_FACE('',(#11125),#11150,.F.);
#11125 = FACE_BOUND('',#11126,.F.);
#11126 = EDGE_LOOP('',(#11127,#11128,#11136,#11142,#11143,#11144));
#11127 = ORIENTED_EDGE('',*,*,#10484,.T.);
#11128 = ORIENTED_EDGE('',*,*,#11129,.T.);
#11129 = EDGE_CURVE('',#10476,#11130,#11132,.T.);
#11130 = VERTEX_POINT('',#11131);
#11131 = CARTESIAN_POINT('',(5.736438115895,2.,8.));
#11132 = LINE('',#11133,#11134);
#11133 = CARTESIAN_POINT('',(6.48,2.,8.));
#11134 = VECTOR('',#11135,1.);
#11135 = DIRECTION('',(-1.,0.,0.));
#11136 = ORIENTED_EDGE('',*,*,#11137,.T.);
#11137 = EDGE_CURVE('',#11130,#11106,#11138,.T.);
#11138 = LINE('',#11139,#11140);
#11139 = CARTESIAN_POINT('',(6.48,2.,8.));
#11140 = VECTOR('',#11141,1.);
#11141 = DIRECTION('',(-1.,0.,0.));
#11142 = ORIENTED_EDGE('',*,*,#11114,.T.);
#11143 = ORIENTED_EDGE('',*,*,#10533,.F.);
#11144 = ORIENTED_EDGE('',*,*,#11145,.F.);
#11145 = EDGE_CURVE('',#10485,#10526,#11146,.T.);
#11146 = LINE('',#11147,#11148);
#11147 = CARTESIAN_POINT('',(6.33,2.,7.9));
#11148 = VECTOR('',#11149,1.);
#11149 = DIRECTION('',(-1.,0.,0.));
#11150 = PLANE('',#11151);
#11151 = AXIS2_PLACEMENT_3D('',#11152,#11153,#11154);
#11152 = CARTESIAN_POINT('',(6.48,2.,3.3));
#11153 = DIRECTION('',(0.,-1.,0.));
#11154 = DIRECTION('',(-1.,0.,0.));
#11155 = ADVANCED_FACE('',(#11156),#11181,.T.);
#11156 = FACE_BOUND('',#11157,.T.);
#11157 = EDGE_LOOP('',(#11158,#11159,#11167,#11175));
#11158 = ORIENTED_EDGE('',*,*,#10525,.T.);
#11159 = ORIENTED_EDGE('',*,*,#11160,.T.);
#11160 = EDGE_CURVE('',#10526,#11161,#11163,.T.);
#11161 = VERTEX_POINT('',#11162);
#11162 = CARTESIAN_POINT('',(3.83,2.,7.9));
#11163 = LINE('',#11164,#11165);
#11164 = CARTESIAN_POINT('',(6.33,2.,7.9));
#11165 = VECTOR('',#11166,1.);
#11166 = DIRECTION('',(-1.,0.,0.));
#11167 = ORIENTED_EDGE('',*,*,#11168,.T.);
#11168 = EDGE_CURVE('',#11161,#11169,#11171,.T.);
#11169 = VERTEX_POINT('',#11170);
#11170 = CARTESIAN_POINT('',(3.83,2.,3.4));
#11171 = LINE('',#11172,#11173);
#11172 = CARTESIAN_POINT('',(3.83,2.,7.9));
#11173 = VECTOR('',#11174,1.);
#11174 = DIRECTION('',(0.,0.,-1.));
#11175 = ORIENTED_EDGE('',*,*,#11176,.T.);
#11176 = EDGE_CURVE('',#11169,#10518,#11177,.T.);
#11177 = LINE('',#11178,#11179);
#11178 = CARTESIAN_POINT('',(3.83,2.,3.4));
#11179 = VECTOR('',#11180,1.);
#11180 = DIRECTION('',(1.,0.,0.));
#11181 = PLANE('',#11182);
#11182 = AXIS2_PLACEMENT_3D('',#11183,#11184,#11185);
#11183 = CARTESIAN_POINT('',(5.08,2.,5.65));
#11184 = DIRECTION('',(-0.,-1.,-0.));
#11185 = DIRECTION('',(0.,0.,-1.));
#11186 = ADVANCED_FACE('',(#11187),#11203,.F.);
#11187 = FACE_BOUND('',#11188,.F.);
#11188 = EDGE_LOOP('',(#11189,#11195,#11196,#11202));
#11189 = ORIENTED_EDGE('',*,*,#11190,.F.);
#11190 = EDGE_CURVE('',#10501,#10509,#11191,.T.);
#11191 = LINE('',#11192,#11193);
#11192 = CARTESIAN_POINT('',(6.48,2.,3.3));
#11193 = VECTOR('',#11194,1.);
#11194 = DIRECTION('',(-1.,0.,0.));
#11195 = ORIENTED_EDGE('',*,*,#10500,.T.);
#11196 = ORIENTED_EDGE('',*,*,#11197,.F.);
#11197 = EDGE_CURVE('',#10518,#10493,#11198,.T.);
#11198 = LINE('',#11199,#11200);
#11199 = CARTESIAN_POINT('',(3.83,2.,3.4));
#11200 = VECTOR('',#11201,1.);
#11201 = DIRECTION('',(1.,0.,0.));
#11202 = ORIENTED_EDGE('',*,*,#10517,.F.);
#11203 = PLANE('',#11204);
#11204 = AXIS2_PLACEMENT_3D('',#11205,#11206,#11207);
#11205 = CARTESIAN_POINT('',(6.48,2.,3.3));
#11206 = DIRECTION('',(0.,-1.,0.));
#11207 = DIRECTION('',(-1.,0.,0.));
#11208 = ADVANCED_FACE('',(#11209),#11213,.F.);
#11209 = FACE_BOUND('',#11210,.F.);
#11210 = EDGE_LOOP('',(#11211,#11212));
#11211 = ORIENTED_EDGE('',*,*,#11190,.T.);
#11212 = ORIENTED_EDGE('',*,*,#10508,.F.);
#11213 = PLANE('',#11214);
#11214 = AXIS2_PLACEMENT_3D('',#11215,#11216,#11217);
#11215 = CARTESIAN_POINT('',(3.68,-105.283,3.3));
#11216 = DIRECTION('',(0.,0.,-1.));
#11217 = DIRECTION('',(1.,0.,0.));
#11218 = ADVANCED_FACE('',(#11219),#11244,.T.);
#11219 = FACE_BOUND('',#11220,.T.);
#11220 = EDGE_LOOP('',(#11221,#11222,#11230,#11238));
#11221 = ORIENTED_EDGE('',*,*,#10492,.F.);
#11222 = ORIENTED_EDGE('',*,*,#11223,.T.);
#11223 = EDGE_CURVE('',#10493,#11224,#11226,.T.);
#11224 = VERTEX_POINT('',#11225);
#11225 = CARTESIAN_POINT('',(6.33,2.,3.4));
#11226 = LINE('',#11227,#11228);
#11227 = CARTESIAN_POINT('',(3.83,2.,3.4));
#11228 = VECTOR('',#11229,1.);
#11229 = DIRECTION('',(1.,0.,0.));
#11230 = ORIENTED_EDGE('',*,*,#11231,.T.);
#11231 = EDGE_CURVE('',#11224,#11232,#11234,.T.);
#11232 = VERTEX_POINT('',#11233);
#11233 = CARTESIAN_POINT('',(6.33,2.,7.9));
#11234 = LINE('',#11235,#11236);
#11235 = CARTESIAN_POINT('',(6.33,2.,3.4));
#11236 = VECTOR('',#11237,1.);
#11237 = DIRECTION('',(0.,0.,1.));
#11238 = ORIENTED_EDGE('',*,*,#11239,.T.);
#11239 = EDGE_CURVE('',#11232,#10485,#11240,.T.);
#11240 = LINE('',#11241,#11242);
#11241 = CARTESIAN_POINT('',(6.33,2.,7.9));
#11242 = VECTOR('',#11243,1.);
#11243 = DIRECTION('',(-1.,0.,0.));
#11244 = PLANE('',#11245);
#11245 = AXIS2_PLACEMENT_3D('',#11246,#11247,#11248);
#11246 = CARTESIAN_POINT('',(5.08,2.,5.65));
#11247 = DIRECTION('',(-0.,-1.,-0.));
#11248 = DIRECTION('',(0.,0.,-1.));
#11249 = ADVANCED_FACE('',(#11250),#11262,.T.);
#11250 = FACE_BOUND('',#11251,.T.);
#11251 = EDGE_LOOP('',(#11252,#11259,#11260,#11261));
#11252 = ORIENTED_EDGE('',*,*,#11253,.F.);
#11253 = EDGE_CURVE('',#11015,#11130,#11254,.T.);
#11254 = CIRCLE('',#11255,1.9);
#11255 = AXIS2_PLACEMENT_3D('',#11256,#11257,#11258);
#11256 = CARTESIAN_POINT('',(5.08,0.217,8.));
#11257 = DIRECTION('',(0.,0.,1.));
#11258 = DIRECTION('',(1.,0.,-0.));
#11259 = ORIENTED_EDGE('',*,*,#11022,.T.);
#11260 = ORIENTED_EDGE('',*,*,#10475,.T.);
#11261 = ORIENTED_EDGE('',*,*,#11129,.T.);
#11262 = PLANE('',#11263);
#11263 = AXIS2_PLACEMENT_3D('',#11264,#11265,#11266);
#11264 = CARTESIAN_POINT('',(5.08,0.,8.));
#11265 = DIRECTION('',(0.,0.,1.));
#11266 = DIRECTION('',(1.,0.,-0.));
#11267 = ADVANCED_FACE('',(#11268),#11278,.F.);
#11268 = FACE_BOUND('',#11269,.F.);
#11269 = EDGE_LOOP('',(#11270,#11271,#11277));
#11270 = ORIENTED_EDGE('',*,*,#10751,.F.);
#11271 = ORIENTED_EDGE('',*,*,#11272,.T.);
#11272 = EDGE_CURVE('',#10744,#10618,#11273,.T.);
#11273 = LINE('',#11274,#11275);
#11274 = CARTESIAN_POINT('',(1.4,-2.,3.3));
#11275 = VECTOR('',#11276,1.);
#11276 = DIRECTION('',(0.,1.,0.));
#11277 = ORIENTED_EDGE('',*,*,#10617,.F.);
#11278 = PLANE('',#11279);
#11279 = AXIS2_PLACEMENT_3D('',#11280,#11281,#11282);
#11280 = CARTESIAN_POINT('',(-1.4,-105.283,3.3));
#11281 = DIRECTION('',(0.,0.,-1.));
#11282 = DIRECTION('',(1.,0.,0.));
#11283 = ADVANCED_FACE('',(#11284),#11311,.F.);
#11284 = FACE_BOUND('',#11285,.F.);
#11285 = EDGE_LOOP('',(#11286,#11287,#11288,#11296,#11304,#11310));
#11286 = ORIENTED_EDGE('',*,*,#11272,.F.);
#11287 = ORIENTED_EDGE('',*,*,#10743,.T.);
#11288 = ORIENTED_EDGE('',*,*,#11289,.T.);
#11289 = EDGE_CURVE('',#10735,#11290,#11292,.T.);
#11290 = VERTEX_POINT('',#11291);
#11291 = CARTESIAN_POINT('',(1.4,-1.067523257867,8.));
#11292 = LINE('',#11293,#11294);
#11293 = CARTESIAN_POINT('',(1.4,-2.,8.));
#11294 = VECTOR('',#11295,1.);
#11295 = DIRECTION('',(0.,1.,0.));
#11296 = ORIENTED_EDGE('',*,*,#11297,.T.);
#11297 = EDGE_CURVE('',#11290,#11298,#11300,.T.);
#11298 = VERTEX_POINT('',#11299);
#11299 = CARTESIAN_POINT('',(1.4,1.501523257867,8.));
#11300 = LINE('',#11301,#11302);
#11301 = CARTESIAN_POINT('',(1.4,-2.,8.));
#11302 = VECTOR('',#11303,1.);
#11303 = DIRECTION('',(0.,1.,0.));
#11304 = ORIENTED_EDGE('',*,*,#11305,.T.);
#11305 = EDGE_CURVE('',#11298,#10627,#11306,.T.);
#11306 = LINE('',#11307,#11308);
#11307 = CARTESIAN_POINT('',(1.4,-2.,8.));
#11308 = VECTOR('',#11309,1.);
#11309 = DIRECTION('',(0.,1.,0.));
#11310 = ORIENTED_EDGE('',*,*,#10626,.F.);
#11311 = PLANE('',#11312);
#11312 = AXIS2_PLACEMENT_3D('',#11313,#11314,#11315);
#11313 = CARTESIAN_POINT('',(1.4,-2.,3.3));
#11314 = DIRECTION('',(-1.,0.,0.));
#11315 = DIRECTION('',(0.,1.,0.));
#11316 = ADVANCED_FACE('',(#11317),#11336,.T.);
#11317 = FACE_BOUND('',#11318,.T.);
#11318 = EDGE_LOOP('',(#11319,#11328,#11334,#11335));
#11319 = ORIENTED_EDGE('',*,*,#11320,.F.);
#11320 = EDGE_CURVE('',#11321,#11290,#11323,.T.);
#11321 = VERTEX_POINT('',#11322);
#11322 = CARTESIAN_POINT('',(-1.4,-1.067523257866,8.));
#11323 = CIRCLE('',#11324,1.9);
#11324 = AXIS2_PLACEMENT_3D('',#11325,#11326,#11327);
#11325 = CARTESIAN_POINT('',(0.,0.217,8.));
#11326 = DIRECTION('',(0.,0.,1.));
#11327 = DIRECTION('',(1.,0.,-0.));
#11328 = ORIENTED_EDGE('',*,*,#11329,.T.);
#11329 = EDGE_CURVE('',#11321,#10727,#11330,.T.);
#11330 = LINE('',#11331,#11332);
#11331 = CARTESIAN_POINT('',(-1.4,2.,8.));
#11332 = VECTOR('',#11333,1.);
#11333 = DIRECTION('',(0.,-1.,0.));
#11334 = ORIENTED_EDGE('',*,*,#10734,.T.);
#11335 = ORIENTED_EDGE('',*,*,#11289,.T.);
#11336 = PLANE('',#11337);
#11337 = AXIS2_PLACEMENT_3D('',#11338,#11339,#11340);
#11338 = CARTESIAN_POINT('',(0.,0.,8.));
#11339 = DIRECTION('',(0.,0.,1.));
#11340 = DIRECTION('',(1.,0.,-0.));
#11341 = ADVANCED_FACE('',(#11342),#11367,.F.);
#11342 = FACE_BOUND('',#11343,.F.);
#11343 = EDGE_LOOP('',(#11344,#11345,#11353,#11359,#11360,#11361));
#11344 = ORIENTED_EDGE('',*,*,#10709,.T.);
#11345 = ORIENTED_EDGE('',*,*,#11346,.T.);
#11346 = EDGE_CURVE('',#10701,#11347,#11349,.T.);
#11347 = VERTEX_POINT('',#11348);
#11348 = CARTESIAN_POINT('',(-1.4,1.501523257866,8.));
#11349 = LINE('',#11350,#11351);
#11350 = CARTESIAN_POINT('',(-1.4,2.,8.));
#11351 = VECTOR('',#11352,1.);
#11352 = DIRECTION('',(0.,-1.,0.));
#11353 = ORIENTED_EDGE('',*,*,#11354,.T.);
#11354 = EDGE_CURVE('',#11347,#11321,#11355,.T.);
#11355 = LINE('',#11356,#11357);
#11356 = CARTESIAN_POINT('',(-1.4,2.,8.));
#11357 = VECTOR('',#11358,1.);
#11358 = DIRECTION('',(0.,-1.,0.));
#11359 = ORIENTED_EDGE('',*,*,#11329,.T.);
#11360 = ORIENTED_EDGE('',*,*,#10726,.F.);
#11361 = ORIENTED_EDGE('',*,*,#11362,.F.);
#11362 = EDGE_CURVE('',#10710,#10718,#11363,.T.);
#11363 = LINE('',#11364,#11365);
#11364 = CARTESIAN_POINT('',(-1.4,2.,3.3));
#11365 = VECTOR('',#11366,1.);
#11366 = DIRECTION('',(0.,-1.,0.));
#11367 = PLANE('',#11368);
#11368 = AXIS2_PLACEMENT_3D('',#11369,#11370,#11371);
#11369 = CARTESIAN_POINT('',(-1.4,2.,3.3));
#11370 = DIRECTION('',(1.,0.,-0.));
#11371 = DIRECTION('',(0.,-1.,0.));
#11372 = ADVANCED_FACE('',(#11373),#11377,.F.);
#11373 = FACE_BOUND('',#11374,.F.);
#11374 = EDGE_LOOP('',(#11375,#11376));
#11375 = ORIENTED_EDGE('',*,*,#11362,.T.);
#11376 = ORIENTED_EDGE('',*,*,#10717,.F.);
#11377 = PLANE('',#11378);
#11378 = AXIS2_PLACEMENT_3D('',#11379,#11380,#11381);
#11379 = CARTESIAN_POINT('',(-1.4,-105.283,3.3));
#11380 = DIRECTION('',(0.,0.,-1.));
#11381 = DIRECTION('',(1.,0.,0.));
#11382 = ADVANCED_FACE('',(#11383),#11402,.T.);
#11383 = FACE_BOUND('',#11384,.T.);
#11384 = EDGE_LOOP('',(#11385,#11386,#11387,#11396));
#11385 = ORIENTED_EDGE('',*,*,#10700,.T.);
#11386 = ORIENTED_EDGE('',*,*,#11346,.T.);
#11387 = ORIENTED_EDGE('',*,*,#11388,.F.);
#11388 = EDGE_CURVE('',#11389,#11347,#11391,.T.);
#11389 = VERTEX_POINT('',#11390);
#11390 = CARTESIAN_POINT('',(-0.656438115895,2.,8.));
#11391 = CIRCLE('',#11392,1.9);
#11392 = AXIS2_PLACEMENT_3D('',#11393,#11394,#11395);
#11393 = CARTESIAN_POINT('',(0.,0.217,8.));
#11394 = DIRECTION('',(0.,0.,1.));
#11395 = DIRECTION('',(1.,0.,-0.));
#11396 = ORIENTED_EDGE('',*,*,#11397,.T.);
#11397 = EDGE_CURVE('',#11389,#10693,#11398,.T.);
#11398 = LINE('',#11399,#11400);
#11399 = CARTESIAN_POINT('',(1.4,2.,8.));
#11400 = VECTOR('',#11401,1.);
#11401 = DIRECTION('',(-1.,0.,0.));
#11402 = PLANE('',#11403);
#11403 = AXIS2_PLACEMENT_3D('',#11404,#11405,#11406);
#11404 = CARTESIAN_POINT('',(0.,0.,8.));
#11405 = DIRECTION('',(0.,0.,1.));
#11406 = DIRECTION('',(1.,0.,-0.));
#11407 = ADVANCED_FACE('',(#11408),#11433,.F.);
#11408 = FACE_BOUND('',#11409,.F.);
#11409 = EDGE_LOOP('',(#11410,#11411,#11419,#11425,#11426,#11427));
#11410 = ORIENTED_EDGE('',*,*,#10643,.T.);
#11411 = ORIENTED_EDGE('',*,*,#11412,.T.);
#11412 = EDGE_CURVE('',#10635,#11413,#11415,.T.);
#11413 = VERTEX_POINT('',#11414);
#11414 = CARTESIAN_POINT('',(0.656438115895,2.,8.));
#11415 = LINE('',#11416,#11417);
#11416 = CARTESIAN_POINT('',(1.4,2.,8.));
#11417 = VECTOR('',#11418,1.);
#11418 = DIRECTION('',(-1.,0.,0.));
#11419 = ORIENTED_EDGE('',*,*,#11420,.T.);
#11420 = EDGE_CURVE('',#11413,#11389,#11421,.T.);
#11421 = LINE('',#11422,#11423);
#11422 = CARTESIAN_POINT('',(1.4,2.,8.));
#11423 = VECTOR('',#11424,1.);
#11424 = DIRECTION('',(-1.,0.,0.));
#11425 = ORIENTED_EDGE('',*,*,#11397,.T.);
#11426 = ORIENTED_EDGE('',*,*,#10692,.F.);
#11427 = ORIENTED_EDGE('',*,*,#11428,.F.);
#11428 = EDGE_CURVE('',#10644,#10685,#11429,.T.);
#11429 = LINE('',#11430,#11431);
#11430 = CARTESIAN_POINT('',(1.25,2.,7.9));
#11431 = VECTOR('',#11432,1.);
#11432 = DIRECTION('',(-1.,0.,0.));
#11433 = PLANE('',#11434);
#11434 = AXIS2_PLACEMENT_3D('',#11435,#11436,#11437);
#11435 = CARTESIAN_POINT('',(1.4,2.,3.3));
#11436 = DIRECTION('',(0.,-1.,0.));
#11437 = DIRECTION('',(-1.,0.,0.));
#11438 = ADVANCED_FACE('',(#11439),#11464,.T.);
#11439 = FACE_BOUND('',#11440,.T.);
#11440 = EDGE_LOOP('',(#11441,#11442,#11450,#11458));
#11441 = ORIENTED_EDGE('',*,*,#10684,.T.);
#11442 = ORIENTED_EDGE('',*,*,#11443,.T.);
#11443 = EDGE_CURVE('',#10685,#11444,#11446,.T.);
#11444 = VERTEX_POINT('',#11445);
#11445 = CARTESIAN_POINT('',(-1.25,2.,7.9));
#11446 = LINE('',#11447,#11448);
#11447 = CARTESIAN_POINT('',(1.25,2.,7.9));
#11448 = VECTOR('',#11449,1.);
#11449 = DIRECTION('',(-1.,0.,0.));
#11450 = ORIENTED_EDGE('',*,*,#11451,.T.);
#11451 = EDGE_CURVE('',#11444,#11452,#11454,.T.);
#11452 = VERTEX_POINT('',#11453);
#11453 = CARTESIAN_POINT('',(-1.25,2.,3.4));
#11454 = LINE('',#11455,#11456);
#11455 = CARTESIAN_POINT('',(-1.25,2.,7.9));
#11456 = VECTOR('',#11457,1.);
#11457 = DIRECTION('',(0.,0.,-1.));
#11458 = ORIENTED_EDGE('',*,*,#11459,.T.);
#11459 = EDGE_CURVE('',#11452,#10677,#11460,.T.);
#11460 = LINE('',#11461,#11462);
#11461 = CARTESIAN_POINT('',(-1.25,2.,3.4));
#11462 = VECTOR('',#11463,1.);
#11463 = DIRECTION('',(1.,0.,0.));
#11464 = PLANE('',#11465);
#11465 = AXIS2_PLACEMENT_3D('',#11466,#11467,#11468);
#11466 = CARTESIAN_POINT('',(0.,2.,5.65));
#11467 = DIRECTION('',(-0.,-1.,-0.));
#11468 = DIRECTION('',(0.,0.,-1.));
#11469 = ADVANCED_FACE('',(#11470),#11486,.F.);
#11470 = FACE_BOUND('',#11471,.F.);
#11471 = EDGE_LOOP('',(#11472,#11478,#11479,#11485));
#11472 = ORIENTED_EDGE('',*,*,#11473,.F.);
#11473 = EDGE_CURVE('',#10660,#10668,#11474,.T.);
#11474 = LINE('',#11475,#11476);
#11475 = CARTESIAN_POINT('',(1.4,2.,3.3));
#11476 = VECTOR('',#11477,1.);
#11477 = DIRECTION('',(-1.,0.,0.));
#11478 = ORIENTED_EDGE('',*,*,#10659,.T.);
#11479 = ORIENTED_EDGE('',*,*,#11480,.F.);
#11480 = EDGE_CURVE('',#10677,#10652,#11481,.T.);
#11481 = LINE('',#11482,#11483);
#11482 = CARTESIAN_POINT('',(-1.25,2.,3.4));
#11483 = VECTOR('',#11484,1.);
#11484 = DIRECTION('',(1.,0.,0.));
#11485 = ORIENTED_EDGE('',*,*,#10676,.F.);
#11486 = PLANE('',#11487);
#11487 = AXIS2_PLACEMENT_3D('',#11488,#11489,#11490);
#11488 = CARTESIAN_POINT('',(1.4,2.,3.3));
#11489 = DIRECTION('',(0.,-1.,0.));
#11490 = DIRECTION('',(-1.,0.,0.));
#11491 = ADVANCED_FACE('',(#11492),#11496,.F.);
#11492 = FACE_BOUND('',#11493,.F.);
#11493 = EDGE_LOOP('',(#11494,#11495));
#11494 = ORIENTED_EDGE('',*,*,#11473,.T.);
#11495 = ORIENTED_EDGE('',*,*,#10667,.F.);
#11496 = PLANE('',#11497);
#11497 = AXIS2_PLACEMENT_3D('',#11498,#11499,#11500);
#11498 = CARTESIAN_POINT('',(-1.4,-105.283,3.3));
#11499 = DIRECTION('',(0.,0.,-1.));
#11500 = DIRECTION('',(1.,0.,0.));
#11501 = ADVANCED_FACE('',(#11502),#11527,.T.);
#11502 = FACE_BOUND('',#11503,.T.);
#11503 = EDGE_LOOP('',(#11504,#11505,#11513,#11521));
#11504 = ORIENTED_EDGE('',*,*,#10651,.F.);
#11505 = ORIENTED_EDGE('',*,*,#11506,.T.);
#11506 = EDGE_CURVE('',#10652,#11507,#11509,.T.);
#11507 = VERTEX_POINT('',#11508);
#11508 = CARTESIAN_POINT('',(1.25,2.,3.4));
#11509 = LINE('',#11510,#11511);
#11510 = CARTESIAN_POINT('',(-1.25,2.,3.4));
#11511 = VECTOR('',#11512,1.);
#11512 = DIRECTION('',(1.,0.,0.));
#11513 = ORIENTED_EDGE('',*,*,#11514,.T.);
#11514 = EDGE_CURVE('',#11507,#11515,#11517,.T.);
#11515 = VERTEX_POINT('',#11516);
#11516 = CARTESIAN_POINT('',(1.25,2.,7.9));
#11517 = LINE('',#11518,#11519);
#11518 = CARTESIAN_POINT('',(1.25,2.,3.4));
#11519 = VECTOR('',#11520,1.);
#11520 = DIRECTION('',(0.,0.,1.));
#11521 = ORIENTED_EDGE('',*,*,#11522,.T.);
#11522 = EDGE_CURVE('',#11515,#10644,#11523,.T.);
#11523 = LINE('',#11524,#11525);
#11524 = CARTESIAN_POINT('',(1.25,2.,7.9));
#11525 = VECTOR('',#11526,1.);
#11526 = DIRECTION('',(-1.,0.,0.));
#11527 = PLANE('',#11528);
#11528 = AXIS2_PLACEMENT_3D('',#11529,#11530,#11531);
#11529 = CARTESIAN_POINT('',(0.,2.,5.65));
#11530 = DIRECTION('',(-0.,-1.,-0.));
#11531 = DIRECTION('',(0.,0.,-1.));
#11532 = ADVANCED_FACE('',(#11533),#11545,.T.);
#11533 = FACE_BOUND('',#11534,.T.);
#11534 = EDGE_LOOP('',(#11535,#11542,#11543,#11544));
#11535 = ORIENTED_EDGE('',*,*,#11536,.F.);
#11536 = EDGE_CURVE('',#11298,#11413,#11537,.T.);
#11537 = CIRCLE('',#11538,1.9);
#11538 = AXIS2_PLACEMENT_3D('',#11539,#11540,#11541);
#11539 = CARTESIAN_POINT('',(0.,0.217,8.));
#11540 = DIRECTION('',(0.,0.,1.));
#11541 = DIRECTION('',(1.,0.,-0.));
#11542 = ORIENTED_EDGE('',*,*,#11305,.T.);
#11543 = ORIENTED_EDGE('',*,*,#10634,.T.);
#11544 = ORIENTED_EDGE('',*,*,#11412,.T.);
#11545 = PLANE('',#11546);
#11546 = AXIS2_PLACEMENT_3D('',#11547,#11548,#11549);
#11547 = CARTESIAN_POINT('',(0.,0.,8.));
#11548 = DIRECTION('',(0.,0.,1.));
#11549 = DIRECTION('',(1.,0.,-0.));
#11550 = ADVANCED_FACE('',(#11551),#11567,.T.);
#11551 = FACE_BOUND('',#11552,.T.);
#11552 = EDGE_LOOP('',(#11553,#11559,#11560,#11566));
#11553 = ORIENTED_EDGE('',*,*,#11554,.T.);
#11554 = EDGE_CURVE('',#11161,#10826,#11555,.T.);
#11555 = LINE('',#11556,#11557);
#11556 = CARTESIAN_POINT('',(3.83,2.,7.9));
#11557 = VECTOR('',#11558,1.);
#11558 = DIRECTION('',(0.,-1.,0.));
#11559 = ORIENTED_EDGE('',*,*,#10825,.T.);
#11560 = ORIENTED_EDGE('',*,*,#11561,.F.);
#11561 = EDGE_CURVE('',#11169,#10828,#11562,.T.);
#11562 = LINE('',#11563,#11564);
#11563 = CARTESIAN_POINT('',(3.83,2.,3.4));
#11564 = VECTOR('',#11565,1.);
#11565 = DIRECTION('',(0.,-1.,0.));
#11566 = ORIENTED_EDGE('',*,*,#11168,.F.);
#11567 = PLANE('',#11568);
#11568 = AXIS2_PLACEMENT_3D('',#11569,#11570,#11571);
#11569 = CARTESIAN_POINT('',(3.83,2.,7.9));
#11570 = DIRECTION('',(1.,0.,0.));
#11571 = DIRECTION('',(0.,0.,-1.));
#11572 = ADVANCED_FACE('',(#11573),#11586,.T.);
#11573 = FACE_BOUND('',#11574,.T.);
#11574 = EDGE_LOOP('',(#11575,#11581,#11582,#11583,#11584,#11585));
#11575 = ORIENTED_EDGE('',*,*,#11576,.T.);
#11576 = EDGE_CURVE('',#11232,#10844,#11577,.T.);
#11577 = LINE('',#11578,#11579);
#11578 = CARTESIAN_POINT('',(6.33,2.,7.9));
#11579 = VECTOR('',#11580,1.);
#11580 = DIRECTION('',(0.,-1.,0.));
#11581 = ORIENTED_EDGE('',*,*,#10851,.T.);
#11582 = ORIENTED_EDGE('',*,*,#11554,.F.);
#11583 = ORIENTED_EDGE('',*,*,#11160,.F.);
#11584 = ORIENTED_EDGE('',*,*,#11145,.F.);
#11585 = ORIENTED_EDGE('',*,*,#11239,.F.);
#11586 = PLANE('',#11587);
#11587 = AXIS2_PLACEMENT_3D('',#11588,#11589,#11590);
#11588 = CARTESIAN_POINT('',(6.33,2.,7.9));
#11589 = DIRECTION('',(-0.,-0.,-1.));
#11590 = DIRECTION('',(-1.,0.,0.));
#11591 = ADVANCED_FACE('',(#11592),#11603,.T.);
#11592 = FACE_BOUND('',#11593,.T.);
#11593 = EDGE_LOOP('',(#11594,#11600,#11601,#11602));
#11594 = ORIENTED_EDGE('',*,*,#11595,.T.);
#11595 = EDGE_CURVE('',#11224,#10836,#11596,.T.);
#11596 = LINE('',#11597,#11598);
#11597 = CARTESIAN_POINT('',(6.33,2.,3.4));
#11598 = VECTOR('',#11599,1.);
#11599 = DIRECTION('',(0.,-1.,0.));
#11600 = ORIENTED_EDGE('',*,*,#10843,.T.);
#11601 = ORIENTED_EDGE('',*,*,#11576,.F.);
#11602 = ORIENTED_EDGE('',*,*,#11231,.F.);
#11603 = PLANE('',#11604);
#11604 = AXIS2_PLACEMENT_3D('',#11605,#11606,#11607);
#11605 = CARTESIAN_POINT('',(6.33,2.,3.4));
#11606 = DIRECTION('',(-1.,0.,0.));
#11607 = DIRECTION('',(0.,0.,1.));
#11608 = ADVANCED_FACE('',(#11609),#11617,.T.);
#11609 = FACE_BOUND('',#11610,.T.);
#11610 = EDGE_LOOP('',(#11611,#11612,#11613,#11614,#11615,#11616));
#11611 = ORIENTED_EDGE('',*,*,#11561,.T.);
#11612 = ORIENTED_EDGE('',*,*,#10835,.T.);
#11613 = ORIENTED_EDGE('',*,*,#11595,.F.);
#11614 = ORIENTED_EDGE('',*,*,#11223,.F.);
#11615 = ORIENTED_EDGE('',*,*,#11197,.F.);
#11616 = ORIENTED_EDGE('',*,*,#11176,.F.);
#11617 = PLANE('',#11618);
#11618 = AXIS2_PLACEMENT_3D('',#11619,#11620,#11621);
#11619 = CARTESIAN_POINT('',(3.83,2.,3.4));
#11620 = DIRECTION('',(-0.,0.,1.));
#11621 = DIRECTION('',(1.,0.,0.));
#11622 = ADVANCED_FACE('',(#11623),#11639,.T.);
#11623 = FACE_BOUND('',#11624,.T.);
#11624 = EDGE_LOOP('',(#11625,#11631,#11632,#11638));
#11625 = ORIENTED_EDGE('',*,*,#11626,.T.);
#11626 = EDGE_CURVE('',#11444,#10937,#11627,.T.);
#11627 = LINE('',#11628,#11629);
#11628 = CARTESIAN_POINT('',(-1.25,2.,7.9));
#11629 = VECTOR('',#11630,1.);
#11630 = DIRECTION('',(0.,-1.,0.));
#11631 = ORIENTED_EDGE('',*,*,#10936,.T.);
#11632 = ORIENTED_EDGE('',*,*,#11633,.F.);
#11633 = EDGE_CURVE('',#11452,#10939,#11634,.T.);
#11634 = LINE('',#11635,#11636);
#11635 = CARTESIAN_POINT('',(-1.25,2.,3.4));
#11636 = VECTOR('',#11637,1.);
#11637 = DIRECTION('',(0.,-1.,0.));
#11638 = ORIENTED_EDGE('',*,*,#11451,.F.);
#11639 = PLANE('',#11640);
#11640 = AXIS2_PLACEMENT_3D('',#11641,#11642,#11643);
#11641 = CARTESIAN_POINT('',(-1.25,2.,7.9));
#11642 = DIRECTION('',(1.,0.,0.));
#11643 = DIRECTION('',(0.,0.,-1.));
#11644 = ADVANCED_FACE('',(#11645),#11658,.T.);
#11645 = FACE_BOUND('',#11646,.T.);
#11646 = EDGE_LOOP('',(#11647,#11653,#11654,#11655,#11656,#11657));
#11647 = ORIENTED_EDGE('',*,*,#11648,.T.);
#11648 = EDGE_CURVE('',#11515,#10955,#11649,.T.);
#11649 = LINE('',#11650,#11651);
#11650 = CARTESIAN_POINT('',(1.25,2.,7.9));
#11651 = VECTOR('',#11652,1.);
#11652 = DIRECTION('',(0.,-1.,0.));
#11653 = ORIENTED_EDGE('',*,*,#10962,.T.);
#11654 = ORIENTED_EDGE('',*,*,#11626,.F.);
#11655 = ORIENTED_EDGE('',*,*,#11443,.F.);
#11656 = ORIENTED_EDGE('',*,*,#11428,.F.);
#11657 = ORIENTED_EDGE('',*,*,#11522,.F.);
#11658 = PLANE('',#11659);
#11659 = AXIS2_PLACEMENT_3D('',#11660,#11661,#11662);
#11660 = CARTESIAN_POINT('',(1.25,2.,7.9));
#11661 = DIRECTION('',(-0.,-0.,-1.));
#11662 = DIRECTION('',(-1.,0.,0.));
#11663 = ADVANCED_FACE('',(#11664),#11675,.T.);
#11664 = FACE_BOUND('',#11665,.T.);
#11665 = EDGE_LOOP('',(#11666,#11672,#11673,#11674));
#11666 = ORIENTED_EDGE('',*,*,#11667,.T.);
#11667 = EDGE_CURVE('',#11507,#10947,#11668,.T.);
#11668 = LINE('',#11669,#11670);
#11669 = CARTESIAN_POINT('',(1.25,2.,3.4));
#11670 = VECTOR('',#11671,1.);
#11671 = DIRECTION('',(0.,-1.,0.));
#11672 = ORIENTED_EDGE('',*,*,#10954,.T.);
#11673 = ORIENTED_EDGE('',*,*,#11648,.F.);
#11674 = ORIENTED_EDGE('',*,*,#11514,.F.);
#11675 = PLANE('',#11676);
#11676 = AXIS2_PLACEMENT_3D('',#11677,#11678,#11679);
#11677 = CARTESIAN_POINT('',(1.25,2.,3.4));
#11678 = DIRECTION('',(-1.,0.,0.));
#11679 = DIRECTION('',(0.,0.,1.));
#11680 = ADVANCED_FACE('',(#11681),#11689,.T.);
#11681 = FACE_BOUND('',#11682,.T.);
#11682 = EDGE_LOOP('',(#11683,#11684,#11685,#11686,#11687,#11688));
#11683 = ORIENTED_EDGE('',*,*,#11633,.T.);
#11684 = ORIENTED_EDGE('',*,*,#10946,.T.);
#11685 = ORIENTED_EDGE('',*,*,#11667,.F.);
#11686 = ORIENTED_EDGE('',*,*,#11506,.F.);
#11687 = ORIENTED_EDGE('',*,*,#11480,.F.);
#11688 = ORIENTED_EDGE('',*,*,#11459,.F.);
#11689 = PLANE('',#11690);
#11690 = AXIS2_PLACEMENT_3D('',#11691,#11692,#11693);
#11691 = CARTESIAN_POINT('',(-1.25,2.,3.4));
#11692 = DIRECTION('',(-0.,0.,1.));
#11693 = DIRECTION('',(1.,0.,0.));
#11694 = ADVANCED_FACE('',(#11695),#11714,.F.);
#11695 = FACE_BOUND('',#11696,.F.);
#11696 = EDGE_LOOP('',(#11697,#11706,#11713));
#11697 = ORIENTED_EDGE('',*,*,#11698,.T.);
#11698 = EDGE_CURVE('',#11007,#11699,#11701,.T.);
#11699 = VERTEX_POINT('',#11700);
#11700 = CARTESIAN_POINT('',(6.98,0.217,8.));
#11701 = CIRCLE('',#11702,1.9);
#11702 = AXIS2_PLACEMENT_3D('',#11703,#11704,#11705);
#11703 = CARTESIAN_POINT('',(5.08,0.217,8.));
#11704 = DIRECTION('',(0.,0.,1.));
#11705 = DIRECTION('',(1.,0.,-0.));
#11706 = ORIENTED_EDGE('',*,*,#11707,.T.);
#11707 = EDGE_CURVE('',#11699,#11015,#11708,.T.);
#11708 = CIRCLE('',#11709,1.9);
#11709 = AXIS2_PLACEMENT_3D('',#11710,#11711,#11712);
#11710 = CARTESIAN_POINT('',(5.08,0.217,8.));
#11711 = DIRECTION('',(0.,0.,1.));
#11712 = DIRECTION('',(1.,0.,-0.));
#11713 = ORIENTED_EDGE('',*,*,#11014,.F.);
#11714 = PLANE('',#11715);
#11715 = AXIS2_PLACEMENT_3D('',#11716,#11717,#11718);
#11716 = CARTESIAN_POINT('',(5.08,0.217,8.));
#11717 = DIRECTION('',(0.,0.,1.));
#11718 = DIRECTION('',(1.,0.,-0.));
#11719 = ADVANCED_FACE('',(#11720),#11825,.T.);
#11720 = FACE_BOUND('',#11721,.T.);
#11721 = EDGE_LOOP('',(#11722,#11733,#11741,#11750,#11758,#11767,#11775,
    #11784,#11792,#11799,#11805,#11806,#11807,#11814,#11815,#11822,
    #11823,#11824));
#11722 = ORIENTED_EDGE('',*,*,#11723,.F.);
#11723 = EDGE_CURVE('',#11724,#11726,#11728,.T.);
#11724 = VERTEX_POINT('',#11725);
#11725 = CARTESIAN_POINT('',(5.43,-1.650484939698,17.8));
#11726 = VERTEX_POINT('',#11727);
#11727 = CARTESIAN_POINT('',(6.98,0.217,17.8));
#11728 = CIRCLE('',#11729,1.9);
#11729 = AXIS2_PLACEMENT_3D('',#11730,#11731,#11732);
#11730 = CARTESIAN_POINT('',(5.08,0.217,17.8));
#11731 = DIRECTION('',(0.,0.,1.));
#11732 = DIRECTION('',(1.,0.,-0.));
#11733 = ORIENTED_EDGE('',*,*,#11734,.T.);
#11734 = EDGE_CURVE('',#11724,#11735,#11737,.T.);
#11735 = VERTEX_POINT('',#11736);
#11736 = CARTESIAN_POINT('',(5.43,-1.650484939698,17.1));
#11737 = LINE('',#11738,#11739);
#11738 = CARTESIAN_POINT('',(5.43,-1.650484939698,8.));
#11739 = VECTOR('',#11740,1.);
#11740 = DIRECTION('',(-0.,-0.,-1.));
#11741 = ORIENTED_EDGE('',*,*,#11742,.T.);
#11742 = EDGE_CURVE('',#11735,#11743,#11745,.T.);
#11743 = VERTEX_POINT('',#11744);
#11744 = CARTESIAN_POINT('',(4.73,-1.650484939698,17.1));
#11745 = CIRCLE('',#11746,1.9);
#11746 = AXIS2_PLACEMENT_3D('',#11747,#11748,#11749);
#11747 = CARTESIAN_POINT('',(5.08,0.217,17.1));
#11748 = DIRECTION('',(0.,0.,-1.));
#11749 = DIRECTION('',(1.,0.,0.));
#11750 = ORIENTED_EDGE('',*,*,#11751,.F.);
#11751 = EDGE_CURVE('',#11752,#11743,#11754,.T.);
#11752 = VERTEX_POINT('',#11753);
#11753 = CARTESIAN_POINT('',(4.73,-1.650484939698,17.8));
#11754 = LINE('',#11755,#11756);
#11755 = CARTESIAN_POINT('',(4.73,-1.650484939698,8.));
#11756 = VECTOR('',#11757,1.);
#11757 = DIRECTION('',(-0.,-0.,-1.));
#11758 = ORIENTED_EDGE('',*,*,#11759,.F.);
#11759 = EDGE_CURVE('',#11760,#11752,#11762,.T.);
#11760 = VERTEX_POINT('',#11761);
#11761 = CARTESIAN_POINT('',(4.73,2.084484939698,17.8));
#11762 = CIRCLE('',#11763,1.9);
#11763 = AXIS2_PLACEMENT_3D('',#11764,#11765,#11766);
#11764 = CARTESIAN_POINT('',(5.08,0.217,17.8));
#11765 = DIRECTION('',(0.,0.,1.));
#11766 = DIRECTION('',(1.,0.,-0.));
#11767 = ORIENTED_EDGE('',*,*,#11768,.T.);
#11768 = EDGE_CURVE('',#11760,#11769,#11771,.T.);
#11769 = VERTEX_POINT('',#11770);
#11770 = CARTESIAN_POINT('',(4.73,2.084484939698,17.1));
#11771 = LINE('',#11772,#11773);
#11772 = CARTESIAN_POINT('',(4.73,2.084484939698,8.));
#11773 = VECTOR('',#11774,1.);
#11774 = DIRECTION('',(-0.,-0.,-1.));
#11775 = ORIENTED_EDGE('',*,*,#11776,.T.);
#11776 = EDGE_CURVE('',#11769,#11777,#11779,.T.);
#11777 = VERTEX_POINT('',#11778);
#11778 = CARTESIAN_POINT('',(5.43,2.084484939698,17.1));
#11779 = CIRCLE('',#11780,1.9);
#11780 = AXIS2_PLACEMENT_3D('',#11781,#11782,#11783);
#11781 = CARTESIAN_POINT('',(5.08,0.217,17.1));
#11782 = DIRECTION('',(0.,0.,-1.));
#11783 = DIRECTION('',(1.,0.,0.));
#11784 = ORIENTED_EDGE('',*,*,#11785,.F.);
#11785 = EDGE_CURVE('',#11786,#11777,#11788,.T.);
#11786 = VERTEX_POINT('',#11787);
#11787 = CARTESIAN_POINT('',(5.43,2.084484939698,17.8));
#11788 = LINE('',#11789,#11790);
#11789 = CARTESIAN_POINT('',(5.43,2.084484939698,8.));
#11790 = VECTOR('',#11791,1.);
#11791 = DIRECTION('',(-0.,-0.,-1.));
#11792 = ORIENTED_EDGE('',*,*,#11793,.F.);
#11793 = EDGE_CURVE('',#11726,#11786,#11794,.T.);
#11794 = CIRCLE('',#11795,1.9);
#11795 = AXIS2_PLACEMENT_3D('',#11796,#11797,#11798);
#11796 = CARTESIAN_POINT('',(5.08,0.217,17.8));
#11797 = DIRECTION('',(0.,0.,1.));
#11798 = DIRECTION('',(1.,0.,-0.));
#11799 = ORIENTED_EDGE('',*,*,#11800,.F.);
#11800 = EDGE_CURVE('',#11699,#11726,#11801,.T.);
#11801 = LINE('',#11802,#11803);
#11802 = CARTESIAN_POINT('',(6.98,0.217,8.));
#11803 = VECTOR('',#11804,1.);
#11804 = DIRECTION('',(0.,0.,1.));
#11805 = ORIENTED_EDGE('',*,*,#11707,.T.);
#11806 = ORIENTED_EDGE('',*,*,#11253,.T.);
#11807 = ORIENTED_EDGE('',*,*,#11808,.T.);
#11808 = EDGE_CURVE('',#11130,#11106,#11809,.T.);
#11809 = CIRCLE('',#11810,1.9);
#11810 = AXIS2_PLACEMENT_3D('',#11811,#11812,#11813);
#11811 = CARTESIAN_POINT('',(5.08,0.217,8.));
#11812 = DIRECTION('',(0.,0.,1.));
#11813 = DIRECTION('',(1.,0.,-0.));
#11814 = ORIENTED_EDGE('',*,*,#11105,.T.);
#11815 = ORIENTED_EDGE('',*,*,#11816,.T.);
#11816 = EDGE_CURVE('',#11064,#11038,#11817,.T.);
#11817 = CIRCLE('',#11818,1.9);
#11818 = AXIS2_PLACEMENT_3D('',#11819,#11820,#11821);
#11819 = CARTESIAN_POINT('',(5.08,0.217,8.));
#11820 = DIRECTION('',(0.,0.,1.));
#11821 = DIRECTION('',(1.,0.,-0.));
#11822 = ORIENTED_EDGE('',*,*,#11037,.T.);
#11823 = ORIENTED_EDGE('',*,*,#11698,.T.);
#11824 = ORIENTED_EDGE('',*,*,#11800,.T.);
#11825 = CYLINDRICAL_SURFACE('',#11826,1.9);
#11826 = AXIS2_PLACEMENT_3D('',#11827,#11828,#11829);
#11827 = CARTESIAN_POINT('',(5.08,0.217,8.));
#11828 = DIRECTION('',(-0.,-0.,-1.));
#11829 = DIRECTION('',(1.,0.,0.));
#11830 = ADVANCED_FACE('',(#11831),#11835,.F.);
#11831 = FACE_BOUND('',#11832,.F.);
#11832 = EDGE_LOOP('',(#11833,#11834));
#11833 = ORIENTED_EDGE('',*,*,#11816,.T.);
#11834 = ORIENTED_EDGE('',*,*,#11071,.F.);
#11835 = PLANE('',#11836);
#11836 = AXIS2_PLACEMENT_3D('',#11837,#11838,#11839);
#11837 = CARTESIAN_POINT('',(5.08,0.217,8.));
#11838 = DIRECTION('',(0.,0.,1.));
#11839 = DIRECTION('',(1.,0.,-0.));
#11840 = ADVANCED_FACE('',(#11841),#11845,.F.);
#11841 = FACE_BOUND('',#11842,.F.);
#11842 = EDGE_LOOP('',(#11843,#11844));
#11843 = ORIENTED_EDGE('',*,*,#11137,.F.);
#11844 = ORIENTED_EDGE('',*,*,#11808,.T.);
#11845 = PLANE('',#11846);
#11846 = AXIS2_PLACEMENT_3D('',#11847,#11848,#11849);
#11847 = CARTESIAN_POINT('',(5.08,0.217,8.));
#11848 = DIRECTION('',(0.,0.,1.));
#11849 = DIRECTION('',(1.,0.,-0.));
#11850 = ADVANCED_FACE('',(#11851),#11870,.F.);
#11851 = FACE_BOUND('',#11852,.F.);
#11852 = EDGE_LOOP('',(#11853,#11862,#11869));
#11853 = ORIENTED_EDGE('',*,*,#11854,.T.);
#11854 = EDGE_CURVE('',#11290,#11855,#11857,.T.);
#11855 = VERTEX_POINT('',#11856);
#11856 = CARTESIAN_POINT('',(1.9,0.217,8.));
#11857 = CIRCLE('',#11858,1.9);
#11858 = AXIS2_PLACEMENT_3D('',#11859,#11860,#11861);
#11859 = CARTESIAN_POINT('',(0.,0.217,8.));
#11860 = DIRECTION('',(0.,0.,1.));
#11861 = DIRECTION('',(1.,0.,-0.));
#11862 = ORIENTED_EDGE('',*,*,#11863,.T.);
#11863 = EDGE_CURVE('',#11855,#11298,#11864,.T.);
#11864 = CIRCLE('',#11865,1.9);
#11865 = AXIS2_PLACEMENT_3D('',#11866,#11867,#11868);
#11866 = CARTESIAN_POINT('',(0.,0.217,8.));
#11867 = DIRECTION('',(0.,0.,1.));
#11868 = DIRECTION('',(1.,0.,-0.));
#11869 = ORIENTED_EDGE('',*,*,#11297,.F.);
#11870 = PLANE('',#11871);
#11871 = AXIS2_PLACEMENT_3D('',#11872,#11873,#11874);
#11872 = CARTESIAN_POINT('',(-1.799263332289E-16,0.217,8.));
#11873 = DIRECTION('',(0.,0.,1.));
#11874 = DIRECTION('',(1.,0.,-0.));
#11875 = ADVANCED_FACE('',(#11876),#11981,.T.);
#11876 = FACE_BOUND('',#11877,.T.);
#11877 = EDGE_LOOP('',(#11878,#11889,#11897,#11906,#11914,#11923,#11931,
    #11940,#11948,#11955,#11961,#11962,#11963,#11970,#11971,#11978,
    #11979,#11980));
#11878 = ORIENTED_EDGE('',*,*,#11879,.F.);
#11879 = EDGE_CURVE('',#11880,#11882,#11884,.T.);
#11880 = VERTEX_POINT('',#11881);
#11881 = CARTESIAN_POINT('',(0.35,-1.650484939698,17.8));
#11882 = VERTEX_POINT('',#11883);
#11883 = CARTESIAN_POINT('',(1.9,0.217,17.8));
#11884 = CIRCLE('',#11885,1.9);
#11885 = AXIS2_PLACEMENT_3D('',#11886,#11887,#11888);
#11886 = CARTESIAN_POINT('',(0.,0.217,17.8));
#11887 = DIRECTION('',(0.,0.,1.));
#11888 = DIRECTION('',(1.,0.,-0.));
#11889 = ORIENTED_EDGE('',*,*,#11890,.T.);
#11890 = EDGE_CURVE('',#11880,#11891,#11893,.T.);
#11891 = VERTEX_POINT('',#11892);
#11892 = CARTESIAN_POINT('',(0.35,-1.650484939698,17.1));
#11893 = LINE('',#11894,#11895);
#11894 = CARTESIAN_POINT('',(0.35,-1.650484939698,8.));
#11895 = VECTOR('',#11896,1.);
#11896 = DIRECTION('',(-0.,-0.,-1.));
#11897 = ORIENTED_EDGE('',*,*,#11898,.T.);
#11898 = EDGE_CURVE('',#11891,#11899,#11901,.T.);
#11899 = VERTEX_POINT('',#11900);
#11900 = CARTESIAN_POINT('',(-0.35,-1.650484939698,17.1));
#11901 = CIRCLE('',#11902,1.9);
#11902 = AXIS2_PLACEMENT_3D('',#11903,#11904,#11905);
#11903 = CARTESIAN_POINT('',(0.,0.217,17.1));
#11904 = DIRECTION('',(0.,0.,-1.));
#11905 = DIRECTION('',(1.,0.,0.));
#11906 = ORIENTED_EDGE('',*,*,#11907,.F.);
#11907 = EDGE_CURVE('',#11908,#11899,#11910,.T.);
#11908 = VERTEX_POINT('',#11909);
#11909 = CARTESIAN_POINT('',(-0.35,-1.650484939698,17.8));
#11910 = LINE('',#11911,#11912);
#11911 = CARTESIAN_POINT('',(-0.35,-1.650484939698,8.));
#11912 = VECTOR('',#11913,1.);
#11913 = DIRECTION('',(-0.,-0.,-1.));
#11914 = ORIENTED_EDGE('',*,*,#11915,.F.);
#11915 = EDGE_CURVE('',#11916,#11908,#11918,.T.);
#11916 = VERTEX_POINT('',#11917);
#11917 = CARTESIAN_POINT('',(-0.35,2.084484939698,17.8));
#11918 = CIRCLE('',#11919,1.9);
#11919 = AXIS2_PLACEMENT_3D('',#11920,#11921,#11922);
#11920 = CARTESIAN_POINT('',(0.,0.217,17.8));
#11921 = DIRECTION('',(0.,0.,1.));
#11922 = DIRECTION('',(1.,0.,-0.));
#11923 = ORIENTED_EDGE('',*,*,#11924,.T.);
#11924 = EDGE_CURVE('',#11916,#11925,#11927,.T.);
#11925 = VERTEX_POINT('',#11926);
#11926 = CARTESIAN_POINT('',(-0.35,2.084484939698,17.1));
#11927 = LINE('',#11928,#11929);
#11928 = CARTESIAN_POINT('',(-0.35,2.084484939698,8.));
#11929 = VECTOR('',#11930,1.);
#11930 = DIRECTION('',(-0.,-0.,-1.));
#11931 = ORIENTED_EDGE('',*,*,#11932,.T.);
#11932 = EDGE_CURVE('',#11925,#11933,#11935,.T.);
#11933 = VERTEX_POINT('',#11934);
#11934 = CARTESIAN_POINT('',(0.35,2.084484939698,17.1));
#11935 = CIRCLE('',#11936,1.9);
#11936 = AXIS2_PLACEMENT_3D('',#11937,#11938,#11939);
#11937 = CARTESIAN_POINT('',(0.,0.217,17.1));
#11938 = DIRECTION('',(0.,0.,-1.));
#11939 = DIRECTION('',(1.,0.,0.));
#11940 = ORIENTED_EDGE('',*,*,#11941,.F.);
#11941 = EDGE_CURVE('',#11942,#11933,#11944,.T.);
#11942 = VERTEX_POINT('',#11943);
#11943 = CARTESIAN_POINT('',(0.35,2.084484939698,17.8));
#11944 = LINE('',#11945,#11946);
#11945 = CARTESIAN_POINT('',(0.35,2.084484939698,8.));
#11946 = VECTOR('',#11947,1.);
#11947 = DIRECTION('',(-0.,-0.,-1.));
#11948 = ORIENTED_EDGE('',*,*,#11949,.F.);
#11949 = EDGE_CURVE('',#11882,#11942,#11950,.T.);
#11950 = CIRCLE('',#11951,1.9);
#11951 = AXIS2_PLACEMENT_3D('',#11952,#11953,#11954);
#11952 = CARTESIAN_POINT('',(0.,0.217,17.8));
#11953 = DIRECTION('',(0.,0.,1.));
#11954 = DIRECTION('',(1.,0.,-0.));
#11955 = ORIENTED_EDGE('',*,*,#11956,.F.);
#11956 = EDGE_CURVE('',#11855,#11882,#11957,.T.);
#11957 = LINE('',#11958,#11959);
#11958 = CARTESIAN_POINT('',(1.9,0.217,8.));
#11959 = VECTOR('',#11960,1.);
#11960 = DIRECTION('',(0.,0.,1.));
#11961 = ORIENTED_EDGE('',*,*,#11863,.T.);
#11962 = ORIENTED_EDGE('',*,*,#11536,.T.);
#11963 = ORIENTED_EDGE('',*,*,#11964,.T.);
#11964 = EDGE_CURVE('',#11413,#11389,#11965,.T.);
#11965 = CIRCLE('',#11966,1.9);
#11966 = AXIS2_PLACEMENT_3D('',#11967,#11968,#11969);
#11967 = CARTESIAN_POINT('',(0.,0.217,8.));
#11968 = DIRECTION('',(0.,0.,1.));
#11969 = DIRECTION('',(1.,0.,-0.));
#11970 = ORIENTED_EDGE('',*,*,#11388,.T.);
#11971 = ORIENTED_EDGE('',*,*,#11972,.T.);
#11972 = EDGE_CURVE('',#11347,#11321,#11973,.T.);
#11973 = CIRCLE('',#11974,1.9);
#11974 = AXIS2_PLACEMENT_3D('',#11975,#11976,#11977);
#11975 = CARTESIAN_POINT('',(0.,0.217,8.));
#11976 = DIRECTION('',(0.,0.,1.));
#11977 = DIRECTION('',(1.,0.,-0.));
#11978 = ORIENTED_EDGE('',*,*,#11320,.T.);
#11979 = ORIENTED_EDGE('',*,*,#11854,.T.);
#11980 = ORIENTED_EDGE('',*,*,#11956,.T.);
#11981 = CYLINDRICAL_SURFACE('',#11982,1.9);
#11982 = AXIS2_PLACEMENT_3D('',#11983,#11984,#11985);
#11983 = CARTESIAN_POINT('',(0.,0.217,8.));
#11984 = DIRECTION('',(-0.,-0.,-1.));
#11985 = DIRECTION('',(1.,0.,0.));
#11986 = ADVANCED_FACE('',(#11987),#11991,.F.);
#11987 = FACE_BOUND('',#11988,.F.);
#11988 = EDGE_LOOP('',(#11989,#11990));
#11989 = ORIENTED_EDGE('',*,*,#11972,.T.);
#11990 = ORIENTED_EDGE('',*,*,#11354,.F.);
#11991 = PLANE('',#11992);
#11992 = AXIS2_PLACEMENT_3D('',#11993,#11994,#11995);
#11993 = CARTESIAN_POINT('',(-1.799263332289E-16,0.217,8.));
#11994 = DIRECTION('',(0.,0.,1.));
#11995 = DIRECTION('',(1.,0.,-0.));
#11996 = ADVANCED_FACE('',(#11997),#12001,.F.);
#11997 = FACE_BOUND('',#11998,.F.);
#11998 = EDGE_LOOP('',(#11999,#12000));
#11999 = ORIENTED_EDGE('',*,*,#11420,.F.);
#12000 = ORIENTED_EDGE('',*,*,#11964,.T.);
#12001 = PLANE('',#12002);
#12002 = AXIS2_PLACEMENT_3D('',#12003,#12004,#12005);
#12003 = CARTESIAN_POINT('',(-1.799263332289E-16,0.217,8.));
#12004 = DIRECTION('',(0.,0.,1.));
#12005 = DIRECTION('',(1.,0.,-0.));
#12006 = ADVANCED_FACE('',(#12007),#12017,.T.);
#12007 = FACE_BOUND('',#12008,.T.);
#12008 = EDGE_LOOP('',(#12009,#12010,#12011));
#12009 = ORIENTED_EDGE('',*,*,#11723,.T.);
#12010 = ORIENTED_EDGE('',*,*,#11793,.T.);
#12011 = ORIENTED_EDGE('',*,*,#12012,.F.);
#12012 = EDGE_CURVE('',#11724,#11786,#12013,.T.);
#12013 = LINE('',#12014,#12015);
#12014 = CARTESIAN_POINT('',(5.43,-1.783,17.8));
#12015 = VECTOR('',#12016,1.);
#12016 = DIRECTION('',(0.,1.,0.));
#12017 = PLANE('',#12018);
#12018 = AXIS2_PLACEMENT_3D('',#12019,#12020,#12021);
#12019 = CARTESIAN_POINT('',(5.08,0.217,17.8));
#12020 = DIRECTION('',(0.,0.,1.));
#12021 = DIRECTION('',(1.,0.,-0.));
#12022 = ADVANCED_FACE('',(#12023),#12034,.F.);
#12023 = FACE_BOUND('',#12024,.F.);
#12024 = EDGE_LOOP('',(#12025,#12026,#12027,#12033));
#12025 = ORIENTED_EDGE('',*,*,#12012,.F.);
#12026 = ORIENTED_EDGE('',*,*,#11734,.T.);
#12027 = ORIENTED_EDGE('',*,*,#12028,.T.);
#12028 = EDGE_CURVE('',#11735,#11777,#12029,.T.);
#12029 = LINE('',#12030,#12031);
#12030 = CARTESIAN_POINT('',(5.43,-1.783,17.1));
#12031 = VECTOR('',#12032,1.);
#12032 = DIRECTION('',(0.,1.,0.));
#12033 = ORIENTED_EDGE('',*,*,#11785,.F.);
#12034 = PLANE('',#12035);
#12035 = AXIS2_PLACEMENT_3D('',#12036,#12037,#12038);
#12036 = CARTESIAN_POINT('',(5.43,-1.783,17.8));
#12037 = DIRECTION('',(1.,0.,0.));
#12038 = DIRECTION('',(-0.,1.,0.));
#12039 = ADVANCED_FACE('',(#12040),#12051,.T.);
#12040 = FACE_BOUND('',#12041,.T.);
#12041 = EDGE_LOOP('',(#12042,#12048,#12049,#12050));
#12042 = ORIENTED_EDGE('',*,*,#12043,.T.);
#12043 = EDGE_CURVE('',#11769,#11743,#12044,.T.);
#12044 = LINE('',#12045,#12046);
#12045 = CARTESIAN_POINT('',(4.73,2.217,17.1));
#12046 = VECTOR('',#12047,1.);
#12047 = DIRECTION('',(0.,-1.,0.));
#12048 = ORIENTED_EDGE('',*,*,#11742,.F.);
#12049 = ORIENTED_EDGE('',*,*,#12028,.T.);
#12050 = ORIENTED_EDGE('',*,*,#11776,.F.);
#12051 = PLANE('',#12052);
#12052 = AXIS2_PLACEMENT_3D('',#12053,#12054,#12055);
#12053 = CARTESIAN_POINT('',(5.08,0.217,17.1));
#12054 = DIRECTION('',(0.,0.,1.));
#12055 = DIRECTION('',(1.,0.,-0.));
#12056 = ADVANCED_FACE('',(#12057),#12068,.F.);
#12057 = FACE_BOUND('',#12058,.F.);
#12058 = EDGE_LOOP('',(#12059,#12065,#12066,#12067));
#12059 = ORIENTED_EDGE('',*,*,#12060,.F.);
#12060 = EDGE_CURVE('',#11760,#11752,#12061,.T.);
#12061 = LINE('',#12062,#12063);
#12062 = CARTESIAN_POINT('',(4.73,2.217,17.8));
#12063 = VECTOR('',#12064,1.);
#12064 = DIRECTION('',(0.,-1.,0.));
#12065 = ORIENTED_EDGE('',*,*,#11768,.T.);
#12066 = ORIENTED_EDGE('',*,*,#12043,.T.);
#12067 = ORIENTED_EDGE('',*,*,#11751,.F.);
#12068 = PLANE('',#12069);
#12069 = AXIS2_PLACEMENT_3D('',#12070,#12071,#12072);
#12070 = CARTESIAN_POINT('',(4.73,2.217,17.8));
#12071 = DIRECTION('',(-1.,0.,0.));
#12072 = DIRECTION('',(0.,-1.,0.));
#12073 = ADVANCED_FACE('',(#12074),#12078,.T.);
#12074 = FACE_BOUND('',#12075,.T.);
#12075 = EDGE_LOOP('',(#12076,#12077));
#12076 = ORIENTED_EDGE('',*,*,#12060,.F.);
#12077 = ORIENTED_EDGE('',*,*,#11759,.T.);
#12078 = PLANE('',#12079);
#12079 = AXIS2_PLACEMENT_3D('',#12080,#12081,#12082);
#12080 = CARTESIAN_POINT('',(5.08,0.217,17.8));
#12081 = DIRECTION('',(0.,0.,1.));
#12082 = DIRECTION('',(1.,0.,-0.));
#12083 = ADVANCED_FACE('',(#12084),#12094,.T.);
#12084 = FACE_BOUND('',#12085,.T.);
#12085 = EDGE_LOOP('',(#12086,#12087,#12088));
#12086 = ORIENTED_EDGE('',*,*,#11879,.T.);
#12087 = ORIENTED_EDGE('',*,*,#11949,.T.);
#12088 = ORIENTED_EDGE('',*,*,#12089,.F.);
#12089 = EDGE_CURVE('',#11880,#11942,#12090,.T.);
#12090 = LINE('',#12091,#12092);
#12091 = CARTESIAN_POINT('',(0.35,-1.783,17.8));
#12092 = VECTOR('',#12093,1.);
#12093 = DIRECTION('',(0.,1.,0.));
#12094 = PLANE('',#12095);
#12095 = AXIS2_PLACEMENT_3D('',#12096,#12097,#12098);
#12096 = CARTESIAN_POINT('',(-1.799263332289E-16,0.217,17.8));
#12097 = DIRECTION('',(0.,0.,1.));
#12098 = DIRECTION('',(1.,0.,-0.));
#12099 = ADVANCED_FACE('',(#12100),#12111,.F.);
#12100 = FACE_BOUND('',#12101,.F.);
#12101 = EDGE_LOOP('',(#12102,#12103,#12104,#12110));
#12102 = ORIENTED_EDGE('',*,*,#12089,.F.);
#12103 = ORIENTED_EDGE('',*,*,#11890,.T.);
#12104 = ORIENTED_EDGE('',*,*,#12105,.T.);
#12105 = EDGE_CURVE('',#11891,#11933,#12106,.T.);
#12106 = LINE('',#12107,#12108);
#12107 = CARTESIAN_POINT('',(0.35,-1.783,17.1));
#12108 = VECTOR('',#12109,1.);
#12109 = DIRECTION('',(0.,1.,0.));
#12110 = ORIENTED_EDGE('',*,*,#11941,.F.);
#12111 = PLANE('',#12112);
#12112 = AXIS2_PLACEMENT_3D('',#12113,#12114,#12115);
#12113 = CARTESIAN_POINT('',(0.35,-1.783,17.8));
#12114 = DIRECTION('',(1.,0.,0.));
#12115 = DIRECTION('',(-0.,1.,0.));
#12116 = ADVANCED_FACE('',(#12117),#12128,.T.);
#12117 = FACE_BOUND('',#12118,.T.);
#12118 = EDGE_LOOP('',(#12119,#12125,#12126,#12127));
#12119 = ORIENTED_EDGE('',*,*,#12120,.T.);
#12120 = EDGE_CURVE('',#11925,#11899,#12121,.T.);
#12121 = LINE('',#12122,#12123);
#12122 = CARTESIAN_POINT('',(-0.35,2.217,17.1));
#12123 = VECTOR('',#12124,1.);
#12124 = DIRECTION('',(0.,-1.,0.));
#12125 = ORIENTED_EDGE('',*,*,#11898,.F.);
#12126 = ORIENTED_EDGE('',*,*,#12105,.T.);
#12127 = ORIENTED_EDGE('',*,*,#11932,.F.);
#12128 = PLANE('',#12129);
#12129 = AXIS2_PLACEMENT_3D('',#12130,#12131,#12132);
#12130 = CARTESIAN_POINT('',(0.,0.217,17.1));
#12131 = DIRECTION('',(0.,0.,1.));
#12132 = DIRECTION('',(1.,0.,-0.));
#12133 = ADVANCED_FACE('',(#12134),#12145,.F.);
#12134 = FACE_BOUND('',#12135,.F.);
#12135 = EDGE_LOOP('',(#12136,#12142,#12143,#12144));
#12136 = ORIENTED_EDGE('',*,*,#12137,.F.);
#12137 = EDGE_CURVE('',#11916,#11908,#12138,.T.);
#12138 = LINE('',#12139,#12140);
#12139 = CARTESIAN_POINT('',(-0.35,2.217,17.8));
#12140 = VECTOR('',#12141,1.);
#12141 = DIRECTION('',(0.,-1.,0.));
#12142 = ORIENTED_EDGE('',*,*,#11924,.T.);
#12143 = ORIENTED_EDGE('',*,*,#12120,.T.);
#12144 = ORIENTED_EDGE('',*,*,#11907,.F.);
#12145 = PLANE('',#12146);
#12146 = AXIS2_PLACEMENT_3D('',#12147,#12148,#12149);
#12147 = CARTESIAN_POINT('',(-0.35,2.217,17.8));
#12148 = DIRECTION('',(-1.,0.,0.));
#12149 = DIRECTION('',(0.,-1.,0.));
#12150 = ADVANCED_FACE('',(#12151),#12155,.T.);
#12151 = FACE_BOUND('',#12152,.T.);
#12152 = EDGE_LOOP('',(#12153,#12154));
#12153 = ORIENTED_EDGE('',*,*,#12137,.F.);
#12154 = ORIENTED_EDGE('',*,*,#11915,.T.);
#12155 = PLANE('',#12156);
#12156 = AXIS2_PLACEMENT_3D('',#12157,#12158,#12159);
#12157 = CARTESIAN_POINT('',(-1.799263332289E-16,0.217,17.8));
#12158 = DIRECTION('',(0.,0.,1.));
#12159 = DIRECTION('',(1.,0.,-0.));
#12160 = ( GEOMETRIC_REPRESENTATION_CONTEXT(3) 
GLOBAL_UNCERTAINTY_ASSIGNED_CONTEXT((#12164)) 
GLOBAL_UNIT_ASSIGNED_CONTEXT((#12161,#12162,#12163)) 
REPRESENTATION_CONTEXT('Context #1',
  '3D Context with UNIT and UNCERTAINTY') );
#12161 = ( LENGTH_UNIT() NAMED_UNIT(*) SI_UNIT(.MILLI.,.METRE.) );
#12162 = ( NAMED_UNIT(*) PLANE_ANGLE_UNIT() SI_UNIT($,.RADIAN.) );
#12163 = ( NAMED_UNIT(*) SI_UNIT($,.STERADIAN.) SOLID_ANGLE_UNIT() );
#12164 = UNCERTAINTY_MEASURE_WITH_UNIT(LENGTH_MEASURE(1.E-07),#12161,
  'distance_accuracy_value','confusion accuracy');
#12165 = CONTEXT_DEPENDENT_SHAPE_REPRESENTATION(#12166,#12168);
#12166 = ( REPRESENTATION_RELATIONSHIP('','',#9307,#9284) 
REPRESENTATION_RELATIONSHIP_WITH_TRANSFORMATION(#12167) 
SHAPE_REPRESENTATION_RELATIONSHIP() );
#12167 = ITEM_DEFINED_TRANSFORMATION('','',#11,#9285);
#12168 = PRODUCT_DEFINITION_SHAPE('Placement','Placement of an item',
  #12169);
#12169 = NEXT_ASSEMBLY_USAGE_OCCURRENCE('31','=>[0:1:1:11]','',#9279,
  #9302,$);
#12170 = PRODUCT_RELATED_PRODUCT_CATEGORY('part',$,(#9304));
#12171 = SHAPE_DEFINITION_REPRESENTATION(#12172,#12178);
#12172 = PRODUCT_DEFINITION_SHAPE('','',#12173);
#12173 = PRODUCT_DEFINITION('design','',#12174,#12177);
#12174 = PRODUCT_DEFINITION_FORMATION('','',#12175);
#12175 = PRODUCT('detector-power_PCB','detector-power_PCB','',(#12176));
#12176 = PRODUCT_CONTEXT('',#2,'mechanical');
#12177 = PRODUCT_DEFINITION_CONTEXT('part definition',#2,'design');
#12178 = ADVANCED_BREP_SHAPE_REPRESENTATION('',(#11,#12179),#16291);
#12179 = MANIFOLD_SOLID_BREP('',#12180);
#12180 = CLOSED_SHELL('',(#12181,#12223,#12254,#12285,#13415,#14545,
    #14562,#14579,#14596,#14613,#14625,#14642,#14659,#14676,#14693,
    #14710,#14727,#14744,#14761,#14778,#14795,#14812,#14829,#14846,
    #14863,#14880,#14897,#14914,#14931,#14948,#14965,#14982,#14999,
    #15016,#15033,#15050,#15067,#15084,#15101,#15118,#15135,#15152,
    #15169,#15186,#15203,#15220,#15237,#15254,#15271,#15288,#15305,
    #15322,#15339,#15356,#15373,#15390,#15407,#15424,#15441,#15458,
    #15475,#15492,#15509,#15526,#15543,#15560,#15577,#15594,#15611,
    #15628,#15645,#15662,#15679,#15696,#15713,#15730,#15747,#15764,
    #15781,#15798,#15815,#15832,#15849,#15866,#15883,#15900,#15917,
    #15934,#15951,#15968,#15985,#16002,#16019,#16036,#16053,#16070,
    #16087,#16104,#16121,#16138,#16155,#16172,#16189,#16206,#16223,
    #16240,#16257,#16274));
#12181 = ADVANCED_FACE('',(#12182),#12218,.T.);
#12182 = FACE_BOUND('',#12183,.T.);
#12183 = EDGE_LOOP('',(#12184,#12194,#12203,#12211));
#12184 = ORIENTED_EDGE('',*,*,#12185,.T.);
#12185 = EDGE_CURVE('',#12186,#12188,#12190,.T.);
#12186 = VERTEX_POINT('',#12187);
#12187 = CARTESIAN_POINT('',(142.8,-57.445,0.));
#12188 = VERTEX_POINT('',#12189);
#12189 = CARTESIAN_POINT('',(142.8,-57.445,1.51));
#12190 = LINE('',#12191,#12192);
#12191 = CARTESIAN_POINT('',(142.8,-57.445,0.));
#12192 = VECTOR('',#12193,1.);
#12193 = DIRECTION('',(0.,0.,1.));
#12194 = ORIENTED_EDGE('',*,*,#12195,.T.);
#12195 = EDGE_CURVE('',#12188,#12196,#12198,.T.);
#12196 = VERTEX_POINT('',#12197);
#12197 = CARTESIAN_POINT('',(147.8,-62.445,1.51));
#12198 = CIRCLE('',#12199,4.999999678834);
#12199 = AXIS2_PLACEMENT_3D('',#12200,#12201,#12202);
#12200 = CARTESIAN_POINT('',(142.80000032116,-62.44499967883,1.51));
#12201 = DIRECTION('',(0.,0.,-1.));
#12202 = DIRECTION('',(-6.423313565071E-08,1.,0.));
#12203 = ORIENTED_EDGE('',*,*,#12204,.F.);
#12204 = EDGE_CURVE('',#12205,#12196,#12207,.T.);
#12205 = VERTEX_POINT('',#12206);
#12206 = CARTESIAN_POINT('',(147.8,-62.445,0.));
#12207 = LINE('',#12208,#12209);
#12208 = CARTESIAN_POINT('',(147.8,-62.445,0.));
#12209 = VECTOR('',#12210,1.);
#12210 = DIRECTION('',(0.,0.,1.));
#12211 = ORIENTED_EDGE('',*,*,#12212,.F.);
#12212 = EDGE_CURVE('',#12186,#12205,#12213,.T.);
#12213 = CIRCLE('',#12214,4.999999678834);
#12214 = AXIS2_PLACEMENT_3D('',#12215,#12216,#12217);
#12215 = CARTESIAN_POINT('',(142.80000032116,-62.44499967883,0.));
#12216 = DIRECTION('',(0.,0.,-1.));
#12217 = DIRECTION('',(-6.423313565071E-08,1.,0.));
#12218 = CYLINDRICAL_SURFACE('',#12219,4.999999678834);
#12219 = AXIS2_PLACEMENT_3D('',#12220,#12221,#12222);
#12220 = CARTESIAN_POINT('',(142.80000032116,-62.44499967883,0.));
#12221 = DIRECTION('',(0.,0.,-1.));
#12222 = DIRECTION('',(-6.423313565071E-08,1.,0.));
#12223 = ADVANCED_FACE('',(#12224),#12249,.T.);
#12224 = FACE_BOUND('',#12225,.T.);
#12225 = EDGE_LOOP('',(#12226,#12236,#12242,#12243));
#12226 = ORIENTED_EDGE('',*,*,#12227,.T.);
#12227 = EDGE_CURVE('',#12228,#12230,#12232,.T.);
#12228 = VERTEX_POINT('',#12229);
#12229 = CARTESIAN_POINT('',(115.8,-57.445,0.));
#12230 = VERTEX_POINT('',#12231);
#12231 = CARTESIAN_POINT('',(115.8,-57.445,1.51));
#12232 = LINE('',#12233,#12234);
#12233 = CARTESIAN_POINT('',(115.8,-57.445,0.));
#12234 = VECTOR('',#12235,1.);
#12235 = DIRECTION('',(0.,0.,1.));
#12236 = ORIENTED_EDGE('',*,*,#12237,.T.);
#12237 = EDGE_CURVE('',#12230,#12188,#12238,.T.);
#12238 = LINE('',#12239,#12240);
#12239 = CARTESIAN_POINT('',(115.8,-57.445,1.51));
#12240 = VECTOR('',#12241,1.);
#12241 = DIRECTION('',(1.,0.,0.));
#12242 = ORIENTED_EDGE('',*,*,#12185,.F.);
#12243 = ORIENTED_EDGE('',*,*,#12244,.F.);
#12244 = EDGE_CURVE('',#12228,#12186,#12245,.T.);
#12245 = LINE('',#12246,#12247);
#12246 = CARTESIAN_POINT('',(115.8,-57.445,0.));
#12247 = VECTOR('',#12248,1.);
#12248 = DIRECTION('',(1.,0.,0.));
#12249 = PLANE('',#12250);
#12250 = AXIS2_PLACEMENT_3D('',#12251,#12252,#12253);
#12251 = CARTESIAN_POINT('',(115.8,-57.445,0.));
#12252 = DIRECTION('',(0.,1.,0.));
#12253 = DIRECTION('',(1.,0.,0.));
#12254 = ADVANCED_FACE('',(#12255),#12280,.T.);
#12255 = FACE_BOUND('',#12256,.T.);
#12256 = EDGE_LOOP('',(#12257,#12258,#12266,#12274));
#12257 = ORIENTED_EDGE('',*,*,#12204,.T.);
#12258 = ORIENTED_EDGE('',*,*,#12259,.T.);
#12259 = EDGE_CURVE('',#12196,#12260,#12262,.T.);
#12260 = VERTEX_POINT('',#12261);
#12261 = CARTESIAN_POINT('',(147.8,-104.955,1.51));
#12262 = LINE('',#12263,#12264);
#12263 = CARTESIAN_POINT('',(147.8,-62.445,1.51));
#12264 = VECTOR('',#12265,1.);
#12265 = DIRECTION('',(0.,-1.,0.));
#12266 = ORIENTED_EDGE('',*,*,#12267,.F.);
#12267 = EDGE_CURVE('',#12268,#12260,#12270,.T.);
#12268 = VERTEX_POINT('',#12269);
#12269 = CARTESIAN_POINT('',(147.8,-104.955,0.));
#12270 = LINE('',#12271,#12272);
#12271 = CARTESIAN_POINT('',(147.8,-104.955,0.));
#12272 = VECTOR('',#12273,1.);
#12273 = DIRECTION('',(0.,0.,1.));
#12274 = ORIENTED_EDGE('',*,*,#12275,.F.);
#12275 = EDGE_CURVE('',#12205,#12268,#12276,.T.);
#12276 = LINE('',#12277,#12278);
#12277 = CARTESIAN_POINT('',(147.8,-62.445,0.));
#12278 = VECTOR('',#12279,1.);
#12279 = DIRECTION('',(0.,-1.,0.));
#12280 = PLANE('',#12281);
#12281 = AXIS2_PLACEMENT_3D('',#12282,#12283,#12284);
#12282 = CARTESIAN_POINT('',(147.8,-62.445,0.));
#12283 = DIRECTION('',(1.,0.,-0.));
#12284 = DIRECTION('',(0.,-1.,0.));
#12285 = ADVANCED_FACE('',(#12286,#12332,#12343,#12354,#12365,#12376,
    #12387,#12398,#12409,#12420,#12431,#12442,#12453,#12464,#12475,
    #12486,#12497,#12508,#12519,#12530,#12541,#12552,#12563,#12574,
    #12585,#12596,#12607,#12618,#12629,#12640,#12651,#12662,#12673,
    #12684,#12695,#12706,#12717,#12728,#12739,#12750,#12761,#12772,
    #12783,#12794,#12805,#12816,#12827,#12838,#12849,#12860,#12871,
    #12882,#12893,#12904,#12915,#12926,#12937,#12948,#12959,#12970,
    #12981,#12992,#13003,#13014,#13025,#13036,#13047,#13058,#13069,
    #13080,#13091,#13102,#13113,#13124,#13135,#13146,#13157,#13168,
    #13179,#13190,#13201,#13212,#13223,#13234,#13245,#13256,#13267,
    #13278,#13289,#13300,#13311,#13322,#13333,#13344,#13355,#13366,
    #13377,#13388,#13399),#13410,.F.);
#12286 = FACE_BOUND('',#12287,.F.);
#12287 = EDGE_LOOP('',(#12288,#12289,#12290,#12299,#12307,#12316,#12324,
    #12331));
#12288 = ORIENTED_EDGE('',*,*,#12212,.F.);
#12289 = ORIENTED_EDGE('',*,*,#12244,.F.);
#12290 = ORIENTED_EDGE('',*,*,#12291,.F.);
#12291 = EDGE_CURVE('',#12292,#12228,#12294,.T.);
#12292 = VERTEX_POINT('',#12293);
#12293 = CARTESIAN_POINT('',(110.8,-62.445,0.));
#12294 = CIRCLE('',#12295,4.999999678834);
#12295 = AXIS2_PLACEMENT_3D('',#12296,#12297,#12298);
#12296 = CARTESIAN_POINT('',(115.79999967883,-62.44499967883,0.));
#12297 = DIRECTION('',(0.,0.,-1.));
#12298 = DIRECTION('',(-1.,-6.423314275614E-08,-0.));
#12299 = ORIENTED_EDGE('',*,*,#12300,.F.);
#12300 = EDGE_CURVE('',#12301,#12292,#12303,.T.);
#12301 = VERTEX_POINT('',#12302);
#12302 = CARTESIAN_POINT('',(110.8,-104.955,0.));
#12303 = LINE('',#12304,#12305);
#12304 = CARTESIAN_POINT('',(110.8,-104.955,0.));
#12305 = VECTOR('',#12306,1.);
#12306 = DIRECTION('',(0.,1.,0.));
#12307 = ORIENTED_EDGE('',*,*,#12308,.F.);
#12308 = EDGE_CURVE('',#12309,#12301,#12311,.T.);
#12309 = VERTEX_POINT('',#12310);
#12310 = CARTESIAN_POINT('',(115.8,-109.955,0.));
#12311 = CIRCLE('',#12312,4.999999678834);
#12312 = AXIS2_PLACEMENT_3D('',#12313,#12314,#12315);
#12313 = CARTESIAN_POINT('',(115.79999967883,-104.9550003211,0.));
#12314 = DIRECTION('',(0.,0.,-1.));
#12315 = DIRECTION('',(6.423314417722E-08,-1.,0.));
#12316 = ORIENTED_EDGE('',*,*,#12317,.F.);
#12317 = EDGE_CURVE('',#12318,#12309,#12320,.T.);
#12318 = VERTEX_POINT('',#12319);
#12319 = CARTESIAN_POINT('',(142.8,-109.955,0.));
#12320 = LINE('',#12321,#12322);
#12321 = CARTESIAN_POINT('',(142.8,-109.955,0.));
#12322 = VECTOR('',#12323,1.);
#12323 = DIRECTION('',(-1.,0.,0.));
#12324 = ORIENTED_EDGE('',*,*,#12325,.F.);
#12325 = EDGE_CURVE('',#12268,#12318,#12326,.T.);
#12326 = CIRCLE('',#12327,4.999999678834);
#12327 = AXIS2_PLACEMENT_3D('',#12328,#12329,#12330);
#12328 = CARTESIAN_POINT('',(142.80000032116,-104.9550003211,0.));
#12329 = DIRECTION('',(0.,0.,-1.));
#12330 = DIRECTION('',(1.,6.423313849288E-08,0.));
#12331 = ORIENTED_EDGE('',*,*,#12275,.F.);
#12332 = FACE_BOUND('',#12333,.F.);
#12333 = EDGE_LOOP('',(#12334));
#12334 = ORIENTED_EDGE('',*,*,#12335,.T.);
#12335 = EDGE_CURVE('',#12336,#12336,#12338,.T.);
#12336 = VERTEX_POINT('',#12337);
#12337 = CARTESIAN_POINT('',(115.,-106.89,0.));
#12338 = CIRCLE('',#12339,1.6);
#12339 = AXIS2_PLACEMENT_3D('',#12340,#12341,#12342);
#12340 = CARTESIAN_POINT('',(115.,-105.29,0.));
#12341 = DIRECTION('',(-0.,0.,-1.));
#12342 = DIRECTION('',(-0.,-1.,0.));
#12343 = FACE_BOUND('',#12344,.F.);
#12344 = EDGE_LOOP('',(#12345));
#12345 = ORIENTED_EDGE('',*,*,#12346,.T.);
#12346 = EDGE_CURVE('',#12347,#12347,#12349,.T.);
#12347 = VERTEX_POINT('',#12348);
#12348 = CARTESIAN_POINT('',(120.46,-92.14,0.));
#12349 = CIRCLE('',#12350,0.15);
#12350 = AXIS2_PLACEMENT_3D('',#12351,#12352,#12353);
#12351 = CARTESIAN_POINT('',(120.46,-91.99,0.));
#12352 = DIRECTION('',(-0.,0.,-1.));
#12353 = DIRECTION('',(-9.473903143469E-14,-1.,0.));
#12354 = FACE_BOUND('',#12355,.F.);
#12355 = EDGE_LOOP('',(#12356));
#12356 = ORIENTED_EDGE('',*,*,#12357,.T.);
#12357 = EDGE_CURVE('',#12358,#12358,#12360,.T.);
#12358 = VERTEX_POINT('',#12359);
#12359 = CARTESIAN_POINT('',(121.97,-90.42,0.));
#12360 = CIRCLE('',#12361,0.15);
#12361 = AXIS2_PLACEMENT_3D('',#12362,#12363,#12364);
#12362 = CARTESIAN_POINT('',(121.97,-90.27,0.));
#12363 = DIRECTION('',(-0.,0.,-1.));
#12364 = DIRECTION('',(-0.,-1.,0.));
#12365 = FACE_BOUND('',#12366,.F.);
#12366 = EDGE_LOOP('',(#12367));
#12367 = ORIENTED_EDGE('',*,*,#12368,.T.);
#12368 = EDGE_CURVE('',#12369,#12369,#12371,.T.);
#12369 = VERTEX_POINT('',#12370);
#12370 = CARTESIAN_POINT('',(125.36,-90.79,0.));
#12371 = CIRCLE('',#12372,0.15);
#12372 = AXIS2_PLACEMENT_3D('',#12373,#12374,#12375);
#12373 = CARTESIAN_POINT('',(125.36,-90.64,0.));
#12374 = DIRECTION('',(-0.,0.,-1.));
#12375 = DIRECTION('',(-0.,-1.,0.));
#12376 = FACE_BOUND('',#12377,.F.);
#12377 = EDGE_LOOP('',(#12378));
#12378 = ORIENTED_EDGE('',*,*,#12379,.T.);
#12379 = EDGE_CURVE('',#12380,#12380,#12382,.T.);
#12380 = VERTEX_POINT('',#12381);
#12381 = CARTESIAN_POINT('',(126.5,-92.74,0.));
#12382 = CIRCLE('',#12383,0.15);
#12383 = AXIS2_PLACEMENT_3D('',#12384,#12385,#12386);
#12384 = CARTESIAN_POINT('',(126.5,-92.59,0.));
#12385 = DIRECTION('',(-0.,0.,-1.));
#12386 = DIRECTION('',(-0.,-1.,0.));
#12387 = FACE_BOUND('',#12388,.F.);
#12388 = EDGE_LOOP('',(#12389));
#12389 = ORIENTED_EDGE('',*,*,#12390,.T.);
#12390 = EDGE_CURVE('',#12391,#12391,#12393,.T.);
#12391 = VERTEX_POINT('',#12392);
#12392 = CARTESIAN_POINT('',(127.,-87.15,0.));
#12393 = CIRCLE('',#12394,0.15);
#12394 = AXIS2_PLACEMENT_3D('',#12395,#12396,#12397);
#12395 = CARTESIAN_POINT('',(127.,-87.,0.));
#12396 = DIRECTION('',(-0.,0.,-1.));
#12397 = DIRECTION('',(-0.,-1.,0.));
#12398 = FACE_BOUND('',#12399,.F.);
#12399 = EDGE_LOOP('',(#12400));
#12400 = ORIENTED_EDGE('',*,*,#12401,.T.);
#12401 = EDGE_CURVE('',#12402,#12402,#12404,.T.);
#12402 = VERTEX_POINT('',#12403);
#12403 = CARTESIAN_POINT('',(137.18,-95.46,0.));
#12404 = CIRCLE('',#12405,0.15);
#12405 = AXIS2_PLACEMENT_3D('',#12406,#12407,#12408);
#12406 = CARTESIAN_POINT('',(137.18,-95.31,0.));
#12407 = DIRECTION('',(-0.,0.,-1.));
#12408 = DIRECTION('',(-0.,-1.,0.));
#12409 = FACE_BOUND('',#12410,.F.);
#12410 = EDGE_LOOP('',(#12411));
#12411 = ORIENTED_EDGE('',*,*,#12412,.T.);
#12412 = EDGE_CURVE('',#12413,#12413,#12415,.T.);
#12413 = VERTEX_POINT('',#12414);
#12414 = CARTESIAN_POINT('',(143.62,-106.89,0.));
#12415 = CIRCLE('',#12416,1.6);
#12416 = AXIS2_PLACEMENT_3D('',#12417,#12418,#12419);
#12417 = CARTESIAN_POINT('',(143.62,-105.29,0.));
#12418 = DIRECTION('',(-0.,0.,-1.));
#12419 = DIRECTION('',(-0.,-1.,0.));
#12420 = FACE_BOUND('',#12421,.F.);
#12421 = EDGE_LOOP('',(#12422));
#12422 = ORIENTED_EDGE('',*,*,#12423,.T.);
#12423 = EDGE_CURVE('',#12424,#12424,#12426,.T.);
#12424 = VERTEX_POINT('',#12425);
#12425 = CARTESIAN_POINT('',(141.59125,-96.87125,0.));
#12426 = CIRCLE('',#12427,1.E-01);
#12427 = AXIS2_PLACEMENT_3D('',#12428,#12429,#12430);
#12428 = CARTESIAN_POINT('',(141.59125,-96.77125,0.));
#12429 = DIRECTION('',(-0.,0.,-1.));
#12430 = DIRECTION('',(-0.,-1.,0.));
#12431 = FACE_BOUND('',#12432,.F.);
#12432 = EDGE_LOOP('',(#12433));
#12433 = ORIENTED_EDGE('',*,*,#12434,.T.);
#12434 = EDGE_CURVE('',#12435,#12435,#12437,.T.);
#12435 = VERTEX_POINT('',#12436);
#12436 = CARTESIAN_POINT('',(141.59125,-95.87125,0.));
#12437 = CIRCLE('',#12438,1.E-01);
#12438 = AXIS2_PLACEMENT_3D('',#12439,#12440,#12441);
#12439 = CARTESIAN_POINT('',(141.59125,-95.77125,0.));
#12440 = DIRECTION('',(-0.,0.,-1.));
#12441 = DIRECTION('',(-0.,-1.,0.));
#12442 = FACE_BOUND('',#12443,.F.);
#12443 = EDGE_LOOP('',(#12444));
#12444 = ORIENTED_EDGE('',*,*,#12445,.T.);
#12445 = EDGE_CURVE('',#12446,#12446,#12448,.T.);
#12446 = VERTEX_POINT('',#12447);
#12447 = CARTESIAN_POINT('',(142.59125,-96.87125,0.));
#12448 = CIRCLE('',#12449,1.E-01);
#12449 = AXIS2_PLACEMENT_3D('',#12450,#12451,#12452);
#12450 = CARTESIAN_POINT('',(142.59125,-96.77125,0.));
#12451 = DIRECTION('',(-0.,0.,-1.));
#12452 = DIRECTION('',(-0.,-1.,0.));
#12453 = FACE_BOUND('',#12454,.F.);
#12454 = EDGE_LOOP('',(#12455));
#12455 = ORIENTED_EDGE('',*,*,#12456,.T.);
#12456 = EDGE_CURVE('',#12457,#12457,#12459,.T.);
#12457 = VERTEX_POINT('',#12458);
#12458 = CARTESIAN_POINT('',(143.59125,-96.87125,0.));
#12459 = CIRCLE('',#12460,1.E-01);
#12460 = AXIS2_PLACEMENT_3D('',#12461,#12462,#12463);
#12461 = CARTESIAN_POINT('',(143.59125,-96.77125,0.));
#12462 = DIRECTION('',(-0.,0.,-1.));
#12463 = DIRECTION('',(-0.,-1.,0.));
#12464 = FACE_BOUND('',#12465,.F.);
#12465 = EDGE_LOOP('',(#12466));
#12466 = ORIENTED_EDGE('',*,*,#12467,.T.);
#12467 = EDGE_CURVE('',#12468,#12468,#12470,.T.);
#12468 = VERTEX_POINT('',#12469);
#12469 = CARTESIAN_POINT('',(142.59125,-95.87125,0.));
#12470 = CIRCLE('',#12471,1.E-01);
#12471 = AXIS2_PLACEMENT_3D('',#12472,#12473,#12474);
#12472 = CARTESIAN_POINT('',(142.59125,-95.77125,0.));
#12473 = DIRECTION('',(-0.,0.,-1.));
#12474 = DIRECTION('',(-0.,-1.,0.));
#12475 = FACE_BOUND('',#12476,.F.);
#12476 = EDGE_LOOP('',(#12477));
#12477 = ORIENTED_EDGE('',*,*,#12478,.T.);
#12478 = EDGE_CURVE('',#12479,#12479,#12481,.T.);
#12479 = VERTEX_POINT('',#12480);
#12480 = CARTESIAN_POINT('',(143.59125,-95.87125,0.));
#12481 = CIRCLE('',#12482,1.E-01);
#12482 = AXIS2_PLACEMENT_3D('',#12483,#12484,#12485);
#12483 = CARTESIAN_POINT('',(143.59125,-95.77125,0.));
#12484 = DIRECTION('',(-0.,0.,-1.));
#12485 = DIRECTION('',(-0.,-1.,0.));
#12486 = FACE_BOUND('',#12487,.F.);
#12487 = EDGE_LOOP('',(#12488));
#12488 = ORIENTED_EDGE('',*,*,#12489,.T.);
#12489 = EDGE_CURVE('',#12490,#12490,#12492,.T.);
#12490 = VERTEX_POINT('',#12491);
#12491 = CARTESIAN_POINT('',(146.01,-95.9,0.));
#12492 = CIRCLE('',#12493,0.15);
#12493 = AXIS2_PLACEMENT_3D('',#12494,#12495,#12496);
#12494 = CARTESIAN_POINT('',(146.01,-95.75,0.));
#12495 = DIRECTION('',(-0.,0.,-1.));
#12496 = DIRECTION('',(-0.,-1.,0.));
#12497 = FACE_BOUND('',#12498,.F.);
#12498 = EDGE_LOOP('',(#12499));
#12499 = ORIENTED_EDGE('',*,*,#12500,.T.);
#12500 = EDGE_CURVE('',#12501,#12501,#12503,.T.);
#12501 = VERTEX_POINT('',#12502);
#12502 = CARTESIAN_POINT('',(133.39,-93.19,0.));
#12503 = CIRCLE('',#12504,0.15);
#12504 = AXIS2_PLACEMENT_3D('',#12505,#12506,#12507);
#12505 = CARTESIAN_POINT('',(133.39,-93.04,0.));
#12506 = DIRECTION('',(-0.,0.,-1.));
#12507 = DIRECTION('',(-0.,-1.,0.));
#12508 = FACE_BOUND('',#12509,.F.);
#12509 = EDGE_LOOP('',(#12510));
#12510 = ORIENTED_EDGE('',*,*,#12511,.T.);
#12511 = EDGE_CURVE('',#12512,#12512,#12514,.T.);
#12512 = VERTEX_POINT('',#12513);
#12513 = CARTESIAN_POINT('',(132.47,-89.66,0.));
#12514 = CIRCLE('',#12515,0.15);
#12515 = AXIS2_PLACEMENT_3D('',#12516,#12517,#12518);
#12516 = CARTESIAN_POINT('',(132.47,-89.51,0.));
#12517 = DIRECTION('',(-0.,0.,-1.));
#12518 = DIRECTION('',(-0.,-1.,0.));
#12519 = FACE_BOUND('',#12520,.F.);
#12520 = EDGE_LOOP('',(#12521));
#12521 = ORIENTED_EDGE('',*,*,#12522,.T.);
#12522 = EDGE_CURVE('',#12523,#12523,#12525,.T.);
#12523 = VERTEX_POINT('',#12524);
#12524 = CARTESIAN_POINT('',(135.58,-92.46,0.));
#12525 = CIRCLE('',#12526,0.15);
#12526 = AXIS2_PLACEMENT_3D('',#12527,#12528,#12529);
#12527 = CARTESIAN_POINT('',(135.58,-92.31,0.));
#12528 = DIRECTION('',(-0.,0.,-1.));
#12529 = DIRECTION('',(1.894780628693E-13,-1.,-0.));
#12530 = FACE_BOUND('',#12531,.F.);
#12531 = EDGE_LOOP('',(#12532));
#12532 = ORIENTED_EDGE('',*,*,#12533,.T.);
#12533 = EDGE_CURVE('',#12534,#12534,#12536,.T.);
#12534 = VERTEX_POINT('',#12535);
#12535 = CARTESIAN_POINT('',(136.86,-90.91,0.));
#12536 = CIRCLE('',#12537,0.15);
#12537 = AXIS2_PLACEMENT_3D('',#12538,#12539,#12540);
#12538 = CARTESIAN_POINT('',(136.86,-90.76,0.));
#12539 = DIRECTION('',(-0.,0.,-1.));
#12540 = DIRECTION('',(-0.,-1.,0.));
#12541 = FACE_BOUND('',#12542,.F.);
#12542 = EDGE_LOOP('',(#12543));
#12543 = ORIENTED_EDGE('',*,*,#12544,.T.);
#12544 = EDGE_CURVE('',#12545,#12545,#12547,.T.);
#12545 = VERTEX_POINT('',#12546);
#12546 = CARTESIAN_POINT('',(136.02,-89.65,0.));
#12547 = CIRCLE('',#12548,0.15);
#12548 = AXIS2_PLACEMENT_3D('',#12549,#12550,#12551);
#12549 = CARTESIAN_POINT('',(136.02,-89.5,0.));
#12550 = DIRECTION('',(-0.,0.,-1.));
#12551 = DIRECTION('',(1.894780628694E-13,-1.,-0.));
#12552 = FACE_BOUND('',#12553,.F.);
#12553 = EDGE_LOOP('',(#12554));
#12554 = ORIENTED_EDGE('',*,*,#12555,.T.);
#12555 = EDGE_CURVE('',#12556,#12556,#12558,.T.);
#12556 = VERTEX_POINT('',#12557);
#12557 = CARTESIAN_POINT('',(136.98,-89.65,0.));
#12558 = CIRCLE('',#12559,0.15);
#12559 = AXIS2_PLACEMENT_3D('',#12560,#12561,#12562);
#12560 = CARTESIAN_POINT('',(136.98,-89.5,0.));
#12561 = DIRECTION('',(-0.,0.,-1.));
#12562 = DIRECTION('',(-1.894780628694E-13,-1.,0.));
#12563 = FACE_BOUND('',#12564,.F.);
#12564 = EDGE_LOOP('',(#12565));
#12565 = ORIENTED_EDGE('',*,*,#12566,.T.);
#12566 = EDGE_CURVE('',#12567,#12567,#12569,.T.);
#12567 = VERTEX_POINT('',#12568);
#12568 = CARTESIAN_POINT('',(130.,-88.165,0.));
#12569 = CIRCLE('',#12570,0.15);
#12570 = AXIS2_PLACEMENT_3D('',#12571,#12572,#12573);
#12571 = CARTESIAN_POINT('',(130.,-88.015,0.));
#12572 = DIRECTION('',(-0.,0.,-1.));
#12573 = DIRECTION('',(-0.,-1.,0.));
#12574 = FACE_BOUND('',#12575,.F.);
#12575 = EDGE_LOOP('',(#12576));
#12576 = ORIENTED_EDGE('',*,*,#12577,.T.);
#12577 = EDGE_CURVE('',#12578,#12578,#12580,.T.);
#12578 = VERTEX_POINT('',#12579);
#12579 = CARTESIAN_POINT('',(131.739188,-89.251879,0.));
#12580 = CIRCLE('',#12581,0.15);
#12581 = AXIS2_PLACEMENT_3D('',#12582,#12583,#12584);
#12582 = CARTESIAN_POINT('',(131.739188,-89.101879,0.));
#12583 = DIRECTION('',(-0.,0.,-1.));
#12584 = DIRECTION('',(-0.,-1.,0.));
#12585 = FACE_BOUND('',#12586,.F.);
#12586 = EDGE_LOOP('',(#12587));
#12587 = ORIENTED_EDGE('',*,*,#12588,.T.);
#12588 = EDGE_CURVE('',#12589,#12589,#12591,.T.);
#12589 = VERTEX_POINT('',#12590);
#12590 = CARTESIAN_POINT('',(132.8,-87.8,0.));
#12591 = CIRCLE('',#12592,0.15);
#12592 = AXIS2_PLACEMENT_3D('',#12593,#12594,#12595);
#12593 = CARTESIAN_POINT('',(132.8,-87.65,0.));
#12594 = DIRECTION('',(-0.,0.,-1.));
#12595 = DIRECTION('',(-0.,-1.,0.));
#12596 = FACE_BOUND('',#12597,.F.);
#12597 = EDGE_LOOP('',(#12598));
#12598 = ORIENTED_EDGE('',*,*,#12599,.T.);
#12599 = EDGE_CURVE('',#12600,#12600,#12602,.T.);
#12600 = VERTEX_POINT('',#12601);
#12601 = CARTESIAN_POINT('',(129.8625,-84.4,0.));
#12602 = CIRCLE('',#12603,0.1);
#12603 = AXIS2_PLACEMENT_3D('',#12604,#12605,#12606);
#12604 = CARTESIAN_POINT('',(129.8625,-84.3,0.));
#12605 = DIRECTION('',(-0.,0.,-1.));
#12606 = DIRECTION('',(-0.,-1.,0.));
#12607 = FACE_BOUND('',#12608,.F.);
#12608 = EDGE_LOOP('',(#12609));
#12609 = ORIENTED_EDGE('',*,*,#12610,.T.);
#12610 = EDGE_CURVE('',#12611,#12611,#12613,.T.);
#12611 = VERTEX_POINT('',#12612);
#12612 = CARTESIAN_POINT('',(130.8625,-84.4,0.));
#12613 = CIRCLE('',#12614,0.1);
#12614 = AXIS2_PLACEMENT_3D('',#12615,#12616,#12617);
#12615 = CARTESIAN_POINT('',(130.8625,-84.3,0.));
#12616 = DIRECTION('',(-0.,0.,-1.));
#12617 = DIRECTION('',(-0.,-1.,0.));
#12618 = FACE_BOUND('',#12619,.F.);
#12619 = EDGE_LOOP('',(#12620));
#12620 = ORIENTED_EDGE('',*,*,#12621,.T.);
#12621 = EDGE_CURVE('',#12622,#12622,#12624,.T.);
#12622 = VERTEX_POINT('',#12623);
#12623 = CARTESIAN_POINT('',(131.8625,-84.4,0.));
#12624 = CIRCLE('',#12625,0.1);
#12625 = AXIS2_PLACEMENT_3D('',#12626,#12627,#12628);
#12626 = CARTESIAN_POINT('',(131.8625,-84.3,0.));
#12627 = DIRECTION('',(-0.,0.,-1.));
#12628 = DIRECTION('',(-0.,-1.,0.));
#12629 = FACE_BOUND('',#12630,.F.);
#12630 = EDGE_LOOP('',(#12631));
#12631 = ORIENTED_EDGE('',*,*,#12632,.T.);
#12632 = EDGE_CURVE('',#12633,#12633,#12635,.T.);
#12633 = VERTEX_POINT('',#12634);
#12634 = CARTESIAN_POINT('',(134.,-88.69,0.));
#12635 = CIRCLE('',#12636,0.15);
#12636 = AXIS2_PLACEMENT_3D('',#12637,#12638,#12639);
#12637 = CARTESIAN_POINT('',(134.,-88.54,0.));
#12638 = DIRECTION('',(-0.,0.,-1.));
#12639 = DIRECTION('',(-0.,-1.,0.));
#12640 = FACE_BOUND('',#12641,.F.);
#12641 = EDGE_LOOP('',(#12642));
#12642 = ORIENTED_EDGE('',*,*,#12643,.T.);
#12643 = EDGE_CURVE('',#12644,#12644,#12646,.T.);
#12644 = VERTEX_POINT('',#12645);
#12645 = CARTESIAN_POINT('',(137.03,-87.65,0.));
#12646 = CIRCLE('',#12647,0.15);
#12647 = AXIS2_PLACEMENT_3D('',#12648,#12649,#12650);
#12648 = CARTESIAN_POINT('',(137.03,-87.5,0.));
#12649 = DIRECTION('',(-0.,0.,-1.));
#12650 = DIRECTION('',(-0.,-1.,0.));
#12651 = FACE_BOUND('',#12652,.F.);
#12652 = EDGE_LOOP('',(#12653));
#12653 = ORIENTED_EDGE('',*,*,#12654,.T.);
#12654 = EDGE_CURVE('',#12655,#12655,#12657,.T.);
#12655 = VERTEX_POINT('',#12656);
#12656 = CARTESIAN_POINT('',(134.15,-86.36,0.));
#12657 = CIRCLE('',#12658,0.15);
#12658 = AXIS2_PLACEMENT_3D('',#12659,#12660,#12661);
#12659 = CARTESIAN_POINT('',(134.15,-86.21,0.));
#12660 = DIRECTION('',(-0.,0.,-1.));
#12661 = DIRECTION('',(-0.,-1.,0.));
#12662 = FACE_BOUND('',#12663,.F.);
#12663 = EDGE_LOOP('',(#12664));
#12664 = ORIENTED_EDGE('',*,*,#12665,.T.);
#12665 = EDGE_CURVE('',#12666,#12666,#12668,.T.);
#12666 = VERTEX_POINT('',#12667);
#12667 = CARTESIAN_POINT('',(136.,-84.15,0.));
#12668 = CIRCLE('',#12669,0.15);
#12669 = AXIS2_PLACEMENT_3D('',#12670,#12671,#12672);
#12670 = CARTESIAN_POINT('',(136.,-84.,0.));
#12671 = DIRECTION('',(-0.,0.,-1.));
#12672 = DIRECTION('',(-0.,-1.,0.));
#12673 = FACE_BOUND('',#12674,.F.);
#12674 = EDGE_LOOP('',(#12675));
#12675 = ORIENTED_EDGE('',*,*,#12676,.T.);
#12676 = EDGE_CURVE('',#12677,#12677,#12679,.T.);
#12677 = VERTEX_POINT('',#12678);
#12678 = CARTESIAN_POINT('',(141.59125,-94.87125,0.));
#12679 = CIRCLE('',#12680,1.E-01);
#12680 = AXIS2_PLACEMENT_3D('',#12681,#12682,#12683);
#12681 = CARTESIAN_POINT('',(141.59125,-94.77125,0.));
#12682 = DIRECTION('',(-0.,0.,-1.));
#12683 = DIRECTION('',(-0.,-1.,0.));
#12684 = FACE_BOUND('',#12685,.F.);
#12685 = EDGE_LOOP('',(#12686));
#12686 = ORIENTED_EDGE('',*,*,#12687,.T.);
#12687 = EDGE_CURVE('',#12688,#12688,#12690,.T.);
#12688 = VERTEX_POINT('',#12689);
#12689 = CARTESIAN_POINT('',(140.5,-93.,0.));
#12690 = CIRCLE('',#12691,0.15);
#12691 = AXIS2_PLACEMENT_3D('',#12692,#12693,#12694);
#12692 = CARTESIAN_POINT('',(140.5,-92.85,0.));
#12693 = DIRECTION('',(-0.,0.,-1.));
#12694 = DIRECTION('',(-0.,-1.,0.));
#12695 = FACE_BOUND('',#12696,.F.);
#12696 = EDGE_LOOP('',(#12697));
#12697 = ORIENTED_EDGE('',*,*,#12698,.T.);
#12698 = EDGE_CURVE('',#12699,#12699,#12701,.T.);
#12699 = VERTEX_POINT('',#12700);
#12700 = CARTESIAN_POINT('',(140.29,-91.32,0.));
#12701 = CIRCLE('',#12702,0.15);
#12702 = AXIS2_PLACEMENT_3D('',#12703,#12704,#12705);
#12703 = CARTESIAN_POINT('',(140.29,-91.17,0.));
#12704 = DIRECTION('',(-0.,0.,-1.));
#12705 = DIRECTION('',(-0.,-1.,0.));
#12706 = FACE_BOUND('',#12707,.F.);
#12707 = EDGE_LOOP('',(#12708));
#12708 = ORIENTED_EDGE('',*,*,#12709,.T.);
#12709 = EDGE_CURVE('',#12710,#12710,#12712,.T.);
#12710 = VERTEX_POINT('',#12711);
#12711 = CARTESIAN_POINT('',(142.59125,-94.87125,0.));
#12712 = CIRCLE('',#12713,1.E-01);
#12713 = AXIS2_PLACEMENT_3D('',#12714,#12715,#12716);
#12714 = CARTESIAN_POINT('',(142.59125,-94.77125,0.));
#12715 = DIRECTION('',(-0.,0.,-1.));
#12716 = DIRECTION('',(-0.,-1.,0.));
#12717 = FACE_BOUND('',#12718,.F.);
#12718 = EDGE_LOOP('',(#12719));
#12719 = ORIENTED_EDGE('',*,*,#12720,.T.);
#12720 = EDGE_CURVE('',#12721,#12721,#12723,.T.);
#12721 = VERTEX_POINT('',#12722);
#12722 = CARTESIAN_POINT('',(143.59125,-94.87125,0.));
#12723 = CIRCLE('',#12724,1.E-01);
#12724 = AXIS2_PLACEMENT_3D('',#12725,#12726,#12727);
#12725 = CARTESIAN_POINT('',(143.59125,-94.77125,0.));
#12726 = DIRECTION('',(-0.,0.,-1.));
#12727 = DIRECTION('',(-0.,-1.,0.));
#12728 = FACE_BOUND('',#12729,.F.);
#12729 = EDGE_LOOP('',(#12730));
#12730 = ORIENTED_EDGE('',*,*,#12731,.T.);
#12731 = EDGE_CURVE('',#12732,#12732,#12734,.T.);
#12732 = VERTEX_POINT('',#12733);
#12733 = CARTESIAN_POINT('',(143.91625,-93.62125,0.));
#12734 = CIRCLE('',#12735,0.15);
#12735 = AXIS2_PLACEMENT_3D('',#12736,#12737,#12738);
#12736 = CARTESIAN_POINT('',(143.91625,-93.47125,0.));
#12737 = DIRECTION('',(-0.,0.,-1.));
#12738 = DIRECTION('',(-0.,-1.,0.));
#12739 = FACE_BOUND('',#12740,.F.);
#12740 = EDGE_LOOP('',(#12741));
#12741 = ORIENTED_EDGE('',*,*,#12742,.T.);
#12742 = EDGE_CURVE('',#12743,#12743,#12745,.T.);
#12743 = VERTEX_POINT('',#12744);
#12744 = CARTESIAN_POINT('',(142.58,-91.39,0.));
#12745 = CIRCLE('',#12746,0.15);
#12746 = AXIS2_PLACEMENT_3D('',#12747,#12748,#12749);
#12747 = CARTESIAN_POINT('',(142.58,-91.24,0.));
#12748 = DIRECTION('',(-0.,0.,-1.));
#12749 = DIRECTION('',(1.894780628694E-13,-1.,-0.));
#12750 = FACE_BOUND('',#12751,.F.);
#12751 = EDGE_LOOP('',(#12752));
#12752 = ORIENTED_EDGE('',*,*,#12753,.T.);
#12753 = EDGE_CURVE('',#12754,#12754,#12756,.T.);
#12754 = VERTEX_POINT('',#12755);
#12755 = CARTESIAN_POINT('',(142.1,-90.72,0.));
#12756 = CIRCLE('',#12757,0.15);
#12757 = AXIS2_PLACEMENT_3D('',#12758,#12759,#12760);
#12758 = CARTESIAN_POINT('',(142.1,-90.57,0.));
#12759 = DIRECTION('',(-0.,0.,-1.));
#12760 = DIRECTION('',(-0.,-1.,0.));
#12761 = FACE_BOUND('',#12762,.F.);
#12762 = EDGE_LOOP('',(#12763));
#12763 = ORIENTED_EDGE('',*,*,#12764,.T.);
#12764 = EDGE_CURVE('',#12765,#12765,#12767,.T.);
#12765 = VERTEX_POINT('',#12766);
#12766 = CARTESIAN_POINT('',(139.55,-88.08,0.));
#12767 = CIRCLE('',#12768,0.15);
#12768 = AXIS2_PLACEMENT_3D('',#12769,#12770,#12771);
#12769 = CARTESIAN_POINT('',(139.55,-87.93,0.));
#12770 = DIRECTION('',(-0.,0.,-1.));
#12771 = DIRECTION('',(-0.,-1.,0.));
#12772 = FACE_BOUND('',#12773,.F.);
#12773 = EDGE_LOOP('',(#12774));
#12774 = ORIENTED_EDGE('',*,*,#12775,.T.);
#12775 = EDGE_CURVE('',#12776,#12776,#12778,.T.);
#12776 = VERTEX_POINT('',#12777);
#12777 = CARTESIAN_POINT('',(142.83,-87.05,0.));
#12778 = CIRCLE('',#12779,0.6);
#12779 = AXIS2_PLACEMENT_3D('',#12780,#12781,#12782);
#12780 = CARTESIAN_POINT('',(142.83,-86.45,0.));
#12781 = DIRECTION('',(-0.,0.,-1.));
#12782 = DIRECTION('',(4.736951571734E-14,-1.,-0.));
#12783 = FACE_BOUND('',#12784,.F.);
#12784 = EDGE_LOOP('',(#12785));
#12785 = ORIENTED_EDGE('',*,*,#12786,.T.);
#12786 = EDGE_CURVE('',#12787,#12787,#12789,.T.);
#12787 = VERTEX_POINT('',#12788);
#12788 = CARTESIAN_POINT('',(118.5,-75.65,0.));
#12789 = CIRCLE('',#12790,0.15);
#12790 = AXIS2_PLACEMENT_3D('',#12791,#12792,#12793);
#12791 = CARTESIAN_POINT('',(118.5,-75.5,0.));
#12792 = DIRECTION('',(-0.,0.,-1.));
#12793 = DIRECTION('',(-0.,-1.,0.));
#12794 = FACE_BOUND('',#12795,.F.);
#12795 = EDGE_LOOP('',(#12796));
#12796 = ORIENTED_EDGE('',*,*,#12797,.T.);
#12797 = EDGE_CURVE('',#12798,#12798,#12800,.T.);
#12798 = VERTEX_POINT('',#12799);
#12799 = CARTESIAN_POINT('',(121.15,-77.11,0.));
#12800 = CIRCLE('',#12801,0.15);
#12801 = AXIS2_PLACEMENT_3D('',#12802,#12803,#12804);
#12802 = CARTESIAN_POINT('',(121.15,-76.96,0.));
#12803 = DIRECTION('',(-0.,0.,-1.));
#12804 = DIRECTION('',(-0.,-1.,0.));
#12805 = FACE_BOUND('',#12806,.F.);
#12806 = EDGE_LOOP('',(#12807));
#12807 = ORIENTED_EDGE('',*,*,#12808,.T.);
#12808 = EDGE_CURVE('',#12809,#12809,#12811,.T.);
#12809 = VERTEX_POINT('',#12810);
#12810 = CARTESIAN_POINT('',(121.,-74.65,0.));
#12811 = CIRCLE('',#12812,0.15);
#12812 = AXIS2_PLACEMENT_3D('',#12813,#12814,#12815);
#12813 = CARTESIAN_POINT('',(121.,-74.5,0.));
#12814 = DIRECTION('',(-0.,0.,-1.));
#12815 = DIRECTION('',(-0.,-1.,0.));
#12816 = FACE_BOUND('',#12817,.F.);
#12817 = EDGE_LOOP('',(#12818));
#12818 = ORIENTED_EDGE('',*,*,#12819,.T.);
#12819 = EDGE_CURVE('',#12820,#12820,#12822,.T.);
#12820 = VERTEX_POINT('',#12821);
#12821 = CARTESIAN_POINT('',(122.13,-81.2,0.));
#12822 = CIRCLE('',#12823,0.15);
#12823 = AXIS2_PLACEMENT_3D('',#12824,#12825,#12826);
#12824 = CARTESIAN_POINT('',(122.13,-81.05,0.));
#12825 = DIRECTION('',(-0.,0.,-1.));
#12826 = DIRECTION('',(-0.,-1.,0.));
#12827 = FACE_BOUND('',#12828,.F.);
#12828 = EDGE_LOOP('',(#12829));
#12829 = ORIENTED_EDGE('',*,*,#12830,.T.);
#12830 = EDGE_CURVE('',#12831,#12831,#12833,.T.);
#12831 = VERTEX_POINT('',#12832);
#12832 = CARTESIAN_POINT('',(127.,-83.15,0.));
#12833 = CIRCLE('',#12834,0.15);
#12834 = AXIS2_PLACEMENT_3D('',#12835,#12836,#12837);
#12835 = CARTESIAN_POINT('',(127.,-83.,0.));
#12836 = DIRECTION('',(-0.,0.,-1.));
#12837 = DIRECTION('',(-0.,-1.,0.));
#12838 = FACE_BOUND('',#12839,.F.);
#12839 = EDGE_LOOP('',(#12840));
#12840 = ORIENTED_EDGE('',*,*,#12841,.T.);
#12841 = EDGE_CURVE('',#12842,#12842,#12844,.T.);
#12842 = VERTEX_POINT('',#12843);
#12843 = CARTESIAN_POINT('',(127.6,-80.23,0.));
#12844 = CIRCLE('',#12845,0.15);
#12845 = AXIS2_PLACEMENT_3D('',#12846,#12847,#12848);
#12846 = CARTESIAN_POINT('',(127.6,-80.08,0.));
#12847 = DIRECTION('',(-0.,0.,-1.));
#12848 = DIRECTION('',(-0.,-1.,0.));
#12849 = FACE_BOUND('',#12850,.F.);
#12850 = EDGE_LOOP('',(#12851));
#12851 = ORIENTED_EDGE('',*,*,#12852,.T.);
#12852 = EDGE_CURVE('',#12853,#12853,#12855,.T.);
#12853 = VERTEX_POINT('',#12854);
#12854 = CARTESIAN_POINT('',(129.,-79.7,0.));
#12855 = CIRCLE('',#12856,0.15);
#12856 = AXIS2_PLACEMENT_3D('',#12857,#12858,#12859);
#12857 = CARTESIAN_POINT('',(129.,-79.55,0.));
#12858 = DIRECTION('',(-0.,0.,-1.));
#12859 = DIRECTION('',(-0.,-1.,0.));
#12860 = FACE_BOUND('',#12861,.F.);
#12861 = EDGE_LOOP('',(#12862));
#12862 = ORIENTED_EDGE('',*,*,#12863,.T.);
#12863 = EDGE_CURVE('',#12864,#12864,#12866,.T.);
#12864 = VERTEX_POINT('',#12865);
#12865 = CARTESIAN_POINT('',(123.,-75.65,0.));
#12866 = CIRCLE('',#12867,0.15);
#12867 = AXIS2_PLACEMENT_3D('',#12868,#12869,#12870);
#12868 = CARTESIAN_POINT('',(123.,-75.5,0.));
#12869 = DIRECTION('',(-0.,0.,-1.));
#12870 = DIRECTION('',(-0.,-1.,0.));
#12871 = FACE_BOUND('',#12872,.F.);
#12872 = EDGE_LOOP('',(#12873));
#12873 = ORIENTED_EDGE('',*,*,#12874,.T.);
#12874 = EDGE_CURVE('',#12875,#12875,#12877,.T.);
#12875 = VERTEX_POINT('',#12876);
#12876 = CARTESIAN_POINT('',(123.77,-77.71,0.));
#12877 = CIRCLE('',#12878,0.15);
#12878 = AXIS2_PLACEMENT_3D('',#12879,#12880,#12881);
#12879 = CARTESIAN_POINT('',(123.77,-77.56,0.));
#12880 = DIRECTION('',(-0.,0.,-1.));
#12881 = DIRECTION('',(-9.473903143469E-14,-1.,0.));
#12882 = FACE_BOUND('',#12883,.F.);
#12883 = EDGE_LOOP('',(#12884));
#12884 = ORIENTED_EDGE('',*,*,#12885,.T.);
#12885 = EDGE_CURVE('',#12886,#12886,#12888,.T.);
#12886 = VERTEX_POINT('',#12887);
#12887 = CARTESIAN_POINT('',(123.,-74.65,0.));
#12888 = CIRCLE('',#12889,0.15);
#12889 = AXIS2_PLACEMENT_3D('',#12890,#12891,#12892);
#12890 = CARTESIAN_POINT('',(123.,-74.5,0.));
#12891 = DIRECTION('',(-0.,0.,-1.));
#12892 = DIRECTION('',(-0.,-1.,0.));
#12893 = FACE_BOUND('',#12894,.F.);
#12894 = EDGE_LOOP('',(#12895));
#12895 = ORIENTED_EDGE('',*,*,#12896,.T.);
#12896 = EDGE_CURVE('',#12897,#12897,#12899,.T.);
#12897 = VERTEX_POINT('',#12898);
#12898 = CARTESIAN_POINT('',(122.02,-72.63,0.));
#12899 = CIRCLE('',#12900,0.15);
#12900 = AXIS2_PLACEMENT_3D('',#12901,#12902,#12903);
#12901 = CARTESIAN_POINT('',(122.02,-72.48,0.));
#12902 = DIRECTION('',(-0.,0.,-1.));
#12903 = DIRECTION('',(-9.473903143469E-14,-1.,0.));
#12904 = FACE_BOUND('',#12905,.F.);
#12905 = EDGE_LOOP('',(#12906));
#12906 = ORIENTED_EDGE('',*,*,#12907,.T.);
#12907 = EDGE_CURVE('',#12908,#12908,#12910,.T.);
#12908 = VERTEX_POINT('',#12909);
#12909 = CARTESIAN_POINT('',(127.577468,-75.950797,0.));
#12910 = CIRCLE('',#12911,0.15);
#12911 = AXIS2_PLACEMENT_3D('',#12912,#12913,#12914);
#12912 = CARTESIAN_POINT('',(127.577468,-75.800797,0.));
#12913 = DIRECTION('',(-0.,0.,-1.));
#12914 = DIRECTION('',(-9.473903143469E-14,-1.,0.));
#12915 = FACE_BOUND('',#12916,.F.);
#12916 = EDGE_LOOP('',(#12917));
#12917 = ORIENTED_EDGE('',*,*,#12918,.T.);
#12918 = EDGE_CURVE('',#12919,#12919,#12921,.T.);
#12919 = VERTEX_POINT('',#12920);
#12920 = CARTESIAN_POINT('',(127.5,-74.65,0.));
#12921 = CIRCLE('',#12922,0.15);
#12922 = AXIS2_PLACEMENT_3D('',#12923,#12924,#12925);
#12923 = CARTESIAN_POINT('',(127.5,-74.5,0.));
#12924 = DIRECTION('',(-0.,0.,-1.));
#12925 = DIRECTION('',(-0.,-1.,0.));
#12926 = FACE_BOUND('',#12927,.F.);
#12927 = EDGE_LOOP('',(#12928));
#12928 = ORIENTED_EDGE('',*,*,#12929,.T.);
#12929 = EDGE_CURVE('',#12930,#12930,#12932,.T.);
#12930 = VERTEX_POINT('',#12931);
#12931 = CARTESIAN_POINT('',(115.,-69.798615,0.));
#12932 = CIRCLE('',#12933,0.15);
#12933 = AXIS2_PLACEMENT_3D('',#12934,#12935,#12936);
#12934 = CARTESIAN_POINT('',(115.,-69.648615,0.));
#12935 = DIRECTION('',(-0.,0.,-1.));
#12936 = DIRECTION('',(-0.,-1.,0.));
#12937 = FACE_BOUND('',#12938,.F.);
#12938 = EDGE_LOOP('',(#12939));
#12939 = ORIENTED_EDGE('',*,*,#12940,.T.);
#12940 = EDGE_CURVE('',#12941,#12941,#12943,.T.);
#12941 = VERTEX_POINT('',#12942);
#12942 = CARTESIAN_POINT('',(116.190285,-69.876949,0.));
#12943 = CIRCLE('',#12944,0.15);
#12944 = AXIS2_PLACEMENT_3D('',#12945,#12946,#12947);
#12945 = CARTESIAN_POINT('',(116.190285,-69.726949,0.));
#12946 = DIRECTION('',(-0.,0.,-1.));
#12947 = DIRECTION('',(9.473903143468E-14,-1.,-0.));
#12948 = FACE_BOUND('',#12949,.F.);
#12949 = EDGE_LOOP('',(#12950));
#12950 = ORIENTED_EDGE('',*,*,#12951,.T.);
#12951 = EDGE_CURVE('',#12952,#12952,#12954,.T.);
#12952 = VERTEX_POINT('',#12953);
#12953 = CARTESIAN_POINT('',(116.,-66.65,0.));
#12954 = CIRCLE('',#12955,0.15);
#12955 = AXIS2_PLACEMENT_3D('',#12956,#12957,#12958);
#12956 = CARTESIAN_POINT('',(116.,-66.5,0.));
#12957 = DIRECTION('',(-0.,0.,-1.));
#12958 = DIRECTION('',(-0.,-1.,0.));
#12959 = FACE_BOUND('',#12960,.F.);
#12960 = EDGE_LOOP('',(#12961));
#12961 = ORIENTED_EDGE('',*,*,#12962,.T.);
#12962 = EDGE_CURVE('',#12963,#12963,#12965,.T.);
#12963 = VERTEX_POINT('',#12964);
#12964 = CARTESIAN_POINT('',(121.5,-70.55,0.));
#12965 = CIRCLE('',#12966,0.15);
#12966 = AXIS2_PLACEMENT_3D('',#12967,#12968,#12969);
#12967 = CARTESIAN_POINT('',(121.5,-70.4,0.));
#12968 = DIRECTION('',(-0.,0.,-1.));
#12969 = DIRECTION('',(-0.,-1.,0.));
#12970 = FACE_BOUND('',#12971,.F.);
#12971 = EDGE_LOOP('',(#12972));
#12972 = ORIENTED_EDGE('',*,*,#12973,.T.);
#12973 = EDGE_CURVE('',#12974,#12974,#12976,.T.);
#12974 = VERTEX_POINT('',#12975);
#12975 = CARTESIAN_POINT('',(121.49,-68.38,0.));
#12976 = CIRCLE('',#12977,0.15);
#12977 = AXIS2_PLACEMENT_3D('',#12978,#12979,#12980);
#12978 = CARTESIAN_POINT('',(121.49,-68.23,0.));
#12979 = DIRECTION('',(-0.,0.,-1.));
#12980 = DIRECTION('',(-9.473903143469E-14,-1.,0.));
#12981 = FACE_BOUND('',#12982,.F.);
#12982 = EDGE_LOOP('',(#12983));
#12983 = ORIENTED_EDGE('',*,*,#12984,.T.);
#12984 = EDGE_CURVE('',#12985,#12985,#12987,.T.);
#12985 = VERTEX_POINT('',#12986);
#12986 = CARTESIAN_POINT('',(115.,-64.1,0.));
#12987 = CIRCLE('',#12988,1.6);
#12988 = AXIS2_PLACEMENT_3D('',#12989,#12990,#12991);
#12989 = CARTESIAN_POINT('',(115.,-62.5,0.));
#12990 = DIRECTION('',(-0.,0.,-1.));
#12991 = DIRECTION('',(-0.,-1.,0.));
#12992 = FACE_BOUND('',#12993,.F.);
#12993 = EDGE_LOOP('',(#12994));
#12994 = ORIENTED_EDGE('',*,*,#12995,.T.);
#12995 = EDGE_CURVE('',#12996,#12996,#12998,.T.);
#12996 = VERTEX_POINT('',#12997);
#12997 = CARTESIAN_POINT('',(124.5,-66.15,0.));
#12998 = CIRCLE('',#12999,0.15);
#12999 = AXIS2_PLACEMENT_3D('',#13000,#13001,#13002);
#13000 = CARTESIAN_POINT('',(124.5,-66.,0.));
#13001 = DIRECTION('',(-0.,0.,-1.));
#13002 = DIRECTION('',(-0.,-1.,0.));
#13003 = FACE_BOUND('',#13004,.F.);
#13004 = EDGE_LOOP('',(#13005));
#13005 = ORIENTED_EDGE('',*,*,#13006,.T.);
#13006 = EDGE_CURVE('',#13007,#13007,#13009,.T.);
#13007 = VERTEX_POINT('',#13008);
#13008 = CARTESIAN_POINT('',(127.5,-70.15,0.));
#13009 = CIRCLE('',#13010,0.15);
#13010 = AXIS2_PLACEMENT_3D('',#13011,#13012,#13013);
#13011 = CARTESIAN_POINT('',(127.5,-70.,0.));
#13012 = DIRECTION('',(-0.,0.,-1.));
#13013 = DIRECTION('',(-0.,-1.,0.));
#13014 = FACE_BOUND('',#13015,.F.);
#13015 = EDGE_LOOP('',(#13016));
#13016 = ORIENTED_EDGE('',*,*,#13017,.T.);
#13017 = EDGE_CURVE('',#13018,#13018,#13020,.T.);
#13018 = VERTEX_POINT('',#13019);
#13019 = CARTESIAN_POINT('',(125.,-65.15,0.));
#13020 = CIRCLE('',#13021,0.15);
#13021 = AXIS2_PLACEMENT_3D('',#13022,#13023,#13024);
#13022 = CARTESIAN_POINT('',(125.,-65.,0.));
#13023 = DIRECTION('',(-0.,0.,-1.));
#13024 = DIRECTION('',(-0.,-1.,0.));
#13025 = FACE_BOUND('',#13026,.F.);
#13026 = EDGE_LOOP('',(#13027));
#13027 = ORIENTED_EDGE('',*,*,#13028,.T.);
#13028 = EDGE_CURVE('',#13029,#13029,#13031,.T.);
#13029 = VERTEX_POINT('',#13030);
#13030 = CARTESIAN_POINT('',(122.,-60.875,0.));
#13031 = CIRCLE('',#13032,0.375);
#13032 = AXIS2_PLACEMENT_3D('',#13033,#13034,#13035);
#13033 = CARTESIAN_POINT('',(122.,-60.5,0.));
#13034 = DIRECTION('',(-0.,0.,-1.));
#13035 = DIRECTION('',(-0.,-1.,0.));
#13036 = FACE_BOUND('',#13037,.F.);
#13037 = EDGE_LOOP('',(#13038));
#13038 = ORIENTED_EDGE('',*,*,#13039,.T.);
#13039 = EDGE_CURVE('',#13040,#13040,#13042,.T.);
#13040 = VERTEX_POINT('',#13041);
#13041 = CARTESIAN_POINT('',(125.5,-62.65,0.));
#13042 = CIRCLE('',#13043,0.15);
#13043 = AXIS2_PLACEMENT_3D('',#13044,#13045,#13046);
#13044 = CARTESIAN_POINT('',(125.5,-62.5,0.));
#13045 = DIRECTION('',(-0.,0.,-1.));
#13046 = DIRECTION('',(-0.,-1.,0.));
#13047 = FACE_BOUND('',#13048,.F.);
#13048 = EDGE_LOOP('',(#13049));
#13049 = ORIENTED_EDGE('',*,*,#13050,.T.);
#13050 = EDGE_CURVE('',#13051,#13051,#13053,.T.);
#13051 = VERTEX_POINT('',#13052);
#13052 = CARTESIAN_POINT('',(124.,-60.875,0.));
#13053 = CIRCLE('',#13054,0.375);
#13054 = AXIS2_PLACEMENT_3D('',#13055,#13056,#13057);
#13055 = CARTESIAN_POINT('',(124.,-60.5,0.));
#13056 = DIRECTION('',(-0.,0.,-1.));
#13057 = DIRECTION('',(-0.,-1.,0.));
#13058 = FACE_BOUND('',#13059,.F.);
#13059 = EDGE_LOOP('',(#13060));
#13060 = ORIENTED_EDGE('',*,*,#13061,.T.);
#13061 = EDGE_CURVE('',#13062,#13062,#13064,.T.);
#13062 = VERTEX_POINT('',#13063);
#13063 = CARTESIAN_POINT('',(129.8625,-83.4,0.));
#13064 = CIRCLE('',#13065,0.1);
#13065 = AXIS2_PLACEMENT_3D('',#13066,#13067,#13068);
#13066 = CARTESIAN_POINT('',(129.8625,-83.3,0.));
#13067 = DIRECTION('',(-0.,0.,-1.));
#13068 = DIRECTION('',(-0.,-1.,0.));
#13069 = FACE_BOUND('',#13070,.F.);
#13070 = EDGE_LOOP('',(#13071));
#13071 = ORIENTED_EDGE('',*,*,#13072,.T.);
#13072 = EDGE_CURVE('',#13073,#13073,#13075,.T.);
#13073 = VERTEX_POINT('',#13074);
#13074 = CARTESIAN_POINT('',(129.8625,-82.4,0.));
#13075 = CIRCLE('',#13076,0.1);
#13076 = AXIS2_PLACEMENT_3D('',#13077,#13078,#13079);
#13077 = CARTESIAN_POINT('',(129.8625,-82.3,0.));
#13078 = DIRECTION('',(-0.,0.,-1.));
#13079 = DIRECTION('',(-0.,-1.,0.));
#13080 = FACE_BOUND('',#13081,.F.);
#13081 = EDGE_LOOP('',(#13082));
#13082 = ORIENTED_EDGE('',*,*,#13083,.T.);
#13083 = EDGE_CURVE('',#13084,#13084,#13086,.T.);
#13084 = VERTEX_POINT('',#13085);
#13085 = CARTESIAN_POINT('',(130.8625,-83.4,0.));
#13086 = CIRCLE('',#13087,0.1);
#13087 = AXIS2_PLACEMENT_3D('',#13088,#13089,#13090);
#13088 = CARTESIAN_POINT('',(130.8625,-83.3,0.));
#13089 = DIRECTION('',(-0.,0.,-1.));
#13090 = DIRECTION('',(-0.,-1.,0.));
#13091 = FACE_BOUND('',#13092,.F.);
#13092 = EDGE_LOOP('',(#13093));
#13093 = ORIENTED_EDGE('',*,*,#13094,.T.);
#13094 = EDGE_CURVE('',#13095,#13095,#13097,.T.);
#13095 = VERTEX_POINT('',#13096);
#13096 = CARTESIAN_POINT('',(130.8625,-82.4,0.));
#13097 = CIRCLE('',#13098,0.1);
#13098 = AXIS2_PLACEMENT_3D('',#13099,#13100,#13101);
#13099 = CARTESIAN_POINT('',(130.8625,-82.3,0.));
#13100 = DIRECTION('',(-0.,0.,-1.));
#13101 = DIRECTION('',(-0.,-1.,0.));
#13102 = FACE_BOUND('',#13103,.F.);
#13103 = EDGE_LOOP('',(#13104));
#13104 = ORIENTED_EDGE('',*,*,#13105,.T.);
#13105 = EDGE_CURVE('',#13106,#13106,#13108,.T.);
#13106 = VERTEX_POINT('',#13107);
#13107 = CARTESIAN_POINT('',(131.8625,-83.4,0.));
#13108 = CIRCLE('',#13109,0.1);
#13109 = AXIS2_PLACEMENT_3D('',#13110,#13111,#13112);
#13110 = CARTESIAN_POINT('',(131.8625,-83.3,0.));
#13111 = DIRECTION('',(-0.,0.,-1.));
#13112 = DIRECTION('',(-0.,-1.,0.));
#13113 = FACE_BOUND('',#13114,.F.);
#13114 = EDGE_LOOP('',(#13115));
#13115 = ORIENTED_EDGE('',*,*,#13116,.T.);
#13116 = EDGE_CURVE('',#13117,#13117,#13119,.T.);
#13117 = VERTEX_POINT('',#13118);
#13118 = CARTESIAN_POINT('',(131.8625,-82.4,0.));
#13119 = CIRCLE('',#13120,0.1);
#13120 = AXIS2_PLACEMENT_3D('',#13121,#13122,#13123);
#13121 = CARTESIAN_POINT('',(131.8625,-82.3,0.));
#13122 = DIRECTION('',(-0.,0.,-1.));
#13123 = DIRECTION('',(-0.,-1.,0.));
#13124 = FACE_BOUND('',#13125,.F.);
#13125 = EDGE_LOOP('',(#13126));
#13126 = ORIENTED_EDGE('',*,*,#13127,.T.);
#13127 = EDGE_CURVE('',#13128,#13128,#13130,.T.);
#13128 = VERTEX_POINT('',#13129);
#13129 = CARTESIAN_POINT('',(133.63,-80.74,0.));
#13130 = CIRCLE('',#13131,0.15);
#13131 = AXIS2_PLACEMENT_3D('',#13132,#13133,#13134);
#13132 = CARTESIAN_POINT('',(133.63,-80.59,0.));
#13133 = DIRECTION('',(-0.,0.,-1.));
#13134 = DIRECTION('',(-0.,-1.,0.));
#13135 = FACE_BOUND('',#13136,.F.);
#13136 = EDGE_LOOP('',(#13137));
#13137 = ORIENTED_EDGE('',*,*,#13138,.T.);
#13138 = EDGE_CURVE('',#13139,#13139,#13141,.T.);
#13139 = VERTEX_POINT('',#13140);
#13140 = CARTESIAN_POINT('',(131.,-79.75,0.));
#13141 = CIRCLE('',#13142,0.15);
#13142 = AXIS2_PLACEMENT_3D('',#13143,#13144,#13145);
#13143 = CARTESIAN_POINT('',(131.,-79.6,0.));
#13144 = DIRECTION('',(-0.,0.,-1.));
#13145 = DIRECTION('',(-0.,-1.,0.));
#13146 = FACE_BOUND('',#13147,.F.);
#13147 = EDGE_LOOP('',(#13148));
#13148 = ORIENTED_EDGE('',*,*,#13149,.T.);
#13149 = EDGE_CURVE('',#13150,#13150,#13152,.T.);
#13150 = VERTEX_POINT('',#13151);
#13151 = CARTESIAN_POINT('',(131.798978,-79.790455,0.));
#13152 = CIRCLE('',#13153,0.15);
#13153 = AXIS2_PLACEMENT_3D('',#13154,#13155,#13156);
#13154 = CARTESIAN_POINT('',(131.798978,-79.640455,0.));
#13155 = DIRECTION('',(-0.,0.,-1.));
#13156 = DIRECTION('',(-0.,-1.,0.));
#13157 = FACE_BOUND('',#13158,.F.);
#13158 = EDGE_LOOP('',(#13159));
#13159 = ORIENTED_EDGE('',*,*,#13160,.T.);
#13160 = EDGE_CURVE('',#13161,#13161,#13163,.T.);
#13161 = VERTEX_POINT('',#13162);
#13162 = CARTESIAN_POINT('',(131.5,-78.15,0.));
#13163 = CIRCLE('',#13164,0.15);
#13164 = AXIS2_PLACEMENT_3D('',#13165,#13166,#13167);
#13165 = CARTESIAN_POINT('',(131.5,-78.,0.));
#13166 = DIRECTION('',(-0.,0.,-1.));
#13167 = DIRECTION('',(-0.,-1.,0.));
#13168 = FACE_BOUND('',#13169,.F.);
#13169 = EDGE_LOOP('',(#13170));
#13170 = ORIENTED_EDGE('',*,*,#13171,.T.);
#13171 = EDGE_CURVE('',#13172,#13172,#13174,.T.);
#13172 = VERTEX_POINT('',#13173);
#13173 = CARTESIAN_POINT('',(134.5,-83.15,0.));
#13174 = CIRCLE('',#13175,0.15);
#13175 = AXIS2_PLACEMENT_3D('',#13176,#13177,#13178);
#13176 = CARTESIAN_POINT('',(134.5,-83.,0.));
#13177 = DIRECTION('',(-0.,0.,-1.));
#13178 = DIRECTION('',(-0.,-1.,0.));
#13179 = FACE_BOUND('',#13180,.F.);
#13180 = EDGE_LOOP('',(#13181));
#13181 = ORIENTED_EDGE('',*,*,#13182,.T.);
#13182 = EDGE_CURVE('',#13183,#13183,#13185,.T.);
#13183 = VERTEX_POINT('',#13184);
#13184 = CARTESIAN_POINT('',(135.1,-82.584313,0.));
#13185 = CIRCLE('',#13186,0.15);
#13186 = AXIS2_PLACEMENT_3D('',#13187,#13188,#13189);
#13187 = CARTESIAN_POINT('',(135.1,-82.434313,0.));
#13188 = DIRECTION('',(-0.,0.,-1.));
#13189 = DIRECTION('',(-0.,-1.,0.));
#13190 = FACE_BOUND('',#13191,.F.);
#13191 = EDGE_LOOP('',(#13192));
#13192 = ORIENTED_EDGE('',*,*,#13193,.T.);
#13193 = EDGE_CURVE('',#13194,#13194,#13196,.T.);
#13194 = VERTEX_POINT('',#13195);
#13195 = CARTESIAN_POINT('',(137.73,-83.1,0.));
#13196 = CIRCLE('',#13197,0.15);
#13197 = AXIS2_PLACEMENT_3D('',#13198,#13199,#13200);
#13198 = CARTESIAN_POINT('',(137.73,-82.95,0.));
#13199 = DIRECTION('',(-0.,0.,-1.));
#13200 = DIRECTION('',(-1.894780628694E-13,-1.,0.));
#13201 = FACE_BOUND('',#13202,.F.);
#13202 = EDGE_LOOP('',(#13203));
#13203 = ORIENTED_EDGE('',*,*,#13204,.T.);
#13204 = EDGE_CURVE('',#13205,#13205,#13207,.T.);
#13205 = VERTEX_POINT('',#13206);
#13206 = CARTESIAN_POINT('',(134.,-79.15,0.));
#13207 = CIRCLE('',#13208,0.15);
#13208 = AXIS2_PLACEMENT_3D('',#13209,#13210,#13211);
#13209 = CARTESIAN_POINT('',(134.,-79.,0.));
#13210 = DIRECTION('',(-0.,0.,-1.));
#13211 = DIRECTION('',(-0.,-1.,0.));
#13212 = FACE_BOUND('',#13213,.F.);
#13213 = EDGE_LOOP('',(#13214));
#13214 = ORIENTED_EDGE('',*,*,#13215,.T.);
#13215 = EDGE_CURVE('',#13216,#13216,#13218,.T.);
#13216 = VERTEX_POINT('',#13217);
#13217 = CARTESIAN_POINT('',(136.5,-79.88,0.));
#13218 = CIRCLE('',#13219,0.15);
#13219 = AXIS2_PLACEMENT_3D('',#13220,#13221,#13222);
#13220 = CARTESIAN_POINT('',(136.5,-79.73,0.));
#13221 = DIRECTION('',(-0.,0.,-1.));
#13222 = DIRECTION('',(-0.,-1.,0.));
#13223 = FACE_BOUND('',#13224,.F.);
#13224 = EDGE_LOOP('',(#13225));
#13225 = ORIENTED_EDGE('',*,*,#13226,.T.);
#13226 = EDGE_CURVE('',#13227,#13227,#13229,.T.);
#13227 = VERTEX_POINT('',#13228);
#13228 = CARTESIAN_POINT('',(130.02,-75.15,0.));
#13229 = CIRCLE('',#13230,0.15);
#13230 = AXIS2_PLACEMENT_3D('',#13231,#13232,#13233);
#13231 = CARTESIAN_POINT('',(130.02,-75.,0.));
#13232 = DIRECTION('',(-0.,0.,-1.));
#13233 = DIRECTION('',(1.894780628694E-13,-1.,-0.));
#13234 = FACE_BOUND('',#13235,.F.);
#13235 = EDGE_LOOP('',(#13236));
#13236 = ORIENTED_EDGE('',*,*,#13237,.T.);
#13237 = EDGE_CURVE('',#13238,#13238,#13240,.T.);
#13238 = VERTEX_POINT('',#13239);
#13239 = CARTESIAN_POINT('',(130.98,-75.15,0.));
#13240 = CIRCLE('',#13241,0.15);
#13241 = AXIS2_PLACEMENT_3D('',#13242,#13243,#13244);
#13242 = CARTESIAN_POINT('',(130.98,-75.,0.));
#13243 = DIRECTION('',(-0.,0.,-1.));
#13244 = DIRECTION('',(-1.894780628694E-13,-1.,0.));
#13245 = FACE_BOUND('',#13246,.F.);
#13246 = EDGE_LOOP('',(#13247));
#13247 = ORIENTED_EDGE('',*,*,#13248,.T.);
#13248 = EDGE_CURVE('',#13249,#13249,#13251,.T.);
#13249 = VERTEX_POINT('',#13250);
#13250 = CARTESIAN_POINT('',(133.78,-77.15,0.));
#13251 = CIRCLE('',#13252,0.15);
#13252 = AXIS2_PLACEMENT_3D('',#13253,#13254,#13255);
#13253 = CARTESIAN_POINT('',(133.78,-77.,0.));
#13254 = DIRECTION('',(-0.,0.,-1.));
#13255 = DIRECTION('',(-0.,-1.,0.));
#13256 = FACE_BOUND('',#13257,.F.);
#13257 = EDGE_LOOP('',(#13258));
#13258 = ORIENTED_EDGE('',*,*,#13259,.T.);
#13259 = EDGE_CURVE('',#13260,#13260,#13262,.T.);
#13260 = VERTEX_POINT('',#13261);
#13261 = CARTESIAN_POINT('',(132.76,-75.15,0.));
#13262 = CIRCLE('',#13263,0.15);
#13263 = AXIS2_PLACEMENT_3D('',#13264,#13265,#13266);
#13264 = CARTESIAN_POINT('',(132.76,-75.,0.));
#13265 = DIRECTION('',(-0.,0.,-1.));
#13266 = DIRECTION('',(-0.,-1.,0.));
#13267 = FACE_BOUND('',#13268,.F.);
#13268 = EDGE_LOOP('',(#13269));
#13269 = ORIENTED_EDGE('',*,*,#13270,.T.);
#13270 = EDGE_CURVE('',#13271,#13271,#13273,.T.);
#13271 = VERTEX_POINT('',#13272);
#13272 = CARTESIAN_POINT('',(133.78,-75.15,0.));
#13273 = CIRCLE('',#13274,0.15);
#13274 = AXIS2_PLACEMENT_3D('',#13275,#13276,#13277);
#13275 = CARTESIAN_POINT('',(133.78,-75.,0.));
#13276 = DIRECTION('',(-0.,0.,-1.));
#13277 = DIRECTION('',(-0.,-1.,0.));
#13278 = FACE_BOUND('',#13279,.F.);
#13279 = EDGE_LOOP('',(#13280));
#13280 = ORIENTED_EDGE('',*,*,#13281,.T.);
#13281 = EDGE_CURVE('',#13282,#13282,#13284,.T.);
#13282 = VERTEX_POINT('',#13283);
#13283 = CARTESIAN_POINT('',(130.,-72.65,0.));
#13284 = CIRCLE('',#13285,0.15);
#13285 = AXIS2_PLACEMENT_3D('',#13286,#13287,#13288);
#13286 = CARTESIAN_POINT('',(130.,-72.5,0.));
#13287 = DIRECTION('',(-0.,0.,-1.));
#13288 = DIRECTION('',(-0.,-1.,0.));
#13289 = FACE_BOUND('',#13290,.F.);
#13290 = EDGE_LOOP('',(#13291));
#13291 = ORIENTED_EDGE('',*,*,#13292,.T.);
#13292 = EDGE_CURVE('',#13293,#13293,#13295,.T.);
#13293 = VERTEX_POINT('',#13294);
#13294 = CARTESIAN_POINT('',(136.5,-75.15,0.));
#13295 = CIRCLE('',#13296,0.15);
#13296 = AXIS2_PLACEMENT_3D('',#13297,#13298,#13299);
#13297 = CARTESIAN_POINT('',(136.5,-75.,0.));
#13298 = DIRECTION('',(-0.,0.,-1.));
#13299 = DIRECTION('',(-0.,-1.,0.));
#13300 = FACE_BOUND('',#13301,.F.);
#13301 = EDGE_LOOP('',(#13302));
#13302 = ORIENTED_EDGE('',*,*,#13303,.T.);
#13303 = EDGE_CURVE('',#13304,#13304,#13306,.T.);
#13304 = VERTEX_POINT('',#13305);
#13305 = CARTESIAN_POINT('',(134.,-72.65,0.));
#13306 = CIRCLE('',#13307,0.15);
#13307 = AXIS2_PLACEMENT_3D('',#13308,#13309,#13310);
#13308 = CARTESIAN_POINT('',(134.,-72.5,0.));
#13309 = DIRECTION('',(-0.,0.,-1.));
#13310 = DIRECTION('',(-0.,-1.,0.));
#13311 = FACE_BOUND('',#13312,.F.);
#13312 = EDGE_LOOP('',(#13313));
#13313 = ORIENTED_EDGE('',*,*,#13314,.T.);
#13314 = EDGE_CURVE('',#13315,#13315,#13317,.T.);
#13315 = VERTEX_POINT('',#13316);
#13316 = CARTESIAN_POINT('',(142.83,-83.55,0.));
#13317 = CIRCLE('',#13318,0.6);
#13318 = AXIS2_PLACEMENT_3D('',#13319,#13320,#13321);
#13319 = CARTESIAN_POINT('',(142.83,-82.95,0.));
#13320 = DIRECTION('',(-0.,0.,-1.));
#13321 = DIRECTION('',(4.736951571734E-14,-1.,-0.));
#13322 = FACE_BOUND('',#13323,.F.);
#13323 = EDGE_LOOP('',(#13324));
#13324 = ORIENTED_EDGE('',*,*,#13325,.T.);
#13325 = EDGE_CURVE('',#13326,#13326,#13328,.T.);
#13326 = VERTEX_POINT('',#13327);
#13327 = CARTESIAN_POINT('',(142.83,-80.05,0.));
#13328 = CIRCLE('',#13329,0.6);
#13329 = AXIS2_PLACEMENT_3D('',#13330,#13331,#13332);
#13330 = CARTESIAN_POINT('',(142.83,-79.45,0.));
#13331 = DIRECTION('',(-0.,0.,-1.));
#13332 = DIRECTION('',(4.736951571734E-14,-1.,-0.));
#13333 = FACE_BOUND('',#13334,.F.);
#13334 = EDGE_LOOP('',(#13335));
#13335 = ORIENTED_EDGE('',*,*,#13336,.T.);
#13336 = EDGE_CURVE('',#13337,#13337,#13339,.T.);
#13337 = VERTEX_POINT('',#13338);
#13338 = CARTESIAN_POINT('',(142.83,-76.55,0.));
#13339 = CIRCLE('',#13340,0.6);
#13340 = AXIS2_PLACEMENT_3D('',#13341,#13342,#13343);
#13341 = CARTESIAN_POINT('',(142.83,-75.95,0.));
#13342 = DIRECTION('',(-0.,0.,-1.));
#13343 = DIRECTION('',(4.736951571734E-14,-1.,-0.));
#13344 = FACE_BOUND('',#13345,.F.);
#13345 = EDGE_LOOP('',(#13346));
#13346 = ORIENTED_EDGE('',*,*,#13347,.T.);
#13347 = EDGE_CURVE('',#13348,#13348,#13350,.T.);
#13348 = VERTEX_POINT('',#13349);
#13349 = CARTESIAN_POINT('',(142.83,-73.05,0.));
#13350 = CIRCLE('',#13351,0.6);
#13351 = AXIS2_PLACEMENT_3D('',#13352,#13353,#13354);
#13352 = CARTESIAN_POINT('',(142.83,-72.45,0.));
#13353 = DIRECTION('',(-0.,0.,-1.));
#13354 = DIRECTION('',(4.736951571734E-14,-1.,-0.));
#13355 = FACE_BOUND('',#13356,.F.);
#13356 = EDGE_LOOP('',(#13357));
#13357 = ORIENTED_EDGE('',*,*,#13358,.T.);
#13358 = EDGE_CURVE('',#13359,#13359,#13361,.T.);
#13359 = VERTEX_POINT('',#13360);
#13360 = CARTESIAN_POINT('',(135.5,-70.15,0.));
#13361 = CIRCLE('',#13362,0.15);
#13362 = AXIS2_PLACEMENT_3D('',#13363,#13364,#13365);
#13363 = CARTESIAN_POINT('',(135.5,-70.,0.));
#13364 = DIRECTION('',(-0.,0.,-1.));
#13365 = DIRECTION('',(-0.,-1.,0.));
#13366 = FACE_BOUND('',#13367,.F.);
#13367 = EDGE_LOOP('',(#13368));
#13368 = ORIENTED_EDGE('',*,*,#13369,.T.);
#13369 = EDGE_CURVE('',#13370,#13370,#13372,.T.);
#13370 = VERTEX_POINT('',#13371);
#13371 = CARTESIAN_POINT('',(129.92,-65.15,0.));
#13372 = CIRCLE('',#13373,0.65);
#13373 = AXIS2_PLACEMENT_3D('',#13374,#13375,#13376);
#13374 = CARTESIAN_POINT('',(129.92,-64.5,0.));
#13375 = DIRECTION('',(-0.,0.,-1.));
#13376 = DIRECTION('',(-4.372570681601E-14,-1.,0.));
#13377 = FACE_BOUND('',#13378,.F.);
#13378 = EDGE_LOOP('',(#13379));
#13379 = ORIENTED_EDGE('',*,*,#13380,.T.);
#13380 = EDGE_CURVE('',#13381,#13381,#13383,.T.);
#13381 = VERTEX_POINT('',#13382);
#13382 = CARTESIAN_POINT('',(135.,-65.15,0.));
#13383 = CIRCLE('',#13384,0.65);
#13384 = AXIS2_PLACEMENT_3D('',#13385,#13386,#13387);
#13385 = CARTESIAN_POINT('',(135.,-64.5,0.));
#13386 = DIRECTION('',(-0.,0.,-1.));
#13387 = DIRECTION('',(-0.,-1.,0.));
#13388 = FACE_BOUND('',#13389,.F.);
#13389 = EDGE_LOOP('',(#13390));
#13390 = ORIENTED_EDGE('',*,*,#13391,.T.);
#13391 = EDGE_CURVE('',#13392,#13392,#13394,.T.);
#13392 = VERTEX_POINT('',#13393);
#13393 = CARTESIAN_POINT('',(142.83,-69.55,0.));
#13394 = CIRCLE('',#13395,0.6);
#13395 = AXIS2_PLACEMENT_3D('',#13396,#13397,#13398);
#13396 = CARTESIAN_POINT('',(142.83,-68.95,0.));
#13397 = DIRECTION('',(-0.,0.,-1.));
#13398 = DIRECTION('',(4.736951571734E-14,-1.,-0.));
#13399 = FACE_BOUND('',#13400,.F.);
#13400 = EDGE_LOOP('',(#13401));
#13401 = ORIENTED_EDGE('',*,*,#13402,.T.);
#13402 = EDGE_CURVE('',#13403,#13403,#13405,.T.);
#13403 = VERTEX_POINT('',#13404);
#13404 = CARTESIAN_POINT('',(143.62,-64.1,0.));
#13405 = CIRCLE('',#13406,1.6);
#13406 = AXIS2_PLACEMENT_3D('',#13407,#13408,#13409);
#13407 = CARTESIAN_POINT('',(143.62,-62.5,0.));
#13408 = DIRECTION('',(-0.,0.,-1.));
#13409 = DIRECTION('',(-0.,-1.,0.));
#13410 = PLANE('',#13411);
#13411 = AXIS2_PLACEMENT_3D('',#13412,#13413,#13414);
#13412 = CARTESIAN_POINT('',(0.,0.,0.));
#13413 = DIRECTION('',(0.,0.,1.));
#13414 = DIRECTION('',(1.,0.,-0.));
#13415 = ADVANCED_FACE('',(#13416,#13462,#13473,#13484,#13495,#13506,
    #13517,#13528,#13539,#13550,#13561,#13572,#13583,#13594,#13605,
    #13616,#13627,#13638,#13649,#13660,#13671,#13682,#13693,#13704,
    #13715,#13726,#13737,#13748,#13759,#13770,#13781,#13792,#13803,
    #13814,#13825,#13836,#13847,#13858,#13869,#13880,#13891,#13902,
    #13913,#13924,#13935,#13946,#13957,#13968,#13979,#13990,#14001,
    #14012,#14023,#14034,#14045,#14056,#14067,#14078,#14089,#14100,
    #14111,#14122,#14133,#14144,#14155,#14166,#14177,#14188,#14199,
    #14210,#14221,#14232,#14243,#14254,#14265,#14276,#14287,#14298,
    #14309,#14320,#14331,#14342,#14353,#14364,#14375,#14386,#14397,
    #14408,#14419,#14430,#14441,#14452,#14463,#14474,#14485,#14496,
    #14507,#14518,#14529),#14540,.T.);
#13416 = FACE_BOUND('',#13417,.T.);
#13417 = EDGE_LOOP('',(#13418,#13419,#13420,#13429,#13437,#13446,#13454,
    #13461));
#13418 = ORIENTED_EDGE('',*,*,#12195,.F.);
#13419 = ORIENTED_EDGE('',*,*,#12237,.F.);
#13420 = ORIENTED_EDGE('',*,*,#13421,.F.);
#13421 = EDGE_CURVE('',#13422,#12230,#13424,.T.);
#13422 = VERTEX_POINT('',#13423);
#13423 = CARTESIAN_POINT('',(110.8,-62.445,1.51));
#13424 = CIRCLE('',#13425,4.999999678834);
#13425 = AXIS2_PLACEMENT_3D('',#13426,#13427,#13428);
#13426 = CARTESIAN_POINT('',(115.79999967883,-62.44499967883,1.51));
#13427 = DIRECTION('',(0.,0.,-1.));
#13428 = DIRECTION('',(-1.,-6.423314275614E-08,-0.));
#13429 = ORIENTED_EDGE('',*,*,#13430,.F.);
#13430 = EDGE_CURVE('',#13431,#13422,#13433,.T.);
#13431 = VERTEX_POINT('',#13432);
#13432 = CARTESIAN_POINT('',(110.8,-104.955,1.51));
#13433 = LINE('',#13434,#13435);
#13434 = CARTESIAN_POINT('',(110.8,-104.955,1.51));
#13435 = VECTOR('',#13436,1.);
#13436 = DIRECTION('',(0.,1.,0.));
#13437 = ORIENTED_EDGE('',*,*,#13438,.F.);
#13438 = EDGE_CURVE('',#13439,#13431,#13441,.T.);
#13439 = VERTEX_POINT('',#13440);
#13440 = CARTESIAN_POINT('',(115.8,-109.955,1.51));
#13441 = CIRCLE('',#13442,4.999999678834);
#13442 = AXIS2_PLACEMENT_3D('',#13443,#13444,#13445);
#13443 = CARTESIAN_POINT('',(115.79999967883,-104.9550003211,1.51));
#13444 = DIRECTION('',(0.,0.,-1.));
#13445 = DIRECTION('',(6.423314417722E-08,-1.,0.));
#13446 = ORIENTED_EDGE('',*,*,#13447,.F.);
#13447 = EDGE_CURVE('',#13448,#13439,#13450,.T.);
#13448 = VERTEX_POINT('',#13449);
#13449 = CARTESIAN_POINT('',(142.8,-109.955,1.51));
#13450 = LINE('',#13451,#13452);
#13451 = CARTESIAN_POINT('',(142.8,-109.955,1.51));
#13452 = VECTOR('',#13453,1.);
#13453 = DIRECTION('',(-1.,0.,0.));
#13454 = ORIENTED_EDGE('',*,*,#13455,.F.);
#13455 = EDGE_CURVE('',#12260,#13448,#13456,.T.);
#13456 = CIRCLE('',#13457,4.999999678834);
#13457 = AXIS2_PLACEMENT_3D('',#13458,#13459,#13460);
#13458 = CARTESIAN_POINT('',(142.80000032116,-104.9550003211,1.51));
#13459 = DIRECTION('',(0.,0.,-1.));
#13460 = DIRECTION('',(1.,6.423313849288E-08,0.));
#13461 = ORIENTED_EDGE('',*,*,#12259,.F.);
#13462 = FACE_BOUND('',#13463,.T.);
#13463 = EDGE_LOOP('',(#13464));
#13464 = ORIENTED_EDGE('',*,*,#13465,.T.);
#13465 = EDGE_CURVE('',#13466,#13466,#13468,.T.);
#13466 = VERTEX_POINT('',#13467);
#13467 = CARTESIAN_POINT('',(115.,-106.89,1.51));
#13468 = CIRCLE('',#13469,1.6);
#13469 = AXIS2_PLACEMENT_3D('',#13470,#13471,#13472);
#13470 = CARTESIAN_POINT('',(115.,-105.29,1.51));
#13471 = DIRECTION('',(-0.,0.,-1.));
#13472 = DIRECTION('',(-0.,-1.,0.));
#13473 = FACE_BOUND('',#13474,.T.);
#13474 = EDGE_LOOP('',(#13475));
#13475 = ORIENTED_EDGE('',*,*,#13476,.T.);
#13476 = EDGE_CURVE('',#13477,#13477,#13479,.T.);
#13477 = VERTEX_POINT('',#13478);
#13478 = CARTESIAN_POINT('',(120.46,-92.14,1.51));
#13479 = CIRCLE('',#13480,0.15);
#13480 = AXIS2_PLACEMENT_3D('',#13481,#13482,#13483);
#13481 = CARTESIAN_POINT('',(120.46,-91.99,1.51));
#13482 = DIRECTION('',(-0.,0.,-1.));
#13483 = DIRECTION('',(-9.473903143469E-14,-1.,0.));
#13484 = FACE_BOUND('',#13485,.T.);
#13485 = EDGE_LOOP('',(#13486));
#13486 = ORIENTED_EDGE('',*,*,#13487,.T.);
#13487 = EDGE_CURVE('',#13488,#13488,#13490,.T.);
#13488 = VERTEX_POINT('',#13489);
#13489 = CARTESIAN_POINT('',(121.97,-90.42,1.51));
#13490 = CIRCLE('',#13491,0.15);
#13491 = AXIS2_PLACEMENT_3D('',#13492,#13493,#13494);
#13492 = CARTESIAN_POINT('',(121.97,-90.27,1.51));
#13493 = DIRECTION('',(-0.,0.,-1.));
#13494 = DIRECTION('',(-0.,-1.,0.));
#13495 = FACE_BOUND('',#13496,.T.);
#13496 = EDGE_LOOP('',(#13497));
#13497 = ORIENTED_EDGE('',*,*,#13498,.T.);
#13498 = EDGE_CURVE('',#13499,#13499,#13501,.T.);
#13499 = VERTEX_POINT('',#13500);
#13500 = CARTESIAN_POINT('',(125.36,-90.79,1.51));
#13501 = CIRCLE('',#13502,0.15);
#13502 = AXIS2_PLACEMENT_3D('',#13503,#13504,#13505);
#13503 = CARTESIAN_POINT('',(125.36,-90.64,1.51));
#13504 = DIRECTION('',(-0.,0.,-1.));
#13505 = DIRECTION('',(-0.,-1.,0.));
#13506 = FACE_BOUND('',#13507,.T.);
#13507 = EDGE_LOOP('',(#13508));
#13508 = ORIENTED_EDGE('',*,*,#13509,.T.);
#13509 = EDGE_CURVE('',#13510,#13510,#13512,.T.);
#13510 = VERTEX_POINT('',#13511);
#13511 = CARTESIAN_POINT('',(126.5,-92.74,1.51));
#13512 = CIRCLE('',#13513,0.15);
#13513 = AXIS2_PLACEMENT_3D('',#13514,#13515,#13516);
#13514 = CARTESIAN_POINT('',(126.5,-92.59,1.51));
#13515 = DIRECTION('',(-0.,0.,-1.));
#13516 = DIRECTION('',(-0.,-1.,0.));
#13517 = FACE_BOUND('',#13518,.T.);
#13518 = EDGE_LOOP('',(#13519));
#13519 = ORIENTED_EDGE('',*,*,#13520,.T.);
#13520 = EDGE_CURVE('',#13521,#13521,#13523,.T.);
#13521 = VERTEX_POINT('',#13522);
#13522 = CARTESIAN_POINT('',(127.,-87.15,1.51));
#13523 = CIRCLE('',#13524,0.15);
#13524 = AXIS2_PLACEMENT_3D('',#13525,#13526,#13527);
#13525 = CARTESIAN_POINT('',(127.,-87.,1.51));
#13526 = DIRECTION('',(-0.,0.,-1.));
#13527 = DIRECTION('',(-0.,-1.,0.));
#13528 = FACE_BOUND('',#13529,.T.);
#13529 = EDGE_LOOP('',(#13530));
#13530 = ORIENTED_EDGE('',*,*,#13531,.T.);
#13531 = EDGE_CURVE('',#13532,#13532,#13534,.T.);
#13532 = VERTEX_POINT('',#13533);
#13533 = CARTESIAN_POINT('',(137.18,-95.46,1.51));
#13534 = CIRCLE('',#13535,0.15);
#13535 = AXIS2_PLACEMENT_3D('',#13536,#13537,#13538);
#13536 = CARTESIAN_POINT('',(137.18,-95.31,1.51));
#13537 = DIRECTION('',(-0.,0.,-1.));
#13538 = DIRECTION('',(-0.,-1.,0.));
#13539 = FACE_BOUND('',#13540,.T.);
#13540 = EDGE_LOOP('',(#13541));
#13541 = ORIENTED_EDGE('',*,*,#13542,.T.);
#13542 = EDGE_CURVE('',#13543,#13543,#13545,.T.);
#13543 = VERTEX_POINT('',#13544);
#13544 = CARTESIAN_POINT('',(143.62,-106.89,1.51));
#13545 = CIRCLE('',#13546,1.6);
#13546 = AXIS2_PLACEMENT_3D('',#13547,#13548,#13549);
#13547 = CARTESIAN_POINT('',(143.62,-105.29,1.51));
#13548 = DIRECTION('',(-0.,0.,-1.));
#13549 = DIRECTION('',(-0.,-1.,0.));
#13550 = FACE_BOUND('',#13551,.T.);
#13551 = EDGE_LOOP('',(#13552));
#13552 = ORIENTED_EDGE('',*,*,#13553,.T.);
#13553 = EDGE_CURVE('',#13554,#13554,#13556,.T.);
#13554 = VERTEX_POINT('',#13555);
#13555 = CARTESIAN_POINT('',(141.59125,-96.87125,1.51));
#13556 = CIRCLE('',#13557,1.E-01);
#13557 = AXIS2_PLACEMENT_3D('',#13558,#13559,#13560);
#13558 = CARTESIAN_POINT('',(141.59125,-96.77125,1.51));
#13559 = DIRECTION('',(-0.,0.,-1.));
#13560 = DIRECTION('',(-0.,-1.,0.));
#13561 = FACE_BOUND('',#13562,.T.);
#13562 = EDGE_LOOP('',(#13563));
#13563 = ORIENTED_EDGE('',*,*,#13564,.T.);
#13564 = EDGE_CURVE('',#13565,#13565,#13567,.T.);
#13565 = VERTEX_POINT('',#13566);
#13566 = CARTESIAN_POINT('',(141.59125,-95.87125,1.51));
#13567 = CIRCLE('',#13568,1.E-01);
#13568 = AXIS2_PLACEMENT_3D('',#13569,#13570,#13571);
#13569 = CARTESIAN_POINT('',(141.59125,-95.77125,1.51));
#13570 = DIRECTION('',(-0.,0.,-1.));
#13571 = DIRECTION('',(-0.,-1.,0.));
#13572 = FACE_BOUND('',#13573,.T.);
#13573 = EDGE_LOOP('',(#13574));
#13574 = ORIENTED_EDGE('',*,*,#13575,.T.);
#13575 = EDGE_CURVE('',#13576,#13576,#13578,.T.);
#13576 = VERTEX_POINT('',#13577);
#13577 = CARTESIAN_POINT('',(142.59125,-96.87125,1.51));
#13578 = CIRCLE('',#13579,1.E-01);
#13579 = AXIS2_PLACEMENT_3D('',#13580,#13581,#13582);
#13580 = CARTESIAN_POINT('',(142.59125,-96.77125,1.51));
#13581 = DIRECTION('',(-0.,0.,-1.));
#13582 = DIRECTION('',(-0.,-1.,0.));
#13583 = FACE_BOUND('',#13584,.T.);
#13584 = EDGE_LOOP('',(#13585));
#13585 = ORIENTED_EDGE('',*,*,#13586,.T.);
#13586 = EDGE_CURVE('',#13587,#13587,#13589,.T.);
#13587 = VERTEX_POINT('',#13588);
#13588 = CARTESIAN_POINT('',(143.59125,-96.87125,1.51));
#13589 = CIRCLE('',#13590,1.E-01);
#13590 = AXIS2_PLACEMENT_3D('',#13591,#13592,#13593);
#13591 = CARTESIAN_POINT('',(143.59125,-96.77125,1.51));
#13592 = DIRECTION('',(-0.,0.,-1.));
#13593 = DIRECTION('',(-0.,-1.,0.));
#13594 = FACE_BOUND('',#13595,.T.);
#13595 = EDGE_LOOP('',(#13596));
#13596 = ORIENTED_EDGE('',*,*,#13597,.T.);
#13597 = EDGE_CURVE('',#13598,#13598,#13600,.T.);
#13598 = VERTEX_POINT('',#13599);
#13599 = CARTESIAN_POINT('',(142.59125,-95.87125,1.51));
#13600 = CIRCLE('',#13601,1.E-01);
#13601 = AXIS2_PLACEMENT_3D('',#13602,#13603,#13604);
#13602 = CARTESIAN_POINT('',(142.59125,-95.77125,1.51));
#13603 = DIRECTION('',(-0.,0.,-1.));
#13604 = DIRECTION('',(-0.,-1.,0.));
#13605 = FACE_BOUND('',#13606,.T.);
#13606 = EDGE_LOOP('',(#13607));
#13607 = ORIENTED_EDGE('',*,*,#13608,.T.);
#13608 = EDGE_CURVE('',#13609,#13609,#13611,.T.);
#13609 = VERTEX_POINT('',#13610);
#13610 = CARTESIAN_POINT('',(143.59125,-95.87125,1.51));
#13611 = CIRCLE('',#13612,1.E-01);
#13612 = AXIS2_PLACEMENT_3D('',#13613,#13614,#13615);
#13613 = CARTESIAN_POINT('',(143.59125,-95.77125,1.51));
#13614 = DIRECTION('',(-0.,0.,-1.));
#13615 = DIRECTION('',(-0.,-1.,0.));
#13616 = FACE_BOUND('',#13617,.T.);
#13617 = EDGE_LOOP('',(#13618));
#13618 = ORIENTED_EDGE('',*,*,#13619,.T.);
#13619 = EDGE_CURVE('',#13620,#13620,#13622,.T.);
#13620 = VERTEX_POINT('',#13621);
#13621 = CARTESIAN_POINT('',(146.01,-95.9,1.51));
#13622 = CIRCLE('',#13623,0.15);
#13623 = AXIS2_PLACEMENT_3D('',#13624,#13625,#13626);
#13624 = CARTESIAN_POINT('',(146.01,-95.75,1.51));
#13625 = DIRECTION('',(-0.,0.,-1.));
#13626 = DIRECTION('',(-0.,-1.,0.));
#13627 = FACE_BOUND('',#13628,.T.);
#13628 = EDGE_LOOP('',(#13629));
#13629 = ORIENTED_EDGE('',*,*,#13630,.T.);
#13630 = EDGE_CURVE('',#13631,#13631,#13633,.T.);
#13631 = VERTEX_POINT('',#13632);
#13632 = CARTESIAN_POINT('',(133.39,-93.19,1.51));
#13633 = CIRCLE('',#13634,0.15);
#13634 = AXIS2_PLACEMENT_3D('',#13635,#13636,#13637);
#13635 = CARTESIAN_POINT('',(133.39,-93.04,1.51));
#13636 = DIRECTION('',(-0.,0.,-1.));
#13637 = DIRECTION('',(-0.,-1.,0.));
#13638 = FACE_BOUND('',#13639,.T.);
#13639 = EDGE_LOOP('',(#13640));
#13640 = ORIENTED_EDGE('',*,*,#13641,.T.);
#13641 = EDGE_CURVE('',#13642,#13642,#13644,.T.);
#13642 = VERTEX_POINT('',#13643);
#13643 = CARTESIAN_POINT('',(132.47,-89.66,1.51));
#13644 = CIRCLE('',#13645,0.15);
#13645 = AXIS2_PLACEMENT_3D('',#13646,#13647,#13648);
#13646 = CARTESIAN_POINT('',(132.47,-89.51,1.51));
#13647 = DIRECTION('',(-0.,0.,-1.));
#13648 = DIRECTION('',(-0.,-1.,0.));
#13649 = FACE_BOUND('',#13650,.T.);
#13650 = EDGE_LOOP('',(#13651));
#13651 = ORIENTED_EDGE('',*,*,#13652,.T.);
#13652 = EDGE_CURVE('',#13653,#13653,#13655,.T.);
#13653 = VERTEX_POINT('',#13654);
#13654 = CARTESIAN_POINT('',(135.58,-92.46,1.51));
#13655 = CIRCLE('',#13656,0.15);
#13656 = AXIS2_PLACEMENT_3D('',#13657,#13658,#13659);
#13657 = CARTESIAN_POINT('',(135.58,-92.31,1.51));
#13658 = DIRECTION('',(-0.,0.,-1.));
#13659 = DIRECTION('',(1.894780628693E-13,-1.,-0.));
#13660 = FACE_BOUND('',#13661,.T.);
#13661 = EDGE_LOOP('',(#13662));
#13662 = ORIENTED_EDGE('',*,*,#13663,.T.);
#13663 = EDGE_CURVE('',#13664,#13664,#13666,.T.);
#13664 = VERTEX_POINT('',#13665);
#13665 = CARTESIAN_POINT('',(136.86,-90.91,1.51));
#13666 = CIRCLE('',#13667,0.15);
#13667 = AXIS2_PLACEMENT_3D('',#13668,#13669,#13670);
#13668 = CARTESIAN_POINT('',(136.86,-90.76,1.51));
#13669 = DIRECTION('',(-0.,0.,-1.));
#13670 = DIRECTION('',(-0.,-1.,0.));
#13671 = FACE_BOUND('',#13672,.T.);
#13672 = EDGE_LOOP('',(#13673));
#13673 = ORIENTED_EDGE('',*,*,#13674,.T.);
#13674 = EDGE_CURVE('',#13675,#13675,#13677,.T.);
#13675 = VERTEX_POINT('',#13676);
#13676 = CARTESIAN_POINT('',(136.02,-89.65,1.51));
#13677 = CIRCLE('',#13678,0.15);
#13678 = AXIS2_PLACEMENT_3D('',#13679,#13680,#13681);
#13679 = CARTESIAN_POINT('',(136.02,-89.5,1.51));
#13680 = DIRECTION('',(-0.,0.,-1.));
#13681 = DIRECTION('',(1.894780628694E-13,-1.,-0.));
#13682 = FACE_BOUND('',#13683,.T.);
#13683 = EDGE_LOOP('',(#13684));
#13684 = ORIENTED_EDGE('',*,*,#13685,.T.);
#13685 = EDGE_CURVE('',#13686,#13686,#13688,.T.);
#13686 = VERTEX_POINT('',#13687);
#13687 = CARTESIAN_POINT('',(136.98,-89.65,1.51));
#13688 = CIRCLE('',#13689,0.15);
#13689 = AXIS2_PLACEMENT_3D('',#13690,#13691,#13692);
#13690 = CARTESIAN_POINT('',(136.98,-89.5,1.51));
#13691 = DIRECTION('',(-0.,0.,-1.));
#13692 = DIRECTION('',(-1.894780628694E-13,-1.,0.));
#13693 = FACE_BOUND('',#13694,.T.);
#13694 = EDGE_LOOP('',(#13695));
#13695 = ORIENTED_EDGE('',*,*,#13696,.T.);
#13696 = EDGE_CURVE('',#13697,#13697,#13699,.T.);
#13697 = VERTEX_POINT('',#13698);
#13698 = CARTESIAN_POINT('',(130.,-88.165,1.51));
#13699 = CIRCLE('',#13700,0.15);
#13700 = AXIS2_PLACEMENT_3D('',#13701,#13702,#13703);
#13701 = CARTESIAN_POINT('',(130.,-88.015,1.51));
#13702 = DIRECTION('',(-0.,0.,-1.));
#13703 = DIRECTION('',(-0.,-1.,0.));
#13704 = FACE_BOUND('',#13705,.T.);
#13705 = EDGE_LOOP('',(#13706));
#13706 = ORIENTED_EDGE('',*,*,#13707,.T.);
#13707 = EDGE_CURVE('',#13708,#13708,#13710,.T.);
#13708 = VERTEX_POINT('',#13709);
#13709 = CARTESIAN_POINT('',(131.739188,-89.251879,1.51));
#13710 = CIRCLE('',#13711,0.15);
#13711 = AXIS2_PLACEMENT_3D('',#13712,#13713,#13714);
#13712 = CARTESIAN_POINT('',(131.739188,-89.101879,1.51));
#13713 = DIRECTION('',(-0.,0.,-1.));
#13714 = DIRECTION('',(-0.,-1.,0.));
#13715 = FACE_BOUND('',#13716,.T.);
#13716 = EDGE_LOOP('',(#13717));
#13717 = ORIENTED_EDGE('',*,*,#13718,.T.);
#13718 = EDGE_CURVE('',#13719,#13719,#13721,.T.);
#13719 = VERTEX_POINT('',#13720);
#13720 = CARTESIAN_POINT('',(132.8,-87.8,1.51));
#13721 = CIRCLE('',#13722,0.15);
#13722 = AXIS2_PLACEMENT_3D('',#13723,#13724,#13725);
#13723 = CARTESIAN_POINT('',(132.8,-87.65,1.51));
#13724 = DIRECTION('',(-0.,0.,-1.));
#13725 = DIRECTION('',(-0.,-1.,0.));
#13726 = FACE_BOUND('',#13727,.T.);
#13727 = EDGE_LOOP('',(#13728));
#13728 = ORIENTED_EDGE('',*,*,#13729,.T.);
#13729 = EDGE_CURVE('',#13730,#13730,#13732,.T.);
#13730 = VERTEX_POINT('',#13731);
#13731 = CARTESIAN_POINT('',(129.8625,-84.4,1.51));
#13732 = CIRCLE('',#13733,0.1);
#13733 = AXIS2_PLACEMENT_3D('',#13734,#13735,#13736);
#13734 = CARTESIAN_POINT('',(129.8625,-84.3,1.51));
#13735 = DIRECTION('',(-0.,0.,-1.));
#13736 = DIRECTION('',(-0.,-1.,0.));
#13737 = FACE_BOUND('',#13738,.T.);
#13738 = EDGE_LOOP('',(#13739));
#13739 = ORIENTED_EDGE('',*,*,#13740,.T.);
#13740 = EDGE_CURVE('',#13741,#13741,#13743,.T.);
#13741 = VERTEX_POINT('',#13742);
#13742 = CARTESIAN_POINT('',(130.8625,-84.4,1.51));
#13743 = CIRCLE('',#13744,0.1);
#13744 = AXIS2_PLACEMENT_3D('',#13745,#13746,#13747);
#13745 = CARTESIAN_POINT('',(130.8625,-84.3,1.51));
#13746 = DIRECTION('',(-0.,0.,-1.));
#13747 = DIRECTION('',(-0.,-1.,0.));
#13748 = FACE_BOUND('',#13749,.T.);
#13749 = EDGE_LOOP('',(#13750));
#13750 = ORIENTED_EDGE('',*,*,#13751,.T.);
#13751 = EDGE_CURVE('',#13752,#13752,#13754,.T.);
#13752 = VERTEX_POINT('',#13753);
#13753 = CARTESIAN_POINT('',(131.8625,-84.4,1.51));
#13754 = CIRCLE('',#13755,0.1);
#13755 = AXIS2_PLACEMENT_3D('',#13756,#13757,#13758);
#13756 = CARTESIAN_POINT('',(131.8625,-84.3,1.51));
#13757 = DIRECTION('',(-0.,0.,-1.));
#13758 = DIRECTION('',(-0.,-1.,0.));
#13759 = FACE_BOUND('',#13760,.T.);
#13760 = EDGE_LOOP('',(#13761));
#13761 = ORIENTED_EDGE('',*,*,#13762,.T.);
#13762 = EDGE_CURVE('',#13763,#13763,#13765,.T.);
#13763 = VERTEX_POINT('',#13764);
#13764 = CARTESIAN_POINT('',(134.,-88.69,1.51));
#13765 = CIRCLE('',#13766,0.15);
#13766 = AXIS2_PLACEMENT_3D('',#13767,#13768,#13769);
#13767 = CARTESIAN_POINT('',(134.,-88.54,1.51));
#13768 = DIRECTION('',(-0.,0.,-1.));
#13769 = DIRECTION('',(-0.,-1.,0.));
#13770 = FACE_BOUND('',#13771,.T.);
#13771 = EDGE_LOOP('',(#13772));
#13772 = ORIENTED_EDGE('',*,*,#13773,.T.);
#13773 = EDGE_CURVE('',#13774,#13774,#13776,.T.);
#13774 = VERTEX_POINT('',#13775);
#13775 = CARTESIAN_POINT('',(137.03,-87.65,1.51));
#13776 = CIRCLE('',#13777,0.15);
#13777 = AXIS2_PLACEMENT_3D('',#13778,#13779,#13780);
#13778 = CARTESIAN_POINT('',(137.03,-87.5,1.51));
#13779 = DIRECTION('',(-0.,0.,-1.));
#13780 = DIRECTION('',(-0.,-1.,0.));
#13781 = FACE_BOUND('',#13782,.T.);
#13782 = EDGE_LOOP('',(#13783));
#13783 = ORIENTED_EDGE('',*,*,#13784,.T.);
#13784 = EDGE_CURVE('',#13785,#13785,#13787,.T.);
#13785 = VERTEX_POINT('',#13786);
#13786 = CARTESIAN_POINT('',(134.15,-86.36,1.51));
#13787 = CIRCLE('',#13788,0.15);
#13788 = AXIS2_PLACEMENT_3D('',#13789,#13790,#13791);
#13789 = CARTESIAN_POINT('',(134.15,-86.21,1.51));
#13790 = DIRECTION('',(-0.,0.,-1.));
#13791 = DIRECTION('',(-0.,-1.,0.));
#13792 = FACE_BOUND('',#13793,.T.);
#13793 = EDGE_LOOP('',(#13794));
#13794 = ORIENTED_EDGE('',*,*,#13795,.T.);
#13795 = EDGE_CURVE('',#13796,#13796,#13798,.T.);
#13796 = VERTEX_POINT('',#13797);
#13797 = CARTESIAN_POINT('',(136.,-84.15,1.51));
#13798 = CIRCLE('',#13799,0.15);
#13799 = AXIS2_PLACEMENT_3D('',#13800,#13801,#13802);
#13800 = CARTESIAN_POINT('',(136.,-84.,1.51));
#13801 = DIRECTION('',(-0.,0.,-1.));
#13802 = DIRECTION('',(-0.,-1.,0.));
#13803 = FACE_BOUND('',#13804,.T.);
#13804 = EDGE_LOOP('',(#13805));
#13805 = ORIENTED_EDGE('',*,*,#13806,.T.);
#13806 = EDGE_CURVE('',#13807,#13807,#13809,.T.);
#13807 = VERTEX_POINT('',#13808);
#13808 = CARTESIAN_POINT('',(141.59125,-94.87125,1.51));
#13809 = CIRCLE('',#13810,1.E-01);
#13810 = AXIS2_PLACEMENT_3D('',#13811,#13812,#13813);
#13811 = CARTESIAN_POINT('',(141.59125,-94.77125,1.51));
#13812 = DIRECTION('',(-0.,0.,-1.));
#13813 = DIRECTION('',(-0.,-1.,0.));
#13814 = FACE_BOUND('',#13815,.T.);
#13815 = EDGE_LOOP('',(#13816));
#13816 = ORIENTED_EDGE('',*,*,#13817,.T.);
#13817 = EDGE_CURVE('',#13818,#13818,#13820,.T.);
#13818 = VERTEX_POINT('',#13819);
#13819 = CARTESIAN_POINT('',(140.5,-93.,1.51));
#13820 = CIRCLE('',#13821,0.15);
#13821 = AXIS2_PLACEMENT_3D('',#13822,#13823,#13824);
#13822 = CARTESIAN_POINT('',(140.5,-92.85,1.51));
#13823 = DIRECTION('',(-0.,0.,-1.));
#13824 = DIRECTION('',(-0.,-1.,0.));
#13825 = FACE_BOUND('',#13826,.T.);
#13826 = EDGE_LOOP('',(#13827));
#13827 = ORIENTED_EDGE('',*,*,#13828,.T.);
#13828 = EDGE_CURVE('',#13829,#13829,#13831,.T.);
#13829 = VERTEX_POINT('',#13830);
#13830 = CARTESIAN_POINT('',(140.29,-91.32,1.51));
#13831 = CIRCLE('',#13832,0.15);
#13832 = AXIS2_PLACEMENT_3D('',#13833,#13834,#13835);
#13833 = CARTESIAN_POINT('',(140.29,-91.17,1.51));
#13834 = DIRECTION('',(-0.,0.,-1.));
#13835 = DIRECTION('',(-0.,-1.,0.));
#13836 = FACE_BOUND('',#13837,.T.);
#13837 = EDGE_LOOP('',(#13838));
#13838 = ORIENTED_EDGE('',*,*,#13839,.T.);
#13839 = EDGE_CURVE('',#13840,#13840,#13842,.T.);
#13840 = VERTEX_POINT('',#13841);
#13841 = CARTESIAN_POINT('',(142.59125,-94.87125,1.51));
#13842 = CIRCLE('',#13843,1.E-01);
#13843 = AXIS2_PLACEMENT_3D('',#13844,#13845,#13846);
#13844 = CARTESIAN_POINT('',(142.59125,-94.77125,1.51));
#13845 = DIRECTION('',(-0.,0.,-1.));
#13846 = DIRECTION('',(-0.,-1.,0.));
#13847 = FACE_BOUND('',#13848,.T.);
#13848 = EDGE_LOOP('',(#13849));
#13849 = ORIENTED_EDGE('',*,*,#13850,.T.);
#13850 = EDGE_CURVE('',#13851,#13851,#13853,.T.);
#13851 = VERTEX_POINT('',#13852);
#13852 = CARTESIAN_POINT('',(143.59125,-94.87125,1.51));
#13853 = CIRCLE('',#13854,1.E-01);
#13854 = AXIS2_PLACEMENT_3D('',#13855,#13856,#13857);
#13855 = CARTESIAN_POINT('',(143.59125,-94.77125,1.51));
#13856 = DIRECTION('',(-0.,0.,-1.));
#13857 = DIRECTION('',(-0.,-1.,0.));
#13858 = FACE_BOUND('',#13859,.T.);
#13859 = EDGE_LOOP('',(#13860));
#13860 = ORIENTED_EDGE('',*,*,#13861,.T.);
#13861 = EDGE_CURVE('',#13862,#13862,#13864,.T.);
#13862 = VERTEX_POINT('',#13863);
#13863 = CARTESIAN_POINT('',(143.91625,-93.62125,1.51));
#13864 = CIRCLE('',#13865,0.15);
#13865 = AXIS2_PLACEMENT_3D('',#13866,#13867,#13868);
#13866 = CARTESIAN_POINT('',(143.91625,-93.47125,1.51));
#13867 = DIRECTION('',(-0.,0.,-1.));
#13868 = DIRECTION('',(-0.,-1.,0.));
#13869 = FACE_BOUND('',#13870,.T.);
#13870 = EDGE_LOOP('',(#13871));
#13871 = ORIENTED_EDGE('',*,*,#13872,.T.);
#13872 = EDGE_CURVE('',#13873,#13873,#13875,.T.);
#13873 = VERTEX_POINT('',#13874);
#13874 = CARTESIAN_POINT('',(142.58,-91.39,1.51));
#13875 = CIRCLE('',#13876,0.15);
#13876 = AXIS2_PLACEMENT_3D('',#13877,#13878,#13879);
#13877 = CARTESIAN_POINT('',(142.58,-91.24,1.51));
#13878 = DIRECTION('',(-0.,0.,-1.));
#13879 = DIRECTION('',(1.894780628694E-13,-1.,-0.));
#13880 = FACE_BOUND('',#13881,.T.);
#13881 = EDGE_LOOP('',(#13882));
#13882 = ORIENTED_EDGE('',*,*,#13883,.T.);
#13883 = EDGE_CURVE('',#13884,#13884,#13886,.T.);
#13884 = VERTEX_POINT('',#13885);
#13885 = CARTESIAN_POINT('',(142.1,-90.72,1.51));
#13886 = CIRCLE('',#13887,0.15);
#13887 = AXIS2_PLACEMENT_3D('',#13888,#13889,#13890);
#13888 = CARTESIAN_POINT('',(142.1,-90.57,1.51));
#13889 = DIRECTION('',(-0.,0.,-1.));
#13890 = DIRECTION('',(-0.,-1.,0.));
#13891 = FACE_BOUND('',#13892,.T.);
#13892 = EDGE_LOOP('',(#13893));
#13893 = ORIENTED_EDGE('',*,*,#13894,.T.);
#13894 = EDGE_CURVE('',#13895,#13895,#13897,.T.);
#13895 = VERTEX_POINT('',#13896);
#13896 = CARTESIAN_POINT('',(139.55,-88.08,1.51));
#13897 = CIRCLE('',#13898,0.15);
#13898 = AXIS2_PLACEMENT_3D('',#13899,#13900,#13901);
#13899 = CARTESIAN_POINT('',(139.55,-87.93,1.51));
#13900 = DIRECTION('',(-0.,0.,-1.));
#13901 = DIRECTION('',(-0.,-1.,0.));
#13902 = FACE_BOUND('',#13903,.T.);
#13903 = EDGE_LOOP('',(#13904));
#13904 = ORIENTED_EDGE('',*,*,#13905,.T.);
#13905 = EDGE_CURVE('',#13906,#13906,#13908,.T.);
#13906 = VERTEX_POINT('',#13907);
#13907 = CARTESIAN_POINT('',(142.83,-87.05,1.51));
#13908 = CIRCLE('',#13909,0.6);
#13909 = AXIS2_PLACEMENT_3D('',#13910,#13911,#13912);
#13910 = CARTESIAN_POINT('',(142.83,-86.45,1.51));
#13911 = DIRECTION('',(-0.,0.,-1.));
#13912 = DIRECTION('',(4.736951571734E-14,-1.,-0.));
#13913 = FACE_BOUND('',#13914,.T.);
#13914 = EDGE_LOOP('',(#13915));
#13915 = ORIENTED_EDGE('',*,*,#13916,.T.);
#13916 = EDGE_CURVE('',#13917,#13917,#13919,.T.);
#13917 = VERTEX_POINT('',#13918);
#13918 = CARTESIAN_POINT('',(118.5,-75.65,1.51));
#13919 = CIRCLE('',#13920,0.15);
#13920 = AXIS2_PLACEMENT_3D('',#13921,#13922,#13923);
#13921 = CARTESIAN_POINT('',(118.5,-75.5,1.51));
#13922 = DIRECTION('',(-0.,0.,-1.));
#13923 = DIRECTION('',(-0.,-1.,0.));
#13924 = FACE_BOUND('',#13925,.T.);
#13925 = EDGE_LOOP('',(#13926));
#13926 = ORIENTED_EDGE('',*,*,#13927,.T.);
#13927 = EDGE_CURVE('',#13928,#13928,#13930,.T.);
#13928 = VERTEX_POINT('',#13929);
#13929 = CARTESIAN_POINT('',(121.15,-77.11,1.51));
#13930 = CIRCLE('',#13931,0.15);
#13931 = AXIS2_PLACEMENT_3D('',#13932,#13933,#13934);
#13932 = CARTESIAN_POINT('',(121.15,-76.96,1.51));
#13933 = DIRECTION('',(-0.,0.,-1.));
#13934 = DIRECTION('',(-0.,-1.,0.));
#13935 = FACE_BOUND('',#13936,.T.);
#13936 = EDGE_LOOP('',(#13937));
#13937 = ORIENTED_EDGE('',*,*,#13938,.T.);
#13938 = EDGE_CURVE('',#13939,#13939,#13941,.T.);
#13939 = VERTEX_POINT('',#13940);
#13940 = CARTESIAN_POINT('',(121.,-74.65,1.51));
#13941 = CIRCLE('',#13942,0.15);
#13942 = AXIS2_PLACEMENT_3D('',#13943,#13944,#13945);
#13943 = CARTESIAN_POINT('',(121.,-74.5,1.51));
#13944 = DIRECTION('',(-0.,0.,-1.));
#13945 = DIRECTION('',(-0.,-1.,0.));
#13946 = FACE_BOUND('',#13947,.T.);
#13947 = EDGE_LOOP('',(#13948));
#13948 = ORIENTED_EDGE('',*,*,#13949,.T.);
#13949 = EDGE_CURVE('',#13950,#13950,#13952,.T.);
#13950 = VERTEX_POINT('',#13951);
#13951 = CARTESIAN_POINT('',(122.13,-81.2,1.51));
#13952 = CIRCLE('',#13953,0.15);
#13953 = AXIS2_PLACEMENT_3D('',#13954,#13955,#13956);
#13954 = CARTESIAN_POINT('',(122.13,-81.05,1.51));
#13955 = DIRECTION('',(-0.,0.,-1.));
#13956 = DIRECTION('',(-0.,-1.,0.));
#13957 = FACE_BOUND('',#13958,.T.);
#13958 = EDGE_LOOP('',(#13959));
#13959 = ORIENTED_EDGE('',*,*,#13960,.T.);
#13960 = EDGE_CURVE('',#13961,#13961,#13963,.T.);
#13961 = VERTEX_POINT('',#13962);
#13962 = CARTESIAN_POINT('',(127.,-83.15,1.51));
#13963 = CIRCLE('',#13964,0.15);
#13964 = AXIS2_PLACEMENT_3D('',#13965,#13966,#13967);
#13965 = CARTESIAN_POINT('',(127.,-83.,1.51));
#13966 = DIRECTION('',(-0.,0.,-1.));
#13967 = DIRECTION('',(-0.,-1.,0.));
#13968 = FACE_BOUND('',#13969,.T.);
#13969 = EDGE_LOOP('',(#13970));
#13970 = ORIENTED_EDGE('',*,*,#13971,.T.);
#13971 = EDGE_CURVE('',#13972,#13972,#13974,.T.);
#13972 = VERTEX_POINT('',#13973);
#13973 = CARTESIAN_POINT('',(127.6,-80.23,1.51));
#13974 = CIRCLE('',#13975,0.15);
#13975 = AXIS2_PLACEMENT_3D('',#13976,#13977,#13978);
#13976 = CARTESIAN_POINT('',(127.6,-80.08,1.51));
#13977 = DIRECTION('',(-0.,0.,-1.));
#13978 = DIRECTION('',(-0.,-1.,0.));
#13979 = FACE_BOUND('',#13980,.T.);
#13980 = EDGE_LOOP('',(#13981));
#13981 = ORIENTED_EDGE('',*,*,#13982,.T.);
#13982 = EDGE_CURVE('',#13983,#13983,#13985,.T.);
#13983 = VERTEX_POINT('',#13984);
#13984 = CARTESIAN_POINT('',(129.,-79.7,1.51));
#13985 = CIRCLE('',#13986,0.15);
#13986 = AXIS2_PLACEMENT_3D('',#13987,#13988,#13989);
#13987 = CARTESIAN_POINT('',(129.,-79.55,1.51));
#13988 = DIRECTION('',(-0.,0.,-1.));
#13989 = DIRECTION('',(-0.,-1.,0.));
#13990 = FACE_BOUND('',#13991,.T.);
#13991 = EDGE_LOOP('',(#13992));
#13992 = ORIENTED_EDGE('',*,*,#13993,.T.);
#13993 = EDGE_CURVE('',#13994,#13994,#13996,.T.);
#13994 = VERTEX_POINT('',#13995);
#13995 = CARTESIAN_POINT('',(123.,-75.65,1.51));
#13996 = CIRCLE('',#13997,0.15);
#13997 = AXIS2_PLACEMENT_3D('',#13998,#13999,#14000);
#13998 = CARTESIAN_POINT('',(123.,-75.5,1.51));
#13999 = DIRECTION('',(-0.,0.,-1.));
#14000 = DIRECTION('',(-0.,-1.,0.));
#14001 = FACE_BOUND('',#14002,.T.);
#14002 = EDGE_LOOP('',(#14003));
#14003 = ORIENTED_EDGE('',*,*,#14004,.T.);
#14004 = EDGE_CURVE('',#14005,#14005,#14007,.T.);
#14005 = VERTEX_POINT('',#14006);
#14006 = CARTESIAN_POINT('',(123.77,-77.71,1.51));
#14007 = CIRCLE('',#14008,0.15);
#14008 = AXIS2_PLACEMENT_3D('',#14009,#14010,#14011);
#14009 = CARTESIAN_POINT('',(123.77,-77.56,1.51));
#14010 = DIRECTION('',(-0.,0.,-1.));
#14011 = DIRECTION('',(-9.473903143469E-14,-1.,0.));
#14012 = FACE_BOUND('',#14013,.T.);
#14013 = EDGE_LOOP('',(#14014));
#14014 = ORIENTED_EDGE('',*,*,#14015,.T.);
#14015 = EDGE_CURVE('',#14016,#14016,#14018,.T.);
#14016 = VERTEX_POINT('',#14017);
#14017 = CARTESIAN_POINT('',(123.,-74.65,1.51));
#14018 = CIRCLE('',#14019,0.15);
#14019 = AXIS2_PLACEMENT_3D('',#14020,#14021,#14022);
#14020 = CARTESIAN_POINT('',(123.,-74.5,1.51));
#14021 = DIRECTION('',(-0.,0.,-1.));
#14022 = DIRECTION('',(-0.,-1.,0.));
#14023 = FACE_BOUND('',#14024,.T.);
#14024 = EDGE_LOOP('',(#14025));
#14025 = ORIENTED_EDGE('',*,*,#14026,.T.);
#14026 = EDGE_CURVE('',#14027,#14027,#14029,.T.);
#14027 = VERTEX_POINT('',#14028);
#14028 = CARTESIAN_POINT('',(122.02,-72.63,1.51));
#14029 = CIRCLE('',#14030,0.15);
#14030 = AXIS2_PLACEMENT_3D('',#14031,#14032,#14033);
#14031 = CARTESIAN_POINT('',(122.02,-72.48,1.51));
#14032 = DIRECTION('',(-0.,0.,-1.));
#14033 = DIRECTION('',(-9.473903143469E-14,-1.,0.));
#14034 = FACE_BOUND('',#14035,.T.);
#14035 = EDGE_LOOP('',(#14036));
#14036 = ORIENTED_EDGE('',*,*,#14037,.T.);
#14037 = EDGE_CURVE('',#14038,#14038,#14040,.T.);
#14038 = VERTEX_POINT('',#14039);
#14039 = CARTESIAN_POINT('',(127.577468,-75.950797,1.51));
#14040 = CIRCLE('',#14041,0.15);
#14041 = AXIS2_PLACEMENT_3D('',#14042,#14043,#14044);
#14042 = CARTESIAN_POINT('',(127.577468,-75.800797,1.51));
#14043 = DIRECTION('',(-0.,0.,-1.));
#14044 = DIRECTION('',(-9.473903143469E-14,-1.,0.));
#14045 = FACE_BOUND('',#14046,.T.);
#14046 = EDGE_LOOP('',(#14047));
#14047 = ORIENTED_EDGE('',*,*,#14048,.T.);
#14048 = EDGE_CURVE('',#14049,#14049,#14051,.T.);
#14049 = VERTEX_POINT('',#14050);
#14050 = CARTESIAN_POINT('',(127.5,-74.65,1.51));
#14051 = CIRCLE('',#14052,0.15);
#14052 = AXIS2_PLACEMENT_3D('',#14053,#14054,#14055);
#14053 = CARTESIAN_POINT('',(127.5,-74.5,1.51));
#14054 = DIRECTION('',(-0.,0.,-1.));
#14055 = DIRECTION('',(-0.,-1.,0.));
#14056 = FACE_BOUND('',#14057,.T.);
#14057 = EDGE_LOOP('',(#14058));
#14058 = ORIENTED_EDGE('',*,*,#14059,.T.);
#14059 = EDGE_CURVE('',#14060,#14060,#14062,.T.);
#14060 = VERTEX_POINT('',#14061);
#14061 = CARTESIAN_POINT('',(115.,-69.798615,1.51));
#14062 = CIRCLE('',#14063,0.15);
#14063 = AXIS2_PLACEMENT_3D('',#14064,#14065,#14066);
#14064 = CARTESIAN_POINT('',(115.,-69.648615,1.51));
#14065 = DIRECTION('',(-0.,0.,-1.));
#14066 = DIRECTION('',(-0.,-1.,0.));
#14067 = FACE_BOUND('',#14068,.T.);
#14068 = EDGE_LOOP('',(#14069));
#14069 = ORIENTED_EDGE('',*,*,#14070,.T.);
#14070 = EDGE_CURVE('',#14071,#14071,#14073,.T.);
#14071 = VERTEX_POINT('',#14072);
#14072 = CARTESIAN_POINT('',(116.190285,-69.876949,1.51));
#14073 = CIRCLE('',#14074,0.15);
#14074 = AXIS2_PLACEMENT_3D('',#14075,#14076,#14077);
#14075 = CARTESIAN_POINT('',(116.190285,-69.726949,1.51));
#14076 = DIRECTION('',(-0.,0.,-1.));
#14077 = DIRECTION('',(9.473903143468E-14,-1.,-0.));
#14078 = FACE_BOUND('',#14079,.T.);
#14079 = EDGE_LOOP('',(#14080));
#14080 = ORIENTED_EDGE('',*,*,#14081,.T.);
#14081 = EDGE_CURVE('',#14082,#14082,#14084,.T.);
#14082 = VERTEX_POINT('',#14083);
#14083 = CARTESIAN_POINT('',(116.,-66.65,1.51));
#14084 = CIRCLE('',#14085,0.15);
#14085 = AXIS2_PLACEMENT_3D('',#14086,#14087,#14088);
#14086 = CARTESIAN_POINT('',(116.,-66.5,1.51));
#14087 = DIRECTION('',(-0.,0.,-1.));
#14088 = DIRECTION('',(-0.,-1.,0.));
#14089 = FACE_BOUND('',#14090,.T.);
#14090 = EDGE_LOOP('',(#14091));
#14091 = ORIENTED_EDGE('',*,*,#14092,.T.);
#14092 = EDGE_CURVE('',#14093,#14093,#14095,.T.);
#14093 = VERTEX_POINT('',#14094);
#14094 = CARTESIAN_POINT('',(121.5,-70.55,1.51));
#14095 = CIRCLE('',#14096,0.15);
#14096 = AXIS2_PLACEMENT_3D('',#14097,#14098,#14099);
#14097 = CARTESIAN_POINT('',(121.5,-70.4,1.51));
#14098 = DIRECTION('',(-0.,0.,-1.));
#14099 = DIRECTION('',(-0.,-1.,0.));
#14100 = FACE_BOUND('',#14101,.T.);
#14101 = EDGE_LOOP('',(#14102));
#14102 = ORIENTED_EDGE('',*,*,#14103,.T.);
#14103 = EDGE_CURVE('',#14104,#14104,#14106,.T.);
#14104 = VERTEX_POINT('',#14105);
#14105 = CARTESIAN_POINT('',(121.49,-68.38,1.51));
#14106 = CIRCLE('',#14107,0.15);
#14107 = AXIS2_PLACEMENT_3D('',#14108,#14109,#14110);
#14108 = CARTESIAN_POINT('',(121.49,-68.23,1.51));
#14109 = DIRECTION('',(-0.,0.,-1.));
#14110 = DIRECTION('',(-9.473903143469E-14,-1.,0.));
#14111 = FACE_BOUND('',#14112,.T.);
#14112 = EDGE_LOOP('',(#14113));
#14113 = ORIENTED_EDGE('',*,*,#14114,.T.);
#14114 = EDGE_CURVE('',#14115,#14115,#14117,.T.);
#14115 = VERTEX_POINT('',#14116);
#14116 = CARTESIAN_POINT('',(115.,-64.1,1.51));
#14117 = CIRCLE('',#14118,1.6);
#14118 = AXIS2_PLACEMENT_3D('',#14119,#14120,#14121);
#14119 = CARTESIAN_POINT('',(115.,-62.5,1.51));
#14120 = DIRECTION('',(-0.,0.,-1.));
#14121 = DIRECTION('',(-0.,-1.,0.));
#14122 = FACE_BOUND('',#14123,.T.);
#14123 = EDGE_LOOP('',(#14124));
#14124 = ORIENTED_EDGE('',*,*,#14125,.T.);
#14125 = EDGE_CURVE('',#14126,#14126,#14128,.T.);
#14126 = VERTEX_POINT('',#14127);
#14127 = CARTESIAN_POINT('',(124.5,-66.15,1.51));
#14128 = CIRCLE('',#14129,0.15);
#14129 = AXIS2_PLACEMENT_3D('',#14130,#14131,#14132);
#14130 = CARTESIAN_POINT('',(124.5,-66.,1.51));
#14131 = DIRECTION('',(-0.,0.,-1.));
#14132 = DIRECTION('',(-0.,-1.,0.));
#14133 = FACE_BOUND('',#14134,.T.);
#14134 = EDGE_LOOP('',(#14135));
#14135 = ORIENTED_EDGE('',*,*,#14136,.T.);
#14136 = EDGE_CURVE('',#14137,#14137,#14139,.T.);
#14137 = VERTEX_POINT('',#14138);
#14138 = CARTESIAN_POINT('',(127.5,-70.15,1.51));
#14139 = CIRCLE('',#14140,0.15);
#14140 = AXIS2_PLACEMENT_3D('',#14141,#14142,#14143);
#14141 = CARTESIAN_POINT('',(127.5,-70.,1.51));
#14142 = DIRECTION('',(-0.,0.,-1.));
#14143 = DIRECTION('',(-0.,-1.,0.));
#14144 = FACE_BOUND('',#14145,.T.);
#14145 = EDGE_LOOP('',(#14146));
#14146 = ORIENTED_EDGE('',*,*,#14147,.T.);
#14147 = EDGE_CURVE('',#14148,#14148,#14150,.T.);
#14148 = VERTEX_POINT('',#14149);
#14149 = CARTESIAN_POINT('',(125.,-65.15,1.51));
#14150 = CIRCLE('',#14151,0.15);
#14151 = AXIS2_PLACEMENT_3D('',#14152,#14153,#14154);
#14152 = CARTESIAN_POINT('',(125.,-65.,1.51));
#14153 = DIRECTION('',(-0.,0.,-1.));
#14154 = DIRECTION('',(-0.,-1.,0.));
#14155 = FACE_BOUND('',#14156,.T.);
#14156 = EDGE_LOOP('',(#14157));
#14157 = ORIENTED_EDGE('',*,*,#14158,.T.);
#14158 = EDGE_CURVE('',#14159,#14159,#14161,.T.);
#14159 = VERTEX_POINT('',#14160);
#14160 = CARTESIAN_POINT('',(122.,-60.875,1.51));
#14161 = CIRCLE('',#14162,0.375);
#14162 = AXIS2_PLACEMENT_3D('',#14163,#14164,#14165);
#14163 = CARTESIAN_POINT('',(122.,-60.5,1.51));
#14164 = DIRECTION('',(-0.,0.,-1.));
#14165 = DIRECTION('',(-0.,-1.,0.));
#14166 = FACE_BOUND('',#14167,.T.);
#14167 = EDGE_LOOP('',(#14168));
#14168 = ORIENTED_EDGE('',*,*,#14169,.T.);
#14169 = EDGE_CURVE('',#14170,#14170,#14172,.T.);
#14170 = VERTEX_POINT('',#14171);
#14171 = CARTESIAN_POINT('',(125.5,-62.65,1.51));
#14172 = CIRCLE('',#14173,0.15);
#14173 = AXIS2_PLACEMENT_3D('',#14174,#14175,#14176);
#14174 = CARTESIAN_POINT('',(125.5,-62.5,1.51));
#14175 = DIRECTION('',(-0.,0.,-1.));
#14176 = DIRECTION('',(-0.,-1.,0.));
#14177 = FACE_BOUND('',#14178,.T.);
#14178 = EDGE_LOOP('',(#14179));
#14179 = ORIENTED_EDGE('',*,*,#14180,.T.);
#14180 = EDGE_CURVE('',#14181,#14181,#14183,.T.);
#14181 = VERTEX_POINT('',#14182);
#14182 = CARTESIAN_POINT('',(124.,-60.875,1.51));
#14183 = CIRCLE('',#14184,0.375);
#14184 = AXIS2_PLACEMENT_3D('',#14185,#14186,#14187);
#14185 = CARTESIAN_POINT('',(124.,-60.5,1.51));
#14186 = DIRECTION('',(-0.,0.,-1.));
#14187 = DIRECTION('',(-0.,-1.,0.));
#14188 = FACE_BOUND('',#14189,.T.);
#14189 = EDGE_LOOP('',(#14190));
#14190 = ORIENTED_EDGE('',*,*,#14191,.T.);
#14191 = EDGE_CURVE('',#14192,#14192,#14194,.T.);
#14192 = VERTEX_POINT('',#14193);
#14193 = CARTESIAN_POINT('',(129.8625,-83.4,1.51));
#14194 = CIRCLE('',#14195,0.1);
#14195 = AXIS2_PLACEMENT_3D('',#14196,#14197,#14198);
#14196 = CARTESIAN_POINT('',(129.8625,-83.3,1.51));
#14197 = DIRECTION('',(-0.,0.,-1.));
#14198 = DIRECTION('',(-0.,-1.,0.));
#14199 = FACE_BOUND('',#14200,.T.);
#14200 = EDGE_LOOP('',(#14201));
#14201 = ORIENTED_EDGE('',*,*,#14202,.T.);
#14202 = EDGE_CURVE('',#14203,#14203,#14205,.T.);
#14203 = VERTEX_POINT('',#14204);
#14204 = CARTESIAN_POINT('',(129.8625,-82.4,1.51));
#14205 = CIRCLE('',#14206,0.1);
#14206 = AXIS2_PLACEMENT_3D('',#14207,#14208,#14209);
#14207 = CARTESIAN_POINT('',(129.8625,-82.3,1.51));
#14208 = DIRECTION('',(-0.,0.,-1.));
#14209 = DIRECTION('',(-0.,-1.,0.));
#14210 = FACE_BOUND('',#14211,.T.);
#14211 = EDGE_LOOP('',(#14212));
#14212 = ORIENTED_EDGE('',*,*,#14213,.T.);
#14213 = EDGE_CURVE('',#14214,#14214,#14216,.T.);
#14214 = VERTEX_POINT('',#14215);
#14215 = CARTESIAN_POINT('',(130.8625,-83.4,1.51));
#14216 = CIRCLE('',#14217,0.1);
#14217 = AXIS2_PLACEMENT_3D('',#14218,#14219,#14220);
#14218 = CARTESIAN_POINT('',(130.8625,-83.3,1.51));
#14219 = DIRECTION('',(-0.,0.,-1.));
#14220 = DIRECTION('',(-0.,-1.,0.));
#14221 = FACE_BOUND('',#14222,.T.);
#14222 = EDGE_LOOP('',(#14223));
#14223 = ORIENTED_EDGE('',*,*,#14224,.T.);
#14224 = EDGE_CURVE('',#14225,#14225,#14227,.T.);
#14225 = VERTEX_POINT('',#14226);
#14226 = CARTESIAN_POINT('',(130.8625,-82.4,1.51));
#14227 = CIRCLE('',#14228,0.1);
#14228 = AXIS2_PLACEMENT_3D('',#14229,#14230,#14231);
#14229 = CARTESIAN_POINT('',(130.8625,-82.3,1.51));
#14230 = DIRECTION('',(-0.,0.,-1.));
#14231 = DIRECTION('',(-0.,-1.,0.));
#14232 = FACE_BOUND('',#14233,.T.);
#14233 = EDGE_LOOP('',(#14234));
#14234 = ORIENTED_EDGE('',*,*,#14235,.T.);
#14235 = EDGE_CURVE('',#14236,#14236,#14238,.T.);
#14236 = VERTEX_POINT('',#14237);
#14237 = CARTESIAN_POINT('',(131.8625,-83.4,1.51));
#14238 = CIRCLE('',#14239,0.1);
#14239 = AXIS2_PLACEMENT_3D('',#14240,#14241,#14242);
#14240 = CARTESIAN_POINT('',(131.8625,-83.3,1.51));
#14241 = DIRECTION('',(-0.,0.,-1.));
#14242 = DIRECTION('',(-0.,-1.,0.));
#14243 = FACE_BOUND('',#14244,.T.);
#14244 = EDGE_LOOP('',(#14245));
#14245 = ORIENTED_EDGE('',*,*,#14246,.T.);
#14246 = EDGE_CURVE('',#14247,#14247,#14249,.T.);
#14247 = VERTEX_POINT('',#14248);
#14248 = CARTESIAN_POINT('',(131.8625,-82.4,1.51));
#14249 = CIRCLE('',#14250,0.1);
#14250 = AXIS2_PLACEMENT_3D('',#14251,#14252,#14253);
#14251 = CARTESIAN_POINT('',(131.8625,-82.3,1.51));
#14252 = DIRECTION('',(-0.,0.,-1.));
#14253 = DIRECTION('',(-0.,-1.,0.));
#14254 = FACE_BOUND('',#14255,.T.);
#14255 = EDGE_LOOP('',(#14256));
#14256 = ORIENTED_EDGE('',*,*,#14257,.T.);
#14257 = EDGE_CURVE('',#14258,#14258,#14260,.T.);
#14258 = VERTEX_POINT('',#14259);
#14259 = CARTESIAN_POINT('',(133.63,-80.74,1.51));
#14260 = CIRCLE('',#14261,0.15);
#14261 = AXIS2_PLACEMENT_3D('',#14262,#14263,#14264);
#14262 = CARTESIAN_POINT('',(133.63,-80.59,1.51));
#14263 = DIRECTION('',(-0.,0.,-1.));
#14264 = DIRECTION('',(-0.,-1.,0.));
#14265 = FACE_BOUND('',#14266,.T.);
#14266 = EDGE_LOOP('',(#14267));
#14267 = ORIENTED_EDGE('',*,*,#14268,.T.);
#14268 = EDGE_CURVE('',#14269,#14269,#14271,.T.);
#14269 = VERTEX_POINT('',#14270);
#14270 = CARTESIAN_POINT('',(131.,-79.75,1.51));
#14271 = CIRCLE('',#14272,0.15);
#14272 = AXIS2_PLACEMENT_3D('',#14273,#14274,#14275);
#14273 = CARTESIAN_POINT('',(131.,-79.6,1.51));
#14274 = DIRECTION('',(-0.,0.,-1.));
#14275 = DIRECTION('',(-0.,-1.,0.));
#14276 = FACE_BOUND('',#14277,.T.);
#14277 = EDGE_LOOP('',(#14278));
#14278 = ORIENTED_EDGE('',*,*,#14279,.T.);
#14279 = EDGE_CURVE('',#14280,#14280,#14282,.T.);
#14280 = VERTEX_POINT('',#14281);
#14281 = CARTESIAN_POINT('',(131.798978,-79.790455,1.51));
#14282 = CIRCLE('',#14283,0.15);
#14283 = AXIS2_PLACEMENT_3D('',#14284,#14285,#14286);
#14284 = CARTESIAN_POINT('',(131.798978,-79.640455,1.51));
#14285 = DIRECTION('',(-0.,0.,-1.));
#14286 = DIRECTION('',(-0.,-1.,0.));
#14287 = FACE_BOUND('',#14288,.T.);
#14288 = EDGE_LOOP('',(#14289));
#14289 = ORIENTED_EDGE('',*,*,#14290,.T.);
#14290 = EDGE_CURVE('',#14291,#14291,#14293,.T.);
#14291 = VERTEX_POINT('',#14292);
#14292 = CARTESIAN_POINT('',(131.5,-78.15,1.51));
#14293 = CIRCLE('',#14294,0.15);
#14294 = AXIS2_PLACEMENT_3D('',#14295,#14296,#14297);
#14295 = CARTESIAN_POINT('',(131.5,-78.,1.51));
#14296 = DIRECTION('',(-0.,0.,-1.));
#14297 = DIRECTION('',(-0.,-1.,0.));
#14298 = FACE_BOUND('',#14299,.T.);
#14299 = EDGE_LOOP('',(#14300));
#14300 = ORIENTED_EDGE('',*,*,#14301,.T.);
#14301 = EDGE_CURVE('',#14302,#14302,#14304,.T.);
#14302 = VERTEX_POINT('',#14303);
#14303 = CARTESIAN_POINT('',(134.5,-83.15,1.51));
#14304 = CIRCLE('',#14305,0.15);
#14305 = AXIS2_PLACEMENT_3D('',#14306,#14307,#14308);
#14306 = CARTESIAN_POINT('',(134.5,-83.,1.51));
#14307 = DIRECTION('',(-0.,0.,-1.));
#14308 = DIRECTION('',(-0.,-1.,0.));
#14309 = FACE_BOUND('',#14310,.T.);
#14310 = EDGE_LOOP('',(#14311));
#14311 = ORIENTED_EDGE('',*,*,#14312,.T.);
#14312 = EDGE_CURVE('',#14313,#14313,#14315,.T.);
#14313 = VERTEX_POINT('',#14314);
#14314 = CARTESIAN_POINT('',(135.1,-82.584313,1.51));
#14315 = CIRCLE('',#14316,0.15);
#14316 = AXIS2_PLACEMENT_3D('',#14317,#14318,#14319);
#14317 = CARTESIAN_POINT('',(135.1,-82.434313,1.51));
#14318 = DIRECTION('',(-0.,0.,-1.));
#14319 = DIRECTION('',(-0.,-1.,0.));
#14320 = FACE_BOUND('',#14321,.T.);
#14321 = EDGE_LOOP('',(#14322));
#14322 = ORIENTED_EDGE('',*,*,#14323,.T.);
#14323 = EDGE_CURVE('',#14324,#14324,#14326,.T.);
#14324 = VERTEX_POINT('',#14325);
#14325 = CARTESIAN_POINT('',(137.73,-83.1,1.51));
#14326 = CIRCLE('',#14327,0.15);
#14327 = AXIS2_PLACEMENT_3D('',#14328,#14329,#14330);
#14328 = CARTESIAN_POINT('',(137.73,-82.95,1.51));
#14329 = DIRECTION('',(-0.,0.,-1.));
#14330 = DIRECTION('',(-1.894780628694E-13,-1.,0.));
#14331 = FACE_BOUND('',#14332,.T.);
#14332 = EDGE_LOOP('',(#14333));
#14333 = ORIENTED_EDGE('',*,*,#14334,.T.);
#14334 = EDGE_CURVE('',#14335,#14335,#14337,.T.);
#14335 = VERTEX_POINT('',#14336);
#14336 = CARTESIAN_POINT('',(134.,-79.15,1.51));
#14337 = CIRCLE('',#14338,0.15);
#14338 = AXIS2_PLACEMENT_3D('',#14339,#14340,#14341);
#14339 = CARTESIAN_POINT('',(134.,-79.,1.51));
#14340 = DIRECTION('',(-0.,0.,-1.));
#14341 = DIRECTION('',(-0.,-1.,0.));
#14342 = FACE_BOUND('',#14343,.T.);
#14343 = EDGE_LOOP('',(#14344));
#14344 = ORIENTED_EDGE('',*,*,#14345,.T.);
#14345 = EDGE_CURVE('',#14346,#14346,#14348,.T.);
#14346 = VERTEX_POINT('',#14347);
#14347 = CARTESIAN_POINT('',(136.5,-79.88,1.51));
#14348 = CIRCLE('',#14349,0.15);
#14349 = AXIS2_PLACEMENT_3D('',#14350,#14351,#14352);
#14350 = CARTESIAN_POINT('',(136.5,-79.73,1.51));
#14351 = DIRECTION('',(-0.,0.,-1.));
#14352 = DIRECTION('',(-0.,-1.,0.));
#14353 = FACE_BOUND('',#14354,.T.);
#14354 = EDGE_LOOP('',(#14355));
#14355 = ORIENTED_EDGE('',*,*,#14356,.T.);
#14356 = EDGE_CURVE('',#14357,#14357,#14359,.T.);
#14357 = VERTEX_POINT('',#14358);
#14358 = CARTESIAN_POINT('',(130.02,-75.15,1.51));
#14359 = CIRCLE('',#14360,0.15);
#14360 = AXIS2_PLACEMENT_3D('',#14361,#14362,#14363);
#14361 = CARTESIAN_POINT('',(130.02,-75.,1.51));
#14362 = DIRECTION('',(-0.,0.,-1.));
#14363 = DIRECTION('',(1.894780628694E-13,-1.,-0.));
#14364 = FACE_BOUND('',#14365,.T.);
#14365 = EDGE_LOOP('',(#14366));
#14366 = ORIENTED_EDGE('',*,*,#14367,.T.);
#14367 = EDGE_CURVE('',#14368,#14368,#14370,.T.);
#14368 = VERTEX_POINT('',#14369);
#14369 = CARTESIAN_POINT('',(130.98,-75.15,1.51));
#14370 = CIRCLE('',#14371,0.15);
#14371 = AXIS2_PLACEMENT_3D('',#14372,#14373,#14374);
#14372 = CARTESIAN_POINT('',(130.98,-75.,1.51));
#14373 = DIRECTION('',(-0.,0.,-1.));
#14374 = DIRECTION('',(-1.894780628694E-13,-1.,0.));
#14375 = FACE_BOUND('',#14376,.T.);
#14376 = EDGE_LOOP('',(#14377));
#14377 = ORIENTED_EDGE('',*,*,#14378,.T.);
#14378 = EDGE_CURVE('',#14379,#14379,#14381,.T.);
#14379 = VERTEX_POINT('',#14380);
#14380 = CARTESIAN_POINT('',(133.78,-77.15,1.51));
#14381 = CIRCLE('',#14382,0.15);
#14382 = AXIS2_PLACEMENT_3D('',#14383,#14384,#14385);
#14383 = CARTESIAN_POINT('',(133.78,-77.,1.51));
#14384 = DIRECTION('',(-0.,0.,-1.));
#14385 = DIRECTION('',(-0.,-1.,0.));
#14386 = FACE_BOUND('',#14387,.T.);
#14387 = EDGE_LOOP('',(#14388));
#14388 = ORIENTED_EDGE('',*,*,#14389,.T.);
#14389 = EDGE_CURVE('',#14390,#14390,#14392,.T.);
#14390 = VERTEX_POINT('',#14391);
#14391 = CARTESIAN_POINT('',(132.76,-75.15,1.51));
#14392 = CIRCLE('',#14393,0.15);
#14393 = AXIS2_PLACEMENT_3D('',#14394,#14395,#14396);
#14394 = CARTESIAN_POINT('',(132.76,-75.,1.51));
#14395 = DIRECTION('',(-0.,0.,-1.));
#14396 = DIRECTION('',(-0.,-1.,0.));
#14397 = FACE_BOUND('',#14398,.T.);
#14398 = EDGE_LOOP('',(#14399));
#14399 = ORIENTED_EDGE('',*,*,#14400,.T.);
#14400 = EDGE_CURVE('',#14401,#14401,#14403,.T.);
#14401 = VERTEX_POINT('',#14402);
#14402 = CARTESIAN_POINT('',(133.78,-75.15,1.51));
#14403 = CIRCLE('',#14404,0.15);
#14404 = AXIS2_PLACEMENT_3D('',#14405,#14406,#14407);
#14405 = CARTESIAN_POINT('',(133.78,-75.,1.51));
#14406 = DIRECTION('',(-0.,0.,-1.));
#14407 = DIRECTION('',(-0.,-1.,0.));
#14408 = FACE_BOUND('',#14409,.T.);
#14409 = EDGE_LOOP('',(#14410));
#14410 = ORIENTED_EDGE('',*,*,#14411,.T.);
#14411 = EDGE_CURVE('',#14412,#14412,#14414,.T.);
#14412 = VERTEX_POINT('',#14413);
#14413 = CARTESIAN_POINT('',(130.,-72.65,1.51));
#14414 = CIRCLE('',#14415,0.15);
#14415 = AXIS2_PLACEMENT_3D('',#14416,#14417,#14418);
#14416 = CARTESIAN_POINT('',(130.,-72.5,1.51));
#14417 = DIRECTION('',(-0.,0.,-1.));
#14418 = DIRECTION('',(-0.,-1.,0.));
#14419 = FACE_BOUND('',#14420,.T.);
#14420 = EDGE_LOOP('',(#14421));
#14421 = ORIENTED_EDGE('',*,*,#14422,.T.);
#14422 = EDGE_CURVE('',#14423,#14423,#14425,.T.);
#14423 = VERTEX_POINT('',#14424);
#14424 = CARTESIAN_POINT('',(136.5,-75.15,1.51));
#14425 = CIRCLE('',#14426,0.15);
#14426 = AXIS2_PLACEMENT_3D('',#14427,#14428,#14429);
#14427 = CARTESIAN_POINT('',(136.5,-75.,1.51));
#14428 = DIRECTION('',(-0.,0.,-1.));
#14429 = DIRECTION('',(-0.,-1.,0.));
#14430 = FACE_BOUND('',#14431,.T.);
#14431 = EDGE_LOOP('',(#14432));
#14432 = ORIENTED_EDGE('',*,*,#14433,.T.);
#14433 = EDGE_CURVE('',#14434,#14434,#14436,.T.);
#14434 = VERTEX_POINT('',#14435);
#14435 = CARTESIAN_POINT('',(134.,-72.65,1.51));
#14436 = CIRCLE('',#14437,0.15);
#14437 = AXIS2_PLACEMENT_3D('',#14438,#14439,#14440);
#14438 = CARTESIAN_POINT('',(134.,-72.5,1.51));
#14439 = DIRECTION('',(-0.,0.,-1.));
#14440 = DIRECTION('',(-0.,-1.,0.));
#14441 = FACE_BOUND('',#14442,.T.);
#14442 = EDGE_LOOP('',(#14443));
#14443 = ORIENTED_EDGE('',*,*,#14444,.T.);
#14444 = EDGE_CURVE('',#14445,#14445,#14447,.T.);
#14445 = VERTEX_POINT('',#14446);
#14446 = CARTESIAN_POINT('',(142.83,-83.55,1.51));
#14447 = CIRCLE('',#14448,0.6);
#14448 = AXIS2_PLACEMENT_3D('',#14449,#14450,#14451);
#14449 = CARTESIAN_POINT('',(142.83,-82.95,1.51));
#14450 = DIRECTION('',(-0.,0.,-1.));
#14451 = DIRECTION('',(4.736951571734E-14,-1.,-0.));
#14452 = FACE_BOUND('',#14453,.T.);
#14453 = EDGE_LOOP('',(#14454));
#14454 = ORIENTED_EDGE('',*,*,#14455,.T.);
#14455 = EDGE_CURVE('',#14456,#14456,#14458,.T.);
#14456 = VERTEX_POINT('',#14457);
#14457 = CARTESIAN_POINT('',(142.83,-80.05,1.51));
#14458 = CIRCLE('',#14459,0.6);
#14459 = AXIS2_PLACEMENT_3D('',#14460,#14461,#14462);
#14460 = CARTESIAN_POINT('',(142.83,-79.45,1.51));
#14461 = DIRECTION('',(-0.,0.,-1.));
#14462 = DIRECTION('',(4.736951571734E-14,-1.,-0.));
#14463 = FACE_BOUND('',#14464,.T.);
#14464 = EDGE_LOOP('',(#14465));
#14465 = ORIENTED_EDGE('',*,*,#14466,.T.);
#14466 = EDGE_CURVE('',#14467,#14467,#14469,.T.);
#14467 = VERTEX_POINT('',#14468);
#14468 = CARTESIAN_POINT('',(142.83,-76.55,1.51));
#14469 = CIRCLE('',#14470,0.6);
#14470 = AXIS2_PLACEMENT_3D('',#14471,#14472,#14473);
#14471 = CARTESIAN_POINT('',(142.83,-75.95,1.51));
#14472 = DIRECTION('',(-0.,0.,-1.));
#14473 = DIRECTION('',(4.736951571734E-14,-1.,-0.));
#14474 = FACE_BOUND('',#14475,.T.);
#14475 = EDGE_LOOP('',(#14476));
#14476 = ORIENTED_EDGE('',*,*,#14477,.T.);
#14477 = EDGE_CURVE('',#14478,#14478,#14480,.T.);
#14478 = VERTEX_POINT('',#14479);
#14479 = CARTESIAN_POINT('',(142.83,-73.05,1.51));
#14480 = CIRCLE('',#14481,0.6);
#14481 = AXIS2_PLACEMENT_3D('',#14482,#14483,#14484);
#14482 = CARTESIAN_POINT('',(142.83,-72.45,1.51));
#14483 = DIRECTION('',(-0.,0.,-1.));
#14484 = DIRECTION('',(4.736951571734E-14,-1.,-0.));
#14485 = FACE_BOUND('',#14486,.T.);
#14486 = EDGE_LOOP('',(#14487));
#14487 = ORIENTED_EDGE('',*,*,#14488,.T.);
#14488 = EDGE_CURVE('',#14489,#14489,#14491,.T.);
#14489 = VERTEX_POINT('',#14490);
#14490 = CARTESIAN_POINT('',(135.5,-70.15,1.51));
#14491 = CIRCLE('',#14492,0.15);
#14492 = AXIS2_PLACEMENT_3D('',#14493,#14494,#14495);
#14493 = CARTESIAN_POINT('',(135.5,-70.,1.51));
#14494 = DIRECTION('',(-0.,0.,-1.));
#14495 = DIRECTION('',(-0.,-1.,0.));
#14496 = FACE_BOUND('',#14497,.T.);
#14497 = EDGE_LOOP('',(#14498));
#14498 = ORIENTED_EDGE('',*,*,#14499,.T.);
#14499 = EDGE_CURVE('',#14500,#14500,#14502,.T.);
#14500 = VERTEX_POINT('',#14501);
#14501 = CARTESIAN_POINT('',(129.92,-65.15,1.51));
#14502 = CIRCLE('',#14503,0.65);
#14503 = AXIS2_PLACEMENT_3D('',#14504,#14505,#14506);
#14504 = CARTESIAN_POINT('',(129.92,-64.5,1.51));
#14505 = DIRECTION('',(-0.,0.,-1.));
#14506 = DIRECTION('',(-4.372570681601E-14,-1.,0.));
#14507 = FACE_BOUND('',#14508,.T.);
#14508 = EDGE_LOOP('',(#14509));
#14509 = ORIENTED_EDGE('',*,*,#14510,.T.);
#14510 = EDGE_CURVE('',#14511,#14511,#14513,.T.);
#14511 = VERTEX_POINT('',#14512);
#14512 = CARTESIAN_POINT('',(135.,-65.15,1.51));
#14513 = CIRCLE('',#14514,0.65);
#14514 = AXIS2_PLACEMENT_3D('',#14515,#14516,#14517);
#14515 = CARTESIAN_POINT('',(135.,-64.5,1.51));
#14516 = DIRECTION('',(-0.,0.,-1.));
#14517 = DIRECTION('',(-0.,-1.,0.));
#14518 = FACE_BOUND('',#14519,.T.);
#14519 = EDGE_LOOP('',(#14520));
#14520 = ORIENTED_EDGE('',*,*,#14521,.T.);
#14521 = EDGE_CURVE('',#14522,#14522,#14524,.T.);
#14522 = VERTEX_POINT('',#14523);
#14523 = CARTESIAN_POINT('',(142.83,-69.55,1.51));
#14524 = CIRCLE('',#14525,0.6);
#14525 = AXIS2_PLACEMENT_3D('',#14526,#14527,#14528);
#14526 = CARTESIAN_POINT('',(142.83,-68.95,1.51));
#14527 = DIRECTION('',(-0.,0.,-1.));
#14528 = DIRECTION('',(4.736951571734E-14,-1.,-0.));
#14529 = FACE_BOUND('',#14530,.T.);
#14530 = EDGE_LOOP('',(#14531));
#14531 = ORIENTED_EDGE('',*,*,#14532,.T.);
#14532 = EDGE_CURVE('',#14533,#14533,#14535,.T.);
#14533 = VERTEX_POINT('',#14534);
#14534 = CARTESIAN_POINT('',(143.62,-64.1,1.51));
#14535 = CIRCLE('',#14536,1.6);
#14536 = AXIS2_PLACEMENT_3D('',#14537,#14538,#14539);
#14537 = CARTESIAN_POINT('',(143.62,-62.5,1.51));
#14538 = DIRECTION('',(-0.,0.,-1.));
#14539 = DIRECTION('',(-0.,-1.,0.));
#14540 = PLANE('',#14541);
#14541 = AXIS2_PLACEMENT_3D('',#14542,#14543,#14544);
#14542 = CARTESIAN_POINT('',(0.,0.,1.51));
#14543 = DIRECTION('',(0.,0.,1.));
#14544 = DIRECTION('',(1.,0.,-0.));
#14545 = ADVANCED_FACE('',(#14546),#14557,.T.);
#14546 = FACE_BOUND('',#14547,.T.);
#14547 = EDGE_LOOP('',(#14548,#14554,#14555,#14556));
#14548 = ORIENTED_EDGE('',*,*,#14549,.T.);
#14549 = EDGE_CURVE('',#12292,#13422,#14550,.T.);
#14550 = LINE('',#14551,#14552);
#14551 = CARTESIAN_POINT('',(110.8,-62.445,0.));
#14552 = VECTOR('',#14553,1.);
#14553 = DIRECTION('',(0.,0.,1.));
#14554 = ORIENTED_EDGE('',*,*,#13421,.T.);
#14555 = ORIENTED_EDGE('',*,*,#12227,.F.);
#14556 = ORIENTED_EDGE('',*,*,#12291,.F.);
#14557 = CYLINDRICAL_SURFACE('',#14558,4.999999678834);
#14558 = AXIS2_PLACEMENT_3D('',#14559,#14560,#14561);
#14559 = CARTESIAN_POINT('',(115.79999967883,-62.44499967883,0.));
#14560 = DIRECTION('',(0.,0.,-1.));
#14561 = DIRECTION('',(-1.,-6.423314275614E-08,-0.));
#14562 = ADVANCED_FACE('',(#14563),#14574,.T.);
#14563 = FACE_BOUND('',#14564,.T.);
#14564 = EDGE_LOOP('',(#14565,#14566,#14567,#14573));
#14565 = ORIENTED_EDGE('',*,*,#12267,.T.);
#14566 = ORIENTED_EDGE('',*,*,#13455,.T.);
#14567 = ORIENTED_EDGE('',*,*,#14568,.F.);
#14568 = EDGE_CURVE('',#12318,#13448,#14569,.T.);
#14569 = LINE('',#14570,#14571);
#14570 = CARTESIAN_POINT('',(142.8,-109.955,0.));
#14571 = VECTOR('',#14572,1.);
#14572 = DIRECTION('',(0.,0.,1.));
#14573 = ORIENTED_EDGE('',*,*,#12325,.F.);
#14574 = CYLINDRICAL_SURFACE('',#14575,4.999999678834);
#14575 = AXIS2_PLACEMENT_3D('',#14576,#14577,#14578);
#14576 = CARTESIAN_POINT('',(142.80000032116,-104.9550003211,0.));
#14577 = DIRECTION('',(0.,0.,-1.));
#14578 = DIRECTION('',(1.,6.423313849288E-08,0.));
#14579 = ADVANCED_FACE('',(#14580),#14591,.T.);
#14580 = FACE_BOUND('',#14581,.T.);
#14581 = EDGE_LOOP('',(#14582,#14588,#14589,#14590));
#14582 = ORIENTED_EDGE('',*,*,#14583,.T.);
#14583 = EDGE_CURVE('',#12301,#13431,#14584,.T.);
#14584 = LINE('',#14585,#14586);
#14585 = CARTESIAN_POINT('',(110.8,-104.955,0.));
#14586 = VECTOR('',#14587,1.);
#14587 = DIRECTION('',(0.,0.,1.));
#14588 = ORIENTED_EDGE('',*,*,#13430,.T.);
#14589 = ORIENTED_EDGE('',*,*,#14549,.F.);
#14590 = ORIENTED_EDGE('',*,*,#12300,.F.);
#14591 = PLANE('',#14592);
#14592 = AXIS2_PLACEMENT_3D('',#14593,#14594,#14595);
#14593 = CARTESIAN_POINT('',(110.8,-104.955,0.));
#14594 = DIRECTION('',(-1.,0.,0.));
#14595 = DIRECTION('',(0.,1.,0.));
#14596 = ADVANCED_FACE('',(#14597),#14608,.T.);
#14597 = FACE_BOUND('',#14598,.T.);
#14598 = EDGE_LOOP('',(#14599,#14600,#14601,#14607));
#14599 = ORIENTED_EDGE('',*,*,#14568,.T.);
#14600 = ORIENTED_EDGE('',*,*,#13447,.T.);
#14601 = ORIENTED_EDGE('',*,*,#14602,.F.);
#14602 = EDGE_CURVE('',#12309,#13439,#14603,.T.);
#14603 = LINE('',#14604,#14605);
#14604 = CARTESIAN_POINT('',(115.8,-109.955,0.));
#14605 = VECTOR('',#14606,1.);
#14606 = DIRECTION('',(0.,0.,1.));
#14607 = ORIENTED_EDGE('',*,*,#12317,.F.);
#14608 = PLANE('',#14609);
#14609 = AXIS2_PLACEMENT_3D('',#14610,#14611,#14612);
#14610 = CARTESIAN_POINT('',(142.8,-109.955,0.));
#14611 = DIRECTION('',(0.,-1.,0.));
#14612 = DIRECTION('',(-1.,0.,0.));
#14613 = ADVANCED_FACE('',(#14614),#14620,.T.);
#14614 = FACE_BOUND('',#14615,.T.);
#14615 = EDGE_LOOP('',(#14616,#14617,#14618,#14619));
#14616 = ORIENTED_EDGE('',*,*,#14602,.T.);
#14617 = ORIENTED_EDGE('',*,*,#13438,.T.);
#14618 = ORIENTED_EDGE('',*,*,#14583,.F.);
#14619 = ORIENTED_EDGE('',*,*,#12308,.F.);
#14620 = CYLINDRICAL_SURFACE('',#14621,4.999999678834);
#14621 = AXIS2_PLACEMENT_3D('',#14622,#14623,#14624);
#14622 = CARTESIAN_POINT('',(115.79999967883,-104.9550003211,0.));
#14623 = DIRECTION('',(0.,0.,-1.));
#14624 = DIRECTION('',(6.423314417722E-08,-1.,0.));
#14625 = ADVANCED_FACE('',(#14626),#14637,.F.);
#14626 = FACE_BOUND('',#14627,.T.);
#14627 = EDGE_LOOP('',(#14628,#14629,#14635,#14636));
#14628 = ORIENTED_EDGE('',*,*,#12335,.T.);
#14629 = ORIENTED_EDGE('',*,*,#14630,.T.);
#14630 = EDGE_CURVE('',#12336,#13466,#14631,.T.);
#14631 = LINE('',#14632,#14633);
#14632 = CARTESIAN_POINT('',(115.,-106.89,-4.6E-02));
#14633 = VECTOR('',#14634,1.);
#14634 = DIRECTION('',(0.,0.,1.));
#14635 = ORIENTED_EDGE('',*,*,#13465,.F.);
#14636 = ORIENTED_EDGE('',*,*,#14630,.F.);
#14637 = CYLINDRICAL_SURFACE('',#14638,1.6);
#14638 = AXIS2_PLACEMENT_3D('',#14639,#14640,#14641);
#14639 = CARTESIAN_POINT('',(115.,-105.29,-4.6E-02));
#14640 = DIRECTION('',(-0.,-0.,-1.));
#14641 = DIRECTION('',(-0.,-1.,0.));
#14642 = ADVANCED_FACE('',(#14643),#14654,.F.);
#14643 = FACE_BOUND('',#14644,.T.);
#14644 = EDGE_LOOP('',(#14645,#14646,#14652,#14653));
#14645 = ORIENTED_EDGE('',*,*,#12346,.T.);
#14646 = ORIENTED_EDGE('',*,*,#14647,.T.);
#14647 = EDGE_CURVE('',#12347,#13477,#14648,.T.);
#14648 = LINE('',#14649,#14650);
#14649 = CARTESIAN_POINT('',(120.46,-92.14,-3.6E-02));
#14650 = VECTOR('',#14651,1.);
#14651 = DIRECTION('',(0.,0.,1.));
#14652 = ORIENTED_EDGE('',*,*,#13476,.F.);
#14653 = ORIENTED_EDGE('',*,*,#14647,.F.);
#14654 = CYLINDRICAL_SURFACE('',#14655,0.15);
#14655 = AXIS2_PLACEMENT_3D('',#14656,#14657,#14658);
#14656 = CARTESIAN_POINT('',(120.46,-91.99,-3.6E-02));
#14657 = DIRECTION('',(-0.,-0.,-1.));
#14658 = DIRECTION('',(-9.473903143469E-14,-1.,0.));
#14659 = ADVANCED_FACE('',(#14660),#14671,.F.);
#14660 = FACE_BOUND('',#14661,.T.);
#14661 = EDGE_LOOP('',(#14662,#14663,#14669,#14670));
#14662 = ORIENTED_EDGE('',*,*,#12357,.T.);
#14663 = ORIENTED_EDGE('',*,*,#14664,.T.);
#14664 = EDGE_CURVE('',#12358,#13488,#14665,.T.);
#14665 = LINE('',#14666,#14667);
#14666 = CARTESIAN_POINT('',(121.97,-90.42,-3.6E-02));
#14667 = VECTOR('',#14668,1.);
#14668 = DIRECTION('',(0.,0.,1.));
#14669 = ORIENTED_EDGE('',*,*,#13487,.F.);
#14670 = ORIENTED_EDGE('',*,*,#14664,.F.);
#14671 = CYLINDRICAL_SURFACE('',#14672,0.15);
#14672 = AXIS2_PLACEMENT_3D('',#14673,#14674,#14675);
#14673 = CARTESIAN_POINT('',(121.97,-90.27,-3.6E-02));
#14674 = DIRECTION('',(-0.,-0.,-1.));
#14675 = DIRECTION('',(-0.,-1.,0.));
#14676 = ADVANCED_FACE('',(#14677),#14688,.F.);
#14677 = FACE_BOUND('',#14678,.T.);
#14678 = EDGE_LOOP('',(#14679,#14680,#14686,#14687));
#14679 = ORIENTED_EDGE('',*,*,#12368,.T.);
#14680 = ORIENTED_EDGE('',*,*,#14681,.T.);
#14681 = EDGE_CURVE('',#12369,#13499,#14682,.T.);
#14682 = LINE('',#14683,#14684);
#14683 = CARTESIAN_POINT('',(125.36,-90.79,-3.6E-02));
#14684 = VECTOR('',#14685,1.);
#14685 = DIRECTION('',(0.,0.,1.));
#14686 = ORIENTED_EDGE('',*,*,#13498,.F.);
#14687 = ORIENTED_EDGE('',*,*,#14681,.F.);
#14688 = CYLINDRICAL_SURFACE('',#14689,0.15);
#14689 = AXIS2_PLACEMENT_3D('',#14690,#14691,#14692);
#14690 = CARTESIAN_POINT('',(125.36,-90.64,-3.6E-02));
#14691 = DIRECTION('',(-0.,-0.,-1.));
#14692 = DIRECTION('',(-0.,-1.,0.));
#14693 = ADVANCED_FACE('',(#14694),#14705,.F.);
#14694 = FACE_BOUND('',#14695,.T.);
#14695 = EDGE_LOOP('',(#14696,#14697,#14703,#14704));
#14696 = ORIENTED_EDGE('',*,*,#12379,.T.);
#14697 = ORIENTED_EDGE('',*,*,#14698,.T.);
#14698 = EDGE_CURVE('',#12380,#13510,#14699,.T.);
#14699 = LINE('',#14700,#14701);
#14700 = CARTESIAN_POINT('',(126.5,-92.74,-3.6E-02));
#14701 = VECTOR('',#14702,1.);
#14702 = DIRECTION('',(0.,0.,1.));
#14703 = ORIENTED_EDGE('',*,*,#13509,.F.);
#14704 = ORIENTED_EDGE('',*,*,#14698,.F.);
#14705 = CYLINDRICAL_SURFACE('',#14706,0.15);
#14706 = AXIS2_PLACEMENT_3D('',#14707,#14708,#14709);
#14707 = CARTESIAN_POINT('',(126.5,-92.59,-3.6E-02));
#14708 = DIRECTION('',(-0.,-0.,-1.));
#14709 = DIRECTION('',(-0.,-1.,0.));
#14710 = ADVANCED_FACE('',(#14711),#14722,.F.);
#14711 = FACE_BOUND('',#14712,.T.);
#14712 = EDGE_LOOP('',(#14713,#14714,#14720,#14721));
#14713 = ORIENTED_EDGE('',*,*,#12390,.T.);
#14714 = ORIENTED_EDGE('',*,*,#14715,.T.);
#14715 = EDGE_CURVE('',#12391,#13521,#14716,.T.);
#14716 = LINE('',#14717,#14718);
#14717 = CARTESIAN_POINT('',(127.,-87.15,-3.6E-02));
#14718 = VECTOR('',#14719,1.);
#14719 = DIRECTION('',(0.,0.,1.));
#14720 = ORIENTED_EDGE('',*,*,#13520,.F.);
#14721 = ORIENTED_EDGE('',*,*,#14715,.F.);
#14722 = CYLINDRICAL_SURFACE('',#14723,0.15);
#14723 = AXIS2_PLACEMENT_3D('',#14724,#14725,#14726);
#14724 = CARTESIAN_POINT('',(127.,-87.,-3.6E-02));
#14725 = DIRECTION('',(-0.,-0.,-1.));
#14726 = DIRECTION('',(-0.,-1.,0.));
#14727 = ADVANCED_FACE('',(#14728),#14739,.F.);
#14728 = FACE_BOUND('',#14729,.T.);
#14729 = EDGE_LOOP('',(#14730,#14731,#14737,#14738));
#14730 = ORIENTED_EDGE('',*,*,#12401,.T.);
#14731 = ORIENTED_EDGE('',*,*,#14732,.T.);
#14732 = EDGE_CURVE('',#12402,#13532,#14733,.T.);
#14733 = LINE('',#14734,#14735);
#14734 = CARTESIAN_POINT('',(137.18,-95.46,-3.6E-02));
#14735 = VECTOR('',#14736,1.);
#14736 = DIRECTION('',(0.,0.,1.));
#14737 = ORIENTED_EDGE('',*,*,#13531,.F.);
#14738 = ORIENTED_EDGE('',*,*,#14732,.F.);
#14739 = CYLINDRICAL_SURFACE('',#14740,0.15);
#14740 = AXIS2_PLACEMENT_3D('',#14741,#14742,#14743);
#14741 = CARTESIAN_POINT('',(137.18,-95.31,-3.6E-02));
#14742 = DIRECTION('',(-0.,-0.,-1.));
#14743 = DIRECTION('',(-0.,-1.,0.));
#14744 = ADVANCED_FACE('',(#14745),#14756,.F.);
#14745 = FACE_BOUND('',#14746,.T.);
#14746 = EDGE_LOOP('',(#14747,#14748,#14754,#14755));
#14747 = ORIENTED_EDGE('',*,*,#12412,.T.);
#14748 = ORIENTED_EDGE('',*,*,#14749,.T.);
#14749 = EDGE_CURVE('',#12413,#13543,#14750,.T.);
#14750 = LINE('',#14751,#14752);
#14751 = CARTESIAN_POINT('',(143.62,-106.89,-4.6E-02));
#14752 = VECTOR('',#14753,1.);
#14753 = DIRECTION('',(0.,0.,1.));
#14754 = ORIENTED_EDGE('',*,*,#13542,.F.);
#14755 = ORIENTED_EDGE('',*,*,#14749,.F.);
#14756 = CYLINDRICAL_SURFACE('',#14757,1.6);
#14757 = AXIS2_PLACEMENT_3D('',#14758,#14759,#14760);
#14758 = CARTESIAN_POINT('',(143.62,-105.29,-4.6E-02));
#14759 = DIRECTION('',(-0.,-0.,-1.));
#14760 = DIRECTION('',(-0.,-1.,0.));
#14761 = ADVANCED_FACE('',(#14762),#14773,.F.);
#14762 = FACE_BOUND('',#14763,.T.);
#14763 = EDGE_LOOP('',(#14764,#14765,#14771,#14772));
#14764 = ORIENTED_EDGE('',*,*,#12423,.T.);
#14765 = ORIENTED_EDGE('',*,*,#14766,.T.);
#14766 = EDGE_CURVE('',#12424,#13554,#14767,.T.);
#14767 = LINE('',#14768,#14769);
#14768 = CARTESIAN_POINT('',(141.59125,-96.87125,-4.6E-02));
#14769 = VECTOR('',#14770,1.);
#14770 = DIRECTION('',(0.,0.,1.));
#14771 = ORIENTED_EDGE('',*,*,#13553,.F.);
#14772 = ORIENTED_EDGE('',*,*,#14766,.F.);
#14773 = CYLINDRICAL_SURFACE('',#14774,1.E-01);
#14774 = AXIS2_PLACEMENT_3D('',#14775,#14776,#14777);
#14775 = CARTESIAN_POINT('',(141.59125,-96.77125,-4.6E-02));
#14776 = DIRECTION('',(-0.,-0.,-1.));
#14777 = DIRECTION('',(-0.,-1.,0.));
#14778 = ADVANCED_FACE('',(#14779),#14790,.F.);
#14779 = FACE_BOUND('',#14780,.T.);
#14780 = EDGE_LOOP('',(#14781,#14782,#14788,#14789));
#14781 = ORIENTED_EDGE('',*,*,#12434,.T.);
#14782 = ORIENTED_EDGE('',*,*,#14783,.T.);
#14783 = EDGE_CURVE('',#12435,#13565,#14784,.T.);
#14784 = LINE('',#14785,#14786);
#14785 = CARTESIAN_POINT('',(141.59125,-95.87125,-4.6E-02));
#14786 = VECTOR('',#14787,1.);
#14787 = DIRECTION('',(0.,0.,1.));
#14788 = ORIENTED_EDGE('',*,*,#13564,.F.);
#14789 = ORIENTED_EDGE('',*,*,#14783,.F.);
#14790 = CYLINDRICAL_SURFACE('',#14791,1.E-01);
#14791 = AXIS2_PLACEMENT_3D('',#14792,#14793,#14794);
#14792 = CARTESIAN_POINT('',(141.59125,-95.77125,-4.6E-02));
#14793 = DIRECTION('',(-0.,-0.,-1.));
#14794 = DIRECTION('',(-0.,-1.,0.));
#14795 = ADVANCED_FACE('',(#14796),#14807,.F.);
#14796 = FACE_BOUND('',#14797,.T.);
#14797 = EDGE_LOOP('',(#14798,#14799,#14805,#14806));
#14798 = ORIENTED_EDGE('',*,*,#12445,.T.);
#14799 = ORIENTED_EDGE('',*,*,#14800,.T.);
#14800 = EDGE_CURVE('',#12446,#13576,#14801,.T.);
#14801 = LINE('',#14802,#14803);
#14802 = CARTESIAN_POINT('',(142.59125,-96.87125,-4.6E-02));
#14803 = VECTOR('',#14804,1.);
#14804 = DIRECTION('',(0.,0.,1.));
#14805 = ORIENTED_EDGE('',*,*,#13575,.F.);
#14806 = ORIENTED_EDGE('',*,*,#14800,.F.);
#14807 = CYLINDRICAL_SURFACE('',#14808,1.E-01);
#14808 = AXIS2_PLACEMENT_3D('',#14809,#14810,#14811);
#14809 = CARTESIAN_POINT('',(142.59125,-96.77125,-4.6E-02));
#14810 = DIRECTION('',(-0.,-0.,-1.));
#14811 = DIRECTION('',(-0.,-1.,0.));
#14812 = ADVANCED_FACE('',(#14813),#14824,.F.);
#14813 = FACE_BOUND('',#14814,.T.);
#14814 = EDGE_LOOP('',(#14815,#14816,#14822,#14823));
#14815 = ORIENTED_EDGE('',*,*,#12456,.T.);
#14816 = ORIENTED_EDGE('',*,*,#14817,.T.);
#14817 = EDGE_CURVE('',#12457,#13587,#14818,.T.);
#14818 = LINE('',#14819,#14820);
#14819 = CARTESIAN_POINT('',(143.59125,-96.87125,-4.6E-02));
#14820 = VECTOR('',#14821,1.);
#14821 = DIRECTION('',(0.,0.,1.));
#14822 = ORIENTED_EDGE('',*,*,#13586,.F.);
#14823 = ORIENTED_EDGE('',*,*,#14817,.F.);
#14824 = CYLINDRICAL_SURFACE('',#14825,1.E-01);
#14825 = AXIS2_PLACEMENT_3D('',#14826,#14827,#14828);
#14826 = CARTESIAN_POINT('',(143.59125,-96.77125,-4.6E-02));
#14827 = DIRECTION('',(-0.,-0.,-1.));
#14828 = DIRECTION('',(-0.,-1.,0.));
#14829 = ADVANCED_FACE('',(#14830),#14841,.F.);
#14830 = FACE_BOUND('',#14831,.T.);
#14831 = EDGE_LOOP('',(#14832,#14833,#14839,#14840));
#14832 = ORIENTED_EDGE('',*,*,#12467,.T.);
#14833 = ORIENTED_EDGE('',*,*,#14834,.T.);
#14834 = EDGE_CURVE('',#12468,#13598,#14835,.T.);
#14835 = LINE('',#14836,#14837);
#14836 = CARTESIAN_POINT('',(142.59125,-95.87125,-4.6E-02));
#14837 = VECTOR('',#14838,1.);
#14838 = DIRECTION('',(0.,0.,1.));
#14839 = ORIENTED_EDGE('',*,*,#13597,.F.);
#14840 = ORIENTED_EDGE('',*,*,#14834,.F.);
#14841 = CYLINDRICAL_SURFACE('',#14842,1.E-01);
#14842 = AXIS2_PLACEMENT_3D('',#14843,#14844,#14845);
#14843 = CARTESIAN_POINT('',(142.59125,-95.77125,-4.6E-02));
#14844 = DIRECTION('',(-0.,-0.,-1.));
#14845 = DIRECTION('',(-0.,-1.,0.));
#14846 = ADVANCED_FACE('',(#14847),#14858,.F.);
#14847 = FACE_BOUND('',#14848,.T.);
#14848 = EDGE_LOOP('',(#14849,#14850,#14856,#14857));
#14849 = ORIENTED_EDGE('',*,*,#12478,.T.);
#14850 = ORIENTED_EDGE('',*,*,#14851,.T.);
#14851 = EDGE_CURVE('',#12479,#13609,#14852,.T.);
#14852 = LINE('',#14853,#14854);
#14853 = CARTESIAN_POINT('',(143.59125,-95.87125,-4.6E-02));
#14854 = VECTOR('',#14855,1.);
#14855 = DIRECTION('',(0.,0.,1.));
#14856 = ORIENTED_EDGE('',*,*,#13608,.F.);
#14857 = ORIENTED_EDGE('',*,*,#14851,.F.);
#14858 = CYLINDRICAL_SURFACE('',#14859,1.E-01);
#14859 = AXIS2_PLACEMENT_3D('',#14860,#14861,#14862);
#14860 = CARTESIAN_POINT('',(143.59125,-95.77125,-4.6E-02));
#14861 = DIRECTION('',(-0.,-0.,-1.));
#14862 = DIRECTION('',(-0.,-1.,0.));
#14863 = ADVANCED_FACE('',(#14864),#14875,.F.);
#14864 = FACE_BOUND('',#14865,.T.);
#14865 = EDGE_LOOP('',(#14866,#14867,#14873,#14874));
#14866 = ORIENTED_EDGE('',*,*,#12489,.T.);
#14867 = ORIENTED_EDGE('',*,*,#14868,.T.);
#14868 = EDGE_CURVE('',#12490,#13620,#14869,.T.);
#14869 = LINE('',#14870,#14871);
#14870 = CARTESIAN_POINT('',(146.01,-95.9,-3.6E-02));
#14871 = VECTOR('',#14872,1.);
#14872 = DIRECTION('',(0.,0.,1.));
#14873 = ORIENTED_EDGE('',*,*,#13619,.F.);
#14874 = ORIENTED_EDGE('',*,*,#14868,.F.);
#14875 = CYLINDRICAL_SURFACE('',#14876,0.15);
#14876 = AXIS2_PLACEMENT_3D('',#14877,#14878,#14879);
#14877 = CARTESIAN_POINT('',(146.01,-95.75,-3.6E-02));
#14878 = DIRECTION('',(-0.,-0.,-1.));
#14879 = DIRECTION('',(-0.,-1.,0.));
#14880 = ADVANCED_FACE('',(#14881),#14892,.F.);
#14881 = FACE_BOUND('',#14882,.T.);
#14882 = EDGE_LOOP('',(#14883,#14884,#14890,#14891));
#14883 = ORIENTED_EDGE('',*,*,#12500,.T.);
#14884 = ORIENTED_EDGE('',*,*,#14885,.T.);
#14885 = EDGE_CURVE('',#12501,#13631,#14886,.T.);
#14886 = LINE('',#14887,#14888);
#14887 = CARTESIAN_POINT('',(133.39,-93.19,-3.6E-02));
#14888 = VECTOR('',#14889,1.);
#14889 = DIRECTION('',(0.,0.,1.));
#14890 = ORIENTED_EDGE('',*,*,#13630,.F.);
#14891 = ORIENTED_EDGE('',*,*,#14885,.F.);
#14892 = CYLINDRICAL_SURFACE('',#14893,0.15);
#14893 = AXIS2_PLACEMENT_3D('',#14894,#14895,#14896);
#14894 = CARTESIAN_POINT('',(133.39,-93.04,-3.6E-02));
#14895 = DIRECTION('',(-0.,-0.,-1.));
#14896 = DIRECTION('',(-0.,-1.,0.));
#14897 = ADVANCED_FACE('',(#14898),#14909,.F.);
#14898 = FACE_BOUND('',#14899,.T.);
#14899 = EDGE_LOOP('',(#14900,#14901,#14907,#14908));
#14900 = ORIENTED_EDGE('',*,*,#12511,.T.);
#14901 = ORIENTED_EDGE('',*,*,#14902,.T.);
#14902 = EDGE_CURVE('',#12512,#13642,#14903,.T.);
#14903 = LINE('',#14904,#14905);
#14904 = CARTESIAN_POINT('',(132.47,-89.66,-3.6E-02));
#14905 = VECTOR('',#14906,1.);
#14906 = DIRECTION('',(0.,0.,1.));
#14907 = ORIENTED_EDGE('',*,*,#13641,.F.);
#14908 = ORIENTED_EDGE('',*,*,#14902,.F.);
#14909 = CYLINDRICAL_SURFACE('',#14910,0.15);
#14910 = AXIS2_PLACEMENT_3D('',#14911,#14912,#14913);
#14911 = CARTESIAN_POINT('',(132.47,-89.51,-3.6E-02));
#14912 = DIRECTION('',(-0.,-0.,-1.));
#14913 = DIRECTION('',(-0.,-1.,0.));
#14914 = ADVANCED_FACE('',(#14915),#14926,.F.);
#14915 = FACE_BOUND('',#14916,.T.);
#14916 = EDGE_LOOP('',(#14917,#14918,#14924,#14925));
#14917 = ORIENTED_EDGE('',*,*,#12522,.T.);
#14918 = ORIENTED_EDGE('',*,*,#14919,.T.);
#14919 = EDGE_CURVE('',#12523,#13653,#14920,.T.);
#14920 = LINE('',#14921,#14922);
#14921 = CARTESIAN_POINT('',(135.58,-92.46,-3.6E-02));
#14922 = VECTOR('',#14923,1.);
#14923 = DIRECTION('',(0.,0.,1.));
#14924 = ORIENTED_EDGE('',*,*,#13652,.F.);
#14925 = ORIENTED_EDGE('',*,*,#14919,.F.);
#14926 = CYLINDRICAL_SURFACE('',#14927,0.15);
#14927 = AXIS2_PLACEMENT_3D('',#14928,#14929,#14930);
#14928 = CARTESIAN_POINT('',(135.58,-92.31,-3.6E-02));
#14929 = DIRECTION('',(-0.,0.,-1.));
#14930 = DIRECTION('',(1.894780628693E-13,-1.,-0.));
#14931 = ADVANCED_FACE('',(#14932),#14943,.F.);
#14932 = FACE_BOUND('',#14933,.T.);
#14933 = EDGE_LOOP('',(#14934,#14935,#14941,#14942));
#14934 = ORIENTED_EDGE('',*,*,#12533,.T.);
#14935 = ORIENTED_EDGE('',*,*,#14936,.T.);
#14936 = EDGE_CURVE('',#12534,#13664,#14937,.T.);
#14937 = LINE('',#14938,#14939);
#14938 = CARTESIAN_POINT('',(136.86,-90.91,-3.6E-02));
#14939 = VECTOR('',#14940,1.);
#14940 = DIRECTION('',(0.,0.,1.));
#14941 = ORIENTED_EDGE('',*,*,#13663,.F.);
#14942 = ORIENTED_EDGE('',*,*,#14936,.F.);
#14943 = CYLINDRICAL_SURFACE('',#14944,0.15);
#14944 = AXIS2_PLACEMENT_3D('',#14945,#14946,#14947);
#14945 = CARTESIAN_POINT('',(136.86,-90.76,-3.6E-02));
#14946 = DIRECTION('',(-0.,-0.,-1.));
#14947 = DIRECTION('',(-0.,-1.,0.));
#14948 = ADVANCED_FACE('',(#14949),#14960,.F.);
#14949 = FACE_BOUND('',#14950,.T.);
#14950 = EDGE_LOOP('',(#14951,#14952,#14958,#14959));
#14951 = ORIENTED_EDGE('',*,*,#12544,.T.);
#14952 = ORIENTED_EDGE('',*,*,#14953,.T.);
#14953 = EDGE_CURVE('',#12545,#13675,#14954,.T.);
#14954 = LINE('',#14955,#14956);
#14955 = CARTESIAN_POINT('',(136.02,-89.65,-3.6E-02));
#14956 = VECTOR('',#14957,1.);
#14957 = DIRECTION('',(0.,0.,1.));
#14958 = ORIENTED_EDGE('',*,*,#13674,.F.);
#14959 = ORIENTED_EDGE('',*,*,#14953,.F.);
#14960 = CYLINDRICAL_SURFACE('',#14961,0.15);
#14961 = AXIS2_PLACEMENT_3D('',#14962,#14963,#14964);
#14962 = CARTESIAN_POINT('',(136.02,-89.5,-3.6E-02));
#14963 = DIRECTION('',(-0.,0.,-1.));
#14964 = DIRECTION('',(1.894780628694E-13,-1.,-0.));
#14965 = ADVANCED_FACE('',(#14966),#14977,.F.);
#14966 = FACE_BOUND('',#14967,.T.);
#14967 = EDGE_LOOP('',(#14968,#14969,#14975,#14976));
#14968 = ORIENTED_EDGE('',*,*,#12555,.T.);
#14969 = ORIENTED_EDGE('',*,*,#14970,.T.);
#14970 = EDGE_CURVE('',#12556,#13686,#14971,.T.);
#14971 = LINE('',#14972,#14973);
#14972 = CARTESIAN_POINT('',(136.98,-89.65,-3.6E-02));
#14973 = VECTOR('',#14974,1.);
#14974 = DIRECTION('',(0.,0.,1.));
#14975 = ORIENTED_EDGE('',*,*,#13685,.F.);
#14976 = ORIENTED_EDGE('',*,*,#14970,.F.);
#14977 = CYLINDRICAL_SURFACE('',#14978,0.15);
#14978 = AXIS2_PLACEMENT_3D('',#14979,#14980,#14981);
#14979 = CARTESIAN_POINT('',(136.98,-89.5,-3.6E-02));
#14980 = DIRECTION('',(-0.,-0.,-1.));
#14981 = DIRECTION('',(-1.894780628694E-13,-1.,0.));
#14982 = ADVANCED_FACE('',(#14983),#14994,.F.);
#14983 = FACE_BOUND('',#14984,.T.);
#14984 = EDGE_LOOP('',(#14985,#14986,#14992,#14993));
#14985 = ORIENTED_EDGE('',*,*,#12566,.T.);
#14986 = ORIENTED_EDGE('',*,*,#14987,.T.);
#14987 = EDGE_CURVE('',#12567,#13697,#14988,.T.);
#14988 = LINE('',#14989,#14990);
#14989 = CARTESIAN_POINT('',(130.,-88.165,-3.6E-02));
#14990 = VECTOR('',#14991,1.);
#14991 = DIRECTION('',(0.,0.,1.));
#14992 = ORIENTED_EDGE('',*,*,#13696,.F.);
#14993 = ORIENTED_EDGE('',*,*,#14987,.F.);
#14994 = CYLINDRICAL_SURFACE('',#14995,0.15);
#14995 = AXIS2_PLACEMENT_3D('',#14996,#14997,#14998);
#14996 = CARTESIAN_POINT('',(130.,-88.015,-3.6E-02));
#14997 = DIRECTION('',(-0.,-0.,-1.));
#14998 = DIRECTION('',(-0.,-1.,0.));
#14999 = ADVANCED_FACE('',(#15000),#15011,.F.);
#15000 = FACE_BOUND('',#15001,.T.);
#15001 = EDGE_LOOP('',(#15002,#15003,#15009,#15010));
#15002 = ORIENTED_EDGE('',*,*,#12577,.T.);
#15003 = ORIENTED_EDGE('',*,*,#15004,.T.);
#15004 = EDGE_CURVE('',#12578,#13708,#15005,.T.);
#15005 = LINE('',#15006,#15007);
#15006 = CARTESIAN_POINT('',(131.739188,-89.251879,-3.6E-02));
#15007 = VECTOR('',#15008,1.);
#15008 = DIRECTION('',(0.,0.,1.));
#15009 = ORIENTED_EDGE('',*,*,#13707,.F.);
#15010 = ORIENTED_EDGE('',*,*,#15004,.F.);
#15011 = CYLINDRICAL_SURFACE('',#15012,0.15);
#15012 = AXIS2_PLACEMENT_3D('',#15013,#15014,#15015);
#15013 = CARTESIAN_POINT('',(131.739188,-89.101879,-3.6E-02));
#15014 = DIRECTION('',(-0.,-0.,-1.));
#15015 = DIRECTION('',(-0.,-1.,0.));
#15016 = ADVANCED_FACE('',(#15017),#15028,.F.);
#15017 = FACE_BOUND('',#15018,.T.);
#15018 = EDGE_LOOP('',(#15019,#15020,#15026,#15027));
#15019 = ORIENTED_EDGE('',*,*,#12588,.T.);
#15020 = ORIENTED_EDGE('',*,*,#15021,.T.);
#15021 = EDGE_CURVE('',#12589,#13719,#15022,.T.);
#15022 = LINE('',#15023,#15024);
#15023 = CARTESIAN_POINT('',(132.8,-87.8,-3.6E-02));
#15024 = VECTOR('',#15025,1.);
#15025 = DIRECTION('',(0.,0.,1.));
#15026 = ORIENTED_EDGE('',*,*,#13718,.F.);
#15027 = ORIENTED_EDGE('',*,*,#15021,.F.);
#15028 = CYLINDRICAL_SURFACE('',#15029,0.15);
#15029 = AXIS2_PLACEMENT_3D('',#15030,#15031,#15032);
#15030 = CARTESIAN_POINT('',(132.8,-87.65,-3.6E-02));
#15031 = DIRECTION('',(-0.,-0.,-1.));
#15032 = DIRECTION('',(-0.,-1.,0.));
#15033 = ADVANCED_FACE('',(#15034),#15045,.F.);
#15034 = FACE_BOUND('',#15035,.T.);
#15035 = EDGE_LOOP('',(#15036,#15037,#15043,#15044));
#15036 = ORIENTED_EDGE('',*,*,#12599,.T.);
#15037 = ORIENTED_EDGE('',*,*,#15038,.T.);
#15038 = EDGE_CURVE('',#12600,#13730,#15039,.T.);
#15039 = LINE('',#15040,#15041);
#15040 = CARTESIAN_POINT('',(129.8625,-84.4,-4.6E-02));
#15041 = VECTOR('',#15042,1.);
#15042 = DIRECTION('',(0.,0.,1.));
#15043 = ORIENTED_EDGE('',*,*,#13729,.F.);
#15044 = ORIENTED_EDGE('',*,*,#15038,.F.);
#15045 = CYLINDRICAL_SURFACE('',#15046,0.1);
#15046 = AXIS2_PLACEMENT_3D('',#15047,#15048,#15049);
#15047 = CARTESIAN_POINT('',(129.8625,-84.3,-4.6E-02));
#15048 = DIRECTION('',(-0.,-0.,-1.));
#15049 = DIRECTION('',(-0.,-1.,0.));
#15050 = ADVANCED_FACE('',(#15051),#15062,.F.);
#15051 = FACE_BOUND('',#15052,.T.);
#15052 = EDGE_LOOP('',(#15053,#15054,#15060,#15061));
#15053 = ORIENTED_EDGE('',*,*,#12610,.T.);
#15054 = ORIENTED_EDGE('',*,*,#15055,.T.);
#15055 = EDGE_CURVE('',#12611,#13741,#15056,.T.);
#15056 = LINE('',#15057,#15058);
#15057 = CARTESIAN_POINT('',(130.8625,-84.4,-4.6E-02));
#15058 = VECTOR('',#15059,1.);
#15059 = DIRECTION('',(0.,0.,1.));
#15060 = ORIENTED_EDGE('',*,*,#13740,.F.);
#15061 = ORIENTED_EDGE('',*,*,#15055,.F.);
#15062 = CYLINDRICAL_SURFACE('',#15063,0.1);
#15063 = AXIS2_PLACEMENT_3D('',#15064,#15065,#15066);
#15064 = CARTESIAN_POINT('',(130.8625,-84.3,-4.6E-02));
#15065 = DIRECTION('',(-0.,-0.,-1.));
#15066 = DIRECTION('',(-0.,-1.,0.));
#15067 = ADVANCED_FACE('',(#15068),#15079,.F.);
#15068 = FACE_BOUND('',#15069,.T.);
#15069 = EDGE_LOOP('',(#15070,#15071,#15077,#15078));
#15070 = ORIENTED_EDGE('',*,*,#12621,.T.);
#15071 = ORIENTED_EDGE('',*,*,#15072,.T.);
#15072 = EDGE_CURVE('',#12622,#13752,#15073,.T.);
#15073 = LINE('',#15074,#15075);
#15074 = CARTESIAN_POINT('',(131.8625,-84.4,-4.6E-02));
#15075 = VECTOR('',#15076,1.);
#15076 = DIRECTION('',(0.,0.,1.));
#15077 = ORIENTED_EDGE('',*,*,#13751,.F.);
#15078 = ORIENTED_EDGE('',*,*,#15072,.F.);
#15079 = CYLINDRICAL_SURFACE('',#15080,0.1);
#15080 = AXIS2_PLACEMENT_3D('',#15081,#15082,#15083);
#15081 = CARTESIAN_POINT('',(131.8625,-84.3,-4.6E-02));
#15082 = DIRECTION('',(-0.,-0.,-1.));
#15083 = DIRECTION('',(-0.,-1.,0.));
#15084 = ADVANCED_FACE('',(#15085),#15096,.F.);
#15085 = FACE_BOUND('',#15086,.T.);
#15086 = EDGE_LOOP('',(#15087,#15088,#15094,#15095));
#15087 = ORIENTED_EDGE('',*,*,#12632,.T.);
#15088 = ORIENTED_EDGE('',*,*,#15089,.T.);
#15089 = EDGE_CURVE('',#12633,#13763,#15090,.T.);
#15090 = LINE('',#15091,#15092);
#15091 = CARTESIAN_POINT('',(134.,-88.69,-3.6E-02));
#15092 = VECTOR('',#15093,1.);
#15093 = DIRECTION('',(0.,0.,1.));
#15094 = ORIENTED_EDGE('',*,*,#13762,.F.);
#15095 = ORIENTED_EDGE('',*,*,#15089,.F.);
#15096 = CYLINDRICAL_SURFACE('',#15097,0.15);
#15097 = AXIS2_PLACEMENT_3D('',#15098,#15099,#15100);
#15098 = CARTESIAN_POINT('',(134.,-88.54,-3.6E-02));
#15099 = DIRECTION('',(-0.,-0.,-1.));
#15100 = DIRECTION('',(-0.,-1.,0.));
#15101 = ADVANCED_FACE('',(#15102),#15113,.F.);
#15102 = FACE_BOUND('',#15103,.T.);
#15103 = EDGE_LOOP('',(#15104,#15105,#15111,#15112));
#15104 = ORIENTED_EDGE('',*,*,#12643,.T.);
#15105 = ORIENTED_EDGE('',*,*,#15106,.T.);
#15106 = EDGE_CURVE('',#12644,#13774,#15107,.T.);
#15107 = LINE('',#15108,#15109);
#15108 = CARTESIAN_POINT('',(137.03,-87.65,-3.6E-02));
#15109 = VECTOR('',#15110,1.);
#15110 = DIRECTION('',(0.,0.,1.));
#15111 = ORIENTED_EDGE('',*,*,#13773,.F.);
#15112 = ORIENTED_EDGE('',*,*,#15106,.F.);
#15113 = CYLINDRICAL_SURFACE('',#15114,0.15);
#15114 = AXIS2_PLACEMENT_3D('',#15115,#15116,#15117);
#15115 = CARTESIAN_POINT('',(137.03,-87.5,-3.6E-02));
#15116 = DIRECTION('',(-0.,-0.,-1.));
#15117 = DIRECTION('',(-0.,-1.,0.));
#15118 = ADVANCED_FACE('',(#15119),#15130,.F.);
#15119 = FACE_BOUND('',#15120,.T.);
#15120 = EDGE_LOOP('',(#15121,#15122,#15128,#15129));
#15121 = ORIENTED_EDGE('',*,*,#12654,.T.);
#15122 = ORIENTED_EDGE('',*,*,#15123,.T.);
#15123 = EDGE_CURVE('',#12655,#13785,#15124,.T.);
#15124 = LINE('',#15125,#15126);
#15125 = CARTESIAN_POINT('',(134.15,-86.36,-3.6E-02));
#15126 = VECTOR('',#15127,1.);
#15127 = DIRECTION('',(0.,0.,1.));
#15128 = ORIENTED_EDGE('',*,*,#13784,.F.);
#15129 = ORIENTED_EDGE('',*,*,#15123,.F.);
#15130 = CYLINDRICAL_SURFACE('',#15131,0.15);
#15131 = AXIS2_PLACEMENT_3D('',#15132,#15133,#15134);
#15132 = CARTESIAN_POINT('',(134.15,-86.21,-3.6E-02));
#15133 = DIRECTION('',(-0.,-0.,-1.));
#15134 = DIRECTION('',(-0.,-1.,0.));
#15135 = ADVANCED_FACE('',(#15136),#15147,.F.);
#15136 = FACE_BOUND('',#15137,.T.);
#15137 = EDGE_LOOP('',(#15138,#15139,#15145,#15146));
#15138 = ORIENTED_EDGE('',*,*,#12665,.T.);
#15139 = ORIENTED_EDGE('',*,*,#15140,.T.);
#15140 = EDGE_CURVE('',#12666,#13796,#15141,.T.);
#15141 = LINE('',#15142,#15143);
#15142 = CARTESIAN_POINT('',(136.,-84.15,-3.6E-02));
#15143 = VECTOR('',#15144,1.);
#15144 = DIRECTION('',(0.,0.,1.));
#15145 = ORIENTED_EDGE('',*,*,#13795,.F.);
#15146 = ORIENTED_EDGE('',*,*,#15140,.F.);
#15147 = CYLINDRICAL_SURFACE('',#15148,0.15);
#15148 = AXIS2_PLACEMENT_3D('',#15149,#15150,#15151);
#15149 = CARTESIAN_POINT('',(136.,-84.,-3.6E-02));
#15150 = DIRECTION('',(-0.,-0.,-1.));
#15151 = DIRECTION('',(-0.,-1.,0.));
#15152 = ADVANCED_FACE('',(#15153),#15164,.F.);
#15153 = FACE_BOUND('',#15154,.T.);
#15154 = EDGE_LOOP('',(#15155,#15156,#15162,#15163));
#15155 = ORIENTED_EDGE('',*,*,#12676,.T.);
#15156 = ORIENTED_EDGE('',*,*,#15157,.T.);
#15157 = EDGE_CURVE('',#12677,#13807,#15158,.T.);
#15158 = LINE('',#15159,#15160);
#15159 = CARTESIAN_POINT('',(141.59125,-94.87125,-4.6E-02));
#15160 = VECTOR('',#15161,1.);
#15161 = DIRECTION('',(0.,0.,1.));
#15162 = ORIENTED_EDGE('',*,*,#13806,.F.);
#15163 = ORIENTED_EDGE('',*,*,#15157,.F.);
#15164 = CYLINDRICAL_SURFACE('',#15165,1.E-01);
#15165 = AXIS2_PLACEMENT_3D('',#15166,#15167,#15168);
#15166 = CARTESIAN_POINT('',(141.59125,-94.77125,-4.6E-02));
#15167 = DIRECTION('',(-0.,-0.,-1.));
#15168 = DIRECTION('',(-0.,-1.,0.));
#15169 = ADVANCED_FACE('',(#15170),#15181,.F.);
#15170 = FACE_BOUND('',#15171,.T.);
#15171 = EDGE_LOOP('',(#15172,#15173,#15179,#15180));
#15172 = ORIENTED_EDGE('',*,*,#12687,.T.);
#15173 = ORIENTED_EDGE('',*,*,#15174,.T.);
#15174 = EDGE_CURVE('',#12688,#13818,#15175,.T.);
#15175 = LINE('',#15176,#15177);
#15176 = CARTESIAN_POINT('',(140.5,-93.,-3.6E-02));
#15177 = VECTOR('',#15178,1.);
#15178 = DIRECTION('',(0.,0.,1.));
#15179 = ORIENTED_EDGE('',*,*,#13817,.F.);
#15180 = ORIENTED_EDGE('',*,*,#15174,.F.);
#15181 = CYLINDRICAL_SURFACE('',#15182,0.15);
#15182 = AXIS2_PLACEMENT_3D('',#15183,#15184,#15185);
#15183 = CARTESIAN_POINT('',(140.5,-92.85,-3.6E-02));
#15184 = DIRECTION('',(-0.,-0.,-1.));
#15185 = DIRECTION('',(-0.,-1.,0.));
#15186 = ADVANCED_FACE('',(#15187),#15198,.F.);
#15187 = FACE_BOUND('',#15188,.T.);
#15188 = EDGE_LOOP('',(#15189,#15190,#15196,#15197));
#15189 = ORIENTED_EDGE('',*,*,#12698,.T.);
#15190 = ORIENTED_EDGE('',*,*,#15191,.T.);
#15191 = EDGE_CURVE('',#12699,#13829,#15192,.T.);
#15192 = LINE('',#15193,#15194);
#15193 = CARTESIAN_POINT('',(140.29,-91.32,-3.6E-02));
#15194 = VECTOR('',#15195,1.);
#15195 = DIRECTION('',(0.,0.,1.));
#15196 = ORIENTED_EDGE('',*,*,#13828,.F.);
#15197 = ORIENTED_EDGE('',*,*,#15191,.F.);
#15198 = CYLINDRICAL_SURFACE('',#15199,0.15);
#15199 = AXIS2_PLACEMENT_3D('',#15200,#15201,#15202);
#15200 = CARTESIAN_POINT('',(140.29,-91.17,-3.6E-02));
#15201 = DIRECTION('',(-0.,-0.,-1.));
#15202 = DIRECTION('',(-0.,-1.,0.));
#15203 = ADVANCED_FACE('',(#15204),#15215,.F.);
#15204 = FACE_BOUND('',#15205,.T.);
#15205 = EDGE_LOOP('',(#15206,#15207,#15213,#15214));
#15206 = ORIENTED_EDGE('',*,*,#12709,.T.);
#15207 = ORIENTED_EDGE('',*,*,#15208,.T.);
#15208 = EDGE_CURVE('',#12710,#13840,#15209,.T.);
#15209 = LINE('',#15210,#15211);
#15210 = CARTESIAN_POINT('',(142.59125,-94.87125,-4.6E-02));
#15211 = VECTOR('',#15212,1.);
#15212 = DIRECTION('',(0.,0.,1.));
#15213 = ORIENTED_EDGE('',*,*,#13839,.F.);
#15214 = ORIENTED_EDGE('',*,*,#15208,.F.);
#15215 = CYLINDRICAL_SURFACE('',#15216,1.E-01);
#15216 = AXIS2_PLACEMENT_3D('',#15217,#15218,#15219);
#15217 = CARTESIAN_POINT('',(142.59125,-94.77125,-4.6E-02));
#15218 = DIRECTION('',(-0.,-0.,-1.));
#15219 = DIRECTION('',(-0.,-1.,0.));
#15220 = ADVANCED_FACE('',(#15221),#15232,.F.);
#15221 = FACE_BOUND('',#15222,.T.);
#15222 = EDGE_LOOP('',(#15223,#15224,#15230,#15231));
#15223 = ORIENTED_EDGE('',*,*,#12720,.T.);
#15224 = ORIENTED_EDGE('',*,*,#15225,.T.);
#15225 = EDGE_CURVE('',#12721,#13851,#15226,.T.);
#15226 = LINE('',#15227,#15228);
#15227 = CARTESIAN_POINT('',(143.59125,-94.87125,-4.6E-02));
#15228 = VECTOR('',#15229,1.);
#15229 = DIRECTION('',(0.,0.,1.));
#15230 = ORIENTED_EDGE('',*,*,#13850,.F.);
#15231 = ORIENTED_EDGE('',*,*,#15225,.F.);
#15232 = CYLINDRICAL_SURFACE('',#15233,1.E-01);
#15233 = AXIS2_PLACEMENT_3D('',#15234,#15235,#15236);
#15234 = CARTESIAN_POINT('',(143.59125,-94.77125,-4.6E-02));
#15235 = DIRECTION('',(-0.,-0.,-1.));
#15236 = DIRECTION('',(-0.,-1.,0.));
#15237 = ADVANCED_FACE('',(#15238),#15249,.F.);
#15238 = FACE_BOUND('',#15239,.T.);
#15239 = EDGE_LOOP('',(#15240,#15241,#15247,#15248));
#15240 = ORIENTED_EDGE('',*,*,#12731,.T.);
#15241 = ORIENTED_EDGE('',*,*,#15242,.T.);
#15242 = EDGE_CURVE('',#12732,#13862,#15243,.T.);
#15243 = LINE('',#15244,#15245);
#15244 = CARTESIAN_POINT('',(143.91625,-93.62125,-3.6E-02));
#15245 = VECTOR('',#15246,1.);
#15246 = DIRECTION('',(0.,0.,1.));
#15247 = ORIENTED_EDGE('',*,*,#13861,.F.);
#15248 = ORIENTED_EDGE('',*,*,#15242,.F.);
#15249 = CYLINDRICAL_SURFACE('',#15250,0.15);
#15250 = AXIS2_PLACEMENT_3D('',#15251,#15252,#15253);
#15251 = CARTESIAN_POINT('',(143.91625,-93.47125,-3.6E-02));
#15252 = DIRECTION('',(-0.,-0.,-1.));
#15253 = DIRECTION('',(-0.,-1.,0.));
#15254 = ADVANCED_FACE('',(#15255),#15266,.F.);
#15255 = FACE_BOUND('',#15256,.T.);
#15256 = EDGE_LOOP('',(#15257,#15258,#15264,#15265));
#15257 = ORIENTED_EDGE('',*,*,#12742,.T.);
#15258 = ORIENTED_EDGE('',*,*,#15259,.T.);
#15259 = EDGE_CURVE('',#12743,#13873,#15260,.T.);
#15260 = LINE('',#15261,#15262);
#15261 = CARTESIAN_POINT('',(142.58,-91.39,-3.6E-02));
#15262 = VECTOR('',#15263,1.);
#15263 = DIRECTION('',(0.,0.,1.));
#15264 = ORIENTED_EDGE('',*,*,#13872,.F.);
#15265 = ORIENTED_EDGE('',*,*,#15259,.F.);
#15266 = CYLINDRICAL_SURFACE('',#15267,0.15);
#15267 = AXIS2_PLACEMENT_3D('',#15268,#15269,#15270);
#15268 = CARTESIAN_POINT('',(142.58,-91.24,-3.6E-02));
#15269 = DIRECTION('',(-0.,0.,-1.));
#15270 = DIRECTION('',(1.894780628694E-13,-1.,-0.));
#15271 = ADVANCED_FACE('',(#15272),#15283,.F.);
#15272 = FACE_BOUND('',#15273,.T.);
#15273 = EDGE_LOOP('',(#15274,#15275,#15281,#15282));
#15274 = ORIENTED_EDGE('',*,*,#12753,.T.);
#15275 = ORIENTED_EDGE('',*,*,#15276,.T.);
#15276 = EDGE_CURVE('',#12754,#13884,#15277,.T.);
#15277 = LINE('',#15278,#15279);
#15278 = CARTESIAN_POINT('',(142.1,-90.72,-3.6E-02));
#15279 = VECTOR('',#15280,1.);
#15280 = DIRECTION('',(0.,0.,1.));
#15281 = ORIENTED_EDGE('',*,*,#13883,.F.);
#15282 = ORIENTED_EDGE('',*,*,#15276,.F.);
#15283 = CYLINDRICAL_SURFACE('',#15284,0.15);
#15284 = AXIS2_PLACEMENT_3D('',#15285,#15286,#15287);
#15285 = CARTESIAN_POINT('',(142.1,-90.57,-3.6E-02));
#15286 = DIRECTION('',(-0.,-0.,-1.));
#15287 = DIRECTION('',(-0.,-1.,0.));
#15288 = ADVANCED_FACE('',(#15289),#15300,.F.);
#15289 = FACE_BOUND('',#15290,.T.);
#15290 = EDGE_LOOP('',(#15291,#15292,#15298,#15299));
#15291 = ORIENTED_EDGE('',*,*,#12764,.T.);
#15292 = ORIENTED_EDGE('',*,*,#15293,.T.);
#15293 = EDGE_CURVE('',#12765,#13895,#15294,.T.);
#15294 = LINE('',#15295,#15296);
#15295 = CARTESIAN_POINT('',(139.55,-88.08,-3.6E-02));
#15296 = VECTOR('',#15297,1.);
#15297 = DIRECTION('',(0.,0.,1.));
#15298 = ORIENTED_EDGE('',*,*,#13894,.F.);
#15299 = ORIENTED_EDGE('',*,*,#15293,.F.);
#15300 = CYLINDRICAL_SURFACE('',#15301,0.15);
#15301 = AXIS2_PLACEMENT_3D('',#15302,#15303,#15304);
#15302 = CARTESIAN_POINT('',(139.55,-87.93,-3.6E-02));
#15303 = DIRECTION('',(-0.,-0.,-1.));
#15304 = DIRECTION('',(-0.,-1.,0.));
#15305 = ADVANCED_FACE('',(#15306),#15317,.F.);
#15306 = FACE_BOUND('',#15307,.T.);
#15307 = EDGE_LOOP('',(#15308,#15309,#15315,#15316));
#15308 = ORIENTED_EDGE('',*,*,#12775,.T.);
#15309 = ORIENTED_EDGE('',*,*,#15310,.T.);
#15310 = EDGE_CURVE('',#12776,#13906,#15311,.T.);
#15311 = LINE('',#15312,#15313);
#15312 = CARTESIAN_POINT('',(142.83,-87.05,-4.6E-02));
#15313 = VECTOR('',#15314,1.);
#15314 = DIRECTION('',(0.,0.,1.));
#15315 = ORIENTED_EDGE('',*,*,#13905,.F.);
#15316 = ORIENTED_EDGE('',*,*,#15310,.F.);
#15317 = CYLINDRICAL_SURFACE('',#15318,0.6);
#15318 = AXIS2_PLACEMENT_3D('',#15319,#15320,#15321);
#15319 = CARTESIAN_POINT('',(142.83,-86.45,-4.6E-02));
#15320 = DIRECTION('',(-0.,0.,-1.));
#15321 = DIRECTION('',(4.736951571734E-14,-1.,-0.));
#15322 = ADVANCED_FACE('',(#15323),#15334,.F.);
#15323 = FACE_BOUND('',#15324,.T.);
#15324 = EDGE_LOOP('',(#15325,#15326,#15332,#15333));
#15325 = ORIENTED_EDGE('',*,*,#12786,.T.);
#15326 = ORIENTED_EDGE('',*,*,#15327,.T.);
#15327 = EDGE_CURVE('',#12787,#13917,#15328,.T.);
#15328 = LINE('',#15329,#15330);
#15329 = CARTESIAN_POINT('',(118.5,-75.65,-3.6E-02));
#15330 = VECTOR('',#15331,1.);
#15331 = DIRECTION('',(0.,0.,1.));
#15332 = ORIENTED_EDGE('',*,*,#13916,.F.);
#15333 = ORIENTED_EDGE('',*,*,#15327,.F.);
#15334 = CYLINDRICAL_SURFACE('',#15335,0.15);
#15335 = AXIS2_PLACEMENT_3D('',#15336,#15337,#15338);
#15336 = CARTESIAN_POINT('',(118.5,-75.5,-3.6E-02));
#15337 = DIRECTION('',(-0.,-0.,-1.));
#15338 = DIRECTION('',(-0.,-1.,0.));
#15339 = ADVANCED_FACE('',(#15340),#15351,.F.);
#15340 = FACE_BOUND('',#15341,.T.);
#15341 = EDGE_LOOP('',(#15342,#15343,#15349,#15350));
#15342 = ORIENTED_EDGE('',*,*,#12797,.T.);
#15343 = ORIENTED_EDGE('',*,*,#15344,.T.);
#15344 = EDGE_CURVE('',#12798,#13928,#15345,.T.);
#15345 = LINE('',#15346,#15347);
#15346 = CARTESIAN_POINT('',(121.15,-77.11,-3.6E-02));
#15347 = VECTOR('',#15348,1.);
#15348 = DIRECTION('',(0.,0.,1.));
#15349 = ORIENTED_EDGE('',*,*,#13927,.F.);
#15350 = ORIENTED_EDGE('',*,*,#15344,.F.);
#15351 = CYLINDRICAL_SURFACE('',#15352,0.15);
#15352 = AXIS2_PLACEMENT_3D('',#15353,#15354,#15355);
#15353 = CARTESIAN_POINT('',(121.15,-76.96,-3.6E-02));
#15354 = DIRECTION('',(-0.,-0.,-1.));
#15355 = DIRECTION('',(-0.,-1.,0.));
#15356 = ADVANCED_FACE('',(#15357),#15368,.F.);
#15357 = FACE_BOUND('',#15358,.T.);
#15358 = EDGE_LOOP('',(#15359,#15360,#15366,#15367));
#15359 = ORIENTED_EDGE('',*,*,#12808,.T.);
#15360 = ORIENTED_EDGE('',*,*,#15361,.T.);
#15361 = EDGE_CURVE('',#12809,#13939,#15362,.T.);
#15362 = LINE('',#15363,#15364);
#15363 = CARTESIAN_POINT('',(121.,-74.65,-3.6E-02));
#15364 = VECTOR('',#15365,1.);
#15365 = DIRECTION('',(0.,0.,1.));
#15366 = ORIENTED_EDGE('',*,*,#13938,.F.);
#15367 = ORIENTED_EDGE('',*,*,#15361,.F.);
#15368 = CYLINDRICAL_SURFACE('',#15369,0.15);
#15369 = AXIS2_PLACEMENT_3D('',#15370,#15371,#15372);
#15370 = CARTESIAN_POINT('',(121.,-74.5,-3.6E-02));
#15371 = DIRECTION('',(-0.,-0.,-1.));
#15372 = DIRECTION('',(-0.,-1.,0.));
#15373 = ADVANCED_FACE('',(#15374),#15385,.F.);
#15374 = FACE_BOUND('',#15375,.T.);
#15375 = EDGE_LOOP('',(#15376,#15377,#15383,#15384));
#15376 = ORIENTED_EDGE('',*,*,#12819,.T.);
#15377 = ORIENTED_EDGE('',*,*,#15378,.T.);
#15378 = EDGE_CURVE('',#12820,#13950,#15379,.T.);
#15379 = LINE('',#15380,#15381);
#15380 = CARTESIAN_POINT('',(122.13,-81.2,-3.6E-02));
#15381 = VECTOR('',#15382,1.);
#15382 = DIRECTION('',(0.,0.,1.));
#15383 = ORIENTED_EDGE('',*,*,#13949,.F.);
#15384 = ORIENTED_EDGE('',*,*,#15378,.F.);
#15385 = CYLINDRICAL_SURFACE('',#15386,0.15);
#15386 = AXIS2_PLACEMENT_3D('',#15387,#15388,#15389);
#15387 = CARTESIAN_POINT('',(122.13,-81.05,-3.6E-02));
#15388 = DIRECTION('',(-0.,-0.,-1.));
#15389 = DIRECTION('',(-0.,-1.,0.));
#15390 = ADVANCED_FACE('',(#15391),#15402,.F.);
#15391 = FACE_BOUND('',#15392,.T.);
#15392 = EDGE_LOOP('',(#15393,#15394,#15400,#15401));
#15393 = ORIENTED_EDGE('',*,*,#12830,.T.);
#15394 = ORIENTED_EDGE('',*,*,#15395,.T.);
#15395 = EDGE_CURVE('',#12831,#13961,#15396,.T.);
#15396 = LINE('',#15397,#15398);
#15397 = CARTESIAN_POINT('',(127.,-83.15,-3.6E-02));
#15398 = VECTOR('',#15399,1.);
#15399 = DIRECTION('',(0.,0.,1.));
#15400 = ORIENTED_EDGE('',*,*,#13960,.F.);
#15401 = ORIENTED_EDGE('',*,*,#15395,.F.);
#15402 = CYLINDRICAL_SURFACE('',#15403,0.15);
#15403 = AXIS2_PLACEMENT_3D('',#15404,#15405,#15406);
#15404 = CARTESIAN_POINT('',(127.,-83.,-3.6E-02));
#15405 = DIRECTION('',(-0.,-0.,-1.));
#15406 = DIRECTION('',(-0.,-1.,0.));
#15407 = ADVANCED_FACE('',(#15408),#15419,.F.);
#15408 = FACE_BOUND('',#15409,.T.);
#15409 = EDGE_LOOP('',(#15410,#15411,#15417,#15418));
#15410 = ORIENTED_EDGE('',*,*,#12841,.T.);
#15411 = ORIENTED_EDGE('',*,*,#15412,.T.);
#15412 = EDGE_CURVE('',#12842,#13972,#15413,.T.);
#15413 = LINE('',#15414,#15415);
#15414 = CARTESIAN_POINT('',(127.6,-80.23,-3.6E-02));
#15415 = VECTOR('',#15416,1.);
#15416 = DIRECTION('',(0.,0.,1.));
#15417 = ORIENTED_EDGE('',*,*,#13971,.F.);
#15418 = ORIENTED_EDGE('',*,*,#15412,.F.);
#15419 = CYLINDRICAL_SURFACE('',#15420,0.15);
#15420 = AXIS2_PLACEMENT_3D('',#15421,#15422,#15423);
#15421 = CARTESIAN_POINT('',(127.6,-80.08,-3.6E-02));
#15422 = DIRECTION('',(-0.,-0.,-1.));
#15423 = DIRECTION('',(-0.,-1.,0.));
#15424 = ADVANCED_FACE('',(#15425),#15436,.F.);
#15425 = FACE_BOUND('',#15426,.T.);
#15426 = EDGE_LOOP('',(#15427,#15428,#15434,#15435));
#15427 = ORIENTED_EDGE('',*,*,#12852,.T.);
#15428 = ORIENTED_EDGE('',*,*,#15429,.T.);
#15429 = EDGE_CURVE('',#12853,#13983,#15430,.T.);
#15430 = LINE('',#15431,#15432);
#15431 = CARTESIAN_POINT('',(129.,-79.7,-3.6E-02));
#15432 = VECTOR('',#15433,1.);
#15433 = DIRECTION('',(0.,0.,1.));
#15434 = ORIENTED_EDGE('',*,*,#13982,.F.);
#15435 = ORIENTED_EDGE('',*,*,#15429,.F.);
#15436 = CYLINDRICAL_SURFACE('',#15437,0.15);
#15437 = AXIS2_PLACEMENT_3D('',#15438,#15439,#15440);
#15438 = CARTESIAN_POINT('',(129.,-79.55,-3.6E-02));
#15439 = DIRECTION('',(-0.,-0.,-1.));
#15440 = DIRECTION('',(-0.,-1.,0.));
#15441 = ADVANCED_FACE('',(#15442),#15453,.F.);
#15442 = FACE_BOUND('',#15443,.T.);
#15443 = EDGE_LOOP('',(#15444,#15445,#15451,#15452));
#15444 = ORIENTED_EDGE('',*,*,#12863,.T.);
#15445 = ORIENTED_EDGE('',*,*,#15446,.T.);
#15446 = EDGE_CURVE('',#12864,#13994,#15447,.T.);
#15447 = LINE('',#15448,#15449);
#15448 = CARTESIAN_POINT('',(123.,-75.65,-3.6E-02));
#15449 = VECTOR('',#15450,1.);
#15450 = DIRECTION('',(0.,0.,1.));
#15451 = ORIENTED_EDGE('',*,*,#13993,.F.);
#15452 = ORIENTED_EDGE('',*,*,#15446,.F.);
#15453 = CYLINDRICAL_SURFACE('',#15454,0.15);
#15454 = AXIS2_PLACEMENT_3D('',#15455,#15456,#15457);
#15455 = CARTESIAN_POINT('',(123.,-75.5,-3.6E-02));
#15456 = DIRECTION('',(-0.,-0.,-1.));
#15457 = DIRECTION('',(-0.,-1.,0.));
#15458 = ADVANCED_FACE('',(#15459),#15470,.F.);
#15459 = FACE_BOUND('',#15460,.T.);
#15460 = EDGE_LOOP('',(#15461,#15462,#15468,#15469));
#15461 = ORIENTED_EDGE('',*,*,#12874,.T.);
#15462 = ORIENTED_EDGE('',*,*,#15463,.T.);
#15463 = EDGE_CURVE('',#12875,#14005,#15464,.T.);
#15464 = LINE('',#15465,#15466);
#15465 = CARTESIAN_POINT('',(123.77,-77.71,-3.6E-02));
#15466 = VECTOR('',#15467,1.);
#15467 = DIRECTION('',(0.,0.,1.));
#15468 = ORIENTED_EDGE('',*,*,#14004,.F.);
#15469 = ORIENTED_EDGE('',*,*,#15463,.F.);
#15470 = CYLINDRICAL_SURFACE('',#15471,0.15);
#15471 = AXIS2_PLACEMENT_3D('',#15472,#15473,#15474);
#15472 = CARTESIAN_POINT('',(123.77,-77.56,-3.6E-02));
#15473 = DIRECTION('',(-0.,-0.,-1.));
#15474 = DIRECTION('',(-9.473903143469E-14,-1.,0.));
#15475 = ADVANCED_FACE('',(#15476),#15487,.F.);
#15476 = FACE_BOUND('',#15477,.T.);
#15477 = EDGE_LOOP('',(#15478,#15479,#15485,#15486));
#15478 = ORIENTED_EDGE('',*,*,#12885,.T.);
#15479 = ORIENTED_EDGE('',*,*,#15480,.T.);
#15480 = EDGE_CURVE('',#12886,#14016,#15481,.T.);
#15481 = LINE('',#15482,#15483);
#15482 = CARTESIAN_POINT('',(123.,-74.65,-3.6E-02));
#15483 = VECTOR('',#15484,1.);
#15484 = DIRECTION('',(0.,0.,1.));
#15485 = ORIENTED_EDGE('',*,*,#14015,.F.);
#15486 = ORIENTED_EDGE('',*,*,#15480,.F.);
#15487 = CYLINDRICAL_SURFACE('',#15488,0.15);
#15488 = AXIS2_PLACEMENT_3D('',#15489,#15490,#15491);
#15489 = CARTESIAN_POINT('',(123.,-74.5,-3.6E-02));
#15490 = DIRECTION('',(-0.,-0.,-1.));
#15491 = DIRECTION('',(-0.,-1.,0.));
#15492 = ADVANCED_FACE('',(#15493),#15504,.F.);
#15493 = FACE_BOUND('',#15494,.T.);
#15494 = EDGE_LOOP('',(#15495,#15496,#15502,#15503));
#15495 = ORIENTED_EDGE('',*,*,#12896,.T.);
#15496 = ORIENTED_EDGE('',*,*,#15497,.T.);
#15497 = EDGE_CURVE('',#12897,#14027,#15498,.T.);
#15498 = LINE('',#15499,#15500);
#15499 = CARTESIAN_POINT('',(122.02,-72.63,-3.6E-02));
#15500 = VECTOR('',#15501,1.);
#15501 = DIRECTION('',(0.,0.,1.));
#15502 = ORIENTED_EDGE('',*,*,#14026,.F.);
#15503 = ORIENTED_EDGE('',*,*,#15497,.F.);
#15504 = CYLINDRICAL_SURFACE('',#15505,0.15);
#15505 = AXIS2_PLACEMENT_3D('',#15506,#15507,#15508);
#15506 = CARTESIAN_POINT('',(122.02,-72.48,-3.6E-02));
#15507 = DIRECTION('',(-0.,-0.,-1.));
#15508 = DIRECTION('',(-9.473903143469E-14,-1.,0.));
#15509 = ADVANCED_FACE('',(#15510),#15521,.F.);
#15510 = FACE_BOUND('',#15511,.T.);
#15511 = EDGE_LOOP('',(#15512,#15513,#15519,#15520));
#15512 = ORIENTED_EDGE('',*,*,#12907,.T.);
#15513 = ORIENTED_EDGE('',*,*,#15514,.T.);
#15514 = EDGE_CURVE('',#12908,#14038,#15515,.T.);
#15515 = LINE('',#15516,#15517);
#15516 = CARTESIAN_POINT('',(127.577468,-75.950797,-3.6E-02));
#15517 = VECTOR('',#15518,1.);
#15518 = DIRECTION('',(0.,0.,1.));
#15519 = ORIENTED_EDGE('',*,*,#14037,.F.);
#15520 = ORIENTED_EDGE('',*,*,#15514,.F.);
#15521 = CYLINDRICAL_SURFACE('',#15522,0.15);
#15522 = AXIS2_PLACEMENT_3D('',#15523,#15524,#15525);
#15523 = CARTESIAN_POINT('',(127.577468,-75.800797,-3.6E-02));
#15524 = DIRECTION('',(-0.,-0.,-1.));
#15525 = DIRECTION('',(-9.473903143469E-14,-1.,0.));
#15526 = ADVANCED_FACE('',(#15527),#15538,.F.);
#15527 = FACE_BOUND('',#15528,.T.);
#15528 = EDGE_LOOP('',(#15529,#15530,#15536,#15537));
#15529 = ORIENTED_EDGE('',*,*,#12918,.T.);
#15530 = ORIENTED_EDGE('',*,*,#15531,.T.);
#15531 = EDGE_CURVE('',#12919,#14049,#15532,.T.);
#15532 = LINE('',#15533,#15534);
#15533 = CARTESIAN_POINT('',(127.5,-74.65,-3.6E-02));
#15534 = VECTOR('',#15535,1.);
#15535 = DIRECTION('',(0.,0.,1.));
#15536 = ORIENTED_EDGE('',*,*,#14048,.F.);
#15537 = ORIENTED_EDGE('',*,*,#15531,.F.);
#15538 = CYLINDRICAL_SURFACE('',#15539,0.15);
#15539 = AXIS2_PLACEMENT_3D('',#15540,#15541,#15542);
#15540 = CARTESIAN_POINT('',(127.5,-74.5,-3.6E-02));
#15541 = DIRECTION('',(-0.,-0.,-1.));
#15542 = DIRECTION('',(-0.,-1.,0.));
#15543 = ADVANCED_FACE('',(#15544),#15555,.F.);
#15544 = FACE_BOUND('',#15545,.T.);
#15545 = EDGE_LOOP('',(#15546,#15547,#15553,#15554));
#15546 = ORIENTED_EDGE('',*,*,#12929,.T.);
#15547 = ORIENTED_EDGE('',*,*,#15548,.T.);
#15548 = EDGE_CURVE('',#12930,#14060,#15549,.T.);
#15549 = LINE('',#15550,#15551);
#15550 = CARTESIAN_POINT('',(115.,-69.798615,-3.6E-02));
#15551 = VECTOR('',#15552,1.);
#15552 = DIRECTION('',(0.,0.,1.));
#15553 = ORIENTED_EDGE('',*,*,#14059,.F.);
#15554 = ORIENTED_EDGE('',*,*,#15548,.F.);
#15555 = CYLINDRICAL_SURFACE('',#15556,0.15);
#15556 = AXIS2_PLACEMENT_3D('',#15557,#15558,#15559);
#15557 = CARTESIAN_POINT('',(115.,-69.648615,-3.6E-02));
#15558 = DIRECTION('',(-0.,-0.,-1.));
#15559 = DIRECTION('',(-0.,-1.,0.));
#15560 = ADVANCED_FACE('',(#15561),#15572,.F.);
#15561 = FACE_BOUND('',#15562,.T.);
#15562 = EDGE_LOOP('',(#15563,#15564,#15570,#15571));
#15563 = ORIENTED_EDGE('',*,*,#12940,.T.);
#15564 = ORIENTED_EDGE('',*,*,#15565,.T.);
#15565 = EDGE_CURVE('',#12941,#14071,#15566,.T.);
#15566 = LINE('',#15567,#15568);
#15567 = CARTESIAN_POINT('',(116.190285,-69.876949,-3.6E-02));
#15568 = VECTOR('',#15569,1.);
#15569 = DIRECTION('',(0.,0.,1.));
#15570 = ORIENTED_EDGE('',*,*,#14070,.F.);
#15571 = ORIENTED_EDGE('',*,*,#15565,.F.);
#15572 = CYLINDRICAL_SURFACE('',#15573,0.15);
#15573 = AXIS2_PLACEMENT_3D('',#15574,#15575,#15576);
#15574 = CARTESIAN_POINT('',(116.190285,-69.726949,-3.6E-02));
#15575 = DIRECTION('',(-0.,0.,-1.));
#15576 = DIRECTION('',(9.473903143468E-14,-1.,-0.));
#15577 = ADVANCED_FACE('',(#15578),#15589,.F.);
#15578 = FACE_BOUND('',#15579,.T.);
#15579 = EDGE_LOOP('',(#15580,#15581,#15587,#15588));
#15580 = ORIENTED_EDGE('',*,*,#12951,.T.);
#15581 = ORIENTED_EDGE('',*,*,#15582,.T.);
#15582 = EDGE_CURVE('',#12952,#14082,#15583,.T.);
#15583 = LINE('',#15584,#15585);
#15584 = CARTESIAN_POINT('',(116.,-66.65,-3.6E-02));
#15585 = VECTOR('',#15586,1.);
#15586 = DIRECTION('',(0.,0.,1.));
#15587 = ORIENTED_EDGE('',*,*,#14081,.F.);
#15588 = ORIENTED_EDGE('',*,*,#15582,.F.);
#15589 = CYLINDRICAL_SURFACE('',#15590,0.15);
#15590 = AXIS2_PLACEMENT_3D('',#15591,#15592,#15593);
#15591 = CARTESIAN_POINT('',(116.,-66.5,-3.6E-02));
#15592 = DIRECTION('',(-0.,-0.,-1.));
#15593 = DIRECTION('',(-0.,-1.,0.));
#15594 = ADVANCED_FACE('',(#15595),#15606,.F.);
#15595 = FACE_BOUND('',#15596,.T.);
#15596 = EDGE_LOOP('',(#15597,#15598,#15604,#15605));
#15597 = ORIENTED_EDGE('',*,*,#12962,.T.);
#15598 = ORIENTED_EDGE('',*,*,#15599,.T.);
#15599 = EDGE_CURVE('',#12963,#14093,#15600,.T.);
#15600 = LINE('',#15601,#15602);
#15601 = CARTESIAN_POINT('',(121.5,-70.55,-3.6E-02));
#15602 = VECTOR('',#15603,1.);
#15603 = DIRECTION('',(0.,0.,1.));
#15604 = ORIENTED_EDGE('',*,*,#14092,.F.);
#15605 = ORIENTED_EDGE('',*,*,#15599,.F.);
#15606 = CYLINDRICAL_SURFACE('',#15607,0.15);
#15607 = AXIS2_PLACEMENT_3D('',#15608,#15609,#15610);
#15608 = CARTESIAN_POINT('',(121.5,-70.4,-3.6E-02));
#15609 = DIRECTION('',(-0.,-0.,-1.));
#15610 = DIRECTION('',(-0.,-1.,0.));
#15611 = ADVANCED_FACE('',(#15612),#15623,.F.);
#15612 = FACE_BOUND('',#15613,.T.);
#15613 = EDGE_LOOP('',(#15614,#15615,#15621,#15622));
#15614 = ORIENTED_EDGE('',*,*,#12973,.T.);
#15615 = ORIENTED_EDGE('',*,*,#15616,.T.);
#15616 = EDGE_CURVE('',#12974,#14104,#15617,.T.);
#15617 = LINE('',#15618,#15619);
#15618 = CARTESIAN_POINT('',(121.49,-68.38,-3.6E-02));
#15619 = VECTOR('',#15620,1.);
#15620 = DIRECTION('',(0.,0.,1.));
#15621 = ORIENTED_EDGE('',*,*,#14103,.F.);
#15622 = ORIENTED_EDGE('',*,*,#15616,.F.);
#15623 = CYLINDRICAL_SURFACE('',#15624,0.15);
#15624 = AXIS2_PLACEMENT_3D('',#15625,#15626,#15627);
#15625 = CARTESIAN_POINT('',(121.49,-68.23,-3.6E-02));
#15626 = DIRECTION('',(-0.,-0.,-1.));
#15627 = DIRECTION('',(-9.473903143469E-14,-1.,0.));
#15628 = ADVANCED_FACE('',(#15629),#15640,.F.);
#15629 = FACE_BOUND('',#15630,.T.);
#15630 = EDGE_LOOP('',(#15631,#15632,#15638,#15639));
#15631 = ORIENTED_EDGE('',*,*,#12984,.T.);
#15632 = ORIENTED_EDGE('',*,*,#15633,.T.);
#15633 = EDGE_CURVE('',#12985,#14115,#15634,.T.);
#15634 = LINE('',#15635,#15636);
#15635 = CARTESIAN_POINT('',(115.,-64.1,-4.6E-02));
#15636 = VECTOR('',#15637,1.);
#15637 = DIRECTION('',(0.,0.,1.));
#15638 = ORIENTED_EDGE('',*,*,#14114,.F.);
#15639 = ORIENTED_EDGE('',*,*,#15633,.F.);
#15640 = CYLINDRICAL_SURFACE('',#15641,1.6);
#15641 = AXIS2_PLACEMENT_3D('',#15642,#15643,#15644);
#15642 = CARTESIAN_POINT('',(115.,-62.5,-4.6E-02));
#15643 = DIRECTION('',(-0.,-0.,-1.));
#15644 = DIRECTION('',(-0.,-1.,0.));
#15645 = ADVANCED_FACE('',(#15646),#15657,.F.);
#15646 = FACE_BOUND('',#15647,.T.);
#15647 = EDGE_LOOP('',(#15648,#15649,#15655,#15656));
#15648 = ORIENTED_EDGE('',*,*,#12995,.T.);
#15649 = ORIENTED_EDGE('',*,*,#15650,.T.);
#15650 = EDGE_CURVE('',#12996,#14126,#15651,.T.);
#15651 = LINE('',#15652,#15653);
#15652 = CARTESIAN_POINT('',(124.5,-66.15,-3.6E-02));
#15653 = VECTOR('',#15654,1.);
#15654 = DIRECTION('',(0.,0.,1.));
#15655 = ORIENTED_EDGE('',*,*,#14125,.F.);
#15656 = ORIENTED_EDGE('',*,*,#15650,.F.);
#15657 = CYLINDRICAL_SURFACE('',#15658,0.15);
#15658 = AXIS2_PLACEMENT_3D('',#15659,#15660,#15661);
#15659 = CARTESIAN_POINT('',(124.5,-66.,-3.6E-02));
#15660 = DIRECTION('',(-0.,-0.,-1.));
#15661 = DIRECTION('',(-0.,-1.,0.));
#15662 = ADVANCED_FACE('',(#15663),#15674,.F.);
#15663 = FACE_BOUND('',#15664,.T.);
#15664 = EDGE_LOOP('',(#15665,#15666,#15672,#15673));
#15665 = ORIENTED_EDGE('',*,*,#13006,.T.);
#15666 = ORIENTED_EDGE('',*,*,#15667,.T.);
#15667 = EDGE_CURVE('',#13007,#14137,#15668,.T.);
#15668 = LINE('',#15669,#15670);
#15669 = CARTESIAN_POINT('',(127.5,-70.15,-3.6E-02));
#15670 = VECTOR('',#15671,1.);
#15671 = DIRECTION('',(0.,0.,1.));
#15672 = ORIENTED_EDGE('',*,*,#14136,.F.);
#15673 = ORIENTED_EDGE('',*,*,#15667,.F.);
#15674 = CYLINDRICAL_SURFACE('',#15675,0.15);
#15675 = AXIS2_PLACEMENT_3D('',#15676,#15677,#15678);
#15676 = CARTESIAN_POINT('',(127.5,-70.,-3.6E-02));
#15677 = DIRECTION('',(-0.,-0.,-1.));
#15678 = DIRECTION('',(-0.,-1.,0.));
#15679 = ADVANCED_FACE('',(#15680),#15691,.F.);
#15680 = FACE_BOUND('',#15681,.T.);
#15681 = EDGE_LOOP('',(#15682,#15683,#15689,#15690));
#15682 = ORIENTED_EDGE('',*,*,#13017,.T.);
#15683 = ORIENTED_EDGE('',*,*,#15684,.T.);
#15684 = EDGE_CURVE('',#13018,#14148,#15685,.T.);
#15685 = LINE('',#15686,#15687);
#15686 = CARTESIAN_POINT('',(125.,-65.15,-3.6E-02));
#15687 = VECTOR('',#15688,1.);
#15688 = DIRECTION('',(0.,0.,1.));
#15689 = ORIENTED_EDGE('',*,*,#14147,.F.);
#15690 = ORIENTED_EDGE('',*,*,#15684,.F.);
#15691 = CYLINDRICAL_SURFACE('',#15692,0.15);
#15692 = AXIS2_PLACEMENT_3D('',#15693,#15694,#15695);
#15693 = CARTESIAN_POINT('',(125.,-65.,-3.6E-02));
#15694 = DIRECTION('',(-0.,-0.,-1.));
#15695 = DIRECTION('',(-0.,-1.,0.));
#15696 = ADVANCED_FACE('',(#15697),#15708,.F.);
#15697 = FACE_BOUND('',#15698,.T.);
#15698 = EDGE_LOOP('',(#15699,#15700,#15706,#15707));
#15699 = ORIENTED_EDGE('',*,*,#13028,.T.);
#15700 = ORIENTED_EDGE('',*,*,#15701,.T.);
#15701 = EDGE_CURVE('',#13029,#14159,#15702,.T.);
#15702 = LINE('',#15703,#15704);
#15703 = CARTESIAN_POINT('',(122.,-60.875,-4.6E-02));
#15704 = VECTOR('',#15705,1.);
#15705 = DIRECTION('',(0.,0.,1.));
#15706 = ORIENTED_EDGE('',*,*,#14158,.F.);
#15707 = ORIENTED_EDGE('',*,*,#15701,.F.);
#15708 = CYLINDRICAL_SURFACE('',#15709,0.375);
#15709 = AXIS2_PLACEMENT_3D('',#15710,#15711,#15712);
#15710 = CARTESIAN_POINT('',(122.,-60.5,-4.6E-02));
#15711 = DIRECTION('',(-0.,-0.,-1.));
#15712 = DIRECTION('',(-0.,-1.,0.));
#15713 = ADVANCED_FACE('',(#15714),#15725,.F.);
#15714 = FACE_BOUND('',#15715,.T.);
#15715 = EDGE_LOOP('',(#15716,#15717,#15723,#15724));
#15716 = ORIENTED_EDGE('',*,*,#13039,.T.);
#15717 = ORIENTED_EDGE('',*,*,#15718,.T.);
#15718 = EDGE_CURVE('',#13040,#14170,#15719,.T.);
#15719 = LINE('',#15720,#15721);
#15720 = CARTESIAN_POINT('',(125.5,-62.65,-3.6E-02));
#15721 = VECTOR('',#15722,1.);
#15722 = DIRECTION('',(0.,0.,1.));
#15723 = ORIENTED_EDGE('',*,*,#14169,.F.);
#15724 = ORIENTED_EDGE('',*,*,#15718,.F.);
#15725 = CYLINDRICAL_SURFACE('',#15726,0.15);
#15726 = AXIS2_PLACEMENT_3D('',#15727,#15728,#15729);
#15727 = CARTESIAN_POINT('',(125.5,-62.5,-3.6E-02));
#15728 = DIRECTION('',(-0.,-0.,-1.));
#15729 = DIRECTION('',(-0.,-1.,0.));
#15730 = ADVANCED_FACE('',(#15731),#15742,.F.);
#15731 = FACE_BOUND('',#15732,.T.);
#15732 = EDGE_LOOP('',(#15733,#15734,#15740,#15741));
#15733 = ORIENTED_EDGE('',*,*,#13050,.T.);
#15734 = ORIENTED_EDGE('',*,*,#15735,.T.);
#15735 = EDGE_CURVE('',#13051,#14181,#15736,.T.);
#15736 = LINE('',#15737,#15738);
#15737 = CARTESIAN_POINT('',(124.,-60.875,-4.6E-02));
#15738 = VECTOR('',#15739,1.);
#15739 = DIRECTION('',(0.,0.,1.));
#15740 = ORIENTED_EDGE('',*,*,#14180,.F.);
#15741 = ORIENTED_EDGE('',*,*,#15735,.F.);
#15742 = CYLINDRICAL_SURFACE('',#15743,0.375);
#15743 = AXIS2_PLACEMENT_3D('',#15744,#15745,#15746);
#15744 = CARTESIAN_POINT('',(124.,-60.5,-4.6E-02));
#15745 = DIRECTION('',(-0.,-0.,-1.));
#15746 = DIRECTION('',(-0.,-1.,0.));
#15747 = ADVANCED_FACE('',(#15748),#15759,.F.);
#15748 = FACE_BOUND('',#15749,.T.);
#15749 = EDGE_LOOP('',(#15750,#15751,#15757,#15758));
#15750 = ORIENTED_EDGE('',*,*,#13061,.T.);
#15751 = ORIENTED_EDGE('',*,*,#15752,.T.);
#15752 = EDGE_CURVE('',#13062,#14192,#15753,.T.);
#15753 = LINE('',#15754,#15755);
#15754 = CARTESIAN_POINT('',(129.8625,-83.4,-4.6E-02));
#15755 = VECTOR('',#15756,1.);
#15756 = DIRECTION('',(0.,0.,1.));
#15757 = ORIENTED_EDGE('',*,*,#14191,.F.);
#15758 = ORIENTED_EDGE('',*,*,#15752,.F.);
#15759 = CYLINDRICAL_SURFACE('',#15760,0.1);
#15760 = AXIS2_PLACEMENT_3D('',#15761,#15762,#15763);
#15761 = CARTESIAN_POINT('',(129.8625,-83.3,-4.6E-02));
#15762 = DIRECTION('',(-0.,-0.,-1.));
#15763 = DIRECTION('',(-0.,-1.,0.));
#15764 = ADVANCED_FACE('',(#15765),#15776,.F.);
#15765 = FACE_BOUND('',#15766,.T.);
#15766 = EDGE_LOOP('',(#15767,#15768,#15774,#15775));
#15767 = ORIENTED_EDGE('',*,*,#13072,.T.);
#15768 = ORIENTED_EDGE('',*,*,#15769,.T.);
#15769 = EDGE_CURVE('',#13073,#14203,#15770,.T.);
#15770 = LINE('',#15771,#15772);
#15771 = CARTESIAN_POINT('',(129.8625,-82.4,-4.6E-02));
#15772 = VECTOR('',#15773,1.);
#15773 = DIRECTION('',(0.,0.,1.));
#15774 = ORIENTED_EDGE('',*,*,#14202,.F.);
#15775 = ORIENTED_EDGE('',*,*,#15769,.F.);
#15776 = CYLINDRICAL_SURFACE('',#15777,0.1);
#15777 = AXIS2_PLACEMENT_3D('',#15778,#15779,#15780);
#15778 = CARTESIAN_POINT('',(129.8625,-82.3,-4.6E-02));
#15779 = DIRECTION('',(-0.,-0.,-1.));
#15780 = DIRECTION('',(-0.,-1.,0.));
#15781 = ADVANCED_FACE('',(#15782),#15793,.F.);
#15782 = FACE_BOUND('',#15783,.T.);
#15783 = EDGE_LOOP('',(#15784,#15785,#15791,#15792));
#15784 = ORIENTED_EDGE('',*,*,#13083,.T.);
#15785 = ORIENTED_EDGE('',*,*,#15786,.T.);
#15786 = EDGE_CURVE('',#13084,#14214,#15787,.T.);
#15787 = LINE('',#15788,#15789);
#15788 = CARTESIAN_POINT('',(130.8625,-83.4,-4.6E-02));
#15789 = VECTOR('',#15790,1.);
#15790 = DIRECTION('',(0.,0.,1.));
#15791 = ORIENTED_EDGE('',*,*,#14213,.F.);
#15792 = ORIENTED_EDGE('',*,*,#15786,.F.);
#15793 = CYLINDRICAL_SURFACE('',#15794,0.1);
#15794 = AXIS2_PLACEMENT_3D('',#15795,#15796,#15797);
#15795 = CARTESIAN_POINT('',(130.8625,-83.3,-4.6E-02));
#15796 = DIRECTION('',(-0.,-0.,-1.));
#15797 = DIRECTION('',(-0.,-1.,0.));
#15798 = ADVANCED_FACE('',(#15799),#15810,.F.);
#15799 = FACE_BOUND('',#15800,.T.);
#15800 = EDGE_LOOP('',(#15801,#15802,#15808,#15809));
#15801 = ORIENTED_EDGE('',*,*,#13094,.T.);
#15802 = ORIENTED_EDGE('',*,*,#15803,.T.);
#15803 = EDGE_CURVE('',#13095,#14225,#15804,.T.);
#15804 = LINE('',#15805,#15806);
#15805 = CARTESIAN_POINT('',(130.8625,-82.4,-4.6E-02));
#15806 = VECTOR('',#15807,1.);
#15807 = DIRECTION('',(0.,0.,1.));
#15808 = ORIENTED_EDGE('',*,*,#14224,.F.);
#15809 = ORIENTED_EDGE('',*,*,#15803,.F.);
#15810 = CYLINDRICAL_SURFACE('',#15811,0.1);
#15811 = AXIS2_PLACEMENT_3D('',#15812,#15813,#15814);
#15812 = CARTESIAN_POINT('',(130.8625,-82.3,-4.6E-02));
#15813 = DIRECTION('',(-0.,-0.,-1.));
#15814 = DIRECTION('',(-0.,-1.,0.));
#15815 = ADVANCED_FACE('',(#15816),#15827,.F.);
#15816 = FACE_BOUND('',#15817,.T.);
#15817 = EDGE_LOOP('',(#15818,#15819,#15825,#15826));
#15818 = ORIENTED_EDGE('',*,*,#13105,.T.);
#15819 = ORIENTED_EDGE('',*,*,#15820,.T.);
#15820 = EDGE_CURVE('',#13106,#14236,#15821,.T.);
#15821 = LINE('',#15822,#15823);
#15822 = CARTESIAN_POINT('',(131.8625,-83.4,-4.6E-02));
#15823 = VECTOR('',#15824,1.);
#15824 = DIRECTION('',(0.,0.,1.));
#15825 = ORIENTED_EDGE('',*,*,#14235,.F.);
#15826 = ORIENTED_EDGE('',*,*,#15820,.F.);
#15827 = CYLINDRICAL_SURFACE('',#15828,0.1);
#15828 = AXIS2_PLACEMENT_3D('',#15829,#15830,#15831);
#15829 = CARTESIAN_POINT('',(131.8625,-83.3,-4.6E-02));
#15830 = DIRECTION('',(-0.,-0.,-1.));
#15831 = DIRECTION('',(-0.,-1.,0.));
#15832 = ADVANCED_FACE('',(#15833),#15844,.F.);
#15833 = FACE_BOUND('',#15834,.T.);
#15834 = EDGE_LOOP('',(#15835,#15836,#15842,#15843));
#15835 = ORIENTED_EDGE('',*,*,#13116,.T.);
#15836 = ORIENTED_EDGE('',*,*,#15837,.T.);
#15837 = EDGE_CURVE('',#13117,#14247,#15838,.T.);
#15838 = LINE('',#15839,#15840);
#15839 = CARTESIAN_POINT('',(131.8625,-82.4,-4.6E-02));
#15840 = VECTOR('',#15841,1.);
#15841 = DIRECTION('',(0.,0.,1.));
#15842 = ORIENTED_EDGE('',*,*,#14246,.F.);
#15843 = ORIENTED_EDGE('',*,*,#15837,.F.);
#15844 = CYLINDRICAL_SURFACE('',#15845,0.1);
#15845 = AXIS2_PLACEMENT_3D('',#15846,#15847,#15848);
#15846 = CARTESIAN_POINT('',(131.8625,-82.3,-4.6E-02));
#15847 = DIRECTION('',(-0.,-0.,-1.));
#15848 = DIRECTION('',(-0.,-1.,0.));
#15849 = ADVANCED_FACE('',(#15850),#15861,.F.);
#15850 = FACE_BOUND('',#15851,.T.);
#15851 = EDGE_LOOP('',(#15852,#15853,#15859,#15860));
#15852 = ORIENTED_EDGE('',*,*,#13127,.T.);
#15853 = ORIENTED_EDGE('',*,*,#15854,.T.);
#15854 = EDGE_CURVE('',#13128,#14258,#15855,.T.);
#15855 = LINE('',#15856,#15857);
#15856 = CARTESIAN_POINT('',(133.63,-80.74,-3.6E-02));
#15857 = VECTOR('',#15858,1.);
#15858 = DIRECTION('',(0.,0.,1.));
#15859 = ORIENTED_EDGE('',*,*,#14257,.F.);
#15860 = ORIENTED_EDGE('',*,*,#15854,.F.);
#15861 = CYLINDRICAL_SURFACE('',#15862,0.15);
#15862 = AXIS2_PLACEMENT_3D('',#15863,#15864,#15865);
#15863 = CARTESIAN_POINT('',(133.63,-80.59,-3.6E-02));
#15864 = DIRECTION('',(-0.,-0.,-1.));
#15865 = DIRECTION('',(-0.,-1.,0.));
#15866 = ADVANCED_FACE('',(#15867),#15878,.F.);
#15867 = FACE_BOUND('',#15868,.T.);
#15868 = EDGE_LOOP('',(#15869,#15870,#15876,#15877));
#15869 = ORIENTED_EDGE('',*,*,#13138,.T.);
#15870 = ORIENTED_EDGE('',*,*,#15871,.T.);
#15871 = EDGE_CURVE('',#13139,#14269,#15872,.T.);
#15872 = LINE('',#15873,#15874);
#15873 = CARTESIAN_POINT('',(131.,-79.75,-3.6E-02));
#15874 = VECTOR('',#15875,1.);
#15875 = DIRECTION('',(0.,0.,1.));
#15876 = ORIENTED_EDGE('',*,*,#14268,.F.);
#15877 = ORIENTED_EDGE('',*,*,#15871,.F.);
#15878 = CYLINDRICAL_SURFACE('',#15879,0.15);
#15879 = AXIS2_PLACEMENT_3D('',#15880,#15881,#15882);
#15880 = CARTESIAN_POINT('',(131.,-79.6,-3.6E-02));
#15881 = DIRECTION('',(-0.,-0.,-1.));
#15882 = DIRECTION('',(-0.,-1.,0.));
#15883 = ADVANCED_FACE('',(#15884),#15895,.F.);
#15884 = FACE_BOUND('',#15885,.T.);
#15885 = EDGE_LOOP('',(#15886,#15887,#15893,#15894));
#15886 = ORIENTED_EDGE('',*,*,#13149,.T.);
#15887 = ORIENTED_EDGE('',*,*,#15888,.T.);
#15888 = EDGE_CURVE('',#13150,#14280,#15889,.T.);
#15889 = LINE('',#15890,#15891);
#15890 = CARTESIAN_POINT('',(131.798978,-79.790455,-3.6E-02));
#15891 = VECTOR('',#15892,1.);
#15892 = DIRECTION('',(0.,0.,1.));
#15893 = ORIENTED_EDGE('',*,*,#14279,.F.);
#15894 = ORIENTED_EDGE('',*,*,#15888,.F.);
#15895 = CYLINDRICAL_SURFACE('',#15896,0.15);
#15896 = AXIS2_PLACEMENT_3D('',#15897,#15898,#15899);
#15897 = CARTESIAN_POINT('',(131.798978,-79.640455,-3.6E-02));
#15898 = DIRECTION('',(-0.,-0.,-1.));
#15899 = DIRECTION('',(-0.,-1.,0.));
#15900 = ADVANCED_FACE('',(#15901),#15912,.F.);
#15901 = FACE_BOUND('',#15902,.T.);
#15902 = EDGE_LOOP('',(#15903,#15904,#15910,#15911));
#15903 = ORIENTED_EDGE('',*,*,#13160,.T.);
#15904 = ORIENTED_EDGE('',*,*,#15905,.T.);
#15905 = EDGE_CURVE('',#13161,#14291,#15906,.T.);
#15906 = LINE('',#15907,#15908);
#15907 = CARTESIAN_POINT('',(131.5,-78.15,-3.6E-02));
#15908 = VECTOR('',#15909,1.);
#15909 = DIRECTION('',(0.,0.,1.));
#15910 = ORIENTED_EDGE('',*,*,#14290,.F.);
#15911 = ORIENTED_EDGE('',*,*,#15905,.F.);
#15912 = CYLINDRICAL_SURFACE('',#15913,0.15);
#15913 = AXIS2_PLACEMENT_3D('',#15914,#15915,#15916);
#15914 = CARTESIAN_POINT('',(131.5,-78.,-3.6E-02));
#15915 = DIRECTION('',(-0.,-0.,-1.));
#15916 = DIRECTION('',(-0.,-1.,0.));
#15917 = ADVANCED_FACE('',(#15918),#15929,.F.);
#15918 = FACE_BOUND('',#15919,.T.);
#15919 = EDGE_LOOP('',(#15920,#15921,#15927,#15928));
#15920 = ORIENTED_EDGE('',*,*,#13171,.T.);
#15921 = ORIENTED_EDGE('',*,*,#15922,.T.);
#15922 = EDGE_CURVE('',#13172,#14302,#15923,.T.);
#15923 = LINE('',#15924,#15925);
#15924 = CARTESIAN_POINT('',(134.5,-83.15,-3.6E-02));
#15925 = VECTOR('',#15926,1.);
#15926 = DIRECTION('',(0.,0.,1.));
#15927 = ORIENTED_EDGE('',*,*,#14301,.F.);
#15928 = ORIENTED_EDGE('',*,*,#15922,.F.);
#15929 = CYLINDRICAL_SURFACE('',#15930,0.15);
#15930 = AXIS2_PLACEMENT_3D('',#15931,#15932,#15933);
#15931 = CARTESIAN_POINT('',(134.5,-83.,-3.6E-02));
#15932 = DIRECTION('',(-0.,-0.,-1.));
#15933 = DIRECTION('',(-0.,-1.,0.));
#15934 = ADVANCED_FACE('',(#15935),#15946,.F.);
#15935 = FACE_BOUND('',#15936,.T.);
#15936 = EDGE_LOOP('',(#15937,#15938,#15944,#15945));
#15937 = ORIENTED_EDGE('',*,*,#13182,.T.);
#15938 = ORIENTED_EDGE('',*,*,#15939,.T.);
#15939 = EDGE_CURVE('',#13183,#14313,#15940,.T.);
#15940 = LINE('',#15941,#15942);
#15941 = CARTESIAN_POINT('',(135.1,-82.584313,-3.6E-02));
#15942 = VECTOR('',#15943,1.);
#15943 = DIRECTION('',(0.,0.,1.));
#15944 = ORIENTED_EDGE('',*,*,#14312,.F.);
#15945 = ORIENTED_EDGE('',*,*,#15939,.F.);
#15946 = CYLINDRICAL_SURFACE('',#15947,0.15);
#15947 = AXIS2_PLACEMENT_3D('',#15948,#15949,#15950);
#15948 = CARTESIAN_POINT('',(135.1,-82.434313,-3.6E-02));
#15949 = DIRECTION('',(-0.,-0.,-1.));
#15950 = DIRECTION('',(-0.,-1.,0.));
#15951 = ADVANCED_FACE('',(#15952),#15963,.F.);
#15952 = FACE_BOUND('',#15953,.T.);
#15953 = EDGE_LOOP('',(#15954,#15955,#15961,#15962));
#15954 = ORIENTED_EDGE('',*,*,#13193,.T.);
#15955 = ORIENTED_EDGE('',*,*,#15956,.T.);
#15956 = EDGE_CURVE('',#13194,#14324,#15957,.T.);
#15957 = LINE('',#15958,#15959);
#15958 = CARTESIAN_POINT('',(137.73,-83.1,-3.6E-02));
#15959 = VECTOR('',#15960,1.);
#15960 = DIRECTION('',(0.,0.,1.));
#15961 = ORIENTED_EDGE('',*,*,#14323,.F.);
#15962 = ORIENTED_EDGE('',*,*,#15956,.F.);
#15963 = CYLINDRICAL_SURFACE('',#15964,0.15);
#15964 = AXIS2_PLACEMENT_3D('',#15965,#15966,#15967);
#15965 = CARTESIAN_POINT('',(137.73,-82.95,-3.6E-02));
#15966 = DIRECTION('',(-0.,-0.,-1.));
#15967 = DIRECTION('',(-1.894780628694E-13,-1.,0.));
#15968 = ADVANCED_FACE('',(#15969),#15980,.F.);
#15969 = FACE_BOUND('',#15970,.T.);
#15970 = EDGE_LOOP('',(#15971,#15972,#15978,#15979));
#15971 = ORIENTED_EDGE('',*,*,#13204,.T.);
#15972 = ORIENTED_EDGE('',*,*,#15973,.T.);
#15973 = EDGE_CURVE('',#13205,#14335,#15974,.T.);
#15974 = LINE('',#15975,#15976);
#15975 = CARTESIAN_POINT('',(134.,-79.15,-3.6E-02));
#15976 = VECTOR('',#15977,1.);
#15977 = DIRECTION('',(0.,0.,1.));
#15978 = ORIENTED_EDGE('',*,*,#14334,.F.);
#15979 = ORIENTED_EDGE('',*,*,#15973,.F.);
#15980 = CYLINDRICAL_SURFACE('',#15981,0.15);
#15981 = AXIS2_PLACEMENT_3D('',#15982,#15983,#15984);
#15982 = CARTESIAN_POINT('',(134.,-79.,-3.6E-02));
#15983 = DIRECTION('',(-0.,-0.,-1.));
#15984 = DIRECTION('',(-0.,-1.,0.));
#15985 = ADVANCED_FACE('',(#15986),#15997,.F.);
#15986 = FACE_BOUND('',#15987,.T.);
#15987 = EDGE_LOOP('',(#15988,#15989,#15995,#15996));
#15988 = ORIENTED_EDGE('',*,*,#13215,.T.);
#15989 = ORIENTED_EDGE('',*,*,#15990,.T.);
#15990 = EDGE_CURVE('',#13216,#14346,#15991,.T.);
#15991 = LINE('',#15992,#15993);
#15992 = CARTESIAN_POINT('',(136.5,-79.88,-3.6E-02));
#15993 = VECTOR('',#15994,1.);
#15994 = DIRECTION('',(0.,0.,1.));
#15995 = ORIENTED_EDGE('',*,*,#14345,.F.);
#15996 = ORIENTED_EDGE('',*,*,#15990,.F.);
#15997 = CYLINDRICAL_SURFACE('',#15998,0.15);
#15998 = AXIS2_PLACEMENT_3D('',#15999,#16000,#16001);
#15999 = CARTESIAN_POINT('',(136.5,-79.73,-3.6E-02));
#16000 = DIRECTION('',(-0.,-0.,-1.));
#16001 = DIRECTION('',(-0.,-1.,0.));
#16002 = ADVANCED_FACE('',(#16003),#16014,.F.);
#16003 = FACE_BOUND('',#16004,.T.);
#16004 = EDGE_LOOP('',(#16005,#16006,#16012,#16013));
#16005 = ORIENTED_EDGE('',*,*,#13226,.T.);
#16006 = ORIENTED_EDGE('',*,*,#16007,.T.);
#16007 = EDGE_CURVE('',#13227,#14357,#16008,.T.);
#16008 = LINE('',#16009,#16010);
#16009 = CARTESIAN_POINT('',(130.02,-75.15,-3.6E-02));
#16010 = VECTOR('',#16011,1.);
#16011 = DIRECTION('',(0.,0.,1.));
#16012 = ORIENTED_EDGE('',*,*,#14356,.F.);
#16013 = ORIENTED_EDGE('',*,*,#16007,.F.);
#16014 = CYLINDRICAL_SURFACE('',#16015,0.15);
#16015 = AXIS2_PLACEMENT_3D('',#16016,#16017,#16018);
#16016 = CARTESIAN_POINT('',(130.02,-75.,-3.6E-02));
#16017 = DIRECTION('',(-0.,0.,-1.));
#16018 = DIRECTION('',(1.894780628694E-13,-1.,-0.));
#16019 = ADVANCED_FACE('',(#16020),#16031,.F.);
#16020 = FACE_BOUND('',#16021,.T.);
#16021 = EDGE_LOOP('',(#16022,#16023,#16029,#16030));
#16022 = ORIENTED_EDGE('',*,*,#13237,.T.);
#16023 = ORIENTED_EDGE('',*,*,#16024,.T.);
#16024 = EDGE_CURVE('',#13238,#14368,#16025,.T.);
#16025 = LINE('',#16026,#16027);
#16026 = CARTESIAN_POINT('',(130.98,-75.15,-3.6E-02));
#16027 = VECTOR('',#16028,1.);
#16028 = DIRECTION('',(0.,0.,1.));
#16029 = ORIENTED_EDGE('',*,*,#14367,.F.);
#16030 = ORIENTED_EDGE('',*,*,#16024,.F.);
#16031 = CYLINDRICAL_SURFACE('',#16032,0.15);
#16032 = AXIS2_PLACEMENT_3D('',#16033,#16034,#16035);
#16033 = CARTESIAN_POINT('',(130.98,-75.,-3.6E-02));
#16034 = DIRECTION('',(-0.,-0.,-1.));
#16035 = DIRECTION('',(-1.894780628694E-13,-1.,0.));
#16036 = ADVANCED_FACE('',(#16037),#16048,.F.);
#16037 = FACE_BOUND('',#16038,.T.);
#16038 = EDGE_LOOP('',(#16039,#16040,#16046,#16047));
#16039 = ORIENTED_EDGE('',*,*,#13248,.T.);
#16040 = ORIENTED_EDGE('',*,*,#16041,.T.);
#16041 = EDGE_CURVE('',#13249,#14379,#16042,.T.);
#16042 = LINE('',#16043,#16044);
#16043 = CARTESIAN_POINT('',(133.78,-77.15,-3.6E-02));
#16044 = VECTOR('',#16045,1.);
#16045 = DIRECTION('',(0.,0.,1.));
#16046 = ORIENTED_EDGE('',*,*,#14378,.F.);
#16047 = ORIENTED_EDGE('',*,*,#16041,.F.);
#16048 = CYLINDRICAL_SURFACE('',#16049,0.15);
#16049 = AXIS2_PLACEMENT_3D('',#16050,#16051,#16052);
#16050 = CARTESIAN_POINT('',(133.78,-77.,-3.6E-02));
#16051 = DIRECTION('',(-0.,-0.,-1.));
#16052 = DIRECTION('',(-0.,-1.,0.));
#16053 = ADVANCED_FACE('',(#16054),#16065,.F.);
#16054 = FACE_BOUND('',#16055,.T.);
#16055 = EDGE_LOOP('',(#16056,#16057,#16063,#16064));
#16056 = ORIENTED_EDGE('',*,*,#13259,.T.);
#16057 = ORIENTED_EDGE('',*,*,#16058,.T.);
#16058 = EDGE_CURVE('',#13260,#14390,#16059,.T.);
#16059 = LINE('',#16060,#16061);
#16060 = CARTESIAN_POINT('',(132.76,-75.15,-3.6E-02));
#16061 = VECTOR('',#16062,1.);
#16062 = DIRECTION('',(0.,0.,1.));
#16063 = ORIENTED_EDGE('',*,*,#14389,.F.);
#16064 = ORIENTED_EDGE('',*,*,#16058,.F.);
#16065 = CYLINDRICAL_SURFACE('',#16066,0.15);
#16066 = AXIS2_PLACEMENT_3D('',#16067,#16068,#16069);
#16067 = CARTESIAN_POINT('',(132.76,-75.,-3.6E-02));
#16068 = DIRECTION('',(-0.,-0.,-1.));
#16069 = DIRECTION('',(-0.,-1.,0.));
#16070 = ADVANCED_FACE('',(#16071),#16082,.F.);
#16071 = FACE_BOUND('',#16072,.T.);
#16072 = EDGE_LOOP('',(#16073,#16074,#16080,#16081));
#16073 = ORIENTED_EDGE('',*,*,#13270,.T.);
#16074 = ORIENTED_EDGE('',*,*,#16075,.T.);
#16075 = EDGE_CURVE('',#13271,#14401,#16076,.T.);
#16076 = LINE('',#16077,#16078);
#16077 = CARTESIAN_POINT('',(133.78,-75.15,-3.6E-02));
#16078 = VECTOR('',#16079,1.);
#16079 = DIRECTION('',(0.,0.,1.));
#16080 = ORIENTED_EDGE('',*,*,#14400,.F.);
#16081 = ORIENTED_EDGE('',*,*,#16075,.F.);
#16082 = CYLINDRICAL_SURFACE('',#16083,0.15);
#16083 = AXIS2_PLACEMENT_3D('',#16084,#16085,#16086);
#16084 = CARTESIAN_POINT('',(133.78,-75.,-3.6E-02));
#16085 = DIRECTION('',(-0.,-0.,-1.));
#16086 = DIRECTION('',(-0.,-1.,0.));
#16087 = ADVANCED_FACE('',(#16088),#16099,.F.);
#16088 = FACE_BOUND('',#16089,.T.);
#16089 = EDGE_LOOP('',(#16090,#16091,#16097,#16098));
#16090 = ORIENTED_EDGE('',*,*,#13281,.T.);
#16091 = ORIENTED_EDGE('',*,*,#16092,.T.);
#16092 = EDGE_CURVE('',#13282,#14412,#16093,.T.);
#16093 = LINE('',#16094,#16095);
#16094 = CARTESIAN_POINT('',(130.,-72.65,-3.6E-02));
#16095 = VECTOR('',#16096,1.);
#16096 = DIRECTION('',(0.,0.,1.));
#16097 = ORIENTED_EDGE('',*,*,#14411,.F.);
#16098 = ORIENTED_EDGE('',*,*,#16092,.F.);
#16099 = CYLINDRICAL_SURFACE('',#16100,0.15);
#16100 = AXIS2_PLACEMENT_3D('',#16101,#16102,#16103);
#16101 = CARTESIAN_POINT('',(130.,-72.5,-3.6E-02));
#16102 = DIRECTION('',(-0.,-0.,-1.));
#16103 = DIRECTION('',(-0.,-1.,0.));
#16104 = ADVANCED_FACE('',(#16105),#16116,.F.);
#16105 = FACE_BOUND('',#16106,.T.);
#16106 = EDGE_LOOP('',(#16107,#16108,#16114,#16115));
#16107 = ORIENTED_EDGE('',*,*,#13292,.T.);
#16108 = ORIENTED_EDGE('',*,*,#16109,.T.);
#16109 = EDGE_CURVE('',#13293,#14423,#16110,.T.);
#16110 = LINE('',#16111,#16112);
#16111 = CARTESIAN_POINT('',(136.5,-75.15,-3.6E-02));
#16112 = VECTOR('',#16113,1.);
#16113 = DIRECTION('',(0.,0.,1.));
#16114 = ORIENTED_EDGE('',*,*,#14422,.F.);
#16115 = ORIENTED_EDGE('',*,*,#16109,.F.);
#16116 = CYLINDRICAL_SURFACE('',#16117,0.15);
#16117 = AXIS2_PLACEMENT_3D('',#16118,#16119,#16120);
#16118 = CARTESIAN_POINT('',(136.5,-75.,-3.6E-02));
#16119 = DIRECTION('',(-0.,-0.,-1.));
#16120 = DIRECTION('',(-0.,-1.,0.));
#16121 = ADVANCED_FACE('',(#16122),#16133,.F.);
#16122 = FACE_BOUND('',#16123,.T.);
#16123 = EDGE_LOOP('',(#16124,#16125,#16131,#16132));
#16124 = ORIENTED_EDGE('',*,*,#13303,.T.);
#16125 = ORIENTED_EDGE('',*,*,#16126,.T.);
#16126 = EDGE_CURVE('',#13304,#14434,#16127,.T.);
#16127 = LINE('',#16128,#16129);
#16128 = CARTESIAN_POINT('',(134.,-72.65,-3.6E-02));
#16129 = VECTOR('',#16130,1.);
#16130 = DIRECTION('',(0.,0.,1.));
#16131 = ORIENTED_EDGE('',*,*,#14433,.F.);
#16132 = ORIENTED_EDGE('',*,*,#16126,.F.);
#16133 = CYLINDRICAL_SURFACE('',#16134,0.15);
#16134 = AXIS2_PLACEMENT_3D('',#16135,#16136,#16137);
#16135 = CARTESIAN_POINT('',(134.,-72.5,-3.6E-02));
#16136 = DIRECTION('',(-0.,-0.,-1.));
#16137 = DIRECTION('',(-0.,-1.,0.));
#16138 = ADVANCED_FACE('',(#16139),#16150,.F.);
#16139 = FACE_BOUND('',#16140,.T.);
#16140 = EDGE_LOOP('',(#16141,#16142,#16148,#16149));
#16141 = ORIENTED_EDGE('',*,*,#13314,.T.);
#16142 = ORIENTED_EDGE('',*,*,#16143,.T.);
#16143 = EDGE_CURVE('',#13315,#14445,#16144,.T.);
#16144 = LINE('',#16145,#16146);
#16145 = CARTESIAN_POINT('',(142.83,-83.55,-4.6E-02));
#16146 = VECTOR('',#16147,1.);
#16147 = DIRECTION('',(0.,0.,1.));
#16148 = ORIENTED_EDGE('',*,*,#14444,.F.);
#16149 = ORIENTED_EDGE('',*,*,#16143,.F.);
#16150 = CYLINDRICAL_SURFACE('',#16151,0.6);
#16151 = AXIS2_PLACEMENT_3D('',#16152,#16153,#16154);
#16152 = CARTESIAN_POINT('',(142.83,-82.95,-4.6E-02));
#16153 = DIRECTION('',(-0.,0.,-1.));
#16154 = DIRECTION('',(4.736951571734E-14,-1.,-0.));
#16155 = ADVANCED_FACE('',(#16156),#16167,.F.);
#16156 = FACE_BOUND('',#16157,.T.);
#16157 = EDGE_LOOP('',(#16158,#16159,#16165,#16166));
#16158 = ORIENTED_EDGE('',*,*,#13325,.T.);
#16159 = ORIENTED_EDGE('',*,*,#16160,.T.);
#16160 = EDGE_CURVE('',#13326,#14456,#16161,.T.);
#16161 = LINE('',#16162,#16163);
#16162 = CARTESIAN_POINT('',(142.83,-80.05,-4.6E-02));
#16163 = VECTOR('',#16164,1.);
#16164 = DIRECTION('',(0.,0.,1.));
#16165 = ORIENTED_EDGE('',*,*,#14455,.F.);
#16166 = ORIENTED_EDGE('',*,*,#16160,.F.);
#16167 = CYLINDRICAL_SURFACE('',#16168,0.6);
#16168 = AXIS2_PLACEMENT_3D('',#16169,#16170,#16171);
#16169 = CARTESIAN_POINT('',(142.83,-79.45,-4.6E-02));
#16170 = DIRECTION('',(-0.,0.,-1.));
#16171 = DIRECTION('',(4.736951571734E-14,-1.,-0.));
#16172 = ADVANCED_FACE('',(#16173),#16184,.F.);
#16173 = FACE_BOUND('',#16174,.T.);
#16174 = EDGE_LOOP('',(#16175,#16176,#16182,#16183));
#16175 = ORIENTED_EDGE('',*,*,#13336,.T.);
#16176 = ORIENTED_EDGE('',*,*,#16177,.T.);
#16177 = EDGE_CURVE('',#13337,#14467,#16178,.T.);
#16178 = LINE('',#16179,#16180);
#16179 = CARTESIAN_POINT('',(142.83,-76.55,-4.6E-02));
#16180 = VECTOR('',#16181,1.);
#16181 = DIRECTION('',(0.,0.,1.));
#16182 = ORIENTED_EDGE('',*,*,#14466,.F.);
#16183 = ORIENTED_EDGE('',*,*,#16177,.F.);
#16184 = CYLINDRICAL_SURFACE('',#16185,0.6);
#16185 = AXIS2_PLACEMENT_3D('',#16186,#16187,#16188);
#16186 = CARTESIAN_POINT('',(142.83,-75.95,-4.6E-02));
#16187 = DIRECTION('',(-0.,0.,-1.));
#16188 = DIRECTION('',(4.736951571734E-14,-1.,-0.));
#16189 = ADVANCED_FACE('',(#16190),#16201,.F.);
#16190 = FACE_BOUND('',#16191,.T.);
#16191 = EDGE_LOOP('',(#16192,#16193,#16199,#16200));
#16192 = ORIENTED_EDGE('',*,*,#13347,.T.);
#16193 = ORIENTED_EDGE('',*,*,#16194,.T.);
#16194 = EDGE_CURVE('',#13348,#14478,#16195,.T.);
#16195 = LINE('',#16196,#16197);
#16196 = CARTESIAN_POINT('',(142.83,-73.05,-4.6E-02));
#16197 = VECTOR('',#16198,1.);
#16198 = DIRECTION('',(0.,0.,1.));
#16199 = ORIENTED_EDGE('',*,*,#14477,.F.);
#16200 = ORIENTED_EDGE('',*,*,#16194,.F.);
#16201 = CYLINDRICAL_SURFACE('',#16202,0.6);
#16202 = AXIS2_PLACEMENT_3D('',#16203,#16204,#16205);
#16203 = CARTESIAN_POINT('',(142.83,-72.45,-4.6E-02));
#16204 = DIRECTION('',(-0.,0.,-1.));
#16205 = DIRECTION('',(4.736951571734E-14,-1.,-0.));
#16206 = ADVANCED_FACE('',(#16207),#16218,.F.);
#16207 = FACE_BOUND('',#16208,.T.);
#16208 = EDGE_LOOP('',(#16209,#16210,#16216,#16217));
#16209 = ORIENTED_EDGE('',*,*,#13358,.T.);
#16210 = ORIENTED_EDGE('',*,*,#16211,.T.);
#16211 = EDGE_CURVE('',#13359,#14489,#16212,.T.);
#16212 = LINE('',#16213,#16214);
#16213 = CARTESIAN_POINT('',(135.5,-70.15,-3.6E-02));
#16214 = VECTOR('',#16215,1.);
#16215 = DIRECTION('',(0.,0.,1.));
#16216 = ORIENTED_EDGE('',*,*,#14488,.F.);
#16217 = ORIENTED_EDGE('',*,*,#16211,.F.);
#16218 = CYLINDRICAL_SURFACE('',#16219,0.15);
#16219 = AXIS2_PLACEMENT_3D('',#16220,#16221,#16222);
#16220 = CARTESIAN_POINT('',(135.5,-70.,-3.6E-02));
#16221 = DIRECTION('',(-0.,-0.,-1.));
#16222 = DIRECTION('',(-0.,-1.,0.));
#16223 = ADVANCED_FACE('',(#16224),#16235,.F.);
#16224 = FACE_BOUND('',#16225,.T.);
#16225 = EDGE_LOOP('',(#16226,#16227,#16233,#16234));
#16226 = ORIENTED_EDGE('',*,*,#13369,.T.);
#16227 = ORIENTED_EDGE('',*,*,#16228,.T.);
#16228 = EDGE_CURVE('',#13370,#14500,#16229,.T.);
#16229 = LINE('',#16230,#16231);
#16230 = CARTESIAN_POINT('',(129.92,-65.15,-4.6E-02));
#16231 = VECTOR('',#16232,1.);
#16232 = DIRECTION('',(0.,0.,1.));
#16233 = ORIENTED_EDGE('',*,*,#14499,.F.);
#16234 = ORIENTED_EDGE('',*,*,#16228,.F.);
#16235 = CYLINDRICAL_SURFACE('',#16236,0.65);
#16236 = AXIS2_PLACEMENT_3D('',#16237,#16238,#16239);
#16237 = CARTESIAN_POINT('',(129.92,-64.5,-4.6E-02));
#16238 = DIRECTION('',(-0.,-0.,-1.));
#16239 = DIRECTION('',(-4.372570681601E-14,-1.,0.));
#16240 = ADVANCED_FACE('',(#16241),#16252,.F.);
#16241 = FACE_BOUND('',#16242,.T.);
#16242 = EDGE_LOOP('',(#16243,#16244,#16250,#16251));
#16243 = ORIENTED_EDGE('',*,*,#13380,.T.);
#16244 = ORIENTED_EDGE('',*,*,#16245,.T.);
#16245 = EDGE_CURVE('',#13381,#14511,#16246,.T.);
#16246 = LINE('',#16247,#16248);
#16247 = CARTESIAN_POINT('',(135.,-65.15,-4.6E-02));
#16248 = VECTOR('',#16249,1.);
#16249 = DIRECTION('',(0.,0.,1.));
#16250 = ORIENTED_EDGE('',*,*,#14510,.F.);
#16251 = ORIENTED_EDGE('',*,*,#16245,.F.);
#16252 = CYLINDRICAL_SURFACE('',#16253,0.65);
#16253 = AXIS2_PLACEMENT_3D('',#16254,#16255,#16256);
#16254 = CARTESIAN_POINT('',(135.,-64.5,-4.6E-02));
#16255 = DIRECTION('',(-0.,-0.,-1.));
#16256 = DIRECTION('',(-0.,-1.,0.));
#16257 = ADVANCED_FACE('',(#16258),#16269,.F.);
#16258 = FACE_BOUND('',#16259,.T.);
#16259 = EDGE_LOOP('',(#16260,#16261,#16267,#16268));
#16260 = ORIENTED_EDGE('',*,*,#13391,.T.);
#16261 = ORIENTED_EDGE('',*,*,#16262,.T.);
#16262 = EDGE_CURVE('',#13392,#14522,#16263,.T.);
#16263 = LINE('',#16264,#16265);
#16264 = CARTESIAN_POINT('',(142.83,-69.55,-4.6E-02));
#16265 = VECTOR('',#16266,1.);
#16266 = DIRECTION('',(0.,0.,1.));
#16267 = ORIENTED_EDGE('',*,*,#14521,.F.);
#16268 = ORIENTED_EDGE('',*,*,#16262,.F.);
#16269 = CYLINDRICAL_SURFACE('',#16270,0.6);
#16270 = AXIS2_PLACEMENT_3D('',#16271,#16272,#16273);
#16271 = CARTESIAN_POINT('',(142.83,-68.95,-4.6E-02));
#16272 = DIRECTION('',(-0.,0.,-1.));
#16273 = DIRECTION('',(4.736951571734E-14,-1.,-0.));
#16274 = ADVANCED_FACE('',(#16275),#16286,.F.);
#16275 = FACE_BOUND('',#16276,.T.);
#16276 = EDGE_LOOP('',(#16277,#16278,#16284,#16285));
#16277 = ORIENTED_EDGE('',*,*,#13402,.T.);
#16278 = ORIENTED_EDGE('',*,*,#16279,.T.);
#16279 = EDGE_CURVE('',#13403,#14533,#16280,.T.);
#16280 = LINE('',#16281,#16282);
#16281 = CARTESIAN_POINT('',(143.62,-64.1,-4.6E-02));
#16282 = VECTOR('',#16283,1.);
#16283 = DIRECTION('',(0.,0.,1.));
#16284 = ORIENTED_EDGE('',*,*,#14532,.F.);
#16285 = ORIENTED_EDGE('',*,*,#16279,.F.);
#16286 = CYLINDRICAL_SURFACE('',#16287,1.6);
#16287 = AXIS2_PLACEMENT_3D('',#16288,#16289,#16290);
#16288 = CARTESIAN_POINT('',(143.62,-62.5,-4.6E-02));
#16289 = DIRECTION('',(-0.,-0.,-1.));
#16290 = DIRECTION('',(-0.,-1.,0.));
#16291 = ( GEOMETRIC_REPRESENTATION_CONTEXT(3) 
GLOBAL_UNCERTAINTY_ASSIGNED_CONTEXT((#16295)) 
GLOBAL_UNIT_ASSIGNED_CONTEXT((#16292,#16293,#16294)) 
REPRESENTATION_CONTEXT('Context #1',
  '3D Context with UNIT and UNCERTAINTY') );
#16292 = ( LENGTH_UNIT() NAMED_UNIT(*) SI_UNIT(.MILLI.,.METRE.) );
#16293 = ( NAMED_UNIT(*) PLANE_ANGLE_UNIT() SI_UNIT($,.RADIAN.) );
#16294 = ( NAMED_UNIT(*) SI_UNIT($,.STERADIAN.) SOLID_ANGLE_UNIT() );
#16295 = UNCERTAINTY_MEASURE_WITH_UNIT(LENGTH_MEASURE(1.E-07),#16292,
  'distance_accuracy_value','confusion accuracy');
#16296 = CONTEXT_DEPENDENT_SHAPE_REPRESENTATION(#16297,#16299);
#16297 = ( REPRESENTATION_RELATIONSHIP('','',#12178,#10) 
REPRESENTATION_RELATIONSHIP_WITH_TRANSFORMATION(#16298) 
SHAPE_REPRESENTATION_RELATIONSHIP() );
#16298 = ITEM_DEFINED_TRANSFORMATION('','',#11,#123);
#16299 = PRODUCT_DEFINITION_SHAPE('Placement','Placement of an item',
  #16300);
#16300 = NEXT_ASSEMBLY_USAGE_OCCURRENCE('33','=>[0:1:1:12]','',#5,#12173
  ,$);
#16301 = PRODUCT_RELATED_PRODUCT_CATEGORY('part',$,(#12175));
#16302 = MECHANICAL_DESIGN_GEOMETRIC_PRESENTATION_REPRESENTATION('',(
    #16303,#16313,#16322,#16331,#16341,#16350,#16359,#16368,#16377,
    #16386,#16396,#16405,#16414,#16423,#16432,#16441,#16450,#16459,
    #16468,#16477,#16486,#16495,#16504,#16513,#16522,#16531,#16540,
    #16549,#16558,#16567,#16576,#16585,#16594,#16603,#16612,#16621,
    #16630,#16639,#16648,#16657,#16666,#16675,#16684,#16693,#16702,
    #16711,#16720,#16729,#16738,#16747,#16756,#16765,#16774,#16783,
    #16792,#16801,#16810,#16819,#16828,#16837,#16846,#16855,#16864,
    #16873,#16882,#16891,#16900,#16909,#16918,#16927,#16936,#16945,
    #16954,#16963,#16972,#16981,#16990,#16999,#17008,#17017,#17026,
    #17035,#17044,#17053,#17062,#17071,#17080,#17089,#17098,#17107,
    #17116,#17125,#17134,#17143,#17152,#17161,#17170,#17179,#17188,
    #17197,#17206,#17215,#17224,#17233,#17242,#17251,#17260,#17269,
    #17278,#17287,#17296,#17305,#17314,#17323,#17332,#17341,#17350,
    #17359,#17368,#17377,#17386,#17395,#17404,#17413,#17422,#17431,
    #17440,#17449,#17458,#17467,#17476,#17485,#17494,#17503,#17512),
  #6242);
#16303 = STYLED_ITEM('color',(#16304),#1914);
#16304 = PRESENTATION_STYLE_ASSIGNMENT((#16305,#16311));
#16305 = SURFACE_STYLE_USAGE(.BOTH.,#16306);
#16306 = SURFACE_SIDE_STYLE('',(#16307));
#16307 = SURFACE_STYLE_FILL_AREA(#16308);
#16308 = FILL_AREA_STYLE('',(#16309));
#16309 = FILL_AREA_STYLE_COLOUR('',#16310);
#16310 = COLOUR_RGB('',0.690999998585,0.664000007176,0.597999987832);
#16311 = CURVE_STYLE('',#16312,POSITIVE_LENGTH_MEASURE(0.1),#16310);
#16312 = DRAUGHTING_PRE_DEFINED_CURVE_FONT('continuous');
#16313 = STYLED_ITEM('color',(#16314),#1931);
#16314 = PRESENTATION_STYLE_ASSIGNMENT((#16315,#16320));
#16315 = SURFACE_STYLE_USAGE(.BOTH.,#16316);
#16316 = SURFACE_SIDE_STYLE('',(#16317));
#16317 = SURFACE_STYLE_FILL_AREA(#16318);
#16318 = FILL_AREA_STYLE('',(#16319));
#16319 = FILL_AREA_STYLE_COLOUR('',#16310);
#16320 = CURVE_STYLE('',#16321,POSITIVE_LENGTH_MEASURE(0.1),#16310);
#16321 = DRAUGHTING_PRE_DEFINED_CURVE_FONT('continuous');
#16322 = OVER_RIDING_STYLED_ITEM('overriding color',(#16323),#1945,
  #16313);
#16323 = PRESENTATION_STYLE_ASSIGNMENT((#16324,#16329));
#16324 = SURFACE_STYLE_USAGE(.BOTH.,#16325);
#16325 = SURFACE_SIDE_STYLE('',(#16326));
#16326 = SURFACE_STYLE_FILL_AREA(#16327);
#16327 = FILL_AREA_STYLE('',(#16328));
#16328 = FILL_AREA_STYLE_COLOUR('',#16310);
#16329 = CURVE_STYLE('',#16330,POSITIVE_LENGTH_MEASURE(0.1),#16310);
#16330 = DRAUGHTING_PRE_DEFINED_CURVE_FONT('continuous');
#16331 = STYLED_ITEM('color',(#16332),#1956);
#16332 = PRESENTATION_STYLE_ASSIGNMENT((#16333,#16339));
#16333 = SURFACE_STYLE_USAGE(.BOTH.,#16334);
#16334 = SURFACE_SIDE_STYLE('',(#16335));
#16335 = SURFACE_STYLE_FILL_AREA(#16336);
#16336 = FILL_AREA_STYLE('',(#16337));
#16337 = FILL_AREA_STYLE_COLOUR('',#16338);
#16338 = COLOUR_RGB('',0.147999998088,0.145000001626,0.145000001626);
#16339 = CURVE_STYLE('',#16340,POSITIVE_LENGTH_MEASURE(0.1),#16338);
#16340 = DRAUGHTING_PRE_DEFINED_CURVE_FONT('continuous');
#16341 = STYLED_ITEM('color',(#16342),#1999);
#16342 = PRESENTATION_STYLE_ASSIGNMENT((#16343,#16348));
#16343 = SURFACE_STYLE_USAGE(.BOTH.,#16344);
#16344 = SURFACE_SIDE_STYLE('',(#16345));
#16345 = SURFACE_STYLE_FILL_AREA(#16346);
#16346 = FILL_AREA_STYLE('',(#16347));
#16347 = FILL_AREA_STYLE_COLOUR('',#16338);
#16348 = CURVE_STYLE('',#16349,POSITIVE_LENGTH_MEASURE(0.1),#16338);
#16349 = DRAUGHTING_PRE_DEFINED_CURVE_FONT('continuous');
#16350 = STYLED_ITEM('color',(#16351),#2190);
#16351 = PRESENTATION_STYLE_ASSIGNMENT((#16352,#16357));
#16352 = SURFACE_STYLE_USAGE(.BOTH.,#16353);
#16353 = SURFACE_SIDE_STYLE('',(#16354));
#16354 = SURFACE_STYLE_FILL_AREA(#16355);
#16355 = FILL_AREA_STYLE('',(#16356));
#16356 = FILL_AREA_STYLE_COLOUR('',#16338);
#16357 = CURVE_STYLE('',#16358,POSITIVE_LENGTH_MEASURE(0.1),#16338);
#16358 = DRAUGHTING_PRE_DEFINED_CURVE_FONT('continuous');
#16359 = STYLED_ITEM('color',(#16360),#2374);
#16360 = PRESENTATION_STYLE_ASSIGNMENT((#16361,#16366));
#16361 = SURFACE_STYLE_USAGE(.BOTH.,#16362);
#16362 = SURFACE_SIDE_STYLE('',(#16363));
#16363 = SURFACE_STYLE_FILL_AREA(#16364);
#16364 = FILL_AREA_STYLE('',(#16365));
#16365 = FILL_AREA_STYLE_COLOUR('',#16338);
#16366 = CURVE_STYLE('',#16367,POSITIVE_LENGTH_MEASURE(0.1),#16338);
#16367 = DRAUGHTING_PRE_DEFINED_CURVE_FONT('continuous');
#16368 = STYLED_ITEM('color',(#16369),#2558);
#16369 = PRESENTATION_STYLE_ASSIGNMENT((#16370,#16375));
#16370 = SURFACE_STYLE_USAGE(.BOTH.,#16371);
#16371 = SURFACE_SIDE_STYLE('',(#16372));
#16372 = SURFACE_STYLE_FILL_AREA(#16373);
#16373 = FILL_AREA_STYLE('',(#16374));
#16374 = FILL_AREA_STYLE_COLOUR('',#16338);
#16375 = CURVE_STYLE('',#16376,POSITIVE_LENGTH_MEASURE(0.1),#16338);
#16376 = DRAUGHTING_PRE_DEFINED_CURVE_FONT('continuous');
#16377 = STYLED_ITEM('color',(#16378),#2735);
#16378 = PRESENTATION_STYLE_ASSIGNMENT((#16379,#16384));
#16379 = SURFACE_STYLE_USAGE(.BOTH.,#16380);
#16380 = SURFACE_SIDE_STYLE('',(#16381));
#16381 = SURFACE_STYLE_FILL_AREA(#16382);
#16382 = FILL_AREA_STYLE('',(#16383));
#16383 = FILL_AREA_STYLE_COLOUR('',#16338);
#16384 = CURVE_STYLE('',#16385,POSITIVE_LENGTH_MEASURE(0.1),#16338);
#16385 = DRAUGHTING_PRE_DEFINED_CURVE_FONT('continuous');
#16386 = STYLED_ITEM('color',(#16387),#3249);
#16387 = PRESENTATION_STYLE_ASSIGNMENT((#16388,#16394));
#16388 = SURFACE_STYLE_USAGE(.BOTH.,#16389);
#16389 = SURFACE_SIDE_STYLE('',(#16390));
#16390 = SURFACE_STYLE_FILL_AREA(#16391);
#16391 = FILL_AREA_STYLE('',(#16392));
#16392 = FILL_AREA_STYLE_COLOUR('',#16393);
#16393 = COLOUR_RGB('',0.823999987314,0.819999987296,0.781000009244);
#16394 = CURVE_STYLE('',#16395,POSITIVE_LENGTH_MEASURE(0.1),#16393);
#16395 = DRAUGHTING_PRE_DEFINED_CURVE_FONT('continuous');
#16396 = STYLED_ITEM('color',(#16397),#3289);
#16397 = PRESENTATION_STYLE_ASSIGNMENT((#16398,#16403));
#16398 = SURFACE_STYLE_USAGE(.BOTH.,#16399);
#16399 = SURFACE_SIDE_STYLE('',(#16400));
#16400 = SURFACE_STYLE_FILL_AREA(#16401);
#16401 = FILL_AREA_STYLE('',(#16402));
#16402 = FILL_AREA_STYLE_COLOUR('',#16393);
#16403 = CURVE_STYLE('',#16404,POSITIVE_LENGTH_MEASURE(0.1),#16393);
#16404 = DRAUGHTING_PRE_DEFINED_CURVE_FONT('continuous');
#16405 = STYLED_ITEM('color',(#16406),#3313);
#16406 = PRESENTATION_STYLE_ASSIGNMENT((#16407,#16412));
#16407 = SURFACE_STYLE_USAGE(.BOTH.,#16408);
#16408 = SURFACE_SIDE_STYLE('',(#16409));
#16409 = SURFACE_STYLE_FILL_AREA(#16410);
#16410 = FILL_AREA_STYLE('',(#16411));
#16411 = FILL_AREA_STYLE_COLOUR('',#16393);
#16412 = CURVE_STYLE('',#16413,POSITIVE_LENGTH_MEASURE(0.1),#16393);
#16413 = DRAUGHTING_PRE_DEFINED_CURVE_FONT('continuous');
#16414 = STYLED_ITEM('color',(#16415),#3346);
#16415 = PRESENTATION_STYLE_ASSIGNMENT((#16416,#16421));
#16416 = SURFACE_STYLE_USAGE(.BOTH.,#16417);
#16417 = SURFACE_SIDE_STYLE('',(#16418));
#16418 = SURFACE_STYLE_FILL_AREA(#16419);
#16419 = FILL_AREA_STYLE('',(#16420));
#16420 = FILL_AREA_STYLE_COLOUR('',#16393);
#16421 = CURVE_STYLE('',#16422,POSITIVE_LENGTH_MEASURE(0.1),#16393);
#16422 = DRAUGHTING_PRE_DEFINED_CURVE_FONT('continuous');
#16423 = STYLED_ITEM('color',(#16424),#3386);
#16424 = PRESENTATION_STYLE_ASSIGNMENT((#16425,#16430));
#16425 = SURFACE_STYLE_USAGE(.BOTH.,#16426);
#16426 = SURFACE_SIDE_STYLE('',(#16427));
#16427 = SURFACE_STYLE_FILL_AREA(#16428);
#16428 = FILL_AREA_STYLE('',(#16429));
#16429 = FILL_AREA_STYLE_COLOUR('',#16393);
#16430 = CURVE_STYLE('',#16431,POSITIVE_LENGTH_MEASURE(0.1),#16393);
#16431 = DRAUGHTING_PRE_DEFINED_CURVE_FONT('continuous');
#16432 = STYLED_ITEM('color',(#16433),#3410);
#16433 = PRESENTATION_STYLE_ASSIGNMENT((#16434,#16439));
#16434 = SURFACE_STYLE_USAGE(.BOTH.,#16435);
#16435 = SURFACE_SIDE_STYLE('',(#16436));
#16436 = SURFACE_STYLE_FILL_AREA(#16437);
#16437 = FILL_AREA_STYLE('',(#16438));
#16438 = FILL_AREA_STYLE_COLOUR('',#16393);
#16439 = CURVE_STYLE('',#16440,POSITIVE_LENGTH_MEASURE(0.1),#16393);
#16440 = DRAUGHTING_PRE_DEFINED_CURVE_FONT('continuous');
#16441 = STYLED_ITEM('color',(#16442),#3443);
#16442 = PRESENTATION_STYLE_ASSIGNMENT((#16443,#16448));
#16443 = SURFACE_STYLE_USAGE(.BOTH.,#16444);
#16444 = SURFACE_SIDE_STYLE('',(#16445));
#16445 = SURFACE_STYLE_FILL_AREA(#16446);
#16446 = FILL_AREA_STYLE('',(#16447));
#16447 = FILL_AREA_STYLE_COLOUR('',#16393);
#16448 = CURVE_STYLE('',#16449,POSITIVE_LENGTH_MEASURE(0.1),#16393);
#16449 = DRAUGHTING_PRE_DEFINED_CURVE_FONT('continuous');
#16450 = STYLED_ITEM('color',(#16451),#3483);
#16451 = PRESENTATION_STYLE_ASSIGNMENT((#16452,#16457));
#16452 = SURFACE_STYLE_USAGE(.BOTH.,#16453);
#16453 = SURFACE_SIDE_STYLE('',(#16454));
#16454 = SURFACE_STYLE_FILL_AREA(#16455);
#16455 = FILL_AREA_STYLE('',(#16456));
#16456 = FILL_AREA_STYLE_COLOUR('',#16393);
#16457 = CURVE_STYLE('',#16458,POSITIVE_LENGTH_MEASURE(0.1),#16393);
#16458 = DRAUGHTING_PRE_DEFINED_CURVE_FONT('continuous');
#16459 = STYLED_ITEM('color',(#16460),#3507);
#16460 = PRESENTATION_STYLE_ASSIGNMENT((#16461,#16466));
#16461 = SURFACE_STYLE_USAGE(.BOTH.,#16462);
#16462 = SURFACE_SIDE_STYLE('',(#16463));
#16463 = SURFACE_STYLE_FILL_AREA(#16464);
#16464 = FILL_AREA_STYLE('',(#16465));
#16465 = FILL_AREA_STYLE_COLOUR('',#16393);
#16466 = CURVE_STYLE('',#16467,POSITIVE_LENGTH_MEASURE(0.1),#16393);
#16467 = DRAUGHTING_PRE_DEFINED_CURVE_FONT('continuous');
#16468 = STYLED_ITEM('color',(#16469),#3540);
#16469 = PRESENTATION_STYLE_ASSIGNMENT((#16470,#16475));
#16470 = SURFACE_STYLE_USAGE(.BOTH.,#16471);
#16471 = SURFACE_SIDE_STYLE('',(#16472));
#16472 = SURFACE_STYLE_FILL_AREA(#16473);
#16473 = FILL_AREA_STYLE('',(#16474));
#16474 = FILL_AREA_STYLE_COLOUR('',#16393);
#16475 = CURVE_STYLE('',#16476,POSITIVE_LENGTH_MEASURE(0.1),#16393);
#16476 = DRAUGHTING_PRE_DEFINED_CURVE_FONT('continuous');
#16477 = STYLED_ITEM('color',(#16478),#3580);
#16478 = PRESENTATION_STYLE_ASSIGNMENT((#16479,#16484));
#16479 = SURFACE_STYLE_USAGE(.BOTH.,#16480);
#16480 = SURFACE_SIDE_STYLE('',(#16481));
#16481 = SURFACE_STYLE_FILL_AREA(#16482);
#16482 = FILL_AREA_STYLE('',(#16483));
#16483 = FILL_AREA_STYLE_COLOUR('',#16393);
#16484 = CURVE_STYLE('',#16485,POSITIVE_LENGTH_MEASURE(0.1),#16393);
#16485 = DRAUGHTING_PRE_DEFINED_CURVE_FONT('continuous');
#16486 = STYLED_ITEM('color',(#16487),#3604);
#16487 = PRESENTATION_STYLE_ASSIGNMENT((#16488,#16493));
#16488 = SURFACE_STYLE_USAGE(.BOTH.,#16489);
#16489 = SURFACE_SIDE_STYLE('',(#16490));
#16490 = SURFACE_STYLE_FILL_AREA(#16491);
#16491 = FILL_AREA_STYLE('',(#16492));
#16492 = FILL_AREA_STYLE_COLOUR('',#16393);
#16493 = CURVE_STYLE('',#16494,POSITIVE_LENGTH_MEASURE(0.1),#16393);
#16494 = DRAUGHTING_PRE_DEFINED_CURVE_FONT('continuous');
#16495 = STYLED_ITEM('color',(#16496),#3637);
#16496 = PRESENTATION_STYLE_ASSIGNMENT((#16497,#16502));
#16497 = SURFACE_STYLE_USAGE(.BOTH.,#16498);
#16498 = SURFACE_SIDE_STYLE('',(#16499));
#16499 = SURFACE_STYLE_FILL_AREA(#16500);
#16500 = FILL_AREA_STYLE('',(#16501));
#16501 = FILL_AREA_STYLE_COLOUR('',#16393);
#16502 = CURVE_STYLE('',#16503,POSITIVE_LENGTH_MEASURE(0.1),#16393);
#16503 = DRAUGHTING_PRE_DEFINED_CURVE_FONT('continuous');
#16504 = STYLED_ITEM('color',(#16505),#3677);
#16505 = PRESENTATION_STYLE_ASSIGNMENT((#16506,#16511));
#16506 = SURFACE_STYLE_USAGE(.BOTH.,#16507);
#16507 = SURFACE_SIDE_STYLE('',(#16508));
#16508 = SURFACE_STYLE_FILL_AREA(#16509);
#16509 = FILL_AREA_STYLE('',(#16510));
#16510 = FILL_AREA_STYLE_COLOUR('',#16393);
#16511 = CURVE_STYLE('',#16512,POSITIVE_LENGTH_MEASURE(0.1),#16393);
#16512 = DRAUGHTING_PRE_DEFINED_CURVE_FONT('continuous');
#16513 = STYLED_ITEM('color',(#16514),#3701);
#16514 = PRESENTATION_STYLE_ASSIGNMENT((#16515,#16520));
#16515 = SURFACE_STYLE_USAGE(.BOTH.,#16516);
#16516 = SURFACE_SIDE_STYLE('',(#16517));
#16517 = SURFACE_STYLE_FILL_AREA(#16518);
#16518 = FILL_AREA_STYLE('',(#16519));
#16519 = FILL_AREA_STYLE_COLOUR('',#16393);
#16520 = CURVE_STYLE('',#16521,POSITIVE_LENGTH_MEASURE(0.1),#16393);
#16521 = DRAUGHTING_PRE_DEFINED_CURVE_FONT('continuous');
#16522 = STYLED_ITEM('color',(#16523),#3734);
#16523 = PRESENTATION_STYLE_ASSIGNMENT((#16524,#16529));
#16524 = SURFACE_STYLE_USAGE(.BOTH.,#16525);
#16525 = SURFACE_SIDE_STYLE('',(#16526));
#16526 = SURFACE_STYLE_FILL_AREA(#16527);
#16527 = FILL_AREA_STYLE('',(#16528));
#16528 = FILL_AREA_STYLE_COLOUR('',#16393);
#16529 = CURVE_STYLE('',#16530,POSITIVE_LENGTH_MEASURE(0.1),#16393);
#16530 = DRAUGHTING_PRE_DEFINED_CURVE_FONT('continuous');
#16531 = STYLED_ITEM('color',(#16532),#3774);
#16532 = PRESENTATION_STYLE_ASSIGNMENT((#16533,#16538));
#16533 = SURFACE_STYLE_USAGE(.BOTH.,#16534);
#16534 = SURFACE_SIDE_STYLE('',(#16535));
#16535 = SURFACE_STYLE_FILL_AREA(#16536);
#16536 = FILL_AREA_STYLE('',(#16537));
#16537 = FILL_AREA_STYLE_COLOUR('',#16393);
#16538 = CURVE_STYLE('',#16539,POSITIVE_LENGTH_MEASURE(0.1),#16393);
#16539 = DRAUGHTING_PRE_DEFINED_CURVE_FONT('continuous');
#16540 = STYLED_ITEM('color',(#16541),#3798);
#16541 = PRESENTATION_STYLE_ASSIGNMENT((#16542,#16547));
#16542 = SURFACE_STYLE_USAGE(.BOTH.,#16543);
#16543 = SURFACE_SIDE_STYLE('',(#16544));
#16544 = SURFACE_STYLE_FILL_AREA(#16545);
#16545 = FILL_AREA_STYLE('',(#16546));
#16546 = FILL_AREA_STYLE_COLOUR('',#16393);
#16547 = CURVE_STYLE('',#16548,POSITIVE_LENGTH_MEASURE(0.1),#16393);
#16548 = DRAUGHTING_PRE_DEFINED_CURVE_FONT('continuous');
#16549 = STYLED_ITEM('color',(#16550),#3831);
#16550 = PRESENTATION_STYLE_ASSIGNMENT((#16551,#16556));
#16551 = SURFACE_STYLE_USAGE(.BOTH.,#16552);
#16552 = SURFACE_SIDE_STYLE('',(#16553));
#16553 = SURFACE_STYLE_FILL_AREA(#16554);
#16554 = FILL_AREA_STYLE('',(#16555));
#16555 = FILL_AREA_STYLE_COLOUR('',#16393);
#16556 = CURVE_STYLE('',#16557,POSITIVE_LENGTH_MEASURE(0.1),#16393);
#16557 = DRAUGHTING_PRE_DEFINED_CURVE_FONT('continuous');
#16558 = STYLED_ITEM('color',(#16559),#3871);
#16559 = PRESENTATION_STYLE_ASSIGNMENT((#16560,#16565));
#16560 = SURFACE_STYLE_USAGE(.BOTH.,#16561);
#16561 = SURFACE_SIDE_STYLE('',(#16562));
#16562 = SURFACE_STYLE_FILL_AREA(#16563);
#16563 = FILL_AREA_STYLE('',(#16564));
#16564 = FILL_AREA_STYLE_COLOUR('',#16393);
#16565 = CURVE_STYLE('',#16566,POSITIVE_LENGTH_MEASURE(0.1),#16393);
#16566 = DRAUGHTING_PRE_DEFINED_CURVE_FONT('continuous');
#16567 = STYLED_ITEM('color',(#16568),#3895);
#16568 = PRESENTATION_STYLE_ASSIGNMENT((#16569,#16574));
#16569 = SURFACE_STYLE_USAGE(.BOTH.,#16570);
#16570 = SURFACE_SIDE_STYLE('',(#16571));
#16571 = SURFACE_STYLE_FILL_AREA(#16572);
#16572 = FILL_AREA_STYLE('',(#16573));
#16573 = FILL_AREA_STYLE_COLOUR('',#16393);
#16574 = CURVE_STYLE('',#16575,POSITIVE_LENGTH_MEASURE(0.1),#16393);
#16575 = DRAUGHTING_PRE_DEFINED_CURVE_FONT('continuous');
#16576 = STYLED_ITEM('color',(#16577),#3928);
#16577 = PRESENTATION_STYLE_ASSIGNMENT((#16578,#16583));
#16578 = SURFACE_STYLE_USAGE(.BOTH.,#16579);
#16579 = SURFACE_SIDE_STYLE('',(#16580));
#16580 = SURFACE_STYLE_FILL_AREA(#16581);
#16581 = FILL_AREA_STYLE('',(#16582));
#16582 = FILL_AREA_STYLE_COLOUR('',#16393);
#16583 = CURVE_STYLE('',#16584,POSITIVE_LENGTH_MEASURE(0.1),#16393);
#16584 = DRAUGHTING_PRE_DEFINED_CURVE_FONT('continuous');
#16585 = STYLED_ITEM('color',(#16586),#3968);
#16586 = PRESENTATION_STYLE_ASSIGNMENT((#16587,#16592));
#16587 = SURFACE_STYLE_USAGE(.BOTH.,#16588);
#16588 = SURFACE_SIDE_STYLE('',(#16589));
#16589 = SURFACE_STYLE_FILL_AREA(#16590);
#16590 = FILL_AREA_STYLE('',(#16591));
#16591 = FILL_AREA_STYLE_COLOUR('',#16393);
#16592 = CURVE_STYLE('',#16593,POSITIVE_LENGTH_MEASURE(0.1),#16393);
#16593 = DRAUGHTING_PRE_DEFINED_CURVE_FONT('continuous');
#16594 = STYLED_ITEM('color',(#16595),#3992);
#16595 = PRESENTATION_STYLE_ASSIGNMENT((#16596,#16601));
#16596 = SURFACE_STYLE_USAGE(.BOTH.,#16597);
#16597 = SURFACE_SIDE_STYLE('',(#16598));
#16598 = SURFACE_STYLE_FILL_AREA(#16599);
#16599 = FILL_AREA_STYLE('',(#16600));
#16600 = FILL_AREA_STYLE_COLOUR('',#16393);
#16601 = CURVE_STYLE('',#16602,POSITIVE_LENGTH_MEASURE(0.1),#16393);
#16602 = DRAUGHTING_PRE_DEFINED_CURVE_FONT('continuous');
#16603 = STYLED_ITEM('color',(#16604),#4025);
#16604 = PRESENTATION_STYLE_ASSIGNMENT((#16605,#16610));
#16605 = SURFACE_STYLE_USAGE(.BOTH.,#16606);
#16606 = SURFACE_SIDE_STYLE('',(#16607));
#16607 = SURFACE_STYLE_FILL_AREA(#16608);
#16608 = FILL_AREA_STYLE('',(#16609));
#16609 = FILL_AREA_STYLE_COLOUR('',#16393);
#16610 = CURVE_STYLE('',#16611,POSITIVE_LENGTH_MEASURE(0.1),#16393);
#16611 = DRAUGHTING_PRE_DEFINED_CURVE_FONT('continuous');
#16612 = STYLED_ITEM('color',(#16613),#4065);
#16613 = PRESENTATION_STYLE_ASSIGNMENT((#16614,#16619));
#16614 = SURFACE_STYLE_USAGE(.BOTH.,#16615);
#16615 = SURFACE_SIDE_STYLE('',(#16616));
#16616 = SURFACE_STYLE_FILL_AREA(#16617);
#16617 = FILL_AREA_STYLE('',(#16618));
#16618 = FILL_AREA_STYLE_COLOUR('',#16393);
#16619 = CURVE_STYLE('',#16620,POSITIVE_LENGTH_MEASURE(0.1),#16393);
#16620 = DRAUGHTING_PRE_DEFINED_CURVE_FONT('continuous');
#16621 = STYLED_ITEM('color',(#16622),#4089);
#16622 = PRESENTATION_STYLE_ASSIGNMENT((#16623,#16628));
#16623 = SURFACE_STYLE_USAGE(.BOTH.,#16624);
#16624 = SURFACE_SIDE_STYLE('',(#16625));
#16625 = SURFACE_STYLE_FILL_AREA(#16626);
#16626 = FILL_AREA_STYLE('',(#16627));
#16627 = FILL_AREA_STYLE_COLOUR('',#16393);
#16628 = CURVE_STYLE('',#16629,POSITIVE_LENGTH_MEASURE(0.1),#16393);
#16629 = DRAUGHTING_PRE_DEFINED_CURVE_FONT('continuous');
#16630 = STYLED_ITEM('color',(#16631),#4122);
#16631 = PRESENTATION_STYLE_ASSIGNMENT((#16632,#16637));
#16632 = SURFACE_STYLE_USAGE(.BOTH.,#16633);
#16633 = SURFACE_SIDE_STYLE('',(#16634));
#16634 = SURFACE_STYLE_FILL_AREA(#16635);
#16635 = FILL_AREA_STYLE('',(#16636));
#16636 = FILL_AREA_STYLE_COLOUR('',#16393);
#16637 = CURVE_STYLE('',#16638,POSITIVE_LENGTH_MEASURE(0.1),#16393);
#16638 = DRAUGHTING_PRE_DEFINED_CURVE_FONT('continuous');
#16639 = STYLED_ITEM('color',(#16640),#4162);
#16640 = PRESENTATION_STYLE_ASSIGNMENT((#16641,#16646));
#16641 = SURFACE_STYLE_USAGE(.BOTH.,#16642);
#16642 = SURFACE_SIDE_STYLE('',(#16643));
#16643 = SURFACE_STYLE_FILL_AREA(#16644);
#16644 = FILL_AREA_STYLE('',(#16645));
#16645 = FILL_AREA_STYLE_COLOUR('',#16393);
#16646 = CURVE_STYLE('',#16647,POSITIVE_LENGTH_MEASURE(0.1),#16393);
#16647 = DRAUGHTING_PRE_DEFINED_CURVE_FONT('continuous');
#16648 = STYLED_ITEM('color',(#16649),#4186);
#16649 = PRESENTATION_STYLE_ASSIGNMENT((#16650,#16655));
#16650 = SURFACE_STYLE_USAGE(.BOTH.,#16651);
#16651 = SURFACE_SIDE_STYLE('',(#16652));
#16652 = SURFACE_STYLE_FILL_AREA(#16653);
#16653 = FILL_AREA_STYLE('',(#16654));
#16654 = FILL_AREA_STYLE_COLOUR('',#16393);
#16655 = CURVE_STYLE('',#16656,POSITIVE_LENGTH_MEASURE(0.1),#16393);
#16656 = DRAUGHTING_PRE_DEFINED_CURVE_FONT('continuous');
#16657 = STYLED_ITEM('color',(#16658),#4219);
#16658 = PRESENTATION_STYLE_ASSIGNMENT((#16659,#16664));
#16659 = SURFACE_STYLE_USAGE(.BOTH.,#16660);
#16660 = SURFACE_SIDE_STYLE('',(#16661));
#16661 = SURFACE_STYLE_FILL_AREA(#16662);
#16662 = FILL_AREA_STYLE('',(#16663));
#16663 = FILL_AREA_STYLE_COLOUR('',#16393);
#16664 = CURVE_STYLE('',#16665,POSITIVE_LENGTH_MEASURE(0.1),#16393);
#16665 = DRAUGHTING_PRE_DEFINED_CURVE_FONT('continuous');
#16666 = STYLED_ITEM('color',(#16667),#4259);
#16667 = PRESENTATION_STYLE_ASSIGNMENT((#16668,#16673));
#16668 = SURFACE_STYLE_USAGE(.BOTH.,#16669);
#16669 = SURFACE_SIDE_STYLE('',(#16670));
#16670 = SURFACE_STYLE_FILL_AREA(#16671);
#16671 = FILL_AREA_STYLE('',(#16672));
#16672 = FILL_AREA_STYLE_COLOUR('',#16393);
#16673 = CURVE_STYLE('',#16674,POSITIVE_LENGTH_MEASURE(0.1),#16393);
#16674 = DRAUGHTING_PRE_DEFINED_CURVE_FONT('continuous');
#16675 = STYLED_ITEM('color',(#16676),#4283);
#16676 = PRESENTATION_STYLE_ASSIGNMENT((#16677,#16682));
#16677 = SURFACE_STYLE_USAGE(.BOTH.,#16678);
#16678 = SURFACE_SIDE_STYLE('',(#16679));
#16679 = SURFACE_STYLE_FILL_AREA(#16680);
#16680 = FILL_AREA_STYLE('',(#16681));
#16681 = FILL_AREA_STYLE_COLOUR('',#16393);
#16682 = CURVE_STYLE('',#16683,POSITIVE_LENGTH_MEASURE(0.1),#16393);
#16683 = DRAUGHTING_PRE_DEFINED_CURVE_FONT('continuous');
#16684 = STYLED_ITEM('color',(#16685),#4316);
#16685 = PRESENTATION_STYLE_ASSIGNMENT((#16686,#16691));
#16686 = SURFACE_STYLE_USAGE(.BOTH.,#16687);
#16687 = SURFACE_SIDE_STYLE('',(#16688));
#16688 = SURFACE_STYLE_FILL_AREA(#16689);
#16689 = FILL_AREA_STYLE('',(#16690));
#16690 = FILL_AREA_STYLE_COLOUR('',#16393);
#16691 = CURVE_STYLE('',#16692,POSITIVE_LENGTH_MEASURE(0.1),#16393);
#16692 = DRAUGHTING_PRE_DEFINED_CURVE_FONT('continuous');
#16693 = STYLED_ITEM('color',(#16694),#4356);
#16694 = PRESENTATION_STYLE_ASSIGNMENT((#16695,#16700));
#16695 = SURFACE_STYLE_USAGE(.BOTH.,#16696);
#16696 = SURFACE_SIDE_STYLE('',(#16697));
#16697 = SURFACE_STYLE_FILL_AREA(#16698);
#16698 = FILL_AREA_STYLE('',(#16699));
#16699 = FILL_AREA_STYLE_COLOUR('',#16393);
#16700 = CURVE_STYLE('',#16701,POSITIVE_LENGTH_MEASURE(0.1),#16393);
#16701 = DRAUGHTING_PRE_DEFINED_CURVE_FONT('continuous');
#16702 = STYLED_ITEM('color',(#16703),#4380);
#16703 = PRESENTATION_STYLE_ASSIGNMENT((#16704,#16709));
#16704 = SURFACE_STYLE_USAGE(.BOTH.,#16705);
#16705 = SURFACE_SIDE_STYLE('',(#16706));
#16706 = SURFACE_STYLE_FILL_AREA(#16707);
#16707 = FILL_AREA_STYLE('',(#16708));
#16708 = FILL_AREA_STYLE_COLOUR('',#16393);
#16709 = CURVE_STYLE('',#16710,POSITIVE_LENGTH_MEASURE(0.1),#16393);
#16710 = DRAUGHTING_PRE_DEFINED_CURVE_FONT('continuous');
#16711 = STYLED_ITEM('color',(#16712),#4413);
#16712 = PRESENTATION_STYLE_ASSIGNMENT((#16713,#16718));
#16713 = SURFACE_STYLE_USAGE(.BOTH.,#16714);
#16714 = SURFACE_SIDE_STYLE('',(#16715));
#16715 = SURFACE_STYLE_FILL_AREA(#16716);
#16716 = FILL_AREA_STYLE('',(#16717));
#16717 = FILL_AREA_STYLE_COLOUR('',#16393);
#16718 = CURVE_STYLE('',#16719,POSITIVE_LENGTH_MEASURE(0.1),#16393);
#16719 = DRAUGHTING_PRE_DEFINED_CURVE_FONT('continuous');
#16720 = STYLED_ITEM('color',(#16721),#4453);
#16721 = PRESENTATION_STYLE_ASSIGNMENT((#16722,#16727));
#16722 = SURFACE_STYLE_USAGE(.BOTH.,#16723);
#16723 = SURFACE_SIDE_STYLE('',(#16724));
#16724 = SURFACE_STYLE_FILL_AREA(#16725);
#16725 = FILL_AREA_STYLE('',(#16726));
#16726 = FILL_AREA_STYLE_COLOUR('',#16393);
#16727 = CURVE_STYLE('',#16728,POSITIVE_LENGTH_MEASURE(0.1),#16393);
#16728 = DRAUGHTING_PRE_DEFINED_CURVE_FONT('continuous');
#16729 = STYLED_ITEM('color',(#16730),#4477);
#16730 = PRESENTATION_STYLE_ASSIGNMENT((#16731,#16736));
#16731 = SURFACE_STYLE_USAGE(.BOTH.,#16732);
#16732 = SURFACE_SIDE_STYLE('',(#16733));
#16733 = SURFACE_STYLE_FILL_AREA(#16734);
#16734 = FILL_AREA_STYLE('',(#16735));
#16735 = FILL_AREA_STYLE_COLOUR('',#16393);
#16736 = CURVE_STYLE('',#16737,POSITIVE_LENGTH_MEASURE(0.1),#16393);
#16737 = DRAUGHTING_PRE_DEFINED_CURVE_FONT('continuous');
#16738 = STYLED_ITEM('color',(#16739),#4510);
#16739 = PRESENTATION_STYLE_ASSIGNMENT((#16740,#16745));
#16740 = SURFACE_STYLE_USAGE(.BOTH.,#16741);
#16741 = SURFACE_SIDE_STYLE('',(#16742));
#16742 = SURFACE_STYLE_FILL_AREA(#16743);
#16743 = FILL_AREA_STYLE('',(#16744));
#16744 = FILL_AREA_STYLE_COLOUR('',#16393);
#16745 = CURVE_STYLE('',#16746,POSITIVE_LENGTH_MEASURE(0.1),#16393);
#16746 = DRAUGHTING_PRE_DEFINED_CURVE_FONT('continuous');
#16747 = STYLED_ITEM('color',(#16748),#4550);
#16748 = PRESENTATION_STYLE_ASSIGNMENT((#16749,#16754));
#16749 = SURFACE_STYLE_USAGE(.BOTH.,#16750);
#16750 = SURFACE_SIDE_STYLE('',(#16751));
#16751 = SURFACE_STYLE_FILL_AREA(#16752);
#16752 = FILL_AREA_STYLE('',(#16753));
#16753 = FILL_AREA_STYLE_COLOUR('',#16393);
#16754 = CURVE_STYLE('',#16755,POSITIVE_LENGTH_MEASURE(0.1),#16393);
#16755 = DRAUGHTING_PRE_DEFINED_CURVE_FONT('continuous');
#16756 = STYLED_ITEM('color',(#16757),#4574);
#16757 = PRESENTATION_STYLE_ASSIGNMENT((#16758,#16763));
#16758 = SURFACE_STYLE_USAGE(.BOTH.,#16759);
#16759 = SURFACE_SIDE_STYLE('',(#16760));
#16760 = SURFACE_STYLE_FILL_AREA(#16761);
#16761 = FILL_AREA_STYLE('',(#16762));
#16762 = FILL_AREA_STYLE_COLOUR('',#16393);
#16763 = CURVE_STYLE('',#16764,POSITIVE_LENGTH_MEASURE(0.1),#16393);
#16764 = DRAUGHTING_PRE_DEFINED_CURVE_FONT('continuous');
#16765 = STYLED_ITEM('color',(#16766),#4607);
#16766 = PRESENTATION_STYLE_ASSIGNMENT((#16767,#16772));
#16767 = SURFACE_STYLE_USAGE(.BOTH.,#16768);
#16768 = SURFACE_SIDE_STYLE('',(#16769));
#16769 = SURFACE_STYLE_FILL_AREA(#16770);
#16770 = FILL_AREA_STYLE('',(#16771));
#16771 = FILL_AREA_STYLE_COLOUR('',#16393);
#16772 = CURVE_STYLE('',#16773,POSITIVE_LENGTH_MEASURE(0.1),#16393);
#16773 = DRAUGHTING_PRE_DEFINED_CURVE_FONT('continuous');
#16774 = STYLED_ITEM('color',(#16775),#4647);
#16775 = PRESENTATION_STYLE_ASSIGNMENT((#16776,#16781));
#16776 = SURFACE_STYLE_USAGE(.BOTH.,#16777);
#16777 = SURFACE_SIDE_STYLE('',(#16778));
#16778 = SURFACE_STYLE_FILL_AREA(#16779);
#16779 = FILL_AREA_STYLE('',(#16780));
#16780 = FILL_AREA_STYLE_COLOUR('',#16393);
#16781 = CURVE_STYLE('',#16782,POSITIVE_LENGTH_MEASURE(0.1),#16393);
#16782 = DRAUGHTING_PRE_DEFINED_CURVE_FONT('continuous');
#16783 = STYLED_ITEM('color',(#16784),#4671);
#16784 = PRESENTATION_STYLE_ASSIGNMENT((#16785,#16790));
#16785 = SURFACE_STYLE_USAGE(.BOTH.,#16786);
#16786 = SURFACE_SIDE_STYLE('',(#16787));
#16787 = SURFACE_STYLE_FILL_AREA(#16788);
#16788 = FILL_AREA_STYLE('',(#16789));
#16789 = FILL_AREA_STYLE_COLOUR('',#16393);
#16790 = CURVE_STYLE('',#16791,POSITIVE_LENGTH_MEASURE(0.1),#16393);
#16791 = DRAUGHTING_PRE_DEFINED_CURVE_FONT('continuous');
#16792 = STYLED_ITEM('color',(#16793),#4704);
#16793 = PRESENTATION_STYLE_ASSIGNMENT((#16794,#16799));
#16794 = SURFACE_STYLE_USAGE(.BOTH.,#16795);
#16795 = SURFACE_SIDE_STYLE('',(#16796));
#16796 = SURFACE_STYLE_FILL_AREA(#16797);
#16797 = FILL_AREA_STYLE('',(#16798));
#16798 = FILL_AREA_STYLE_COLOUR('',#16393);
#16799 = CURVE_STYLE('',#16800,POSITIVE_LENGTH_MEASURE(0.1),#16393);
#16800 = DRAUGHTING_PRE_DEFINED_CURVE_FONT('continuous');
#16801 = STYLED_ITEM('color',(#16802),#4744);
#16802 = PRESENTATION_STYLE_ASSIGNMENT((#16803,#16808));
#16803 = SURFACE_STYLE_USAGE(.BOTH.,#16804);
#16804 = SURFACE_SIDE_STYLE('',(#16805));
#16805 = SURFACE_STYLE_FILL_AREA(#16806);
#16806 = FILL_AREA_STYLE('',(#16807));
#16807 = FILL_AREA_STYLE_COLOUR('',#16393);
#16808 = CURVE_STYLE('',#16809,POSITIVE_LENGTH_MEASURE(0.1),#16393);
#16809 = DRAUGHTING_PRE_DEFINED_CURVE_FONT('continuous');
#16810 = STYLED_ITEM('color',(#16811),#4768);
#16811 = PRESENTATION_STYLE_ASSIGNMENT((#16812,#16817));
#16812 = SURFACE_STYLE_USAGE(.BOTH.,#16813);
#16813 = SURFACE_SIDE_STYLE('',(#16814));
#16814 = SURFACE_STYLE_FILL_AREA(#16815);
#16815 = FILL_AREA_STYLE('',(#16816));
#16816 = FILL_AREA_STYLE_COLOUR('',#16393);
#16817 = CURVE_STYLE('',#16818,POSITIVE_LENGTH_MEASURE(0.1),#16393);
#16818 = DRAUGHTING_PRE_DEFINED_CURVE_FONT('continuous');
#16819 = STYLED_ITEM('color',(#16820),#4801);
#16820 = PRESENTATION_STYLE_ASSIGNMENT((#16821,#16826));
#16821 = SURFACE_STYLE_USAGE(.BOTH.,#16822);
#16822 = SURFACE_SIDE_STYLE('',(#16823));
#16823 = SURFACE_STYLE_FILL_AREA(#16824);
#16824 = FILL_AREA_STYLE('',(#16825));
#16825 = FILL_AREA_STYLE_COLOUR('',#16393);
#16826 = CURVE_STYLE('',#16827,POSITIVE_LENGTH_MEASURE(0.1),#16393);
#16827 = DRAUGHTING_PRE_DEFINED_CURVE_FONT('continuous');
#16828 = STYLED_ITEM('color',(#16829),#4841);
#16829 = PRESENTATION_STYLE_ASSIGNMENT((#16830,#16835));
#16830 = SURFACE_STYLE_USAGE(.BOTH.,#16831);
#16831 = SURFACE_SIDE_STYLE('',(#16832));
#16832 = SURFACE_STYLE_FILL_AREA(#16833);
#16833 = FILL_AREA_STYLE('',(#16834));
#16834 = FILL_AREA_STYLE_COLOUR('',#16393);
#16835 = CURVE_STYLE('',#16836,POSITIVE_LENGTH_MEASURE(0.1),#16393);
#16836 = DRAUGHTING_PRE_DEFINED_CURVE_FONT('continuous');
#16837 = STYLED_ITEM('color',(#16838),#4865);
#16838 = PRESENTATION_STYLE_ASSIGNMENT((#16839,#16844));
#16839 = SURFACE_STYLE_USAGE(.BOTH.,#16840);
#16840 = SURFACE_SIDE_STYLE('',(#16841));
#16841 = SURFACE_STYLE_FILL_AREA(#16842);
#16842 = FILL_AREA_STYLE('',(#16843));
#16843 = FILL_AREA_STYLE_COLOUR('',#16393);
#16844 = CURVE_STYLE('',#16845,POSITIVE_LENGTH_MEASURE(0.1),#16393);
#16845 = DRAUGHTING_PRE_DEFINED_CURVE_FONT('continuous');
#16846 = STYLED_ITEM('color',(#16847),#4898);
#16847 = PRESENTATION_STYLE_ASSIGNMENT((#16848,#16853));
#16848 = SURFACE_STYLE_USAGE(.BOTH.,#16849);
#16849 = SURFACE_SIDE_STYLE('',(#16850));
#16850 = SURFACE_STYLE_FILL_AREA(#16851);
#16851 = FILL_AREA_STYLE('',(#16852));
#16852 = FILL_AREA_STYLE_COLOUR('',#16393);
#16853 = CURVE_STYLE('',#16854,POSITIVE_LENGTH_MEASURE(0.1),#16393);
#16854 = DRAUGHTING_PRE_DEFINED_CURVE_FONT('continuous');
#16855 = STYLED_ITEM('color',(#16856),#4938);
#16856 = PRESENTATION_STYLE_ASSIGNMENT((#16857,#16862));
#16857 = SURFACE_STYLE_USAGE(.BOTH.,#16858);
#16858 = SURFACE_SIDE_STYLE('',(#16859));
#16859 = SURFACE_STYLE_FILL_AREA(#16860);
#16860 = FILL_AREA_STYLE('',(#16861));
#16861 = FILL_AREA_STYLE_COLOUR('',#16393);
#16862 = CURVE_STYLE('',#16863,POSITIVE_LENGTH_MEASURE(0.1),#16393);
#16863 = DRAUGHTING_PRE_DEFINED_CURVE_FONT('continuous');
#16864 = STYLED_ITEM('color',(#16865),#4962);
#16865 = PRESENTATION_STYLE_ASSIGNMENT((#16866,#16871));
#16866 = SURFACE_STYLE_USAGE(.BOTH.,#16867);
#16867 = SURFACE_SIDE_STYLE('',(#16868));
#16868 = SURFACE_STYLE_FILL_AREA(#16869);
#16869 = FILL_AREA_STYLE('',(#16870));
#16870 = FILL_AREA_STYLE_COLOUR('',#16393);
#16871 = CURVE_STYLE('',#16872,POSITIVE_LENGTH_MEASURE(0.1),#16393);
#16872 = DRAUGHTING_PRE_DEFINED_CURVE_FONT('continuous');
#16873 = STYLED_ITEM('color',(#16874),#4995);
#16874 = PRESENTATION_STYLE_ASSIGNMENT((#16875,#16880));
#16875 = SURFACE_STYLE_USAGE(.BOTH.,#16876);
#16876 = SURFACE_SIDE_STYLE('',(#16877));
#16877 = SURFACE_STYLE_FILL_AREA(#16878);
#16878 = FILL_AREA_STYLE('',(#16879));
#16879 = FILL_AREA_STYLE_COLOUR('',#16393);
#16880 = CURVE_STYLE('',#16881,POSITIVE_LENGTH_MEASURE(0.1),#16393);
#16881 = DRAUGHTING_PRE_DEFINED_CURVE_FONT('continuous');
#16882 = STYLED_ITEM('color',(#16883),#5035);
#16883 = PRESENTATION_STYLE_ASSIGNMENT((#16884,#16889));
#16884 = SURFACE_STYLE_USAGE(.BOTH.,#16885);
#16885 = SURFACE_SIDE_STYLE('',(#16886));
#16886 = SURFACE_STYLE_FILL_AREA(#16887);
#16887 = FILL_AREA_STYLE('',(#16888));
#16888 = FILL_AREA_STYLE_COLOUR('',#16393);
#16889 = CURVE_STYLE('',#16890,POSITIVE_LENGTH_MEASURE(0.1),#16393);
#16890 = DRAUGHTING_PRE_DEFINED_CURVE_FONT('continuous');
#16891 = STYLED_ITEM('color',(#16892),#5059);
#16892 = PRESENTATION_STYLE_ASSIGNMENT((#16893,#16898));
#16893 = SURFACE_STYLE_USAGE(.BOTH.,#16894);
#16894 = SURFACE_SIDE_STYLE('',(#16895));
#16895 = SURFACE_STYLE_FILL_AREA(#16896);
#16896 = FILL_AREA_STYLE('',(#16897));
#16897 = FILL_AREA_STYLE_COLOUR('',#16393);
#16898 = CURVE_STYLE('',#16899,POSITIVE_LENGTH_MEASURE(0.1),#16393);
#16899 = DRAUGHTING_PRE_DEFINED_CURVE_FONT('continuous');
#16900 = STYLED_ITEM('color',(#16901),#5092);
#16901 = PRESENTATION_STYLE_ASSIGNMENT((#16902,#16907));
#16902 = SURFACE_STYLE_USAGE(.BOTH.,#16903);
#16903 = SURFACE_SIDE_STYLE('',(#16904));
#16904 = SURFACE_STYLE_FILL_AREA(#16905);
#16905 = FILL_AREA_STYLE('',(#16906));
#16906 = FILL_AREA_STYLE_COLOUR('',#16393);
#16907 = CURVE_STYLE('',#16908,POSITIVE_LENGTH_MEASURE(0.1),#16393);
#16908 = DRAUGHTING_PRE_DEFINED_CURVE_FONT('continuous');
#16909 = STYLED_ITEM('color',(#16910),#5132);
#16910 = PRESENTATION_STYLE_ASSIGNMENT((#16911,#16916));
#16911 = SURFACE_STYLE_USAGE(.BOTH.,#16912);
#16912 = SURFACE_SIDE_STYLE('',(#16913));
#16913 = SURFACE_STYLE_FILL_AREA(#16914);
#16914 = FILL_AREA_STYLE('',(#16915));
#16915 = FILL_AREA_STYLE_COLOUR('',#16393);
#16916 = CURVE_STYLE('',#16917,POSITIVE_LENGTH_MEASURE(0.1),#16393);
#16917 = DRAUGHTING_PRE_DEFINED_CURVE_FONT('continuous');
#16918 = STYLED_ITEM('color',(#16919),#5156);
#16919 = PRESENTATION_STYLE_ASSIGNMENT((#16920,#16925));
#16920 = SURFACE_STYLE_USAGE(.BOTH.,#16921);
#16921 = SURFACE_SIDE_STYLE('',(#16922));
#16922 = SURFACE_STYLE_FILL_AREA(#16923);
#16923 = FILL_AREA_STYLE('',(#16924));
#16924 = FILL_AREA_STYLE_COLOUR('',#16393);
#16925 = CURVE_STYLE('',#16926,POSITIVE_LENGTH_MEASURE(0.1),#16393);
#16926 = DRAUGHTING_PRE_DEFINED_CURVE_FONT('continuous');
#16927 = STYLED_ITEM('color',(#16928),#5189);
#16928 = PRESENTATION_STYLE_ASSIGNMENT((#16929,#16934));
#16929 = SURFACE_STYLE_USAGE(.BOTH.,#16930);
#16930 = SURFACE_SIDE_STYLE('',(#16931));
#16931 = SURFACE_STYLE_FILL_AREA(#16932);
#16932 = FILL_AREA_STYLE('',(#16933));
#16933 = FILL_AREA_STYLE_COLOUR('',#16393);
#16934 = CURVE_STYLE('',#16935,POSITIVE_LENGTH_MEASURE(0.1),#16393);
#16935 = DRAUGHTING_PRE_DEFINED_CURVE_FONT('continuous');
#16936 = STYLED_ITEM('color',(#16937),#5206);
#16937 = PRESENTATION_STYLE_ASSIGNMENT((#16938,#16943));
#16938 = SURFACE_STYLE_USAGE(.BOTH.,#16939);
#16939 = SURFACE_SIDE_STYLE('',(#16940));
#16940 = SURFACE_STYLE_FILL_AREA(#16941);
#16941 = FILL_AREA_STYLE('',(#16942));
#16942 = FILL_AREA_STYLE_COLOUR('',#16393);
#16943 = CURVE_STYLE('',#16944,POSITIVE_LENGTH_MEASURE(0.1),#16393);
#16944 = DRAUGHTING_PRE_DEFINED_CURVE_FONT('continuous');
#16945 = STYLED_ITEM('color',(#16946),#5223);
#16946 = PRESENTATION_STYLE_ASSIGNMENT((#16947,#16952));
#16947 = SURFACE_STYLE_USAGE(.BOTH.,#16948);
#16948 = SURFACE_SIDE_STYLE('',(#16949));
#16949 = SURFACE_STYLE_FILL_AREA(#16950);
#16950 = FILL_AREA_STYLE('',(#16951));
#16951 = FILL_AREA_STYLE_COLOUR('',#16393);
#16952 = CURVE_STYLE('',#16953,POSITIVE_LENGTH_MEASURE(0.1),#16393);
#16953 = DRAUGHTING_PRE_DEFINED_CURVE_FONT('continuous');
#16954 = STYLED_ITEM('color',(#16955),#5240);
#16955 = PRESENTATION_STYLE_ASSIGNMENT((#16956,#16961));
#16956 = SURFACE_STYLE_USAGE(.BOTH.,#16957);
#16957 = SURFACE_SIDE_STYLE('',(#16958));
#16958 = SURFACE_STYLE_FILL_AREA(#16959);
#16959 = FILL_AREA_STYLE('',(#16960));
#16960 = FILL_AREA_STYLE_COLOUR('',#16393);
#16961 = CURVE_STYLE('',#16962,POSITIVE_LENGTH_MEASURE(0.1),#16393);
#16962 = DRAUGHTING_PRE_DEFINED_CURVE_FONT('continuous');
#16963 = STYLED_ITEM('color',(#16964),#5257);
#16964 = PRESENTATION_STYLE_ASSIGNMENT((#16965,#16970));
#16965 = SURFACE_STYLE_USAGE(.BOTH.,#16966);
#16966 = SURFACE_SIDE_STYLE('',(#16967));
#16967 = SURFACE_STYLE_FILL_AREA(#16968);
#16968 = FILL_AREA_STYLE('',(#16969));
#16969 = FILL_AREA_STYLE_COLOUR('',#16393);
#16970 = CURVE_STYLE('',#16971,POSITIVE_LENGTH_MEASURE(0.1),#16393);
#16971 = DRAUGHTING_PRE_DEFINED_CURVE_FONT('continuous');
#16972 = STYLED_ITEM('color',(#16973),#5274);
#16973 = PRESENTATION_STYLE_ASSIGNMENT((#16974,#16979));
#16974 = SURFACE_STYLE_USAGE(.BOTH.,#16975);
#16975 = SURFACE_SIDE_STYLE('',(#16976));
#16976 = SURFACE_STYLE_FILL_AREA(#16977);
#16977 = FILL_AREA_STYLE('',(#16978));
#16978 = FILL_AREA_STYLE_COLOUR('',#16393);
#16979 = CURVE_STYLE('',#16980,POSITIVE_LENGTH_MEASURE(0.1),#16393);
#16980 = DRAUGHTING_PRE_DEFINED_CURVE_FONT('continuous');
#16981 = STYLED_ITEM('color',(#16982),#5291);
#16982 = PRESENTATION_STYLE_ASSIGNMENT((#16983,#16988));
#16983 = SURFACE_STYLE_USAGE(.BOTH.,#16984);
#16984 = SURFACE_SIDE_STYLE('',(#16985));
#16985 = SURFACE_STYLE_FILL_AREA(#16986);
#16986 = FILL_AREA_STYLE('',(#16987));
#16987 = FILL_AREA_STYLE_COLOUR('',#16393);
#16988 = CURVE_STYLE('',#16989,POSITIVE_LENGTH_MEASURE(0.1),#16393);
#16989 = DRAUGHTING_PRE_DEFINED_CURVE_FONT('continuous');
#16990 = STYLED_ITEM('color',(#16991),#5308);
#16991 = PRESENTATION_STYLE_ASSIGNMENT((#16992,#16997));
#16992 = SURFACE_STYLE_USAGE(.BOTH.,#16993);
#16993 = SURFACE_SIDE_STYLE('',(#16994));
#16994 = SURFACE_STYLE_FILL_AREA(#16995);
#16995 = FILL_AREA_STYLE('',(#16996));
#16996 = FILL_AREA_STYLE_COLOUR('',#16393);
#16997 = CURVE_STYLE('',#16998,POSITIVE_LENGTH_MEASURE(0.1),#16393);
#16998 = DRAUGHTING_PRE_DEFINED_CURVE_FONT('continuous');
#16999 = STYLED_ITEM('color',(#17000),#5325);
#17000 = PRESENTATION_STYLE_ASSIGNMENT((#17001,#17006));
#17001 = SURFACE_STYLE_USAGE(.BOTH.,#17002);
#17002 = SURFACE_SIDE_STYLE('',(#17003));
#17003 = SURFACE_STYLE_FILL_AREA(#17004);
#17004 = FILL_AREA_STYLE('',(#17005));
#17005 = FILL_AREA_STYLE_COLOUR('',#16393);
#17006 = CURVE_STYLE('',#17007,POSITIVE_LENGTH_MEASURE(0.1),#16393);
#17007 = DRAUGHTING_PRE_DEFINED_CURVE_FONT('continuous');
#17008 = STYLED_ITEM('color',(#17009),#5342);
#17009 = PRESENTATION_STYLE_ASSIGNMENT((#17010,#17015));
#17010 = SURFACE_STYLE_USAGE(.BOTH.,#17011);
#17011 = SURFACE_SIDE_STYLE('',(#17012));
#17012 = SURFACE_STYLE_FILL_AREA(#17013);
#17013 = FILL_AREA_STYLE('',(#17014));
#17014 = FILL_AREA_STYLE_COLOUR('',#16393);
#17015 = CURVE_STYLE('',#17016,POSITIVE_LENGTH_MEASURE(0.1),#16393);
#17016 = DRAUGHTING_PRE_DEFINED_CURVE_FONT('continuous');
#17017 = STYLED_ITEM('color',(#17018),#5359);
#17018 = PRESENTATION_STYLE_ASSIGNMENT((#17019,#17024));
#17019 = SURFACE_STYLE_USAGE(.BOTH.,#17020);
#17020 = SURFACE_SIDE_STYLE('',(#17021));
#17021 = SURFACE_STYLE_FILL_AREA(#17022);
#17022 = FILL_AREA_STYLE('',(#17023));
#17023 = FILL_AREA_STYLE_COLOUR('',#16393);
#17024 = CURVE_STYLE('',#17025,POSITIVE_LENGTH_MEASURE(0.1),#16393);
#17025 = DRAUGHTING_PRE_DEFINED_CURVE_FONT('continuous');
#17026 = STYLED_ITEM('color',(#17027),#5376);
#17027 = PRESENTATION_STYLE_ASSIGNMENT((#17028,#17033));
#17028 = SURFACE_STYLE_USAGE(.BOTH.,#17029);
#17029 = SURFACE_SIDE_STYLE('',(#17030));
#17030 = SURFACE_STYLE_FILL_AREA(#17031);
#17031 = FILL_AREA_STYLE('',(#17032));
#17032 = FILL_AREA_STYLE_COLOUR('',#16393);
#17033 = CURVE_STYLE('',#17034,POSITIVE_LENGTH_MEASURE(0.1),#16393);
#17034 = DRAUGHTING_PRE_DEFINED_CURVE_FONT('continuous');
#17035 = STYLED_ITEM('color',(#17036),#5393);
#17036 = PRESENTATION_STYLE_ASSIGNMENT((#17037,#17042));
#17037 = SURFACE_STYLE_USAGE(.BOTH.,#17038);
#17038 = SURFACE_SIDE_STYLE('',(#17039));
#17039 = SURFACE_STYLE_FILL_AREA(#17040);
#17040 = FILL_AREA_STYLE('',(#17041));
#17041 = FILL_AREA_STYLE_COLOUR('',#16393);
#17042 = CURVE_STYLE('',#17043,POSITIVE_LENGTH_MEASURE(0.1),#16393);
#17043 = DRAUGHTING_PRE_DEFINED_CURVE_FONT('continuous');
#17044 = STYLED_ITEM('color',(#17045),#5410);
#17045 = PRESENTATION_STYLE_ASSIGNMENT((#17046,#17051));
#17046 = SURFACE_STYLE_USAGE(.BOTH.,#17047);
#17047 = SURFACE_SIDE_STYLE('',(#17048));
#17048 = SURFACE_STYLE_FILL_AREA(#17049);
#17049 = FILL_AREA_STYLE('',(#17050));
#17050 = FILL_AREA_STYLE_COLOUR('',#16393);
#17051 = CURVE_STYLE('',#17052,POSITIVE_LENGTH_MEASURE(0.1),#16393);
#17052 = DRAUGHTING_PRE_DEFINED_CURVE_FONT('continuous');
#17053 = STYLED_ITEM('color',(#17054),#5427);
#17054 = PRESENTATION_STYLE_ASSIGNMENT((#17055,#17060));
#17055 = SURFACE_STYLE_USAGE(.BOTH.,#17056);
#17056 = SURFACE_SIDE_STYLE('',(#17057));
#17057 = SURFACE_STYLE_FILL_AREA(#17058);
#17058 = FILL_AREA_STYLE('',(#17059));
#17059 = FILL_AREA_STYLE_COLOUR('',#16393);
#17060 = CURVE_STYLE('',#17061,POSITIVE_LENGTH_MEASURE(0.1),#16393);
#17061 = DRAUGHTING_PRE_DEFINED_CURVE_FONT('continuous');
#17062 = STYLED_ITEM('color',(#17063),#5444);
#17063 = PRESENTATION_STYLE_ASSIGNMENT((#17064,#17069));
#17064 = SURFACE_STYLE_USAGE(.BOTH.,#17065);
#17065 = SURFACE_SIDE_STYLE('',(#17066));
#17066 = SURFACE_STYLE_FILL_AREA(#17067);
#17067 = FILL_AREA_STYLE('',(#17068));
#17068 = FILL_AREA_STYLE_COLOUR('',#16393);
#17069 = CURVE_STYLE('',#17070,POSITIVE_LENGTH_MEASURE(0.1),#16393);
#17070 = DRAUGHTING_PRE_DEFINED_CURVE_FONT('continuous');
#17071 = STYLED_ITEM('color',(#17072),#5461);
#17072 = PRESENTATION_STYLE_ASSIGNMENT((#17073,#17078));
#17073 = SURFACE_STYLE_USAGE(.BOTH.,#17074);
#17074 = SURFACE_SIDE_STYLE('',(#17075));
#17075 = SURFACE_STYLE_FILL_AREA(#17076);
#17076 = FILL_AREA_STYLE('',(#17077));
#17077 = FILL_AREA_STYLE_COLOUR('',#16393);
#17078 = CURVE_STYLE('',#17079,POSITIVE_LENGTH_MEASURE(0.1),#16393);
#17079 = DRAUGHTING_PRE_DEFINED_CURVE_FONT('continuous');
#17080 = STYLED_ITEM('color',(#17081),#5478);
#17081 = PRESENTATION_STYLE_ASSIGNMENT((#17082,#17087));
#17082 = SURFACE_STYLE_USAGE(.BOTH.,#17083);
#17083 = SURFACE_SIDE_STYLE('',(#17084));
#17084 = SURFACE_STYLE_FILL_AREA(#17085);
#17085 = FILL_AREA_STYLE('',(#17086));
#17086 = FILL_AREA_STYLE_COLOUR('',#16393);
#17087 = CURVE_STYLE('',#17088,POSITIVE_LENGTH_MEASURE(0.1),#16393);
#17088 = DRAUGHTING_PRE_DEFINED_CURVE_FONT('continuous');
#17089 = STYLED_ITEM('color',(#17090),#5495);
#17090 = PRESENTATION_STYLE_ASSIGNMENT((#17091,#17096));
#17091 = SURFACE_STYLE_USAGE(.BOTH.,#17092);
#17092 = SURFACE_SIDE_STYLE('',(#17093));
#17093 = SURFACE_STYLE_FILL_AREA(#17094);
#17094 = FILL_AREA_STYLE('',(#17095));
#17095 = FILL_AREA_STYLE_COLOUR('',#16393);
#17096 = CURVE_STYLE('',#17097,POSITIVE_LENGTH_MEASURE(0.1),#16393);
#17097 = DRAUGHTING_PRE_DEFINED_CURVE_FONT('continuous');
#17098 = STYLED_ITEM('color',(#17099),#5512);
#17099 = PRESENTATION_STYLE_ASSIGNMENT((#17100,#17105));
#17100 = SURFACE_STYLE_USAGE(.BOTH.,#17101);
#17101 = SURFACE_SIDE_STYLE('',(#17102));
#17102 = SURFACE_STYLE_FILL_AREA(#17103);
#17103 = FILL_AREA_STYLE('',(#17104));
#17104 = FILL_AREA_STYLE_COLOUR('',#16393);
#17105 = CURVE_STYLE('',#17106,POSITIVE_LENGTH_MEASURE(0.1),#16393);
#17106 = DRAUGHTING_PRE_DEFINED_CURVE_FONT('continuous');
#17107 = STYLED_ITEM('color',(#17108),#5529);
#17108 = PRESENTATION_STYLE_ASSIGNMENT((#17109,#17114));
#17109 = SURFACE_STYLE_USAGE(.BOTH.,#17110);
#17110 = SURFACE_SIDE_STYLE('',(#17111));
#17111 = SURFACE_STYLE_FILL_AREA(#17112);
#17112 = FILL_AREA_STYLE('',(#17113));
#17113 = FILL_AREA_STYLE_COLOUR('',#16393);
#17114 = CURVE_STYLE('',#17115,POSITIVE_LENGTH_MEASURE(0.1),#16393);
#17115 = DRAUGHTING_PRE_DEFINED_CURVE_FONT('continuous');
#17116 = STYLED_ITEM('color',(#17117),#5560);
#17117 = PRESENTATION_STYLE_ASSIGNMENT((#17118,#17123));
#17118 = SURFACE_STYLE_USAGE(.BOTH.,#17119);
#17119 = SURFACE_SIDE_STYLE('',(#17120));
#17120 = SURFACE_STYLE_FILL_AREA(#17121);
#17121 = FILL_AREA_STYLE('',(#17122));
#17122 = FILL_AREA_STYLE_COLOUR('',#16393);
#17123 = CURVE_STYLE('',#17124,POSITIVE_LENGTH_MEASURE(0.1),#16393);
#17124 = DRAUGHTING_PRE_DEFINED_CURVE_FONT('continuous');
#17125 = STYLED_ITEM('color',(#17126),#5584);
#17126 = PRESENTATION_STYLE_ASSIGNMENT((#17127,#17132));
#17127 = SURFACE_STYLE_USAGE(.BOTH.,#17128);
#17128 = SURFACE_SIDE_STYLE('',(#17129));
#17129 = SURFACE_STYLE_FILL_AREA(#17130);
#17130 = FILL_AREA_STYLE('',(#17131));
#17131 = FILL_AREA_STYLE_COLOUR('',#16393);
#17132 = CURVE_STYLE('',#17133,POSITIVE_LENGTH_MEASURE(0.1),#16393);
#17133 = DRAUGHTING_PRE_DEFINED_CURVE_FONT('continuous');
#17134 = STYLED_ITEM('color',(#17135),#5608);
#17135 = PRESENTATION_STYLE_ASSIGNMENT((#17136,#17141));
#17136 = SURFACE_STYLE_USAGE(.BOTH.,#17137);
#17137 = SURFACE_SIDE_STYLE('',(#17138));
#17138 = SURFACE_STYLE_FILL_AREA(#17139);
#17139 = FILL_AREA_STYLE('',(#17140));
#17140 = FILL_AREA_STYLE_COLOUR('',#16393);
#17141 = CURVE_STYLE('',#17142,POSITIVE_LENGTH_MEASURE(0.1),#16393);
#17142 = DRAUGHTING_PRE_DEFINED_CURVE_FONT('continuous');
#17143 = STYLED_ITEM('color',(#17144),#5632);
#17144 = PRESENTATION_STYLE_ASSIGNMENT((#17145,#17150));
#17145 = SURFACE_STYLE_USAGE(.BOTH.,#17146);
#17146 = SURFACE_SIDE_STYLE('',(#17147));
#17147 = SURFACE_STYLE_FILL_AREA(#17148);
#17148 = FILL_AREA_STYLE('',(#17149));
#17149 = FILL_AREA_STYLE_COLOUR('',#16393);
#17150 = CURVE_STYLE('',#17151,POSITIVE_LENGTH_MEASURE(0.1),#16393);
#17151 = DRAUGHTING_PRE_DEFINED_CURVE_FONT('continuous');
#17152 = STYLED_ITEM('color',(#17153),#5649);
#17153 = PRESENTATION_STYLE_ASSIGNMENT((#17154,#17159));
#17154 = SURFACE_STYLE_USAGE(.BOTH.,#17155);
#17155 = SURFACE_SIDE_STYLE('',(#17156));
#17156 = SURFACE_STYLE_FILL_AREA(#17157);
#17157 = FILL_AREA_STYLE('',(#17158));
#17158 = FILL_AREA_STYLE_COLOUR('',#16393);
#17159 = CURVE_STYLE('',#17160,POSITIVE_LENGTH_MEASURE(0.1),#16393);
#17160 = DRAUGHTING_PRE_DEFINED_CURVE_FONT('continuous');
#17161 = STYLED_ITEM('color',(#17162),#5666);
#17162 = PRESENTATION_STYLE_ASSIGNMENT((#17163,#17168));
#17163 = SURFACE_STYLE_USAGE(.BOTH.,#17164);
#17164 = SURFACE_SIDE_STYLE('',(#17165));
#17165 = SURFACE_STYLE_FILL_AREA(#17166);
#17166 = FILL_AREA_STYLE('',(#17167));
#17167 = FILL_AREA_STYLE_COLOUR('',#16393);
#17168 = CURVE_STYLE('',#17169,POSITIVE_LENGTH_MEASURE(0.1),#16393);
#17169 = DRAUGHTING_PRE_DEFINED_CURVE_FONT('continuous');
#17170 = STYLED_ITEM('color',(#17171),#5678);
#17171 = PRESENTATION_STYLE_ASSIGNMENT((#17172,#17177));
#17172 = SURFACE_STYLE_USAGE(.BOTH.,#17173);
#17173 = SURFACE_SIDE_STYLE('',(#17174));
#17174 = SURFACE_STYLE_FILL_AREA(#17175);
#17175 = FILL_AREA_STYLE('',(#17176));
#17176 = FILL_AREA_STYLE_COLOUR('',#16393);
#17177 = CURVE_STYLE('',#17178,POSITIVE_LENGTH_MEASURE(0.1),#16393);
#17178 = DRAUGHTING_PRE_DEFINED_CURVE_FONT('continuous');
#17179 = STYLED_ITEM('color',(#17180),#5695);
#17180 = PRESENTATION_STYLE_ASSIGNMENT((#17181,#17186));
#17181 = SURFACE_STYLE_USAGE(.BOTH.,#17182);
#17182 = SURFACE_SIDE_STYLE('',(#17183));
#17183 = SURFACE_STYLE_FILL_AREA(#17184);
#17184 = FILL_AREA_STYLE('',(#17185));
#17185 = FILL_AREA_STYLE_COLOUR('',#16393);
#17186 = CURVE_STYLE('',#17187,POSITIVE_LENGTH_MEASURE(0.1),#16393);
#17187 = DRAUGHTING_PRE_DEFINED_CURVE_FONT('continuous');
#17188 = STYLED_ITEM('color',(#17189),#5707);
#17189 = PRESENTATION_STYLE_ASSIGNMENT((#17190,#17195));
#17190 = SURFACE_STYLE_USAGE(.BOTH.,#17191);
#17191 = SURFACE_SIDE_STYLE('',(#17192));
#17192 = SURFACE_STYLE_FILL_AREA(#17193);
#17193 = FILL_AREA_STYLE('',(#17194));
#17194 = FILL_AREA_STYLE_COLOUR('',#16393);
#17195 = CURVE_STYLE('',#17196,POSITIVE_LENGTH_MEASURE(0.1),#16393);
#17196 = DRAUGHTING_PRE_DEFINED_CURVE_FONT('continuous');
#17197 = STYLED_ITEM('color',(#17198),#5724);
#17198 = PRESENTATION_STYLE_ASSIGNMENT((#17199,#17204));
#17199 = SURFACE_STYLE_USAGE(.BOTH.,#17200);
#17200 = SURFACE_SIDE_STYLE('',(#17201));
#17201 = SURFACE_STYLE_FILL_AREA(#17202);
#17202 = FILL_AREA_STYLE('',(#17203));
#17203 = FILL_AREA_STYLE_COLOUR('',#16393);
#17204 = CURVE_STYLE('',#17205,POSITIVE_LENGTH_MEASURE(0.1),#16393);
#17205 = DRAUGHTING_PRE_DEFINED_CURVE_FONT('continuous');
#17206 = STYLED_ITEM('color',(#17207),#5736);
#17207 = PRESENTATION_STYLE_ASSIGNMENT((#17208,#17213));
#17208 = SURFACE_STYLE_USAGE(.BOTH.,#17209);
#17209 = SURFACE_SIDE_STYLE('',(#17210));
#17210 = SURFACE_STYLE_FILL_AREA(#17211);
#17211 = FILL_AREA_STYLE('',(#17212));
#17212 = FILL_AREA_STYLE_COLOUR('',#16393);
#17213 = CURVE_STYLE('',#17214,POSITIVE_LENGTH_MEASURE(0.1),#16393);
#17214 = DRAUGHTING_PRE_DEFINED_CURVE_FONT('continuous');
#17215 = STYLED_ITEM('color',(#17216),#5753);
#17216 = PRESENTATION_STYLE_ASSIGNMENT((#17217,#17222));
#17217 = SURFACE_STYLE_USAGE(.BOTH.,#17218);
#17218 = SURFACE_SIDE_STYLE('',(#17219));
#17219 = SURFACE_STYLE_FILL_AREA(#17220);
#17220 = FILL_AREA_STYLE('',(#17221));
#17221 = FILL_AREA_STYLE_COLOUR('',#16393);
#17222 = CURVE_STYLE('',#17223,POSITIVE_LENGTH_MEASURE(0.1),#16393);
#17223 = DRAUGHTING_PRE_DEFINED_CURVE_FONT('continuous');
#17224 = STYLED_ITEM('color',(#17225),#5765);
#17225 = PRESENTATION_STYLE_ASSIGNMENT((#17226,#17231));
#17226 = SURFACE_STYLE_USAGE(.BOTH.,#17227);
#17227 = SURFACE_SIDE_STYLE('',(#17228));
#17228 = SURFACE_STYLE_FILL_AREA(#17229);
#17229 = FILL_AREA_STYLE('',(#17230));
#17230 = FILL_AREA_STYLE_COLOUR('',#16393);
#17231 = CURVE_STYLE('',#17232,POSITIVE_LENGTH_MEASURE(0.1),#16393);
#17232 = DRAUGHTING_PRE_DEFINED_CURVE_FONT('continuous');
#17233 = STYLED_ITEM('color',(#17234),#5782);
#17234 = PRESENTATION_STYLE_ASSIGNMENT((#17235,#17240));
#17235 = SURFACE_STYLE_USAGE(.BOTH.,#17236);
#17236 = SURFACE_SIDE_STYLE('',(#17237));
#17237 = SURFACE_STYLE_FILL_AREA(#17238);
#17238 = FILL_AREA_STYLE('',(#17239));
#17239 = FILL_AREA_STYLE_COLOUR('',#16393);
#17240 = CURVE_STYLE('',#17241,POSITIVE_LENGTH_MEASURE(0.1),#16393);
#17241 = DRAUGHTING_PRE_DEFINED_CURVE_FONT('continuous');
#17242 = STYLED_ITEM('color',(#17243),#5794);
#17243 = PRESENTATION_STYLE_ASSIGNMENT((#17244,#17249));
#17244 = SURFACE_STYLE_USAGE(.BOTH.,#17245);
#17245 = SURFACE_SIDE_STYLE('',(#17246));
#17246 = SURFACE_STYLE_FILL_AREA(#17247);
#17247 = FILL_AREA_STYLE('',(#17248));
#17248 = FILL_AREA_STYLE_COLOUR('',#16393);
#17249 = CURVE_STYLE('',#17250,POSITIVE_LENGTH_MEASURE(0.1),#16393);
#17250 = DRAUGHTING_PRE_DEFINED_CURVE_FONT('continuous');
#17251 = STYLED_ITEM('color',(#17252),#5811);
#17252 = PRESENTATION_STYLE_ASSIGNMENT((#17253,#17258));
#17253 = SURFACE_STYLE_USAGE(.BOTH.,#17254);
#17254 = SURFACE_SIDE_STYLE('',(#17255));
#17255 = SURFACE_STYLE_FILL_AREA(#17256);
#17256 = FILL_AREA_STYLE('',(#17257));
#17257 = FILL_AREA_STYLE_COLOUR('',#16393);
#17258 = CURVE_STYLE('',#17259,POSITIVE_LENGTH_MEASURE(0.1),#16393);
#17259 = DRAUGHTING_PRE_DEFINED_CURVE_FONT('continuous');
#17260 = STYLED_ITEM('color',(#17261),#5823);
#17261 = PRESENTATION_STYLE_ASSIGNMENT((#17262,#17267));
#17262 = SURFACE_STYLE_USAGE(.BOTH.,#17263);
#17263 = SURFACE_SIDE_STYLE('',(#17264));
#17264 = SURFACE_STYLE_FILL_AREA(#17265);
#17265 = FILL_AREA_STYLE('',(#17266));
#17266 = FILL_AREA_STYLE_COLOUR('',#16393);
#17267 = CURVE_STYLE('',#17268,POSITIVE_LENGTH_MEASURE(0.1),#16393);
#17268 = DRAUGHTING_PRE_DEFINED_CURVE_FONT('continuous');
#17269 = STYLED_ITEM('color',(#17270),#5840);
#17270 = PRESENTATION_STYLE_ASSIGNMENT((#17271,#17276));
#17271 = SURFACE_STYLE_USAGE(.BOTH.,#17272);
#17272 = SURFACE_SIDE_STYLE('',(#17273));
#17273 = SURFACE_STYLE_FILL_AREA(#17274);
#17274 = FILL_AREA_STYLE('',(#17275));
#17275 = FILL_AREA_STYLE_COLOUR('',#16393);
#17276 = CURVE_STYLE('',#17277,POSITIVE_LENGTH_MEASURE(0.1),#16393);
#17277 = DRAUGHTING_PRE_DEFINED_CURVE_FONT('continuous');
#17278 = STYLED_ITEM('color',(#17279),#5852);
#17279 = PRESENTATION_STYLE_ASSIGNMENT((#17280,#17285));
#17280 = SURFACE_STYLE_USAGE(.BOTH.,#17281);
#17281 = SURFACE_SIDE_STYLE('',(#17282));
#17282 = SURFACE_STYLE_FILL_AREA(#17283);
#17283 = FILL_AREA_STYLE('',(#17284));
#17284 = FILL_AREA_STYLE_COLOUR('',#16393);
#17285 = CURVE_STYLE('',#17286,POSITIVE_LENGTH_MEASURE(0.1),#16393);
#17286 = DRAUGHTING_PRE_DEFINED_CURVE_FONT('continuous');
#17287 = STYLED_ITEM('color',(#17288),#5869);
#17288 = PRESENTATION_STYLE_ASSIGNMENT((#17289,#17294));
#17289 = SURFACE_STYLE_USAGE(.BOTH.,#17290);
#17290 = SURFACE_SIDE_STYLE('',(#17291));
#17291 = SURFACE_STYLE_FILL_AREA(#17292);
#17292 = FILL_AREA_STYLE('',(#17293));
#17293 = FILL_AREA_STYLE_COLOUR('',#16393);
#17294 = CURVE_STYLE('',#17295,POSITIVE_LENGTH_MEASURE(0.1),#16393);
#17295 = DRAUGHTING_PRE_DEFINED_CURVE_FONT('continuous');
#17296 = STYLED_ITEM('color',(#17297),#5881);
#17297 = PRESENTATION_STYLE_ASSIGNMENT((#17298,#17303));
#17298 = SURFACE_STYLE_USAGE(.BOTH.,#17299);
#17299 = SURFACE_SIDE_STYLE('',(#17300));
#17300 = SURFACE_STYLE_FILL_AREA(#17301);
#17301 = FILL_AREA_STYLE('',(#17302));
#17302 = FILL_AREA_STYLE_COLOUR('',#16393);
#17303 = CURVE_STYLE('',#17304,POSITIVE_LENGTH_MEASURE(0.1),#16393);
#17304 = DRAUGHTING_PRE_DEFINED_CURVE_FONT('continuous');
#17305 = STYLED_ITEM('color',(#17306),#5898);
#17306 = PRESENTATION_STYLE_ASSIGNMENT((#17307,#17312));
#17307 = SURFACE_STYLE_USAGE(.BOTH.,#17308);
#17308 = SURFACE_SIDE_STYLE('',(#17309));
#17309 = SURFACE_STYLE_FILL_AREA(#17310);
#17310 = FILL_AREA_STYLE('',(#17311));
#17311 = FILL_AREA_STYLE_COLOUR('',#16393);
#17312 = CURVE_STYLE('',#17313,POSITIVE_LENGTH_MEASURE(0.1),#16393);
#17313 = DRAUGHTING_PRE_DEFINED_CURVE_FONT('continuous');
#17314 = STYLED_ITEM('color',(#17315),#5910);
#17315 = PRESENTATION_STYLE_ASSIGNMENT((#17316,#17321));
#17316 = SURFACE_STYLE_USAGE(.BOTH.,#17317);
#17317 = SURFACE_SIDE_STYLE('',(#17318));
#17318 = SURFACE_STYLE_FILL_AREA(#17319);
#17319 = FILL_AREA_STYLE('',(#17320));
#17320 = FILL_AREA_STYLE_COLOUR('',#16393);
#17321 = CURVE_STYLE('',#17322,POSITIVE_LENGTH_MEASURE(0.1),#16393);
#17322 = DRAUGHTING_PRE_DEFINED_CURVE_FONT('continuous');
#17323 = STYLED_ITEM('color',(#17324),#5927);
#17324 = PRESENTATION_STYLE_ASSIGNMENT((#17325,#17330));
#17325 = SURFACE_STYLE_USAGE(.BOTH.,#17326);
#17326 = SURFACE_SIDE_STYLE('',(#17327));
#17327 = SURFACE_STYLE_FILL_AREA(#17328);
#17328 = FILL_AREA_STYLE('',(#17329));
#17329 = FILL_AREA_STYLE_COLOUR('',#16393);
#17330 = CURVE_STYLE('',#17331,POSITIVE_LENGTH_MEASURE(0.1),#16393);
#17331 = DRAUGHTING_PRE_DEFINED_CURVE_FONT('continuous');
#17332 = STYLED_ITEM('color',(#17333),#5939);
#17333 = PRESENTATION_STYLE_ASSIGNMENT((#17334,#17339));
#17334 = SURFACE_STYLE_USAGE(.BOTH.,#17335);
#17335 = SURFACE_SIDE_STYLE('',(#17336));
#17336 = SURFACE_STYLE_FILL_AREA(#17337);
#17337 = FILL_AREA_STYLE('',(#17338));
#17338 = FILL_AREA_STYLE_COLOUR('',#16393);
#17339 = CURVE_STYLE('',#17340,POSITIVE_LENGTH_MEASURE(0.1),#16393);
#17340 = DRAUGHTING_PRE_DEFINED_CURVE_FONT('continuous');
#17341 = STYLED_ITEM('color',(#17342),#5956);
#17342 = PRESENTATION_STYLE_ASSIGNMENT((#17343,#17348));
#17343 = SURFACE_STYLE_USAGE(.BOTH.,#17344);
#17344 = SURFACE_SIDE_STYLE('',(#17345));
#17345 = SURFACE_STYLE_FILL_AREA(#17346);
#17346 = FILL_AREA_STYLE('',(#17347));
#17347 = FILL_AREA_STYLE_COLOUR('',#16393);
#17348 = CURVE_STYLE('',#17349,POSITIVE_LENGTH_MEASURE(0.1),#16393);
#17349 = DRAUGHTING_PRE_DEFINED_CURVE_FONT('continuous');
#17350 = STYLED_ITEM('color',(#17351),#5968);
#17351 = PRESENTATION_STYLE_ASSIGNMENT((#17352,#17357));
#17352 = SURFACE_STYLE_USAGE(.BOTH.,#17353);
#17353 = SURFACE_SIDE_STYLE('',(#17354));
#17354 = SURFACE_STYLE_FILL_AREA(#17355);
#17355 = FILL_AREA_STYLE('',(#17356));
#17356 = FILL_AREA_STYLE_COLOUR('',#16393);
#17357 = CURVE_STYLE('',#17358,POSITIVE_LENGTH_MEASURE(0.1),#16393);
#17358 = DRAUGHTING_PRE_DEFINED_CURVE_FONT('continuous');
#17359 = STYLED_ITEM('color',(#17360),#5985);
#17360 = PRESENTATION_STYLE_ASSIGNMENT((#17361,#17366));
#17361 = SURFACE_STYLE_USAGE(.BOTH.,#17362);
#17362 = SURFACE_SIDE_STYLE('',(#17363));
#17363 = SURFACE_STYLE_FILL_AREA(#17364);
#17364 = FILL_AREA_STYLE('',(#17365));
#17365 = FILL_AREA_STYLE_COLOUR('',#16393);
#17366 = CURVE_STYLE('',#17367,POSITIVE_LENGTH_MEASURE(0.1),#16393);
#17367 = DRAUGHTING_PRE_DEFINED_CURVE_FONT('continuous');
#17368 = STYLED_ITEM('color',(#17369),#5997);
#17369 = PRESENTATION_STYLE_ASSIGNMENT((#17370,#17375));
#17370 = SURFACE_STYLE_USAGE(.BOTH.,#17371);
#17371 = SURFACE_SIDE_STYLE('',(#17372));
#17372 = SURFACE_STYLE_FILL_AREA(#17373);
#17373 = FILL_AREA_STYLE('',(#17374));
#17374 = FILL_AREA_STYLE_COLOUR('',#16393);
#17375 = CURVE_STYLE('',#17376,POSITIVE_LENGTH_MEASURE(0.1),#16393);
#17376 = DRAUGHTING_PRE_DEFINED_CURVE_FONT('continuous');
#17377 = STYLED_ITEM('color',(#17378),#6014);
#17378 = PRESENTATION_STYLE_ASSIGNMENT((#17379,#17384));
#17379 = SURFACE_STYLE_USAGE(.BOTH.,#17380);
#17380 = SURFACE_SIDE_STYLE('',(#17381));
#17381 = SURFACE_STYLE_FILL_AREA(#17382);
#17382 = FILL_AREA_STYLE('',(#17383));
#17383 = FILL_AREA_STYLE_COLOUR('',#16393);
#17384 = CURVE_STYLE('',#17385,POSITIVE_LENGTH_MEASURE(0.1),#16393);
#17385 = DRAUGHTING_PRE_DEFINED_CURVE_FONT('continuous');
#17386 = STYLED_ITEM('color',(#17387),#6026);
#17387 = PRESENTATION_STYLE_ASSIGNMENT((#17388,#17393));
#17388 = SURFACE_STYLE_USAGE(.BOTH.,#17389);
#17389 = SURFACE_SIDE_STYLE('',(#17390));
#17390 = SURFACE_STYLE_FILL_AREA(#17391);
#17391 = FILL_AREA_STYLE('',(#17392));
#17392 = FILL_AREA_STYLE_COLOUR('',#16393);
#17393 = CURVE_STYLE('',#17394,POSITIVE_LENGTH_MEASURE(0.1),#16393);
#17394 = DRAUGHTING_PRE_DEFINED_CURVE_FONT('continuous');
#17395 = STYLED_ITEM('color',(#17396),#6043);
#17396 = PRESENTATION_STYLE_ASSIGNMENT((#17397,#17402));
#17397 = SURFACE_STYLE_USAGE(.BOTH.,#17398);
#17398 = SURFACE_SIDE_STYLE('',(#17399));
#17399 = SURFACE_STYLE_FILL_AREA(#17400);
#17400 = FILL_AREA_STYLE('',(#17401));
#17401 = FILL_AREA_STYLE_COLOUR('',#16393);
#17402 = CURVE_STYLE('',#17403,POSITIVE_LENGTH_MEASURE(0.1),#16393);
#17403 = DRAUGHTING_PRE_DEFINED_CURVE_FONT('continuous');
#17404 = STYLED_ITEM('color',(#17405),#6055);
#17405 = PRESENTATION_STYLE_ASSIGNMENT((#17406,#17411));
#17406 = SURFACE_STYLE_USAGE(.BOTH.,#17407);
#17407 = SURFACE_SIDE_STYLE('',(#17408));
#17408 = SURFACE_STYLE_FILL_AREA(#17409);
#17409 = FILL_AREA_STYLE('',(#17410));
#17410 = FILL_AREA_STYLE_COLOUR('',#16393);
#17411 = CURVE_STYLE('',#17412,POSITIVE_LENGTH_MEASURE(0.1),#16393);
#17412 = DRAUGHTING_PRE_DEFINED_CURVE_FONT('continuous');
#17413 = STYLED_ITEM('color',(#17414),#6072);
#17414 = PRESENTATION_STYLE_ASSIGNMENT((#17415,#17420));
#17415 = SURFACE_STYLE_USAGE(.BOTH.,#17416);
#17416 = SURFACE_SIDE_STYLE('',(#17417));
#17417 = SURFACE_STYLE_FILL_AREA(#17418);
#17418 = FILL_AREA_STYLE('',(#17419));
#17419 = FILL_AREA_STYLE_COLOUR('',#16393);
#17420 = CURVE_STYLE('',#17421,POSITIVE_LENGTH_MEASURE(0.1),#16393);
#17421 = DRAUGHTING_PRE_DEFINED_CURVE_FONT('continuous');
#17422 = STYLED_ITEM('color',(#17423),#6084);
#17423 = PRESENTATION_STYLE_ASSIGNMENT((#17424,#17429));
#17424 = SURFACE_STYLE_USAGE(.BOTH.,#17425);
#17425 = SURFACE_SIDE_STYLE('',(#17426));
#17426 = SURFACE_STYLE_FILL_AREA(#17427);
#17427 = FILL_AREA_STYLE('',(#17428));
#17428 = FILL_AREA_STYLE_COLOUR('',#16393);
#17429 = CURVE_STYLE('',#17430,POSITIVE_LENGTH_MEASURE(0.1),#16393);
#17430 = DRAUGHTING_PRE_DEFINED_CURVE_FONT('continuous');
#17431 = STYLED_ITEM('color',(#17432),#6101);
#17432 = PRESENTATION_STYLE_ASSIGNMENT((#17433,#17438));
#17433 = SURFACE_STYLE_USAGE(.BOTH.,#17434);
#17434 = SURFACE_SIDE_STYLE('',(#17435));
#17435 = SURFACE_STYLE_FILL_AREA(#17436);
#17436 = FILL_AREA_STYLE('',(#17437));
#17437 = FILL_AREA_STYLE_COLOUR('',#16393);
#17438 = CURVE_STYLE('',#17439,POSITIVE_LENGTH_MEASURE(0.1),#16393);
#17439 = DRAUGHTING_PRE_DEFINED_CURVE_FONT('continuous');
#17440 = STYLED_ITEM('color',(#17441),#6113);
#17441 = PRESENTATION_STYLE_ASSIGNMENT((#17442,#17447));
#17442 = SURFACE_STYLE_USAGE(.BOTH.,#17443);
#17443 = SURFACE_SIDE_STYLE('',(#17444));
#17444 = SURFACE_STYLE_FILL_AREA(#17445);
#17445 = FILL_AREA_STYLE('',(#17446));
#17446 = FILL_AREA_STYLE_COLOUR('',#16393);
#17447 = CURVE_STYLE('',#17448,POSITIVE_LENGTH_MEASURE(0.1),#16393);
#17448 = DRAUGHTING_PRE_DEFINED_CURVE_FONT('continuous');
#17449 = STYLED_ITEM('color',(#17450),#6130);
#17450 = PRESENTATION_STYLE_ASSIGNMENT((#17451,#17456));
#17451 = SURFACE_STYLE_USAGE(.BOTH.,#17452);
#17452 = SURFACE_SIDE_STYLE('',(#17453));
#17453 = SURFACE_STYLE_FILL_AREA(#17454);
#17454 = FILL_AREA_STYLE('',(#17455));
#17455 = FILL_AREA_STYLE_COLOUR('',#16393);
#17456 = CURVE_STYLE('',#17457,POSITIVE_LENGTH_MEASURE(0.1),#16393);
#17457 = DRAUGHTING_PRE_DEFINED_CURVE_FONT('continuous');
#17458 = STYLED_ITEM('color',(#17459),#6142);
#17459 = PRESENTATION_STYLE_ASSIGNMENT((#17460,#17465));
#17460 = SURFACE_STYLE_USAGE(.BOTH.,#17461);
#17461 = SURFACE_SIDE_STYLE('',(#17462));
#17462 = SURFACE_STYLE_FILL_AREA(#17463);
#17463 = FILL_AREA_STYLE('',(#17464));
#17464 = FILL_AREA_STYLE_COLOUR('',#16393);
#17465 = CURVE_STYLE('',#17466,POSITIVE_LENGTH_MEASURE(0.1),#16393);
#17466 = DRAUGHTING_PRE_DEFINED_CURVE_FONT('continuous');
#17467 = STYLED_ITEM('color',(#17468),#6159);
#17468 = PRESENTATION_STYLE_ASSIGNMENT((#17469,#17474));
#17469 = SURFACE_STYLE_USAGE(.BOTH.,#17470);
#17470 = SURFACE_SIDE_STYLE('',(#17471));
#17471 = SURFACE_STYLE_FILL_AREA(#17472);
#17472 = FILL_AREA_STYLE('',(#17473));
#17473 = FILL_AREA_STYLE_COLOUR('',#16393);
#17474 = CURVE_STYLE('',#17475,POSITIVE_LENGTH_MEASURE(0.1),#16393);
#17475 = DRAUGHTING_PRE_DEFINED_CURVE_FONT('continuous');
#17476 = STYLED_ITEM('color',(#17477),#6171);
#17477 = PRESENTATION_STYLE_ASSIGNMENT((#17478,#17483));
#17478 = SURFACE_STYLE_USAGE(.BOTH.,#17479);
#17479 = SURFACE_SIDE_STYLE('',(#17480));
#17480 = SURFACE_STYLE_FILL_AREA(#17481);
#17481 = FILL_AREA_STYLE('',(#17482));
#17482 = FILL_AREA_STYLE_COLOUR('',#16393);
#17483 = CURVE_STYLE('',#17484,POSITIVE_LENGTH_MEASURE(0.1),#16393);
#17484 = DRAUGHTING_PRE_DEFINED_CURVE_FONT('continuous');
#17485 = STYLED_ITEM('color',(#17486),#6188);
#17486 = PRESENTATION_STYLE_ASSIGNMENT((#17487,#17492));
#17487 = SURFACE_STYLE_USAGE(.BOTH.,#17488);
#17488 = SURFACE_SIDE_STYLE('',(#17489));
#17489 = SURFACE_STYLE_FILL_AREA(#17490);
#17490 = FILL_AREA_STYLE('',(#17491));
#17491 = FILL_AREA_STYLE_COLOUR('',#16393);
#17492 = CURVE_STYLE('',#17493,POSITIVE_LENGTH_MEASURE(0.1),#16393);
#17493 = DRAUGHTING_PRE_DEFINED_CURVE_FONT('continuous');
#17494 = STYLED_ITEM('color',(#17495),#6200);
#17495 = PRESENTATION_STYLE_ASSIGNMENT((#17496,#17501));
#17496 = SURFACE_STYLE_USAGE(.BOTH.,#17497);
#17497 = SURFACE_SIDE_STYLE('',(#17498));
#17498 = SURFACE_STYLE_FILL_AREA(#17499);
#17499 = FILL_AREA_STYLE('',(#17500));
#17500 = FILL_AREA_STYLE_COLOUR('',#16393);
#17501 = CURVE_STYLE('',#17502,POSITIVE_LENGTH_MEASURE(0.1),#16393);
#17502 = DRAUGHTING_PRE_DEFINED_CURVE_FONT('continuous');
#17503 = STYLED_ITEM('color',(#17504),#6217);
#17504 = PRESENTATION_STYLE_ASSIGNMENT((#17505,#17510));
#17505 = SURFACE_STYLE_USAGE(.BOTH.,#17506);
#17506 = SURFACE_SIDE_STYLE('',(#17507));
#17507 = SURFACE_STYLE_FILL_AREA(#17508);
#17508 = FILL_AREA_STYLE('',(#17509));
#17509 = FILL_AREA_STYLE_COLOUR('',#16393);
#17510 = CURVE_STYLE('',#17511,POSITIVE_LENGTH_MEASURE(0.1),#16393);
#17511 = DRAUGHTING_PRE_DEFINED_CURVE_FONT('continuous');
#17512 = STYLED_ITEM('color',(#17513),#6229);
#17513 = PRESENTATION_STYLE_ASSIGNMENT((#17514,#17519));
#17514 = SURFACE_STYLE_USAGE(.BOTH.,#17515);
#17515 = SURFACE_SIDE_STYLE('',(#17516));
#17516 = SURFACE_STYLE_FILL_AREA(#17517);
#17517 = FILL_AREA_STYLE('',(#17518));
#17518 = FILL_AREA_STYLE_COLOUR('',#16393);
#17519 = CURVE_STYLE('',#17520,POSITIVE_LENGTH_MEASURE(0.1),#16393);
#17520 = DRAUGHTING_PRE_DEFINED_CURVE_FONT('continuous');
#17521 = MECHANICAL_DESIGN_GEOMETRIC_PRESENTATION_REPRESENTATION('',(
    #17522,#17529,#17536,#17543,#17550,#17557,#17564,#17571,#17579,
    #17586,#17593,#17600,#17607,#17614,#17622,#17629,#17636,#17643,
    #17650,#17657,#17664,#17671,#17678,#17685,#17692,#17699),#1855);
#17522 = STYLED_ITEM('color',(#17523),#1067);
#17523 = PRESENTATION_STYLE_ASSIGNMENT((#17524));
#17524 = SURFACE_STYLE_USAGE(.BOTH.,#17525);
#17525 = SURFACE_SIDE_STYLE('',(#17526));
#17526 = SURFACE_STYLE_FILL_AREA(#17527);
#17527 = FILL_AREA_STYLE('',(#17528));
#17528 = FILL_AREA_STYLE_COLOUR('',#16393);
#17529 = STYLED_ITEM('color',(#17530),#1107);
#17530 = PRESENTATION_STYLE_ASSIGNMENT((#17531));
#17531 = SURFACE_STYLE_USAGE(.BOTH.,#17532);
#17532 = SURFACE_SIDE_STYLE('',(#17533));
#17533 = SURFACE_STYLE_FILL_AREA(#17534);
#17534 = FILL_AREA_STYLE('',(#17535));
#17535 = FILL_AREA_STYLE_COLOUR('',#16393);
#17536 = STYLED_ITEM('color',(#17537),#1190);
#17537 = PRESENTATION_STYLE_ASSIGNMENT((#17538));
#17538 = SURFACE_STYLE_USAGE(.BOTH.,#17539);
#17539 = SURFACE_SIDE_STYLE('',(#17540));
#17540 = SURFACE_STYLE_FILL_AREA(#17541);
#17541 = FILL_AREA_STYLE('',(#17542));
#17542 = FILL_AREA_STYLE_COLOUR('',#16393);
#17543 = STYLED_ITEM('color',(#17544),#1215);
#17544 = PRESENTATION_STYLE_ASSIGNMENT((#17545));
#17545 = SURFACE_STYLE_USAGE(.BOTH.,#17546);
#17546 = SURFACE_SIDE_STYLE('',(#17547));
#17547 = SURFACE_STYLE_FILL_AREA(#17548);
#17548 = FILL_AREA_STYLE('',(#17549));
#17549 = FILL_AREA_STYLE_COLOUR('',#16393);
#17550 = STYLED_ITEM('color',(#17551),#1240);
#17551 = PRESENTATION_STYLE_ASSIGNMENT((#17552));
#17552 = SURFACE_STYLE_USAGE(.BOTH.,#17553);
#17553 = SURFACE_SIDE_STYLE('',(#17554));
#17554 = SURFACE_STYLE_FILL_AREA(#17555);
#17555 = FILL_AREA_STYLE('',(#17556));
#17556 = FILL_AREA_STYLE_COLOUR('',#16393);
#17557 = STYLED_ITEM('color',(#17558),#1307);
#17558 = PRESENTATION_STYLE_ASSIGNMENT((#17559));
#17559 = SURFACE_STYLE_USAGE(.BOTH.,#17560);
#17560 = SURFACE_SIDE_STYLE('',(#17561));
#17561 = SURFACE_STYLE_FILL_AREA(#17562);
#17562 = FILL_AREA_STYLE('',(#17563));
#17563 = FILL_AREA_STYLE_COLOUR('',#16393);
#17564 = STYLED_ITEM('color',(#17565),#1324);
#17565 = PRESENTATION_STYLE_ASSIGNMENT((#17566));
#17566 = SURFACE_STYLE_USAGE(.BOTH.,#17567);
#17567 = SURFACE_SIDE_STYLE('',(#17568));
#17568 = SURFACE_STYLE_FILL_AREA(#17569);
#17569 = FILL_AREA_STYLE('',(#17570));
#17570 = FILL_AREA_STYLE_COLOUR('',#16393);
#17571 = STYLED_ITEM('color',(#17572),#1341);
#17572 = PRESENTATION_STYLE_ASSIGNMENT((#17573));
#17573 = SURFACE_STYLE_USAGE(.BOTH.,#17574);
#17574 = SURFACE_SIDE_STYLE('',(#17575));
#17575 = SURFACE_STYLE_FILL_AREA(#17576);
#17576 = FILL_AREA_STYLE('',(#17577));
#17577 = FILL_AREA_STYLE_COLOUR('',#17578);
#17578 = COLOUR_RGB('',0.894999966383,0.890999961016,0.813000030345);
#17579 = STYLED_ITEM('color',(#17580),#1390);
#17580 = PRESENTATION_STYLE_ASSIGNMENT((#17581));
#17581 = SURFACE_STYLE_USAGE(.BOTH.,#17582);
#17582 = SURFACE_SIDE_STYLE('',(#17583));
#17583 = SURFACE_STYLE_FILL_AREA(#17584);
#17584 = FILL_AREA_STYLE('',(#17585));
#17585 = FILL_AREA_STYLE_COLOUR('',#16393);
#17586 = STYLED_ITEM('color',(#17587),#1407);
#17587 = PRESENTATION_STYLE_ASSIGNMENT((#17588));
#17588 = SURFACE_STYLE_USAGE(.BOTH.,#17589);
#17589 = SURFACE_SIDE_STYLE('',(#17590));
#17590 = SURFACE_STYLE_FILL_AREA(#17591);
#17591 = FILL_AREA_STYLE('',(#17592));
#17592 = FILL_AREA_STYLE_COLOUR('',#16393);
#17593 = STYLED_ITEM('color',(#17594),#1424);
#17594 = PRESENTATION_STYLE_ASSIGNMENT((#17595));
#17595 = SURFACE_STYLE_USAGE(.BOTH.,#17596);
#17596 = SURFACE_SIDE_STYLE('',(#17597));
#17597 = SURFACE_STYLE_FILL_AREA(#17598);
#17598 = FILL_AREA_STYLE('',(#17599));
#17599 = FILL_AREA_STYLE_COLOUR('',#17578);
#17600 = STYLED_ITEM('color',(#17601),#1473);
#17601 = PRESENTATION_STYLE_ASSIGNMENT((#17602));
#17602 = SURFACE_STYLE_USAGE(.BOTH.,#17603);
#17603 = SURFACE_SIDE_STYLE('',(#17604));
#17604 = SURFACE_STYLE_FILL_AREA(#17605);
#17605 = FILL_AREA_STYLE('',(#17606));
#17606 = FILL_AREA_STYLE_COLOUR('',#17578);
#17607 = STYLED_ITEM('color',(#17608),#1490);
#17608 = PRESENTATION_STYLE_ASSIGNMENT((#17609));
#17609 = SURFACE_STYLE_USAGE(.BOTH.,#17610);
#17610 = SURFACE_SIDE_STYLE('',(#17611));
#17611 = SURFACE_STYLE_FILL_AREA(#17612);
#17612 = FILL_AREA_STYLE('',(#17613));
#17613 = FILL_AREA_STYLE_COLOUR('',#16393);
#17614 = STYLED_ITEM('color',(#17615),#1559);
#17615 = PRESENTATION_STYLE_ASSIGNMENT((#17616));
#17616 = SURFACE_STYLE_USAGE(.BOTH.,#17617);
#17617 = SURFACE_SIDE_STYLE('',(#17618));
#17618 = SURFACE_STYLE_FILL_AREA(#17619);
#17619 = FILL_AREA_STYLE('',(#17620));
#17620 = FILL_AREA_STYLE_COLOUR('',#17621);
#17621 = COLOUR_RGB('',8.200000279077E-02,8.600000121357E-02,
  9.399999706163E-02);
#17622 = STYLED_ITEM('color',(#17623),#1590);
#17623 = PRESENTATION_STYLE_ASSIGNMENT((#17624));
#17624 = SURFACE_STYLE_USAGE(.BOTH.,#17625);
#17625 = SURFACE_SIDE_STYLE('',(#17626));
#17626 = SURFACE_STYLE_FILL_AREA(#17627);
#17627 = FILL_AREA_STYLE('',(#17628));
#17628 = FILL_AREA_STYLE_COLOUR('',#17621);
#17629 = STYLED_ITEM('color',(#17630),#1614);
#17630 = PRESENTATION_STYLE_ASSIGNMENT((#17631));
#17631 = SURFACE_STYLE_USAGE(.BOTH.,#17632);
#17632 = SURFACE_SIDE_STYLE('',(#17633));
#17633 = SURFACE_STYLE_FILL_AREA(#17634);
#17634 = FILL_AREA_STYLE('',(#17635));
#17635 = FILL_AREA_STYLE_COLOUR('',#16393);
#17636 = STYLED_ITEM('color',(#17637),#1683);
#17637 = PRESENTATION_STYLE_ASSIGNMENT((#17638));
#17638 = SURFACE_STYLE_USAGE(.BOTH.,#17639);
#17639 = SURFACE_SIDE_STYLE('',(#17640));
#17640 = SURFACE_STYLE_FILL_AREA(#17641);
#17641 = FILL_AREA_STYLE('',(#17642));
#17642 = FILL_AREA_STYLE_COLOUR('',#17621);
#17643 = STYLED_ITEM('color',(#17644),#1707);
#17644 = PRESENTATION_STYLE_ASSIGNMENT((#17645));
#17645 = SURFACE_STYLE_USAGE(.BOTH.,#17646);
#17646 = SURFACE_SIDE_STYLE('',(#17647));
#17647 = SURFACE_STYLE_FILL_AREA(#17648);
#17648 = FILL_AREA_STYLE('',(#17649));
#17649 = FILL_AREA_STYLE_COLOUR('',#16393);
#17650 = STYLED_ITEM('color',(#17651),#1724);
#17651 = PRESENTATION_STYLE_ASSIGNMENT((#17652));
#17652 = SURFACE_STYLE_USAGE(.BOTH.,#17653);
#17653 = SURFACE_SIDE_STYLE('',(#17654));
#17654 = SURFACE_STYLE_FILL_AREA(#17655);
#17655 = FILL_AREA_STYLE('',(#17656));
#17656 = FILL_AREA_STYLE_COLOUR('',#16393);
#17657 = STYLED_ITEM('color',(#17658),#1741);
#17658 = PRESENTATION_STYLE_ASSIGNMENT((#17659));
#17659 = SURFACE_STYLE_USAGE(.BOTH.,#17660);
#17660 = SURFACE_SIDE_STYLE('',(#17661));
#17661 = SURFACE_STYLE_FILL_AREA(#17662);
#17662 = FILL_AREA_STYLE('',(#17663));
#17663 = FILL_AREA_STYLE_COLOUR('',#16393);
#17664 = STYLED_ITEM('color',(#17665),#1758);
#17665 = PRESENTATION_STYLE_ASSIGNMENT((#17666));
#17666 = SURFACE_STYLE_USAGE(.BOTH.,#17667);
#17667 = SURFACE_SIDE_STYLE('',(#17668));
#17668 = SURFACE_STYLE_FILL_AREA(#17669);
#17669 = FILL_AREA_STYLE('',(#17670));
#17670 = FILL_AREA_STYLE_COLOUR('',#16393);
#17671 = STYLED_ITEM('color',(#17672),#1775);
#17672 = PRESENTATION_STYLE_ASSIGNMENT((#17673));
#17673 = SURFACE_STYLE_USAGE(.BOTH.,#17674);
#17674 = SURFACE_SIDE_STYLE('',(#17675));
#17675 = SURFACE_STYLE_FILL_AREA(#17676);
#17676 = FILL_AREA_STYLE('',(#17677));
#17677 = FILL_AREA_STYLE_COLOUR('',#16393);
#17678 = STYLED_ITEM('color',(#17679),#1792);
#17679 = PRESENTATION_STYLE_ASSIGNMENT((#17680));
#17680 = SURFACE_STYLE_USAGE(.BOTH.,#17681);
#17681 = SURFACE_SIDE_STYLE('',(#17682));
#17682 = SURFACE_STYLE_FILL_AREA(#17683);
#17683 = FILL_AREA_STYLE('',(#17684));
#17684 = FILL_AREA_STYLE_COLOUR('',#16393);
#17685 = STYLED_ITEM('color',(#17686),#1809);
#17686 = PRESENTATION_STYLE_ASSIGNMENT((#17687));
#17687 = SURFACE_STYLE_USAGE(.BOTH.,#17688);
#17688 = SURFACE_SIDE_STYLE('',(#17689));
#17689 = SURFACE_STYLE_FILL_AREA(#17690);
#17690 = FILL_AREA_STYLE('',(#17691));
#17691 = FILL_AREA_STYLE_COLOUR('',#16393);
#17692 = STYLED_ITEM('color',(#17693),#1826);
#17693 = PRESENTATION_STYLE_ASSIGNMENT((#17694));
#17694 = SURFACE_STYLE_USAGE(.BOTH.,#17695);
#17695 = SURFACE_SIDE_STYLE('',(#17696));
#17696 = SURFACE_STYLE_FILL_AREA(#17697);
#17697 = FILL_AREA_STYLE('',(#17698));
#17698 = FILL_AREA_STYLE_COLOUR('',#17621);
#17699 = STYLED_ITEM('color',(#17700),#1843);
#17700 = PRESENTATION_STYLE_ASSIGNMENT((#17701));
#17701 = SURFACE_STYLE_USAGE(.BOTH.,#17702);
#17702 = SURFACE_SIDE_STYLE('',(#17703));
#17703 = SURFACE_STYLE_FILL_AREA(#17704);
#17704 = FILL_AREA_STYLE('',(#17705));
#17705 = FILL_AREA_STYLE_COLOUR('',#17621);
#17706 = MECHANICAL_DESIGN_GEOMETRIC_PRESENTATION_REPRESENTATION('',(
    #17707,#17715,#17722,#17729,#17736,#17743,#17750,#17757,#17764,
    #17771,#17778,#17785,#17792,#17799,#17806,#17813,#17820,#17827,
    #17834,#17841,#17848,#17855,#17862,#17869,#17876,#17883,#17890,
    #17897,#17904,#17911,#17918,#17925,#17932,#17939,#17946,#17953,
    #17960,#17967,#17974,#17981,#17988,#17995,#18002,#18009,#18017,
    #18024,#18031,#18038,#18045,#18052,#18059,#18066,#18073,#18080,
    #18087,#18094,#18101,#18108,#18115,#18122,#18129,#18136,#18143,
    #18150,#18157,#18164,#18171,#18178,#18185,#18192,#18199,#18206,
    #18213,#18220,#18227,#18234,#18241,#18248,#18255,#18262,#18269,
    #18276,#18283,#18290,#18297,#18304,#18311,#18318,#18325,#18332,
    #18339,#18346,#18353),#9176);
#17707 = STYLED_ITEM('color',(#17708),#6286);
#17708 = PRESENTATION_STYLE_ASSIGNMENT((#17709));
#17709 = SURFACE_STYLE_USAGE(.BOTH.,#17710);
#17710 = SURFACE_SIDE_STYLE('',(#17711));
#17711 = SURFACE_STYLE_FILL_AREA(#17712);
#17712 = FILL_AREA_STYLE('',(#17713));
#17713 = FILL_AREA_STYLE_COLOUR('',#17714);
#17714 = COLOUR_RGB('',0.894117649055,0.890196087049,0.811764731185);
#17715 = STYLED_ITEM('color',(#17716),#6326);
#17716 = PRESENTATION_STYLE_ASSIGNMENT((#17717));
#17717 = SURFACE_STYLE_USAGE(.BOTH.,#17718);
#17718 = SURFACE_SIDE_STYLE('',(#17719));
#17719 = SURFACE_STYLE_FILL_AREA(#17720);
#17720 = FILL_AREA_STYLE('',(#17721));
#17721 = FILL_AREA_STYLE_COLOUR('',#17714);
#17722 = STYLED_ITEM('color',(#17723),#6390);
#17723 = PRESENTATION_STYLE_ASSIGNMENT((#17724));
#17724 = SURFACE_STYLE_USAGE(.BOTH.,#17725);
#17725 = SURFACE_SIDE_STYLE('',(#17726));
#17726 = SURFACE_STYLE_FILL_AREA(#17727);
#17727 = FILL_AREA_STYLE('',(#17728));
#17728 = FILL_AREA_STYLE_COLOUR('',#17714);
#17729 = STYLED_ITEM('color',(#17730),#6478);
#17730 = PRESENTATION_STYLE_ASSIGNMENT((#17731));
#17731 = SURFACE_STYLE_USAGE(.BOTH.,#17732);
#17732 = SURFACE_SIDE_STYLE('',(#17733));
#17733 = SURFACE_STYLE_FILL_AREA(#17734);
#17734 = FILL_AREA_STYLE('',(#17735));
#17735 = FILL_AREA_STYLE_COLOUR('',#17714);
#17736 = STYLED_ITEM('color',(#17737),#6518);
#17737 = PRESENTATION_STYLE_ASSIGNMENT((#17738));
#17738 = SURFACE_STYLE_USAGE(.BOTH.,#17739);
#17739 = SURFACE_SIDE_STYLE('',(#17740));
#17740 = SURFACE_STYLE_FILL_AREA(#17741);
#17741 = FILL_AREA_STYLE('',(#17742));
#17742 = FILL_AREA_STYLE_COLOUR('',#17714);
#17743 = STYLED_ITEM('color',(#17744),#6729);
#17744 = PRESENTATION_STYLE_ASSIGNMENT((#17745));
#17745 = SURFACE_STYLE_USAGE(.BOTH.,#17746);
#17746 = SURFACE_SIDE_STYLE('',(#17747));
#17747 = SURFACE_STYLE_FILL_AREA(#17748);
#17748 = FILL_AREA_STYLE('',(#17749));
#17749 = FILL_AREA_STYLE_COLOUR('',#17714);
#17750 = STYLED_ITEM('color',(#17751),#6769);
#17751 = PRESENTATION_STYLE_ASSIGNMENT((#17752));
#17752 = SURFACE_STYLE_USAGE(.BOTH.,#17753);
#17753 = SURFACE_SIDE_STYLE('',(#17754));
#17754 = SURFACE_STYLE_FILL_AREA(#17755);
#17755 = FILL_AREA_STYLE('',(#17756));
#17756 = FILL_AREA_STYLE_COLOUR('',#17714);
#17757 = STYLED_ITEM('color',(#17758),#6793);
#17758 = PRESENTATION_STYLE_ASSIGNMENT((#17759));
#17759 = SURFACE_STYLE_USAGE(.BOTH.,#17760);
#17760 = SURFACE_SIDE_STYLE('',(#17761));
#17761 = SURFACE_STYLE_FILL_AREA(#17762);
#17762 = FILL_AREA_STYLE('',(#17763));
#17763 = FILL_AREA_STYLE_COLOUR('',#17714);
#17764 = STYLED_ITEM('color',(#17765),#6818);
#17765 = PRESENTATION_STYLE_ASSIGNMENT((#17766));
#17766 = SURFACE_STYLE_USAGE(.BOTH.,#17767);
#17767 = SURFACE_SIDE_STYLE('',(#17768));
#17768 = SURFACE_STYLE_FILL_AREA(#17769);
#17769 = FILL_AREA_STYLE('',(#17770));
#17770 = FILL_AREA_STYLE_COLOUR('',#17714);
#17771 = STYLED_ITEM('color',(#17772),#6842);
#17772 = PRESENTATION_STYLE_ASSIGNMENT((#17773));
#17773 = SURFACE_STYLE_USAGE(.BOTH.,#17774);
#17774 = SURFACE_SIDE_STYLE('',(#17775));
#17775 = SURFACE_STYLE_FILL_AREA(#17776);
#17776 = FILL_AREA_STYLE('',(#17777));
#17777 = FILL_AREA_STYLE_COLOUR('',#17714);
#17778 = STYLED_ITEM('color',(#17779),#6891);
#17779 = PRESENTATION_STYLE_ASSIGNMENT((#17780));
#17780 = SURFACE_STYLE_USAGE(.BOTH.,#17781);
#17781 = SURFACE_SIDE_STYLE('',(#17782));
#17782 = SURFACE_STYLE_FILL_AREA(#17783);
#17783 = FILL_AREA_STYLE('',(#17784));
#17784 = FILL_AREA_STYLE_COLOUR('',#17714);
#17785 = STYLED_ITEM('color',(#17786),#6913);
#17786 = PRESENTATION_STYLE_ASSIGNMENT((#17787));
#17787 = SURFACE_STYLE_USAGE(.BOTH.,#17788);
#17788 = SURFACE_SIDE_STYLE('',(#17789));
#17789 = SURFACE_STYLE_FILL_AREA(#17790);
#17790 = FILL_AREA_STYLE('',(#17791));
#17791 = FILL_AREA_STYLE_COLOUR('',#17714);
#17792 = STYLED_ITEM('color',(#17793),#6946);
#17793 = PRESENTATION_STYLE_ASSIGNMENT((#17794));
#17794 = SURFACE_STYLE_USAGE(.BOTH.,#17795);
#17795 = SURFACE_SIDE_STYLE('',(#17796));
#17796 = SURFACE_STYLE_FILL_AREA(#17797);
#17797 = FILL_AREA_STYLE('',(#17798));
#17798 = FILL_AREA_STYLE_COLOUR('',#17714);
#17799 = STYLED_ITEM('color',(#17800),#6970);
#17800 = PRESENTATION_STYLE_ASSIGNMENT((#17801));
#17801 = SURFACE_STYLE_USAGE(.BOTH.,#17802);
#17802 = SURFACE_SIDE_STYLE('',(#17803));
#17803 = SURFACE_STYLE_FILL_AREA(#17804);
#17804 = FILL_AREA_STYLE('',(#17805));
#17805 = FILL_AREA_STYLE_COLOUR('',#17714);
#17806 = STYLED_ITEM('color',(#17807),#7001);
#17807 = PRESENTATION_STYLE_ASSIGNMENT((#17808));
#17808 = SURFACE_STYLE_USAGE(.BOTH.,#17809);
#17809 = SURFACE_SIDE_STYLE('',(#17810));
#17810 = SURFACE_STYLE_FILL_AREA(#17811);
#17811 = FILL_AREA_STYLE('',(#17812));
#17812 = FILL_AREA_STYLE_COLOUR('',#17714);
#17813 = STYLED_ITEM('color',(#17814),#7018);
#17814 = PRESENTATION_STYLE_ASSIGNMENT((#17815));
#17815 = SURFACE_STYLE_USAGE(.BOTH.,#17816);
#17816 = SURFACE_SIDE_STYLE('',(#17817));
#17817 = SURFACE_STYLE_FILL_AREA(#17818);
#17818 = FILL_AREA_STYLE('',(#17819));
#17819 = FILL_AREA_STYLE_COLOUR('',#17714);
#17820 = STYLED_ITEM('color',(#17821),#7051);
#17821 = PRESENTATION_STYLE_ASSIGNMENT((#17822));
#17822 = SURFACE_STYLE_USAGE(.BOTH.,#17823);
#17823 = SURFACE_SIDE_STYLE('',(#17824));
#17824 = SURFACE_STYLE_FILL_AREA(#17825);
#17825 = FILL_AREA_STYLE('',(#17826));
#17826 = FILL_AREA_STYLE_COLOUR('',#17714);
#17827 = STYLED_ITEM('color',(#17828),#7068);
#17828 = PRESENTATION_STYLE_ASSIGNMENT((#17829));
#17829 = SURFACE_STYLE_USAGE(.BOTH.,#17830);
#17830 = SURFACE_SIDE_STYLE('',(#17831));
#17831 = SURFACE_STYLE_FILL_AREA(#17832);
#17832 = FILL_AREA_STYLE('',(#17833));
#17833 = FILL_AREA_STYLE_COLOUR('',#17714);
#17834 = STYLED_ITEM('color',(#17835),#7111);
#17835 = PRESENTATION_STYLE_ASSIGNMENT((#17836));
#17836 = SURFACE_STYLE_USAGE(.BOTH.,#17837);
#17837 = SURFACE_SIDE_STYLE('',(#17838));
#17838 = SURFACE_STYLE_FILL_AREA(#17839);
#17839 = FILL_AREA_STYLE('',(#17840));
#17840 = FILL_AREA_STYLE_COLOUR('',#17714);
#17841 = STYLED_ITEM('color',(#17842),#7128);
#17842 = PRESENTATION_STYLE_ASSIGNMENT((#17843));
#17843 = SURFACE_STYLE_USAGE(.BOTH.,#17844);
#17844 = SURFACE_SIDE_STYLE('',(#17845));
#17845 = SURFACE_STYLE_FILL_AREA(#17846);
#17846 = FILL_AREA_STYLE('',(#17847));
#17847 = FILL_AREA_STYLE_COLOUR('',#17714);
#17848 = STYLED_ITEM('color',(#17849),#7174);
#17849 = PRESENTATION_STYLE_ASSIGNMENT((#17850));
#17850 = SURFACE_STYLE_USAGE(.BOTH.,#17851);
#17851 = SURFACE_SIDE_STYLE('',(#17852));
#17852 = SURFACE_STYLE_FILL_AREA(#17853);
#17853 = FILL_AREA_STYLE('',(#17854));
#17854 = FILL_AREA_STYLE_COLOUR('',#17714);
#17855 = STYLED_ITEM('color',(#17856),#7191);
#17856 = PRESENTATION_STYLE_ASSIGNMENT((#17857));
#17857 = SURFACE_STYLE_USAGE(.BOTH.,#17858);
#17858 = SURFACE_SIDE_STYLE('',(#17859));
#17859 = SURFACE_STYLE_FILL_AREA(#17860);
#17860 = FILL_AREA_STYLE('',(#17861));
#17861 = FILL_AREA_STYLE_COLOUR('',#17714);
#17862 = STYLED_ITEM('color',(#17863),#7254);
#17863 = PRESENTATION_STYLE_ASSIGNMENT((#17864));
#17864 = SURFACE_STYLE_USAGE(.BOTH.,#17865);
#17865 = SURFACE_SIDE_STYLE('',(#17866));
#17866 = SURFACE_STYLE_FILL_AREA(#17867);
#17867 = FILL_AREA_STYLE('',(#17868));
#17868 = FILL_AREA_STYLE_COLOUR('',#17714);
#17869 = STYLED_ITEM('color',(#17870),#7278);
#17870 = PRESENTATION_STYLE_ASSIGNMENT((#17871));
#17871 = SURFACE_STYLE_USAGE(.BOTH.,#17872);
#17872 = SURFACE_SIDE_STYLE('',(#17873));
#17873 = SURFACE_STYLE_FILL_AREA(#17874);
#17874 = FILL_AREA_STYLE('',(#17875));
#17875 = FILL_AREA_STYLE_COLOUR('',#17714);
#17876 = STYLED_ITEM('color',(#17877),#7325);
#17877 = PRESENTATION_STYLE_ASSIGNMENT((#17878));
#17878 = SURFACE_STYLE_USAGE(.BOTH.,#17879);
#17879 = SURFACE_SIDE_STYLE('',(#17880));
#17880 = SURFACE_STYLE_FILL_AREA(#17881);
#17881 = FILL_AREA_STYLE('',(#17882));
#17882 = FILL_AREA_STYLE_COLOUR('',#17714);
#17883 = STYLED_ITEM('color',(#17884),#7349);
#17884 = PRESENTATION_STYLE_ASSIGNMENT((#17885));
#17885 = SURFACE_STYLE_USAGE(.BOTH.,#17886);
#17886 = SURFACE_SIDE_STYLE('',(#17887));
#17887 = SURFACE_STYLE_FILL_AREA(#17888);
#17888 = FILL_AREA_STYLE('',(#17889));
#17889 = FILL_AREA_STYLE_COLOUR('',#17714);
#17890 = STYLED_ITEM('color',(#17891),#7373);
#17891 = PRESENTATION_STYLE_ASSIGNMENT((#17892));
#17892 = SURFACE_STYLE_USAGE(.BOTH.,#17893);
#17893 = SURFACE_SIDE_STYLE('',(#17894));
#17894 = SURFACE_STYLE_FILL_AREA(#17895);
#17895 = FILL_AREA_STYLE('',(#17896));
#17896 = FILL_AREA_STYLE_COLOUR('',#17714);
#17897 = STYLED_ITEM('color',(#17898),#7390);
#17898 = PRESENTATION_STYLE_ASSIGNMENT((#17899));
#17899 = SURFACE_STYLE_USAGE(.BOTH.,#17900);
#17900 = SURFACE_SIDE_STYLE('',(#17901));
#17901 = SURFACE_STYLE_FILL_AREA(#17902);
#17902 = FILL_AREA_STYLE('',(#17903));
#17903 = FILL_AREA_STYLE_COLOUR('',#17714);
#17904 = STYLED_ITEM('color',(#17905),#7407);
#17905 = PRESENTATION_STYLE_ASSIGNMENT((#17906));
#17906 = SURFACE_STYLE_USAGE(.BOTH.,#17907);
#17907 = SURFACE_SIDE_STYLE('',(#17908));
#17908 = SURFACE_STYLE_FILL_AREA(#17909);
#17909 = FILL_AREA_STYLE('',(#17910));
#17910 = FILL_AREA_STYLE_COLOUR('',#17714);
#17911 = STYLED_ITEM('color',(#17912),#7431);
#17912 = PRESENTATION_STYLE_ASSIGNMENT((#17913));
#17913 = SURFACE_STYLE_USAGE(.BOTH.,#17914);
#17914 = SURFACE_SIDE_STYLE('',(#17915));
#17915 = SURFACE_STYLE_FILL_AREA(#17916);
#17916 = FILL_AREA_STYLE('',(#17917));
#17917 = FILL_AREA_STYLE_COLOUR('',#17714);
#17918 = STYLED_ITEM('color',(#17919),#7455);
#17919 = PRESENTATION_STYLE_ASSIGNMENT((#17920));
#17920 = SURFACE_STYLE_USAGE(.BOTH.,#17921);
#17921 = SURFACE_SIDE_STYLE('',(#17922));
#17922 = SURFACE_STYLE_FILL_AREA(#17923);
#17923 = FILL_AREA_STYLE('',(#17924));
#17924 = FILL_AREA_STYLE_COLOUR('',#17714);
#17925 = STYLED_ITEM('color',(#17926),#7472);
#17926 = PRESENTATION_STYLE_ASSIGNMENT((#17927));
#17927 = SURFACE_STYLE_USAGE(.BOTH.,#17928);
#17928 = SURFACE_SIDE_STYLE('',(#17929));
#17929 = SURFACE_STYLE_FILL_AREA(#17930);
#17930 = FILL_AREA_STYLE('',(#17931));
#17931 = FILL_AREA_STYLE_COLOUR('',#17714);
#17932 = STYLED_ITEM('color',(#17933),#7503);
#17933 = PRESENTATION_STYLE_ASSIGNMENT((#17934));
#17934 = SURFACE_STYLE_USAGE(.BOTH.,#17935);
#17935 = SURFACE_SIDE_STYLE('',(#17936));
#17936 = SURFACE_STYLE_FILL_AREA(#17937);
#17937 = FILL_AREA_STYLE('',(#17938));
#17938 = FILL_AREA_STYLE_COLOUR('',#17714);
#17939 = STYLED_ITEM('color',(#17940),#7527);
#17940 = PRESENTATION_STYLE_ASSIGNMENT((#17941));
#17941 = SURFACE_STYLE_USAGE(.BOTH.,#17942);
#17942 = SURFACE_SIDE_STYLE('',(#17943));
#17943 = SURFACE_STYLE_FILL_AREA(#17944);
#17944 = FILL_AREA_STYLE('',(#17945));
#17945 = FILL_AREA_STYLE_COLOUR('',#17714);
#17946 = STYLED_ITEM('color',(#17947),#7551);
#17947 = PRESENTATION_STYLE_ASSIGNMENT((#17948));
#17948 = SURFACE_STYLE_USAGE(.BOTH.,#17949);
#17949 = SURFACE_SIDE_STYLE('',(#17950));
#17950 = SURFACE_STYLE_FILL_AREA(#17951);
#17951 = FILL_AREA_STYLE('',(#17952));
#17952 = FILL_AREA_STYLE_COLOUR('',#17714);
#17953 = STYLED_ITEM('color',(#17954),#7568);
#17954 = PRESENTATION_STYLE_ASSIGNMENT((#17955));
#17955 = SURFACE_STYLE_USAGE(.BOTH.,#17956);
#17956 = SURFACE_SIDE_STYLE('',(#17957));
#17957 = SURFACE_STYLE_FILL_AREA(#17958);
#17958 = FILL_AREA_STYLE('',(#17959));
#17959 = FILL_AREA_STYLE_COLOUR('',#17714);
#17960 = STYLED_ITEM('color',(#17961),#7603);
#17961 = PRESENTATION_STYLE_ASSIGNMENT((#17962));
#17962 = SURFACE_STYLE_USAGE(.BOTH.,#17963);
#17963 = SURFACE_SIDE_STYLE('',(#17964));
#17964 = SURFACE_STYLE_FILL_AREA(#17965);
#17965 = FILL_AREA_STYLE('',(#17966));
#17966 = FILL_AREA_STYLE_COLOUR('',#17714);
#17967 = STYLED_ITEM('color',(#17968),#7643);
#17968 = PRESENTATION_STYLE_ASSIGNMENT((#17969));
#17969 = SURFACE_STYLE_USAGE(.BOTH.,#17970);
#17970 = SURFACE_SIDE_STYLE('',(#17971));
#17971 = SURFACE_STYLE_FILL_AREA(#17972);
#17972 = FILL_AREA_STYLE('',(#17973));
#17973 = FILL_AREA_STYLE_COLOUR('',#17714);
#17974 = STYLED_ITEM('color',(#17975),#7667);
#17975 = PRESENTATION_STYLE_ASSIGNMENT((#17976));
#17976 = SURFACE_STYLE_USAGE(.BOTH.,#17977);
#17977 = SURFACE_SIDE_STYLE('',(#17978));
#17978 = SURFACE_STYLE_FILL_AREA(#17979);
#17979 = FILL_AREA_STYLE('',(#17980));
#17980 = FILL_AREA_STYLE_COLOUR('',#17714);
#17981 = STYLED_ITEM('color',(#17982),#7708);
#17982 = PRESENTATION_STYLE_ASSIGNMENT((#17983));
#17983 = SURFACE_STYLE_USAGE(.BOTH.,#17984);
#17984 = SURFACE_SIDE_STYLE('',(#17985));
#17985 = SURFACE_STYLE_FILL_AREA(#17986);
#17986 = FILL_AREA_STYLE('',(#17987));
#17987 = FILL_AREA_STYLE_COLOUR('',#17714);
#17988 = STYLED_ITEM('color',(#17989),#7757);
#17989 = PRESENTATION_STYLE_ASSIGNMENT((#17990));
#17990 = SURFACE_STYLE_USAGE(.BOTH.,#17991);
#17991 = SURFACE_SIDE_STYLE('',(#17992));
#17992 = SURFACE_STYLE_FILL_AREA(#17993);
#17993 = FILL_AREA_STYLE('',(#17994));
#17994 = FILL_AREA_STYLE_COLOUR('',#17714);
#17995 = STYLED_ITEM('color',(#17996),#7803);
#17996 = PRESENTATION_STYLE_ASSIGNMENT((#17997));
#17997 = SURFACE_STYLE_USAGE(.BOTH.,#17998);
#17998 = SURFACE_SIDE_STYLE('',(#17999));
#17999 = SURFACE_STYLE_FILL_AREA(#18000);
#18000 = FILL_AREA_STYLE('',(#18001));
#18001 = FILL_AREA_STYLE_COLOUR('',#17714);
#18002 = STYLED_ITEM('color',(#18003),#7820);
#18003 = PRESENTATION_STYLE_ASSIGNMENT((#18004));
#18004 = SURFACE_STYLE_USAGE(.BOTH.,#18005);
#18005 = SURFACE_SIDE_STYLE('',(#18006));
#18006 = SURFACE_STYLE_FILL_AREA(#18007);
#18007 = FILL_AREA_STYLE('',(#18008));
#18008 = FILL_AREA_STYLE_COLOUR('',#17714);
#18009 = STYLED_ITEM('color',(#18010),#7832);
#18010 = PRESENTATION_STYLE_ASSIGNMENT((#18011));
#18011 = SURFACE_STYLE_USAGE(.BOTH.,#18012);
#18012 = SURFACE_SIDE_STYLE('',(#18013));
#18013 = SURFACE_STYLE_FILL_AREA(#18014);
#18014 = FILL_AREA_STYLE('',(#18015));
#18015 = FILL_AREA_STYLE_COLOUR('',#18016);
#18016 = COLOUR_RGB('',0.823529417451,0.819607860991,0.780392170416);
#18017 = STYLED_ITEM('color',(#18018),#7863);
#18018 = PRESENTATION_STYLE_ASSIGNMENT((#18019));
#18019 = SURFACE_STYLE_USAGE(.BOTH.,#18020);
#18020 = SURFACE_SIDE_STYLE('',(#18021));
#18021 = SURFACE_STYLE_FILL_AREA(#18022);
#18022 = FILL_AREA_STYLE('',(#18023));
#18023 = FILL_AREA_STYLE_COLOUR('',#18016);
#18024 = STYLED_ITEM('color',(#18025),#7919);
#18025 = PRESENTATION_STYLE_ASSIGNMENT((#18026));
#18026 = SURFACE_STYLE_USAGE(.BOTH.,#18027);
#18027 = SURFACE_SIDE_STYLE('',(#18028));
#18028 = SURFACE_STYLE_FILL_AREA(#18029);
#18029 = FILL_AREA_STYLE('',(#18030));
#18030 = FILL_AREA_STYLE_COLOUR('',#18016);
#18031 = STYLED_ITEM('color',(#18032),#7943);
#18032 = PRESENTATION_STYLE_ASSIGNMENT((#18033));
#18033 = SURFACE_STYLE_USAGE(.BOTH.,#18034);
#18034 = SURFACE_SIDE_STYLE('',(#18035));
#18035 = SURFACE_STYLE_FILL_AREA(#18036);
#18036 = FILL_AREA_STYLE('',(#18037));
#18037 = FILL_AREA_STYLE_COLOUR('',#18016);
#18038 = STYLED_ITEM('color',(#18039),#7992);
#18039 = PRESENTATION_STYLE_ASSIGNMENT((#18040));
#18040 = SURFACE_STYLE_USAGE(.BOTH.,#18041);
#18041 = SURFACE_SIDE_STYLE('',(#18042));
#18042 = SURFACE_STYLE_FILL_AREA(#18043);
#18043 = FILL_AREA_STYLE('',(#18044));
#18044 = FILL_AREA_STYLE_COLOUR('',#17714);
#18045 = STYLED_ITEM('color',(#18046),#8004);
#18046 = PRESENTATION_STYLE_ASSIGNMENT((#18047));
#18047 = SURFACE_STYLE_USAGE(.BOTH.,#18048);
#18048 = SURFACE_SIDE_STYLE('',(#18049));
#18049 = SURFACE_STYLE_FILL_AREA(#18050);
#18050 = FILL_AREA_STYLE('',(#18051));
#18051 = FILL_AREA_STYLE_COLOUR('',#17714);
#18052 = STYLED_ITEM('color',(#18053),#8107);
#18053 = PRESENTATION_STYLE_ASSIGNMENT((#18054));
#18054 = SURFACE_STYLE_USAGE(.BOTH.,#18055);
#18055 = SURFACE_SIDE_STYLE('',(#18056));
#18056 = SURFACE_STYLE_FILL_AREA(#18057);
#18057 = FILL_AREA_STYLE('',(#18058));
#18058 = FILL_AREA_STYLE_COLOUR('',#17714);
#18059 = STYLED_ITEM('color',(#18060),#8131);
#18060 = PRESENTATION_STYLE_ASSIGNMENT((#18061));
#18061 = SURFACE_STYLE_USAGE(.BOTH.,#18062);
#18062 = SURFACE_SIDE_STYLE('',(#18063));
#18063 = SURFACE_STYLE_FILL_AREA(#18064);
#18064 = FILL_AREA_STYLE('',(#18065));
#18065 = FILL_AREA_STYLE_COLOUR('',#17714);
#18066 = STYLED_ITEM('color',(#18067),#8155);
#18067 = PRESENTATION_STYLE_ASSIGNMENT((#18068));
#18068 = SURFACE_STYLE_USAGE(.BOTH.,#18069);
#18069 = SURFACE_SIDE_STYLE('',(#18070));
#18070 = SURFACE_STYLE_FILL_AREA(#18071);
#18071 = FILL_AREA_STYLE('',(#18072));
#18072 = FILL_AREA_STYLE_COLOUR('',#17714);
#18073 = STYLED_ITEM('color',(#18074),#8172);
#18074 = PRESENTATION_STYLE_ASSIGNMENT((#18075));
#18075 = SURFACE_STYLE_USAGE(.BOTH.,#18076);
#18076 = SURFACE_SIDE_STYLE('',(#18077));
#18077 = SURFACE_STYLE_FILL_AREA(#18078);
#18078 = FILL_AREA_STYLE('',(#18079));
#18079 = FILL_AREA_STYLE_COLOUR('',#18016);
#18080 = STYLED_ITEM('color',(#18081),#8203);
#18081 = PRESENTATION_STYLE_ASSIGNMENT((#18082));
#18082 = SURFACE_STYLE_USAGE(.BOTH.,#18083);
#18083 = SURFACE_SIDE_STYLE('',(#18084));
#18084 = SURFACE_STYLE_FILL_AREA(#18085);
#18085 = FILL_AREA_STYLE('',(#18086));
#18086 = FILL_AREA_STYLE_COLOUR('',#18016);
#18087 = STYLED_ITEM('color',(#18088),#8259);
#18088 = PRESENTATION_STYLE_ASSIGNMENT((#18089));
#18089 = SURFACE_STYLE_USAGE(.BOTH.,#18090);
#18090 = SURFACE_SIDE_STYLE('',(#18091));
#18091 = SURFACE_STYLE_FILL_AREA(#18092);
#18092 = FILL_AREA_STYLE('',(#18093));
#18093 = FILL_AREA_STYLE_COLOUR('',#18016);
#18094 = STYLED_ITEM('color',(#18095),#8283);
#18095 = PRESENTATION_STYLE_ASSIGNMENT((#18096));
#18096 = SURFACE_STYLE_USAGE(.BOTH.,#18097);
#18097 = SURFACE_SIDE_STYLE('',(#18098));
#18098 = SURFACE_STYLE_FILL_AREA(#18099);
#18099 = FILL_AREA_STYLE('',(#18100));
#18100 = FILL_AREA_STYLE_COLOUR('',#18016);
#18101 = STYLED_ITEM('color',(#18102),#8332);
#18102 = PRESENTATION_STYLE_ASSIGNMENT((#18103));
#18103 = SURFACE_STYLE_USAGE(.BOTH.,#18104);
#18104 = SURFACE_SIDE_STYLE('',(#18105));
#18105 = SURFACE_STYLE_FILL_AREA(#18106);
#18106 = FILL_AREA_STYLE('',(#18107));
#18107 = FILL_AREA_STYLE_COLOUR('',#18016);
#18108 = STYLED_ITEM('color',(#18109),#8349);
#18109 = PRESENTATION_STYLE_ASSIGNMENT((#18110));
#18110 = SURFACE_STYLE_USAGE(.BOTH.,#18111);
#18111 = SURFACE_SIDE_STYLE('',(#18112));
#18112 = SURFACE_STYLE_FILL_AREA(#18113);
#18113 = FILL_AREA_STYLE('',(#18114));
#18114 = FILL_AREA_STYLE_COLOUR('',#18016);
#18115 = STYLED_ITEM('color',(#18116),#8396);
#18116 = PRESENTATION_STYLE_ASSIGNMENT((#18117));
#18117 = SURFACE_STYLE_USAGE(.BOTH.,#18118);
#18118 = SURFACE_SIDE_STYLE('',(#18119));
#18119 = SURFACE_STYLE_FILL_AREA(#18120);
#18120 = FILL_AREA_STYLE('',(#18121));
#18121 = FILL_AREA_STYLE_COLOUR('',#18016);
#18122 = STYLED_ITEM('color',(#18123),#8422);
#18123 = PRESENTATION_STYLE_ASSIGNMENT((#18124));
#18124 = SURFACE_STYLE_USAGE(.BOTH.,#18125);
#18125 = SURFACE_SIDE_STYLE('',(#18126));
#18126 = SURFACE_STYLE_FILL_AREA(#18127);
#18127 = FILL_AREA_STYLE('',(#18128));
#18128 = FILL_AREA_STYLE_COLOUR('',#18016);
#18129 = STYLED_ITEM('color',(#18130),#8439);
#18130 = PRESENTATION_STYLE_ASSIGNMENT((#18131));
#18131 = SURFACE_STYLE_USAGE(.BOTH.,#18132);
#18132 = SURFACE_SIDE_STYLE('',(#18133));
#18133 = SURFACE_STYLE_FILL_AREA(#18134);
#18134 = FILL_AREA_STYLE('',(#18135));
#18135 = FILL_AREA_STYLE_COLOUR('',#18016);
#18136 = STYLED_ITEM('color',(#18137),#8465);
#18137 = PRESENTATION_STYLE_ASSIGNMENT((#18138));
#18138 = SURFACE_STYLE_USAGE(.BOTH.,#18139);
#18139 = SURFACE_SIDE_STYLE('',(#18140));
#18140 = SURFACE_STYLE_FILL_AREA(#18141);
#18141 = FILL_AREA_STYLE('',(#18142));
#18142 = FILL_AREA_STYLE_COLOUR('',#18016);
#18143 = STYLED_ITEM('color',(#18144),#8498);
#18144 = PRESENTATION_STYLE_ASSIGNMENT((#18145));
#18145 = SURFACE_STYLE_USAGE(.BOTH.,#18146);
#18146 = SURFACE_SIDE_STYLE('',(#18147));
#18147 = SURFACE_STYLE_FILL_AREA(#18148);
#18148 = FILL_AREA_STYLE('',(#18149));
#18149 = FILL_AREA_STYLE_COLOUR('',#17714);
#18150 = STYLED_ITEM('color',(#18151),#8510);
#18151 = PRESENTATION_STYLE_ASSIGNMENT((#18152));
#18152 = SURFACE_STYLE_USAGE(.BOTH.,#18153);
#18153 = SURFACE_SIDE_STYLE('',(#18154));
#18154 = SURFACE_STYLE_FILL_AREA(#18155);
#18155 = FILL_AREA_STYLE('',(#18156));
#18156 = FILL_AREA_STYLE_COLOUR('',#18016);
#18157 = STYLED_ITEM('color',(#18158),#8541);
#18158 = PRESENTATION_STYLE_ASSIGNMENT((#18159));
#18159 = SURFACE_STYLE_USAGE(.BOTH.,#18160);
#18160 = SURFACE_SIDE_STYLE('',(#18161));
#18161 = SURFACE_STYLE_FILL_AREA(#18162);
#18162 = FILL_AREA_STYLE('',(#18163));
#18163 = FILL_AREA_STYLE_COLOUR('',#18016);
#18164 = STYLED_ITEM('color',(#18165),#8565);
#18165 = PRESENTATION_STYLE_ASSIGNMENT((#18166));
#18166 = SURFACE_STYLE_USAGE(.BOTH.,#18167);
#18167 = SURFACE_SIDE_STYLE('',(#18168));
#18168 = SURFACE_STYLE_FILL_AREA(#18169);
#18169 = FILL_AREA_STYLE('',(#18170));
#18170 = FILL_AREA_STYLE_COLOUR('',#18016);
#18171 = STYLED_ITEM('color',(#18172),#8589);
#18172 = PRESENTATION_STYLE_ASSIGNMENT((#18173));
#18173 = SURFACE_STYLE_USAGE(.BOTH.,#18174);
#18174 = SURFACE_SIDE_STYLE('',(#18175));
#18175 = SURFACE_STYLE_FILL_AREA(#18176);
#18176 = FILL_AREA_STYLE('',(#18177));
#18177 = FILL_AREA_STYLE_COLOUR('',#18016);
#18178 = STYLED_ITEM('color',(#18179),#8606);
#18179 = PRESENTATION_STYLE_ASSIGNMENT((#18180));
#18180 = SURFACE_STYLE_USAGE(.BOTH.,#18181);
#18181 = SURFACE_SIDE_STYLE('',(#18182));
#18182 = SURFACE_STYLE_FILL_AREA(#18183);
#18183 = FILL_AREA_STYLE('',(#18184));
#18184 = FILL_AREA_STYLE_COLOUR('',#18016);
#18185 = STYLED_ITEM('color',(#18186),#8637);
#18186 = PRESENTATION_STYLE_ASSIGNMENT((#18187));
#18187 = SURFACE_STYLE_USAGE(.BOTH.,#18188);
#18188 = SURFACE_SIDE_STYLE('',(#18189));
#18189 = SURFACE_STYLE_FILL_AREA(#18190);
#18190 = FILL_AREA_STYLE('',(#18191));
#18191 = FILL_AREA_STYLE_COLOUR('',#18016);
#18192 = STYLED_ITEM('color',(#18193),#8661);
#18193 = PRESENTATION_STYLE_ASSIGNMENT((#18194));
#18194 = SURFACE_STYLE_USAGE(.BOTH.,#18195);
#18195 = SURFACE_SIDE_STYLE('',(#18196));
#18196 = SURFACE_STYLE_FILL_AREA(#18197);
#18197 = FILL_AREA_STYLE('',(#18198));
#18198 = FILL_AREA_STYLE_COLOUR('',#18016);
#18199 = STYLED_ITEM('color',(#18200),#8685);
#18200 = PRESENTATION_STYLE_ASSIGNMENT((#18201));
#18201 = SURFACE_STYLE_USAGE(.BOTH.,#18202);
#18202 = SURFACE_SIDE_STYLE('',(#18203));
#18203 = SURFACE_STYLE_FILL_AREA(#18204);
#18204 = FILL_AREA_STYLE('',(#18205));
#18205 = FILL_AREA_STYLE_COLOUR('',#18016);
#18206 = STYLED_ITEM('color',(#18207),#8702);
#18207 = PRESENTATION_STYLE_ASSIGNMENT((#18208));
#18208 = SURFACE_STYLE_USAGE(.BOTH.,#18209);
#18209 = SURFACE_SIDE_STYLE('',(#18210));
#18210 = SURFACE_STYLE_FILL_AREA(#18211);
#18211 = FILL_AREA_STYLE('',(#18212));
#18212 = FILL_AREA_STYLE_COLOUR('',#18016);
#18213 = STYLED_ITEM('color',(#18214),#8719);
#18214 = PRESENTATION_STYLE_ASSIGNMENT((#18215));
#18215 = SURFACE_STYLE_USAGE(.BOTH.,#18216);
#18216 = SURFACE_SIDE_STYLE('',(#18217));
#18217 = SURFACE_STYLE_FILL_AREA(#18218);
#18218 = FILL_AREA_STYLE('',(#18219));
#18219 = FILL_AREA_STYLE_COLOUR('',#18016);
#18220 = STYLED_ITEM('color',(#18221),#8766);
#18221 = PRESENTATION_STYLE_ASSIGNMENT((#18222));
#18222 = SURFACE_STYLE_USAGE(.BOTH.,#18223);
#18223 = SURFACE_SIDE_STYLE('',(#18224));
#18224 = SURFACE_STYLE_FILL_AREA(#18225);
#18225 = FILL_AREA_STYLE('',(#18226));
#18226 = FILL_AREA_STYLE_COLOUR('',#18016);
#18227 = STYLED_ITEM('color',(#18228),#8792);
#18228 = PRESENTATION_STYLE_ASSIGNMENT((#18229));
#18229 = SURFACE_STYLE_USAGE(.BOTH.,#18230);
#18230 = SURFACE_SIDE_STYLE('',(#18231));
#18231 = SURFACE_STYLE_FILL_AREA(#18232);
#18232 = FILL_AREA_STYLE('',(#18233));
#18233 = FILL_AREA_STYLE_COLOUR('',#18016);
#18234 = STYLED_ITEM('color',(#18235),#8809);
#18235 = PRESENTATION_STYLE_ASSIGNMENT((#18236));
#18236 = SURFACE_STYLE_USAGE(.BOTH.,#18237);
#18237 = SURFACE_SIDE_STYLE('',(#18238));
#18238 = SURFACE_STYLE_FILL_AREA(#18239);
#18239 = FILL_AREA_STYLE('',(#18240));
#18240 = FILL_AREA_STYLE_COLOUR('',#18016);
#18241 = STYLED_ITEM('color',(#18242),#8835);
#18242 = PRESENTATION_STYLE_ASSIGNMENT((#18243));
#18243 = SURFACE_STYLE_USAGE(.BOTH.,#18244);
#18244 = SURFACE_SIDE_STYLE('',(#18245));
#18245 = SURFACE_STYLE_FILL_AREA(#18246);
#18246 = FILL_AREA_STYLE('',(#18247));
#18247 = FILL_AREA_STYLE_COLOUR('',#18016);
#18248 = STYLED_ITEM('color',(#18249),#8868);
#18249 = PRESENTATION_STYLE_ASSIGNMENT((#18250));
#18250 = SURFACE_STYLE_USAGE(.BOTH.,#18251);
#18251 = SURFACE_SIDE_STYLE('',(#18252));
#18252 = SURFACE_STYLE_FILL_AREA(#18253);
#18253 = FILL_AREA_STYLE('',(#18254));
#18254 = FILL_AREA_STYLE_COLOUR('',#18016);
#18255 = STYLED_ITEM('color',(#18256),#8885);
#18256 = PRESENTATION_STYLE_ASSIGNMENT((#18257));
#18257 = SURFACE_STYLE_USAGE(.BOTH.,#18258);
#18258 = SURFACE_SIDE_STYLE('',(#18259));
#18259 = SURFACE_STYLE_FILL_AREA(#18260);
#18260 = FILL_AREA_STYLE('',(#18261));
#18261 = FILL_AREA_STYLE_COLOUR('',#18016);
#18262 = STYLED_ITEM('color',(#18263),#8902);
#18263 = PRESENTATION_STYLE_ASSIGNMENT((#18264));
#18264 = SURFACE_STYLE_USAGE(.BOTH.,#18265);
#18265 = SURFACE_SIDE_STYLE('',(#18266));
#18266 = SURFACE_STYLE_FILL_AREA(#18267);
#18267 = FILL_AREA_STYLE('',(#18268));
#18268 = FILL_AREA_STYLE_COLOUR('',#18016);
#18269 = STYLED_ITEM('color',(#18270),#8914);
#18270 = PRESENTATION_STYLE_ASSIGNMENT((#18271));
#18271 = SURFACE_STYLE_USAGE(.BOTH.,#18272);
#18272 = SURFACE_SIDE_STYLE('',(#18273));
#18273 = SURFACE_STYLE_FILL_AREA(#18274);
#18274 = FILL_AREA_STYLE('',(#18275));
#18275 = FILL_AREA_STYLE_COLOUR('',#18016);
#18276 = STYLED_ITEM('color',(#18277),#8945);
#18277 = PRESENTATION_STYLE_ASSIGNMENT((#18278));
#18278 = SURFACE_STYLE_USAGE(.BOTH.,#18279);
#18279 = SURFACE_SIDE_STYLE('',(#18280));
#18280 = SURFACE_STYLE_FILL_AREA(#18281);
#18281 = FILL_AREA_STYLE('',(#18282));
#18282 = FILL_AREA_STYLE_COLOUR('',#18016);
#18283 = STYLED_ITEM('color',(#18284),#8969);
#18284 = PRESENTATION_STYLE_ASSIGNMENT((#18285));
#18285 = SURFACE_STYLE_USAGE(.BOTH.,#18286);
#18286 = SURFACE_SIDE_STYLE('',(#18287));
#18287 = SURFACE_STYLE_FILL_AREA(#18288);
#18288 = FILL_AREA_STYLE('',(#18289));
#18289 = FILL_AREA_STYLE_COLOUR('',#18016);
#18290 = STYLED_ITEM('color',(#18291),#8993);
#18291 = PRESENTATION_STYLE_ASSIGNMENT((#18292));
#18292 = SURFACE_STYLE_USAGE(.BOTH.,#18293);
#18293 = SURFACE_SIDE_STYLE('',(#18294));
#18294 = SURFACE_STYLE_FILL_AREA(#18295);
#18295 = FILL_AREA_STYLE('',(#18296));
#18296 = FILL_AREA_STYLE_COLOUR('',#18016);
#18297 = STYLED_ITEM('color',(#18298),#9010);
#18298 = PRESENTATION_STYLE_ASSIGNMENT((#18299));
#18299 = SURFACE_STYLE_USAGE(.BOTH.,#18300);
#18300 = SURFACE_SIDE_STYLE('',(#18301));
#18301 = SURFACE_STYLE_FILL_AREA(#18302);
#18302 = FILL_AREA_STYLE('',(#18303));
#18303 = FILL_AREA_STYLE_COLOUR('',#18016);
#18304 = STYLED_ITEM('color',(#18305),#9041);
#18305 = PRESENTATION_STYLE_ASSIGNMENT((#18306));
#18306 = SURFACE_STYLE_USAGE(.BOTH.,#18307);
#18307 = SURFACE_SIDE_STYLE('',(#18308));
#18308 = SURFACE_STYLE_FILL_AREA(#18309);
#18309 = FILL_AREA_STYLE('',(#18310));
#18310 = FILL_AREA_STYLE_COLOUR('',#18016);
#18311 = STYLED_ITEM('color',(#18312),#9065);
#18312 = PRESENTATION_STYLE_ASSIGNMENT((#18313));
#18313 = SURFACE_STYLE_USAGE(.BOTH.,#18314);
#18314 = SURFACE_SIDE_STYLE('',(#18315));
#18315 = SURFACE_STYLE_FILL_AREA(#18316);
#18316 = FILL_AREA_STYLE('',(#18317));
#18317 = FILL_AREA_STYLE_COLOUR('',#18016);
#18318 = STYLED_ITEM('color',(#18319),#9089);
#18319 = PRESENTATION_STYLE_ASSIGNMENT((#18320));
#18320 = SURFACE_STYLE_USAGE(.BOTH.,#18321);
#18321 = SURFACE_SIDE_STYLE('',(#18322));
#18322 = SURFACE_STYLE_FILL_AREA(#18323);
#18323 = FILL_AREA_STYLE('',(#18324));
#18324 = FILL_AREA_STYLE_COLOUR('',#18016);
#18325 = STYLED_ITEM('color',(#18326),#9106);
#18326 = PRESENTATION_STYLE_ASSIGNMENT((#18327));
#18327 = SURFACE_STYLE_USAGE(.BOTH.,#18328);
#18328 = SURFACE_SIDE_STYLE('',(#18329));
#18329 = SURFACE_STYLE_FILL_AREA(#18330);
#18330 = FILL_AREA_STYLE('',(#18331));
#18331 = FILL_AREA_STYLE_COLOUR('',#18016);
#18332 = STYLED_ITEM('color',(#18333),#9123);
#18333 = PRESENTATION_STYLE_ASSIGNMENT((#18334));
#18334 = SURFACE_STYLE_USAGE(.BOTH.,#18335);
#18335 = SURFACE_SIDE_STYLE('',(#18336));
#18336 = SURFACE_STYLE_FILL_AREA(#18337);
#18337 = FILL_AREA_STYLE('',(#18338));
#18338 = FILL_AREA_STYLE_COLOUR('',#18016);
#18339 = STYLED_ITEM('color',(#18340),#9140);
#18340 = PRESENTATION_STYLE_ASSIGNMENT((#18341));
#18341 = SURFACE_STYLE_USAGE(.BOTH.,#18342);
#18342 = SURFACE_SIDE_STYLE('',(#18343));
#18343 = SURFACE_STYLE_FILL_AREA(#18344);
#18344 = FILL_AREA_STYLE('',(#18345));
#18345 = FILL_AREA_STYLE_COLOUR('',#18016);
#18346 = STYLED_ITEM('color',(#18347),#9152);
#18347 = PRESENTATION_STYLE_ASSIGNMENT((#18348));
#18348 = SURFACE_STYLE_USAGE(.BOTH.,#18349);
#18349 = SURFACE_SIDE_STYLE('',(#18350));
#18350 = SURFACE_STYLE_FILL_AREA(#18351);
#18351 = FILL_AREA_STYLE('',(#18352));
#18352 = FILL_AREA_STYLE_COLOUR('',#18016);
#18353 = STYLED_ITEM('color',(#18354),#9164);
#18354 = PRESENTATION_STYLE_ASSIGNMENT((#18355));
#18355 = SURFACE_STYLE_USAGE(.BOTH.,#18356);
#18356 = SURFACE_SIDE_STYLE('',(#18357));
#18357 = SURFACE_STYLE_FILL_AREA(#18358);
#18358 = FILL_AREA_STYLE('',(#18359));
#18359 = FILL_AREA_STYLE_COLOUR('',#18016);
#18360 = MECHANICAL_DESIGN_GEOMETRIC_PRESENTATION_REPRESENTATION('',(
    #18361,#18368,#18375,#18382,#18389,#18396,#18403,#18410,#18417,
    #18424,#18431,#18439,#18446,#18453,#18460,#18467,#18474,#18481,
    #18488,#18495,#18502,#18509,#18516,#18523,#18530,#18537,#18544,
    #18551),#1018);
#18361 = STYLED_ITEM('color',(#18362),#166);
#18362 = PRESENTATION_STYLE_ASSIGNMENT((#18363));
#18363 = SURFACE_STYLE_USAGE(.BOTH.,#18364);
#18364 = SURFACE_SIDE_STYLE('',(#18365));
#18365 = SURFACE_STYLE_FILL_AREA(#18366);
#18366 = FILL_AREA_STYLE('',(#18367));
#18367 = FILL_AREA_STYLE_COLOUR('',#16393);
#18368 = STYLED_ITEM('color',(#18369),#242);
#18369 = PRESENTATION_STYLE_ASSIGNMENT((#18370));
#18370 = SURFACE_STYLE_USAGE(.BOTH.,#18371);
#18371 = SURFACE_SIDE_STYLE('',(#18372));
#18372 = SURFACE_STYLE_FILL_AREA(#18373);
#18373 = FILL_AREA_STYLE('',(#18374));
#18374 = FILL_AREA_STYLE_COLOUR('',#16393);
#18375 = STYLED_ITEM('color',(#18376),#273);
#18376 = PRESENTATION_STYLE_ASSIGNMENT((#18377));
#18377 = SURFACE_STYLE_USAGE(.BOTH.,#18378);
#18378 = SURFACE_SIDE_STYLE('',(#18379));
#18379 = SURFACE_STYLE_FILL_AREA(#18380);
#18380 = FILL_AREA_STYLE('',(#18381));
#18381 = FILL_AREA_STYLE_COLOUR('',#16393);
#18382 = STYLED_ITEM('color',(#18383),#298);
#18383 = PRESENTATION_STYLE_ASSIGNMENT((#18384));
#18384 = SURFACE_STYLE_USAGE(.BOTH.,#18385);
#18385 = SURFACE_SIDE_STYLE('',(#18386));
#18386 = SURFACE_STYLE_FILL_AREA(#18387);
#18387 = FILL_AREA_STYLE('',(#18388));
#18388 = FILL_AREA_STYLE_COLOUR('',#16393);
#18389 = STYLED_ITEM('color',(#18390),#323);
#18390 = PRESENTATION_STYLE_ASSIGNMENT((#18391));
#18391 = SURFACE_STYLE_USAGE(.BOTH.,#18392);
#18392 = SURFACE_SIDE_STYLE('',(#18393));
#18393 = SURFACE_STYLE_FILL_AREA(#18394);
#18394 = FILL_AREA_STYLE('',(#18395));
#18395 = FILL_AREA_STYLE_COLOUR('',#16393);
#18396 = STYLED_ITEM('color',(#18397),#347);
#18397 = PRESENTATION_STYLE_ASSIGNMENT((#18398));
#18398 = SURFACE_STYLE_USAGE(.BOTH.,#18399);
#18399 = SURFACE_SIDE_STYLE('',(#18400));
#18400 = SURFACE_STYLE_FILL_AREA(#18401);
#18401 = FILL_AREA_STYLE('',(#18402));
#18402 = FILL_AREA_STYLE_COLOUR('',#16393);
#18403 = STYLED_ITEM('color',(#18404),#371);
#18404 = PRESENTATION_STYLE_ASSIGNMENT((#18405));
#18405 = SURFACE_STYLE_USAGE(.BOTH.,#18406);
#18406 = SURFACE_SIDE_STYLE('',(#18407));
#18407 = SURFACE_STYLE_FILL_AREA(#18408);
#18408 = FILL_AREA_STYLE('',(#18409));
#18409 = FILL_AREA_STYLE_COLOUR('',#16393);
#18410 = STYLED_ITEM('color',(#18411),#396);
#18411 = PRESENTATION_STYLE_ASSIGNMENT((#18412));
#18412 = SURFACE_STYLE_USAGE(.BOTH.,#18413);
#18413 = SURFACE_SIDE_STYLE('',(#18414));
#18414 = SURFACE_STYLE_FILL_AREA(#18415);
#18415 = FILL_AREA_STYLE('',(#18416));
#18416 = FILL_AREA_STYLE_COLOUR('',#16393);
#18417 = STYLED_ITEM('color',(#18418),#421);
#18418 = PRESENTATION_STYLE_ASSIGNMENT((#18419));
#18419 = SURFACE_STYLE_USAGE(.BOTH.,#18420);
#18420 = SURFACE_SIDE_STYLE('',(#18421));
#18421 = SURFACE_STYLE_FILL_AREA(#18422);
#18422 = FILL_AREA_STYLE('',(#18423));
#18423 = FILL_AREA_STYLE_COLOUR('',#16393);
#18424 = STYLED_ITEM('color',(#18425),#438);
#18425 = PRESENTATION_STYLE_ASSIGNMENT((#18426));
#18426 = SURFACE_STYLE_USAGE(.BOTH.,#18427);
#18427 = SURFACE_SIDE_STYLE('',(#18428));
#18428 = SURFACE_STYLE_FILL_AREA(#18429);
#18429 = FILL_AREA_STYLE('',(#18430));
#18430 = FILL_AREA_STYLE_COLOUR('',#16393);
#18431 = STYLED_ITEM('color',(#18432),#524);
#18432 = PRESENTATION_STYLE_ASSIGNMENT((#18433));
#18433 = SURFACE_STYLE_USAGE(.BOTH.,#18434);
#18434 = SURFACE_SIDE_STYLE('',(#18435));
#18435 = SURFACE_STYLE_FILL_AREA(#18436);
#18436 = FILL_AREA_STYLE('',(#18437));
#18437 = FILL_AREA_STYLE_COLOUR('',#18438);
#18438 = COLOUR_RGB('',0.379000005575,0.270000008848,0.214999999939);
#18439 = STYLED_ITEM('color',(#18440),#556);
#18440 = PRESENTATION_STYLE_ASSIGNMENT((#18441));
#18441 = SURFACE_STYLE_USAGE(.BOTH.,#18442);
#18442 = SURFACE_SIDE_STYLE('',(#18443));
#18443 = SURFACE_STYLE_FILL_AREA(#18444);
#18444 = FILL_AREA_STYLE('',(#18445));
#18445 = FILL_AREA_STYLE_COLOUR('',#18438);
#18446 = STYLED_ITEM('color',(#18447),#580);
#18447 = PRESENTATION_STYLE_ASSIGNMENT((#18448));
#18448 = SURFACE_STYLE_USAGE(.BOTH.,#18449);
#18449 = SURFACE_SIDE_STYLE('',(#18450));
#18450 = SURFACE_STYLE_FILL_AREA(#18451);
#18451 = FILL_AREA_STYLE('',(#18452));
#18452 = FILL_AREA_STYLE_COLOUR('',#18438);
#18453 = STYLED_ITEM('color',(#18454),#605);
#18454 = PRESENTATION_STYLE_ASSIGNMENT((#18455));
#18455 = SURFACE_STYLE_USAGE(.BOTH.,#18456);
#18456 = SURFACE_SIDE_STYLE('',(#18457));
#18457 = SURFACE_STYLE_FILL_AREA(#18458);
#18458 = FILL_AREA_STYLE('',(#18459));
#18459 = FILL_AREA_STYLE_COLOUR('',#18438);
#18460 = STYLED_ITEM('color',(#18461),#629);
#18461 = PRESENTATION_STYLE_ASSIGNMENT((#18462));
#18462 = SURFACE_STYLE_USAGE(.BOTH.,#18463);
#18463 = SURFACE_SIDE_STYLE('',(#18464));
#18464 = SURFACE_STYLE_FILL_AREA(#18465);
#18465 = FILL_AREA_STYLE('',(#18466));
#18466 = FILL_AREA_STYLE_COLOUR('',#18438);
#18467 = STYLED_ITEM('color',(#18468),#654);
#18468 = PRESENTATION_STYLE_ASSIGNMENT((#18469));
#18469 = SURFACE_STYLE_USAGE(.BOTH.,#18470);
#18470 = SURFACE_SIDE_STYLE('',(#18471));
#18471 = SURFACE_STYLE_FILL_AREA(#18472);
#18472 = FILL_AREA_STYLE('',(#18473));
#18473 = FILL_AREA_STYLE_COLOUR('',#18438);
#18474 = STYLED_ITEM('color',(#18475),#678);
#18475 = PRESENTATION_STYLE_ASSIGNMENT((#18476));
#18476 = SURFACE_STYLE_USAGE(.BOTH.,#18477);
#18477 = SURFACE_SIDE_STYLE('',(#18478));
#18478 = SURFACE_STYLE_FILL_AREA(#18479);
#18479 = FILL_AREA_STYLE('',(#18480));
#18480 = FILL_AREA_STYLE_COLOUR('',#18438);
#18481 = STYLED_ITEM('color',(#18482),#703);
#18482 = PRESENTATION_STYLE_ASSIGNMENT((#18483));
#18483 = SURFACE_STYLE_USAGE(.BOTH.,#18484);
#18484 = SURFACE_SIDE_STYLE('',(#18485));
#18485 = SURFACE_STYLE_FILL_AREA(#18486);
#18486 = FILL_AREA_STYLE('',(#18487));
#18487 = FILL_AREA_STYLE_COLOUR('',#18438);
#18488 = STYLED_ITEM('color',(#18489),#720);
#18489 = PRESENTATION_STYLE_ASSIGNMENT((#18490));
#18490 = SURFACE_STYLE_USAGE(.BOTH.,#18491);
#18491 = SURFACE_SIDE_STYLE('',(#18492));
#18492 = SURFACE_STYLE_FILL_AREA(#18493);
#18493 = FILL_AREA_STYLE('',(#18494));
#18494 = FILL_AREA_STYLE_COLOUR('',#16393);
#18495 = STYLED_ITEM('color',(#18496),#806);
#18496 = PRESENTATION_STYLE_ASSIGNMENT((#18497));
#18497 = SURFACE_STYLE_USAGE(.BOTH.,#18498);
#18498 = SURFACE_SIDE_STYLE('',(#18499));
#18499 = SURFACE_STYLE_FILL_AREA(#18500);
#18500 = FILL_AREA_STYLE('',(#18501));
#18501 = FILL_AREA_STYLE_COLOUR('',#16393);
#18502 = STYLED_ITEM('color',(#18503),#837);
#18503 = PRESENTATION_STYLE_ASSIGNMENT((#18504));
#18504 = SURFACE_STYLE_USAGE(.BOTH.,#18505);
#18505 = SURFACE_SIDE_STYLE('',(#18506));
#18506 = SURFACE_STYLE_FILL_AREA(#18507);
#18507 = FILL_AREA_STYLE('',(#18508));
#18508 = FILL_AREA_STYLE_COLOUR('',#16393);
#18509 = STYLED_ITEM('color',(#18510),#862);
#18510 = PRESENTATION_STYLE_ASSIGNMENT((#18511));
#18511 = SURFACE_STYLE_USAGE(.BOTH.,#18512);
#18512 = SURFACE_SIDE_STYLE('',(#18513));
#18513 = SURFACE_STYLE_FILL_AREA(#18514);
#18514 = FILL_AREA_STYLE('',(#18515));
#18515 = FILL_AREA_STYLE_COLOUR('',#16393);
#18516 = STYLED_ITEM('color',(#18517),#887);
#18517 = PRESENTATION_STYLE_ASSIGNMENT((#18518));
#18518 = SURFACE_STYLE_USAGE(.BOTH.,#18519);
#18519 = SURFACE_SIDE_STYLE('',(#18520));
#18520 = SURFACE_STYLE_FILL_AREA(#18521);
#18521 = FILL_AREA_STYLE('',(#18522));
#18522 = FILL_AREA_STYLE_COLOUR('',#16393);
#18523 = STYLED_ITEM('color',(#18524),#911);
#18524 = PRESENTATION_STYLE_ASSIGNMENT((#18525));
#18525 = SURFACE_STYLE_USAGE(.BOTH.,#18526);
#18526 = SURFACE_SIDE_STYLE('',(#18527));
#18527 = SURFACE_STYLE_FILL_AREA(#18528);
#18528 = FILL_AREA_STYLE('',(#18529));
#18529 = FILL_AREA_STYLE_COLOUR('',#16393);
#18530 = STYLED_ITEM('color',(#18531),#935);
#18531 = PRESENTATION_STYLE_ASSIGNMENT((#18532));
#18532 = SURFACE_STYLE_USAGE(.BOTH.,#18533);
#18533 = SURFACE_SIDE_STYLE('',(#18534));
#18534 = SURFACE_STYLE_FILL_AREA(#18535);
#18535 = FILL_AREA_STYLE('',(#18536));
#18536 = FILL_AREA_STYLE_COLOUR('',#16393);
#18537 = STYLED_ITEM('color',(#18538),#960);
#18538 = PRESENTATION_STYLE_ASSIGNMENT((#18539));
#18539 = SURFACE_STYLE_USAGE(.BOTH.,#18540);
#18540 = SURFACE_SIDE_STYLE('',(#18541));
#18541 = SURFACE_STYLE_FILL_AREA(#18542);
#18542 = FILL_AREA_STYLE('',(#18543));
#18543 = FILL_AREA_STYLE_COLOUR('',#16393);
#18544 = STYLED_ITEM('color',(#18545),#985);
#18545 = PRESENTATION_STYLE_ASSIGNMENT((#18546));
#18546 = SURFACE_STYLE_USAGE(.BOTH.,#18547);
#18547 = SURFACE_SIDE_STYLE('',(#18548));
#18548 = SURFACE_STYLE_FILL_AREA(#18549);
#18549 = FILL_AREA_STYLE('',(#18550));
#18550 = FILL_AREA_STYLE_COLOUR('',#16393);
#18551 = STYLED_ITEM('color',(#18552),#1002);
#18552 = PRESENTATION_STYLE_ASSIGNMENT((#18553));
#18553 = SURFACE_STYLE_USAGE(.BOTH.,#18554);
#18554 = SURFACE_SIDE_STYLE('',(#18555));
#18555 = SURFACE_STYLE_FILL_AREA(#18556);
#18556 = FILL_AREA_STYLE('',(#18557));
#18557 = FILL_AREA_STYLE_COLOUR('',#16393);
#18558 = MECHANICAL_DESIGN_GEOMETRIC_PRESENTATION_REPRESENTATION('',(
    #18559),#16291);
#18559 = STYLED_ITEM('color',(#18560),#12179);
#18560 = PRESENTATION_STYLE_ASSIGNMENT((#18561));
#18561 = SURFACE_STYLE_USAGE(.BOTH.,#18562);
#18562 = SURFACE_SIDE_STYLE('',(#18563));
#18563 = SURFACE_STYLE_FILL_AREA(#18564);
#18564 = FILL_AREA_STYLE('',(#18565));
#18565 = FILL_AREA_STYLE_COLOUR('',#18566);
#18566 = COLOUR_RGB('',0.313304153717,0.484529207832,0.410020903123);
#18567 = MECHANICAL_DESIGN_GEOMETRIC_PRESENTATION_REPRESENTATION('',(
    #18568,#18578,#18587,#18596,#18605,#18614,#18623,#18632,#18641,
    #18650,#18659,#18668,#18677,#18686,#18695,#18704,#18713,#18722,
    #18731,#18740,#18749,#18758,#18767,#18776,#18785,#18794,#18803,
    #18812,#18821,#18830,#18839,#18848,#18857,#18866,#18875,#18884,
    #18893,#18902,#18911,#18920,#18929,#18938,#18947,#18956,#18965,
    #18974,#18983,#18992,#19001,#19010,#19019,#19028,#19037,#19046,
    #19055,#19064,#19073,#19082,#19091,#19100,#19109,#19118,#19127,
    #19136,#19145,#19154,#19163,#19172,#19181,#19190,#19199,#19208,
    #19217,#19226,#19235,#19244,#19253,#19262,#19271,#19280,#19289,
    #19298,#19307,#19316,#19325,#19334,#19343,#19352,#19361,#19370,
    #19379,#19388,#19397,#19406,#19415,#19424,#19433,#19442,#19451,
    #19460,#19469,#19478,#19487,#19496),#12160);
#18568 = STYLED_ITEM('color',(#18569),#9310);
#18569 = PRESENTATION_STYLE_ASSIGNMENT((#18570,#18576));
#18570 = SURFACE_STYLE_USAGE(.BOTH.,#18571);
#18571 = SURFACE_SIDE_STYLE('',(#18572));
#18572 = SURFACE_STYLE_FILL_AREA(#18573);
#18573 = FILL_AREA_STYLE('',(#18574));
#18574 = FILL_AREA_STYLE_COLOUR('',#18575);
#18575 = COLOUR_RGB('',0.339999993741,0.679999990811,0.445000007484);
#18576 = CURVE_STYLE('',#18577,POSITIVE_LENGTH_MEASURE(0.1),#18575);
#18577 = DRAUGHTING_PRE_DEFINED_CURVE_FONT('continuous');
#18578 = OVER_RIDING_STYLED_ITEM('overriding color',(#18579),#9412,
  #18568);
#18579 = PRESENTATION_STYLE_ASSIGNMENT((#18580,#18585));
#18580 = SURFACE_STYLE_USAGE(.BOTH.,#18581);
#18581 = SURFACE_SIDE_STYLE('',(#18582));
#18582 = SURFACE_STYLE_FILL_AREA(#18583);
#18583 = FILL_AREA_STYLE('',(#18584));
#18584 = FILL_AREA_STYLE_COLOUR('',#16393);
#18585 = CURVE_STYLE('',#18586,POSITIVE_LENGTH_MEASURE(0.1),#16393);
#18586 = DRAUGHTING_PRE_DEFINED_CURVE_FONT('continuous');
#18587 = OVER_RIDING_STYLED_ITEM('overriding color',(#18588),#9422,
  #18568);
#18588 = PRESENTATION_STYLE_ASSIGNMENT((#18589,#18594));
#18589 = SURFACE_STYLE_USAGE(.BOTH.,#18590);
#18590 = SURFACE_SIDE_STYLE('',(#18591));
#18591 = SURFACE_STYLE_FILL_AREA(#18592);
#18592 = FILL_AREA_STYLE('',(#18593));
#18593 = FILL_AREA_STYLE_COLOUR('',#16393);
#18594 = CURVE_STYLE('',#18595,POSITIVE_LENGTH_MEASURE(0.1),#16393);
#18595 = DRAUGHTING_PRE_DEFINED_CURVE_FONT('continuous');
#18596 = OVER_RIDING_STYLED_ITEM('overriding color',(#18597),#9430,
  #18568);
#18597 = PRESENTATION_STYLE_ASSIGNMENT((#18598,#18603));
#18598 = SURFACE_STYLE_USAGE(.BOTH.,#18599);
#18599 = SURFACE_SIDE_STYLE('',(#18600));
#18600 = SURFACE_STYLE_FILL_AREA(#18601);
#18601 = FILL_AREA_STYLE('',(#18602));
#18602 = FILL_AREA_STYLE_COLOUR('',#16393);
#18603 = CURVE_STYLE('',#18604,POSITIVE_LENGTH_MEASURE(0.1),#16393);
#18604 = DRAUGHTING_PRE_DEFINED_CURVE_FONT('continuous');
#18605 = OVER_RIDING_STYLED_ITEM('overriding color',(#18606),#9438,
  #18568);
#18606 = PRESENTATION_STYLE_ASSIGNMENT((#18607,#18612));
#18607 = SURFACE_STYLE_USAGE(.BOTH.,#18608);
#18608 = SURFACE_SIDE_STYLE('',(#18609));
#18609 = SURFACE_STYLE_FILL_AREA(#18610);
#18610 = FILL_AREA_STYLE('',(#18611));
#18611 = FILL_AREA_STYLE_COLOUR('',#16393);
#18612 = CURVE_STYLE('',#18613,POSITIVE_LENGTH_MEASURE(0.1),#16393);
#18613 = DRAUGHTING_PRE_DEFINED_CURVE_FONT('continuous');
#18614 = OVER_RIDING_STYLED_ITEM('overriding color',(#18615),#9446,
  #18568);
#18615 = PRESENTATION_STYLE_ASSIGNMENT((#18616,#18621));
#18616 = SURFACE_STYLE_USAGE(.BOTH.,#18617);
#18617 = SURFACE_SIDE_STYLE('',(#18618));
#18618 = SURFACE_STYLE_FILL_AREA(#18619);
#18619 = FILL_AREA_STYLE('',(#18620));
#18620 = FILL_AREA_STYLE_COLOUR('',#16393);
#18621 = CURVE_STYLE('',#18622,POSITIVE_LENGTH_MEASURE(0.1),#16393);
#18622 = DRAUGHTING_PRE_DEFINED_CURVE_FONT('continuous');
#18623 = OVER_RIDING_STYLED_ITEM('overriding color',(#18624),#9456,
  #18568);
#18624 = PRESENTATION_STYLE_ASSIGNMENT((#18625,#18630));
#18625 = SURFACE_STYLE_USAGE(.BOTH.,#18626);
#18626 = SURFACE_SIDE_STYLE('',(#18627));
#18627 = SURFACE_STYLE_FILL_AREA(#18628);
#18628 = FILL_AREA_STYLE('',(#18629));
#18629 = FILL_AREA_STYLE_COLOUR('',#16393);
#18630 = CURVE_STYLE('',#18631,POSITIVE_LENGTH_MEASURE(0.1),#16393);
#18631 = DRAUGHTING_PRE_DEFINED_CURVE_FONT('continuous');
#18632 = OVER_RIDING_STYLED_ITEM('overriding color',(#18633),#9464,
  #18568);
#18633 = PRESENTATION_STYLE_ASSIGNMENT((#18634,#18639));
#18634 = SURFACE_STYLE_USAGE(.BOTH.,#18635);
#18635 = SURFACE_SIDE_STYLE('',(#18636));
#18636 = SURFACE_STYLE_FILL_AREA(#18637);
#18637 = FILL_AREA_STYLE('',(#18638));
#18638 = FILL_AREA_STYLE_COLOUR('',#16393);
#18639 = CURVE_STYLE('',#18640,POSITIVE_LENGTH_MEASURE(0.1),#16393);
#18640 = DRAUGHTING_PRE_DEFINED_CURVE_FONT('continuous');
#18641 = OVER_RIDING_STYLED_ITEM('overriding color',(#18642),#9472,
  #18568);
#18642 = PRESENTATION_STYLE_ASSIGNMENT((#18643,#18648));
#18643 = SURFACE_STYLE_USAGE(.BOTH.,#18644);
#18644 = SURFACE_SIDE_STYLE('',(#18645));
#18645 = SURFACE_STYLE_FILL_AREA(#18646);
#18646 = FILL_AREA_STYLE('',(#18647));
#18647 = FILL_AREA_STYLE_COLOUR('',#16393);
#18648 = CURVE_STYLE('',#18649,POSITIVE_LENGTH_MEASURE(0.1),#16393);
#18649 = DRAUGHTING_PRE_DEFINED_CURVE_FONT('continuous');
#18650 = STYLED_ITEM('color',(#18651),#9482);
#18651 = PRESENTATION_STYLE_ASSIGNMENT((#18652,#18657));
#18652 = SURFACE_STYLE_USAGE(.BOTH.,#18653);
#18653 = SURFACE_SIDE_STYLE('',(#18654));
#18654 = SURFACE_STYLE_FILL_AREA(#18655);
#18655 = FILL_AREA_STYLE('',(#18656));
#18656 = FILL_AREA_STYLE_COLOUR('',#18575);
#18657 = CURVE_STYLE('',#18658,POSITIVE_LENGTH_MEASURE(0.1),#18575);
#18658 = DRAUGHTING_PRE_DEFINED_CURVE_FONT('continuous');
#18659 = STYLED_ITEM('color',(#18660),#9568);
#18660 = PRESENTATION_STYLE_ASSIGNMENT((#18661,#18666));
#18661 = SURFACE_STYLE_USAGE(.BOTH.,#18662);
#18662 = SURFACE_SIDE_STYLE('',(#18663));
#18663 = SURFACE_STYLE_FILL_AREA(#18664);
#18664 = FILL_AREA_STYLE('',(#18665));
#18665 = FILL_AREA_STYLE_COLOUR('',#18575);
#18666 = CURVE_STYLE('',#18667,POSITIVE_LENGTH_MEASURE(0.1),#18575);
#18667 = DRAUGHTING_PRE_DEFINED_CURVE_FONT('continuous');
#18668 = STYLED_ITEM('color',(#18669),#9660);
#18669 = PRESENTATION_STYLE_ASSIGNMENT((#18670,#18675));
#18670 = SURFACE_STYLE_USAGE(.BOTH.,#18671);
#18671 = SURFACE_SIDE_STYLE('',(#18672));
#18672 = SURFACE_STYLE_FILL_AREA(#18673);
#18673 = FILL_AREA_STYLE('',(#18674));
#18674 = FILL_AREA_STYLE_COLOUR('',#18575);
#18675 = CURVE_STYLE('',#18676,POSITIVE_LENGTH_MEASURE(0.1),#18575);
#18676 = DRAUGHTING_PRE_DEFINED_CURVE_FONT('continuous');
#18677 = STYLED_ITEM('color',(#18678),#9684);
#18678 = PRESENTATION_STYLE_ASSIGNMENT((#18679,#18684));
#18679 = SURFACE_STYLE_USAGE(.BOTH.,#18680);
#18680 = SURFACE_SIDE_STYLE('',(#18681));
#18681 = SURFACE_STYLE_FILL_AREA(#18682);
#18682 = FILL_AREA_STYLE('',(#18683));
#18683 = FILL_AREA_STYLE_COLOUR('',#18575);
#18684 = CURVE_STYLE('',#18685,POSITIVE_LENGTH_MEASURE(0.1),#18575);
#18685 = DRAUGHTING_PRE_DEFINED_CURVE_FONT('continuous');
#18686 = STYLED_ITEM('color',(#18687),#9763);
#18687 = PRESENTATION_STYLE_ASSIGNMENT((#18688,#18693));
#18688 = SURFACE_STYLE_USAGE(.BOTH.,#18689);
#18689 = SURFACE_SIDE_STYLE('',(#18690));
#18690 = SURFACE_STYLE_FILL_AREA(#18691);
#18691 = FILL_AREA_STYLE('',(#18692));
#18692 = FILL_AREA_STYLE_COLOUR('',#18575);
#18693 = CURVE_STYLE('',#18694,POSITIVE_LENGTH_MEASURE(0.1),#18575);
#18694 = DRAUGHTING_PRE_DEFINED_CURVE_FONT('continuous');
#18695 = STYLED_ITEM('color',(#18696),#9787);
#18696 = PRESENTATION_STYLE_ASSIGNMENT((#18697,#18702));
#18697 = SURFACE_STYLE_USAGE(.BOTH.,#18698);
#18698 = SURFACE_SIDE_STYLE('',(#18699));
#18699 = SURFACE_STYLE_FILL_AREA(#18700);
#18700 = FILL_AREA_STYLE('',(#18701));
#18701 = FILL_AREA_STYLE_COLOUR('',#18575);
#18702 = CURVE_STYLE('',#18703,POSITIVE_LENGTH_MEASURE(0.1),#18575);
#18703 = DRAUGHTING_PRE_DEFINED_CURVE_FONT('continuous');
#18704 = STYLED_ITEM('color',(#18705),#9811);
#18705 = PRESENTATION_STYLE_ASSIGNMENT((#18706,#18711));
#18706 = SURFACE_STYLE_USAGE(.BOTH.,#18707);
#18707 = SURFACE_SIDE_STYLE('',(#18708));
#18708 = SURFACE_STYLE_FILL_AREA(#18709);
#18709 = FILL_AREA_STYLE('',(#18710));
#18710 = FILL_AREA_STYLE_COLOUR('',#18575);
#18711 = CURVE_STYLE('',#18712,POSITIVE_LENGTH_MEASURE(0.1),#18575);
#18712 = DRAUGHTING_PRE_DEFINED_CURVE_FONT('continuous');
#18713 = STYLED_ITEM('color',(#18714),#9828);
#18714 = PRESENTATION_STYLE_ASSIGNMENT((#18715,#18720));
#18715 = SURFACE_STYLE_USAGE(.BOTH.,#18716);
#18716 = SURFACE_SIDE_STYLE('',(#18717));
#18717 = SURFACE_STYLE_FILL_AREA(#18718);
#18718 = FILL_AREA_STYLE('',(#18719));
#18719 = FILL_AREA_STYLE_COLOUR('',#18575);
#18720 = CURVE_STYLE('',#18721,POSITIVE_LENGTH_MEASURE(0.1),#18575);
#18721 = DRAUGHTING_PRE_DEFINED_CURVE_FONT('continuous');
#18722 = STYLED_ITEM('color',(#18723),#9852);
#18723 = PRESENTATION_STYLE_ASSIGNMENT((#18724,#18729));
#18724 = SURFACE_STYLE_USAGE(.BOTH.,#18725);
#18725 = SURFACE_SIDE_STYLE('',(#18726));
#18726 = SURFACE_STYLE_FILL_AREA(#18727);
#18727 = FILL_AREA_STYLE('',(#18728));
#18728 = FILL_AREA_STYLE_COLOUR('',#18575);
#18729 = CURVE_STYLE('',#18730,POSITIVE_LENGTH_MEASURE(0.1),#18575);
#18730 = DRAUGHTING_PRE_DEFINED_CURVE_FONT('continuous');
#18731 = STYLED_ITEM('color',(#18732),#9869);
#18732 = PRESENTATION_STYLE_ASSIGNMENT((#18733,#18738));
#18733 = SURFACE_STYLE_USAGE(.BOTH.,#18734);
#18734 = SURFACE_SIDE_STYLE('',(#18735));
#18735 = SURFACE_STYLE_FILL_AREA(#18736);
#18736 = FILL_AREA_STYLE('',(#18737));
#18737 = FILL_AREA_STYLE_COLOUR('',#18575);
#18738 = CURVE_STYLE('',#18739,POSITIVE_LENGTH_MEASURE(0.1),#18575);
#18739 = DRAUGHTING_PRE_DEFINED_CURVE_FONT('continuous');
#18740 = STYLED_ITEM('color',(#18741),#9886);
#18741 = PRESENTATION_STYLE_ASSIGNMENT((#18742,#18747));
#18742 = SURFACE_STYLE_USAGE(.BOTH.,#18743);
#18743 = SURFACE_SIDE_STYLE('',(#18744));
#18744 = SURFACE_STYLE_FILL_AREA(#18745);
#18745 = FILL_AREA_STYLE('',(#18746));
#18746 = FILL_AREA_STYLE_COLOUR('',#16393);
#18747 = CURVE_STYLE('',#18748,POSITIVE_LENGTH_MEASURE(0.1),#16393);
#18748 = DRAUGHTING_PRE_DEFINED_CURVE_FONT('continuous');
#18749 = STYLED_ITEM('color',(#18750),#9917);
#18750 = PRESENTATION_STYLE_ASSIGNMENT((#18751,#18756));
#18751 = SURFACE_STYLE_USAGE(.BOTH.,#18752);
#18752 = SURFACE_SIDE_STYLE('',(#18753));
#18753 = SURFACE_STYLE_FILL_AREA(#18754);
#18754 = FILL_AREA_STYLE('',(#18755));
#18755 = FILL_AREA_STYLE_COLOUR('',#16393);
#18756 = CURVE_STYLE('',#18757,POSITIVE_LENGTH_MEASURE(0.1),#16393);
#18757 = DRAUGHTING_PRE_DEFINED_CURVE_FONT('continuous');
#18758 = STYLED_ITEM('color',(#18759),#9941);
#18759 = PRESENTATION_STYLE_ASSIGNMENT((#18760,#18765));
#18760 = SURFACE_STYLE_USAGE(.BOTH.,#18761);
#18761 = SURFACE_SIDE_STYLE('',(#18762));
#18762 = SURFACE_STYLE_FILL_AREA(#18763);
#18763 = FILL_AREA_STYLE('',(#18764));
#18764 = FILL_AREA_STYLE_COLOUR('',#16393);
#18765 = CURVE_STYLE('',#18766,POSITIVE_LENGTH_MEASURE(0.1),#16393);
#18766 = DRAUGHTING_PRE_DEFINED_CURVE_FONT('continuous');
#18767 = STYLED_ITEM('color',(#18768),#9965);
#18768 = PRESENTATION_STYLE_ASSIGNMENT((#18769,#18774));
#18769 = SURFACE_STYLE_USAGE(.BOTH.,#18770);
#18770 = SURFACE_SIDE_STYLE('',(#18771));
#18771 = SURFACE_STYLE_FILL_AREA(#18772);
#18772 = FILL_AREA_STYLE('',(#18773));
#18773 = FILL_AREA_STYLE_COLOUR('',#16393);
#18774 = CURVE_STYLE('',#18775,POSITIVE_LENGTH_MEASURE(0.1),#16393);
#18775 = DRAUGHTING_PRE_DEFINED_CURVE_FONT('continuous');
#18776 = STYLED_ITEM('color',(#18777),#9982);
#18777 = PRESENTATION_STYLE_ASSIGNMENT((#18778,#18783));
#18778 = SURFACE_STYLE_USAGE(.BOTH.,#18779);
#18779 = SURFACE_SIDE_STYLE('',(#18780));
#18780 = SURFACE_STYLE_FILL_AREA(#18781);
#18781 = FILL_AREA_STYLE('',(#18782));
#18782 = FILL_AREA_STYLE_COLOUR('',#16393);
#18783 = CURVE_STYLE('',#18784,POSITIVE_LENGTH_MEASURE(0.1),#16393);
#18784 = DRAUGHTING_PRE_DEFINED_CURVE_FONT('continuous');
#18785 = STYLED_ITEM('color',(#18786),#10013);
#18786 = PRESENTATION_STYLE_ASSIGNMENT((#18787,#18792));
#18787 = SURFACE_STYLE_USAGE(.BOTH.,#18788);
#18788 = SURFACE_SIDE_STYLE('',(#18789));
#18789 = SURFACE_STYLE_FILL_AREA(#18790);
#18790 = FILL_AREA_STYLE('',(#18791));
#18791 = FILL_AREA_STYLE_COLOUR('',#16393);
#18792 = CURVE_STYLE('',#18793,POSITIVE_LENGTH_MEASURE(0.1),#16393);
#18793 = DRAUGHTING_PRE_DEFINED_CURVE_FONT('continuous');
#18794 = STYLED_ITEM('color',(#18795),#10037);
#18795 = PRESENTATION_STYLE_ASSIGNMENT((#18796,#18801));
#18796 = SURFACE_STYLE_USAGE(.BOTH.,#18797);
#18797 = SURFACE_SIDE_STYLE('',(#18798));
#18798 = SURFACE_STYLE_FILL_AREA(#18799);
#18799 = FILL_AREA_STYLE('',(#18800));
#18800 = FILL_AREA_STYLE_COLOUR('',#16393);
#18801 = CURVE_STYLE('',#18802,POSITIVE_LENGTH_MEASURE(0.1),#16393);
#18802 = DRAUGHTING_PRE_DEFINED_CURVE_FONT('continuous');
#18803 = STYLED_ITEM('color',(#18804),#10061);
#18804 = PRESENTATION_STYLE_ASSIGNMENT((#18805,#18810));
#18805 = SURFACE_STYLE_USAGE(.BOTH.,#18806);
#18806 = SURFACE_SIDE_STYLE('',(#18807));
#18807 = SURFACE_STYLE_FILL_AREA(#18808);
#18808 = FILL_AREA_STYLE('',(#18809));
#18809 = FILL_AREA_STYLE_COLOUR('',#16393);
#18810 = CURVE_STYLE('',#18811,POSITIVE_LENGTH_MEASURE(0.1),#16393);
#18811 = DRAUGHTING_PRE_DEFINED_CURVE_FONT('continuous');
#18812 = STYLED_ITEM('color',(#18813),#10078);
#18813 = PRESENTATION_STYLE_ASSIGNMENT((#18814,#18819));
#18814 = SURFACE_STYLE_USAGE(.BOTH.,#18815);
#18815 = SURFACE_SIDE_STYLE('',(#18816));
#18816 = SURFACE_STYLE_FILL_AREA(#18817);
#18817 = FILL_AREA_STYLE('',(#18818));
#18818 = FILL_AREA_STYLE_COLOUR('',#18575);
#18819 = CURVE_STYLE('',#18820,POSITIVE_LENGTH_MEASURE(0.1),#18575);
#18820 = DRAUGHTING_PRE_DEFINED_CURVE_FONT('continuous');
#18821 = STYLED_ITEM('color',(#18822),#10100);
#18822 = PRESENTATION_STYLE_ASSIGNMENT((#18823,#18828));
#18823 = SURFACE_STYLE_USAGE(.BOTH.,#18824);
#18824 = SURFACE_SIDE_STYLE('',(#18825));
#18825 = SURFACE_STYLE_FILL_AREA(#18826);
#18826 = FILL_AREA_STYLE('',(#18827));
#18827 = FILL_AREA_STYLE_COLOUR('',#18575);
#18828 = CURVE_STYLE('',#18829,POSITIVE_LENGTH_MEASURE(0.1),#18575);
#18829 = DRAUGHTING_PRE_DEFINED_CURVE_FONT('continuous');
#18830 = STYLED_ITEM('color',(#18831),#10139);
#18831 = PRESENTATION_STYLE_ASSIGNMENT((#18832,#18837));
#18832 = SURFACE_STYLE_USAGE(.BOTH.,#18833);
#18833 = SURFACE_SIDE_STYLE('',(#18834));
#18834 = SURFACE_STYLE_FILL_AREA(#18835);
#18835 = FILL_AREA_STYLE('',(#18836));
#18836 = FILL_AREA_STYLE_COLOUR('',#18575);
#18837 = CURVE_STYLE('',#18838,POSITIVE_LENGTH_MEASURE(0.1),#18575);
#18838 = DRAUGHTING_PRE_DEFINED_CURVE_FONT('continuous');
#18839 = STYLED_ITEM('color',(#18840),#10156);
#18840 = PRESENTATION_STYLE_ASSIGNMENT((#18841,#18846));
#18841 = SURFACE_STYLE_USAGE(.BOTH.,#18842);
#18842 = SURFACE_SIDE_STYLE('',(#18843));
#18843 = SURFACE_STYLE_FILL_AREA(#18844);
#18844 = FILL_AREA_STYLE('',(#18845));
#18845 = FILL_AREA_STYLE_COLOUR('',#18575);
#18846 = CURVE_STYLE('',#18847,POSITIVE_LENGTH_MEASURE(0.1),#18575);
#18847 = DRAUGHTING_PRE_DEFINED_CURVE_FONT('continuous');
#18848 = STYLED_ITEM('color',(#18849),#10168);
#18849 = PRESENTATION_STYLE_ASSIGNMENT((#18850,#18855));
#18850 = SURFACE_STYLE_USAGE(.BOTH.,#18851);
#18851 = SURFACE_SIDE_STYLE('',(#18852));
#18852 = SURFACE_STYLE_FILL_AREA(#18853);
#18853 = FILL_AREA_STYLE('',(#18854));
#18854 = FILL_AREA_STYLE_COLOUR('',#18575);
#18855 = CURVE_STYLE('',#18856,POSITIVE_LENGTH_MEASURE(0.1),#18575);
#18856 = DRAUGHTING_PRE_DEFINED_CURVE_FONT('continuous');
#18857 = STYLED_ITEM('color',(#18858),#10180);
#18858 = PRESENTATION_STYLE_ASSIGNMENT((#18859,#18864));
#18859 = SURFACE_STYLE_USAGE(.BOTH.,#18860);
#18860 = SURFACE_SIDE_STYLE('',(#18861));
#18861 = SURFACE_STYLE_FILL_AREA(#18862);
#18862 = FILL_AREA_STYLE('',(#18863));
#18863 = FILL_AREA_STYLE_COLOUR('',#18575);
#18864 = CURVE_STYLE('',#18865,POSITIVE_LENGTH_MEASURE(0.1),#18575);
#18865 = DRAUGHTING_PRE_DEFINED_CURVE_FONT('continuous');
#18866 = STYLED_ITEM('color',(#18867),#10192);
#18867 = PRESENTATION_STYLE_ASSIGNMENT((#18868,#18873));
#18868 = SURFACE_STYLE_USAGE(.BOTH.,#18869);
#18869 = SURFACE_SIDE_STYLE('',(#18870));
#18870 = SURFACE_STYLE_FILL_AREA(#18871);
#18871 = FILL_AREA_STYLE('',(#18872));
#18872 = FILL_AREA_STYLE_COLOUR('',#18575);
#18873 = CURVE_STYLE('',#18874,POSITIVE_LENGTH_MEASURE(0.1),#18575);
#18874 = DRAUGHTING_PRE_DEFINED_CURVE_FONT('continuous');
#18875 = STYLED_ITEM('color',(#18876),#10221);
#18876 = PRESENTATION_STYLE_ASSIGNMENT((#18877,#18882));
#18877 = SURFACE_STYLE_USAGE(.BOTH.,#18878);
#18878 = SURFACE_SIDE_STYLE('',(#18879));
#18879 = SURFACE_STYLE_FILL_AREA(#18880);
#18880 = FILL_AREA_STYLE('',(#18881));
#18881 = FILL_AREA_STYLE_COLOUR('',#18575);
#18882 = CURVE_STYLE('',#18883,POSITIVE_LENGTH_MEASURE(0.1),#18575);
#18883 = DRAUGHTING_PRE_DEFINED_CURVE_FONT('continuous');
#18884 = STYLED_ITEM('color',(#18885),#10260);
#18885 = PRESENTATION_STYLE_ASSIGNMENT((#18886,#18891));
#18886 = SURFACE_STYLE_USAGE(.BOTH.,#18887);
#18887 = SURFACE_SIDE_STYLE('',(#18888));
#18888 = SURFACE_STYLE_FILL_AREA(#18889);
#18889 = FILL_AREA_STYLE('',(#18890));
#18890 = FILL_AREA_STYLE_COLOUR('',#18575);
#18891 = CURVE_STYLE('',#18892,POSITIVE_LENGTH_MEASURE(0.1),#18575);
#18892 = DRAUGHTING_PRE_DEFINED_CURVE_FONT('continuous');
#18893 = STYLED_ITEM('color',(#18894),#10283);
#18894 = PRESENTATION_STYLE_ASSIGNMENT((#18895,#18900));
#18895 = SURFACE_STYLE_USAGE(.BOTH.,#18896);
#18896 = SURFACE_SIDE_STYLE('',(#18897));
#18897 = SURFACE_STYLE_FILL_AREA(#18898);
#18898 = FILL_AREA_STYLE('',(#18899));
#18899 = FILL_AREA_STYLE_COLOUR('',#18575);
#18900 = CURVE_STYLE('',#18901,POSITIVE_LENGTH_MEASURE(0.1),#18575);
#18901 = DRAUGHTING_PRE_DEFINED_CURVE_FONT('continuous');
#18902 = STYLED_ITEM('color',(#18903),#10300);
#18903 = PRESENTATION_STYLE_ASSIGNMENT((#18904,#18909));
#18904 = SURFACE_STYLE_USAGE(.BOTH.,#18905);
#18905 = SURFACE_SIDE_STYLE('',(#18906));
#18906 = SURFACE_STYLE_FILL_AREA(#18907);
#18907 = FILL_AREA_STYLE('',(#18908));
#18908 = FILL_AREA_STYLE_COLOUR('',#18575);
#18909 = CURVE_STYLE('',#18910,POSITIVE_LENGTH_MEASURE(0.1),#18575);
#18910 = DRAUGHTING_PRE_DEFINED_CURVE_FONT('continuous');
#18911 = STYLED_ITEM('color',(#18912),#10329);
#18912 = PRESENTATION_STYLE_ASSIGNMENT((#18913,#18918));
#18913 = SURFACE_STYLE_USAGE(.BOTH.,#18914);
#18914 = SURFACE_SIDE_STYLE('',(#18915));
#18915 = SURFACE_STYLE_FILL_AREA(#18916);
#18916 = FILL_AREA_STYLE('',(#18917));
#18917 = FILL_AREA_STYLE_COLOUR('',#18575);
#18918 = CURVE_STYLE('',#18919,POSITIVE_LENGTH_MEASURE(0.1),#18575);
#18919 = DRAUGHTING_PRE_DEFINED_CURVE_FONT('continuous');
#18920 = STYLED_ITEM('color',(#18921),#10368);
#18921 = PRESENTATION_STYLE_ASSIGNMENT((#18922,#18927));
#18922 = SURFACE_STYLE_USAGE(.BOTH.,#18923);
#18923 = SURFACE_SIDE_STYLE('',(#18924));
#18924 = SURFACE_STYLE_FILL_AREA(#18925);
#18925 = FILL_AREA_STYLE('',(#18926));
#18926 = FILL_AREA_STYLE_COLOUR('',#18575);
#18927 = CURVE_STYLE('',#18928,POSITIVE_LENGTH_MEASURE(0.1),#18575);
#18928 = DRAUGHTING_PRE_DEFINED_CURVE_FONT('continuous');
#18929 = STYLED_ITEM('color',(#18930),#10391);
#18930 = PRESENTATION_STYLE_ASSIGNMENT((#18931,#18936));
#18931 = SURFACE_STYLE_USAGE(.BOTH.,#18932);
#18932 = SURFACE_SIDE_STYLE('',(#18933));
#18933 = SURFACE_STYLE_FILL_AREA(#18934);
#18934 = FILL_AREA_STYLE('',(#18935));
#18935 = FILL_AREA_STYLE_COLOUR('',#18575);
#18936 = CURVE_STYLE('',#18937,POSITIVE_LENGTH_MEASURE(0.1),#18575);
#18937 = DRAUGHTING_PRE_DEFINED_CURVE_FONT('continuous');
#18938 = STYLED_ITEM('color',(#18939),#10408);
#18939 = PRESENTATION_STYLE_ASSIGNMENT((#18940,#18945));
#18940 = SURFACE_STYLE_USAGE(.BOTH.,#18941);
#18941 = SURFACE_SIDE_STYLE('',(#18942));
#18942 = SURFACE_STYLE_FILL_AREA(#18943);
#18943 = FILL_AREA_STYLE('',(#18944));
#18944 = FILL_AREA_STYLE_COLOUR('',#18575);
#18945 = CURVE_STYLE('',#18946,POSITIVE_LENGTH_MEASURE(0.1),#18575);
#18946 = DRAUGHTING_PRE_DEFINED_CURVE_FONT('continuous');
#18947 = STYLED_ITEM('color',(#18948),#10420);
#18948 = PRESENTATION_STYLE_ASSIGNMENT((#18949,#18954));
#18949 = SURFACE_STYLE_USAGE(.BOTH.,#18950);
#18950 = SURFACE_SIDE_STYLE('',(#18951));
#18951 = SURFACE_STYLE_FILL_AREA(#18952);
#18952 = FILL_AREA_STYLE('',(#18953));
#18953 = FILL_AREA_STYLE_COLOUR('',#16393);
#18954 = CURVE_STYLE('',#18955,POSITIVE_LENGTH_MEASURE(0.1),#16393);
#18955 = DRAUGHTING_PRE_DEFINED_CURVE_FONT('continuous');
#18956 = STYLED_ITEM('color',(#18957),#10432);
#18957 = PRESENTATION_STYLE_ASSIGNMENT((#18958,#18963));
#18958 = SURFACE_STYLE_USAGE(.BOTH.,#18959);
#18959 = SURFACE_SIDE_STYLE('',(#18960));
#18960 = SURFACE_STYLE_FILL_AREA(#18961);
#18961 = FILL_AREA_STYLE('',(#18962));
#18962 = FILL_AREA_STYLE_COLOUR('',#16393);
#18963 = CURVE_STYLE('',#18964,POSITIVE_LENGTH_MEASURE(0.1),#16393);
#18964 = DRAUGHTING_PRE_DEFINED_CURVE_FONT('continuous');
#18965 = STYLED_ITEM('color',(#18966),#10444);
#18966 = PRESENTATION_STYLE_ASSIGNMENT((#18967,#18972));
#18967 = SURFACE_STYLE_USAGE(.BOTH.,#18968);
#18968 = SURFACE_SIDE_STYLE('',(#18969));
#18969 = SURFACE_STYLE_FILL_AREA(#18970);
#18970 = FILL_AREA_STYLE('',(#18971));
#18971 = FILL_AREA_STYLE_COLOUR('',#18575);
#18972 = CURVE_STYLE('',#18973,POSITIVE_LENGTH_MEASURE(0.1),#18575);
#18973 = DRAUGHTING_PRE_DEFINED_CURVE_FONT('continuous');
#18974 = STYLED_ITEM('color',(#18975),#10603);
#18975 = PRESENTATION_STYLE_ASSIGNMENT((#18976,#18981));
#18976 = SURFACE_STYLE_USAGE(.BOTH.,#18977);
#18977 = SURFACE_SIDE_STYLE('',(#18978));
#18978 = SURFACE_STYLE_FILL_AREA(#18979);
#18979 = FILL_AREA_STYLE('',(#18980));
#18980 = FILL_AREA_STYLE_COLOUR('',#18575);
#18981 = CURVE_STYLE('',#18982,POSITIVE_LENGTH_MEASURE(0.1),#18575);
#18982 = DRAUGHTING_PRE_DEFINED_CURVE_FONT('continuous');
#18983 = STYLED_ITEM('color',(#18984),#10762);
#18984 = PRESENTATION_STYLE_ASSIGNMENT((#18985,#18990));
#18985 = SURFACE_STYLE_USAGE(.BOTH.,#18986);
#18986 = SURFACE_SIDE_STYLE('',(#18987));
#18987 = SURFACE_STYLE_FILL_AREA(#18988);
#18988 = FILL_AREA_STYLE('',(#18989));
#18989 = FILL_AREA_STYLE_COLOUR('',#18575);
#18990 = CURVE_STYLE('',#18991,POSITIVE_LENGTH_MEASURE(0.1),#18575);
#18991 = DRAUGHTING_PRE_DEFINED_CURVE_FONT('continuous');
#18992 = STYLED_ITEM('color',(#18993),#10786);
#18993 = PRESENTATION_STYLE_ASSIGNMENT((#18994,#18999));
#18994 = SURFACE_STYLE_USAGE(.BOTH.,#18995);
#18995 = SURFACE_SIDE_STYLE('',(#18996));
#18996 = SURFACE_STYLE_FILL_AREA(#18997);
#18997 = FILL_AREA_STYLE('',(#18998));
#18998 = FILL_AREA_STYLE_COLOUR('',#18575);
#18999 = CURVE_STYLE('',#19000,POSITIVE_LENGTH_MEASURE(0.1),#18575);
#19000 = DRAUGHTING_PRE_DEFINED_CURVE_FONT('continuous');
#19001 = STYLED_ITEM('color',(#19002),#10810);
#19002 = PRESENTATION_STYLE_ASSIGNMENT((#19003,#19008));
#19003 = SURFACE_STYLE_USAGE(.BOTH.,#19004);
#19004 = SURFACE_SIDE_STYLE('',(#19005));
#19005 = SURFACE_STYLE_FILL_AREA(#19006);
#19006 = FILL_AREA_STYLE('',(#19007));
#19007 = FILL_AREA_STYLE_COLOUR('',#16393);
#19008 = CURVE_STYLE('',#19009,POSITIVE_LENGTH_MEASURE(0.1),#16393);
#19009 = DRAUGHTING_PRE_DEFINED_CURVE_FONT('continuous');
#19010 = STYLED_ITEM('color',(#19011),#10861);
#19011 = PRESENTATION_STYLE_ASSIGNMENT((#19012,#19017));
#19012 = SURFACE_STYLE_USAGE(.BOTH.,#19013);
#19013 = SURFACE_SIDE_STYLE('',(#19014));
#19014 = SURFACE_STYLE_FILL_AREA(#19015);
#19015 = FILL_AREA_STYLE('',(#19016));
#19016 = FILL_AREA_STYLE_COLOUR('',#18575);
#19017 = CURVE_STYLE('',#19018,POSITIVE_LENGTH_MEASURE(0.1),#18575);
#19018 = DRAUGHTING_PRE_DEFINED_CURVE_FONT('continuous');
#19019 = STYLED_ITEM('color',(#19020),#10873);
#19020 = PRESENTATION_STYLE_ASSIGNMENT((#19021,#19026));
#19021 = SURFACE_STYLE_USAGE(.BOTH.,#19022);
#19022 = SURFACE_SIDE_STYLE('',(#19023));
#19023 = SURFACE_STYLE_FILL_AREA(#19024);
#19024 = FILL_AREA_STYLE('',(#19025));
#19025 = FILL_AREA_STYLE_COLOUR('',#18575);
#19026 = CURVE_STYLE('',#19027,POSITIVE_LENGTH_MEASURE(0.1),#18575);
#19027 = DRAUGHTING_PRE_DEFINED_CURVE_FONT('continuous');
#19028 = STYLED_ITEM('color',(#19029),#10897);
#19029 = PRESENTATION_STYLE_ASSIGNMENT((#19030,#19035));
#19030 = SURFACE_STYLE_USAGE(.BOTH.,#19031);
#19031 = SURFACE_SIDE_STYLE('',(#19032));
#19032 = SURFACE_STYLE_FILL_AREA(#19033);
#19033 = FILL_AREA_STYLE('',(#19034));
#19034 = FILL_AREA_STYLE_COLOUR('',#18575);
#19035 = CURVE_STYLE('',#19036,POSITIVE_LENGTH_MEASURE(0.1),#18575);
#19036 = DRAUGHTING_PRE_DEFINED_CURVE_FONT('continuous');
#19037 = STYLED_ITEM('color',(#19038),#10921);
#19038 = PRESENTATION_STYLE_ASSIGNMENT((#19039,#19044));
#19039 = SURFACE_STYLE_USAGE(.BOTH.,#19040);
#19040 = SURFACE_SIDE_STYLE('',(#19041));
#19041 = SURFACE_STYLE_FILL_AREA(#19042);
#19042 = FILL_AREA_STYLE('',(#19043));
#19043 = FILL_AREA_STYLE_COLOUR('',#16393);
#19044 = CURVE_STYLE('',#19045,POSITIVE_LENGTH_MEASURE(0.1),#16393);
#19045 = DRAUGHTING_PRE_DEFINED_CURVE_FONT('continuous');
#19046 = STYLED_ITEM('color',(#19047),#10972);
#19047 = PRESENTATION_STYLE_ASSIGNMENT((#19048,#19053));
#19048 = SURFACE_STYLE_USAGE(.BOTH.,#19049);
#19049 = SURFACE_SIDE_STYLE('',(#19050));
#19050 = SURFACE_STYLE_FILL_AREA(#19051);
#19051 = FILL_AREA_STYLE('',(#19052));
#19052 = FILL_AREA_STYLE_COLOUR('',#18575);
#19053 = CURVE_STYLE('',#19054,POSITIVE_LENGTH_MEASURE(0.1),#18575);
#19054 = DRAUGHTING_PRE_DEFINED_CURVE_FONT('continuous');
#19055 = STYLED_ITEM('color',(#19056),#10984);
#19056 = PRESENTATION_STYLE_ASSIGNMENT((#19057,#19062));
#19057 = SURFACE_STYLE_USAGE(.BOTH.,#19058);
#19058 = SURFACE_SIDE_STYLE('',(#19059));
#19059 = SURFACE_STYLE_FILL_AREA(#19060);
#19060 = FILL_AREA_STYLE('',(#19061));
#19061 = FILL_AREA_STYLE_COLOUR('',#18575);
#19062 = CURVE_STYLE('',#19063,POSITIVE_LENGTH_MEASURE(0.1),#18575);
#19063 = DRAUGHTING_PRE_DEFINED_CURVE_FONT('continuous');
#19064 = STYLED_ITEM('color',(#19065),#11000);
#19065 = PRESENTATION_STYLE_ASSIGNMENT((#19066,#19071));
#19066 = SURFACE_STYLE_USAGE(.BOTH.,#19067);
#19067 = SURFACE_SIDE_STYLE('',(#19068));
#19068 = SURFACE_STYLE_FILL_AREA(#19069);
#19069 = FILL_AREA_STYLE('',(#19070));
#19070 = FILL_AREA_STYLE_COLOUR('',#16393);
#19071 = CURVE_STYLE('',#19072,POSITIVE_LENGTH_MEASURE(0.1),#16393);
#19072 = DRAUGHTING_PRE_DEFINED_CURVE_FONT('continuous');
#19073 = STYLED_ITEM('color',(#19074),#11033);
#19074 = PRESENTATION_STYLE_ASSIGNMENT((#19075,#19080));
#19075 = SURFACE_STYLE_USAGE(.BOTH.,#19076);
#19076 = SURFACE_SIDE_STYLE('',(#19077));
#19077 = SURFACE_STYLE_FILL_AREA(#19078);
#19078 = FILL_AREA_STYLE('',(#19079));
#19079 = FILL_AREA_STYLE_COLOUR('',#16393);
#19080 = CURVE_STYLE('',#19081,POSITIVE_LENGTH_MEASURE(0.1),#16393);
#19081 = DRAUGHTING_PRE_DEFINED_CURVE_FONT('continuous');
#19082 = STYLED_ITEM('color',(#19083),#11058);
#19083 = PRESENTATION_STYLE_ASSIGNMENT((#19084,#19089));
#19084 = SURFACE_STYLE_USAGE(.BOTH.,#19085);
#19085 = SURFACE_SIDE_STYLE('',(#19086));
#19086 = SURFACE_STYLE_FILL_AREA(#19087);
#19087 = FILL_AREA_STYLE('',(#19088));
#19088 = FILL_AREA_STYLE_COLOUR('',#16393);
#19089 = CURVE_STYLE('',#19090,POSITIVE_LENGTH_MEASURE(0.1),#16393);
#19090 = DRAUGHTING_PRE_DEFINED_CURVE_FONT('continuous');
#19091 = STYLED_ITEM('color',(#19092),#11089);
#19092 = PRESENTATION_STYLE_ASSIGNMENT((#19093,#19098));
#19093 = SURFACE_STYLE_USAGE(.BOTH.,#19094);
#19094 = SURFACE_SIDE_STYLE('',(#19095));
#19095 = SURFACE_STYLE_FILL_AREA(#19096);
#19096 = FILL_AREA_STYLE('',(#19097));
#19097 = FILL_AREA_STYLE_COLOUR('',#18575);
#19098 = CURVE_STYLE('',#19099,POSITIVE_LENGTH_MEASURE(0.1),#18575);
#19099 = DRAUGHTING_PRE_DEFINED_CURVE_FONT('continuous');
#19100 = STYLED_ITEM('color',(#19101),#11099);
#19101 = PRESENTATION_STYLE_ASSIGNMENT((#19102,#19107));
#19102 = SURFACE_STYLE_USAGE(.BOTH.,#19103);
#19103 = SURFACE_SIDE_STYLE('',(#19104));
#19104 = SURFACE_STYLE_FILL_AREA(#19105);
#19105 = FILL_AREA_STYLE('',(#19106));
#19106 = FILL_AREA_STYLE_COLOUR('',#16393);
#19107 = CURVE_STYLE('',#19108,POSITIVE_LENGTH_MEASURE(0.1),#16393);
#19108 = DRAUGHTING_PRE_DEFINED_CURVE_FONT('continuous');
#19109 = STYLED_ITEM('color',(#19110),#11124);
#19110 = PRESENTATION_STYLE_ASSIGNMENT((#19111,#19116));
#19111 = SURFACE_STYLE_USAGE(.BOTH.,#19112);
#19112 = SURFACE_SIDE_STYLE('',(#19113));
#19113 = SURFACE_STYLE_FILL_AREA(#19114);
#19114 = FILL_AREA_STYLE('',(#19115));
#19115 = FILL_AREA_STYLE_COLOUR('',#16393);
#19116 = CURVE_STYLE('',#19117,POSITIVE_LENGTH_MEASURE(0.1),#16393);
#19117 = DRAUGHTING_PRE_DEFINED_CURVE_FONT('continuous');
#19118 = STYLED_ITEM('color',(#19119),#11155);
#19119 = PRESENTATION_STYLE_ASSIGNMENT((#19120,#19125));
#19120 = SURFACE_STYLE_USAGE(.BOTH.,#19121);
#19121 = SURFACE_SIDE_STYLE('',(#19122));
#19122 = SURFACE_STYLE_FILL_AREA(#19123);
#19123 = FILL_AREA_STYLE('',(#19124));
#19124 = FILL_AREA_STYLE_COLOUR('',#18575);
#19125 = CURVE_STYLE('',#19126,POSITIVE_LENGTH_MEASURE(0.1),#18575);
#19126 = DRAUGHTING_PRE_DEFINED_CURVE_FONT('continuous');
#19127 = STYLED_ITEM('color',(#19128),#11186);
#19128 = PRESENTATION_STYLE_ASSIGNMENT((#19129,#19134));
#19129 = SURFACE_STYLE_USAGE(.BOTH.,#19130);
#19130 = SURFACE_SIDE_STYLE('',(#19131));
#19131 = SURFACE_STYLE_FILL_AREA(#19132);
#19132 = FILL_AREA_STYLE('',(#19133));
#19133 = FILL_AREA_STYLE_COLOUR('',#16393);
#19134 = CURVE_STYLE('',#19135,POSITIVE_LENGTH_MEASURE(0.1),#16393);
#19135 = DRAUGHTING_PRE_DEFINED_CURVE_FONT('continuous');
#19136 = STYLED_ITEM('color',(#19137),#11208);
#19137 = PRESENTATION_STYLE_ASSIGNMENT((#19138,#19143));
#19138 = SURFACE_STYLE_USAGE(.BOTH.,#19139);
#19139 = SURFACE_SIDE_STYLE('',(#19140));
#19140 = SURFACE_STYLE_FILL_AREA(#19141);
#19141 = FILL_AREA_STYLE('',(#19142));
#19142 = FILL_AREA_STYLE_COLOUR('',#18575);
#19143 = CURVE_STYLE('',#19144,POSITIVE_LENGTH_MEASURE(0.1),#18575);
#19144 = DRAUGHTING_PRE_DEFINED_CURVE_FONT('continuous');
#19145 = STYLED_ITEM('color',(#19146),#11218);
#19146 = PRESENTATION_STYLE_ASSIGNMENT((#19147,#19152));
#19147 = SURFACE_STYLE_USAGE(.BOTH.,#19148);
#19148 = SURFACE_SIDE_STYLE('',(#19149));
#19149 = SURFACE_STYLE_FILL_AREA(#19150);
#19150 = FILL_AREA_STYLE('',(#19151));
#19151 = FILL_AREA_STYLE_COLOUR('',#18575);
#19152 = CURVE_STYLE('',#19153,POSITIVE_LENGTH_MEASURE(0.1),#18575);
#19153 = DRAUGHTING_PRE_DEFINED_CURVE_FONT('continuous');
#19154 = STYLED_ITEM('color',(#19155),#11249);
#19155 = PRESENTATION_STYLE_ASSIGNMENT((#19156,#19161));
#19156 = SURFACE_STYLE_USAGE(.BOTH.,#19157);
#19157 = SURFACE_SIDE_STYLE('',(#19158));
#19158 = SURFACE_STYLE_FILL_AREA(#19159);
#19159 = FILL_AREA_STYLE('',(#19160));
#19160 = FILL_AREA_STYLE_COLOUR('',#16393);
#19161 = CURVE_STYLE('',#19162,POSITIVE_LENGTH_MEASURE(0.1),#16393);
#19162 = DRAUGHTING_PRE_DEFINED_CURVE_FONT('continuous');
#19163 = STYLED_ITEM('color',(#19164),#11267);
#19164 = PRESENTATION_STYLE_ASSIGNMENT((#19165,#19170));
#19165 = SURFACE_STYLE_USAGE(.BOTH.,#19166);
#19166 = SURFACE_SIDE_STYLE('',(#19167));
#19167 = SURFACE_STYLE_FILL_AREA(#19168);
#19168 = FILL_AREA_STYLE('',(#19169));
#19169 = FILL_AREA_STYLE_COLOUR('',#18575);
#19170 = CURVE_STYLE('',#19171,POSITIVE_LENGTH_MEASURE(0.1),#18575);
#19171 = DRAUGHTING_PRE_DEFINED_CURVE_FONT('continuous');
#19172 = STYLED_ITEM('color',(#19173),#11283);
#19173 = PRESENTATION_STYLE_ASSIGNMENT((#19174,#19179));
#19174 = SURFACE_STYLE_USAGE(.BOTH.,#19175);
#19175 = SURFACE_SIDE_STYLE('',(#19176));
#19176 = SURFACE_STYLE_FILL_AREA(#19177);
#19177 = FILL_AREA_STYLE('',(#19178));
#19178 = FILL_AREA_STYLE_COLOUR('',#16393);
#19179 = CURVE_STYLE('',#19180,POSITIVE_LENGTH_MEASURE(0.1),#16393);
#19180 = DRAUGHTING_PRE_DEFINED_CURVE_FONT('continuous');
#19181 = STYLED_ITEM('color',(#19182),#11316);
#19182 = PRESENTATION_STYLE_ASSIGNMENT((#19183,#19188));
#19183 = SURFACE_STYLE_USAGE(.BOTH.,#19184);
#19184 = SURFACE_SIDE_STYLE('',(#19185));
#19185 = SURFACE_STYLE_FILL_AREA(#19186);
#19186 = FILL_AREA_STYLE('',(#19187));
#19187 = FILL_AREA_STYLE_COLOUR('',#16393);
#19188 = CURVE_STYLE('',#19189,POSITIVE_LENGTH_MEASURE(0.1),#16393);
#19189 = DRAUGHTING_PRE_DEFINED_CURVE_FONT('continuous');
#19190 = STYLED_ITEM('color',(#19191),#11341);
#19191 = PRESENTATION_STYLE_ASSIGNMENT((#19192,#19197));
#19192 = SURFACE_STYLE_USAGE(.BOTH.,#19193);
#19193 = SURFACE_SIDE_STYLE('',(#19194));
#19194 = SURFACE_STYLE_FILL_AREA(#19195);
#19195 = FILL_AREA_STYLE('',(#19196));
#19196 = FILL_AREA_STYLE_COLOUR('',#16393);
#19197 = CURVE_STYLE('',#19198,POSITIVE_LENGTH_MEASURE(0.1),#16393);
#19198 = DRAUGHTING_PRE_DEFINED_CURVE_FONT('continuous');
#19199 = STYLED_ITEM('color',(#19200),#11372);
#19200 = PRESENTATION_STYLE_ASSIGNMENT((#19201,#19206));
#19201 = SURFACE_STYLE_USAGE(.BOTH.,#19202);
#19202 = SURFACE_SIDE_STYLE('',(#19203));
#19203 = SURFACE_STYLE_FILL_AREA(#19204);
#19204 = FILL_AREA_STYLE('',(#19205));
#19205 = FILL_AREA_STYLE_COLOUR('',#18575);
#19206 = CURVE_STYLE('',#19207,POSITIVE_LENGTH_MEASURE(0.1),#18575);
#19207 = DRAUGHTING_PRE_DEFINED_CURVE_FONT('continuous');
#19208 = STYLED_ITEM('color',(#19209),#11382);
#19209 = PRESENTATION_STYLE_ASSIGNMENT((#19210,#19215));
#19210 = SURFACE_STYLE_USAGE(.BOTH.,#19211);
#19211 = SURFACE_SIDE_STYLE('',(#19212));
#19212 = SURFACE_STYLE_FILL_AREA(#19213);
#19213 = FILL_AREA_STYLE('',(#19214));
#19214 = FILL_AREA_STYLE_COLOUR('',#16393);
#19215 = CURVE_STYLE('',#19216,POSITIVE_LENGTH_MEASURE(0.1),#16393);
#19216 = DRAUGHTING_PRE_DEFINED_CURVE_FONT('continuous');
#19217 = STYLED_ITEM('color',(#19218),#11407);
#19218 = PRESENTATION_STYLE_ASSIGNMENT((#19219,#19224));
#19219 = SURFACE_STYLE_USAGE(.BOTH.,#19220);
#19220 = SURFACE_SIDE_STYLE('',(#19221));
#19221 = SURFACE_STYLE_FILL_AREA(#19222);
#19222 = FILL_AREA_STYLE('',(#19223));
#19223 = FILL_AREA_STYLE_COLOUR('',#16393);
#19224 = CURVE_STYLE('',#19225,POSITIVE_LENGTH_MEASURE(0.1),#16393);
#19225 = DRAUGHTING_PRE_DEFINED_CURVE_FONT('continuous');
#19226 = STYLED_ITEM('color',(#19227),#11438);
#19227 = PRESENTATION_STYLE_ASSIGNMENT((#19228,#19233));
#19228 = SURFACE_STYLE_USAGE(.BOTH.,#19229);
#19229 = SURFACE_SIDE_STYLE('',(#19230));
#19230 = SURFACE_STYLE_FILL_AREA(#19231);
#19231 = FILL_AREA_STYLE('',(#19232));
#19232 = FILL_AREA_STYLE_COLOUR('',#18575);
#19233 = CURVE_STYLE('',#19234,POSITIVE_LENGTH_MEASURE(0.1),#18575);
#19234 = DRAUGHTING_PRE_DEFINED_CURVE_FONT('continuous');
#19235 = STYLED_ITEM('color',(#19236),#11469);
#19236 = PRESENTATION_STYLE_ASSIGNMENT((#19237,#19242));
#19237 = SURFACE_STYLE_USAGE(.BOTH.,#19238);
#19238 = SURFACE_SIDE_STYLE('',(#19239));
#19239 = SURFACE_STYLE_FILL_AREA(#19240);
#19240 = FILL_AREA_STYLE('',(#19241));
#19241 = FILL_AREA_STYLE_COLOUR('',#16393);
#19242 = CURVE_STYLE('',#19243,POSITIVE_LENGTH_MEASURE(0.1),#16393);
#19243 = DRAUGHTING_PRE_DEFINED_CURVE_FONT('continuous');
#19244 = STYLED_ITEM('color',(#19245),#11491);
#19245 = PRESENTATION_STYLE_ASSIGNMENT((#19246,#19251));
#19246 = SURFACE_STYLE_USAGE(.BOTH.,#19247);
#19247 = SURFACE_SIDE_STYLE('',(#19248));
#19248 = SURFACE_STYLE_FILL_AREA(#19249);
#19249 = FILL_AREA_STYLE('',(#19250));
#19250 = FILL_AREA_STYLE_COLOUR('',#18575);
#19251 = CURVE_STYLE('',#19252,POSITIVE_LENGTH_MEASURE(0.1),#18575);
#19252 = DRAUGHTING_PRE_DEFINED_CURVE_FONT('continuous');
#19253 = STYLED_ITEM('color',(#19254),#11501);
#19254 = PRESENTATION_STYLE_ASSIGNMENT((#19255,#19260));
#19255 = SURFACE_STYLE_USAGE(.BOTH.,#19256);
#19256 = SURFACE_SIDE_STYLE('',(#19257));
#19257 = SURFACE_STYLE_FILL_AREA(#19258);
#19258 = FILL_AREA_STYLE('',(#19259));
#19259 = FILL_AREA_STYLE_COLOUR('',#18575);
#19260 = CURVE_STYLE('',#19261,POSITIVE_LENGTH_MEASURE(0.1),#18575);
#19261 = DRAUGHTING_PRE_DEFINED_CURVE_FONT('continuous');
#19262 = STYLED_ITEM('color',(#19263),#11532);
#19263 = PRESENTATION_STYLE_ASSIGNMENT((#19264,#19269));
#19264 = SURFACE_STYLE_USAGE(.BOTH.,#19265);
#19265 = SURFACE_SIDE_STYLE('',(#19266));
#19266 = SURFACE_STYLE_FILL_AREA(#19267);
#19267 = FILL_AREA_STYLE('',(#19268));
#19268 = FILL_AREA_STYLE_COLOUR('',#16393);
#19269 = CURVE_STYLE('',#19270,POSITIVE_LENGTH_MEASURE(0.1),#16393);
#19270 = DRAUGHTING_PRE_DEFINED_CURVE_FONT('continuous');
#19271 = STYLED_ITEM('color',(#19272),#11550);
#19272 = PRESENTATION_STYLE_ASSIGNMENT((#19273,#19278));
#19273 = SURFACE_STYLE_USAGE(.BOTH.,#19274);
#19274 = SURFACE_SIDE_STYLE('',(#19275));
#19275 = SURFACE_STYLE_FILL_AREA(#19276);
#19276 = FILL_AREA_STYLE('',(#19277));
#19277 = FILL_AREA_STYLE_COLOUR('',#16393);
#19278 = CURVE_STYLE('',#19279,POSITIVE_LENGTH_MEASURE(0.1),#16393);
#19279 = DRAUGHTING_PRE_DEFINED_CURVE_FONT('continuous');
#19280 = STYLED_ITEM('color',(#19281),#11572);
#19281 = PRESENTATION_STYLE_ASSIGNMENT((#19282,#19287));
#19282 = SURFACE_STYLE_USAGE(.BOTH.,#19283);
#19283 = SURFACE_SIDE_STYLE('',(#19284));
#19284 = SURFACE_STYLE_FILL_AREA(#19285);
#19285 = FILL_AREA_STYLE('',(#19286));
#19286 = FILL_AREA_STYLE_COLOUR('',#16393);
#19287 = CURVE_STYLE('',#19288,POSITIVE_LENGTH_MEASURE(0.1),#16393);
#19288 = DRAUGHTING_PRE_DEFINED_CURVE_FONT('continuous');
#19289 = STYLED_ITEM('color',(#19290),#11591);
#19290 = PRESENTATION_STYLE_ASSIGNMENT((#19291,#19296));
#19291 = SURFACE_STYLE_USAGE(.BOTH.,#19292);
#19292 = SURFACE_SIDE_STYLE('',(#19293));
#19293 = SURFACE_STYLE_FILL_AREA(#19294);
#19294 = FILL_AREA_STYLE('',(#19295));
#19295 = FILL_AREA_STYLE_COLOUR('',#16393);
#19296 = CURVE_STYLE('',#19297,POSITIVE_LENGTH_MEASURE(0.1),#16393);
#19297 = DRAUGHTING_PRE_DEFINED_CURVE_FONT('continuous');
#19298 = STYLED_ITEM('color',(#19299),#11608);
#19299 = PRESENTATION_STYLE_ASSIGNMENT((#19300,#19305));
#19300 = SURFACE_STYLE_USAGE(.BOTH.,#19301);
#19301 = SURFACE_SIDE_STYLE('',(#19302));
#19302 = SURFACE_STYLE_FILL_AREA(#19303);
#19303 = FILL_AREA_STYLE('',(#19304));
#19304 = FILL_AREA_STYLE_COLOUR('',#16393);
#19305 = CURVE_STYLE('',#19306,POSITIVE_LENGTH_MEASURE(0.1),#16393);
#19306 = DRAUGHTING_PRE_DEFINED_CURVE_FONT('continuous');
#19307 = STYLED_ITEM('color',(#19308),#11622);
#19308 = PRESENTATION_STYLE_ASSIGNMENT((#19309,#19314));
#19309 = SURFACE_STYLE_USAGE(.BOTH.,#19310);
#19310 = SURFACE_SIDE_STYLE('',(#19311));
#19311 = SURFACE_STYLE_FILL_AREA(#19312);
#19312 = FILL_AREA_STYLE('',(#19313));
#19313 = FILL_AREA_STYLE_COLOUR('',#16393);
#19314 = CURVE_STYLE('',#19315,POSITIVE_LENGTH_MEASURE(0.1),#16393);
#19315 = DRAUGHTING_PRE_DEFINED_CURVE_FONT('continuous');
#19316 = STYLED_ITEM('color',(#19317),#11644);
#19317 = PRESENTATION_STYLE_ASSIGNMENT((#19318,#19323));
#19318 = SURFACE_STYLE_USAGE(.BOTH.,#19319);
#19319 = SURFACE_SIDE_STYLE('',(#19320));
#19320 = SURFACE_STYLE_FILL_AREA(#19321);
#19321 = FILL_AREA_STYLE('',(#19322));
#19322 = FILL_AREA_STYLE_COLOUR('',#16393);
#19323 = CURVE_STYLE('',#19324,POSITIVE_LENGTH_MEASURE(0.1),#16393);
#19324 = DRAUGHTING_PRE_DEFINED_CURVE_FONT('continuous');
#19325 = STYLED_ITEM('color',(#19326),#11663);
#19326 = PRESENTATION_STYLE_ASSIGNMENT((#19327,#19332));
#19327 = SURFACE_STYLE_USAGE(.BOTH.,#19328);
#19328 = SURFACE_SIDE_STYLE('',(#19329));
#19329 = SURFACE_STYLE_FILL_AREA(#19330);
#19330 = FILL_AREA_STYLE('',(#19331));
#19331 = FILL_AREA_STYLE_COLOUR('',#16393);
#19332 = CURVE_STYLE('',#19333,POSITIVE_LENGTH_MEASURE(0.1),#16393);
#19333 = DRAUGHTING_PRE_DEFINED_CURVE_FONT('continuous');
#19334 = STYLED_ITEM('color',(#19335),#11680);
#19335 = PRESENTATION_STYLE_ASSIGNMENT((#19336,#19341));
#19336 = SURFACE_STYLE_USAGE(.BOTH.,#19337);
#19337 = SURFACE_SIDE_STYLE('',(#19338));
#19338 = SURFACE_STYLE_FILL_AREA(#19339);
#19339 = FILL_AREA_STYLE('',(#19340));
#19340 = FILL_AREA_STYLE_COLOUR('',#16393);
#19341 = CURVE_STYLE('',#19342,POSITIVE_LENGTH_MEASURE(0.1),#16393);
#19342 = DRAUGHTING_PRE_DEFINED_CURVE_FONT('continuous');
#19343 = STYLED_ITEM('color',(#19344),#11694);
#19344 = PRESENTATION_STYLE_ASSIGNMENT((#19345,#19350));
#19345 = SURFACE_STYLE_USAGE(.BOTH.,#19346);
#19346 = SURFACE_SIDE_STYLE('',(#19347));
#19347 = SURFACE_STYLE_FILL_AREA(#19348);
#19348 = FILL_AREA_STYLE('',(#19349));
#19349 = FILL_AREA_STYLE_COLOUR('',#16393);
#19350 = CURVE_STYLE('',#19351,POSITIVE_LENGTH_MEASURE(0.1),#16393);
#19351 = DRAUGHTING_PRE_DEFINED_CURVE_FONT('continuous');
#19352 = STYLED_ITEM('color',(#19353),#11719);
#19353 = PRESENTATION_STYLE_ASSIGNMENT((#19354,#19359));
#19354 = SURFACE_STYLE_USAGE(.BOTH.,#19355);
#19355 = SURFACE_SIDE_STYLE('',(#19356));
#19356 = SURFACE_STYLE_FILL_AREA(#19357);
#19357 = FILL_AREA_STYLE('',(#19358));
#19358 = FILL_AREA_STYLE_COLOUR('',#16393);
#19359 = CURVE_STYLE('',#19360,POSITIVE_LENGTH_MEASURE(0.1),#16393);
#19360 = DRAUGHTING_PRE_DEFINED_CURVE_FONT('continuous');
#19361 = STYLED_ITEM('color',(#19362),#11830);
#19362 = PRESENTATION_STYLE_ASSIGNMENT((#19363,#19368));
#19363 = SURFACE_STYLE_USAGE(.BOTH.,#19364);
#19364 = SURFACE_SIDE_STYLE('',(#19365));
#19365 = SURFACE_STYLE_FILL_AREA(#19366);
#19366 = FILL_AREA_STYLE('',(#19367));
#19367 = FILL_AREA_STYLE_COLOUR('',#16393);
#19368 = CURVE_STYLE('',#19369,POSITIVE_LENGTH_MEASURE(0.1),#16393);
#19369 = DRAUGHTING_PRE_DEFINED_CURVE_FONT('continuous');
#19370 = STYLED_ITEM('color',(#19371),#11840);
#19371 = PRESENTATION_STYLE_ASSIGNMENT((#19372,#19377));
#19372 = SURFACE_STYLE_USAGE(.BOTH.,#19373);
#19373 = SURFACE_SIDE_STYLE('',(#19374));
#19374 = SURFACE_STYLE_FILL_AREA(#19375);
#19375 = FILL_AREA_STYLE('',(#19376));
#19376 = FILL_AREA_STYLE_COLOUR('',#16393);
#19377 = CURVE_STYLE('',#19378,POSITIVE_LENGTH_MEASURE(0.1),#16393);
#19378 = DRAUGHTING_PRE_DEFINED_CURVE_FONT('continuous');
#19379 = STYLED_ITEM('color',(#19380),#11850);
#19380 = PRESENTATION_STYLE_ASSIGNMENT((#19381,#19386));
#19381 = SURFACE_STYLE_USAGE(.BOTH.,#19382);
#19382 = SURFACE_SIDE_STYLE('',(#19383));
#19383 = SURFACE_STYLE_FILL_AREA(#19384);
#19384 = FILL_AREA_STYLE('',(#19385));
#19385 = FILL_AREA_STYLE_COLOUR('',#16393);
#19386 = CURVE_STYLE('',#19387,POSITIVE_LENGTH_MEASURE(0.1),#16393);
#19387 = DRAUGHTING_PRE_DEFINED_CURVE_FONT('continuous');
#19388 = STYLED_ITEM('color',(#19389),#11875);
#19389 = PRESENTATION_STYLE_ASSIGNMENT((#19390,#19395));
#19390 = SURFACE_STYLE_USAGE(.BOTH.,#19391);
#19391 = SURFACE_SIDE_STYLE('',(#19392));
#19392 = SURFACE_STYLE_FILL_AREA(#19393);
#19393 = FILL_AREA_STYLE('',(#19394));
#19394 = FILL_AREA_STYLE_COLOUR('',#16393);
#19395 = CURVE_STYLE('',#19396,POSITIVE_LENGTH_MEASURE(0.1),#16393);
#19396 = DRAUGHTING_PRE_DEFINED_CURVE_FONT('continuous');
#19397 = STYLED_ITEM('color',(#19398),#11986);
#19398 = PRESENTATION_STYLE_ASSIGNMENT((#19399,#19404));
#19399 = SURFACE_STYLE_USAGE(.BOTH.,#19400);
#19400 = SURFACE_SIDE_STYLE('',(#19401));
#19401 = SURFACE_STYLE_FILL_AREA(#19402);
#19402 = FILL_AREA_STYLE('',(#19403));
#19403 = FILL_AREA_STYLE_COLOUR('',#16393);
#19404 = CURVE_STYLE('',#19405,POSITIVE_LENGTH_MEASURE(0.1),#16393);
#19405 = DRAUGHTING_PRE_DEFINED_CURVE_FONT('continuous');
#19406 = STYLED_ITEM('color',(#19407),#11996);
#19407 = PRESENTATION_STYLE_ASSIGNMENT((#19408,#19413));
#19408 = SURFACE_STYLE_USAGE(.BOTH.,#19409);
#19409 = SURFACE_SIDE_STYLE('',(#19410));
#19410 = SURFACE_STYLE_FILL_AREA(#19411);
#19411 = FILL_AREA_STYLE('',(#19412));
#19412 = FILL_AREA_STYLE_COLOUR('',#16393);
#19413 = CURVE_STYLE('',#19414,POSITIVE_LENGTH_MEASURE(0.1),#16393);
#19414 = DRAUGHTING_PRE_DEFINED_CURVE_FONT('continuous');
#19415 = STYLED_ITEM('color',(#19416),#12006);
#19416 = PRESENTATION_STYLE_ASSIGNMENT((#19417,#19422));
#19417 = SURFACE_STYLE_USAGE(.BOTH.,#19418);
#19418 = SURFACE_SIDE_STYLE('',(#19419));
#19419 = SURFACE_STYLE_FILL_AREA(#19420);
#19420 = FILL_AREA_STYLE('',(#19421));
#19421 = FILL_AREA_STYLE_COLOUR('',#16393);
#19422 = CURVE_STYLE('',#19423,POSITIVE_LENGTH_MEASURE(0.1),#16393);
#19423 = DRAUGHTING_PRE_DEFINED_CURVE_FONT('continuous');
#19424 = STYLED_ITEM('color',(#19425),#12022);
#19425 = PRESENTATION_STYLE_ASSIGNMENT((#19426,#19431));
#19426 = SURFACE_STYLE_USAGE(.BOTH.,#19427);
#19427 = SURFACE_SIDE_STYLE('',(#19428));
#19428 = SURFACE_STYLE_FILL_AREA(#19429);
#19429 = FILL_AREA_STYLE('',(#19430));
#19430 = FILL_AREA_STYLE_COLOUR('',#16393);
#19431 = CURVE_STYLE('',#19432,POSITIVE_LENGTH_MEASURE(0.1),#16393);
#19432 = DRAUGHTING_PRE_DEFINED_CURVE_FONT('continuous');
#19433 = STYLED_ITEM('color',(#19434),#12039);
#19434 = PRESENTATION_STYLE_ASSIGNMENT((#19435,#19440));
#19435 = SURFACE_STYLE_USAGE(.BOTH.,#19436);
#19436 = SURFACE_SIDE_STYLE('',(#19437));
#19437 = SURFACE_STYLE_FILL_AREA(#19438);
#19438 = FILL_AREA_STYLE('',(#19439));
#19439 = FILL_AREA_STYLE_COLOUR('',#16393);
#19440 = CURVE_STYLE('',#19441,POSITIVE_LENGTH_MEASURE(0.1),#16393);
#19441 = DRAUGHTING_PRE_DEFINED_CURVE_FONT('continuous');
#19442 = STYLED_ITEM('color',(#19443),#12056);
#19443 = PRESENTATION_STYLE_ASSIGNMENT((#19444,#19449));
#19444 = SURFACE_STYLE_USAGE(.BOTH.,#19445);
#19445 = SURFACE_SIDE_STYLE('',(#19446));
#19446 = SURFACE_STYLE_FILL_AREA(#19447);
#19447 = FILL_AREA_STYLE('',(#19448));
#19448 = FILL_AREA_STYLE_COLOUR('',#16393);
#19449 = CURVE_STYLE('',#19450,POSITIVE_LENGTH_MEASURE(0.1),#16393);
#19450 = DRAUGHTING_PRE_DEFINED_CURVE_FONT('continuous');
#19451 = STYLED_ITEM('color',(#19452),#12073);
#19452 = PRESENTATION_STYLE_ASSIGNMENT((#19453,#19458));
#19453 = SURFACE_STYLE_USAGE(.BOTH.,#19454);
#19454 = SURFACE_SIDE_STYLE('',(#19455));
#19455 = SURFACE_STYLE_FILL_AREA(#19456);
#19456 = FILL_AREA_STYLE('',(#19457));
#19457 = FILL_AREA_STYLE_COLOUR('',#16393);
#19458 = CURVE_STYLE('',#19459,POSITIVE_LENGTH_MEASURE(0.1),#16393);
#19459 = DRAUGHTING_PRE_DEFINED_CURVE_FONT('continuous');
#19460 = STYLED_ITEM('color',(#19461),#12083);
#19461 = PRESENTATION_STYLE_ASSIGNMENT((#19462,#19467));
#19462 = SURFACE_STYLE_USAGE(.BOTH.,#19463);
#19463 = SURFACE_SIDE_STYLE('',(#19464));
#19464 = SURFACE_STYLE_FILL_AREA(#19465);
#19465 = FILL_AREA_STYLE('',(#19466));
#19466 = FILL_AREA_STYLE_COLOUR('',#16393);
#19467 = CURVE_STYLE('',#19468,POSITIVE_LENGTH_MEASURE(0.1),#16393);
#19468 = DRAUGHTING_PRE_DEFINED_CURVE_FONT('continuous');
#19469 = STYLED_ITEM('color',(#19470),#12099);
#19470 = PRESENTATION_STYLE_ASSIGNMENT((#19471,#19476));
#19471 = SURFACE_STYLE_USAGE(.BOTH.,#19472);
#19472 = SURFACE_SIDE_STYLE('',(#19473));
#19473 = SURFACE_STYLE_FILL_AREA(#19474);
#19474 = FILL_AREA_STYLE('',(#19475));
#19475 = FILL_AREA_STYLE_COLOUR('',#16393);
#19476 = CURVE_STYLE('',#19477,POSITIVE_LENGTH_MEASURE(0.1),#16393);
#19477 = DRAUGHTING_PRE_DEFINED_CURVE_FONT('continuous');
#19478 = STYLED_ITEM('color',(#19479),#12116);
#19479 = PRESENTATION_STYLE_ASSIGNMENT((#19480,#19485));
#19480 = SURFACE_STYLE_USAGE(.BOTH.,#19481);
#19481 = SURFACE_SIDE_STYLE('',(#19482));
#19482 = SURFACE_STYLE_FILL_AREA(#19483);
#19483 = FILL_AREA_STYLE('',(#19484));
#19484 = FILL_AREA_STYLE_COLOUR('',#16393);
#19485 = CURVE_STYLE('',#19486,POSITIVE_LENGTH_MEASURE(0.1),#16393);
#19486 = DRAUGHTING_PRE_DEFINED_CURVE_FONT('continuous');
#19487 = STYLED_ITEM('color',(#19488),#12133);
#19488 = PRESENTATION_STYLE_ASSIGNMENT((#19489,#19494));
#19489 = SURFACE_STYLE_USAGE(.BOTH.,#19490);
#19490 = SURFACE_SIDE_STYLE('',(#19491));
#19491 = SURFACE_STYLE_FILL_AREA(#19492);
#19492 = FILL_AREA_STYLE('',(#19493));
#19493 = FILL_AREA_STYLE_COLOUR('',#16393);
#19494 = CURVE_STYLE('',#19495,POSITIVE_LENGTH_MEASURE(0.1),#16393);
#19495 = DRAUGHTING_PRE_DEFINED_CURVE_FONT('continuous');
#19496 = STYLED_ITEM('color',(#19497),#12150);
#19497 = PRESENTATION_STYLE_ASSIGNMENT((#19498,#19503));
#19498 = SURFACE_STYLE_USAGE(.BOTH.,#19499);
#19499 = SURFACE_SIDE_STYLE('',(#19500));
#19500 = SURFACE_STYLE_FILL_AREA(#19501);
#19501 = FILL_AREA_STYLE('',(#19502));
#19502 = FILL_AREA_STYLE_COLOUR('',#16393);
#19503 = CURVE_STYLE('',#19504,POSITIVE_LENGTH_MEASURE(0.1),#16393);
#19504 = DRAUGHTING_PRE_DEFINED_CURVE_FONT('continuous');
ENDSEC;
END-ISO-10303-21;
