ISO-10303-21;
HEADER;
FILE_DESCRIPTION(('KiCad electronic assembly'),'2;1');
FILE_NAME('.step','2026-08-06T17:37:00',('Pcbnew'),('Kicad'),
  'Open CASCADE STEP processor 7.9','KiCad to STEP converter','Unknown'
  );
FILE_SCHEMA(('AUTOMOTIVE_DESIGN { 1 0 10303 214 1 1 1 1 }'));
ENDSEC;
DATA;
#1 = APPLICATION_PROTOCOL_DEFINITION('international standard',
  'automotive_design',2000,#2);
#2 = APPLICATION_CONTEXT(
  'core data for automotive mechanical design processes');
#3 = SHAPE_DEFINITION_REPRESENTATION(#4,#10);
#4 = PRODUCT_DEFINITION_SHAPE('','',#5);
#5 = PRODUCT_DEFINITION('design','',#6,#9);
#6 = PRODUCT_DEFINITION_FORMATION('','',#7);
#7 = PRODUCT('.step 1','.step 1','',(#8));
#8 = PRODUCT_CONTEXT('',#2,'mechanical');
#9 = PRODUCT_DEFINITION_CONTEXT('part definition',#2,'design');
#10 = SHAPE_REPRESENTATION('',(#11,#15,#19,#23,#27,#31,#35,#39,#43,#47,
    #51,#55,#59,#63,#67,#71,#75,#79,#83,#87,#91,#95,#99,#103,#107,#111),
  #115);
#11 = AXIS2_PLACEMENT_3D('',#12,#13,#14);
#12 = CARTESIAN_POINT('',(0.,0.,0.));
#13 = DIRECTION('',(0.,0.,1.));
#14 = DIRECTION('',(1.,0.,-0.));
#15 = AXIS2_PLACEMENT_3D('',#16,#17,#18);
#16 = CARTESIAN_POINT('',(99.568,-81.788,1.595));
#17 = DIRECTION('',(0.,-0.,1.));
#18 = DIRECTION('',(1.110223024625E-16,1.,0.));
#19 = AXIS2_PLACEMENT_3D('',#20,#21,#22);
#20 = CARTESIAN_POINT('',(112.776,-81.76,1.595));
#21 = DIRECTION('',(0.,-0.,1.));
#22 = DIRECTION('',(1.110223024625E-16,1.,0.));
#23 = AXIS2_PLACEMENT_3D('',#24,#25,#26);
#24 = CARTESIAN_POINT('',(98.636,-86.502,1.595));
#25 = DIRECTION('',(0.,0.,1.));
#26 = DIRECTION('',(1.,0.,0.));
#27 = AXIS2_PLACEMENT_3D('',#28,#29,#30);
#28 = CARTESIAN_POINT('',(121.414,-80.772,1.595));
#29 = DIRECTION('',(0.,0.,1.));
#30 = DIRECTION('',(1.,0.,0.));
#31 = AXIS2_PLACEMENT_3D('',#32,#33,#34);
#32 = CARTESIAN_POINT('',(117.35,-76.2,1.595));
#33 = DIRECTION('',(0.,0.,1.));
#34 = DIRECTION('',(-1.,1.224646799147E-16,0.));
#35 = AXIS2_PLACEMENT_3D('',#36,#37,#38);
#36 = CARTESIAN_POINT('',(101.6,-81.76,1.595));
#37 = DIRECTION('',(0.,-0.,1.));
#38 = DIRECTION('',(1.110223024625E-16,1.,0.));
#39 = AXIS2_PLACEMENT_3D('',#40,#41,#42);
#40 = CARTESIAN_POINT('',(101.148,-89.042,1.595));
#41 = DIRECTION('',(0.,0.,1.));
#42 = DIRECTION('',(-1.,1.224646799147E-16,0.));
#43 = AXIS2_PLACEMENT_3D('',#44,#45,#46);
#44 = CARTESIAN_POINT('',(96.012,-74.168,1.595));
#45 = DIRECTION('',(0.,0.,1.));
#46 = DIRECTION('',(1.,0.,0.));
#47 = AXIS2_PLACEMENT_3D('',#48,#49,#50);
#48 = CARTESIAN_POINT('',(95.56,-88.534,1.595));
#49 = DIRECTION('',(0.,-0.,1.));
#50 = DIRECTION('',(1.110223024625E-16,1.,0.));
#51 = AXIS2_PLACEMENT_3D('',#52,#53,#54);
#52 = CARTESIAN_POINT('',(121.41,-82.296,1.595));
#53 = DIRECTION('',(0.,0.,1.));
#54 = DIRECTION('',(-1.,1.224646799147E-16,0.));
#55 = AXIS2_PLACEMENT_3D('',#56,#57,#58);
#56 = CARTESIAN_POINT('',(121.41,-77.724,1.595));
#57 = DIRECTION('',(0.,0.,1.));
#58 = DIRECTION('',(1.,0.,0.));
#59 = AXIS2_PLACEMENT_3D('',#60,#61,#62);
#60 = CARTESIAN_POINT('',(96.012,-81.788,1.595));
#61 = DIRECTION('',(0.,-0.,1.));
#62 = DIRECTION('',(1.110223024625E-16,1.,0.));
#63 = AXIS2_PLACEMENT_3D('',#64,#65,#66);
#64 = CARTESIAN_POINT('',(118.872,-76.706,1.595));
#65 = DIRECTION('',(-0.,0.,1.));
#66 = DIRECTION('',(1.110223024625E-16,-1.,0.));
#67 = AXIS2_PLACEMENT_3D('',#68,#69,#70);
#68 = CARTESIAN_POINT('',(113.792,-81.788,1.595));
#69 = DIRECTION('',(-0.,0.,1.));
#70 = DIRECTION('',(1.110223024625E-16,-1.,0.));
#71 = AXIS2_PLACEMENT_3D('',#72,#73,#74);
#72 = CARTESIAN_POINT('',(98.608,-90.566,1.595));
#73 = DIRECTION('',(0.,0.,1.));
#74 = DIRECTION('',(-1.,1.224646799147E-16,0.));
#75 = AXIS2_PLACEMENT_3D('',#76,#77,#78);
#76 = CARTESIAN_POINT('',(121.44,-79.248,1.595));
#77 = DIRECTION('',(0.,0.,1.));
#78 = DIRECTION('',(1.,0.,0.));
#79 = AXIS2_PLACEMENT_3D('',#80,#81,#82);
#80 = CARTESIAN_POINT('',(97.536,-81.788,1.595));
#81 = DIRECTION('',(0.,-0.,1.));
#82 = DIRECTION('',(1.110223024625E-16,1.,0.));
#83 = AXIS2_PLACEMENT_3D('',#84,#85,#86);
#84 = CARTESIAN_POINT('',(100.612,-73.152,1.595));
#85 = DIRECTION('',(0.,0.,1.));
#86 = DIRECTION('',(1.,0.,0.));
#87 = AXIS2_PLACEMENT_3D('',#88,#89,#90);
#88 = CARTESIAN_POINT('',(123.446,-82.296,1.595));
#89 = DIRECTION('',(0.,0.,1.));
#90 = DIRECTION('',(-1.,1.224646799147E-16,0.));
#91 = AXIS2_PLACEMENT_3D('',#92,#93,#94);
#92 = CARTESIAN_POINT('',(114.808,-88.9,1.595));
#93 = DIRECTION('',(-0.,0.,1.));
#94 = DIRECTION('',(1.110223024625E-16,-1.,0.));
#95 = AXIS2_PLACEMENT_3D('',#96,#97,#98);
#96 = CARTESIAN_POINT('',(127.508,-88.392,1.595));
#97 = DIRECTION('',(0.,0.,1.));
#98 = DIRECTION('',(1.,0.,0.));
#99 = AXIS2_PLACEMENT_3D('',#100,#101,#102);
#100 = CARTESIAN_POINT('',(127.508,-73.66,1.595));
#101 = DIRECTION('',(0.,0.,1.));
#102 = DIRECTION('',(1.,0.,0.));
#103 = AXIS2_PLACEMENT_3D('',#104,#105,#106);
#104 = CARTESIAN_POINT('',(113.792,-69.596,1.595));
#105 = DIRECTION('',(0.,0.,1.));
#106 = DIRECTION('',(-1.,1.224646799147E-16,0.));
#107 = AXIS2_PLACEMENT_3D('',#108,#109,#110);
#108 = CARTESIAN_POINT('',(119.38,-88.9,1.595));
#109 = DIRECTION('',(-0.,0.,1.));
#110 = DIRECTION('',(1.110223024625E-16,-1.,0.));
#111 = AXIS2_PLACEMENT_3D('',#112,#113,#114);
#112 = CARTESIAN_POINT('',(0.,0.,0.));
#113 = DIRECTION('',(0.,0.,1.));
#114 = DIRECTION('',(1.,0.,-0.));
#115 = ( GEOMETRIC_REPRESENTATION_CONTEXT(3) 
GLOBAL_UNCERTAINTY_ASSIGNED_CONTEXT((#119)) GLOBAL_UNIT_ASSIGNED_CONTEXT
((#116,#117,#118)) REPRESENTATION_CONTEXT('Context #1',
  '3D Context with UNIT and UNCERTAINTY') );
#116 = ( LENGTH_UNIT() NAMED_UNIT(*) SI_UNIT(.MILLI.,.METRE.) );
#117 = ( NAMED_UNIT(*) PLANE_ANGLE_UNIT() SI_UNIT($,.RADIAN.) );
#118 = ( NAMED_UNIT(*) SI_UNIT($,.STERADIAN.) SOLID_ANGLE_UNIT() );
#119 = UNCERTAINTY_MEASURE_WITH_UNIT(LENGTH_MEASURE(1.E-07),#116,
  'distance_accuracy_value','confusion accuracy');
#120 = PRODUCT_RELATED_PRODUCT_CATEGORY('part',$,(#7));
#121 = SHAPE_DEFINITION_REPRESENTATION(#122,#128);
#122 = PRODUCT_DEFINITION_SHAPE('','',#123);
#123 = PRODUCT_DEFINITION('design','',#124,#127);
#124 = PRODUCT_DEFINITION_FORMATION('','',#125);
#125 = PRODUCT('C_0402_1005Metric','C_0402_1005Metric','',(#126));
#126 = PRODUCT_CONTEXT('',#2,'mechanical');
#127 = PRODUCT_DEFINITION_CONTEXT('part definition',#2,'design');
#128 = SHAPE_REPRESENTATION('',(#11,#129),#133);
#129 = AXIS2_PLACEMENT_3D('',#130,#131,#132);
#130 = CARTESIAN_POINT('',(0.,0.,0.));
#131 = DIRECTION('',(0.,0.,1.));
#132 = DIRECTION('',(1.,0.,-0.));
#133 = ( GEOMETRIC_REPRESENTATION_CONTEXT(3) 
GLOBAL_UNCERTAINTY_ASSIGNED_CONTEXT((#137)) GLOBAL_UNIT_ASSIGNED_CONTEXT
((#134,#135,#136)) REPRESENTATION_CONTEXT('Context #1',
  '3D Context with UNIT and UNCERTAINTY') );
#134 = ( LENGTH_UNIT() NAMED_UNIT(*) SI_UNIT(.MILLI.,.METRE.) );
#135 = ( NAMED_UNIT(*) PLANE_ANGLE_UNIT() SI_UNIT($,.RADIAN.) );
#136 = ( NAMED_UNIT(*) SI_UNIT($,.STERADIAN.) SOLID_ANGLE_UNIT() );
#137 = UNCERTAINTY_MEASURE_WITH_UNIT(LENGTH_MEASURE(1.E-07),#134,
  'distance_accuracy_value','confusion accuracy');
#138 = CONTEXT_DEPENDENT_SHAPE_REPRESENTATION(#139,#141);
#139 = ( REPRESENTATION_RELATIONSHIP('','',#128,#10) 
REPRESENTATION_RELATIONSHIP_WITH_TRANSFORMATION(#140) 
SHAPE_REPRESENTATION_RELATIONSHIP() );
#140 = ITEM_DEFINED_TRANSFORMATION('','',#11,#15);
#141 = PRODUCT_DEFINITION_SHAPE('Placement','Placement of an item',#142
  );
#142 = NEXT_ASSEMBLY_USAGE_OCCURRENCE('2','C42','',#5,#123,$);
#143 = PRODUCT_RELATED_PRODUCT_CATEGORY('part',$,(#125));
#144 = SHAPE_DEFINITION_REPRESENTATION(#145,#151);
#145 = PRODUCT_DEFINITION_SHAPE('','',#146);
#146 = PRODUCT_DEFINITION('design','',#147,#150);
#147 = PRODUCT_DEFINITION_FORMATION('','',#148);
#148 = PRODUCT('C_0402_1005Metric','C_0402_1005Metric','',(#149));
#149 = PRODUCT_CONTEXT('',#2,'mechanical');
#150 = PRODUCT_DEFINITION_CONTEXT('part definition',#2,'design');
#151 = ADVANCED_BREP_SHAPE_REPRESENTATION('',(#11,#152),#1006);
#152 = MANIFOLD_SOLID_BREP('',#153);
#153 = CLOSED_SHELL('',(#154,#230,#261,#286,#311,#335,#359,#384,#409,
    #426,#512,#544,#568,#593,#617,#642,#666,#691,#708,#794,#825,#850,
    #875,#899,#923,#948,#973,#990));
#154 = ADVANCED_FACE('',(#155),#225,.F.);
#155 = FACE_BOUND('',#156,.F.);
#156 = EDGE_LOOP('',(#157,#167,#176,#184,#193,#201,#210,#218));
#157 = ORIENTED_EDGE('',*,*,#158,.F.);
#158 = EDGE_CURVE('',#159,#161,#163,.T.);
#159 = VERTEX_POINT('',#160);
#160 = CARTESIAN_POINT('',(-0.5,-0.25,2.E-02));
#161 = VERTEX_POINT('',#162);
#162 = CARTESIAN_POINT('',(-0.5,-0.25,0.48));
#163 = LINE('',#164,#165);
#164 = CARTESIAN_POINT('',(-0.5,-0.25,0.));
#165 = VECTOR('',#166,1.);
#166 = DIRECTION('',(0.,0.,1.));
#167 = ORIENTED_EDGE('',*,*,#168,.T.);
#168 = EDGE_CURVE('',#159,#169,#171,.T.);
#169 = VERTEX_POINT('',#170);
#170 = CARTESIAN_POINT('',(-0.5,-0.23,0.));
#171 = CIRCLE('',#172,2.E-02);
#172 = AXIS2_PLACEMENT_3D('',#173,#174,#175);
#173 = CARTESIAN_POINT('',(-0.5,-0.23,2.E-02));
#174 = DIRECTION('',(1.,0.,-0.));
#175 = DIRECTION('',(0.,0.,1.));
#176 = ORIENTED_EDGE('',*,*,#177,.T.);
#177 = EDGE_CURVE('',#169,#178,#180,.T.);
#178 = VERTEX_POINT('',#179);
#179 = CARTESIAN_POINT('',(-0.5,0.23,0.));
#180 = LINE('',#181,#182);
#181 = CARTESIAN_POINT('',(-0.5,-0.25,0.));
#182 = VECTOR('',#183,1.);
#183 = DIRECTION('',(0.,1.,0.));
#184 = ORIENTED_EDGE('',*,*,#185,.F.);
#185 = EDGE_CURVE('',#186,#178,#188,.T.);
#186 = VERTEX_POINT('',#187);
#187 = CARTESIAN_POINT('',(-0.5,0.25,2.E-02));
#188 = CIRCLE('',#189,2.E-02);
#189 = AXIS2_PLACEMENT_3D('',#190,#191,#192);
#190 = CARTESIAN_POINT('',(-0.5,0.23,2.E-02));
#191 = DIRECTION('',(-1.,0.,0.));
#192 = DIRECTION('',(0.,0.,1.));
#193 = ORIENTED_EDGE('',*,*,#194,.T.);
#194 = EDGE_CURVE('',#186,#195,#197,.T.);
#195 = VERTEX_POINT('',#196);
#196 = CARTESIAN_POINT('',(-0.5,0.25,0.48));
#197 = LINE('',#198,#199);
#198 = CARTESIAN_POINT('',(-0.5,0.25,0.));
#199 = VECTOR('',#200,1.);
#200 = DIRECTION('',(0.,0.,1.));
#201 = ORIENTED_EDGE('',*,*,#202,.T.);
#202 = EDGE_CURVE('',#195,#203,#205,.T.);
#203 = VERTEX_POINT('',#204);
#204 = CARTESIAN_POINT('',(-0.5,0.23,0.5));
#205 = CIRCLE('',#206,2.E-02);
#206 = AXIS2_PLACEMENT_3D('',#207,#208,#209);
#207 = CARTESIAN_POINT('',(-0.5,0.23,0.48));
#208 = DIRECTION('',(1.,0.,-0.));
#209 = DIRECTION('',(0.,0.,1.));
#210 = ORIENTED_EDGE('',*,*,#211,.F.);
#211 = EDGE_CURVE('',#212,#203,#214,.T.);
#212 = VERTEX_POINT('',#213);
#213 = CARTESIAN_POINT('',(-0.5,-0.23,0.5));
#214 = LINE('',#215,#216);
#215 = CARTESIAN_POINT('',(-0.5,-0.25,0.5));
#216 = VECTOR('',#217,1.);
#217 = DIRECTION('',(0.,1.,0.));
#218 = ORIENTED_EDGE('',*,*,#219,.F.);
#219 = EDGE_CURVE('',#161,#212,#220,.T.);
#220 = CIRCLE('',#221,2.E-02);
#221 = AXIS2_PLACEMENT_3D('',#222,#223,#224);
#222 = CARTESIAN_POINT('',(-0.5,-0.23,0.48));
#223 = DIRECTION('',(-1.,0.,0.));
#224 = DIRECTION('',(0.,0.,1.));
#225 = PLANE('',#226);
#226 = AXIS2_PLACEMENT_3D('',#227,#228,#229);
#227 = CARTESIAN_POINT('',(-0.5,-0.25,0.));
#228 = DIRECTION('',(1.,0.,0.));
#229 = DIRECTION('',(0.,0.,1.));
#230 = ADVANCED_FACE('',(#231),#256,.F.);
#231 = FACE_BOUND('',#232,.F.);
#232 = EDGE_LOOP('',(#233,#243,#249,#250));
#233 = ORIENTED_EDGE('',*,*,#234,.F.);
#234 = EDGE_CURVE('',#235,#237,#239,.T.);
#235 = VERTEX_POINT('',#236);
#236 = CARTESIAN_POINT('',(-0.3,-0.25,2.E-02));
#237 = VERTEX_POINT('',#238);
#238 = CARTESIAN_POINT('',(-0.3,-0.25,0.48));
#239 = LINE('',#240,#241);
#240 = CARTESIAN_POINT('',(-0.3,-0.25,0.));
#241 = VECTOR('',#242,1.);
#242 = DIRECTION('',(0.,0.,1.));
#243 = ORIENTED_EDGE('',*,*,#244,.F.);
#244 = EDGE_CURVE('',#159,#235,#245,.T.);
#245 = LINE('',#246,#247);
#246 = CARTESIAN_POINT('',(-0.5,-0.25,2.E-02));
#247 = VECTOR('',#248,1.);
#248 = DIRECTION('',(1.,0.,0.));
#249 = ORIENTED_EDGE('',*,*,#158,.T.);
#250 = ORIENTED_EDGE('',*,*,#251,.T.);
#251 = EDGE_CURVE('',#161,#237,#252,.T.);
#252 = LINE('',#253,#254);
#253 = CARTESIAN_POINT('',(-0.5,-0.25,0.48));
#254 = VECTOR('',#255,1.);
#255 = DIRECTION('',(1.,0.,0.));
#256 = PLANE('',#257);
#257 = AXIS2_PLACEMENT_3D('',#258,#259,#260);
#258 = CARTESIAN_POINT('',(-0.5,-0.25,0.));
#259 = DIRECTION('',(0.,1.,0.));
#260 = DIRECTION('',(0.,-0.,1.));
#261 = ADVANCED_FACE('',(#262),#281,.T.);
#262 = FACE_BOUND('',#263,.T.);
#263 = EDGE_LOOP('',(#264,#265,#273,#280));
#264 = ORIENTED_EDGE('',*,*,#168,.T.);
#265 = ORIENTED_EDGE('',*,*,#266,.T.);
#266 = EDGE_CURVE('',#169,#267,#269,.T.);
#267 = VERTEX_POINT('',#268);
#268 = CARTESIAN_POINT('',(-0.3,-0.23,0.));
#269 = LINE('',#270,#271);
#270 = CARTESIAN_POINT('',(-0.5,-0.23,0.));
#271 = VECTOR('',#272,1.);
#272 = DIRECTION('',(1.,0.,0.));
#273 = ORIENTED_EDGE('',*,*,#274,.F.);
#274 = EDGE_CURVE('',#235,#267,#275,.T.);
#275 = CIRCLE('',#276,2.E-02);
#276 = AXIS2_PLACEMENT_3D('',#277,#278,#279);
#277 = CARTESIAN_POINT('',(-0.3,-0.23,2.E-02));
#278 = DIRECTION('',(1.,0.,-0.));
#279 = DIRECTION('',(0.,0.,1.));
#280 = ORIENTED_EDGE('',*,*,#244,.F.);
#281 = CYLINDRICAL_SURFACE('',#282,2.E-02);
#282 = AXIS2_PLACEMENT_3D('',#283,#284,#285);
#283 = CARTESIAN_POINT('',(-0.5,-0.23,2.E-02));
#284 = DIRECTION('',(1.,0.,0.));
#285 = DIRECTION('',(0.,-1.,0.));
#286 = ADVANCED_FACE('',(#287),#306,.T.);
#287 = FACE_BOUND('',#288,.T.);
#288 = EDGE_LOOP('',(#289,#290,#299,#305));
#289 = ORIENTED_EDGE('',*,*,#251,.T.);
#290 = ORIENTED_EDGE('',*,*,#291,.T.);
#291 = EDGE_CURVE('',#237,#292,#294,.T.);
#292 = VERTEX_POINT('',#293);
#293 = CARTESIAN_POINT('',(-0.3,-0.23,0.5));
#294 = CIRCLE('',#295,2.E-02);
#295 = AXIS2_PLACEMENT_3D('',#296,#297,#298);
#296 = CARTESIAN_POINT('',(-0.3,-0.23,0.48));
#297 = DIRECTION('',(-1.,0.,0.));
#298 = DIRECTION('',(0.,0.,1.));
#299 = ORIENTED_EDGE('',*,*,#300,.F.);
#300 = EDGE_CURVE('',#212,#292,#301,.T.);
#301 = LINE('',#302,#303);
#302 = CARTESIAN_POINT('',(-0.5,-0.23,0.5));
#303 = VECTOR('',#304,1.);
#304 = DIRECTION('',(1.,0.,0.));
#305 = ORIENTED_EDGE('',*,*,#219,.F.);
#306 = CYLINDRICAL_SURFACE('',#307,2.E-02);
#307 = AXIS2_PLACEMENT_3D('',#308,#309,#310);
#308 = CARTESIAN_POINT('',(-0.5,-0.23,0.48));
#309 = DIRECTION('',(1.,0.,0.));
#310 = DIRECTION('',(0.,-1.,0.));
#311 = ADVANCED_FACE('',(#312),#330,.F.);
#312 = FACE_BOUND('',#313,.F.);
#313 = EDGE_LOOP('',(#314,#315,#316,#324));
#314 = ORIENTED_EDGE('',*,*,#177,.F.);
#315 = ORIENTED_EDGE('',*,*,#266,.T.);
#316 = ORIENTED_EDGE('',*,*,#317,.T.);
#317 = EDGE_CURVE('',#267,#318,#320,.T.);
#318 = VERTEX_POINT('',#319);
#319 = CARTESIAN_POINT('',(-0.3,0.23,0.));
#320 = LINE('',#321,#322);
#321 = CARTESIAN_POINT('',(-0.3,-0.25,0.));
#322 = VECTOR('',#323,1.);
#323 = DIRECTION('',(0.,1.,0.));
#324 = ORIENTED_EDGE('',*,*,#325,.F.);
#325 = EDGE_CURVE('',#178,#318,#326,.T.);
#326 = LINE('',#327,#328);
#327 = CARTESIAN_POINT('',(-0.5,0.23,0.));
#328 = VECTOR('',#329,1.);
#329 = DIRECTION('',(1.,0.,0.));
#330 = PLANE('',#331);
#331 = AXIS2_PLACEMENT_3D('',#332,#333,#334);
#332 = CARTESIAN_POINT('',(-0.5,-0.25,0.));
#333 = DIRECTION('',(0.,0.,1.));
#334 = DIRECTION('',(1.,0.,-0.));
#335 = ADVANCED_FACE('',(#336),#354,.T.);
#336 = FACE_BOUND('',#337,.T.);
#337 = EDGE_LOOP('',(#338,#339,#340,#348));
#338 = ORIENTED_EDGE('',*,*,#211,.F.);
#339 = ORIENTED_EDGE('',*,*,#300,.T.);
#340 = ORIENTED_EDGE('',*,*,#341,.T.);
#341 = EDGE_CURVE('',#292,#342,#344,.T.);
#342 = VERTEX_POINT('',#343);
#343 = CARTESIAN_POINT('',(-0.3,0.23,0.5));
#344 = LINE('',#345,#346);
#345 = CARTESIAN_POINT('',(-0.3,-0.25,0.5));
#346 = VECTOR('',#347,1.);
#347 = DIRECTION('',(0.,1.,0.));
#348 = ORIENTED_EDGE('',*,*,#349,.F.);
#349 = EDGE_CURVE('',#203,#342,#350,.T.);
#350 = LINE('',#351,#352);
#351 = CARTESIAN_POINT('',(-0.5,0.23,0.5));
#352 = VECTOR('',#353,1.);
#353 = DIRECTION('',(1.,0.,0.));
#354 = PLANE('',#355);
#355 = AXIS2_PLACEMENT_3D('',#356,#357,#358);
#356 = CARTESIAN_POINT('',(-0.5,-0.25,0.5));
#357 = DIRECTION('',(0.,0.,1.));
#358 = DIRECTION('',(1.,0.,-0.));
#359 = ADVANCED_FACE('',(#360),#379,.T.);
#360 = FACE_BOUND('',#361,.T.);
#361 = EDGE_LOOP('',(#362,#370,#377,#378));
#362 = ORIENTED_EDGE('',*,*,#363,.T.);
#363 = EDGE_CURVE('',#186,#364,#366,.T.);
#364 = VERTEX_POINT('',#365);
#365 = CARTESIAN_POINT('',(-0.3,0.25,2.E-02));
#366 = LINE('',#367,#368);
#367 = CARTESIAN_POINT('',(-0.5,0.25,2.E-02));
#368 = VECTOR('',#369,1.);
#369 = DIRECTION('',(1.,0.,0.));
#370 = ORIENTED_EDGE('',*,*,#371,.T.);
#371 = EDGE_CURVE('',#364,#318,#372,.T.);
#372 = CIRCLE('',#373,2.E-02);
#373 = AXIS2_PLACEMENT_3D('',#374,#375,#376);
#374 = CARTESIAN_POINT('',(-0.3,0.23,2.E-02));
#375 = DIRECTION('',(-1.,0.,0.));
#376 = DIRECTION('',(0.,0.,1.));
#377 = ORIENTED_EDGE('',*,*,#325,.F.);
#378 = ORIENTED_EDGE('',*,*,#185,.F.);
#379 = CYLINDRICAL_SURFACE('',#380,2.E-02);
#380 = AXIS2_PLACEMENT_3D('',#381,#382,#383);
#381 = CARTESIAN_POINT('',(-0.5,0.23,2.E-02));
#382 = DIRECTION('',(1.,0.,0.));
#383 = DIRECTION('',(-0.,1.,0.));
#384 = ADVANCED_FACE('',(#385),#404,.T.);
#385 = FACE_BOUND('',#386,.T.);
#386 = EDGE_LOOP('',(#387,#388,#389,#398));
#387 = ORIENTED_EDGE('',*,*,#202,.T.);
#388 = ORIENTED_EDGE('',*,*,#349,.T.);
#389 = ORIENTED_EDGE('',*,*,#390,.F.);
#390 = EDGE_CURVE('',#391,#342,#393,.T.);
#391 = VERTEX_POINT('',#392);
#392 = CARTESIAN_POINT('',(-0.3,0.25,0.48));
#393 = CIRCLE('',#394,2.E-02);
#394 = AXIS2_PLACEMENT_3D('',#395,#396,#397);
#395 = CARTESIAN_POINT('',(-0.3,0.23,0.48));
#396 = DIRECTION('',(1.,0.,-0.));
#397 = DIRECTION('',(0.,0.,1.));
#398 = ORIENTED_EDGE('',*,*,#399,.F.);
#399 = EDGE_CURVE('',#195,#391,#400,.T.);
#400 = LINE('',#401,#402);
#401 = CARTESIAN_POINT('',(-0.5,0.25,0.48));
#402 = VECTOR('',#403,1.);
#403 = DIRECTION('',(1.,0.,0.));
#404 = CYLINDRICAL_SURFACE('',#405,2.E-02);
#405 = AXIS2_PLACEMENT_3D('',#406,#407,#408);
#406 = CARTESIAN_POINT('',(-0.5,0.23,0.48));
#407 = DIRECTION('',(1.,0.,0.));
#408 = DIRECTION('',(-0.,1.,0.));
#409 = ADVANCED_FACE('',(#410),#421,.T.);
#410 = FACE_BOUND('',#411,.T.);
#411 = EDGE_LOOP('',(#412,#418,#419,#420));
#412 = ORIENTED_EDGE('',*,*,#413,.F.);
#413 = EDGE_CURVE('',#364,#391,#414,.T.);
#414 = LINE('',#415,#416);
#415 = CARTESIAN_POINT('',(-0.3,0.25,0.));
#416 = VECTOR('',#417,1.);
#417 = DIRECTION('',(0.,0.,1.));
#418 = ORIENTED_EDGE('',*,*,#363,.F.);
#419 = ORIENTED_EDGE('',*,*,#194,.T.);
#420 = ORIENTED_EDGE('',*,*,#399,.T.);
#421 = PLANE('',#422);
#422 = AXIS2_PLACEMENT_3D('',#423,#424,#425);
#423 = CARTESIAN_POINT('',(-0.5,0.25,0.));
#424 = DIRECTION('',(0.,1.,0.));
#425 = DIRECTION('',(0.,-0.,1.));
#426 = ADVANCED_FACE('',(#427,#437),#507,.T.);
#427 = FACE_BOUND('',#428,.T.);
#428 = EDGE_LOOP('',(#429,#430,#431,#432,#433,#434,#435,#436));
#429 = ORIENTED_EDGE('',*,*,#234,.F.);
#430 = ORIENTED_EDGE('',*,*,#274,.T.);
#431 = ORIENTED_EDGE('',*,*,#317,.T.);
#432 = ORIENTED_EDGE('',*,*,#371,.F.);
#433 = ORIENTED_EDGE('',*,*,#413,.T.);
#434 = ORIENTED_EDGE('',*,*,#390,.T.);
#435 = ORIENTED_EDGE('',*,*,#341,.F.);
#436 = ORIENTED_EDGE('',*,*,#291,.F.);
#437 = FACE_BOUND('',#438,.T.);
#438 = EDGE_LOOP('',(#439,#450,#458,#467,#475,#484,#492,#501));
#439 = ORIENTED_EDGE('',*,*,#440,.F.);
#440 = EDGE_CURVE('',#441,#443,#445,.T.);
#441 = VERTEX_POINT('',#442);
#442 = CARTESIAN_POINT('',(-0.3,-0.23,4.E-02));
#443 = VERTEX_POINT('',#444);
#444 = CARTESIAN_POINT('',(-0.3,-0.21,2.E-02));
#445 = CIRCLE('',#446,2.E-02);
#446 = AXIS2_PLACEMENT_3D('',#447,#448,#449);
#447 = CARTESIAN_POINT('',(-0.3,-0.21,4.E-02));
#448 = DIRECTION('',(1.,0.,-0.));
#449 = DIRECTION('',(0.,0.,1.));
#450 = ORIENTED_EDGE('',*,*,#451,.T.);
#451 = EDGE_CURVE('',#441,#452,#454,.T.);
#452 = VERTEX_POINT('',#453);
#453 = CARTESIAN_POINT('',(-0.3,-0.23,0.46));
#454 = LINE('',#455,#456);
#455 = CARTESIAN_POINT('',(-0.3,-0.23,2.E-02));
#456 = VECTOR('',#457,1.);
#457 = DIRECTION('',(0.,0.,1.));
#458 = ORIENTED_EDGE('',*,*,#459,.T.);
#459 = EDGE_CURVE('',#452,#460,#462,.T.);
#460 = VERTEX_POINT('',#461);
#461 = CARTESIAN_POINT('',(-0.3,-0.21,0.48));
#462 = CIRCLE('',#463,2.E-02);
#463 = AXIS2_PLACEMENT_3D('',#464,#465,#466);
#464 = CARTESIAN_POINT('',(-0.3,-0.21,0.46));
#465 = DIRECTION('',(-1.,0.,0.));
#466 = DIRECTION('',(0.,0.,1.));
#467 = ORIENTED_EDGE('',*,*,#468,.T.);
#468 = EDGE_CURVE('',#460,#469,#471,.T.);
#469 = VERTEX_POINT('',#470);
#470 = CARTESIAN_POINT('',(-0.3,0.21,0.48));
#471 = LINE('',#472,#473);
#472 = CARTESIAN_POINT('',(-0.3,-0.23,0.48));
#473 = VECTOR('',#474,1.);
#474 = DIRECTION('',(0.,1.,0.));
#475 = ORIENTED_EDGE('',*,*,#476,.F.);
#476 = EDGE_CURVE('',#477,#469,#479,.T.);
#477 = VERTEX_POINT('',#478);
#478 = CARTESIAN_POINT('',(-0.3,0.23,0.46));
#479 = CIRCLE('',#480,2.E-02);
#480 = AXIS2_PLACEMENT_3D('',#481,#482,#483);
#481 = CARTESIAN_POINT('',(-0.3,0.21,0.46));
#482 = DIRECTION('',(1.,0.,-0.));
#483 = DIRECTION('',(0.,0.,1.));
#484 = ORIENTED_EDGE('',*,*,#485,.F.);
#485 = EDGE_CURVE('',#486,#477,#488,.T.);
#486 = VERTEX_POINT('',#487);
#487 = CARTESIAN_POINT('',(-0.3,0.23,4.E-02));
#488 = LINE('',#489,#490);
#489 = CARTESIAN_POINT('',(-0.3,0.23,2.E-02));
#490 = VECTOR('',#491,1.);
#491 = DIRECTION('',(0.,0.,1.));
#492 = ORIENTED_EDGE('',*,*,#493,.T.);
#493 = EDGE_CURVE('',#486,#494,#496,.T.);
#494 = VERTEX_POINT('',#495);
#495 = CARTESIAN_POINT('',(-0.3,0.21,2.E-02));
#496 = CIRCLE('',#497,2.E-02);
#497 = AXIS2_PLACEMENT_3D('',#498,#499,#500);
#498 = CARTESIAN_POINT('',(-0.3,0.21,4.E-02));
#499 = DIRECTION('',(-1.,0.,0.));
#500 = DIRECTION('',(0.,0.,1.));
#501 = ORIENTED_EDGE('',*,*,#502,.F.);
#502 = EDGE_CURVE('',#443,#494,#503,.T.);
#503 = LINE('',#504,#505);
#504 = CARTESIAN_POINT('',(-0.3,-0.23,2.E-02));
#505 = VECTOR('',#506,1.);
#506 = DIRECTION('',(0.,1.,0.));
#507 = PLANE('',#508);
#508 = AXIS2_PLACEMENT_3D('',#509,#510,#511);
#509 = CARTESIAN_POINT('',(-0.3,-0.25,0.));
#510 = DIRECTION('',(1.,0.,0.));
#511 = DIRECTION('',(0.,0.,1.));
#512 = ADVANCED_FACE('',(#513),#539,.T.);
#513 = FACE_BOUND('',#514,.T.);
#514 = EDGE_LOOP('',(#515,#516,#524,#533));
#515 = ORIENTED_EDGE('',*,*,#440,.T.);
#516 = ORIENTED_EDGE('',*,*,#517,.T.);
#517 = EDGE_CURVE('',#443,#518,#520,.T.);
#518 = VERTEX_POINT('',#519);
#519 = CARTESIAN_POINT('',(0.3,-0.21,2.E-02));
#520 = LINE('',#521,#522);
#521 = CARTESIAN_POINT('',(-0.3,-0.21,2.E-02));
#522 = VECTOR('',#523,1.);
#523 = DIRECTION('',(1.,0.,0.));
#524 = ORIENTED_EDGE('',*,*,#525,.F.);
#525 = EDGE_CURVE('',#526,#518,#528,.T.);
#526 = VERTEX_POINT('',#527);
#527 = CARTESIAN_POINT('',(0.3,-0.23,4.E-02));
#528 = CIRCLE('',#529,2.E-02);
#529 = AXIS2_PLACEMENT_3D('',#530,#531,#532);
#530 = CARTESIAN_POINT('',(0.3,-0.21,4.E-02));
#531 = DIRECTION('',(1.,0.,-0.));
#532 = DIRECTION('',(0.,0.,1.));
#533 = ORIENTED_EDGE('',*,*,#534,.F.);
#534 = EDGE_CURVE('',#441,#526,#535,.T.);
#535 = LINE('',#536,#537);
#536 = CARTESIAN_POINT('',(-0.3,-0.23,4.E-02));
#537 = VECTOR('',#538,1.);
#538 = DIRECTION('',(1.,0.,0.));
#539 = CYLINDRICAL_SURFACE('',#540,2.E-02);
#540 = AXIS2_PLACEMENT_3D('',#541,#542,#543);
#541 = CARTESIAN_POINT('',(-0.3,-0.21,4.E-02));
#542 = DIRECTION('',(1.,0.,0.));
#543 = DIRECTION('',(0.,-1.,0.));
#544 = ADVANCED_FACE('',(#545),#563,.F.);
#545 = FACE_BOUND('',#546,.F.);
#546 = EDGE_LOOP('',(#547,#548,#549,#557));
#547 = ORIENTED_EDGE('',*,*,#502,.F.);
#548 = ORIENTED_EDGE('',*,*,#517,.T.);
#549 = ORIENTED_EDGE('',*,*,#550,.T.);
#550 = EDGE_CURVE('',#518,#551,#553,.T.);
#551 = VERTEX_POINT('',#552);
#552 = CARTESIAN_POINT('',(0.3,0.21,2.E-02));
#553 = LINE('',#554,#555);
#554 = CARTESIAN_POINT('',(0.3,-0.23,2.E-02));
#555 = VECTOR('',#556,1.);
#556 = DIRECTION('',(0.,1.,0.));
#557 = ORIENTED_EDGE('',*,*,#558,.F.);
#558 = EDGE_CURVE('',#494,#551,#559,.T.);
#559 = LINE('',#560,#561);
#560 = CARTESIAN_POINT('',(-0.3,0.21,2.E-02));
#561 = VECTOR('',#562,1.);
#562 = DIRECTION('',(1.,0.,0.));
#563 = PLANE('',#564);
#564 = AXIS2_PLACEMENT_3D('',#565,#566,#567);
#565 = CARTESIAN_POINT('',(-0.3,-0.23,2.E-02));
#566 = DIRECTION('',(0.,0.,1.));
#567 = DIRECTION('',(1.,0.,-0.));
#568 = ADVANCED_FACE('',(#569),#588,.T.);
#569 = FACE_BOUND('',#570,.T.);
#570 = EDGE_LOOP('',(#571,#579,#586,#587));
#571 = ORIENTED_EDGE('',*,*,#572,.T.);
#572 = EDGE_CURVE('',#486,#573,#575,.T.);
#573 = VERTEX_POINT('',#574);
#574 = CARTESIAN_POINT('',(0.3,0.23,4.E-02));
#575 = LINE('',#576,#577);
#576 = CARTESIAN_POINT('',(-0.3,0.23,4.E-02));
#577 = VECTOR('',#578,1.);
#578 = DIRECTION('',(1.,0.,0.));
#579 = ORIENTED_EDGE('',*,*,#580,.T.);
#580 = EDGE_CURVE('',#573,#551,#581,.T.);
#581 = CIRCLE('',#582,2.E-02);
#582 = AXIS2_PLACEMENT_3D('',#583,#584,#585);
#583 = CARTESIAN_POINT('',(0.3,0.21,4.E-02));
#584 = DIRECTION('',(-1.,0.,0.));
#585 = DIRECTION('',(0.,0.,1.));
#586 = ORIENTED_EDGE('',*,*,#558,.F.);
#587 = ORIENTED_EDGE('',*,*,#493,.F.);
#588 = CYLINDRICAL_SURFACE('',#589,2.E-02);
#589 = AXIS2_PLACEMENT_3D('',#590,#591,#592);
#590 = CARTESIAN_POINT('',(-0.3,0.21,4.E-02));
#591 = DIRECTION('',(1.,0.,0.));
#592 = DIRECTION('',(-0.,1.,0.));
#593 = ADVANCED_FACE('',(#594),#612,.T.);
#594 = FACE_BOUND('',#595,.T.);
#595 = EDGE_LOOP('',(#596,#604,#605,#606));
#596 = ORIENTED_EDGE('',*,*,#597,.F.);
#597 = EDGE_CURVE('',#573,#598,#600,.T.);
#598 = VERTEX_POINT('',#599);
#599 = CARTESIAN_POINT('',(0.3,0.23,0.46));
#600 = LINE('',#601,#602);
#601 = CARTESIAN_POINT('',(0.3,0.23,2.E-02));
#602 = VECTOR('',#603,1.);
#603 = DIRECTION('',(0.,0.,1.));
#604 = ORIENTED_EDGE('',*,*,#572,.F.);
#605 = ORIENTED_EDGE('',*,*,#485,.T.);
#606 = ORIENTED_EDGE('',*,*,#607,.T.);
#607 = EDGE_CURVE('',#477,#598,#608,.T.);
#608 = LINE('',#609,#610);
#609 = CARTESIAN_POINT('',(-0.3,0.23,0.46));
#610 = VECTOR('',#611,1.);
#611 = DIRECTION('',(1.,0.,0.));
#612 = PLANE('',#613);
#613 = AXIS2_PLACEMENT_3D('',#614,#615,#616);
#614 = CARTESIAN_POINT('',(-0.3,0.23,2.E-02));
#615 = DIRECTION('',(0.,1.,0.));
#616 = DIRECTION('',(0.,-0.,1.));
#617 = ADVANCED_FACE('',(#618),#637,.T.);
#618 = FACE_BOUND('',#619,.T.);
#619 = EDGE_LOOP('',(#620,#621,#629,#636));
#620 = ORIENTED_EDGE('',*,*,#476,.T.);
#621 = ORIENTED_EDGE('',*,*,#622,.T.);
#622 = EDGE_CURVE('',#469,#623,#625,.T.);
#623 = VERTEX_POINT('',#624);
#624 = CARTESIAN_POINT('',(0.3,0.21,0.48));
#625 = LINE('',#626,#627);
#626 = CARTESIAN_POINT('',(-0.3,0.21,0.48));
#627 = VECTOR('',#628,1.);
#628 = DIRECTION('',(1.,0.,0.));
#629 = ORIENTED_EDGE('',*,*,#630,.F.);
#630 = EDGE_CURVE('',#598,#623,#631,.T.);
#631 = CIRCLE('',#632,2.E-02);
#632 = AXIS2_PLACEMENT_3D('',#633,#634,#635);
#633 = CARTESIAN_POINT('',(0.3,0.21,0.46));
#634 = DIRECTION('',(1.,0.,-0.));
#635 = DIRECTION('',(0.,0.,1.));
#636 = ORIENTED_EDGE('',*,*,#607,.F.);
#637 = CYLINDRICAL_SURFACE('',#638,2.E-02);
#638 = AXIS2_PLACEMENT_3D('',#639,#640,#641);
#639 = CARTESIAN_POINT('',(-0.3,0.21,0.46));
#640 = DIRECTION('',(1.,0.,0.));
#641 = DIRECTION('',(-0.,1.,0.));
#642 = ADVANCED_FACE('',(#643),#661,.T.);
#643 = FACE_BOUND('',#644,.T.);
#644 = EDGE_LOOP('',(#645,#646,#654,#660));
#645 = ORIENTED_EDGE('',*,*,#468,.F.);
#646 = ORIENTED_EDGE('',*,*,#647,.T.);
#647 = EDGE_CURVE('',#460,#648,#650,.T.);
#648 = VERTEX_POINT('',#649);
#649 = CARTESIAN_POINT('',(0.3,-0.21,0.48));
#650 = LINE('',#651,#652);
#651 = CARTESIAN_POINT('',(-0.3,-0.21,0.48));
#652 = VECTOR('',#653,1.);
#653 = DIRECTION('',(1.,0.,0.));
#654 = ORIENTED_EDGE('',*,*,#655,.T.);
#655 = EDGE_CURVE('',#648,#623,#656,.T.);
#656 = LINE('',#657,#658);
#657 = CARTESIAN_POINT('',(0.3,-0.23,0.48));
#658 = VECTOR('',#659,1.);
#659 = DIRECTION('',(0.,1.,0.));
#660 = ORIENTED_EDGE('',*,*,#622,.F.);
#661 = PLANE('',#662);
#662 = AXIS2_PLACEMENT_3D('',#663,#664,#665);
#663 = CARTESIAN_POINT('',(-0.3,-0.23,0.48));
#664 = DIRECTION('',(0.,0.,1.));
#665 = DIRECTION('',(1.,0.,-0.));
#666 = ADVANCED_FACE('',(#667),#686,.T.);
#667 = FACE_BOUND('',#668,.T.);
#668 = EDGE_LOOP('',(#669,#677,#684,#685));
#669 = ORIENTED_EDGE('',*,*,#670,.T.);
#670 = EDGE_CURVE('',#452,#671,#673,.T.);
#671 = VERTEX_POINT('',#672);
#672 = CARTESIAN_POINT('',(0.3,-0.23,0.46));
#673 = LINE('',#674,#675);
#674 = CARTESIAN_POINT('',(-0.3,-0.23,0.46));
#675 = VECTOR('',#676,1.);
#676 = DIRECTION('',(1.,0.,0.));
#677 = ORIENTED_EDGE('',*,*,#678,.T.);
#678 = EDGE_CURVE('',#671,#648,#679,.T.);
#679 = CIRCLE('',#680,2.E-02);
#680 = AXIS2_PLACEMENT_3D('',#681,#682,#683);
#681 = CARTESIAN_POINT('',(0.3,-0.21,0.46));
#682 = DIRECTION('',(-1.,0.,0.));
#683 = DIRECTION('',(0.,0.,1.));
#684 = ORIENTED_EDGE('',*,*,#647,.F.);
#685 = ORIENTED_EDGE('',*,*,#459,.F.);
#686 = CYLINDRICAL_SURFACE('',#687,2.E-02);
#687 = AXIS2_PLACEMENT_3D('',#688,#689,#690);
#688 = CARTESIAN_POINT('',(-0.3,-0.21,0.46));
#689 = DIRECTION('',(1.,0.,0.));
#690 = DIRECTION('',(0.,-1.,0.));
#691 = ADVANCED_FACE('',(#692),#703,.F.);
#692 = FACE_BOUND('',#693,.F.);
#693 = EDGE_LOOP('',(#694,#700,#701,#702));
#694 = ORIENTED_EDGE('',*,*,#695,.F.);
#695 = EDGE_CURVE('',#526,#671,#696,.T.);
#696 = LINE('',#697,#698);
#697 = CARTESIAN_POINT('',(0.3,-0.23,2.E-02));
#698 = VECTOR('',#699,1.);
#699 = DIRECTION('',(0.,0.,1.));
#700 = ORIENTED_EDGE('',*,*,#534,.F.);
#701 = ORIENTED_EDGE('',*,*,#451,.T.);
#702 = ORIENTED_EDGE('',*,*,#670,.T.);
#703 = PLANE('',#704);
#704 = AXIS2_PLACEMENT_3D('',#705,#706,#707);
#705 = CARTESIAN_POINT('',(-0.3,-0.23,2.E-02));
#706 = DIRECTION('',(0.,1.,0.));
#707 = DIRECTION('',(0.,-0.,1.));
#708 = ADVANCED_FACE('',(#709,#779),#789,.F.);
#709 = FACE_BOUND('',#710,.F.);
#710 = EDGE_LOOP('',(#711,#721,#730,#738,#747,#755,#764,#772));
#711 = ORIENTED_EDGE('',*,*,#712,.F.);
#712 = EDGE_CURVE('',#713,#715,#717,.T.);
#713 = VERTEX_POINT('',#714);
#714 = CARTESIAN_POINT('',(0.3,-0.25,2.E-02));
#715 = VERTEX_POINT('',#716);
#716 = CARTESIAN_POINT('',(0.3,-0.25,0.48));
#717 = LINE('',#718,#719);
#718 = CARTESIAN_POINT('',(0.3,-0.25,0.));
#719 = VECTOR('',#720,1.);
#720 = DIRECTION('',(0.,0.,1.));
#721 = ORIENTED_EDGE('',*,*,#722,.T.);
#722 = EDGE_CURVE('',#713,#723,#725,.T.);
#723 = VERTEX_POINT('',#724);
#724 = CARTESIAN_POINT('',(0.3,-0.23,0.));
#725 = CIRCLE('',#726,2.E-02);
#726 = AXIS2_PLACEMENT_3D('',#727,#728,#729);
#727 = CARTESIAN_POINT('',(0.3,-0.23,2.E-02));
#728 = DIRECTION('',(1.,0.,-0.));
#729 = DIRECTION('',(0.,0.,1.));
#730 = ORIENTED_EDGE('',*,*,#731,.T.);
#731 = EDGE_CURVE('',#723,#732,#734,.T.);
#732 = VERTEX_POINT('',#733);
#733 = CARTESIAN_POINT('',(0.3,0.23,0.));
#734 = LINE('',#735,#736);
#735 = CARTESIAN_POINT('',(0.3,-0.25,0.));
#736 = VECTOR('',#737,1.);
#737 = DIRECTION('',(0.,1.,0.));
#738 = ORIENTED_EDGE('',*,*,#739,.F.);
#739 = EDGE_CURVE('',#740,#732,#742,.T.);
#740 = VERTEX_POINT('',#741);
#741 = CARTESIAN_POINT('',(0.3,0.25,2.E-02));
#742 = CIRCLE('',#743,2.E-02);
#743 = AXIS2_PLACEMENT_3D('',#744,#745,#746);
#744 = CARTESIAN_POINT('',(0.3,0.23,2.E-02));
#745 = DIRECTION('',(-1.,0.,0.));
#746 = DIRECTION('',(0.,0.,1.));
#747 = ORIENTED_EDGE('',*,*,#748,.T.);
#748 = EDGE_CURVE('',#740,#749,#751,.T.);
#749 = VERTEX_POINT('',#750);
#750 = CARTESIAN_POINT('',(0.3,0.25,0.48));
#751 = LINE('',#752,#753);
#752 = CARTESIAN_POINT('',(0.3,0.25,0.));
#753 = VECTOR('',#754,1.);
#754 = DIRECTION('',(0.,0.,1.));
#755 = ORIENTED_EDGE('',*,*,#756,.T.);
#756 = EDGE_CURVE('',#749,#757,#759,.T.);
#757 = VERTEX_POINT('',#758);
#758 = CARTESIAN_POINT('',(0.3,0.23,0.5));
#759 = CIRCLE('',#760,2.E-02);
#760 = AXIS2_PLACEMENT_3D('',#761,#762,#763);
#761 = CARTESIAN_POINT('',(0.3,0.23,0.48));
#762 = DIRECTION('',(1.,0.,-0.));
#763 = DIRECTION('',(0.,0.,1.));
#764 = ORIENTED_EDGE('',*,*,#765,.F.);
#765 = EDGE_CURVE('',#766,#757,#768,.T.);
#766 = VERTEX_POINT('',#767);
#767 = CARTESIAN_POINT('',(0.3,-0.23,0.5));
#768 = LINE('',#769,#770);
#769 = CARTESIAN_POINT('',(0.3,-0.25,0.5));
#770 = VECTOR('',#771,1.);
#771 = DIRECTION('',(0.,1.,0.));
#772 = ORIENTED_EDGE('',*,*,#773,.F.);
#773 = EDGE_CURVE('',#715,#766,#774,.T.);
#774 = CIRCLE('',#775,2.E-02);
#775 = AXIS2_PLACEMENT_3D('',#776,#777,#778);
#776 = CARTESIAN_POINT('',(0.3,-0.23,0.48));
#777 = DIRECTION('',(-1.,0.,0.));
#778 = DIRECTION('',(0.,0.,1.));
#779 = FACE_BOUND('',#780,.F.);
#780 = EDGE_LOOP('',(#781,#782,#783,#784,#785,#786,#787,#788));
#781 = ORIENTED_EDGE('',*,*,#525,.F.);
#782 = ORIENTED_EDGE('',*,*,#695,.T.);
#783 = ORIENTED_EDGE('',*,*,#678,.T.);
#784 = ORIENTED_EDGE('',*,*,#655,.T.);
#785 = ORIENTED_EDGE('',*,*,#630,.F.);
#786 = ORIENTED_EDGE('',*,*,#597,.F.);
#787 = ORIENTED_EDGE('',*,*,#580,.T.);
#788 = ORIENTED_EDGE('',*,*,#550,.F.);
#789 = PLANE('',#790);
#790 = AXIS2_PLACEMENT_3D('',#791,#792,#793);
#791 = CARTESIAN_POINT('',(0.3,-0.25,0.));
#792 = DIRECTION('',(1.,0.,0.));
#793 = DIRECTION('',(0.,0.,1.));
#794 = ADVANCED_FACE('',(#795),#820,.F.);
#795 = FACE_BOUND('',#796,.F.);
#796 = EDGE_LOOP('',(#797,#807,#813,#814));
#797 = ORIENTED_EDGE('',*,*,#798,.F.);
#798 = EDGE_CURVE('',#799,#801,#803,.T.);
#799 = VERTEX_POINT('',#800);
#800 = CARTESIAN_POINT('',(0.5,-0.25,2.E-02));
#801 = VERTEX_POINT('',#802);
#802 = CARTESIAN_POINT('',(0.5,-0.25,0.48));
#803 = LINE('',#804,#805);
#804 = CARTESIAN_POINT('',(0.5,-0.25,0.));
#805 = VECTOR('',#806,1.);
#806 = DIRECTION('',(0.,0.,1.));
#807 = ORIENTED_EDGE('',*,*,#808,.F.);
#808 = EDGE_CURVE('',#713,#799,#809,.T.);
#809 = LINE('',#810,#811);
#810 = CARTESIAN_POINT('',(0.3,-0.25,2.E-02));
#811 = VECTOR('',#812,1.);
#812 = DIRECTION('',(1.,0.,0.));
#813 = ORIENTED_EDGE('',*,*,#712,.T.);
#814 = ORIENTED_EDGE('',*,*,#815,.T.);
#815 = EDGE_CURVE('',#715,#801,#816,.T.);
#816 = LINE('',#817,#818);
#817 = CARTESIAN_POINT('',(0.3,-0.25,0.48));
#818 = VECTOR('',#819,1.);
#819 = DIRECTION('',(1.,0.,0.));
#820 = PLANE('',#821);
#821 = AXIS2_PLACEMENT_3D('',#822,#823,#824);
#822 = CARTESIAN_POINT('',(0.3,-0.25,0.));
#823 = DIRECTION('',(0.,1.,0.));
#824 = DIRECTION('',(0.,-0.,1.));
#825 = ADVANCED_FACE('',(#826),#845,.T.);
#826 = FACE_BOUND('',#827,.T.);
#827 = EDGE_LOOP('',(#828,#829,#837,#844));
#828 = ORIENTED_EDGE('',*,*,#722,.T.);
#829 = ORIENTED_EDGE('',*,*,#830,.T.);
#830 = EDGE_CURVE('',#723,#831,#833,.T.);
#831 = VERTEX_POINT('',#832);
#832 = CARTESIAN_POINT('',(0.5,-0.23,0.));
#833 = LINE('',#834,#835);
#834 = CARTESIAN_POINT('',(0.3,-0.23,0.));
#835 = VECTOR('',#836,1.);
#836 = DIRECTION('',(1.,0.,0.));
#837 = ORIENTED_EDGE('',*,*,#838,.F.);
#838 = EDGE_CURVE('',#799,#831,#839,.T.);
#839 = CIRCLE('',#840,2.E-02);
#840 = AXIS2_PLACEMENT_3D('',#841,#842,#843);
#841 = CARTESIAN_POINT('',(0.5,-0.23,2.E-02));
#842 = DIRECTION('',(1.,0.,-0.));
#843 = DIRECTION('',(0.,0.,1.));
#844 = ORIENTED_EDGE('',*,*,#808,.F.);
#845 = CYLINDRICAL_SURFACE('',#846,2.E-02);
#846 = AXIS2_PLACEMENT_3D('',#847,#848,#849);
#847 = CARTESIAN_POINT('',(0.3,-0.23,2.E-02));
#848 = DIRECTION('',(1.,0.,0.));
#849 = DIRECTION('',(0.,-1.,0.));
#850 = ADVANCED_FACE('',(#851),#870,.T.);
#851 = FACE_BOUND('',#852,.T.);
#852 = EDGE_LOOP('',(#853,#854,#863,#869));
#853 = ORIENTED_EDGE('',*,*,#815,.T.);
#854 = ORIENTED_EDGE('',*,*,#855,.T.);
#855 = EDGE_CURVE('',#801,#856,#858,.T.);
#856 = VERTEX_POINT('',#857);
#857 = CARTESIAN_POINT('',(0.5,-0.23,0.5));
#858 = CIRCLE('',#859,2.E-02);
#859 = AXIS2_PLACEMENT_3D('',#860,#861,#862);
#860 = CARTESIAN_POINT('',(0.5,-0.23,0.48));
#861 = DIRECTION('',(-1.,0.,0.));
#862 = DIRECTION('',(0.,0.,1.));
#863 = ORIENTED_EDGE('',*,*,#864,.F.);
#864 = EDGE_CURVE('',#766,#856,#865,.T.);
#865 = LINE('',#866,#867);
#866 = CARTESIAN_POINT('',(0.3,-0.23,0.5));
#867 = VECTOR('',#868,1.);
#868 = DIRECTION('',(1.,0.,0.));
#869 = ORIENTED_EDGE('',*,*,#773,.F.);
#870 = CYLINDRICAL_SURFACE('',#871,2.E-02);
#871 = AXIS2_PLACEMENT_3D('',#872,#873,#874);
#872 = CARTESIAN_POINT('',(0.3,-0.23,0.48));
#873 = DIRECTION('',(1.,0.,0.));
#874 = DIRECTION('',(0.,-1.,0.));
#875 = ADVANCED_FACE('',(#876),#894,.F.);
#876 = FACE_BOUND('',#877,.F.);
#877 = EDGE_LOOP('',(#878,#879,#880,#888));
#878 = ORIENTED_EDGE('',*,*,#731,.F.);
#879 = ORIENTED_EDGE('',*,*,#830,.T.);
#880 = ORIENTED_EDGE('',*,*,#881,.T.);
#881 = EDGE_CURVE('',#831,#882,#884,.T.);
#882 = VERTEX_POINT('',#883);
#883 = CARTESIAN_POINT('',(0.5,0.23,0.));
#884 = LINE('',#885,#886);
#885 = CARTESIAN_POINT('',(0.5,-0.25,0.));
#886 = VECTOR('',#887,1.);
#887 = DIRECTION('',(0.,1.,0.));
#888 = ORIENTED_EDGE('',*,*,#889,.F.);
#889 = EDGE_CURVE('',#732,#882,#890,.T.);
#890 = LINE('',#891,#892);
#891 = CARTESIAN_POINT('',(0.3,0.23,0.));
#892 = VECTOR('',#893,1.);
#893 = DIRECTION('',(1.,0.,0.));
#894 = PLANE('',#895);
#895 = AXIS2_PLACEMENT_3D('',#896,#897,#898);
#896 = CARTESIAN_POINT('',(0.3,-0.25,0.));
#897 = DIRECTION('',(0.,0.,1.));
#898 = DIRECTION('',(1.,0.,-0.));
#899 = ADVANCED_FACE('',(#900),#918,.T.);
#900 = FACE_BOUND('',#901,.T.);
#901 = EDGE_LOOP('',(#902,#903,#904,#912));
#902 = ORIENTED_EDGE('',*,*,#765,.F.);
#903 = ORIENTED_EDGE('',*,*,#864,.T.);
#904 = ORIENTED_EDGE('',*,*,#905,.T.);
#905 = EDGE_CURVE('',#856,#906,#908,.T.);
#906 = VERTEX_POINT('',#907);
#907 = CARTESIAN_POINT('',(0.5,0.23,0.5));
#908 = LINE('',#909,#910);
#909 = CARTESIAN_POINT('',(0.5,-0.25,0.5));
#910 = VECTOR('',#911,1.);
#911 = DIRECTION('',(0.,1.,0.));
#912 = ORIENTED_EDGE('',*,*,#913,.F.);
#913 = EDGE_CURVE('',#757,#906,#914,.T.);
#914 = LINE('',#915,#916);
#915 = CARTESIAN_POINT('',(0.3,0.23,0.5));
#916 = VECTOR('',#917,1.);
#917 = DIRECTION('',(1.,0.,0.));
#918 = PLANE('',#919);
#919 = AXIS2_PLACEMENT_3D('',#920,#921,#922);
#920 = CARTESIAN_POINT('',(0.3,-0.25,0.5));
#921 = DIRECTION('',(0.,0.,1.));
#922 = DIRECTION('',(1.,0.,-0.));
#923 = ADVANCED_FACE('',(#924),#943,.T.);
#924 = FACE_BOUND('',#925,.T.);
#925 = EDGE_LOOP('',(#926,#934,#941,#942));
#926 = ORIENTED_EDGE('',*,*,#927,.T.);
#927 = EDGE_CURVE('',#740,#928,#930,.T.);
#928 = VERTEX_POINT('',#929);
#929 = CARTESIAN_POINT('',(0.5,0.25,2.E-02));
#930 = LINE('',#931,#932);
#931 = CARTESIAN_POINT('',(0.3,0.25,2.E-02));
#932 = VECTOR('',#933,1.);
#933 = DIRECTION('',(1.,0.,0.));
#934 = ORIENTED_EDGE('',*,*,#935,.T.);
#935 = EDGE_CURVE('',#928,#882,#936,.T.);
#936 = CIRCLE('',#937,2.E-02);
#937 = AXIS2_PLACEMENT_3D('',#938,#939,#940);
#938 = CARTESIAN_POINT('',(0.5,0.23,2.E-02));
#939 = DIRECTION('',(-1.,0.,0.));
#940 = DIRECTION('',(0.,0.,1.));
#941 = ORIENTED_EDGE('',*,*,#889,.F.);
#942 = ORIENTED_EDGE('',*,*,#739,.F.);
#943 = CYLINDRICAL_SURFACE('',#944,2.E-02);
#944 = AXIS2_PLACEMENT_3D('',#945,#946,#947);
#945 = CARTESIAN_POINT('',(0.3,0.23,2.E-02));
#946 = DIRECTION('',(1.,0.,0.));
#947 = DIRECTION('',(-0.,1.,0.));
#948 = ADVANCED_FACE('',(#949),#968,.T.);
#949 = FACE_BOUND('',#950,.T.);
#950 = EDGE_LOOP('',(#951,#952,#953,#962));
#951 = ORIENTED_EDGE('',*,*,#756,.T.);
#952 = ORIENTED_EDGE('',*,*,#913,.T.);
#953 = ORIENTED_EDGE('',*,*,#954,.F.);
#954 = EDGE_CURVE('',#955,#906,#957,.T.);
#955 = VERTEX_POINT('',#956);
#956 = CARTESIAN_POINT('',(0.5,0.25,0.48));
#957 = CIRCLE('',#958,2.E-02);
#958 = AXIS2_PLACEMENT_3D('',#959,#960,#961);
#959 = CARTESIAN_POINT('',(0.5,0.23,0.48));
#960 = DIRECTION('',(1.,0.,-0.));
#961 = DIRECTION('',(0.,0.,1.));
#962 = ORIENTED_EDGE('',*,*,#963,.F.);
#963 = EDGE_CURVE('',#749,#955,#964,.T.);
#964 = LINE('',#965,#966);
#965 = CARTESIAN_POINT('',(0.3,0.25,0.48));
#966 = VECTOR('',#967,1.);
#967 = DIRECTION('',(1.,0.,0.));
#968 = CYLINDRICAL_SURFACE('',#969,2.E-02);
#969 = AXIS2_PLACEMENT_3D('',#970,#971,#972);
#970 = CARTESIAN_POINT('',(0.3,0.23,0.48));
#971 = DIRECTION('',(1.,0.,0.));
#972 = DIRECTION('',(-0.,1.,0.));
#973 = ADVANCED_FACE('',(#974),#985,.T.);
#974 = FACE_BOUND('',#975,.T.);
#975 = EDGE_LOOP('',(#976,#982,#983,#984));
#976 = ORIENTED_EDGE('',*,*,#977,.F.);
#977 = EDGE_CURVE('',#928,#955,#978,.T.);
#978 = LINE('',#979,#980);
#979 = CARTESIAN_POINT('',(0.5,0.25,0.));
#980 = VECTOR('',#981,1.);
#981 = DIRECTION('',(0.,0.,1.));
#982 = ORIENTED_EDGE('',*,*,#927,.F.);
#983 = ORIENTED_EDGE('',*,*,#748,.T.);
#984 = ORIENTED_EDGE('',*,*,#963,.T.);
#985 = PLANE('',#986);
#986 = AXIS2_PLACEMENT_3D('',#987,#988,#989);
#987 = CARTESIAN_POINT('',(0.3,0.25,0.));
#988 = DIRECTION('',(0.,1.,0.));
#989 = DIRECTION('',(0.,-0.,1.));
#990 = ADVANCED_FACE('',(#991),#1001,.T.);
#991 = FACE_BOUND('',#992,.T.);
#992 = EDGE_LOOP('',(#993,#994,#995,#996,#997,#998,#999,#1000));
#993 = ORIENTED_EDGE('',*,*,#798,.F.);
#994 = ORIENTED_EDGE('',*,*,#838,.T.);
#995 = ORIENTED_EDGE('',*,*,#881,.T.);
#996 = ORIENTED_EDGE('',*,*,#935,.F.);
#997 = ORIENTED_EDGE('',*,*,#977,.T.);
#998 = ORIENTED_EDGE('',*,*,#954,.T.);
#999 = ORIENTED_EDGE('',*,*,#905,.F.);
#1000 = ORIENTED_EDGE('',*,*,#855,.F.);
#1001 = PLANE('',#1002);
#1002 = AXIS2_PLACEMENT_3D('',#1003,#1004,#1005);
#1003 = CARTESIAN_POINT('',(0.5,-0.25,0.));
#1004 = DIRECTION('',(1.,0.,0.));
#1005 = DIRECTION('',(0.,0.,1.));
#1006 = ( GEOMETRIC_REPRESENTATION_CONTEXT(3) 
GLOBAL_UNCERTAINTY_ASSIGNED_CONTEXT((#1010)) 
GLOBAL_UNIT_ASSIGNED_CONTEXT((#1007,#1008,#1009)) REPRESENTATION_CONTEXT
('Context #1','3D Context with UNIT and UNCERTAINTY') );
#1007 = ( LENGTH_UNIT() NAMED_UNIT(*) SI_UNIT(.MILLI.,.METRE.) );
#1008 = ( NAMED_UNIT(*) PLANE_ANGLE_UNIT() SI_UNIT($,.RADIAN.) );
#1009 = ( NAMED_UNIT(*) SI_UNIT($,.STERADIAN.) SOLID_ANGLE_UNIT() );
#1010 = UNCERTAINTY_MEASURE_WITH_UNIT(LENGTH_MEASURE(1.E-07),#1007,
  'distance_accuracy_value','confusion accuracy');
#1011 = CONTEXT_DEPENDENT_SHAPE_REPRESENTATION(#1012,#1014);
#1012 = ( REPRESENTATION_RELATIONSHIP('','',#151,#128) 
REPRESENTATION_RELATIONSHIP_WITH_TRANSFORMATION(#1013) 
SHAPE_REPRESENTATION_RELATIONSHIP() );
#1013 = ITEM_DEFINED_TRANSFORMATION('','',#11,#129);
#1014 = PRODUCT_DEFINITION_SHAPE('Placement','Placement of an item',
  #1015);
#1015 = NEXT_ASSEMBLY_USAGE_OCCURRENCE('1','=>[0:1:1:3]','',#123,#146,$
  );
#1016 = PRODUCT_RELATED_PRODUCT_CATEGORY('part',$,(#148));
#1017 = CONTEXT_DEPENDENT_SHAPE_REPRESENTATION(#1018,#1020);
#1018 = ( REPRESENTATION_RELATIONSHIP('','',#128,#10) 
REPRESENTATION_RELATIONSHIP_WITH_TRANSFORMATION(#1019) 
SHAPE_REPRESENTATION_RELATIONSHIP() );
#1019 = ITEM_DEFINED_TRANSFORMATION('','',#11,#19);
#1020 = PRODUCT_DEFINITION_SHAPE('Placement','Placement of an item',
  #1021);
#1021 = NEXT_ASSEMBLY_USAGE_OCCURRENCE('3','C38','',#5,#123,$);
#1022 = CONTEXT_DEPENDENT_SHAPE_REPRESENTATION(#1023,#1025);
#1023 = ( REPRESENTATION_RELATIONSHIP('','',#128,#10) 
REPRESENTATION_RELATIONSHIP_WITH_TRANSFORMATION(#1024) 
SHAPE_REPRESENTATION_RELATIONSHIP() );
#1024 = ITEM_DEFINED_TRANSFORMATION('','',#11,#23);
#1025 = PRODUCT_DEFINITION_SHAPE('Placement','Placement of an item',
  #1026);
#1026 = NEXT_ASSEMBLY_USAGE_OCCURRENCE('4','C37','',#5,#123,$);
#1027 = SHAPE_DEFINITION_REPRESENTATION(#1028,#1034);
#1028 = PRODUCT_DEFINITION_SHAPE('','',#1029);
#1029 = PRODUCT_DEFINITION('design','',#1030,#1033);
#1030 = PRODUCT_DEFINITION_FORMATION('','',#1031);
#1031 = PRODUCT('R_0402_1005Metric','R_0402_1005Metric','',(#1032));
#1032 = PRODUCT_CONTEXT('',#2,'mechanical');
#1033 = PRODUCT_DEFINITION_CONTEXT('part definition',#2,'design');
#1034 = SHAPE_REPRESENTATION('',(#11,#1035),#1039);
#1035 = AXIS2_PLACEMENT_3D('',#1036,#1037,#1038);
#1036 = CARTESIAN_POINT('',(0.,0.,0.));
#1037 = DIRECTION('',(0.,0.,1.));
#1038 = DIRECTION('',(1.,0.,-0.));
#1039 = ( GEOMETRIC_REPRESENTATION_CONTEXT(3) 
GLOBAL_UNCERTAINTY_ASSIGNED_CONTEXT((#1043)) 
GLOBAL_UNIT_ASSIGNED_CONTEXT((#1040,#1041,#1042)) REPRESENTATION_CONTEXT
('Context #1','3D Context with UNIT and UNCERTAINTY') );
#1040 = ( LENGTH_UNIT() NAMED_UNIT(*) SI_UNIT(.MILLI.,.METRE.) );
#1041 = ( NAMED_UNIT(*) PLANE_ANGLE_UNIT() SI_UNIT($,.RADIAN.) );
#1042 = ( NAMED_UNIT(*) SI_UNIT($,.STERADIAN.) SOLID_ANGLE_UNIT() );
#1043 = UNCERTAINTY_MEASURE_WITH_UNIT(LENGTH_MEASURE(1.E-07),#1040,
  'distance_accuracy_value','confusion accuracy');
#1044 = CONTEXT_DEPENDENT_SHAPE_REPRESENTATION(#1045,#1047);
#1045 = ( REPRESENTATION_RELATIONSHIP('','',#1034,#10) 
REPRESENTATION_RELATIONSHIP_WITH_TRANSFORMATION(#1046) 
SHAPE_REPRESENTATION_RELATIONSHIP() );
#1046 = ITEM_DEFINED_TRANSFORMATION('','',#11,#27);
#1047 = PRODUCT_DEFINITION_SHAPE('Placement','Placement of an item',
  #1048);
#1048 = NEXT_ASSEMBLY_USAGE_OCCURRENCE('6','R34','',#5,#1029,$);
#1049 = PRODUCT_RELATED_PRODUCT_CATEGORY('part',$,(#1031));
#1050 = SHAPE_DEFINITION_REPRESENTATION(#1051,#1057);
#1051 = PRODUCT_DEFINITION_SHAPE('','',#1052);
#1052 = PRODUCT_DEFINITION('design','',#1053,#1056);
#1053 = PRODUCT_DEFINITION_FORMATION('','',#1054);
#1054 = PRODUCT('R_0402_1005Metric','R_0402_1005Metric','',(#1055));
#1055 = PRODUCT_CONTEXT('',#2,'mechanical');
#1056 = PRODUCT_DEFINITION_CONTEXT('part definition',#2,'design');
#1057 = ADVANCED_BREP_SHAPE_REPRESENTATION('',(#11,#1058),#1848);
#1058 = MANIFOLD_SOLID_BREP('',#1059);
#1059 = CLOSED_SHELL('',(#1060,#1100,#1183,#1208,#1233,#1300,#1317,#1334
    ,#1383,#1400,#1417,#1466,#1483,#1552,#1583,#1607,#1676,#1700,#1717,
    #1734,#1751,#1768,#1785,#1802,#1819,#1836));
#1060 = ADVANCED_FACE('',(#1061),#1095,.F.);
#1061 = FACE_BOUND('',#1062,.F.);
#1062 = EDGE_LOOP('',(#1063,#1073,#1081,#1089));
#1063 = ORIENTED_EDGE('',*,*,#1064,.F.);
#1064 = EDGE_CURVE('',#1065,#1067,#1069,.T.);
#1065 = VERTEX_POINT('',#1066);
#1066 = CARTESIAN_POINT('',(-0.5,-0.25,3.5E-02));
#1067 = VERTEX_POINT('',#1068);
#1068 = CARTESIAN_POINT('',(-0.5,-0.25,0.315));
#1069 = LINE('',#1070,#1071);
#1070 = CARTESIAN_POINT('',(-0.5,-0.25,0.));
#1071 = VECTOR('',#1072,1.);
#1072 = DIRECTION('',(0.,0.,1.));
#1073 = ORIENTED_EDGE('',*,*,#1074,.T.);
#1074 = EDGE_CURVE('',#1065,#1075,#1077,.T.);
#1075 = VERTEX_POINT('',#1076);
#1076 = CARTESIAN_POINT('',(-0.5,0.25,3.5E-02));
#1077 = LINE('',#1078,#1079);
#1078 = CARTESIAN_POINT('',(-0.5,-0.25,3.5E-02));
#1079 = VECTOR('',#1080,1.);
#1080 = DIRECTION('',(0.,1.,0.));
#1081 = ORIENTED_EDGE('',*,*,#1082,.T.);
#1082 = EDGE_CURVE('',#1075,#1083,#1085,.T.);
#1083 = VERTEX_POINT('',#1084);
#1084 = CARTESIAN_POINT('',(-0.5,0.25,0.315));
#1085 = LINE('',#1086,#1087);
#1086 = CARTESIAN_POINT('',(-0.5,0.25,0.));
#1087 = VECTOR('',#1088,1.);
#1088 = DIRECTION('',(0.,0.,1.));
#1089 = ORIENTED_EDGE('',*,*,#1090,.F.);
#1090 = EDGE_CURVE('',#1067,#1083,#1091,.T.);
#1091 = LINE('',#1092,#1093);
#1092 = CARTESIAN_POINT('',(-0.5,-0.25,0.315));
#1093 = VECTOR('',#1094,1.);
#1094 = DIRECTION('',(0.,1.,0.));
#1095 = PLANE('',#1096);
#1096 = AXIS2_PLACEMENT_3D('',#1097,#1098,#1099);
#1097 = CARTESIAN_POINT('',(-0.5,-0.25,0.));
#1098 = DIRECTION('',(1.,0.,0.));
#1099 = DIRECTION('',(0.,0.,1.));
#1100 = ADVANCED_FACE('',(#1101),#1178,.F.);
#1101 = FACE_BOUND('',#1102,.F.);
#1102 = EDGE_LOOP('',(#1103,#1113,#1120,#1121,#1130,#1138,#1147,#1155,
    #1163,#1171));
#1103 = ORIENTED_EDGE('',*,*,#1104,.F.);
#1104 = EDGE_CURVE('',#1105,#1107,#1109,.T.);
#1105 = VERTEX_POINT('',#1106);
#1106 = CARTESIAN_POINT('',(-0.465,-0.25,-2.775557561563E-17));
#1107 = VERTEX_POINT('',#1108);
#1108 = CARTESIAN_POINT('',(-0.335,-0.25,-2.775557561563E-17));
#1109 = LINE('',#1110,#1111);
#1110 = CARTESIAN_POINT('',(-0.5,-0.25,0.));
#1111 = VECTOR('',#1112,1.);
#1112 = DIRECTION('',(1.,0.,0.));
#1113 = ORIENTED_EDGE('',*,*,#1114,.F.);
#1114 = EDGE_CURVE('',#1065,#1105,#1115,.T.);
#1115 = CIRCLE('',#1116,3.5E-02);
#1116 = AXIS2_PLACEMENT_3D('',#1117,#1118,#1119);
#1117 = CARTESIAN_POINT('',(-0.465,-0.25,3.5E-02));
#1118 = DIRECTION('',(0.,-1.,0.));
#1119 = DIRECTION('',(0.,0.,1.));
#1120 = ORIENTED_EDGE('',*,*,#1064,.T.);
#1121 = ORIENTED_EDGE('',*,*,#1122,.T.);
#1122 = EDGE_CURVE('',#1067,#1123,#1125,.T.);
#1123 = VERTEX_POINT('',#1124);
#1124 = CARTESIAN_POINT('',(-0.465,-0.25,0.35));
#1125 = CIRCLE('',#1126,3.5E-02);
#1126 = AXIS2_PLACEMENT_3D('',#1127,#1128,#1129);
#1127 = CARTESIAN_POINT('',(-0.465,-0.25,0.315));
#1128 = DIRECTION('',(0.,1.,0.));
#1129 = DIRECTION('',(0.,-0.,1.));
#1130 = ORIENTED_EDGE('',*,*,#1131,.T.);
#1131 = EDGE_CURVE('',#1123,#1132,#1134,.T.);
#1132 = VERTEX_POINT('',#1133);
#1133 = CARTESIAN_POINT('',(-0.335,-0.25,0.35));
#1134 = LINE('',#1135,#1136);
#1135 = CARTESIAN_POINT('',(-0.5,-0.25,0.35));
#1136 = VECTOR('',#1137,1.);
#1137 = DIRECTION('',(1.,0.,0.));
#1138 = ORIENTED_EDGE('',*,*,#1139,.F.);
#1139 = EDGE_CURVE('',#1140,#1132,#1142,.T.);
#1140 = VERTEX_POINT('',#1141);
#1141 = CARTESIAN_POINT('',(-0.3,-0.25,0.315));
#1142 = CIRCLE('',#1143,3.5E-02);
#1143 = AXIS2_PLACEMENT_3D('',#1144,#1145,#1146);
#1144 = CARTESIAN_POINT('',(-0.335,-0.25,0.315));
#1145 = DIRECTION('',(0.,-1.,0.));
#1146 = DIRECTION('',(0.,0.,1.));
#1147 = ORIENTED_EDGE('',*,*,#1148,.F.);
#1148 = EDGE_CURVE('',#1149,#1140,#1151,.T.);
#1149 = VERTEX_POINT('',#1150);
#1150 = CARTESIAN_POINT('',(-0.465,-0.25,0.315));
#1151 = LINE('',#1152,#1153);
#1152 = CARTESIAN_POINT('',(-0.465,-0.25,0.315));
#1153 = VECTOR('',#1154,1.);
#1154 = DIRECTION('',(1.,0.,0.));
#1155 = ORIENTED_EDGE('',*,*,#1156,.F.);
#1156 = EDGE_CURVE('',#1157,#1149,#1159,.T.);
#1157 = VERTEX_POINT('',#1158);
#1158 = CARTESIAN_POINT('',(-0.465,-0.25,3.5E-02));
#1159 = LINE('',#1160,#1161);
#1160 = CARTESIAN_POINT('',(-0.465,-0.25,3.5E-02));
#1161 = VECTOR('',#1162,1.);
#1162 = DIRECTION('',(0.,0.,1.));
#1163 = ORIENTED_EDGE('',*,*,#1164,.T.);
#1164 = EDGE_CURVE('',#1157,#1165,#1167,.T.);
#1165 = VERTEX_POINT('',#1166);
#1166 = CARTESIAN_POINT('',(-0.3,-0.25,3.5E-02));
#1167 = LINE('',#1168,#1169);
#1168 = CARTESIAN_POINT('',(-0.465,-0.25,3.5E-02));
#1169 = VECTOR('',#1170,1.);
#1170 = DIRECTION('',(1.,0.,0.));
#1171 = ORIENTED_EDGE('',*,*,#1172,.T.);
#1172 = EDGE_CURVE('',#1165,#1107,#1173,.T.);
#1173 = CIRCLE('',#1174,3.5E-02);
#1174 = AXIS2_PLACEMENT_3D('',#1175,#1176,#1177);
#1175 = CARTESIAN_POINT('',(-0.335,-0.25,3.5E-02));
#1176 = DIRECTION('',(0.,1.,0.));
#1177 = DIRECTION('',(0.,-0.,1.));
#1178 = PLANE('',#1179);
#1179 = AXIS2_PLACEMENT_3D('',#1180,#1181,#1182);
#1180 = CARTESIAN_POINT('',(-0.5,-0.25,0.));
#1181 = DIRECTION('',(0.,1.,0.));
#1182 = DIRECTION('',(0.,-0.,1.));
#1183 = ADVANCED_FACE('',(#1184),#1203,.T.);
#1184 = FACE_BOUND('',#1185,.T.);
#1185 = EDGE_LOOP('',(#1186,#1187,#1196,#1202));
#1186 = ORIENTED_EDGE('',*,*,#1074,.T.);
#1187 = ORIENTED_EDGE('',*,*,#1188,.T.);
#1188 = EDGE_CURVE('',#1075,#1189,#1191,.T.);
#1189 = VERTEX_POINT('',#1190);
#1190 = CARTESIAN_POINT('',(-0.465,0.25,-2.775557561563E-17));
#1191 = CIRCLE('',#1192,3.5E-02);
#1192 = AXIS2_PLACEMENT_3D('',#1193,#1194,#1195);
#1193 = CARTESIAN_POINT('',(-0.465,0.25,3.5E-02));
#1194 = DIRECTION('',(0.,-1.,0.));
#1195 = DIRECTION('',(0.,0.,1.));
#1196 = ORIENTED_EDGE('',*,*,#1197,.F.);
#1197 = EDGE_CURVE('',#1105,#1189,#1198,.T.);
#1198 = LINE('',#1199,#1200);
#1199 = CARTESIAN_POINT('',(-0.465,-0.25,-2.775557561563E-17));
#1200 = VECTOR('',#1201,1.);
#1201 = DIRECTION('',(0.,1.,0.));
#1202 = ORIENTED_EDGE('',*,*,#1114,.F.);
#1203 = CYLINDRICAL_SURFACE('',#1204,3.5E-02);
#1204 = AXIS2_PLACEMENT_3D('',#1205,#1206,#1207);
#1205 = CARTESIAN_POINT('',(-0.465,-0.25,3.5E-02));
#1206 = DIRECTION('',(0.,1.,0.));
#1207 = DIRECTION('',(-1.,0.,0.));
#1208 = ADVANCED_FACE('',(#1209),#1228,.T.);
#1209 = FACE_BOUND('',#1210,.T.);
#1210 = EDGE_LOOP('',(#1211,#1212,#1220,#1227));
#1211 = ORIENTED_EDGE('',*,*,#1122,.T.);
#1212 = ORIENTED_EDGE('',*,*,#1213,.T.);
#1213 = EDGE_CURVE('',#1123,#1214,#1216,.T.);
#1214 = VERTEX_POINT('',#1215);
#1215 = CARTESIAN_POINT('',(-0.465,0.25,0.35));
#1216 = LINE('',#1217,#1218);
#1217 = CARTESIAN_POINT('',(-0.465,-0.25,0.35));
#1218 = VECTOR('',#1219,1.);
#1219 = DIRECTION('',(0.,1.,0.));
#1220 = ORIENTED_EDGE('',*,*,#1221,.F.);
#1221 = EDGE_CURVE('',#1083,#1214,#1222,.T.);
#1222 = CIRCLE('',#1223,3.5E-02);
#1223 = AXIS2_PLACEMENT_3D('',#1224,#1225,#1226);
#1224 = CARTESIAN_POINT('',(-0.465,0.25,0.315));
#1225 = DIRECTION('',(0.,1.,0.));
#1226 = DIRECTION('',(0.,-0.,1.));
#1227 = ORIENTED_EDGE('',*,*,#1090,.F.);
#1228 = CYLINDRICAL_SURFACE('',#1229,3.5E-02);
#1229 = AXIS2_PLACEMENT_3D('',#1230,#1231,#1232);
#1230 = CARTESIAN_POINT('',(-0.465,-0.25,0.315));
#1231 = DIRECTION('',(0.,1.,0.));
#1232 = DIRECTION('',(-1.,0.,0.));
#1233 = ADVANCED_FACE('',(#1234),#1295,.T.);
#1234 = FACE_BOUND('',#1235,.T.);
#1235 = EDGE_LOOP('',(#1236,#1244,#1245,#1246,#1247,#1255,#1264,#1272,
    #1280,#1288));
#1236 = ORIENTED_EDGE('',*,*,#1237,.F.);
#1237 = EDGE_CURVE('',#1189,#1238,#1240,.T.);
#1238 = VERTEX_POINT('',#1239);
#1239 = CARTESIAN_POINT('',(-0.335,0.25,-2.775557561563E-17));
#1240 = LINE('',#1241,#1242);
#1241 = CARTESIAN_POINT('',(-0.5,0.25,0.));
#1242 = VECTOR('',#1243,1.);
#1243 = DIRECTION('',(1.,0.,0.));
#1244 = ORIENTED_EDGE('',*,*,#1188,.F.);
#1245 = ORIENTED_EDGE('',*,*,#1082,.T.);
#1246 = ORIENTED_EDGE('',*,*,#1221,.T.);
#1247 = ORIENTED_EDGE('',*,*,#1248,.T.);
#1248 = EDGE_CURVE('',#1214,#1249,#1251,.T.);
#1249 = VERTEX_POINT('',#1250);
#1250 = CARTESIAN_POINT('',(-0.335,0.25,0.35));
#1251 = LINE('',#1252,#1253);
#1252 = CARTESIAN_POINT('',(-0.5,0.25,0.35));
#1253 = VECTOR('',#1254,1.);
#1254 = DIRECTION('',(1.,0.,0.));
#1255 = ORIENTED_EDGE('',*,*,#1256,.F.);
#1256 = EDGE_CURVE('',#1257,#1249,#1259,.T.);
#1257 = VERTEX_POINT('',#1258);
#1258 = CARTESIAN_POINT('',(-0.3,0.25,0.315));
#1259 = CIRCLE('',#1260,3.5E-02);
#1260 = AXIS2_PLACEMENT_3D('',#1261,#1262,#1263);
#1261 = CARTESIAN_POINT('',(-0.335,0.25,0.315));
#1262 = DIRECTION('',(0.,-1.,0.));
#1263 = DIRECTION('',(0.,0.,1.));
#1264 = ORIENTED_EDGE('',*,*,#1265,.F.);
#1265 = EDGE_CURVE('',#1266,#1257,#1268,.T.);
#1266 = VERTEX_POINT('',#1267);
#1267 = CARTESIAN_POINT('',(-0.465,0.25,0.315));
#1268 = LINE('',#1269,#1270);
#1269 = CARTESIAN_POINT('',(-0.465,0.25,0.315));
#1270 = VECTOR('',#1271,1.);
#1271 = DIRECTION('',(1.,0.,0.));
#1272 = ORIENTED_EDGE('',*,*,#1273,.F.);
#1273 = EDGE_CURVE('',#1274,#1266,#1276,.T.);
#1274 = VERTEX_POINT('',#1275);
#1275 = CARTESIAN_POINT('',(-0.465,0.25,3.5E-02));
#1276 = LINE('',#1277,#1278);
#1277 = CARTESIAN_POINT('',(-0.465,0.25,3.5E-02));
#1278 = VECTOR('',#1279,1.);
#1279 = DIRECTION('',(0.,0.,1.));
#1280 = ORIENTED_EDGE('',*,*,#1281,.T.);
#1281 = EDGE_CURVE('',#1274,#1282,#1284,.T.);
#1282 = VERTEX_POINT('',#1283);
#1283 = CARTESIAN_POINT('',(-0.3,0.25,3.5E-02));
#1284 = LINE('',#1285,#1286);
#1285 = CARTESIAN_POINT('',(-0.465,0.25,3.5E-02));
#1286 = VECTOR('',#1287,1.);
#1287 = DIRECTION('',(1.,0.,0.));
#1288 = ORIENTED_EDGE('',*,*,#1289,.T.);
#1289 = EDGE_CURVE('',#1282,#1238,#1290,.T.);
#1290 = CIRCLE('',#1291,3.5E-02);
#1291 = AXIS2_PLACEMENT_3D('',#1292,#1293,#1294);
#1292 = CARTESIAN_POINT('',(-0.335,0.25,3.5E-02));
#1293 = DIRECTION('',(0.,1.,0.));
#1294 = DIRECTION('',(0.,-0.,1.));
#1295 = PLANE('',#1296);
#1296 = AXIS2_PLACEMENT_3D('',#1297,#1298,#1299);
#1297 = CARTESIAN_POINT('',(-0.5,0.25,0.));
#1298 = DIRECTION('',(0.,1.,0.));
#1299 = DIRECTION('',(0.,-0.,1.));
#1300 = ADVANCED_FACE('',(#1301),#1312,.F.);
#1301 = FACE_BOUND('',#1302,.F.);
#1302 = EDGE_LOOP('',(#1303,#1304,#1305,#1306));
#1303 = ORIENTED_EDGE('',*,*,#1237,.F.);
#1304 = ORIENTED_EDGE('',*,*,#1197,.F.);
#1305 = ORIENTED_EDGE('',*,*,#1104,.T.);
#1306 = ORIENTED_EDGE('',*,*,#1307,.T.);
#1307 = EDGE_CURVE('',#1107,#1238,#1308,.T.);
#1308 = LINE('',#1309,#1310);
#1309 = CARTESIAN_POINT('',(-0.335,-0.25,-2.775557561563E-17));
#1310 = VECTOR('',#1311,1.);
#1311 = DIRECTION('',(0.,1.,0.));
#1312 = PLANE('',#1313);
#1313 = AXIS2_PLACEMENT_3D('',#1314,#1315,#1316);
#1314 = CARTESIAN_POINT('',(-0.5,-0.25,0.));
#1315 = DIRECTION('',(0.,0.,1.));
#1316 = DIRECTION('',(1.,0.,-0.));
#1317 = ADVANCED_FACE('',(#1318),#1329,.T.);
#1318 = FACE_BOUND('',#1319,.T.);
#1319 = EDGE_LOOP('',(#1320,#1321,#1322,#1323));
#1320 = ORIENTED_EDGE('',*,*,#1172,.T.);
#1321 = ORIENTED_EDGE('',*,*,#1307,.T.);
#1322 = ORIENTED_EDGE('',*,*,#1289,.F.);
#1323 = ORIENTED_EDGE('',*,*,#1324,.F.);
#1324 = EDGE_CURVE('',#1165,#1282,#1325,.T.);
#1325 = LINE('',#1326,#1327);
#1326 = CARTESIAN_POINT('',(-0.3,-0.25,3.5E-02));
#1327 = VECTOR('',#1328,1.);
#1328 = DIRECTION('',(0.,1.,0.));
#1329 = CYLINDRICAL_SURFACE('',#1330,3.5E-02);
#1330 = AXIS2_PLACEMENT_3D('',#1331,#1332,#1333);
#1331 = CARTESIAN_POINT('',(-0.335,-0.25,3.5E-02));
#1332 = DIRECTION('',(0.,1.,0.));
#1333 = DIRECTION('',(1.,0.,0.));
#1334 = ADVANCED_FACE('',(#1335),#1378,.F.);
#1335 = FACE_BOUND('',#1336,.F.);
#1336 = EDGE_LOOP('',(#1337,#1338,#1339,#1340,#1348,#1356,#1364,#1372));
#1337 = ORIENTED_EDGE('',*,*,#1164,.F.);
#1338 = ORIENTED_EDGE('',*,*,#1156,.T.);
#1339 = ORIENTED_EDGE('',*,*,#1148,.T.);
#1340 = ORIENTED_EDGE('',*,*,#1341,.T.);
#1341 = EDGE_CURVE('',#1140,#1342,#1344,.T.);
#1342 = VERTEX_POINT('',#1343);
#1343 = CARTESIAN_POINT('',(0.3,-0.25,0.315));
#1344 = LINE('',#1345,#1346);
#1345 = CARTESIAN_POINT('',(-0.3,-0.25,0.315));
#1346 = VECTOR('',#1347,1.);
#1347 = DIRECTION('',(1.,0.,0.));
#1348 = ORIENTED_EDGE('',*,*,#1349,.T.);
#1349 = EDGE_CURVE('',#1342,#1350,#1352,.T.);
#1350 = VERTEX_POINT('',#1351);
#1351 = CARTESIAN_POINT('',(0.465,-0.25,0.315));
#1352 = LINE('',#1353,#1354);
#1353 = CARTESIAN_POINT('',(-0.465,-0.25,0.315));
#1354 = VECTOR('',#1355,1.);
#1355 = DIRECTION('',(1.,0.,0.));
#1356 = ORIENTED_EDGE('',*,*,#1357,.F.);
#1357 = EDGE_CURVE('',#1358,#1350,#1360,.T.);
#1358 = VERTEX_POINT('',#1359);
#1359 = CARTESIAN_POINT('',(0.465,-0.25,3.5E-02));
#1360 = LINE('',#1361,#1362);
#1361 = CARTESIAN_POINT('',(0.465,-0.25,3.5E-02));
#1362 = VECTOR('',#1363,1.);
#1363 = DIRECTION('',(0.,0.,1.));
#1364 = ORIENTED_EDGE('',*,*,#1365,.F.);
#1365 = EDGE_CURVE('',#1366,#1358,#1368,.T.);
#1366 = VERTEX_POINT('',#1367);
#1367 = CARTESIAN_POINT('',(0.3,-0.25,3.5E-02));
#1368 = LINE('',#1369,#1370);
#1369 = CARTESIAN_POINT('',(-0.465,-0.25,3.5E-02));
#1370 = VECTOR('',#1371,1.);
#1371 = DIRECTION('',(1.,0.,0.));
#1372 = ORIENTED_EDGE('',*,*,#1373,.F.);
#1373 = EDGE_CURVE('',#1165,#1366,#1374,.T.);
#1374 = LINE('',#1375,#1376);
#1375 = CARTESIAN_POINT('',(-0.465,-0.25,3.5E-02));
#1376 = VECTOR('',#1377,1.);
#1377 = DIRECTION('',(1.,0.,0.));
#1378 = PLANE('',#1379);
#1379 = AXIS2_PLACEMENT_3D('',#1380,#1381,#1382);
#1380 = CARTESIAN_POINT('',(-0.465,-0.25,3.5E-02));
#1381 = DIRECTION('',(0.,1.,0.));
#1382 = DIRECTION('',(0.,-0.,1.));
#1383 = ADVANCED_FACE('',(#1384),#1395,.T.);
#1384 = FACE_BOUND('',#1385,.T.);
#1385 = EDGE_LOOP('',(#1386,#1387,#1388,#1389));
#1386 = ORIENTED_EDGE('',*,*,#1248,.F.);
#1387 = ORIENTED_EDGE('',*,*,#1213,.F.);
#1388 = ORIENTED_EDGE('',*,*,#1131,.T.);
#1389 = ORIENTED_EDGE('',*,*,#1390,.T.);
#1390 = EDGE_CURVE('',#1132,#1249,#1391,.T.);
#1391 = LINE('',#1392,#1393);
#1392 = CARTESIAN_POINT('',(-0.335,-0.25,0.35));
#1393 = VECTOR('',#1394,1.);
#1394 = DIRECTION('',(0.,1.,0.));
#1395 = PLANE('',#1396);
#1396 = AXIS2_PLACEMENT_3D('',#1397,#1398,#1399);
#1397 = CARTESIAN_POINT('',(-0.5,-0.25,0.35));
#1398 = DIRECTION('',(0.,0.,1.));
#1399 = DIRECTION('',(1.,0.,-0.));
#1400 = ADVANCED_FACE('',(#1401),#1412,.T.);
#1401 = FACE_BOUND('',#1402,.T.);
#1402 = EDGE_LOOP('',(#1403,#1409,#1410,#1411));
#1403 = ORIENTED_EDGE('',*,*,#1404,.T.);
#1404 = EDGE_CURVE('',#1140,#1257,#1405,.T.);
#1405 = LINE('',#1406,#1407);
#1406 = CARTESIAN_POINT('',(-0.3,-0.25,0.315));
#1407 = VECTOR('',#1408,1.);
#1408 = DIRECTION('',(0.,1.,0.));
#1409 = ORIENTED_EDGE('',*,*,#1256,.T.);
#1410 = ORIENTED_EDGE('',*,*,#1390,.F.);
#1411 = ORIENTED_EDGE('',*,*,#1139,.F.);
#1412 = CYLINDRICAL_SURFACE('',#1413,3.5E-02);
#1413 = AXIS2_PLACEMENT_3D('',#1414,#1415,#1416);
#1414 = CARTESIAN_POINT('',(-0.335,-0.25,0.315));
#1415 = DIRECTION('',(0.,1.,0.));
#1416 = DIRECTION('',(1.,0.,0.));
#1417 = ADVANCED_FACE('',(#1418),#1461,.T.);
#1418 = FACE_BOUND('',#1419,.T.);
#1419 = EDGE_LOOP('',(#1420,#1421,#1422,#1423,#1431,#1439,#1447,#1455));
#1420 = ORIENTED_EDGE('',*,*,#1281,.F.);
#1421 = ORIENTED_EDGE('',*,*,#1273,.T.);
#1422 = ORIENTED_EDGE('',*,*,#1265,.T.);
#1423 = ORIENTED_EDGE('',*,*,#1424,.T.);
#1424 = EDGE_CURVE('',#1257,#1425,#1427,.T.);
#1425 = VERTEX_POINT('',#1426);
#1426 = CARTESIAN_POINT('',(0.3,0.25,0.315));
#1427 = LINE('',#1428,#1429);
#1428 = CARTESIAN_POINT('',(-0.3,0.25,0.315));
#1429 = VECTOR('',#1430,1.);
#1430 = DIRECTION('',(1.,0.,0.));
#1431 = ORIENTED_EDGE('',*,*,#1432,.T.);
#1432 = EDGE_CURVE('',#1425,#1433,#1435,.T.);
#1433 = VERTEX_POINT('',#1434);
#1434 = CARTESIAN_POINT('',(0.465,0.25,0.315));
#1435 = LINE('',#1436,#1437);
#1436 = CARTESIAN_POINT('',(-0.465,0.25,0.315));
#1437 = VECTOR('',#1438,1.);
#1438 = DIRECTION('',(1.,0.,0.));
#1439 = ORIENTED_EDGE('',*,*,#1440,.F.);
#1440 = EDGE_CURVE('',#1441,#1433,#1443,.T.);
#1441 = VERTEX_POINT('',#1442);
#1442 = CARTESIAN_POINT('',(0.465,0.25,3.5E-02));
#1443 = LINE('',#1444,#1445);
#1444 = CARTESIAN_POINT('',(0.465,0.25,3.5E-02));
#1445 = VECTOR('',#1446,1.);
#1446 = DIRECTION('',(0.,0.,1.));
#1447 = ORIENTED_EDGE('',*,*,#1448,.F.);
#1448 = EDGE_CURVE('',#1449,#1441,#1451,.T.);
#1449 = VERTEX_POINT('',#1450);
#1450 = CARTESIAN_POINT('',(0.3,0.25,3.5E-02));
#1451 = LINE('',#1452,#1453);
#1452 = CARTESIAN_POINT('',(-0.465,0.25,3.5E-02));
#1453 = VECTOR('',#1454,1.);
#1454 = DIRECTION('',(1.,0.,0.));
#1455 = ORIENTED_EDGE('',*,*,#1456,.F.);
#1456 = EDGE_CURVE('',#1282,#1449,#1457,.T.);
#1457 = LINE('',#1458,#1459);
#1458 = CARTESIAN_POINT('',(-0.465,0.25,3.5E-02));
#1459 = VECTOR('',#1460,1.);
#1460 = DIRECTION('',(1.,0.,0.));
#1461 = PLANE('',#1462);
#1462 = AXIS2_PLACEMENT_3D('',#1463,#1464,#1465);
#1463 = CARTESIAN_POINT('',(-0.465,0.25,3.5E-02));
#1464 = DIRECTION('',(0.,1.,0.));
#1465 = DIRECTION('',(0.,-0.,1.));
#1466 = ADVANCED_FACE('',(#1467),#1478,.F.);
#1467 = FACE_BOUND('',#1468,.F.);
#1468 = EDGE_LOOP('',(#1469,#1470,#1471,#1477));
#1469 = ORIENTED_EDGE('',*,*,#1324,.F.);
#1470 = ORIENTED_EDGE('',*,*,#1373,.T.);
#1471 = ORIENTED_EDGE('',*,*,#1472,.T.);
#1472 = EDGE_CURVE('',#1366,#1449,#1473,.T.);
#1473 = LINE('',#1474,#1475);
#1474 = CARTESIAN_POINT('',(0.3,-0.25,3.5E-02));
#1475 = VECTOR('',#1476,1.);
#1476 = DIRECTION('',(0.,1.,0.));
#1477 = ORIENTED_EDGE('',*,*,#1456,.F.);
#1478 = PLANE('',#1479);
#1479 = AXIS2_PLACEMENT_3D('',#1480,#1481,#1482);
#1480 = CARTESIAN_POINT('',(-0.465,-0.25,3.5E-02));
#1481 = DIRECTION('',(0.,0.,1.));
#1482 = DIRECTION('',(1.,0.,-0.));
#1483 = ADVANCED_FACE('',(#1484),#1547,.F.);
#1484 = FACE_BOUND('',#1485,.F.);
#1485 = EDGE_LOOP('',(#1486,#1496,#1503,#1504,#1505,#1506,#1515,#1523,
    #1532,#1540));
#1486 = ORIENTED_EDGE('',*,*,#1487,.F.);
#1487 = EDGE_CURVE('',#1488,#1490,#1492,.T.);
#1488 = VERTEX_POINT('',#1489);
#1489 = CARTESIAN_POINT('',(0.335,-0.25,-2.775557561563E-17));
#1490 = VERTEX_POINT('',#1491);
#1491 = CARTESIAN_POINT('',(0.465,-0.25,-2.775557561563E-17));
#1492 = LINE('',#1493,#1494);
#1493 = CARTESIAN_POINT('',(0.3,-0.25,0.));
#1494 = VECTOR('',#1495,1.);
#1495 = DIRECTION('',(1.,0.,0.));
#1496 = ORIENTED_EDGE('',*,*,#1497,.F.);
#1497 = EDGE_CURVE('',#1366,#1488,#1498,.T.);
#1498 = CIRCLE('',#1499,3.5E-02);
#1499 = AXIS2_PLACEMENT_3D('',#1500,#1501,#1502);
#1500 = CARTESIAN_POINT('',(0.335,-0.25,3.5E-02));
#1501 = DIRECTION('',(0.,-1.,0.));
#1502 = DIRECTION('',(0.,0.,1.));
#1503 = ORIENTED_EDGE('',*,*,#1365,.T.);
#1504 = ORIENTED_EDGE('',*,*,#1357,.T.);
#1505 = ORIENTED_EDGE('',*,*,#1349,.F.);
#1506 = ORIENTED_EDGE('',*,*,#1507,.T.);
#1507 = EDGE_CURVE('',#1342,#1508,#1510,.T.);
#1508 = VERTEX_POINT('',#1509);
#1509 = CARTESIAN_POINT('',(0.335,-0.25,0.35));
#1510 = CIRCLE('',#1511,3.5E-02);
#1511 = AXIS2_PLACEMENT_3D('',#1512,#1513,#1514);
#1512 = CARTESIAN_POINT('',(0.335,-0.25,0.315));
#1513 = DIRECTION('',(0.,1.,0.));
#1514 = DIRECTION('',(0.,-0.,1.));
#1515 = ORIENTED_EDGE('',*,*,#1516,.T.);
#1516 = EDGE_CURVE('',#1508,#1517,#1519,.T.);
#1517 = VERTEX_POINT('',#1518);
#1518 = CARTESIAN_POINT('',(0.465,-0.25,0.35));
#1519 = LINE('',#1520,#1521);
#1520 = CARTESIAN_POINT('',(0.3,-0.25,0.35));
#1521 = VECTOR('',#1522,1.);
#1522 = DIRECTION('',(1.,0.,0.));
#1523 = ORIENTED_EDGE('',*,*,#1524,.F.);
#1524 = EDGE_CURVE('',#1525,#1517,#1527,.T.);
#1525 = VERTEX_POINT('',#1526);
#1526 = CARTESIAN_POINT('',(0.5,-0.25,0.315));
#1527 = CIRCLE('',#1528,3.5E-02);
#1528 = AXIS2_PLACEMENT_3D('',#1529,#1530,#1531);
#1529 = CARTESIAN_POINT('',(0.465,-0.25,0.315));
#1530 = DIRECTION('',(0.,-1.,0.));
#1531 = DIRECTION('',(0.,0.,1.));
#1532 = ORIENTED_EDGE('',*,*,#1533,.F.);
#1533 = EDGE_CURVE('',#1534,#1525,#1536,.T.);
#1534 = VERTEX_POINT('',#1535);
#1535 = CARTESIAN_POINT('',(0.5,-0.25,3.5E-02));
#1536 = LINE('',#1537,#1538);
#1537 = CARTESIAN_POINT('',(0.5,-0.25,0.));
#1538 = VECTOR('',#1539,1.);
#1539 = DIRECTION('',(0.,0.,1.));
#1540 = ORIENTED_EDGE('',*,*,#1541,.T.);
#1541 = EDGE_CURVE('',#1534,#1490,#1542,.T.);
#1542 = CIRCLE('',#1543,3.5E-02);
#1543 = AXIS2_PLACEMENT_3D('',#1544,#1545,#1546);
#1544 = CARTESIAN_POINT('',(0.465,-0.25,3.5E-02));
#1545 = DIRECTION('',(0.,1.,0.));
#1546 = DIRECTION('',(0.,-0.,1.));
#1547 = PLANE('',#1548);
#1548 = AXIS2_PLACEMENT_3D('',#1549,#1550,#1551);
#1549 = CARTESIAN_POINT('',(0.3,-0.25,0.));
#1550 = DIRECTION('',(0.,1.,0.));
#1551 = DIRECTION('',(0.,-0.,1.));
#1552 = ADVANCED_FACE('',(#1553),#1578,.F.);
#1553 = FACE_BOUND('',#1554,.F.);
#1554 = EDGE_LOOP('',(#1555,#1556,#1564,#1572));
#1555 = ORIENTED_EDGE('',*,*,#1341,.F.);
#1556 = ORIENTED_EDGE('',*,*,#1557,.T.);
#1557 = EDGE_CURVE('',#1140,#1558,#1560,.T.);
#1558 = VERTEX_POINT('',#1559);
#1559 = CARTESIAN_POINT('',(-0.3,-0.25,0.35));
#1560 = LINE('',#1561,#1562);
#1561 = CARTESIAN_POINT('',(-0.3,-0.25,0.315));
#1562 = VECTOR('',#1563,1.);
#1563 = DIRECTION('',(0.,0.,1.));
#1564 = ORIENTED_EDGE('',*,*,#1565,.T.);
#1565 = EDGE_CURVE('',#1558,#1566,#1568,.T.);
#1566 = VERTEX_POINT('',#1567);
#1567 = CARTESIAN_POINT('',(0.3,-0.25,0.35));
#1568 = LINE('',#1569,#1570);
#1569 = CARTESIAN_POINT('',(-0.3,-0.25,0.35));
#1570 = VECTOR('',#1571,1.);
#1571 = DIRECTION('',(1.,0.,0.));
#1572 = ORIENTED_EDGE('',*,*,#1573,.F.);
#1573 = EDGE_CURVE('',#1342,#1566,#1574,.T.);
#1574 = LINE('',#1575,#1576);
#1575 = CARTESIAN_POINT('',(0.3,-0.25,0.315));
#1576 = VECTOR('',#1577,1.);
#1577 = DIRECTION('',(0.,0.,1.));
#1578 = PLANE('',#1579);
#1579 = AXIS2_PLACEMENT_3D('',#1580,#1581,#1582);
#1580 = CARTESIAN_POINT('',(-0.3,-0.25,0.315));
#1581 = DIRECTION('',(0.,1.,0.));
#1582 = DIRECTION('',(0.,-0.,1.));
#1583 = ADVANCED_FACE('',(#1584),#1602,.F.);
#1584 = FACE_BOUND('',#1585,.F.);
#1585 = EDGE_LOOP('',(#1586,#1587,#1588,#1596));
#1586 = ORIENTED_EDGE('',*,*,#1557,.F.);
#1587 = ORIENTED_EDGE('',*,*,#1404,.T.);
#1588 = ORIENTED_EDGE('',*,*,#1589,.T.);
#1589 = EDGE_CURVE('',#1257,#1590,#1592,.T.);
#1590 = VERTEX_POINT('',#1591);
#1591 = CARTESIAN_POINT('',(-0.3,0.25,0.35));
#1592 = LINE('',#1593,#1594);
#1593 = CARTESIAN_POINT('',(-0.3,0.25,0.315));
#1594 = VECTOR('',#1595,1.);
#1595 = DIRECTION('',(0.,0.,1.));
#1596 = ORIENTED_EDGE('',*,*,#1597,.F.);
#1597 = EDGE_CURVE('',#1558,#1590,#1598,.T.);
#1598 = LINE('',#1599,#1600);
#1599 = CARTESIAN_POINT('',(-0.3,-0.25,0.35));
#1600 = VECTOR('',#1601,1.);
#1601 = DIRECTION('',(0.,1.,0.));
#1602 = PLANE('',#1603);
#1603 = AXIS2_PLACEMENT_3D('',#1604,#1605,#1606);
#1604 = CARTESIAN_POINT('',(-0.3,-0.25,0.315));
#1605 = DIRECTION('',(1.,0.,0.));
#1606 = DIRECTION('',(0.,0.,1.));
#1607 = ADVANCED_FACE('',(#1608),#1671,.T.);
#1608 = FACE_BOUND('',#1609,.T.);
#1609 = EDGE_LOOP('',(#1610,#1620,#1627,#1628,#1629,#1630,#1639,#1647,
    #1656,#1664));
#1610 = ORIENTED_EDGE('',*,*,#1611,.F.);
#1611 = EDGE_CURVE('',#1612,#1614,#1616,.T.);
#1612 = VERTEX_POINT('',#1613);
#1613 = CARTESIAN_POINT('',(0.335,0.25,-2.775557561563E-17));
#1614 = VERTEX_POINT('',#1615);
#1615 = CARTESIAN_POINT('',(0.465,0.25,-2.775557561563E-17));
#1616 = LINE('',#1617,#1618);
#1617 = CARTESIAN_POINT('',(0.3,0.25,0.));
#1618 = VECTOR('',#1619,1.);
#1619 = DIRECTION('',(1.,0.,0.));
#1620 = ORIENTED_EDGE('',*,*,#1621,.F.);
#1621 = EDGE_CURVE('',#1449,#1612,#1622,.T.);
#1622 = CIRCLE('',#1623,3.5E-02);
#1623 = AXIS2_PLACEMENT_3D('',#1624,#1625,#1626);
#1624 = CARTESIAN_POINT('',(0.335,0.25,3.5E-02));
#1625 = DIRECTION('',(0.,-1.,0.));
#1626 = DIRECTION('',(0.,0.,1.));
#1627 = ORIENTED_EDGE('',*,*,#1448,.T.);
#1628 = ORIENTED_EDGE('',*,*,#1440,.T.);
#1629 = ORIENTED_EDGE('',*,*,#1432,.F.);
#1630 = ORIENTED_EDGE('',*,*,#1631,.T.);
#1631 = EDGE_CURVE('',#1425,#1632,#1634,.T.);
#1632 = VERTEX_POINT('',#1633);
#1633 = CARTESIAN_POINT('',(0.335,0.25,0.35));
#1634 = CIRCLE('',#1635,3.5E-02);
#1635 = AXIS2_PLACEMENT_3D('',#1636,#1637,#1638);
#1636 = CARTESIAN_POINT('',(0.335,0.25,0.315));
#1637 = DIRECTION('',(0.,1.,0.));
#1638 = DIRECTION('',(0.,-0.,1.));
#1639 = ORIENTED_EDGE('',*,*,#1640,.T.);
#1640 = EDGE_CURVE('',#1632,#1641,#1643,.T.);
#1641 = VERTEX_POINT('',#1642);
#1642 = CARTESIAN_POINT('',(0.465,0.25,0.35));
#1643 = LINE('',#1644,#1645);
#1644 = CARTESIAN_POINT('',(0.3,0.25,0.35));
#1645 = VECTOR('',#1646,1.);
#1646 = DIRECTION('',(1.,0.,0.));
#1647 = ORIENTED_EDGE('',*,*,#1648,.F.);
#1648 = EDGE_CURVE('',#1649,#1641,#1651,.T.);
#1649 = VERTEX_POINT('',#1650);
#1650 = CARTESIAN_POINT('',(0.5,0.25,0.315));
#1651 = CIRCLE('',#1652,3.5E-02);
#1652 = AXIS2_PLACEMENT_3D('',#1653,#1654,#1655);
#1653 = CARTESIAN_POINT('',(0.465,0.25,0.315));
#1654 = DIRECTION('',(0.,-1.,0.));
#1655 = DIRECTION('',(0.,0.,1.));
#1656 = ORIENTED_EDGE('',*,*,#1657,.F.);
#1657 = EDGE_CURVE('',#1658,#1649,#1660,.T.);
#1658 = VERTEX_POINT('',#1659);
#1659 = CARTESIAN_POINT('',(0.5,0.25,3.5E-02));
#1660 = LINE('',#1661,#1662);
#1661 = CARTESIAN_POINT('',(0.5,0.25,0.));
#1662 = VECTOR('',#1663,1.);
#1663 = DIRECTION('',(0.,0.,1.));
#1664 = ORIENTED_EDGE('',*,*,#1665,.T.);
#1665 = EDGE_CURVE('',#1658,#1614,#1666,.T.);
#1666 = CIRCLE('',#1667,3.5E-02);
#1667 = AXIS2_PLACEMENT_3D('',#1668,#1669,#1670);
#1668 = CARTESIAN_POINT('',(0.465,0.25,3.5E-02));
#1669 = DIRECTION('',(0.,1.,0.));
#1670 = DIRECTION('',(0.,-0.,1.));
#1671 = PLANE('',#1672);
#1672 = AXIS2_PLACEMENT_3D('',#1673,#1674,#1675);
#1673 = CARTESIAN_POINT('',(0.3,0.25,0.));
#1674 = DIRECTION('',(0.,1.,0.));
#1675 = DIRECTION('',(0.,-0.,1.));
#1676 = ADVANCED_FACE('',(#1677),#1695,.T.);
#1677 = FACE_BOUND('',#1678,.T.);
#1678 = EDGE_LOOP('',(#1679,#1680,#1681,#1689));
#1679 = ORIENTED_EDGE('',*,*,#1424,.F.);
#1680 = ORIENTED_EDGE('',*,*,#1589,.T.);
#1681 = ORIENTED_EDGE('',*,*,#1682,.T.);
#1682 = EDGE_CURVE('',#1590,#1683,#1685,.T.);
#1683 = VERTEX_POINT('',#1684);
#1684 = CARTESIAN_POINT('',(0.3,0.25,0.35));
#1685 = LINE('',#1686,#1687);
#1686 = CARTESIAN_POINT('',(-0.3,0.25,0.35));
#1687 = VECTOR('',#1688,1.);
#1688 = DIRECTION('',(1.,0.,0.));
#1689 = ORIENTED_EDGE('',*,*,#1690,.F.);
#1690 = EDGE_CURVE('',#1425,#1683,#1691,.T.);
#1691 = LINE('',#1692,#1693);
#1692 = CARTESIAN_POINT('',(0.3,0.25,0.315));
#1693 = VECTOR('',#1694,1.);
#1694 = DIRECTION('',(0.,0.,1.));
#1695 = PLANE('',#1696);
#1696 = AXIS2_PLACEMENT_3D('',#1697,#1698,#1699);
#1697 = CARTESIAN_POINT('',(-0.3,0.25,0.315));
#1698 = DIRECTION('',(0.,1.,0.));
#1699 = DIRECTION('',(0.,-0.,1.));
#1700 = ADVANCED_FACE('',(#1701),#1712,.T.);
#1701 = FACE_BOUND('',#1702,.T.);
#1702 = EDGE_LOOP('',(#1703,#1704,#1705,#1711));
#1703 = ORIENTED_EDGE('',*,*,#1472,.T.);
#1704 = ORIENTED_EDGE('',*,*,#1621,.T.);
#1705 = ORIENTED_EDGE('',*,*,#1706,.F.);
#1706 = EDGE_CURVE('',#1488,#1612,#1707,.T.);
#1707 = LINE('',#1708,#1709);
#1708 = CARTESIAN_POINT('',(0.335,-0.25,-2.775557561563E-17));
#1709 = VECTOR('',#1710,1.);
#1710 = DIRECTION('',(0.,1.,0.));
#1711 = ORIENTED_EDGE('',*,*,#1497,.F.);
#1712 = CYLINDRICAL_SURFACE('',#1713,3.5E-02);
#1713 = AXIS2_PLACEMENT_3D('',#1714,#1715,#1716);
#1714 = CARTESIAN_POINT('',(0.335,-0.25,3.5E-02));
#1715 = DIRECTION('',(0.,1.,0.));
#1716 = DIRECTION('',(-1.,0.,0.));
#1717 = ADVANCED_FACE('',(#1718),#1729,.F.);
#1718 = FACE_BOUND('',#1719,.F.);
#1719 = EDGE_LOOP('',(#1720,#1721,#1722,#1723));
#1720 = ORIENTED_EDGE('',*,*,#1611,.F.);
#1721 = ORIENTED_EDGE('',*,*,#1706,.F.);
#1722 = ORIENTED_EDGE('',*,*,#1487,.T.);
#1723 = ORIENTED_EDGE('',*,*,#1724,.T.);
#1724 = EDGE_CURVE('',#1490,#1614,#1725,.T.);
#1725 = LINE('',#1726,#1727);
#1726 = CARTESIAN_POINT('',(0.465,-0.25,-2.775557561563E-17));
#1727 = VECTOR('',#1728,1.);
#1728 = DIRECTION('',(0.,1.,0.));
#1729 = PLANE('',#1730);
#1730 = AXIS2_PLACEMENT_3D('',#1731,#1732,#1733);
#1731 = CARTESIAN_POINT('',(0.3,-0.25,0.));
#1732 = DIRECTION('',(0.,0.,1.));
#1733 = DIRECTION('',(1.,0.,-0.));
#1734 = ADVANCED_FACE('',(#1735),#1746,.T.);
#1735 = FACE_BOUND('',#1736,.T.);
#1736 = EDGE_LOOP('',(#1737,#1738,#1739,#1740));
#1737 = ORIENTED_EDGE('',*,*,#1541,.T.);
#1738 = ORIENTED_EDGE('',*,*,#1724,.T.);
#1739 = ORIENTED_EDGE('',*,*,#1665,.F.);
#1740 = ORIENTED_EDGE('',*,*,#1741,.F.);
#1741 = EDGE_CURVE('',#1534,#1658,#1742,.T.);
#1742 = LINE('',#1743,#1744);
#1743 = CARTESIAN_POINT('',(0.5,-0.25,3.5E-02));
#1744 = VECTOR('',#1745,1.);
#1745 = DIRECTION('',(0.,1.,0.));
#1746 = CYLINDRICAL_SURFACE('',#1747,3.5E-02);
#1747 = AXIS2_PLACEMENT_3D('',#1748,#1749,#1750);
#1748 = CARTESIAN_POINT('',(0.465,-0.25,3.5E-02));
#1749 = DIRECTION('',(0.,1.,0.));
#1750 = DIRECTION('',(1.,0.,0.));
#1751 = ADVANCED_FACE('',(#1752),#1763,.T.);
#1752 = FACE_BOUND('',#1753,.T.);
#1753 = EDGE_LOOP('',(#1754,#1755,#1756,#1757));
#1754 = ORIENTED_EDGE('',*,*,#1533,.F.);
#1755 = ORIENTED_EDGE('',*,*,#1741,.T.);
#1756 = ORIENTED_EDGE('',*,*,#1657,.T.);
#1757 = ORIENTED_EDGE('',*,*,#1758,.F.);
#1758 = EDGE_CURVE('',#1525,#1649,#1759,.T.);
#1759 = LINE('',#1760,#1761);
#1760 = CARTESIAN_POINT('',(0.5,-0.25,0.315));
#1761 = VECTOR('',#1762,1.);
#1762 = DIRECTION('',(0.,1.,0.));
#1763 = PLANE('',#1764);
#1764 = AXIS2_PLACEMENT_3D('',#1765,#1766,#1767);
#1765 = CARTESIAN_POINT('',(0.5,-0.25,0.));
#1766 = DIRECTION('',(1.,0.,0.));
#1767 = DIRECTION('',(0.,0.,1.));
#1768 = ADVANCED_FACE('',(#1769),#1780,.T.);
#1769 = FACE_BOUND('',#1770,.T.);
#1770 = EDGE_LOOP('',(#1771,#1772,#1773,#1779));
#1771 = ORIENTED_EDGE('',*,*,#1758,.T.);
#1772 = ORIENTED_EDGE('',*,*,#1648,.T.);
#1773 = ORIENTED_EDGE('',*,*,#1774,.F.);
#1774 = EDGE_CURVE('',#1517,#1641,#1775,.T.);
#1775 = LINE('',#1776,#1777);
#1776 = CARTESIAN_POINT('',(0.465,-0.25,0.35));
#1777 = VECTOR('',#1778,1.);
#1778 = DIRECTION('',(0.,1.,0.));
#1779 = ORIENTED_EDGE('',*,*,#1524,.F.);
#1780 = CYLINDRICAL_SURFACE('',#1781,3.5E-02);
#1781 = AXIS2_PLACEMENT_3D('',#1782,#1783,#1784);
#1782 = CARTESIAN_POINT('',(0.465,-0.25,0.315));
#1783 = DIRECTION('',(0.,1.,0.));
#1784 = DIRECTION('',(1.,0.,0.));
#1785 = ADVANCED_FACE('',(#1786),#1797,.T.);
#1786 = FACE_BOUND('',#1787,.T.);
#1787 = EDGE_LOOP('',(#1788,#1789,#1795,#1796));
#1788 = ORIENTED_EDGE('',*,*,#1640,.F.);
#1789 = ORIENTED_EDGE('',*,*,#1790,.F.);
#1790 = EDGE_CURVE('',#1508,#1632,#1791,.T.);
#1791 = LINE('',#1792,#1793);
#1792 = CARTESIAN_POINT('',(0.335,-0.25,0.35));
#1793 = VECTOR('',#1794,1.);
#1794 = DIRECTION('',(0.,1.,0.));
#1795 = ORIENTED_EDGE('',*,*,#1516,.T.);
#1796 = ORIENTED_EDGE('',*,*,#1774,.T.);
#1797 = PLANE('',#1798);
#1798 = AXIS2_PLACEMENT_3D('',#1799,#1800,#1801);
#1799 = CARTESIAN_POINT('',(0.3,-0.25,0.35));
#1800 = DIRECTION('',(0.,0.,1.));
#1801 = DIRECTION('',(1.,0.,-0.));
#1802 = ADVANCED_FACE('',(#1803),#1814,.T.);
#1803 = FACE_BOUND('',#1804,.T.);
#1804 = EDGE_LOOP('',(#1805,#1806,#1807,#1808));
#1805 = ORIENTED_EDGE('',*,*,#1507,.T.);
#1806 = ORIENTED_EDGE('',*,*,#1790,.T.);
#1807 = ORIENTED_EDGE('',*,*,#1631,.F.);
#1808 = ORIENTED_EDGE('',*,*,#1809,.F.);
#1809 = EDGE_CURVE('',#1342,#1425,#1810,.T.);
#1810 = LINE('',#1811,#1812);
#1811 = CARTESIAN_POINT('',(0.3,-0.25,0.315));
#1812 = VECTOR('',#1813,1.);
#1813 = DIRECTION('',(0.,1.,0.));
#1814 = CYLINDRICAL_SURFACE('',#1815,3.5E-02);
#1815 = AXIS2_PLACEMENT_3D('',#1816,#1817,#1818);
#1816 = CARTESIAN_POINT('',(0.335,-0.25,0.315));
#1817 = DIRECTION('',(0.,1.,0.));
#1818 = DIRECTION('',(-1.,0.,0.));
#1819 = ADVANCED_FACE('',(#1820),#1831,.T.);
#1820 = FACE_BOUND('',#1821,.T.);
#1821 = EDGE_LOOP('',(#1822,#1823,#1824,#1825));
#1822 = ORIENTED_EDGE('',*,*,#1573,.F.);
#1823 = ORIENTED_EDGE('',*,*,#1809,.T.);
#1824 = ORIENTED_EDGE('',*,*,#1690,.T.);
#1825 = ORIENTED_EDGE('',*,*,#1826,.F.);
#1826 = EDGE_CURVE('',#1566,#1683,#1827,.T.);
#1827 = LINE('',#1828,#1829);
#1828 = CARTESIAN_POINT('',(0.3,-0.25,0.35));
#1829 = VECTOR('',#1830,1.);
#1830 = DIRECTION('',(0.,1.,0.));
#1831 = PLANE('',#1832);
#1832 = AXIS2_PLACEMENT_3D('',#1833,#1834,#1835);
#1833 = CARTESIAN_POINT('',(0.3,-0.25,0.315));
#1834 = DIRECTION('',(1.,0.,0.));
#1835 = DIRECTION('',(0.,0.,1.));
#1836 = ADVANCED_FACE('',(#1837),#1843,.T.);
#1837 = FACE_BOUND('',#1838,.T.);
#1838 = EDGE_LOOP('',(#1839,#1840,#1841,#1842));
#1839 = ORIENTED_EDGE('',*,*,#1597,.F.);
#1840 = ORIENTED_EDGE('',*,*,#1565,.T.);
#1841 = ORIENTED_EDGE('',*,*,#1826,.T.);
#1842 = ORIENTED_EDGE('',*,*,#1682,.F.);
#1843 = PLANE('',#1844);
#1844 = AXIS2_PLACEMENT_3D('',#1845,#1846,#1847);
#1845 = CARTESIAN_POINT('',(-0.3,-0.25,0.35));
#1846 = DIRECTION('',(0.,0.,1.));
#1847 = DIRECTION('',(1.,0.,-0.));
#1848 = ( GEOMETRIC_REPRESENTATION_CONTEXT(3) 
GLOBAL_UNCERTAINTY_ASSIGNED_CONTEXT((#1852)) 
GLOBAL_UNIT_ASSIGNED_CONTEXT((#1849,#1850,#1851)) REPRESENTATION_CONTEXT
('Context #1','3D Context with UNIT and UNCERTAINTY') );
#1849 = ( LENGTH_UNIT() NAMED_UNIT(*) SI_UNIT(.MILLI.,.METRE.) );
#1850 = ( NAMED_UNIT(*) PLANE_ANGLE_UNIT() SI_UNIT($,.RADIAN.) );
#1851 = ( NAMED_UNIT(*) SI_UNIT($,.STERADIAN.) SOLID_ANGLE_UNIT() );
#1852 = UNCERTAINTY_MEASURE_WITH_UNIT(LENGTH_MEASURE(1.E-07),#1849,
  'distance_accuracy_value','confusion accuracy');
#1853 = CONTEXT_DEPENDENT_SHAPE_REPRESENTATION(#1854,#1856);
#1854 = ( REPRESENTATION_RELATIONSHIP('','',#1057,#1034) 
REPRESENTATION_RELATIONSHIP_WITH_TRANSFORMATION(#1855) 
SHAPE_REPRESENTATION_RELATIONSHIP() );
#1855 = ITEM_DEFINED_TRANSFORMATION('','',#11,#1035);
#1856 = PRODUCT_DEFINITION_SHAPE('Placement','Placement of an item',
  #1857);
#1857 = NEXT_ASSEMBLY_USAGE_OCCURRENCE('5','=>[0:1:1:5]','',#1029,#1052,
  $);
#1858 = PRODUCT_RELATED_PRODUCT_CATEGORY('part',$,(#1054));
#1859 = CONTEXT_DEPENDENT_SHAPE_REPRESENTATION(#1860,#1862);
#1860 = ( REPRESENTATION_RELATIONSHIP('','',#1034,#10) 
REPRESENTATION_RELATIONSHIP_WITH_TRANSFORMATION(#1861) 
SHAPE_REPRESENTATION_RELATIONSHIP() );
#1861 = ITEM_DEFINED_TRANSFORMATION('','',#11,#31);
#1862 = PRODUCT_DEFINITION_SHAPE('Placement','Placement of an item',
  #1863);
#1863 = NEXT_ASSEMBLY_USAGE_OCCURRENCE('7','R28','',#5,#1029,$);
#1864 = CONTEXT_DEPENDENT_SHAPE_REPRESENTATION(#1865,#1867);
#1865 = ( REPRESENTATION_RELATIONSHIP('','',#128,#10) 
REPRESENTATION_RELATIONSHIP_WITH_TRANSFORMATION(#1866) 
SHAPE_REPRESENTATION_RELATIONSHIP() );
#1866 = ITEM_DEFINED_TRANSFORMATION('','',#11,#35);
#1867 = PRODUCT_DEFINITION_SHAPE('Placement','Placement of an item',
  #1868);
#1868 = NEXT_ASSEMBLY_USAGE_OCCURRENCE('8','C35','',#5,#123,$);
#1869 = CONTEXT_DEPENDENT_SHAPE_REPRESENTATION(#1870,#1872);
#1870 = ( REPRESENTATION_RELATIONSHIP('','',#1034,#10) 
REPRESENTATION_RELATIONSHIP_WITH_TRANSFORMATION(#1871) 
SHAPE_REPRESENTATION_RELATIONSHIP() );
#1871 = ITEM_DEFINED_TRANSFORMATION('','',#11,#39);
#1872 = PRODUCT_DEFINITION_SHAPE('Placement','Placement of an item',
  #1873);
#1873 = NEXT_ASSEMBLY_USAGE_OCCURRENCE('9','R35','',#5,#1029,$);
#1874 = SHAPE_DEFINITION_REPRESENTATION(#1875,#1881);
#1875 = PRODUCT_DEFINITION_SHAPE('','',#1876);
#1876 = PRODUCT_DEFINITION('design','',#1877,#1880);
#1877 = PRODUCT_DEFINITION_FORMATION('','',#1878);
#1878 = PRODUCT('PinHeader_1x02_P2.54mm_Vertical',
  'PinHeader_1x02_P2.54mm_Vertical','',(#1879));
#1879 = PRODUCT_CONTEXT('',#2,'mechanical');
#1880 = PRODUCT_DEFINITION_CONTEXT('part definition',#2,'design');
#1881 = SHAPE_REPRESENTATION('',(#11,#1882),#1886);
#1882 = AXIS2_PLACEMENT_3D('',#1883,#1884,#1885);
#1883 = CARTESIAN_POINT('',(0.,0.,0.));
#1884 = DIRECTION('',(0.,0.,1.));
#1885 = DIRECTION('',(1.,0.,-0.));
#1886 = ( GEOMETRIC_REPRESENTATION_CONTEXT(3) 
GLOBAL_UNCERTAINTY_ASSIGNED_CONTEXT((#1890)) 
GLOBAL_UNIT_ASSIGNED_CONTEXT((#1887,#1888,#1889)) REPRESENTATION_CONTEXT
('Context #1','3D Context with UNIT and UNCERTAINTY') );
#1887 = ( LENGTH_UNIT() NAMED_UNIT(*) SI_UNIT(.MILLI.,.METRE.) );
#1888 = ( NAMED_UNIT(*) PLANE_ANGLE_UNIT() SI_UNIT($,.RADIAN.) );
#1889 = ( NAMED_UNIT(*) SI_UNIT($,.STERADIAN.) SOLID_ANGLE_UNIT() );
#1890 = UNCERTAINTY_MEASURE_WITH_UNIT(LENGTH_MEASURE(1.E-07),#1887,
  'distance_accuracy_value','confusion accuracy');
#1891 = CONTEXT_DEPENDENT_SHAPE_REPRESENTATION(#1892,#1894);
#1892 = ( REPRESENTATION_RELATIONSHIP('','',#1881,#10) 
REPRESENTATION_RELATIONSHIP_WITH_TRANSFORMATION(#1893) 
SHAPE_REPRESENTATION_RELATIONSHIP() );
#1893 = ITEM_DEFINED_TRANSFORMATION('','',#11,#43);
#1894 = PRODUCT_DEFINITION_SHAPE('Placement','Placement of an item',
  #1895);
#1895 = NEXT_ASSEMBLY_USAGE_OCCURRENCE('11','J3','',#5,#1876,$);
#1896 = PRODUCT_RELATED_PRODUCT_CATEGORY('part',$,(#1878));
#1897 = SHAPE_DEFINITION_REPRESENTATION(#1898,#1904);
#1898 = PRODUCT_DEFINITION_SHAPE('','',#1899);
#1899 = PRODUCT_DEFINITION('design','',#1900,#1903);
#1900 = PRODUCT_DEFINITION_FORMATION('','',#1901);
#1901 = PRODUCT('PinHeader_1x02_P254mm_Vertical',
  'PinHeader_1x02_P254mm_Vertical','',(#1902));
#1902 = PRODUCT_CONTEXT('',#2,'mechanical');
#1903 = PRODUCT_DEFINITION_CONTEXT('part definition',#2,'design');
#1904 = ADVANCED_BREP_SHAPE_REPRESENTATION('',(#11,#1905),#3337);
#1905 = MANIFOLD_SOLID_BREP('',#1906);
#1906 = CLOSED_SHELL('',(#1907,#1947,#1978,#2009,#2174,#2339,#2356,#2373
    ,#2390,#2407,#2424,#2441,#2458,#2475,#2492,#2509,#2521,#2552,#2576,
    #2600,#2617,#2648,#2672,#2696,#2713,#2744,#2768,#2792,#2809,#2840,
    #2864,#2888,#2905,#2936,#2960,#2984,#3001,#3032,#3056,#3080,#3097,
    #3128,#3152,#3176,#3193,#3224,#3248,#3272,#3289,#3301,#3313,#3325));
#1907 = ADVANCED_FACE('',(#1908),#1942,.F.);
#1908 = FACE_BOUND('',#1909,.F.);
#1909 = EDGE_LOOP('',(#1910,#1920,#1928,#1936));
#1910 = ORIENTED_EDGE('',*,*,#1911,.T.);
#1911 = EDGE_CURVE('',#1912,#1914,#1916,.T.);
#1912 = VERTEX_POINT('',#1913);
#1913 = CARTESIAN_POINT('',(-1.016,1.27,0.));
#1914 = VERTEX_POINT('',#1915);
#1915 = CARTESIAN_POINT('',(-1.016,1.27,2.54));
#1916 = LINE('',#1917,#1918);
#1917 = CARTESIAN_POINT('',(-1.016,1.27,0.));
#1918 = VECTOR('',#1919,1.);
#1919 = DIRECTION('',(0.,0.,1.));
#1920 = ORIENTED_EDGE('',*,*,#1921,.T.);
#1921 = EDGE_CURVE('',#1914,#1922,#1924,.T.);
#1922 = VERTEX_POINT('',#1923);
#1923 = CARTESIAN_POINT('',(-1.27,1.016,2.54));
#1924 = LINE('',#1925,#1926);
#1925 = CARTESIAN_POINT('',(-1.016,1.27,2.54));
#1926 = VECTOR('',#1927,1.);
#1927 = DIRECTION('',(-0.707106781187,-0.707106781187,0.));
#1928 = ORIENTED_EDGE('',*,*,#1929,.F.);
#1929 = EDGE_CURVE('',#1930,#1922,#1932,.T.);
#1930 = VERTEX_POINT('',#1931);
#1931 = CARTESIAN_POINT('',(-1.27,1.016,0.));
#1932 = LINE('',#1933,#1934);
#1933 = CARTESIAN_POINT('',(-1.27,1.016,0.));
#1934 = VECTOR('',#1935,1.);
#1935 = DIRECTION('',(0.,0.,1.));
#1936 = ORIENTED_EDGE('',*,*,#1937,.F.);
#1937 = EDGE_CURVE('',#1912,#1930,#1938,.T.);
#1938 = LINE('',#1939,#1940);
#1939 = CARTESIAN_POINT('',(-1.016,1.27,0.));
#1940 = VECTOR('',#1941,1.);
#1941 = DIRECTION('',(-0.707106781187,-0.707106781187,0.));
#1942 = PLANE('',#1943);
#1943 = AXIS2_PLACEMENT_3D('',#1944,#1945,#1946);
#1944 = CARTESIAN_POINT('',(-1.016,1.27,0.));
#1945 = DIRECTION('',(0.707106781187,-0.707106781187,0.));
#1946 = DIRECTION('',(-0.707106781187,-0.707106781187,0.));
#1947 = ADVANCED_FACE('',(#1948),#1973,.F.);
#1948 = FACE_BOUND('',#1949,.F.);
#1949 = EDGE_LOOP('',(#1950,#1960,#1966,#1967));
#1950 = ORIENTED_EDGE('',*,*,#1951,.T.);
#1951 = EDGE_CURVE('',#1952,#1954,#1956,.T.);
#1952 = VERTEX_POINT('',#1953);
#1953 = CARTESIAN_POINT('',(1.016,1.27,0.));
#1954 = VERTEX_POINT('',#1955);
#1955 = CARTESIAN_POINT('',(1.016,1.27,2.54));
#1956 = LINE('',#1957,#1958);
#1957 = CARTESIAN_POINT('',(1.016,1.27,0.));
#1958 = VECTOR('',#1959,1.);
#1959 = DIRECTION('',(0.,0.,1.));
#1960 = ORIENTED_EDGE('',*,*,#1961,.T.);
#1961 = EDGE_CURVE('',#1954,#1914,#1962,.T.);
#1962 = LINE('',#1963,#1964);
#1963 = CARTESIAN_POINT('',(1.016,1.27,2.54));
#1964 = VECTOR('',#1965,1.);
#1965 = DIRECTION('',(-1.,0.,0.));
#1966 = ORIENTED_EDGE('',*,*,#1911,.F.);
#1967 = ORIENTED_EDGE('',*,*,#1968,.F.);
#1968 = EDGE_CURVE('',#1952,#1912,#1969,.T.);
#1969 = LINE('',#1970,#1971);
#1970 = CARTESIAN_POINT('',(1.016,1.27,0.));
#1971 = VECTOR('',#1972,1.);
#1972 = DIRECTION('',(-1.,0.,0.));
#1973 = PLANE('',#1974);
#1974 = AXIS2_PLACEMENT_3D('',#1975,#1976,#1977);
#1975 = CARTESIAN_POINT('',(1.016,1.27,0.));
#1976 = DIRECTION('',(0.,-1.,0.));
#1977 = DIRECTION('',(-1.,0.,0.));
#1978 = ADVANCED_FACE('',(#1979),#2004,.F.);
#1979 = FACE_BOUND('',#1980,.F.);
#1980 = EDGE_LOOP('',(#1981,#1982,#1990,#1998));
#1981 = ORIENTED_EDGE('',*,*,#1929,.T.);
#1982 = ORIENTED_EDGE('',*,*,#1983,.T.);
#1983 = EDGE_CURVE('',#1922,#1984,#1986,.T.);
#1984 = VERTEX_POINT('',#1985);
#1985 = CARTESIAN_POINT('',(-1.27,-1.016,2.54));
#1986 = LINE('',#1987,#1988);
#1987 = CARTESIAN_POINT('',(-1.27,1.016,2.54));
#1988 = VECTOR('',#1989,1.);
#1989 = DIRECTION('',(0.,-1.,0.));
#1990 = ORIENTED_EDGE('',*,*,#1991,.F.);
#1991 = EDGE_CURVE('',#1992,#1984,#1994,.T.);
#1992 = VERTEX_POINT('',#1993);
#1993 = CARTESIAN_POINT('',(-1.27,-1.016,0.));
#1994 = LINE('',#1995,#1996);
#1995 = CARTESIAN_POINT('',(-1.27,-1.016,0.));
#1996 = VECTOR('',#1997,1.);
#1997 = DIRECTION('',(0.,0.,1.));
#1998 = ORIENTED_EDGE('',*,*,#1999,.F.);
#1999 = EDGE_CURVE('',#1930,#1992,#2000,.T.);
#2000 = LINE('',#2001,#2002);
#2001 = CARTESIAN_POINT('',(-1.27,1.016,0.));
#2002 = VECTOR('',#2003,1.);
#2003 = DIRECTION('',(0.,-1.,0.));
#2004 = PLANE('',#2005);
#2005 = AXIS2_PLACEMENT_3D('',#2006,#2007,#2008);
#2006 = CARTESIAN_POINT('',(-1.27,1.016,0.));
#2007 = DIRECTION('',(1.,0.,0.));
#2008 = DIRECTION('',(0.,-1.,0.));
#2009 = ADVANCED_FACE('',(#2010,#2101,#2135),#2169,.F.);
#2010 = FACE_BOUND('',#2011,.F.);
#2011 = EDGE_LOOP('',(#2012,#2013,#2014,#2022,#2030,#2038,#2046,#2054,
    #2062,#2070,#2078,#2086,#2094,#2100));
#2012 = ORIENTED_EDGE('',*,*,#1937,.T.);
#2013 = ORIENTED_EDGE('',*,*,#1999,.T.);
#2014 = ORIENTED_EDGE('',*,*,#2015,.T.);
#2015 = EDGE_CURVE('',#1992,#2016,#2018,.T.);
#2016 = VERTEX_POINT('',#2017);
#2017 = CARTESIAN_POINT('',(-1.016,-1.27,0.));
#2018 = LINE('',#2019,#2020);
#2019 = CARTESIAN_POINT('',(-1.27,-1.016,0.));
#2020 = VECTOR('',#2021,1.);
#2021 = DIRECTION('',(0.707106781187,-0.707106781187,0.));
#2022 = ORIENTED_EDGE('',*,*,#2023,.T.);
#2023 = EDGE_CURVE('',#2016,#2024,#2026,.T.);
#2024 = VERTEX_POINT('',#2025);
#2025 = CARTESIAN_POINT('',(-1.27,-1.524,0.));
#2026 = LINE('',#2027,#2028);
#2027 = CARTESIAN_POINT('',(-1.016,-1.27,0.));
#2028 = VECTOR('',#2029,1.);
#2029 = DIRECTION('',(-0.707106781187,-0.707106781187,0.));
#2030 = ORIENTED_EDGE('',*,*,#2031,.T.);
#2031 = EDGE_CURVE('',#2024,#2032,#2034,.T.);
#2032 = VERTEX_POINT('',#2033);
#2033 = CARTESIAN_POINT('',(-1.27,-3.556,0.));
#2034 = LINE('',#2035,#2036);
#2035 = CARTESIAN_POINT('',(-1.27,-1.524,0.));
#2036 = VECTOR('',#2037,1.);
#2037 = DIRECTION('',(0.,-1.,0.));
#2038 = ORIENTED_EDGE('',*,*,#2039,.T.);
#2039 = EDGE_CURVE('',#2032,#2040,#2042,.T.);
#2040 = VERTEX_POINT('',#2041);
#2041 = CARTESIAN_POINT('',(-1.016,-3.81,0.));
#2042 = LINE('',#2043,#2044);
#2043 = CARTESIAN_POINT('',(-1.27,-3.556,0.));
#2044 = VECTOR('',#2045,1.);
#2045 = DIRECTION('',(0.707106781187,-0.707106781187,0.));
#2046 = ORIENTED_EDGE('',*,*,#2047,.T.);
#2047 = EDGE_CURVE('',#2040,#2048,#2050,.T.);
#2048 = VERTEX_POINT('',#2049);
#2049 = CARTESIAN_POINT('',(1.016,-3.81,0.));
#2050 = LINE('',#2051,#2052);
#2051 = CARTESIAN_POINT('',(-1.016,-3.81,0.));
#2052 = VECTOR('',#2053,1.);
#2053 = DIRECTION('',(1.,0.,0.));
#2054 = ORIENTED_EDGE('',*,*,#2055,.T.);
#2055 = EDGE_CURVE('',#2048,#2056,#2058,.T.);
#2056 = VERTEX_POINT('',#2057);
#2057 = CARTESIAN_POINT('',(1.27,-3.556,0.));
#2058 = LINE('',#2059,#2060);
#2059 = CARTESIAN_POINT('',(1.016,-3.81,0.));
#2060 = VECTOR('',#2061,1.);
#2061 = DIRECTION('',(0.707106781187,0.707106781187,0.));
#2062 = ORIENTED_EDGE('',*,*,#2063,.T.);
#2063 = EDGE_CURVE('',#2056,#2064,#2066,.T.);
#2064 = VERTEX_POINT('',#2065);
#2065 = CARTESIAN_POINT('',(1.27,-1.524,0.));
#2066 = LINE('',#2067,#2068);
#2067 = CARTESIAN_POINT('',(1.27,-3.556,0.));
#2068 = VECTOR('',#2069,1.);
#2069 = DIRECTION('',(0.,1.,0.));
#2070 = ORIENTED_EDGE('',*,*,#2071,.T.);
#2071 = EDGE_CURVE('',#2064,#2072,#2074,.T.);
#2072 = VERTEX_POINT('',#2073);
#2073 = CARTESIAN_POINT('',(1.016,-1.27,0.));
#2074 = LINE('',#2075,#2076);
#2075 = CARTESIAN_POINT('',(1.27,-1.524,0.));
#2076 = VECTOR('',#2077,1.);
#2077 = DIRECTION('',(-0.707106781187,0.707106781187,0.));
#2078 = ORIENTED_EDGE('',*,*,#2079,.T.);
#2079 = EDGE_CURVE('',#2072,#2080,#2082,.T.);
#2080 = VERTEX_POINT('',#2081);
#2081 = CARTESIAN_POINT('',(1.27,-1.016,0.));
#2082 = LINE('',#2083,#2084);
#2083 = CARTESIAN_POINT('',(1.016,-1.27,0.));
#2084 = VECTOR('',#2085,1.);
#2085 = DIRECTION('',(0.707106781187,0.707106781187,0.));
#2086 = ORIENTED_EDGE('',*,*,#2087,.T.);
#2087 = EDGE_CURVE('',#2080,#2088,#2090,.T.);
#2088 = VERTEX_POINT('',#2089);
#2089 = CARTESIAN_POINT('',(1.27,1.016,0.));
#2090 = LINE('',#2091,#2092);
#2091 = CARTESIAN_POINT('',(1.27,-1.016,0.));
#2092 = VECTOR('',#2093,1.);
#2093 = DIRECTION('',(0.,1.,0.));
#2094 = ORIENTED_EDGE('',*,*,#2095,.T.);
#2095 = EDGE_CURVE('',#2088,#1952,#2096,.T.);
#2096 = LINE('',#2097,#2098);
#2097 = CARTESIAN_POINT('',(1.27,1.016,0.));
#2098 = VECTOR('',#2099,1.);
#2099 = DIRECTION('',(-0.707106781187,0.707106781187,0.));
#2100 = ORIENTED_EDGE('',*,*,#1968,.T.);
#2101 = FACE_BOUND('',#2102,.F.);
#2102 = EDGE_LOOP('',(#2103,#2113,#2121,#2129));
#2103 = ORIENTED_EDGE('',*,*,#2104,.T.);
#2104 = EDGE_CURVE('',#2105,#2107,#2109,.T.);
#2105 = VERTEX_POINT('',#2106);
#2106 = CARTESIAN_POINT('',(0.32,-0.32,0.));
#2107 = VERTEX_POINT('',#2108);
#2108 = CARTESIAN_POINT('',(-0.32,-0.32,0.));
#2109 = LINE('',#2110,#2111);
#2110 = CARTESIAN_POINT('',(-0.16,-0.32,0.));
#2111 = VECTOR('',#2112,1.);
#2112 = DIRECTION('',(-1.,0.,0.));
#2113 = ORIENTED_EDGE('',*,*,#2114,.T.);
#2114 = EDGE_CURVE('',#2107,#2115,#2117,.T.);
#2115 = VERTEX_POINT('',#2116);
#2116 = CARTESIAN_POINT('',(-0.32,0.32,0.));
#2117 = LINE('',#2118,#2119);
#2118 = CARTESIAN_POINT('',(-0.32,-0.795,0.));
#2119 = VECTOR('',#2120,1.);
#2120 = DIRECTION('',(0.,1.,0.));
#2121 = ORIENTED_EDGE('',*,*,#2122,.F.);
#2122 = EDGE_CURVE('',#2123,#2115,#2125,.T.);
#2123 = VERTEX_POINT('',#2124);
#2124 = CARTESIAN_POINT('',(0.32,0.32,0.));
#2125 = LINE('',#2126,#2127);
#2126 = CARTESIAN_POINT('',(-0.16,0.32,0.));
#2127 = VECTOR('',#2128,1.);
#2128 = DIRECTION('',(-1.,0.,0.));
#2129 = ORIENTED_EDGE('',*,*,#2130,.F.);
#2130 = EDGE_CURVE('',#2105,#2123,#2131,.T.);
#2131 = LINE('',#2132,#2133);
#2132 = CARTESIAN_POINT('',(0.32,-0.795,0.));
#2133 = VECTOR('',#2134,1.);
#2134 = DIRECTION('',(0.,1.,0.));
#2135 = FACE_BOUND('',#2136,.F.);
#2136 = EDGE_LOOP('',(#2137,#2147,#2155,#2163));
#2137 = ORIENTED_EDGE('',*,*,#2138,.T.);
#2138 = EDGE_CURVE('',#2139,#2141,#2143,.T.);
#2139 = VERTEX_POINT('',#2140);
#2140 = CARTESIAN_POINT('',(0.32,-2.86,0.));
#2141 = VERTEX_POINT('',#2142);
#2142 = CARTESIAN_POINT('',(-0.32,-2.86,0.));
#2143 = LINE('',#2144,#2145);
#2144 = CARTESIAN_POINT('',(-0.16,-2.86,0.));
#2145 = VECTOR('',#2146,1.);
#2146 = DIRECTION('',(-1.,0.,0.));
#2147 = ORIENTED_EDGE('',*,*,#2148,.T.);
#2148 = EDGE_CURVE('',#2141,#2149,#2151,.T.);
#2149 = VERTEX_POINT('',#2150);
#2150 = CARTESIAN_POINT('',(-0.32,-2.22,0.));
#2151 = LINE('',#2152,#2153);
#2152 = CARTESIAN_POINT('',(-0.32,-2.065,0.));
#2153 = VECTOR('',#2154,1.);
#2154 = DIRECTION('',(0.,1.,0.));
#2155 = ORIENTED_EDGE('',*,*,#2156,.F.);
#2156 = EDGE_CURVE('',#2157,#2149,#2159,.T.);
#2157 = VERTEX_POINT('',#2158);
#2158 = CARTESIAN_POINT('',(0.32,-2.22,0.));
#2159 = LINE('',#2160,#2161);
#2160 = CARTESIAN_POINT('',(-0.16,-2.22,0.));
#2161 = VECTOR('',#2162,1.);
#2162 = DIRECTION('',(-1.,0.,0.));
#2163 = ORIENTED_EDGE('',*,*,#2164,.F.);
#2164 = EDGE_CURVE('',#2139,#2157,#2165,.T.);
#2165 = LINE('',#2166,#2167);
#2166 = CARTESIAN_POINT('',(0.32,-2.065,0.));
#2167 = VECTOR('',#2168,1.);
#2168 = DIRECTION('',(0.,1.,0.));
#2169 = PLANE('',#2170);
#2170 = AXIS2_PLACEMENT_3D('',#2171,#2172,#2173);
#2171 = CARTESIAN_POINT('',(1.473843703412E-17,-1.27,0.));
#2172 = DIRECTION('',(0.,0.,1.));
#2173 = DIRECTION('',(1.,0.,-0.));
#2174 = ADVANCED_FACE('',(#2175,#2266,#2300),#2334,.T.);
#2175 = FACE_BOUND('',#2176,.T.);
#2176 = EDGE_LOOP('',(#2177,#2178,#2179,#2187,#2195,#2203,#2211,#2219,
    #2227,#2235,#2243,#2251,#2259,#2265));
#2177 = ORIENTED_EDGE('',*,*,#1921,.T.);
#2178 = ORIENTED_EDGE('',*,*,#1983,.T.);
#2179 = ORIENTED_EDGE('',*,*,#2180,.T.);
#2180 = EDGE_CURVE('',#1984,#2181,#2183,.T.);
#2181 = VERTEX_POINT('',#2182);
#2182 = CARTESIAN_POINT('',(-1.016,-1.27,2.54));
#2183 = LINE('',#2184,#2185);
#2184 = CARTESIAN_POINT('',(-1.27,-1.016,2.54));
#2185 = VECTOR('',#2186,1.);
#2186 = DIRECTION('',(0.707106781187,-0.707106781187,0.));
#2187 = ORIENTED_EDGE('',*,*,#2188,.T.);
#2188 = EDGE_CURVE('',#2181,#2189,#2191,.T.);
#2189 = VERTEX_POINT('',#2190);
#2190 = CARTESIAN_POINT('',(-1.27,-1.524,2.54));
#2191 = LINE('',#2192,#2193);
#2192 = CARTESIAN_POINT('',(-1.016,-1.27,2.54));
#2193 = VECTOR('',#2194,1.);
#2194 = DIRECTION('',(-0.707106781187,-0.707106781187,0.));
#2195 = ORIENTED_EDGE('',*,*,#2196,.T.);
#2196 = EDGE_CURVE('',#2189,#2197,#2199,.T.);
#2197 = VERTEX_POINT('',#2198);
#2198 = CARTESIAN_POINT('',(-1.27,-3.556,2.54));
#2199 = LINE('',#2200,#2201);
#2200 = CARTESIAN_POINT('',(-1.27,-1.524,2.54));
#2201 = VECTOR('',#2202,1.);
#2202 = DIRECTION('',(0.,-1.,0.));
#2203 = ORIENTED_EDGE('',*,*,#2204,.T.);
#2204 = EDGE_CURVE('',#2197,#2205,#2207,.T.);
#2205 = VERTEX_POINT('',#2206);
#2206 = CARTESIAN_POINT('',(-1.016,-3.81,2.54));
#2207 = LINE('',#2208,#2209);
#2208 = CARTESIAN_POINT('',(-1.27,-3.556,2.54));
#2209 = VECTOR('',#2210,1.);
#2210 = DIRECTION('',(0.707106781187,-0.707106781187,0.));
#2211 = ORIENTED_EDGE('',*,*,#2212,.T.);
#2212 = EDGE_CURVE('',#2205,#2213,#2215,.T.);
#2213 = VERTEX_POINT('',#2214);
#2214 = CARTESIAN_POINT('',(1.016,-3.81,2.54));
#2215 = LINE('',#2216,#2217);
#2216 = CARTESIAN_POINT('',(-1.016,-3.81,2.54));
#2217 = VECTOR('',#2218,1.);
#2218 = DIRECTION('',(1.,0.,0.));
#2219 = ORIENTED_EDGE('',*,*,#2220,.T.);
#2220 = EDGE_CURVE('',#2213,#2221,#2223,.T.);
#2221 = VERTEX_POINT('',#2222);
#2222 = CARTESIAN_POINT('',(1.27,-3.556,2.54));
#2223 = LINE('',#2224,#2225);
#2224 = CARTESIAN_POINT('',(1.016,-3.81,2.54));
#2225 = VECTOR('',#2226,1.);
#2226 = DIRECTION('',(0.707106781187,0.707106781187,0.));
#2227 = ORIENTED_EDGE('',*,*,#2228,.T.);
#2228 = EDGE_CURVE('',#2221,#2229,#2231,.T.);
#2229 = VERTEX_POINT('',#2230);
#2230 = CARTESIAN_POINT('',(1.27,-1.524,2.54));
#2231 = LINE('',#2232,#2233);
#2232 = CARTESIAN_POINT('',(1.27,-3.556,2.54));
#2233 = VECTOR('',#2234,1.);
#2234 = DIRECTION('',(0.,1.,0.));
#2235 = ORIENTED_EDGE('',*,*,#2236,.T.);
#2236 = EDGE_CURVE('',#2229,#2237,#2239,.T.);
#2237 = VERTEX_POINT('',#2238);
#2238 = CARTESIAN_POINT('',(1.016,-1.27,2.54));
#2239 = LINE('',#2240,#2241);
#2240 = CARTESIAN_POINT('',(1.27,-1.524,2.54));
#2241 = VECTOR('',#2242,1.);
#2242 = DIRECTION('',(-0.707106781187,0.707106781187,0.));
#2243 = ORIENTED_EDGE('',*,*,#2244,.T.);
#2244 = EDGE_CURVE('',#2237,#2245,#2247,.T.);
#2245 = VERTEX_POINT('',#2246);
#2246 = CARTESIAN_POINT('',(1.27,-1.016,2.54));
#2247 = LINE('',#2248,#2249);
#2248 = CARTESIAN_POINT('',(1.016,-1.27,2.54));
#2249 = VECTOR('',#2250,1.);
#2250 = DIRECTION('',(0.707106781187,0.707106781187,0.));
#2251 = ORIENTED_EDGE('',*,*,#2252,.T.);
#2252 = EDGE_CURVE('',#2245,#2253,#2255,.T.);
#2253 = VERTEX_POINT('',#2254);
#2254 = CARTESIAN_POINT('',(1.27,1.016,2.54));
#2255 = LINE('',#2256,#2257);
#2256 = CARTESIAN_POINT('',(1.27,-1.016,2.54));
#2257 = VECTOR('',#2258,1.);
#2258 = DIRECTION('',(0.,1.,0.));
#2259 = ORIENTED_EDGE('',*,*,#2260,.T.);
#2260 = EDGE_CURVE('',#2253,#1954,#2261,.T.);
#2261 = LINE('',#2262,#2263);
#2262 = CARTESIAN_POINT('',(1.27,1.016,2.54));
#2263 = VECTOR('',#2264,1.);
#2264 = DIRECTION('',(-0.707106781187,0.707106781187,0.));
#2265 = ORIENTED_EDGE('',*,*,#1961,.T.);
#2266 = FACE_BOUND('',#2267,.T.);
#2267 = EDGE_LOOP('',(#2268,#2278,#2286,#2294));
#2268 = ORIENTED_EDGE('',*,*,#2269,.T.);
#2269 = EDGE_CURVE('',#2270,#2272,#2274,.T.);
#2270 = VERTEX_POINT('',#2271);
#2271 = CARTESIAN_POINT('',(0.32,-0.32,2.54));
#2272 = VERTEX_POINT('',#2273);
#2273 = CARTESIAN_POINT('',(-0.32,-0.32,2.54));
#2274 = LINE('',#2275,#2276);
#2275 = CARTESIAN_POINT('',(-0.16,-0.32,2.54));
#2276 = VECTOR('',#2277,1.);
#2277 = DIRECTION('',(-1.,0.,0.));
#2278 = ORIENTED_EDGE('',*,*,#2279,.T.);
#2279 = EDGE_CURVE('',#2272,#2280,#2282,.T.);
#2280 = VERTEX_POINT('',#2281);
#2281 = CARTESIAN_POINT('',(-0.32,0.32,2.54));
#2282 = LINE('',#2283,#2284);
#2283 = CARTESIAN_POINT('',(-0.32,-0.795,2.54));
#2284 = VECTOR('',#2285,1.);
#2285 = DIRECTION('',(0.,1.,0.));
#2286 = ORIENTED_EDGE('',*,*,#2287,.F.);
#2287 = EDGE_CURVE('',#2288,#2280,#2290,.T.);
#2288 = VERTEX_POINT('',#2289);
#2289 = CARTESIAN_POINT('',(0.32,0.32,2.54));
#2290 = LINE('',#2291,#2292);
#2291 = CARTESIAN_POINT('',(-0.16,0.32,2.54));
#2292 = VECTOR('',#2293,1.);
#2293 = DIRECTION('',(-1.,0.,0.));
#2294 = ORIENTED_EDGE('',*,*,#2295,.F.);
#2295 = EDGE_CURVE('',#2270,#2288,#2296,.T.);
#2296 = LINE('',#2297,#2298);
#2297 = CARTESIAN_POINT('',(0.32,-0.795,2.54));
#2298 = VECTOR('',#2299,1.);
#2299 = DIRECTION('',(0.,1.,0.));
#2300 = FACE_BOUND('',#2301,.T.);
#2301 = EDGE_LOOP('',(#2302,#2312,#2320,#2328));
#2302 = ORIENTED_EDGE('',*,*,#2303,.T.);
#2303 = EDGE_CURVE('',#2304,#2306,#2308,.T.);
#2304 = VERTEX_POINT('',#2305);
#2305 = CARTESIAN_POINT('',(0.32,-2.86,2.54));
#2306 = VERTEX_POINT('',#2307);
#2307 = CARTESIAN_POINT('',(-0.32,-2.86,2.54));
#2308 = LINE('',#2309,#2310);
#2309 = CARTESIAN_POINT('',(-0.16,-2.86,2.54));
#2310 = VECTOR('',#2311,1.);
#2311 = DIRECTION('',(-1.,0.,0.));
#2312 = ORIENTED_EDGE('',*,*,#2313,.T.);
#2313 = EDGE_CURVE('',#2306,#2314,#2316,.T.);
#2314 = VERTEX_POINT('',#2315);
#2315 = CARTESIAN_POINT('',(-0.32,-2.22,2.54));
#2316 = LINE('',#2317,#2318);
#2317 = CARTESIAN_POINT('',(-0.32,-2.065,2.54));
#2318 = VECTOR('',#2319,1.);
#2319 = DIRECTION('',(0.,1.,0.));
#2320 = ORIENTED_EDGE('',*,*,#2321,.F.);
#2321 = EDGE_CURVE('',#2322,#2314,#2324,.T.);
#2322 = VERTEX_POINT('',#2323);
#2323 = CARTESIAN_POINT('',(0.32,-2.22,2.54));
#2324 = LINE('',#2325,#2326);
#2325 = CARTESIAN_POINT('',(-0.16,-2.22,2.54));
#2326 = VECTOR('',#2327,1.);
#2327 = DIRECTION('',(-1.,0.,0.));
#2328 = ORIENTED_EDGE('',*,*,#2329,.F.);
#2329 = EDGE_CURVE('',#2304,#2322,#2330,.T.);
#2330 = LINE('',#2331,#2332);
#2331 = CARTESIAN_POINT('',(0.32,-2.065,2.54));
#2332 = VECTOR('',#2333,1.);
#2333 = DIRECTION('',(0.,1.,0.));
#2334 = PLANE('',#2335);
#2335 = AXIS2_PLACEMENT_3D('',#2336,#2337,#2338);
#2336 = CARTESIAN_POINT('',(1.473843703412E-17,-1.27,2.54));
#2337 = DIRECTION('',(0.,0.,1.));
#2338 = DIRECTION('',(1.,0.,-0.));
#2339 = ADVANCED_FACE('',(#2340),#2351,.F.);
#2340 = FACE_BOUND('',#2341,.F.);
#2341 = EDGE_LOOP('',(#2342,#2348,#2349,#2350));
#2342 = ORIENTED_EDGE('',*,*,#2343,.T.);
#2343 = EDGE_CURVE('',#2088,#2253,#2344,.T.);
#2344 = LINE('',#2345,#2346);
#2345 = CARTESIAN_POINT('',(1.27,1.016,0.));
#2346 = VECTOR('',#2347,1.);
#2347 = DIRECTION('',(0.,0.,1.));
#2348 = ORIENTED_EDGE('',*,*,#2260,.T.);
#2349 = ORIENTED_EDGE('',*,*,#1951,.F.);
#2350 = ORIENTED_EDGE('',*,*,#2095,.F.);
#2351 = PLANE('',#2352);
#2352 = AXIS2_PLACEMENT_3D('',#2353,#2354,#2355);
#2353 = CARTESIAN_POINT('',(1.27,1.016,0.));
#2354 = DIRECTION('',(-0.707106781187,-0.707106781187,0.));
#2355 = DIRECTION('',(-0.707106781187,0.707106781187,0.));
#2356 = ADVANCED_FACE('',(#2357),#2368,.F.);
#2357 = FACE_BOUND('',#2358,.F.);
#2358 = EDGE_LOOP('',(#2359,#2360,#2361,#2367));
#2359 = ORIENTED_EDGE('',*,*,#1991,.T.);
#2360 = ORIENTED_EDGE('',*,*,#2180,.T.);
#2361 = ORIENTED_EDGE('',*,*,#2362,.F.);
#2362 = EDGE_CURVE('',#2016,#2181,#2363,.T.);
#2363 = LINE('',#2364,#2365);
#2364 = CARTESIAN_POINT('',(-1.016,-1.27,0.));
#2365 = VECTOR('',#2366,1.);
#2366 = DIRECTION('',(0.,0.,1.));
#2367 = ORIENTED_EDGE('',*,*,#2015,.F.);
#2368 = PLANE('',#2369);
#2369 = AXIS2_PLACEMENT_3D('',#2370,#2371,#2372);
#2370 = CARTESIAN_POINT('',(-1.27,-1.016,0.));
#2371 = DIRECTION('',(0.707106781187,0.707106781187,0.));
#2372 = DIRECTION('',(0.707106781187,-0.707106781187,0.));
#2373 = ADVANCED_FACE('',(#2374),#2385,.F.);
#2374 = FACE_BOUND('',#2375,.F.);
#2375 = EDGE_LOOP('',(#2376,#2382,#2383,#2384));
#2376 = ORIENTED_EDGE('',*,*,#2377,.T.);
#2377 = EDGE_CURVE('',#2080,#2245,#2378,.T.);
#2378 = LINE('',#2379,#2380);
#2379 = CARTESIAN_POINT('',(1.27,-1.016,0.));
#2380 = VECTOR('',#2381,1.);
#2381 = DIRECTION('',(0.,0.,1.));
#2382 = ORIENTED_EDGE('',*,*,#2252,.T.);
#2383 = ORIENTED_EDGE('',*,*,#2343,.F.);
#2384 = ORIENTED_EDGE('',*,*,#2087,.F.);
#2385 = PLANE('',#2386);
#2386 = AXIS2_PLACEMENT_3D('',#2387,#2388,#2389);
#2387 = CARTESIAN_POINT('',(1.27,-1.016,0.));
#2388 = DIRECTION('',(-1.,0.,0.));
#2389 = DIRECTION('',(0.,1.,0.));
#2390 = ADVANCED_FACE('',(#2391),#2402,.F.);
#2391 = FACE_BOUND('',#2392,.F.);
#2392 = EDGE_LOOP('',(#2393,#2394,#2395,#2401));
#2393 = ORIENTED_EDGE('',*,*,#2362,.T.);
#2394 = ORIENTED_EDGE('',*,*,#2188,.T.);
#2395 = ORIENTED_EDGE('',*,*,#2396,.F.);
#2396 = EDGE_CURVE('',#2024,#2189,#2397,.T.);
#2397 = LINE('',#2398,#2399);
#2398 = CARTESIAN_POINT('',(-1.27,-1.524,0.));
#2399 = VECTOR('',#2400,1.);
#2400 = DIRECTION('',(0.,0.,1.));
#2401 = ORIENTED_EDGE('',*,*,#2023,.F.);
#2402 = PLANE('',#2403);
#2403 = AXIS2_PLACEMENT_3D('',#2404,#2405,#2406);
#2404 = CARTESIAN_POINT('',(-1.016,-1.27,0.));
#2405 = DIRECTION('',(0.707106781187,-0.707106781187,0.));
#2406 = DIRECTION('',(-0.707106781187,-0.707106781187,0.));
#2407 = ADVANCED_FACE('',(#2408),#2419,.F.);
#2408 = FACE_BOUND('',#2409,.F.);
#2409 = EDGE_LOOP('',(#2410,#2416,#2417,#2418));
#2410 = ORIENTED_EDGE('',*,*,#2411,.T.);
#2411 = EDGE_CURVE('',#2072,#2237,#2412,.T.);
#2412 = LINE('',#2413,#2414);
#2413 = CARTESIAN_POINT('',(1.016,-1.27,0.));
#2414 = VECTOR('',#2415,1.);
#2415 = DIRECTION('',(0.,0.,1.));
#2416 = ORIENTED_EDGE('',*,*,#2244,.T.);
#2417 = ORIENTED_EDGE('',*,*,#2377,.F.);
#2418 = ORIENTED_EDGE('',*,*,#2079,.F.);
#2419 = PLANE('',#2420);
#2420 = AXIS2_PLACEMENT_3D('',#2421,#2422,#2423);
#2421 = CARTESIAN_POINT('',(1.016,-1.27,0.));
#2422 = DIRECTION('',(-0.707106781187,0.707106781187,0.));
#2423 = DIRECTION('',(0.707106781187,0.707106781187,0.));
#2424 = ADVANCED_FACE('',(#2425),#2436,.F.);
#2425 = FACE_BOUND('',#2426,.F.);
#2426 = EDGE_LOOP('',(#2427,#2428,#2429,#2435));
#2427 = ORIENTED_EDGE('',*,*,#2396,.T.);
#2428 = ORIENTED_EDGE('',*,*,#2196,.T.);
#2429 = ORIENTED_EDGE('',*,*,#2430,.F.);
#2430 = EDGE_CURVE('',#2032,#2197,#2431,.T.);
#2431 = LINE('',#2432,#2433);
#2432 = CARTESIAN_POINT('',(-1.27,-3.556,0.));
#2433 = VECTOR('',#2434,1.);
#2434 = DIRECTION('',(0.,0.,1.));
#2435 = ORIENTED_EDGE('',*,*,#2031,.F.);
#2436 = PLANE('',#2437);
#2437 = AXIS2_PLACEMENT_3D('',#2438,#2439,#2440);
#2438 = CARTESIAN_POINT('',(-1.27,-1.524,0.));
#2439 = DIRECTION('',(1.,0.,0.));
#2440 = DIRECTION('',(0.,-1.,0.));
#2441 = ADVANCED_FACE('',(#2442),#2453,.F.);
#2442 = FACE_BOUND('',#2443,.F.);
#2443 = EDGE_LOOP('',(#2444,#2450,#2451,#2452));
#2444 = ORIENTED_EDGE('',*,*,#2445,.T.);
#2445 = EDGE_CURVE('',#2064,#2229,#2446,.T.);
#2446 = LINE('',#2447,#2448);
#2447 = CARTESIAN_POINT('',(1.27,-1.524,0.));
#2448 = VECTOR('',#2449,1.);
#2449 = DIRECTION('',(0.,0.,1.));
#2450 = ORIENTED_EDGE('',*,*,#2236,.T.);
#2451 = ORIENTED_EDGE('',*,*,#2411,.F.);
#2452 = ORIENTED_EDGE('',*,*,#2071,.F.);
#2453 = PLANE('',#2454);
#2454 = AXIS2_PLACEMENT_3D('',#2455,#2456,#2457);
#2455 = CARTESIAN_POINT('',(1.27,-1.524,0.));
#2456 = DIRECTION('',(-0.707106781187,-0.707106781187,0.));
#2457 = DIRECTION('',(-0.707106781187,0.707106781187,0.));
#2458 = ADVANCED_FACE('',(#2459),#2470,.F.);
#2459 = FACE_BOUND('',#2460,.F.);
#2460 = EDGE_LOOP('',(#2461,#2462,#2463,#2469));
#2461 = ORIENTED_EDGE('',*,*,#2430,.T.);
#2462 = ORIENTED_EDGE('',*,*,#2204,.T.);
#2463 = ORIENTED_EDGE('',*,*,#2464,.F.);
#2464 = EDGE_CURVE('',#2040,#2205,#2465,.T.);
#2465 = LINE('',#2466,#2467);
#2466 = CARTESIAN_POINT('',(-1.016,-3.81,0.));
#2467 = VECTOR('',#2468,1.);
#2468 = DIRECTION('',(0.,0.,1.));
#2469 = ORIENTED_EDGE('',*,*,#2039,.F.);
#2470 = PLANE('',#2471);
#2471 = AXIS2_PLACEMENT_3D('',#2472,#2473,#2474);
#2472 = CARTESIAN_POINT('',(-1.27,-3.556,0.));
#2473 = DIRECTION('',(0.707106781187,0.707106781187,0.));
#2474 = DIRECTION('',(0.707106781187,-0.707106781187,0.));
#2475 = ADVANCED_FACE('',(#2476),#2487,.F.);
#2476 = FACE_BOUND('',#2477,.F.);
#2477 = EDGE_LOOP('',(#2478,#2484,#2485,#2486));
#2478 = ORIENTED_EDGE('',*,*,#2479,.T.);
#2479 = EDGE_CURVE('',#2056,#2221,#2480,.T.);
#2480 = LINE('',#2481,#2482);
#2481 = CARTESIAN_POINT('',(1.27,-3.556,0.));
#2482 = VECTOR('',#2483,1.);
#2483 = DIRECTION('',(0.,0.,1.));
#2484 = ORIENTED_EDGE('',*,*,#2228,.T.);
#2485 = ORIENTED_EDGE('',*,*,#2445,.F.);
#2486 = ORIENTED_EDGE('',*,*,#2063,.F.);
#2487 = PLANE('',#2488);
#2488 = AXIS2_PLACEMENT_3D('',#2489,#2490,#2491);
#2489 = CARTESIAN_POINT('',(1.27,-3.556,0.));
#2490 = DIRECTION('',(-1.,0.,0.));
#2491 = DIRECTION('',(0.,1.,0.));
#2492 = ADVANCED_FACE('',(#2493),#2504,.F.);
#2493 = FACE_BOUND('',#2494,.F.);
#2494 = EDGE_LOOP('',(#2495,#2496,#2497,#2503));
#2495 = ORIENTED_EDGE('',*,*,#2464,.T.);
#2496 = ORIENTED_EDGE('',*,*,#2212,.T.);
#2497 = ORIENTED_EDGE('',*,*,#2498,.F.);
#2498 = EDGE_CURVE('',#2048,#2213,#2499,.T.);
#2499 = LINE('',#2500,#2501);
#2500 = CARTESIAN_POINT('',(1.016,-3.81,0.));
#2501 = VECTOR('',#2502,1.);
#2502 = DIRECTION('',(0.,0.,1.));
#2503 = ORIENTED_EDGE('',*,*,#2047,.F.);
#2504 = PLANE('',#2505);
#2505 = AXIS2_PLACEMENT_3D('',#2506,#2507,#2508);
#2506 = CARTESIAN_POINT('',(-1.016,-3.81,0.));
#2507 = DIRECTION('',(0.,1.,0.));
#2508 = DIRECTION('',(1.,0.,0.));
#2509 = ADVANCED_FACE('',(#2510),#2516,.F.);
#2510 = FACE_BOUND('',#2511,.F.);
#2511 = EDGE_LOOP('',(#2512,#2513,#2514,#2515));
#2512 = ORIENTED_EDGE('',*,*,#2498,.T.);
#2513 = ORIENTED_EDGE('',*,*,#2220,.T.);
#2514 = ORIENTED_EDGE('',*,*,#2479,.F.);
#2515 = ORIENTED_EDGE('',*,*,#2055,.F.);
#2516 = PLANE('',#2517);
#2517 = AXIS2_PLACEMENT_3D('',#2518,#2519,#2520);
#2518 = CARTESIAN_POINT('',(1.016,-3.81,0.));
#2519 = DIRECTION('',(-0.707106781187,0.707106781187,0.));
#2520 = DIRECTION('',(0.707106781187,0.707106781187,0.));
#2521 = ADVANCED_FACE('',(#2522),#2547,.F.);
#2522 = FACE_BOUND('',#2523,.F.);
#2523 = EDGE_LOOP('',(#2524,#2532,#2540,#2546));
#2524 = ORIENTED_EDGE('',*,*,#2525,.F.);
#2525 = EDGE_CURVE('',#2526,#2105,#2528,.T.);
#2526 = VERTEX_POINT('',#2527);
#2527 = CARTESIAN_POINT('',(0.32,-0.32,-2.84));
#2528 = LINE('',#2529,#2530);
#2529 = CARTESIAN_POINT('',(0.32,-0.32,-3.));
#2530 = VECTOR('',#2531,1.);
#2531 = DIRECTION('',(0.,0.,1.));
#2532 = ORIENTED_EDGE('',*,*,#2533,.F.);
#2533 = EDGE_CURVE('',#2534,#2526,#2536,.T.);
#2534 = VERTEX_POINT('',#2535);
#2535 = CARTESIAN_POINT('',(-0.32,-0.32,-2.84));
#2536 = LINE('',#2537,#2538);
#2537 = CARTESIAN_POINT('',(-0.32,-0.32,-2.84));
#2538 = VECTOR('',#2539,1.);
#2539 = DIRECTION('',(1.,0.,0.));
#2540 = ORIENTED_EDGE('',*,*,#2541,.T.);
#2541 = EDGE_CURVE('',#2534,#2107,#2542,.T.);
#2542 = LINE('',#2543,#2544);
#2543 = CARTESIAN_POINT('',(-0.32,-0.32,-3.));
#2544 = VECTOR('',#2545,1.);
#2545 = DIRECTION('',(0.,0.,1.));
#2546 = ORIENTED_EDGE('',*,*,#2104,.F.);
#2547 = PLANE('',#2548);
#2548 = AXIS2_PLACEMENT_3D('',#2549,#2550,#2551);
#2549 = CARTESIAN_POINT('',(-0.32,-0.32,-3.));
#2550 = DIRECTION('',(0.,1.,0.));
#2551 = DIRECTION('',(0.,-0.,1.));
#2552 = ADVANCED_FACE('',(#2553),#2571,.T.);
#2553 = FACE_BOUND('',#2554,.T.);
#2554 = EDGE_LOOP('',(#2555,#2556,#2564,#2570));
#2555 = ORIENTED_EDGE('',*,*,#2525,.F.);
#2556 = ORIENTED_EDGE('',*,*,#2557,.T.);
#2557 = EDGE_CURVE('',#2526,#2558,#2560,.T.);
#2558 = VERTEX_POINT('',#2559);
#2559 = CARTESIAN_POINT('',(0.32,0.32,-2.84));
#2560 = LINE('',#2561,#2562);
#2561 = CARTESIAN_POINT('',(0.32,-0.32,-2.84));
#2562 = VECTOR('',#2563,1.);
#2563 = DIRECTION('',(0.,1.,0.));
#2564 = ORIENTED_EDGE('',*,*,#2565,.T.);
#2565 = EDGE_CURVE('',#2558,#2123,#2566,.T.);
#2566 = LINE('',#2567,#2568);
#2567 = CARTESIAN_POINT('',(0.32,0.32,-3.));
#2568 = VECTOR('',#2569,1.);
#2569 = DIRECTION('',(0.,0.,1.));
#2570 = ORIENTED_EDGE('',*,*,#2130,.F.);
#2571 = PLANE('',#2572);
#2572 = AXIS2_PLACEMENT_3D('',#2573,#2574,#2575);
#2573 = CARTESIAN_POINT('',(0.32,-0.32,-3.));
#2574 = DIRECTION('',(1.,0.,0.));
#2575 = DIRECTION('',(0.,0.,1.));
#2576 = ADVANCED_FACE('',(#2577),#2595,.T.);
#2577 = FACE_BOUND('',#2578,.T.);
#2578 = EDGE_LOOP('',(#2579,#2580,#2588,#2594));
#2579 = ORIENTED_EDGE('',*,*,#2565,.F.);
#2580 = ORIENTED_EDGE('',*,*,#2581,.F.);
#2581 = EDGE_CURVE('',#2582,#2558,#2584,.T.);
#2582 = VERTEX_POINT('',#2583);
#2583 = CARTESIAN_POINT('',(-0.32,0.32,-2.84));
#2584 = LINE('',#2585,#2586);
#2585 = CARTESIAN_POINT('',(-0.32,0.32,-2.84));
#2586 = VECTOR('',#2587,1.);
#2587 = DIRECTION('',(1.,0.,0.));
#2588 = ORIENTED_EDGE('',*,*,#2589,.T.);
#2589 = EDGE_CURVE('',#2582,#2115,#2590,.T.);
#2590 = LINE('',#2591,#2592);
#2591 = CARTESIAN_POINT('',(-0.32,0.32,-3.));
#2592 = VECTOR('',#2593,1.);
#2593 = DIRECTION('',(0.,0.,1.));
#2594 = ORIENTED_EDGE('',*,*,#2122,.F.);
#2595 = PLANE('',#2596);
#2596 = AXIS2_PLACEMENT_3D('',#2597,#2598,#2599);
#2597 = CARTESIAN_POINT('',(-0.32,0.32,-3.));
#2598 = DIRECTION('',(0.,1.,0.));
#2599 = DIRECTION('',(0.,-0.,1.));
#2600 = ADVANCED_FACE('',(#2601),#2612,.F.);
#2601 = FACE_BOUND('',#2602,.F.);
#2602 = EDGE_LOOP('',(#2603,#2604,#2610,#2611));
#2603 = ORIENTED_EDGE('',*,*,#2541,.F.);
#2604 = ORIENTED_EDGE('',*,*,#2605,.T.);
#2605 = EDGE_CURVE('',#2534,#2582,#2606,.T.);
#2606 = LINE('',#2607,#2608);
#2607 = CARTESIAN_POINT('',(-0.32,-0.32,-2.84));
#2608 = VECTOR('',#2609,1.);
#2609 = DIRECTION('',(0.,1.,0.));
#2610 = ORIENTED_EDGE('',*,*,#2589,.T.);
#2611 = ORIENTED_EDGE('',*,*,#2114,.F.);
#2612 = PLANE('',#2613);
#2613 = AXIS2_PLACEMENT_3D('',#2614,#2615,#2616);
#2614 = CARTESIAN_POINT('',(-0.32,-0.32,-3.));
#2615 = DIRECTION('',(1.,0.,0.));
#2616 = DIRECTION('',(0.,0.,1.));
#2617 = ADVANCED_FACE('',(#2618),#2643,.F.);
#2618 = FACE_BOUND('',#2619,.F.);
#2619 = EDGE_LOOP('',(#2620,#2628,#2636,#2642));
#2620 = ORIENTED_EDGE('',*,*,#2621,.F.);
#2621 = EDGE_CURVE('',#2622,#2139,#2624,.T.);
#2622 = VERTEX_POINT('',#2623);
#2623 = CARTESIAN_POINT('',(0.32,-2.86,-2.84));
#2624 = LINE('',#2625,#2626);
#2625 = CARTESIAN_POINT('',(0.32,-2.86,-3.));
#2626 = VECTOR('',#2627,1.);
#2627 = DIRECTION('',(0.,0.,1.));
#2628 = ORIENTED_EDGE('',*,*,#2629,.F.);
#2629 = EDGE_CURVE('',#2630,#2622,#2632,.T.);
#2630 = VERTEX_POINT('',#2631);
#2631 = CARTESIAN_POINT('',(-0.32,-2.86,-2.84));
#2632 = LINE('',#2633,#2634);
#2633 = CARTESIAN_POINT('',(-0.32,-2.86,-2.84));
#2634 = VECTOR('',#2635,1.);
#2635 = DIRECTION('',(1.,0.,0.));
#2636 = ORIENTED_EDGE('',*,*,#2637,.T.);
#2637 = EDGE_CURVE('',#2630,#2141,#2638,.T.);
#2638 = LINE('',#2639,#2640);
#2639 = CARTESIAN_POINT('',(-0.32,-2.86,-3.));
#2640 = VECTOR('',#2641,1.);
#2641 = DIRECTION('',(0.,0.,1.));
#2642 = ORIENTED_EDGE('',*,*,#2138,.F.);
#2643 = PLANE('',#2644);
#2644 = AXIS2_PLACEMENT_3D('',#2645,#2646,#2647);
#2645 = CARTESIAN_POINT('',(-0.32,-2.86,-3.));
#2646 = DIRECTION('',(0.,1.,0.));
#2647 = DIRECTION('',(0.,-0.,1.));
#2648 = ADVANCED_FACE('',(#2649),#2667,.T.);
#2649 = FACE_BOUND('',#2650,.T.);
#2650 = EDGE_LOOP('',(#2651,#2652,#2660,#2666));
#2651 = ORIENTED_EDGE('',*,*,#2621,.F.);
#2652 = ORIENTED_EDGE('',*,*,#2653,.T.);
#2653 = EDGE_CURVE('',#2622,#2654,#2656,.T.);
#2654 = VERTEX_POINT('',#2655);
#2655 = CARTESIAN_POINT('',(0.32,-2.22,-2.84));
#2656 = LINE('',#2657,#2658);
#2657 = CARTESIAN_POINT('',(0.32,-2.86,-2.84));
#2658 = VECTOR('',#2659,1.);
#2659 = DIRECTION('',(0.,1.,0.));
#2660 = ORIENTED_EDGE('',*,*,#2661,.T.);
#2661 = EDGE_CURVE('',#2654,#2157,#2662,.T.);
#2662 = LINE('',#2663,#2664);
#2663 = CARTESIAN_POINT('',(0.32,-2.22,-3.));
#2664 = VECTOR('',#2665,1.);
#2665 = DIRECTION('',(0.,0.,1.));
#2666 = ORIENTED_EDGE('',*,*,#2164,.F.);
#2667 = PLANE('',#2668);
#2668 = AXIS2_PLACEMENT_3D('',#2669,#2670,#2671);
#2669 = CARTESIAN_POINT('',(0.32,-2.86,-3.));
#2670 = DIRECTION('',(1.,0.,0.));
#2671 = DIRECTION('',(0.,0.,1.));
#2672 = ADVANCED_FACE('',(#2673),#2691,.T.);
#2673 = FACE_BOUND('',#2674,.T.);
#2674 = EDGE_LOOP('',(#2675,#2676,#2684,#2690));
#2675 = ORIENTED_EDGE('',*,*,#2661,.F.);
#2676 = ORIENTED_EDGE('',*,*,#2677,.F.);
#2677 = EDGE_CURVE('',#2678,#2654,#2680,.T.);
#2678 = VERTEX_POINT('',#2679);
#2679 = CARTESIAN_POINT('',(-0.32,-2.22,-2.84));
#2680 = LINE('',#2681,#2682);
#2681 = CARTESIAN_POINT('',(-0.32,-2.22,-2.84));
#2682 = VECTOR('',#2683,1.);
#2683 = DIRECTION('',(1.,0.,0.));
#2684 = ORIENTED_EDGE('',*,*,#2685,.T.);
#2685 = EDGE_CURVE('',#2678,#2149,#2686,.T.);
#2686 = LINE('',#2687,#2688);
#2687 = CARTESIAN_POINT('',(-0.32,-2.22,-3.));
#2688 = VECTOR('',#2689,1.);
#2689 = DIRECTION('',(0.,0.,1.));
#2690 = ORIENTED_EDGE('',*,*,#2156,.F.);
#2691 = PLANE('',#2692);
#2692 = AXIS2_PLACEMENT_3D('',#2693,#2694,#2695);
#2693 = CARTESIAN_POINT('',(-0.32,-2.22,-3.));
#2694 = DIRECTION('',(0.,1.,0.));
#2695 = DIRECTION('',(0.,-0.,1.));
#2696 = ADVANCED_FACE('',(#2697),#2708,.F.);
#2697 = FACE_BOUND('',#2698,.F.);
#2698 = EDGE_LOOP('',(#2699,#2700,#2706,#2707));
#2699 = ORIENTED_EDGE('',*,*,#2637,.F.);
#2700 = ORIENTED_EDGE('',*,*,#2701,.T.);
#2701 = EDGE_CURVE('',#2630,#2678,#2702,.T.);
#2702 = LINE('',#2703,#2704);
#2703 = CARTESIAN_POINT('',(-0.32,-2.86,-2.84));
#2704 = VECTOR('',#2705,1.);
#2705 = DIRECTION('',(0.,1.,0.));
#2706 = ORIENTED_EDGE('',*,*,#2685,.T.);
#2707 = ORIENTED_EDGE('',*,*,#2148,.F.);
#2708 = PLANE('',#2709);
#2709 = AXIS2_PLACEMENT_3D('',#2710,#2711,#2712);
#2710 = CARTESIAN_POINT('',(-0.32,-2.86,-3.));
#2711 = DIRECTION('',(1.,0.,0.));
#2712 = DIRECTION('',(0.,0.,1.));
#2713 = ADVANCED_FACE('',(#2714),#2739,.F.);
#2714 = FACE_BOUND('',#2715,.F.);
#2715 = EDGE_LOOP('',(#2716,#2724,#2725,#2733));
#2716 = ORIENTED_EDGE('',*,*,#2717,.F.);
#2717 = EDGE_CURVE('',#2270,#2718,#2720,.T.);
#2718 = VERTEX_POINT('',#2719);
#2719 = CARTESIAN_POINT('',(0.32,-0.32,8.38));
#2720 = LINE('',#2721,#2722);
#2721 = CARTESIAN_POINT('',(0.32,-0.32,-3.));
#2722 = VECTOR('',#2723,1.);
#2723 = DIRECTION('',(0.,0.,1.));
#2724 = ORIENTED_EDGE('',*,*,#2269,.T.);
#2725 = ORIENTED_EDGE('',*,*,#2726,.T.);
#2726 = EDGE_CURVE('',#2272,#2727,#2729,.T.);
#2727 = VERTEX_POINT('',#2728);
#2728 = CARTESIAN_POINT('',(-0.32,-0.32,8.38));
#2729 = LINE('',#2730,#2731);
#2730 = CARTESIAN_POINT('',(-0.32,-0.32,-3.));
#2731 = VECTOR('',#2732,1.);
#2732 = DIRECTION('',(0.,0.,1.));
#2733 = ORIENTED_EDGE('',*,*,#2734,.T.);
#2734 = EDGE_CURVE('',#2727,#2718,#2735,.T.);
#2735 = LINE('',#2736,#2737);
#2736 = CARTESIAN_POINT('',(-0.32,-0.32,8.38));
#2737 = VECTOR('',#2738,1.);
#2738 = DIRECTION('',(1.,0.,0.));
#2739 = PLANE('',#2740);
#2740 = AXIS2_PLACEMENT_3D('',#2741,#2742,#2743);
#2741 = CARTESIAN_POINT('',(-0.32,-0.32,-3.));
#2742 = DIRECTION('',(0.,1.,0.));
#2743 = DIRECTION('',(0.,-0.,1.));
#2744 = ADVANCED_FACE('',(#2745),#2763,.T.);
#2745 = FACE_BOUND('',#2746,.T.);
#2746 = EDGE_LOOP('',(#2747,#2748,#2749,#2757));
#2747 = ORIENTED_EDGE('',*,*,#2717,.F.);
#2748 = ORIENTED_EDGE('',*,*,#2295,.T.);
#2749 = ORIENTED_EDGE('',*,*,#2750,.T.);
#2750 = EDGE_CURVE('',#2288,#2751,#2753,.T.);
#2751 = VERTEX_POINT('',#2752);
#2752 = CARTESIAN_POINT('',(0.32,0.32,8.38));
#2753 = LINE('',#2754,#2755);
#2754 = CARTESIAN_POINT('',(0.32,0.32,-3.));
#2755 = VECTOR('',#2756,1.);
#2756 = DIRECTION('',(0.,0.,1.));
#2757 = ORIENTED_EDGE('',*,*,#2758,.F.);
#2758 = EDGE_CURVE('',#2718,#2751,#2759,.T.);
#2759 = LINE('',#2760,#2761);
#2760 = CARTESIAN_POINT('',(0.32,-0.32,8.38));
#2761 = VECTOR('',#2762,1.);
#2762 = DIRECTION('',(0.,1.,0.));
#2763 = PLANE('',#2764);
#2764 = AXIS2_PLACEMENT_3D('',#2765,#2766,#2767);
#2765 = CARTESIAN_POINT('',(0.32,-0.32,-3.));
#2766 = DIRECTION('',(1.,0.,0.));
#2767 = DIRECTION('',(0.,0.,1.));
#2768 = ADVANCED_FACE('',(#2769),#2787,.T.);
#2769 = FACE_BOUND('',#2770,.T.);
#2770 = EDGE_LOOP('',(#2771,#2772,#2773,#2781));
#2771 = ORIENTED_EDGE('',*,*,#2750,.F.);
#2772 = ORIENTED_EDGE('',*,*,#2287,.T.);
#2773 = ORIENTED_EDGE('',*,*,#2774,.T.);
#2774 = EDGE_CURVE('',#2280,#2775,#2777,.T.);
#2775 = VERTEX_POINT('',#2776);
#2776 = CARTESIAN_POINT('',(-0.32,0.32,8.38));
#2777 = LINE('',#2778,#2779);
#2778 = CARTESIAN_POINT('',(-0.32,0.32,-3.));
#2779 = VECTOR('',#2780,1.);
#2780 = DIRECTION('',(0.,0.,1.));
#2781 = ORIENTED_EDGE('',*,*,#2782,.T.);
#2782 = EDGE_CURVE('',#2775,#2751,#2783,.T.);
#2783 = LINE('',#2784,#2785);
#2784 = CARTESIAN_POINT('',(-0.32,0.32,8.38));
#2785 = VECTOR('',#2786,1.);
#2786 = DIRECTION('',(1.,0.,0.));
#2787 = PLANE('',#2788);
#2788 = AXIS2_PLACEMENT_3D('',#2789,#2790,#2791);
#2789 = CARTESIAN_POINT('',(-0.32,0.32,-3.));
#2790 = DIRECTION('',(0.,1.,0.));
#2791 = DIRECTION('',(0.,-0.,1.));
#2792 = ADVANCED_FACE('',(#2793),#2804,.F.);
#2793 = FACE_BOUND('',#2794,.F.);
#2794 = EDGE_LOOP('',(#2795,#2796,#2797,#2798));
#2795 = ORIENTED_EDGE('',*,*,#2726,.F.);
#2796 = ORIENTED_EDGE('',*,*,#2279,.T.);
#2797 = ORIENTED_EDGE('',*,*,#2774,.T.);
#2798 = ORIENTED_EDGE('',*,*,#2799,.F.);
#2799 = EDGE_CURVE('',#2727,#2775,#2800,.T.);
#2800 = LINE('',#2801,#2802);
#2801 = CARTESIAN_POINT('',(-0.32,-0.32,8.38));
#2802 = VECTOR('',#2803,1.);
#2803 = DIRECTION('',(0.,1.,0.));
#2804 = PLANE('',#2805);
#2805 = AXIS2_PLACEMENT_3D('',#2806,#2807,#2808);
#2806 = CARTESIAN_POINT('',(-0.32,-0.32,-3.));
#2807 = DIRECTION('',(1.,0.,0.));
#2808 = DIRECTION('',(0.,0.,1.));
#2809 = ADVANCED_FACE('',(#2810),#2835,.F.);
#2810 = FACE_BOUND('',#2811,.F.);
#2811 = EDGE_LOOP('',(#2812,#2820,#2821,#2829));
#2812 = ORIENTED_EDGE('',*,*,#2813,.F.);
#2813 = EDGE_CURVE('',#2304,#2814,#2816,.T.);
#2814 = VERTEX_POINT('',#2815);
#2815 = CARTESIAN_POINT('',(0.32,-2.86,8.38));
#2816 = LINE('',#2817,#2818);
#2817 = CARTESIAN_POINT('',(0.32,-2.86,-3.));
#2818 = VECTOR('',#2819,1.);
#2819 = DIRECTION('',(0.,0.,1.));
#2820 = ORIENTED_EDGE('',*,*,#2303,.T.);
#2821 = ORIENTED_EDGE('',*,*,#2822,.T.);
#2822 = EDGE_CURVE('',#2306,#2823,#2825,.T.);
#2823 = VERTEX_POINT('',#2824);
#2824 = CARTESIAN_POINT('',(-0.32,-2.86,8.38));
#2825 = LINE('',#2826,#2827);
#2826 = CARTESIAN_POINT('',(-0.32,-2.86,-3.));
#2827 = VECTOR('',#2828,1.);
#2828 = DIRECTION('',(0.,0.,1.));
#2829 = ORIENTED_EDGE('',*,*,#2830,.T.);
#2830 = EDGE_CURVE('',#2823,#2814,#2831,.T.);
#2831 = LINE('',#2832,#2833);
#2832 = CARTESIAN_POINT('',(-0.32,-2.86,8.38));
#2833 = VECTOR('',#2834,1.);
#2834 = DIRECTION('',(1.,0.,0.));
#2835 = PLANE('',#2836);
#2836 = AXIS2_PLACEMENT_3D('',#2837,#2838,#2839);
#2837 = CARTESIAN_POINT('',(-0.32,-2.86,-3.));
#2838 = DIRECTION('',(0.,1.,0.));
#2839 = DIRECTION('',(0.,-0.,1.));
#2840 = ADVANCED_FACE('',(#2841),#2859,.T.);
#2841 = FACE_BOUND('',#2842,.T.);
#2842 = EDGE_LOOP('',(#2843,#2844,#2845,#2853));
#2843 = ORIENTED_EDGE('',*,*,#2813,.F.);
#2844 = ORIENTED_EDGE('',*,*,#2329,.T.);
#2845 = ORIENTED_EDGE('',*,*,#2846,.T.);
#2846 = EDGE_CURVE('',#2322,#2847,#2849,.T.);
#2847 = VERTEX_POINT('',#2848);
#2848 = CARTESIAN_POINT('',(0.32,-2.22,8.38));
#2849 = LINE('',#2850,#2851);
#2850 = CARTESIAN_POINT('',(0.32,-2.22,-3.));
#2851 = VECTOR('',#2852,1.);
#2852 = DIRECTION('',(0.,0.,1.));
#2853 = ORIENTED_EDGE('',*,*,#2854,.F.);
#2854 = EDGE_CURVE('',#2814,#2847,#2855,.T.);
#2855 = LINE('',#2856,#2857);
#2856 = CARTESIAN_POINT('',(0.32,-2.86,8.38));
#2857 = VECTOR('',#2858,1.);
#2858 = DIRECTION('',(0.,1.,0.));
#2859 = PLANE('',#2860);
#2860 = AXIS2_PLACEMENT_3D('',#2861,#2862,#2863);
#2861 = CARTESIAN_POINT('',(0.32,-2.86,-3.));
#2862 = DIRECTION('',(1.,0.,0.));
#2863 = DIRECTION('',(0.,0.,1.));
#2864 = ADVANCED_FACE('',(#2865),#2883,.T.);
#2865 = FACE_BOUND('',#2866,.T.);
#2866 = EDGE_LOOP('',(#2867,#2868,#2869,#2877));
#2867 = ORIENTED_EDGE('',*,*,#2846,.F.);
#2868 = ORIENTED_EDGE('',*,*,#2321,.T.);
#2869 = ORIENTED_EDGE('',*,*,#2870,.T.);
#2870 = EDGE_CURVE('',#2314,#2871,#2873,.T.);
#2871 = VERTEX_POINT('',#2872);
#2872 = CARTESIAN_POINT('',(-0.32,-2.22,8.38));
#2873 = LINE('',#2874,#2875);
#2874 = CARTESIAN_POINT('',(-0.32,-2.22,-3.));
#2875 = VECTOR('',#2876,1.);
#2876 = DIRECTION('',(0.,0.,1.));
#2877 = ORIENTED_EDGE('',*,*,#2878,.T.);
#2878 = EDGE_CURVE('',#2871,#2847,#2879,.T.);
#2879 = LINE('',#2880,#2881);
#2880 = CARTESIAN_POINT('',(-0.32,-2.22,8.38));
#2881 = VECTOR('',#2882,1.);
#2882 = DIRECTION('',(1.,0.,0.));
#2883 = PLANE('',#2884);
#2884 = AXIS2_PLACEMENT_3D('',#2885,#2886,#2887);
#2885 = CARTESIAN_POINT('',(-0.32,-2.22,-3.));
#2886 = DIRECTION('',(0.,1.,0.));
#2887 = DIRECTION('',(0.,-0.,1.));
#2888 = ADVANCED_FACE('',(#2889),#2900,.F.);
#2889 = FACE_BOUND('',#2890,.F.);
#2890 = EDGE_LOOP('',(#2891,#2892,#2893,#2894));
#2891 = ORIENTED_EDGE('',*,*,#2822,.F.);
#2892 = ORIENTED_EDGE('',*,*,#2313,.T.);
#2893 = ORIENTED_EDGE('',*,*,#2870,.T.);
#2894 = ORIENTED_EDGE('',*,*,#2895,.F.);
#2895 = EDGE_CURVE('',#2823,#2871,#2896,.T.);
#2896 = LINE('',#2897,#2898);
#2897 = CARTESIAN_POINT('',(-0.32,-2.86,8.38));
#2898 = VECTOR('',#2899,1.);
#2899 = DIRECTION('',(0.,1.,0.));
#2900 = PLANE('',#2901);
#2901 = AXIS2_PLACEMENT_3D('',#2902,#2903,#2904);
#2902 = CARTESIAN_POINT('',(-0.32,-2.86,-3.));
#2903 = DIRECTION('',(1.,0.,0.));
#2904 = DIRECTION('',(0.,0.,1.));
#2905 = ADVANCED_FACE('',(#2906),#2931,.T.);
#2906 = FACE_BOUND('',#2907,.F.);
#2907 = EDGE_LOOP('',(#2908,#2916,#2917,#2925));
#2908 = ORIENTED_EDGE('',*,*,#2909,.F.);
#2909 = EDGE_CURVE('',#2534,#2910,#2912,.T.);
#2910 = VERTEX_POINT('',#2911);
#2911 = CARTESIAN_POINT('',(-0.16,-0.16,-3.));
#2912 = LINE('',#2913,#2914);
#2913 = CARTESIAN_POINT('',(-0.266666666667,-0.266666666667,
    -2.893333333333));
#2914 = VECTOR('',#2915,1.);
#2915 = DIRECTION('',(0.57735026919,0.57735026919,-0.57735026919));
#2916 = ORIENTED_EDGE('',*,*,#2533,.T.);
#2917 = ORIENTED_EDGE('',*,*,#2918,.T.);
#2918 = EDGE_CURVE('',#2526,#2919,#2921,.T.);
#2919 = VERTEX_POINT('',#2920);
#2920 = CARTESIAN_POINT('',(0.16,-0.16,-3.));
#2921 = LINE('',#2922,#2923);
#2922 = CARTESIAN_POINT('',(0.16,-0.16,-3.));
#2923 = VECTOR('',#2924,1.);
#2924 = DIRECTION('',(-0.57735026919,0.57735026919,-0.57735026919));
#2925 = ORIENTED_EDGE('',*,*,#2926,.F.);
#2926 = EDGE_CURVE('',#2910,#2919,#2927,.T.);
#2927 = LINE('',#2928,#2929);
#2928 = CARTESIAN_POINT('',(-0.32,-0.16,-3.));
#2929 = VECTOR('',#2930,1.);
#2930 = DIRECTION('',(1.,0.,0.));
#2931 = PLANE('',#2932);
#2932 = AXIS2_PLACEMENT_3D('',#2933,#2934,#2935);
#2933 = CARTESIAN_POINT('',(-0.32,-0.24,-2.92));
#2934 = DIRECTION('',(1.735167508357E-18,-0.707106781187,-0.707106781187
    ));
#2935 = DIRECTION('',(-1.,-1.226948711654E-18,-1.226948711654E-18));
#2936 = ADVANCED_FACE('',(#2937),#2955,.F.);
#2937 = FACE_BOUND('',#2938,.F.);
#2938 = EDGE_LOOP('',(#2939,#2940,#2941,#2949));
#2939 = ORIENTED_EDGE('',*,*,#2918,.F.);
#2940 = ORIENTED_EDGE('',*,*,#2557,.T.);
#2941 = ORIENTED_EDGE('',*,*,#2942,.T.);
#2942 = EDGE_CURVE('',#2558,#2943,#2945,.T.);
#2943 = VERTEX_POINT('',#2944);
#2944 = CARTESIAN_POINT('',(0.16,0.16,-3.));
#2945 = LINE('',#2946,#2947);
#2946 = CARTESIAN_POINT('',(5.333333333333E-02,5.333333333333E-02,
    -3.106666666667));
#2947 = VECTOR('',#2948,1.);
#2948 = DIRECTION('',(-0.57735026919,-0.57735026919,-0.57735026919));
#2949 = ORIENTED_EDGE('',*,*,#2950,.F.);
#2950 = EDGE_CURVE('',#2919,#2943,#2951,.T.);
#2951 = LINE('',#2952,#2953);
#2952 = CARTESIAN_POINT('',(0.16,-0.32,-3.));
#2953 = VECTOR('',#2954,1.);
#2954 = DIRECTION('',(0.,1.,0.));
#2955 = PLANE('',#2956);
#2956 = AXIS2_PLACEMENT_3D('',#2957,#2958,#2959);
#2957 = CARTESIAN_POINT('',(0.24,-0.32,-2.92));
#2958 = DIRECTION('',(-0.707106781187,1.735167508357E-18,0.707106781187)
  );
#2959 = DIRECTION('',(1.226948711654E-18,1.,-1.226948711654E-18));
#2960 = ADVANCED_FACE('',(#2961),#2979,.F.);
#2961 = FACE_BOUND('',#2962,.T.);
#2962 = EDGE_LOOP('',(#2963,#2971,#2972,#2973));
#2963 = ORIENTED_EDGE('',*,*,#2964,.F.);
#2964 = EDGE_CURVE('',#2582,#2965,#2967,.T.);
#2965 = VERTEX_POINT('',#2966);
#2966 = CARTESIAN_POINT('',(-0.16,0.16,-3.));
#2967 = LINE('',#2968,#2969);
#2968 = CARTESIAN_POINT('',(-0.16,0.16,-3.));
#2969 = VECTOR('',#2970,1.);
#2970 = DIRECTION('',(0.57735026919,-0.57735026919,-0.57735026919));
#2971 = ORIENTED_EDGE('',*,*,#2581,.T.);
#2972 = ORIENTED_EDGE('',*,*,#2942,.T.);
#2973 = ORIENTED_EDGE('',*,*,#2974,.F.);
#2974 = EDGE_CURVE('',#2965,#2943,#2975,.T.);
#2975 = LINE('',#2976,#2977);
#2976 = CARTESIAN_POINT('',(-0.32,0.16,-3.));
#2977 = VECTOR('',#2978,1.);
#2978 = DIRECTION('',(1.,0.,0.));
#2979 = PLANE('',#2980);
#2980 = AXIS2_PLACEMENT_3D('',#2981,#2982,#2983);
#2981 = CARTESIAN_POINT('',(-0.32,0.24,-2.92));
#2982 = DIRECTION('',(-1.735167508357E-18,-0.707106781187,0.707106781187
    ));
#2983 = DIRECTION('',(-1.,1.226948711654E-18,-1.226948711654E-18));
#2984 = ADVANCED_FACE('',(#2985),#2996,.T.);
#2985 = FACE_BOUND('',#2986,.T.);
#2986 = EDGE_LOOP('',(#2987,#2988,#2989,#2990));
#2987 = ORIENTED_EDGE('',*,*,#2909,.F.);
#2988 = ORIENTED_EDGE('',*,*,#2605,.T.);
#2989 = ORIENTED_EDGE('',*,*,#2964,.T.);
#2990 = ORIENTED_EDGE('',*,*,#2991,.F.);
#2991 = EDGE_CURVE('',#2910,#2965,#2992,.T.);
#2992 = LINE('',#2993,#2994);
#2993 = CARTESIAN_POINT('',(-0.16,-0.32,-3.));
#2994 = VECTOR('',#2995,1.);
#2995 = DIRECTION('',(0.,1.,0.));
#2996 = PLANE('',#2997);
#2997 = AXIS2_PLACEMENT_3D('',#2998,#2999,#3000);
#2998 = CARTESIAN_POINT('',(-0.24,-0.32,-2.92));
#2999 = DIRECTION('',(-0.707106781187,-1.735167508357E-18,
    -0.707106781187));
#3000 = DIRECTION('',(-1.226948711654E-18,1.,-1.226948711654E-18));
#3001 = ADVANCED_FACE('',(#3002),#3027,.T.);
#3002 = FACE_BOUND('',#3003,.F.);
#3003 = EDGE_LOOP('',(#3004,#3012,#3013,#3021));
#3004 = ORIENTED_EDGE('',*,*,#3005,.F.);
#3005 = EDGE_CURVE('',#2630,#3006,#3008,.T.);
#3006 = VERTEX_POINT('',#3007);
#3007 = CARTESIAN_POINT('',(-0.16,-2.7,-3.));
#3008 = LINE('',#3009,#3010);
#3009 = CARTESIAN_POINT('',(-0.266666666667,-2.806666666667,
    -2.893333333333));
#3010 = VECTOR('',#3011,1.);
#3011 = DIRECTION('',(0.57735026919,0.57735026919,-0.57735026919));
#3012 = ORIENTED_EDGE('',*,*,#2629,.T.);
#3013 = ORIENTED_EDGE('',*,*,#3014,.T.);
#3014 = EDGE_CURVE('',#2622,#3015,#3017,.T.);
#3015 = VERTEX_POINT('',#3016);
#3016 = CARTESIAN_POINT('',(0.16,-2.7,-3.));
#3017 = LINE('',#3018,#3019);
#3018 = CARTESIAN_POINT('',(0.16,-2.7,-3.));
#3019 = VECTOR('',#3020,1.);
#3020 = DIRECTION('',(-0.57735026919,0.57735026919,-0.57735026919));
#3021 = ORIENTED_EDGE('',*,*,#3022,.F.);
#3022 = EDGE_CURVE('',#3006,#3015,#3023,.T.);
#3023 = LINE('',#3024,#3025);
#3024 = CARTESIAN_POINT('',(-0.32,-2.7,-3.));
#3025 = VECTOR('',#3026,1.);
#3026 = DIRECTION('',(1.,0.,0.));
#3027 = PLANE('',#3028);
#3028 = AXIS2_PLACEMENT_3D('',#3029,#3030,#3031);
#3029 = CARTESIAN_POINT('',(-0.32,-2.78,-2.92));
#3030 = DIRECTION('',(1.735167508357E-18,-0.707106781187,-0.707106781187
    ));
#3031 = DIRECTION('',(-1.,-1.226948711654E-18,-1.226948711654E-18));
#3032 = ADVANCED_FACE('',(#3033),#3051,.F.);
#3033 = FACE_BOUND('',#3034,.F.);
#3034 = EDGE_LOOP('',(#3035,#3036,#3037,#3045));
#3035 = ORIENTED_EDGE('',*,*,#3014,.F.);
#3036 = ORIENTED_EDGE('',*,*,#2653,.T.);
#3037 = ORIENTED_EDGE('',*,*,#3038,.T.);
#3038 = EDGE_CURVE('',#2654,#3039,#3041,.T.);
#3039 = VERTEX_POINT('',#3040);
#3040 = CARTESIAN_POINT('',(0.16,-2.38,-3.));
#3041 = LINE('',#3042,#3043);
#3042 = CARTESIAN_POINT('',(5.333333333333E-02,-2.486666666667,
    -3.106666666667));
#3043 = VECTOR('',#3044,1.);
#3044 = DIRECTION('',(-0.57735026919,-0.57735026919,-0.57735026919));
#3045 = ORIENTED_EDGE('',*,*,#3046,.F.);
#3046 = EDGE_CURVE('',#3015,#3039,#3047,.T.);
#3047 = LINE('',#3048,#3049);
#3048 = CARTESIAN_POINT('',(0.16,-2.86,-3.));
#3049 = VECTOR('',#3050,1.);
#3050 = DIRECTION('',(0.,1.,0.));
#3051 = PLANE('',#3052);
#3052 = AXIS2_PLACEMENT_3D('',#3053,#3054,#3055);
#3053 = CARTESIAN_POINT('',(0.24,-2.86,-2.92));
#3054 = DIRECTION('',(-0.707106781187,1.735167508357E-18,0.707106781187)
  );
#3055 = DIRECTION('',(1.226948711654E-18,1.,-1.226948711654E-18));
#3056 = ADVANCED_FACE('',(#3057),#3075,.F.);
#3057 = FACE_BOUND('',#3058,.T.);
#3058 = EDGE_LOOP('',(#3059,#3067,#3068,#3069));
#3059 = ORIENTED_EDGE('',*,*,#3060,.F.);
#3060 = EDGE_CURVE('',#2678,#3061,#3063,.T.);
#3061 = VERTEX_POINT('',#3062);
#3062 = CARTESIAN_POINT('',(-0.16,-2.38,-3.));
#3063 = LINE('',#3064,#3065);
#3064 = CARTESIAN_POINT('',(-0.16,-2.38,-3.));
#3065 = VECTOR('',#3066,1.);
#3066 = DIRECTION('',(0.57735026919,-0.57735026919,-0.57735026919));
#3067 = ORIENTED_EDGE('',*,*,#2677,.T.);
#3068 = ORIENTED_EDGE('',*,*,#3038,.T.);
#3069 = ORIENTED_EDGE('',*,*,#3070,.F.);
#3070 = EDGE_CURVE('',#3061,#3039,#3071,.T.);
#3071 = LINE('',#3072,#3073);
#3072 = CARTESIAN_POINT('',(-0.32,-2.38,-3.));
#3073 = VECTOR('',#3074,1.);
#3074 = DIRECTION('',(1.,0.,0.));
#3075 = PLANE('',#3076);
#3076 = AXIS2_PLACEMENT_3D('',#3077,#3078,#3079);
#3077 = CARTESIAN_POINT('',(-0.32,-2.3,-2.92));
#3078 = DIRECTION('',(-1.735167508357E-18,-0.707106781187,0.707106781187
    ));
#3079 = DIRECTION('',(-1.,1.226948711654E-18,-1.226948711654E-18));
#3080 = ADVANCED_FACE('',(#3081),#3092,.T.);
#3081 = FACE_BOUND('',#3082,.T.);
#3082 = EDGE_LOOP('',(#3083,#3084,#3085,#3086));
#3083 = ORIENTED_EDGE('',*,*,#3005,.F.);
#3084 = ORIENTED_EDGE('',*,*,#2701,.T.);
#3085 = ORIENTED_EDGE('',*,*,#3060,.T.);
#3086 = ORIENTED_EDGE('',*,*,#3087,.F.);
#3087 = EDGE_CURVE('',#3006,#3061,#3088,.T.);
#3088 = LINE('',#3089,#3090);
#3089 = CARTESIAN_POINT('',(-0.16,-2.86,-3.));
#3090 = VECTOR('',#3091,1.);
#3091 = DIRECTION('',(0.,1.,0.));
#3092 = PLANE('',#3093);
#3093 = AXIS2_PLACEMENT_3D('',#3094,#3095,#3096);
#3094 = CARTESIAN_POINT('',(-0.24,-2.86,-2.92));
#3095 = DIRECTION('',(-0.707106781187,-1.735167508357E-18,
    -0.707106781187));
#3096 = DIRECTION('',(-1.226948711654E-18,1.,-1.226948711654E-18));
#3097 = ADVANCED_FACE('',(#3098),#3123,.F.);
#3098 = FACE_BOUND('',#3099,.T.);
#3099 = EDGE_LOOP('',(#3100,#3108,#3109,#3117));
#3100 = ORIENTED_EDGE('',*,*,#3101,.F.);
#3101 = EDGE_CURVE('',#2727,#3102,#3104,.T.);
#3102 = VERTEX_POINT('',#3103);
#3103 = CARTESIAN_POINT('',(-0.16,-0.16,8.54));
#3104 = LINE('',#3105,#3106);
#3105 = CARTESIAN_POINT('',(-0.266666666667,-0.266666666667,
    8.433333333333));
#3106 = VECTOR('',#3107,1.);
#3107 = DIRECTION('',(0.57735026919,0.57735026919,0.57735026919));
#3108 = ORIENTED_EDGE('',*,*,#2734,.T.);
#3109 = ORIENTED_EDGE('',*,*,#3110,.T.);
#3110 = EDGE_CURVE('',#2718,#3111,#3113,.T.);
#3111 = VERTEX_POINT('',#3112);
#3112 = CARTESIAN_POINT('',(0.16,-0.16,8.54));
#3113 = LINE('',#3114,#3115);
#3114 = CARTESIAN_POINT('',(0.16,-0.16,8.54));
#3115 = VECTOR('',#3116,1.);
#3116 = DIRECTION('',(-0.57735026919,0.57735026919,0.57735026919));
#3117 = ORIENTED_EDGE('',*,*,#3118,.F.);
#3118 = EDGE_CURVE('',#3102,#3111,#3119,.T.);
#3119 = LINE('',#3120,#3121);
#3120 = CARTESIAN_POINT('',(-0.32,-0.16,8.54));
#3121 = VECTOR('',#3122,1.);
#3122 = DIRECTION('',(1.,0.,0.));
#3123 = PLANE('',#3124);
#3124 = AXIS2_PLACEMENT_3D('',#3125,#3126,#3127);
#3125 = CARTESIAN_POINT('',(-0.32,-0.24,8.46));
#3126 = DIRECTION('',(-1.735167508357E-18,0.707106781187,-0.707106781187
    ));
#3127 = DIRECTION('',(-1.,-1.226948711654E-18,1.226948711654E-18));
#3128 = ADVANCED_FACE('',(#3129),#3147,.T.);
#3129 = FACE_BOUND('',#3130,.T.);
#3130 = EDGE_LOOP('',(#3131,#3132,#3133,#3141));
#3131 = ORIENTED_EDGE('',*,*,#3110,.F.);
#3132 = ORIENTED_EDGE('',*,*,#2758,.T.);
#3133 = ORIENTED_EDGE('',*,*,#3134,.T.);
#3134 = EDGE_CURVE('',#2751,#3135,#3137,.T.);
#3135 = VERTEX_POINT('',#3136);
#3136 = CARTESIAN_POINT('',(0.16,0.16,8.54));
#3137 = LINE('',#3138,#3139);
#3138 = CARTESIAN_POINT('',(5.333333333333E-02,5.333333333333E-02,
    8.646666666667));
#3139 = VECTOR('',#3140,1.);
#3140 = DIRECTION('',(-0.57735026919,-0.57735026919,0.57735026919));
#3141 = ORIENTED_EDGE('',*,*,#3142,.F.);
#3142 = EDGE_CURVE('',#3111,#3135,#3143,.T.);
#3143 = LINE('',#3144,#3145);
#3144 = CARTESIAN_POINT('',(0.16,-0.32,8.54));
#3145 = VECTOR('',#3146,1.);
#3146 = DIRECTION('',(0.,1.,0.));
#3147 = PLANE('',#3148);
#3148 = AXIS2_PLACEMENT_3D('',#3149,#3150,#3151);
#3149 = CARTESIAN_POINT('',(0.24,-0.32,8.46));
#3150 = DIRECTION('',(0.707106781187,-1.735167508357E-18,0.707106781187)
  );
#3151 = DIRECTION('',(1.226948711654E-18,1.,1.226948711654E-18));
#3152 = ADVANCED_FACE('',(#3153),#3171,.T.);
#3153 = FACE_BOUND('',#3154,.F.);
#3154 = EDGE_LOOP('',(#3155,#3163,#3164,#3165));
#3155 = ORIENTED_EDGE('',*,*,#3156,.F.);
#3156 = EDGE_CURVE('',#2775,#3157,#3159,.T.);
#3157 = VERTEX_POINT('',#3158);
#3158 = CARTESIAN_POINT('',(-0.16,0.16,8.54));
#3159 = LINE('',#3160,#3161);
#3160 = CARTESIAN_POINT('',(-0.16,0.16,8.54));
#3161 = VECTOR('',#3162,1.);
#3162 = DIRECTION('',(0.57735026919,-0.57735026919,0.57735026919));
#3163 = ORIENTED_EDGE('',*,*,#2782,.T.);
#3164 = ORIENTED_EDGE('',*,*,#3134,.T.);
#3165 = ORIENTED_EDGE('',*,*,#3166,.F.);
#3166 = EDGE_CURVE('',#3157,#3135,#3167,.T.);
#3167 = LINE('',#3168,#3169);
#3168 = CARTESIAN_POINT('',(-0.32,0.16,8.54));
#3169 = VECTOR('',#3170,1.);
#3170 = DIRECTION('',(1.,0.,0.));
#3171 = PLANE('',#3172);
#3172 = AXIS2_PLACEMENT_3D('',#3173,#3174,#3175);
#3173 = CARTESIAN_POINT('',(-0.32,0.24,8.46));
#3174 = DIRECTION('',(1.735167508357E-18,0.707106781187,0.707106781187)
  );
#3175 = DIRECTION('',(-1.,1.226948711654E-18,1.226948711654E-18));
#3176 = ADVANCED_FACE('',(#3177),#3188,.F.);
#3177 = FACE_BOUND('',#3178,.F.);
#3178 = EDGE_LOOP('',(#3179,#3180,#3181,#3182));
#3179 = ORIENTED_EDGE('',*,*,#3101,.F.);
#3180 = ORIENTED_EDGE('',*,*,#2799,.T.);
#3181 = ORIENTED_EDGE('',*,*,#3156,.T.);
#3182 = ORIENTED_EDGE('',*,*,#3183,.F.);
#3183 = EDGE_CURVE('',#3102,#3157,#3184,.T.);
#3184 = LINE('',#3185,#3186);
#3185 = CARTESIAN_POINT('',(-0.16,-0.32,8.54));
#3186 = VECTOR('',#3187,1.);
#3187 = DIRECTION('',(0.,1.,0.));
#3188 = PLANE('',#3189);
#3189 = AXIS2_PLACEMENT_3D('',#3190,#3191,#3192);
#3190 = CARTESIAN_POINT('',(-0.24,-0.32,8.46));
#3191 = DIRECTION('',(0.707106781187,1.735167508357E-18,-0.707106781187)
  );
#3192 = DIRECTION('',(-1.226948711654E-18,1.,1.226948711654E-18));
#3193 = ADVANCED_FACE('',(#3194),#3219,.F.);
#3194 = FACE_BOUND('',#3195,.T.);
#3195 = EDGE_LOOP('',(#3196,#3204,#3205,#3213));
#3196 = ORIENTED_EDGE('',*,*,#3197,.F.);
#3197 = EDGE_CURVE('',#2823,#3198,#3200,.T.);
#3198 = VERTEX_POINT('',#3199);
#3199 = CARTESIAN_POINT('',(-0.16,-2.7,8.54));
#3200 = LINE('',#3201,#3202);
#3201 = CARTESIAN_POINT('',(-0.266666666667,-2.806666666667,
    8.433333333333));
#3202 = VECTOR('',#3203,1.);
#3203 = DIRECTION('',(0.57735026919,0.57735026919,0.57735026919));
#3204 = ORIENTED_EDGE('',*,*,#2830,.T.);
#3205 = ORIENTED_EDGE('',*,*,#3206,.T.);
#3206 = EDGE_CURVE('',#2814,#3207,#3209,.T.);
#3207 = VERTEX_POINT('',#3208);
#3208 = CARTESIAN_POINT('',(0.16,-2.7,8.54));
#3209 = LINE('',#3210,#3211);
#3210 = CARTESIAN_POINT('',(0.16,-2.7,8.54));
#3211 = VECTOR('',#3212,1.);
#3212 = DIRECTION('',(-0.57735026919,0.57735026919,0.57735026919));
#3213 = ORIENTED_EDGE('',*,*,#3214,.F.);
#3214 = EDGE_CURVE('',#3198,#3207,#3215,.T.);
#3215 = LINE('',#3216,#3217);
#3216 = CARTESIAN_POINT('',(-0.32,-2.7,8.54));
#3217 = VECTOR('',#3218,1.);
#3218 = DIRECTION('',(1.,0.,0.));
#3219 = PLANE('',#3220);
#3220 = AXIS2_PLACEMENT_3D('',#3221,#3222,#3223);
#3221 = CARTESIAN_POINT('',(-0.32,-2.78,8.46));
#3222 = DIRECTION('',(-1.735167508357E-18,0.707106781187,-0.707106781187
    ));
#3223 = DIRECTION('',(-1.,-1.226948711654E-18,1.226948711654E-18));
#3224 = ADVANCED_FACE('',(#3225),#3243,.T.);
#3225 = FACE_BOUND('',#3226,.T.);
#3226 = EDGE_LOOP('',(#3227,#3228,#3229,#3237));
#3227 = ORIENTED_EDGE('',*,*,#3206,.F.);
#3228 = ORIENTED_EDGE('',*,*,#2854,.T.);
#3229 = ORIENTED_EDGE('',*,*,#3230,.T.);
#3230 = EDGE_CURVE('',#2847,#3231,#3233,.T.);
#3231 = VERTEX_POINT('',#3232);
#3232 = CARTESIAN_POINT('',(0.16,-2.38,8.54));
#3233 = LINE('',#3234,#3235);
#3234 = CARTESIAN_POINT('',(5.333333333333E-02,-2.486666666667,
    8.646666666667));
#3235 = VECTOR('',#3236,1.);
#3236 = DIRECTION('',(-0.57735026919,-0.57735026919,0.57735026919));
#3237 = ORIENTED_EDGE('',*,*,#3238,.F.);
#3238 = EDGE_CURVE('',#3207,#3231,#3239,.T.);
#3239 = LINE('',#3240,#3241);
#3240 = CARTESIAN_POINT('',(0.16,-2.86,8.54));
#3241 = VECTOR('',#3242,1.);
#3242 = DIRECTION('',(0.,1.,0.));
#3243 = PLANE('',#3244);
#3244 = AXIS2_PLACEMENT_3D('',#3245,#3246,#3247);
#3245 = CARTESIAN_POINT('',(0.24,-2.86,8.46));
#3246 = DIRECTION('',(0.707106781187,-1.735167508357E-18,0.707106781187)
  );
#3247 = DIRECTION('',(1.226948711654E-18,1.,1.226948711654E-18));
#3248 = ADVANCED_FACE('',(#3249),#3267,.T.);
#3249 = FACE_BOUND('',#3250,.F.);
#3250 = EDGE_LOOP('',(#3251,#3259,#3260,#3261));
#3251 = ORIENTED_EDGE('',*,*,#3252,.F.);
#3252 = EDGE_CURVE('',#2871,#3253,#3255,.T.);
#3253 = VERTEX_POINT('',#3254);
#3254 = CARTESIAN_POINT('',(-0.16,-2.38,8.54));
#3255 = LINE('',#3256,#3257);
#3256 = CARTESIAN_POINT('',(-0.16,-2.38,8.54));
#3257 = VECTOR('',#3258,1.);
#3258 = DIRECTION('',(0.57735026919,-0.57735026919,0.57735026919));
#3259 = ORIENTED_EDGE('',*,*,#2878,.T.);
#3260 = ORIENTED_EDGE('',*,*,#3230,.T.);
#3261 = ORIENTED_EDGE('',*,*,#3262,.F.);
#3262 = EDGE_CURVE('',#3253,#3231,#3263,.T.);
#3263 = LINE('',#3264,#3265);
#3264 = CARTESIAN_POINT('',(-0.32,-2.38,8.54));
#3265 = VECTOR('',#3266,1.);
#3266 = DIRECTION('',(1.,0.,0.));
#3267 = PLANE('',#3268);
#3268 = AXIS2_PLACEMENT_3D('',#3269,#3270,#3271);
#3269 = CARTESIAN_POINT('',(-0.32,-2.3,8.46));
#3270 = DIRECTION('',(1.735167508357E-18,0.707106781187,0.707106781187)
  );
#3271 = DIRECTION('',(-1.,1.226948711654E-18,1.226948711654E-18));
#3272 = ADVANCED_FACE('',(#3273),#3284,.F.);
#3273 = FACE_BOUND('',#3274,.F.);
#3274 = EDGE_LOOP('',(#3275,#3276,#3277,#3278));
#3275 = ORIENTED_EDGE('',*,*,#3197,.F.);
#3276 = ORIENTED_EDGE('',*,*,#2895,.T.);
#3277 = ORIENTED_EDGE('',*,*,#3252,.T.);
#3278 = ORIENTED_EDGE('',*,*,#3279,.F.);
#3279 = EDGE_CURVE('',#3198,#3253,#3280,.T.);
#3280 = LINE('',#3281,#3282);
#3281 = CARTESIAN_POINT('',(-0.16,-2.86,8.54));
#3282 = VECTOR('',#3283,1.);
#3283 = DIRECTION('',(0.,1.,0.));
#3284 = PLANE('',#3285);
#3285 = AXIS2_PLACEMENT_3D('',#3286,#3287,#3288);
#3286 = CARTESIAN_POINT('',(-0.24,-2.86,8.46));
#3287 = DIRECTION('',(0.707106781187,1.735167508357E-18,-0.707106781187)
  );
#3288 = DIRECTION('',(-1.226948711654E-18,1.,1.226948711654E-18));
#3289 = ADVANCED_FACE('',(#3290),#3296,.F.);
#3290 = FACE_BOUND('',#3291,.F.);
#3291 = EDGE_LOOP('',(#3292,#3293,#3294,#3295));
#3292 = ORIENTED_EDGE('',*,*,#2991,.F.);
#3293 = ORIENTED_EDGE('',*,*,#2926,.T.);
#3294 = ORIENTED_EDGE('',*,*,#2950,.T.);
#3295 = ORIENTED_EDGE('',*,*,#2974,.F.);
#3296 = PLANE('',#3297);
#3297 = AXIS2_PLACEMENT_3D('',#3298,#3299,#3300);
#3298 = CARTESIAN_POINT('',(-0.32,-0.32,-3.));
#3299 = DIRECTION('',(0.,0.,1.));
#3300 = DIRECTION('',(1.,0.,-0.));
#3301 = ADVANCED_FACE('',(#3302),#3308,.F.);
#3302 = FACE_BOUND('',#3303,.F.);
#3303 = EDGE_LOOP('',(#3304,#3305,#3306,#3307));
#3304 = ORIENTED_EDGE('',*,*,#3087,.F.);
#3305 = ORIENTED_EDGE('',*,*,#3022,.T.);
#3306 = ORIENTED_EDGE('',*,*,#3046,.T.);
#3307 = ORIENTED_EDGE('',*,*,#3070,.F.);
#3308 = PLANE('',#3309);
#3309 = AXIS2_PLACEMENT_3D('',#3310,#3311,#3312);
#3310 = CARTESIAN_POINT('',(-0.32,-2.86,-3.));
#3311 = DIRECTION('',(0.,0.,1.));
#3312 = DIRECTION('',(1.,0.,-0.));
#3313 = ADVANCED_FACE('',(#3314),#3320,.T.);
#3314 = FACE_BOUND('',#3315,.T.);
#3315 = EDGE_LOOP('',(#3316,#3317,#3318,#3319));
#3316 = ORIENTED_EDGE('',*,*,#3166,.F.);
#3317 = ORIENTED_EDGE('',*,*,#3183,.F.);
#3318 = ORIENTED_EDGE('',*,*,#3118,.T.);
#3319 = ORIENTED_EDGE('',*,*,#3142,.T.);
#3320 = PLANE('',#3321);
#3321 = AXIS2_PLACEMENT_3D('',#3322,#3323,#3324);
#3322 = CARTESIAN_POINT('',(-0.32,-0.32,8.54));
#3323 = DIRECTION('',(0.,0.,1.));
#3324 = DIRECTION('',(1.,0.,-0.));
#3325 = ADVANCED_FACE('',(#3326),#3332,.T.);
#3326 = FACE_BOUND('',#3327,.T.);
#3327 = EDGE_LOOP('',(#3328,#3329,#3330,#3331));
#3328 = ORIENTED_EDGE('',*,*,#3262,.F.);
#3329 = ORIENTED_EDGE('',*,*,#3279,.F.);
#3330 = ORIENTED_EDGE('',*,*,#3214,.T.);
#3331 = ORIENTED_EDGE('',*,*,#3238,.T.);
#3332 = PLANE('',#3333);
#3333 = AXIS2_PLACEMENT_3D('',#3334,#3335,#3336);
#3334 = CARTESIAN_POINT('',(-0.32,-2.86,8.54));
#3335 = DIRECTION('',(0.,0.,1.));
#3336 = DIRECTION('',(1.,0.,-0.));
#3337 = ( GEOMETRIC_REPRESENTATION_CONTEXT(3) 
GLOBAL_UNCERTAINTY_ASSIGNED_CONTEXT((#3341)) 
GLOBAL_UNIT_ASSIGNED_CONTEXT((#3338,#3339,#3340)) REPRESENTATION_CONTEXT
('Context #1','3D Context with UNIT and UNCERTAINTY') );
#3338 = ( LENGTH_UNIT() NAMED_UNIT(*) SI_UNIT(.MILLI.,.METRE.) );
#3339 = ( NAMED_UNIT(*) PLANE_ANGLE_UNIT() SI_UNIT($,.RADIAN.) );
#3340 = ( NAMED_UNIT(*) SI_UNIT($,.STERADIAN.) SOLID_ANGLE_UNIT() );
#3341 = UNCERTAINTY_MEASURE_WITH_UNIT(LENGTH_MEASURE(1.E-07),#3338,
  'distance_accuracy_value','confusion accuracy');
#3342 = CONTEXT_DEPENDENT_SHAPE_REPRESENTATION(#3343,#3345);
#3343 = ( REPRESENTATION_RELATIONSHIP('','',#1904,#1881) 
REPRESENTATION_RELATIONSHIP_WITH_TRANSFORMATION(#3344) 
SHAPE_REPRESENTATION_RELATIONSHIP() );
#3344 = ITEM_DEFINED_TRANSFORMATION('','',#11,#1882);
#3345 = PRODUCT_DEFINITION_SHAPE('Placement','Placement of an item',
  #3346);
#3346 = NEXT_ASSEMBLY_USAGE_OCCURRENCE('10','=>[0:1:1:7]','',#1876,#1899
  ,$);
#3347 = PRODUCT_RELATED_PRODUCT_CATEGORY('part',$,(#1901));
#3348 = CONTEXT_DEPENDENT_SHAPE_REPRESENTATION(#3349,#3351);
#3349 = ( REPRESENTATION_RELATIONSHIP('','',#1034,#10) 
REPRESENTATION_RELATIONSHIP_WITH_TRANSFORMATION(#3350) 
SHAPE_REPRESENTATION_RELATIONSHIP() );
#3350 = ITEM_DEFINED_TRANSFORMATION('','',#11,#47);
#3351 = PRODUCT_DEFINITION_SHAPE('Placement','Placement of an item',
  #3352);
#3352 = NEXT_ASSEMBLY_USAGE_OCCURRENCE('12','R31','',#5,#1029,$);
#3353 = CONTEXT_DEPENDENT_SHAPE_REPRESENTATION(#3354,#3356);
#3354 = ( REPRESENTATION_RELATIONSHIP('','',#1034,#10) 
REPRESENTATION_RELATIONSHIP_WITH_TRANSFORMATION(#3355) 
SHAPE_REPRESENTATION_RELATIONSHIP() );
#3355 = ITEM_DEFINED_TRANSFORMATION('','',#11,#51);
#3356 = PRODUCT_DEFINITION_SHAPE('Placement','Placement of an item',
  #3357);
#3357 = NEXT_ASSEMBLY_USAGE_OCCURRENCE('13','R38','',#5,#1029,$);
#3358 = CONTEXT_DEPENDENT_SHAPE_REPRESENTATION(#3359,#3361);
#3359 = ( REPRESENTATION_RELATIONSHIP('','',#1034,#10) 
REPRESENTATION_RELATIONSHIP_WITH_TRANSFORMATION(#3360) 
SHAPE_REPRESENTATION_RELATIONSHIP() );
#3360 = ITEM_DEFINED_TRANSFORMATION('','',#11,#55);
#3361 = PRODUCT_DEFINITION_SHAPE('Placement','Placement of an item',
  #3362);
#3362 = NEXT_ASSEMBLY_USAGE_OCCURRENCE('14','R32','',#5,#1029,$);
#3363 = CONTEXT_DEPENDENT_SHAPE_REPRESENTATION(#3364,#3366);
#3364 = ( REPRESENTATION_RELATIONSHIP('','',#1034,#10) 
REPRESENTATION_RELATIONSHIP_WITH_TRANSFORMATION(#3365) 
SHAPE_REPRESENTATION_RELATIONSHIP() );
#3365 = ITEM_DEFINED_TRANSFORMATION('','',#11,#59);
#3366 = PRODUCT_DEFINITION_SHAPE('Placement','Placement of an item',
  #3367);
#3367 = NEXT_ASSEMBLY_USAGE_OCCURRENCE('15','R27','',#5,#1029,$);
#3368 = CONTEXT_DEPENDENT_SHAPE_REPRESENTATION(#3369,#3371);
#3369 = ( REPRESENTATION_RELATIONSHIP('','',#1034,#10) 
REPRESENTATION_RELATIONSHIP_WITH_TRANSFORMATION(#3370) 
SHAPE_REPRESENTATION_RELATIONSHIP() );
#3370 = ITEM_DEFINED_TRANSFORMATION('','',#11,#63);
#3371 = PRODUCT_DEFINITION_SHAPE('Placement','Placement of an item',
  #3372);
#3372 = NEXT_ASSEMBLY_USAGE_OCCURRENCE('16','R1','',#5,#1029,$);
#3373 = CONTEXT_DEPENDENT_SHAPE_REPRESENTATION(#3374,#3376);
#3374 = ( REPRESENTATION_RELATIONSHIP('','',#128,#10) 
REPRESENTATION_RELATIONSHIP_WITH_TRANSFORMATION(#3375) 
SHAPE_REPRESENTATION_RELATIONSHIP() );
#3375 = ITEM_DEFINED_TRANSFORMATION('','',#11,#67);
#3376 = PRODUCT_DEFINITION_SHAPE('Placement','Placement of an item',
  #3377);
#3377 = NEXT_ASSEMBLY_USAGE_OCCURRENCE('17','C36','',#5,#123,$);
#3378 = CONTEXT_DEPENDENT_SHAPE_REPRESENTATION(#3379,#3381);
#3379 = ( REPRESENTATION_RELATIONSHIP('','',#128,#10) 
REPRESENTATION_RELATIONSHIP_WITH_TRANSFORMATION(#3380) 
SHAPE_REPRESENTATION_RELATIONSHIP() );
#3380 = ITEM_DEFINED_TRANSFORMATION('','',#11,#71);
#3381 = PRODUCT_DEFINITION_SHAPE('Placement','Placement of an item',
  #3382);
#3382 = NEXT_ASSEMBLY_USAGE_OCCURRENCE('18','C1','',#5,#123,$);
#3383 = CONTEXT_DEPENDENT_SHAPE_REPRESENTATION(#3384,#3386);
#3384 = ( REPRESENTATION_RELATIONSHIP('','',#128,#10) 
REPRESENTATION_RELATIONSHIP_WITH_TRANSFORMATION(#3385) 
SHAPE_REPRESENTATION_RELATIONSHIP() );
#3385 = ITEM_DEFINED_TRANSFORMATION('','',#11,#75);
#3386 = PRODUCT_DEFINITION_SHAPE('Placement','Placement of an item',
  #3387);
#3387 = NEXT_ASSEMBLY_USAGE_OCCURRENCE('19','C40','',#5,#123,$);
#3388 = CONTEXT_DEPENDENT_SHAPE_REPRESENTATION(#3389,#3391);
#3389 = ( REPRESENTATION_RELATIONSHIP('','',#1034,#10) 
REPRESENTATION_RELATIONSHIP_WITH_TRANSFORMATION(#3390) 
SHAPE_REPRESENTATION_RELATIONSHIP() );
#3390 = ITEM_DEFINED_TRANSFORMATION('','',#11,#79);
#3391 = PRODUCT_DEFINITION_SHAPE('Placement','Placement of an item',
  #3392);
#3392 = NEXT_ASSEMBLY_USAGE_OCCURRENCE('20','R37','',#5,#1029,$);
#3393 = CONTEXT_DEPENDENT_SHAPE_REPRESENTATION(#3394,#3396);
#3394 = ( REPRESENTATION_RELATIONSHIP('','',#128,#10) 
REPRESENTATION_RELATIONSHIP_WITH_TRANSFORMATION(#3395) 
SHAPE_REPRESENTATION_RELATIONSHIP() );
#3395 = ITEM_DEFINED_TRANSFORMATION('','',#11,#83);
#3396 = PRODUCT_DEFINITION_SHAPE('Placement','Placement of an item',
  #3397);
#3397 = NEXT_ASSEMBLY_USAGE_OCCURRENCE('21','C39','',#5,#123,$);
#3398 = CONTEXT_DEPENDENT_SHAPE_REPRESENTATION(#3399,#3401);
#3399 = ( REPRESENTATION_RELATIONSHIP('','',#1034,#10) 
REPRESENTATION_RELATIONSHIP_WITH_TRANSFORMATION(#3400) 
SHAPE_REPRESENTATION_RELATIONSHIP() );
#3400 = ITEM_DEFINED_TRANSFORMATION('','',#11,#87);
#3401 = PRODUCT_DEFINITION_SHAPE('Placement','Placement of an item',
  #3402);
#3402 = NEXT_ASSEMBLY_USAGE_OCCURRENCE('22','R33','',#5,#1029,$);
#3403 = SHAPE_DEFINITION_REPRESENTATION(#3404,#3410);
#3404 = PRODUCT_DEFINITION_SHAPE('','',#3405);
#3405 = PRODUCT_DEFINITION('design','',#3406,#3409);
#3406 = PRODUCT_DEFINITION_FORMATION('','',#3407);
#3407 = PRODUCT('D_SMA','D_SMA','',(#3408));
#3408 = PRODUCT_CONTEXT('',#2,'mechanical');
#3409 = PRODUCT_DEFINITION_CONTEXT('part definition',#2,'design');
#3410 = SHAPE_REPRESENTATION('',(#11,#3411),#3415);
#3411 = AXIS2_PLACEMENT_3D('',#3412,#3413,#3414);
#3412 = CARTESIAN_POINT('',(0.,0.,0.));
#3413 = DIRECTION('',(0.,0.,1.));
#3414 = DIRECTION('',(1.,0.,-0.));
#3415 = ( GEOMETRIC_REPRESENTATION_CONTEXT(3) 
GLOBAL_UNCERTAINTY_ASSIGNED_CONTEXT((#3419)) 
GLOBAL_UNIT_ASSIGNED_CONTEXT((#3416,#3417,#3418)) REPRESENTATION_CONTEXT
('Context #1','3D Context with UNIT and UNCERTAINTY') );
#3416 = ( LENGTH_UNIT() NAMED_UNIT(*) SI_UNIT(.MILLI.,.METRE.) );
#3417 = ( NAMED_UNIT(*) PLANE_ANGLE_UNIT() SI_UNIT($,.RADIAN.) );
#3418 = ( NAMED_UNIT(*) SI_UNIT($,.STERADIAN.) SOLID_ANGLE_UNIT() );
#3419 = UNCERTAINTY_MEASURE_WITH_UNIT(LENGTH_MEASURE(1.E-07),#3416,
  'distance_accuracy_value','confusion accuracy');
#3420 = CONTEXT_DEPENDENT_SHAPE_REPRESENTATION(#3421,#3423);
#3421 = ( REPRESENTATION_RELATIONSHIP('','',#3410,#10) 
REPRESENTATION_RELATIONSHIP_WITH_TRANSFORMATION(#3422) 
SHAPE_REPRESENTATION_RELATIONSHIP() );
#3422 = ITEM_DEFINED_TRANSFORMATION('','',#11,#91);
#3423 = PRODUCT_DEFINITION_SHAPE('Placement','Placement of an item',
  #3424);
#3424 = NEXT_ASSEMBLY_USAGE_OCCURRENCE('24','D2','',#5,#3405,$);
#3425 = PRODUCT_RELATED_PRODUCT_CATEGORY('part',$,(#3407));
#3426 = SHAPE_DEFINITION_REPRESENTATION(#3427,#3433);
#3427 = PRODUCT_DEFINITION_SHAPE('','',#3428);
#3428 = PRODUCT_DEFINITION('design','',#3429,#3432);
#3429 = PRODUCT_DEFINITION_FORMATION('','',#3430);
#3430 = PRODUCT('D_SMA','D_SMA','',(#3431));
#3431 = PRODUCT_CONTEXT('',#2,'mechanical');
#3432 = PRODUCT_DEFINITION_CONTEXT('part definition',#2,'design');
#3433 = ADVANCED_BREP_SHAPE_REPRESENTATION('',(#11,#3434),#4642);
#3434 = MANIFOLD_SOLID_BREP('',#3435);
#3435 = CLOSED_SHELL('',(#3436,#3476,#3559,#3584,#3659,#3676,#3693,#3710
    ,#3727,#3744,#3760,#3807,#3842,#3881,#3910,#3949,#3978,#4032,#4075,
    #4098,#4121,#4144,#4195,#4218,#4235,#4309,#4333,#4400,#4412,#4424,
    #4441,#4470,#4493,#4516,#4533,#4555,#4567,#4584,#4601,#4618,#4630));
#3436 = ADVANCED_FACE('',(#3437),#3471,.T.);
#3437 = FACE_BOUND('',#3438,.T.);
#3438 = EDGE_LOOP('',(#3439,#3449,#3457,#3465));
#3439 = ORIENTED_EDGE('',*,*,#3440,.T.);
#3440 = EDGE_CURVE('',#3441,#3443,#3445,.T.);
#3441 = VERTEX_POINT('',#3442);
#3442 = CARTESIAN_POINT('',(1.14,0.75,0.));
#3443 = VERTEX_POINT('',#3444);
#3444 = CARTESIAN_POINT('',(2.353333333333,0.75,-2.775557561563E-17));
#3445 = LINE('',#3446,#3447);
#3446 = CARTESIAN_POINT('',(2.28,0.75,0.));
#3447 = VECTOR('',#3448,1.);
#3448 = DIRECTION('',(1.,-3.445092848398E-16,0.));
#3449 = ORIENTED_EDGE('',*,*,#3450,.T.);
#3450 = EDGE_CURVE('',#3443,#3451,#3453,.T.);
#3451 = VERTEX_POINT('',#3452);
#3452 = CARTESIAN_POINT('',(2.353333333333,-0.75,-2.775557561563E-17));
#3453 = LINE('',#3454,#3455);
#3454 = CARTESIAN_POINT('',(2.353333333333,0.75,-2.775557561563E-17));
#3455 = VECTOR('',#3456,1.);
#3456 = DIRECTION('',(-3.445092848398E-16,-1.,0.));
#3457 = ORIENTED_EDGE('',*,*,#3458,.T.);
#3458 = EDGE_CURVE('',#3451,#3459,#3461,.T.);
#3459 = VERTEX_POINT('',#3460);
#3460 = CARTESIAN_POINT('',(1.14,-0.75,0.));
#3461 = LINE('',#3462,#3463);
#3462 = CARTESIAN_POINT('',(2.28,-0.75,0.));
#3463 = VECTOR('',#3464,1.);
#3464 = DIRECTION('',(-1.,3.445092848398E-16,0.));
#3465 = ORIENTED_EDGE('',*,*,#3466,.T.);
#3466 = EDGE_CURVE('',#3459,#3441,#3467,.T.);
#3467 = LINE('',#3468,#3469);
#3468 = CARTESIAN_POINT('',(1.14,-0.75,0.));
#3469 = VECTOR('',#3470,1.);
#3470 = DIRECTION('',(3.445092848398E-16,1.,0.));
#3471 = PLANE('',#3472);
#3472 = AXIS2_PLACEMENT_3D('',#3473,#3474,#3475);
#3473 = CARTESIAN_POINT('',(1.746666666667,-5.821951347626E-16,
    -7.671995716851E-18));
#3474 = DIRECTION('',(-1.332277103521E-17,5.237186372803E-33,-1.));
#3475 = DIRECTION('',(1.,-2.22044604925E-16,-1.332277103521E-17));
#3476 = ADVANCED_FACE('',(#3477),#3554,.T.);
#3477 = FACE_BOUND('',#3478,.T.);
#3478 = EDGE_LOOP('',(#3479,#3489,#3496,#3497,#3505,#3513,#3523,#3531,
    #3539,#3547));
#3479 = ORIENTED_EDGE('',*,*,#3480,.F.);
#3480 = EDGE_CURVE('',#3481,#3483,#3485,.T.);
#3481 = VERTEX_POINT('',#3482);
#3482 = CARTESIAN_POINT('',(2.5,0.75,0.146666666667));
#3483 = VERTEX_POINT('',#3484);
#3484 = CARTESIAN_POINT('',(2.5,0.75,0.842343333333));
#3485 = LINE('',#3486,#3487);
#3486 = CARTESIAN_POINT('',(2.5,0.75,0.));
#3487 = VECTOR('',#3488,1.);
#3488 = DIRECTION('',(0.,0.,1.));
#3489 = ORIENTED_EDGE('',*,*,#3490,.T.);
#3490 = EDGE_CURVE('',#3481,#3443,#3491,.T.);
#3491 = CIRCLE('',#3492,0.146666666667);
#3492 = AXIS2_PLACEMENT_3D('',#3493,#3494,#3495);
#3493 = CARTESIAN_POINT('',(2.353333333333,0.75,0.146666666667));
#3494 = DIRECTION('',(3.445092848398E-16,1.,-0.));
#3495 = DIRECTION('',(0.,0.,1.));
#3496 = ORIENTED_EDGE('',*,*,#3440,.F.);
#3497 = ORIENTED_EDGE('',*,*,#3498,.T.);
#3498 = EDGE_CURVE('',#3441,#3499,#3501,.T.);
#3499 = VERTEX_POINT('',#3500);
#3500 = CARTESIAN_POINT('',(1.14,0.75,0.22));
#3501 = LINE('',#3502,#3503);
#3502 = CARTESIAN_POINT('',(1.14,0.75,0.));
#3503 = VECTOR('',#3504,1.);
#3504 = DIRECTION('',(0.,0.,1.));
#3505 = ORIENTED_EDGE('',*,*,#3506,.F.);
#3506 = EDGE_CURVE('',#3507,#3499,#3509,.T.);
#3507 = VERTEX_POINT('',#3508);
#3508 = CARTESIAN_POINT('',(2.225259344883,0.75,0.22));
#3509 = LINE('',#3510,#3511);
#3510 = CARTESIAN_POINT('',(2.108163247245,0.75,0.22));
#3511 = VECTOR('',#3512,1.);
#3512 = DIRECTION('',(-1.,4.514825988711E-16,0.));
#3513 = ORIENTED_EDGE('',*,*,#3514,.T.);
#3514 = EDGE_CURVE('',#3507,#3515,#3517,.T.);
#3515 = VERTEX_POINT('',#3516);
#3516 = CARTESIAN_POINT('',(2.225413939802,0.75,0.2222));
#3517 = B_SPLINE_CURVE_WITH_KNOTS('',4,(#3518,#3519,#3520,#3521,#3522),
  .UNSPECIFIED.,.F.,.F.,(5,5),(0.,1.),.PIECEWISE_BEZIER_KNOTS.);
#3518 = CARTESIAN_POINT('',(2.225259344883,0.75,0.22));
#3519 = CARTESIAN_POINT('',(2.238768685756,0.75,0.412247910026));
#3520 = CARTESIAN_POINT('',(2.25227825666,0.75,0.604499093572));
#3521 = CARTESIAN_POINT('',(2.265788033788,0.75,0.796753211837));
#3522 = CARTESIAN_POINT('',(2.279297998531,0.75,0.98901));
#3523 = ORIENTED_EDGE('',*,*,#3524,.T.);
#3524 = EDGE_CURVE('',#3515,#3525,#3527,.T.);
#3525 = VERTEX_POINT('',#3526);
#3526 = CARTESIAN_POINT('',(2.28,0.75,0.2222));
#3527 = LINE('',#3528,#3529);
#3528 = CARTESIAN_POINT('',(1.14,0.75,0.2222));
#3529 = VECTOR('',#3530,1.);
#3530 = DIRECTION('',(1.,-3.445092848398E-16,0.));
#3531 = ORIENTED_EDGE('',*,*,#3532,.T.);
#3532 = EDGE_CURVE('',#3525,#3533,#3535,.T.);
#3533 = VERTEX_POINT('',#3534);
#3534 = CARTESIAN_POINT('',(2.28,0.75,0.98901));
#3535 = LINE('',#3536,#3537);
#3536 = CARTESIAN_POINT('',(2.28,0.75,0.));
#3537 = VECTOR('',#3538,1.);
#3538 = DIRECTION('',(0.,0.,1.));
#3539 = ORIENTED_EDGE('',*,*,#3540,.T.);
#3540 = EDGE_CURVE('',#3533,#3541,#3543,.T.);
#3541 = VERTEX_POINT('',#3542);
#3542 = CARTESIAN_POINT('',(2.353333333333,0.75,0.98901));
#3543 = LINE('',#3544,#3545);
#3544 = CARTESIAN_POINT('',(2.28,0.75,0.98901));
#3545 = VECTOR('',#3546,1.);
#3546 = DIRECTION('',(1.,-3.445092848398E-16,0.));
#3547 = ORIENTED_EDGE('',*,*,#3548,.F.);
#3548 = EDGE_CURVE('',#3483,#3541,#3549,.T.);
#3549 = CIRCLE('',#3550,0.146666666667);
#3550 = AXIS2_PLACEMENT_3D('',#3551,#3552,#3553);
#3551 = CARTESIAN_POINT('',(2.353333333333,0.75,0.842343333333));
#3552 = DIRECTION('',(-3.445092848398E-16,-1.,0.));
#3553 = DIRECTION('',(0.,0.,1.));
#3554 = PLANE('',#3555);
#3555 = AXIS2_PLACEMENT_3D('',#3556,#3557,#3558);
#3556 = CARTESIAN_POINT('',(1.991067149606,0.75,0.303091083877));
#3557 = DIRECTION('',(4.514825988711E-16,1.,5.822139933717E-17));
#3558 = DIRECTION('',(-1.,4.514825988711E-16,0.));
#3559 = ADVANCED_FACE('',(#3560),#3579,.T.);
#3560 = FACE_BOUND('',#3561,.T.);
#3561 = EDGE_LOOP('',(#3562,#3570,#3577,#3578));
#3562 = ORIENTED_EDGE('',*,*,#3563,.T.);
#3563 = EDGE_CURVE('',#3481,#3564,#3566,.T.);
#3564 = VERTEX_POINT('',#3565);
#3565 = CARTESIAN_POINT('',(2.5,-0.75,0.146666666667));
#3566 = LINE('',#3567,#3568);
#3567 = CARTESIAN_POINT('',(2.5,0.75,0.146666666667));
#3568 = VECTOR('',#3569,1.);
#3569 = DIRECTION('',(-3.445092848398E-16,-1.,0.));
#3570 = ORIENTED_EDGE('',*,*,#3571,.T.);
#3571 = EDGE_CURVE('',#3564,#3451,#3572,.T.);
#3572 = CIRCLE('',#3573,0.146666666667);
#3573 = AXIS2_PLACEMENT_3D('',#3574,#3575,#3576);
#3574 = CARTESIAN_POINT('',(2.353333333333,-0.75,0.146666666667));
#3575 = DIRECTION('',(3.445092848398E-16,1.,-0.));
#3576 = DIRECTION('',(0.,0.,1.));
#3577 = ORIENTED_EDGE('',*,*,#3450,.F.);
#3578 = ORIENTED_EDGE('',*,*,#3490,.F.);
#3579 = CYLINDRICAL_SURFACE('',#3580,0.146666666667);
#3580 = AXIS2_PLACEMENT_3D('',#3581,#3582,#3583);
#3581 = CARTESIAN_POINT('',(2.353333333333,0.75,0.146666666667));
#3582 = DIRECTION('',(-3.445092848398E-16,-1.,0.));
#3583 = DIRECTION('',(1.,-3.445092848398E-16,0.));
#3584 = ADVANCED_FACE('',(#3585),#3654,.T.);
#3585 = FACE_BOUND('',#3586,.T.);
#3586 = EDGE_LOOP('',(#3587,#3588,#3596,#3605,#3613,#3621,#3629,#3639,
    #3647,#3653));
#3587 = ORIENTED_EDGE('',*,*,#3571,.F.);
#3588 = ORIENTED_EDGE('',*,*,#3589,.T.);
#3589 = EDGE_CURVE('',#3564,#3590,#3592,.T.);
#3590 = VERTEX_POINT('',#3591);
#3591 = CARTESIAN_POINT('',(2.5,-0.75,0.842343333333));
#3592 = LINE('',#3593,#3594);
#3593 = CARTESIAN_POINT('',(2.5,-0.75,0.));
#3594 = VECTOR('',#3595,1.);
#3595 = DIRECTION('',(0.,0.,1.));
#3596 = ORIENTED_EDGE('',*,*,#3597,.T.);
#3597 = EDGE_CURVE('',#3590,#3598,#3600,.T.);
#3598 = VERTEX_POINT('',#3599);
#3599 = CARTESIAN_POINT('',(2.353333333333,-0.75,0.98901));
#3600 = CIRCLE('',#3601,0.146666666667);
#3601 = AXIS2_PLACEMENT_3D('',#3602,#3603,#3604);
#3602 = CARTESIAN_POINT('',(2.353333333333,-0.75,0.842343333333));
#3603 = DIRECTION('',(-3.445092848398E-16,-1.,0.));
#3604 = DIRECTION('',(0.,0.,1.));
#3605 = ORIENTED_EDGE('',*,*,#3606,.T.);
#3606 = EDGE_CURVE('',#3598,#3607,#3609,.T.);
#3607 = VERTEX_POINT('',#3608);
#3608 = CARTESIAN_POINT('',(2.28,-0.75,0.98901));
#3609 = LINE('',#3610,#3611);
#3610 = CARTESIAN_POINT('',(2.5,-0.75,0.98901));
#3611 = VECTOR('',#3612,1.);
#3612 = DIRECTION('',(-1.,3.445092848398E-16,0.));
#3613 = ORIENTED_EDGE('',*,*,#3614,.F.);
#3614 = EDGE_CURVE('',#3615,#3607,#3617,.T.);
#3615 = VERTEX_POINT('',#3616);
#3616 = CARTESIAN_POINT('',(2.28,-0.75,0.2222));
#3617 = LINE('',#3618,#3619);
#3618 = CARTESIAN_POINT('',(2.28,-0.75,0.));
#3619 = VECTOR('',#3620,1.);
#3620 = DIRECTION('',(0.,0.,1.));
#3621 = ORIENTED_EDGE('',*,*,#3622,.T.);
#3622 = EDGE_CURVE('',#3615,#3623,#3625,.T.);
#3623 = VERTEX_POINT('',#3624);
#3624 = CARTESIAN_POINT('',(2.225413939802,-0.75,0.2222));
#3625 = LINE('',#3626,#3627);
#3626 = CARTESIAN_POINT('',(2.28,-0.75,0.2222));
#3627 = VECTOR('',#3628,1.);
#3628 = DIRECTION('',(-1.,3.445092848398E-16,0.));
#3629 = ORIENTED_EDGE('',*,*,#3630,.F.);
#3630 = EDGE_CURVE('',#3631,#3623,#3633,.T.);
#3631 = VERTEX_POINT('',#3632);
#3632 = CARTESIAN_POINT('',(2.225259344883,-0.75,0.22));
#3633 = B_SPLINE_CURVE_WITH_KNOTS('',4,(#3634,#3635,#3636,#3637,#3638),
  .UNSPECIFIED.,.F.,.F.,(5,5),(0.,1.),.PIECEWISE_BEZIER_KNOTS.);
#3634 = CARTESIAN_POINT('',(2.225259344883,-0.75,0.22));
#3635 = CARTESIAN_POINT('',(2.238768685756,-0.75,0.412247910026));
#3636 = CARTESIAN_POINT('',(2.25227825666,-0.75,0.604499093572));
#3637 = CARTESIAN_POINT('',(2.265788033788,-0.75,0.796753211837));
#3638 = CARTESIAN_POINT('',(2.279297998531,-0.75,0.98901));
#3639 = ORIENTED_EDGE('',*,*,#3640,.F.);
#3640 = EDGE_CURVE('',#3641,#3631,#3643,.T.);
#3641 = VERTEX_POINT('',#3642);
#3642 = CARTESIAN_POINT('',(1.14,-0.75,0.22));
#3643 = LINE('',#3644,#3645);
#3644 = CARTESIAN_POINT('',(2.108163247245,-0.75,0.22));
#3645 = VECTOR('',#3646,1.);
#3646 = DIRECTION('',(1.,-2.844998265321E-16,-0.));
#3647 = ORIENTED_EDGE('',*,*,#3648,.F.);
#3648 = EDGE_CURVE('',#3459,#3641,#3649,.T.);
#3649 = LINE('',#3650,#3651);
#3650 = CARTESIAN_POINT('',(1.14,-0.75,0.));
#3651 = VECTOR('',#3652,1.);
#3652 = DIRECTION('',(0.,0.,1.));
#3653 = ORIENTED_EDGE('',*,*,#3458,.F.);
#3654 = PLANE('',#3655);
#3655 = AXIS2_PLACEMENT_3D('',#3656,#3657,#3658);
#3656 = CARTESIAN_POINT('',(1.991067149606,-0.75,0.303091083877));
#3657 = DIRECTION('',(-2.844998265321E-16,-1.,-7.396066644327E-17));
#3658 = DIRECTION('',(1.642256696039E-32,7.396066644327E-17,-1.));
#3659 = ADVANCED_FACE('',(#3660),#3671,.T.);
#3660 = FACE_BOUND('',#3661,.T.);
#3661 = EDGE_LOOP('',(#3662,#3663,#3664,#3670));
#3662 = ORIENTED_EDGE('',*,*,#3466,.F.);
#3663 = ORIENTED_EDGE('',*,*,#3648,.T.);
#3664 = ORIENTED_EDGE('',*,*,#3665,.F.);
#3665 = EDGE_CURVE('',#3499,#3641,#3666,.T.);
#3666 = LINE('',#3667,#3668);
#3667 = CARTESIAN_POINT('',(1.14,-1.022629672442,0.22));
#3668 = VECTOR('',#3669,1.);
#3669 = DIRECTION('',(-3.445092848398E-16,-1.,0.));
#3670 = ORIENTED_EDGE('',*,*,#3498,.F.);
#3671 = PLANE('',#3672);
#3672 = AXIS2_PLACEMENT_3D('',#3673,#3674,#3675);
#3673 = CARTESIAN_POINT('',(1.14,-0.75,0.));
#3674 = DIRECTION('',(-1.,3.445092848398E-16,0.));
#3675 = DIRECTION('',(3.445092848398E-16,1.,0.));
#3676 = ADVANCED_FACE('',(#3677),#3688,.T.);
#3677 = FACE_BOUND('',#3678,.T.);
#3678 = EDGE_LOOP('',(#3679,#3680,#3686,#3687));
#3679 = ORIENTED_EDGE('',*,*,#3480,.T.);
#3680 = ORIENTED_EDGE('',*,*,#3681,.T.);
#3681 = EDGE_CURVE('',#3483,#3590,#3682,.T.);
#3682 = LINE('',#3683,#3684);
#3683 = CARTESIAN_POINT('',(2.5,0.75,0.842343333333));
#3684 = VECTOR('',#3685,1.);
#3685 = DIRECTION('',(-3.445092848398E-16,-1.,0.));
#3686 = ORIENTED_EDGE('',*,*,#3589,.F.);
#3687 = ORIENTED_EDGE('',*,*,#3563,.F.);
#3688 = PLANE('',#3689);
#3689 = AXIS2_PLACEMENT_3D('',#3690,#3691,#3692);
#3690 = CARTESIAN_POINT('',(2.5,0.75,0.));
#3691 = DIRECTION('',(1.,-3.445092848398E-16,0.));
#3692 = DIRECTION('',(-3.445092848398E-16,-1.,0.));
#3693 = ADVANCED_FACE('',(#3694),#3705,.T.);
#3694 = FACE_BOUND('',#3695,.T.);
#3695 = EDGE_LOOP('',(#3696,#3697,#3703,#3704));
#3696 = ORIENTED_EDGE('',*,*,#3548,.T.);
#3697 = ORIENTED_EDGE('',*,*,#3698,.T.);
#3698 = EDGE_CURVE('',#3541,#3598,#3699,.T.);
#3699 = LINE('',#3700,#3701);
#3700 = CARTESIAN_POINT('',(2.353333333333,0.75,0.98901));
#3701 = VECTOR('',#3702,1.);
#3702 = DIRECTION('',(-3.445092848398E-16,-1.,0.));
#3703 = ORIENTED_EDGE('',*,*,#3597,.F.);
#3704 = ORIENTED_EDGE('',*,*,#3681,.F.);
#3705 = CYLINDRICAL_SURFACE('',#3706,0.146666666667);
#3706 = AXIS2_PLACEMENT_3D('',#3707,#3708,#3709);
#3707 = CARTESIAN_POINT('',(2.353333333333,0.75,0.842343333333));
#3708 = DIRECTION('',(-3.445092848398E-16,-1.,0.));
#3709 = DIRECTION('',(1.,-3.445092848398E-16,0.));
#3710 = ADVANCED_FACE('',(#3711),#3722,.F.);
#3711 = FACE_BOUND('',#3712,.F.);
#3712 = EDGE_LOOP('',(#3713,#3714,#3715,#3716));
#3713 = ORIENTED_EDGE('',*,*,#3540,.T.);
#3714 = ORIENTED_EDGE('',*,*,#3698,.T.);
#3715 = ORIENTED_EDGE('',*,*,#3606,.T.);
#3716 = ORIENTED_EDGE('',*,*,#3717,.T.);
#3717 = EDGE_CURVE('',#3607,#3533,#3718,.T.);
#3718 = LINE('',#3719,#3720);
#3719 = CARTESIAN_POINT('',(2.28,-0.75,0.98901));
#3720 = VECTOR('',#3721,1.);
#3721 = DIRECTION('',(3.445092848398E-16,1.,0.));
#3722 = PLANE('',#3723);
#3723 = AXIS2_PLACEMENT_3D('',#3724,#3725,#3726);
#3724 = CARTESIAN_POINT('',(2.39,-6.661338147751E-16,0.98901));
#3725 = DIRECTION('',(0.,0.,-1.));
#3726 = DIRECTION('',(3.445092848398E-16,1.,0.));
#3727 = ADVANCED_FACE('',(#3728),#3739,.T.);
#3728 = FACE_BOUND('',#3729,.T.);
#3729 = EDGE_LOOP('',(#3730,#3736,#3737,#3738));
#3730 = ORIENTED_EDGE('',*,*,#3731,.T.);
#3731 = EDGE_CURVE('',#3525,#3615,#3732,.T.);
#3732 = LINE('',#3733,#3734);
#3733 = CARTESIAN_POINT('',(2.28,0.75,0.2222));
#3734 = VECTOR('',#3735,1.);
#3735 = DIRECTION('',(-3.445092848398E-16,-1.,0.));
#3736 = ORIENTED_EDGE('',*,*,#3614,.T.);
#3737 = ORIENTED_EDGE('',*,*,#3717,.T.);
#3738 = ORIENTED_EDGE('',*,*,#3532,.F.);
#3739 = PLANE('',#3740);
#3740 = AXIS2_PLACEMENT_3D('',#3741,#3742,#3743);
#3741 = CARTESIAN_POINT('',(2.28,-0.75,0.));
#3742 = DIRECTION('',(-1.,3.445092848398E-16,0.));
#3743 = DIRECTION('',(3.445092848398E-16,1.,0.));
#3744 = ADVANCED_FACE('',(#3745),#3755,.F.);
#3745 = FACE_BOUND('',#3746,.F.);
#3746 = EDGE_LOOP('',(#3747,#3752,#3753,#3754));
#3747 = ORIENTED_EDGE('',*,*,#3748,.F.);
#3748 = EDGE_CURVE('',#3515,#3623,#3749,.T.);
#3749 = B_SPLINE_CURVE_WITH_KNOTS('',1,(#3750,#3751),.UNSPECIFIED.,.F.,
  .F.,(2,2),(0.,1.),.PIECEWISE_BEZIER_KNOTS.);
#3750 = CARTESIAN_POINT('',(2.225413939802,0.75,0.2222));
#3751 = CARTESIAN_POINT('',(2.225413939802,-0.75,0.2222));
#3752 = ORIENTED_EDGE('',*,*,#3524,.T.);
#3753 = ORIENTED_EDGE('',*,*,#3731,.T.);
#3754 = ORIENTED_EDGE('',*,*,#3622,.T.);
#3755 = PLANE('',#3756);
#3756 = AXIS2_PLACEMENT_3D('',#3757,#3758,#3759);
#3757 = CARTESIAN_POINT('',(1.71,-5.551115123126E-16,0.2222));
#3758 = DIRECTION('',(0.,0.,-1.));
#3759 = DIRECTION('',(3.445092848398E-16,1.,0.));
#3760 = ADVANCED_FACE('',(#3761),#3802,.T.);
#3761 = FACE_BOUND('',#3762,.T.);
#3762 = EDGE_LOOP('',(#3763,#3772,#3778,#3779,#3780,#3781,#3789,#3796));
#3763 = ORIENTED_EDGE('',*,*,#3764,.F.);
#3764 = EDGE_CURVE('',#3765,#3767,#3769,.T.);
#3765 = VERTEX_POINT('',#3766);
#3766 = CARTESIAN_POINT('',(2.225259344883,-1.295259344883,0.22));
#3767 = VERTEX_POINT('',#3768);
#3768 = CARTESIAN_POINT('',(2.28,-1.35,0.999));
#3769 = B_SPLINE_CURVE_WITH_KNOTS('',1,(#3770,#3771),.UNSPECIFIED.,.F.,
  .F.,(2,2),(0.,1.),.PIECEWISE_BEZIER_KNOTS.);
#3770 = CARTESIAN_POINT('',(2.225259344883,-1.295259344883,0.22));
#3771 = CARTESIAN_POINT('',(2.28,-1.35,0.999));
#3772 = ORIENTED_EDGE('',*,*,#3773,.T.);
#3773 = EDGE_CURVE('',#3765,#3631,#3774,.T.);
#3774 = LINE('',#3775,#3776);
#3775 = CARTESIAN_POINT('',(2.225259344883,-1.295259344883,0.22));
#3776 = VECTOR('',#3777,1.);
#3777 = DIRECTION('',(2.22044604925E-16,1.,0.));
#3778 = ORIENTED_EDGE('',*,*,#3630,.T.);
#3779 = ORIENTED_EDGE('',*,*,#3748,.F.);
#3780 = ORIENTED_EDGE('',*,*,#3514,.F.);
#3781 = ORIENTED_EDGE('',*,*,#3782,.T.);
#3782 = EDGE_CURVE('',#3507,#3783,#3785,.T.);
#3783 = VERTEX_POINT('',#3784);
#3784 = CARTESIAN_POINT('',(2.225259344883,1.295259344883,0.22));
#3785 = LINE('',#3786,#3787);
#3786 = CARTESIAN_POINT('',(2.225259344883,-1.295259344883,0.22));
#3787 = VECTOR('',#3788,1.);
#3788 = DIRECTION('',(2.22044604925E-16,1.,0.));
#3789 = ORIENTED_EDGE('',*,*,#3790,.T.);
#3790 = EDGE_CURVE('',#3783,#3791,#3793,.T.);
#3791 = VERTEX_POINT('',#3792);
#3792 = CARTESIAN_POINT('',(2.28,1.35,0.999));
#3793 = B_SPLINE_CURVE_WITH_KNOTS('',1,(#3794,#3795),.UNSPECIFIED.,.F.,
  .F.,(2,2),(0.,1.),.PIECEWISE_BEZIER_KNOTS.);
#3794 = CARTESIAN_POINT('',(2.225259344883,1.295259344883,0.22));
#3795 = CARTESIAN_POINT('',(2.28,1.35,0.999));
#3796 = ORIENTED_EDGE('',*,*,#3797,.F.);
#3797 = EDGE_CURVE('',#3767,#3791,#3798,.T.);
#3798 = LINE('',#3799,#3800);
#3799 = CARTESIAN_POINT('',(2.28,-1.35,0.999));
#3800 = VECTOR('',#3801,1.);
#3801 = DIRECTION('',(2.22044604925E-16,1.,0.));
#3802 = B_SPLINE_SURFACE_WITH_KNOTS('',1,1,(
    (#3803,#3804)
    ,(#3805,#3806
    )),.UNSPECIFIED.,.F.,.F.,.F.,(2,2),(2,2),(0.,2.7),(0.,1.),
  .PIECEWISE_BEZIER_KNOTS.);
#3803 = CARTESIAN_POINT('',(2.225259344883,-1.295259344883,0.22));
#3804 = CARTESIAN_POINT('',(2.28,-1.35,0.999));
#3805 = CARTESIAN_POINT('',(2.225259344883,1.295259344883,0.22));
#3806 = CARTESIAN_POINT('',(2.28,1.35,0.999));
#3807 = ADVANCED_FACE('',(#3808),#3837,.T.);
#3808 = FACE_BOUND('',#3809,.T.);
#3809 = EDGE_LOOP('',(#3810,#3811,#3819,#3827,#3833,#3834,#3835,#3836));
#3810 = ORIENTED_EDGE('',*,*,#3773,.F.);
#3811 = ORIENTED_EDGE('',*,*,#3812,.F.);
#3812 = EDGE_CURVE('',#3813,#3765,#3815,.T.);
#3813 = VERTEX_POINT('',#3814);
#3814 = CARTESIAN_POINT('',(1.1,-1.295259344883,0.22));
#3815 = LINE('',#3816,#3817);
#3816 = CARTESIAN_POINT('',(-2.225259344883,-1.295259344883,0.22));
#3817 = VECTOR('',#3818,1.);
#3818 = DIRECTION('',(1.,-2.22044604925E-16,0.));
#3819 = ORIENTED_EDGE('',*,*,#3820,.T.);
#3820 = EDGE_CURVE('',#3813,#3821,#3823,.T.);
#3821 = VERTEX_POINT('',#3822);
#3822 = CARTESIAN_POINT('',(1.1,1.295259344883,0.22));
#3823 = LINE('',#3824,#3825);
#3824 = CARTESIAN_POINT('',(1.1,-1.295259344883,0.22));
#3825 = VECTOR('',#3826,1.);
#3826 = DIRECTION('',(2.22044604925E-16,1.,0.));
#3827 = ORIENTED_EDGE('',*,*,#3828,.F.);
#3828 = EDGE_CURVE('',#3783,#3821,#3829,.T.);
#3829 = LINE('',#3830,#3831);
#3830 = CARTESIAN_POINT('',(2.225259344883,1.295259344883,0.22));
#3831 = VECTOR('',#3832,1.);
#3832 = DIRECTION('',(-1.,2.22044604925E-16,0.));
#3833 = ORIENTED_EDGE('',*,*,#3782,.F.);
#3834 = ORIENTED_EDGE('',*,*,#3506,.T.);
#3835 = ORIENTED_EDGE('',*,*,#3665,.T.);
#3836 = ORIENTED_EDGE('',*,*,#3640,.T.);
#3837 = PLANE('',#3838);
#3838 = AXIS2_PLACEMENT_3D('',#3839,#3840,#3841);
#3839 = CARTESIAN_POINT('',(2.225259344883,-1.295259344883,0.22));
#3840 = DIRECTION('',(0.,0.,-1.));
#3841 = DIRECTION('',(-0.864253276514,0.503056929218,0.));
#3842 = ADVANCED_FACE('',(#3843),#3876,.T.);
#3843 = FACE_BOUND('',#3844,.T.);
#3844 = EDGE_LOOP('',(#3845,#3855,#3861,#3862,#3863,#3871));
#3845 = ORIENTED_EDGE('',*,*,#3846,.T.);
#3846 = EDGE_CURVE('',#3847,#3849,#3851,.T.);
#3847 = VERTEX_POINT('',#3848);
#3848 = CARTESIAN_POINT('',(-2.225259344883,-1.295259344883,0.22));
#3849 = VERTEX_POINT('',#3850);
#3850 = CARTESIAN_POINT('',(-1.1,-1.295259344883,0.22));
#3851 = LINE('',#3852,#3853);
#3852 = CARTESIAN_POINT('',(-2.225259344883,-1.295259344883,0.22));
#3853 = VECTOR('',#3854,1.);
#3854 = DIRECTION('',(1.,-2.22044604925E-16,0.));
#3855 = ORIENTED_EDGE('',*,*,#3856,.T.);
#3856 = EDGE_CURVE('',#3849,#3813,#3857,.T.);
#3857 = LINE('',#3858,#3859);
#3858 = CARTESIAN_POINT('',(-1.1,-1.295259344883,0.22));
#3859 = VECTOR('',#3860,1.);
#3860 = DIRECTION('',(1.,-2.22044604925E-16,0.));
#3861 = ORIENTED_EDGE('',*,*,#3812,.T.);
#3862 = ORIENTED_EDGE('',*,*,#3764,.T.);
#3863 = ORIENTED_EDGE('',*,*,#3864,.F.);
#3864 = EDGE_CURVE('',#3865,#3767,#3867,.T.);
#3865 = VERTEX_POINT('',#3866);
#3866 = CARTESIAN_POINT('',(-2.28,-1.35,0.999));
#3867 = LINE('',#3868,#3869);
#3868 = CARTESIAN_POINT('',(-2.28,-1.35,0.999));
#3869 = VECTOR('',#3870,1.);
#3870 = DIRECTION('',(1.,-2.22044604925E-16,0.));
#3871 = ORIENTED_EDGE('',*,*,#3872,.F.);
#3872 = EDGE_CURVE('',#3847,#3865,#3873,.T.);
#3873 = B_SPLINE_CURVE_WITH_KNOTS('',1,(#3874,#3875),.UNSPECIFIED.,.F.,
  .F.,(2,2),(0.,1.),.PIECEWISE_BEZIER_KNOTS.);
#3874 = CARTESIAN_POINT('',(-2.225259344883,-1.295259344883,0.22));
#3875 = CARTESIAN_POINT('',(-2.28,-1.35,0.999));
#3876 = B_SPLINE_SURFACE_WITH_KNOTS('',1,1,(
    (#3877,#3878)
    ,(#3879,#3880
    )),.UNSPECIFIED.,.F.,.F.,.F.,(2,2),(2,2),(0.,4.56),(0.,1.),
  .PIECEWISE_BEZIER_KNOTS.);
#3877 = CARTESIAN_POINT('',(-2.225259344883,-1.295259344883,0.22));
#3878 = CARTESIAN_POINT('',(-2.28,-1.35,0.999));
#3879 = CARTESIAN_POINT('',(2.225259344883,-1.295259344883,0.22));
#3880 = CARTESIAN_POINT('',(2.28,-1.35,0.999));
#3881 = ADVANCED_FACE('',(#3882),#3905,.T.);
#3882 = FACE_BOUND('',#3883,.T.);
#3883 = EDGE_LOOP('',(#3884,#3885,#3892,#3900));
#3884 = ORIENTED_EDGE('',*,*,#3797,.T.);
#3885 = ORIENTED_EDGE('',*,*,#3886,.T.);
#3886 = EDGE_CURVE('',#3791,#3887,#3889,.T.);
#3887 = VERTEX_POINT('',#3888);
#3888 = CARTESIAN_POINT('',(2.194199820414,1.264199820414,2.22));
#3889 = B_SPLINE_CURVE_WITH_KNOTS('',1,(#3890,#3891),.UNSPECIFIED.,.F.,
  .F.,(2,2),(0.,1.),.PIECEWISE_BEZIER_KNOTS.);
#3890 = CARTESIAN_POINT('',(2.28,1.35,0.999));
#3891 = CARTESIAN_POINT('',(2.194199820414,1.264199820414,2.22));
#3892 = ORIENTED_EDGE('',*,*,#3893,.F.);
#3893 = EDGE_CURVE('',#3894,#3887,#3896,.T.);
#3894 = VERTEX_POINT('',#3895);
#3895 = CARTESIAN_POINT('',(2.194199820414,-1.264199820414,2.22));
#3896 = LINE('',#3897,#3898);
#3897 = CARTESIAN_POINT('',(2.194199820414,-1.264199820414,2.22));
#3898 = VECTOR('',#3899,1.);
#3899 = DIRECTION('',(2.22044604925E-16,1.,0.));
#3900 = ORIENTED_EDGE('',*,*,#3901,.F.);
#3901 = EDGE_CURVE('',#3767,#3894,#3902,.T.);
#3902 = B_SPLINE_CURVE_WITH_KNOTS('',1,(#3903,#3904),.UNSPECIFIED.,.F.,
  .F.,(2,2),(0.,1.),.PIECEWISE_BEZIER_KNOTS.);
#3903 = CARTESIAN_POINT('',(2.28,-1.35,0.999));
#3904 = CARTESIAN_POINT('',(2.194199820414,-1.264199820414,2.22));
#3905 = B_SPLINE_SURFACE_WITH_KNOTS('',1,1,(
    (#3906,#3907)
    ,(#3908,#3909
    )),.UNSPECIFIED.,.F.,.F.,.F.,(2,2),(2,2),(0.,2.7),(0.,1.),
  .PIECEWISE_BEZIER_KNOTS.);
#3906 = CARTESIAN_POINT('',(2.28,-1.35,0.999));
#3907 = CARTESIAN_POINT('',(2.194199820414,-1.264199820414,2.22));
#3908 = CARTESIAN_POINT('',(2.28,1.35,0.999));
#3909 = CARTESIAN_POINT('',(2.194199820414,1.264199820414,2.22));
#3910 = ADVANCED_FACE('',(#3911),#3944,.T.);
#3911 = FACE_BOUND('',#3912,.T.);
#3912 = EDGE_LOOP('',(#3913,#3914,#3922,#3930,#3937,#3943));
#3913 = ORIENTED_EDGE('',*,*,#3828,.T.);
#3914 = ORIENTED_EDGE('',*,*,#3915,.T.);
#3915 = EDGE_CURVE('',#3821,#3916,#3918,.T.);
#3916 = VERTEX_POINT('',#3917);
#3917 = CARTESIAN_POINT('',(-1.1,1.295259344883,0.22));
#3918 = LINE('',#3919,#3920);
#3919 = CARTESIAN_POINT('',(1.1,1.295259344883,0.22));
#3920 = VECTOR('',#3921,1.);
#3921 = DIRECTION('',(-1.,2.22044604925E-16,0.));
#3922 = ORIENTED_EDGE('',*,*,#3923,.T.);
#3923 = EDGE_CURVE('',#3916,#3924,#3926,.T.);
#3924 = VERTEX_POINT('',#3925);
#3925 = CARTESIAN_POINT('',(-2.225259344883,1.295259344883,0.22));
#3926 = LINE('',#3927,#3928);
#3927 = CARTESIAN_POINT('',(2.225259344883,1.295259344883,0.22));
#3928 = VECTOR('',#3929,1.);
#3929 = DIRECTION('',(-1.,2.22044604925E-16,0.));
#3930 = ORIENTED_EDGE('',*,*,#3931,.T.);
#3931 = EDGE_CURVE('',#3924,#3932,#3934,.T.);
#3932 = VERTEX_POINT('',#3933);
#3933 = CARTESIAN_POINT('',(-2.28,1.35,0.999));
#3934 = B_SPLINE_CURVE_WITH_KNOTS('',1,(#3935,#3936),.UNSPECIFIED.,.F.,
  .F.,(2,2),(0.,1.),.PIECEWISE_BEZIER_KNOTS.);
#3935 = CARTESIAN_POINT('',(-2.225259344883,1.295259344883,0.22));
#3936 = CARTESIAN_POINT('',(-2.28,1.35,0.999));
#3937 = ORIENTED_EDGE('',*,*,#3938,.F.);
#3938 = EDGE_CURVE('',#3791,#3932,#3939,.T.);
#3939 = LINE('',#3940,#3941);
#3940 = CARTESIAN_POINT('',(2.28,1.35,0.999));
#3941 = VECTOR('',#3942,1.);
#3942 = DIRECTION('',(-1.,2.22044604925E-16,0.));
#3943 = ORIENTED_EDGE('',*,*,#3790,.F.);
#3944 = B_SPLINE_SURFACE_WITH_KNOTS('',1,1,(
    (#3945,#3946)
    ,(#3947,#3948
    )),.UNSPECIFIED.,.F.,.F.,.F.,(2,2),(2,2),(0.,4.56),(0.,1.),
  .PIECEWISE_BEZIER_KNOTS.);
#3945 = CARTESIAN_POINT('',(2.225259344883,1.295259344883,0.22));
#3946 = CARTESIAN_POINT('',(2.28,1.35,0.999));
#3947 = CARTESIAN_POINT('',(-2.225259344883,1.295259344883,0.22));
#3948 = CARTESIAN_POINT('',(-2.28,1.35,0.999));
#3949 = ADVANCED_FACE('',(#3950),#3973,.T.);
#3950 = FACE_BOUND('',#3951,.T.);
#3951 = EDGE_LOOP('',(#3952,#3962,#3967,#3968));
#3952 = ORIENTED_EDGE('',*,*,#3953,.T.);
#3953 = EDGE_CURVE('',#3954,#3956,#3958,.T.);
#3954 = VERTEX_POINT('',#3955);
#3955 = CARTESIAN_POINT('',(1.1,-1.279799853066,0.));
#3956 = VERTEX_POINT('',#3957);
#3957 = CARTESIAN_POINT('',(1.1,1.279799853066,0.));
#3958 = LINE('',#3959,#3960);
#3959 = CARTESIAN_POINT('',(1.1,-1.279799853066,0.));
#3960 = VECTOR('',#3961,1.);
#3961 = DIRECTION('',(2.22044604925E-16,1.,0.));
#3962 = ORIENTED_EDGE('',*,*,#3963,.T.);
#3963 = EDGE_CURVE('',#3956,#3821,#3964,.T.);
#3964 = B_SPLINE_CURVE_WITH_KNOTS('',1,(#3965,#3966),.UNSPECIFIED.,.F.,
  .F.,(2,2),(0.,1.),.PIECEWISE_BEZIER_KNOTS.);
#3965 = CARTESIAN_POINT('',(1.1,1.279799853066,0.));
#3966 = CARTESIAN_POINT('',(1.1,1.295259344883,0.22));
#3967 = ORIENTED_EDGE('',*,*,#3820,.F.);
#3968 = ORIENTED_EDGE('',*,*,#3969,.F.);
#3969 = EDGE_CURVE('',#3954,#3813,#3970,.T.);
#3970 = B_SPLINE_CURVE_WITH_KNOTS('',1,(#3971,#3972),.UNSPECIFIED.,.F.,
  .F.,(2,2),(0.,1.),.PIECEWISE_BEZIER_KNOTS.);
#3971 = CARTESIAN_POINT('',(1.1,-1.279799853066,0.));
#3972 = CARTESIAN_POINT('',(1.1,-1.295259344883,0.22));
#3973 = B_SPLINE_SURFACE_WITH_KNOTS('',1,1,(
    (#3974,#3975)
    ,(#3976,#3977
    )),.UNSPECIFIED.,.F.,.F.,.F.,(2,2),(2,2),(0.,2.590518689767),(0.,1.)
  ,.PIECEWISE_BEZIER_KNOTS.);
#3974 = CARTESIAN_POINT('',(1.1,-1.279799853066,0.));
#3975 = CARTESIAN_POINT('',(1.1,-1.295259344883,0.22));
#3976 = CARTESIAN_POINT('',(1.1,1.279799853066,0.));
#3977 = CARTESIAN_POINT('',(1.1,1.295259344883,0.22));
#3978 = ADVANCED_FACE('',(#3979),#4027,.T.);
#3979 = FACE_BOUND('',#3980,.T.);
#3980 = EDGE_LOOP('',(#3981,#3982,#3988,#3989,#3997,#4005,#4013,#4021));
#3981 = ORIENTED_EDGE('',*,*,#3923,.F.);
#3982 = ORIENTED_EDGE('',*,*,#3983,.T.);
#3983 = EDGE_CURVE('',#3916,#3849,#3984,.T.);
#3984 = LINE('',#3985,#3986);
#3985 = CARTESIAN_POINT('',(-1.1,1.295259344883,0.22));
#3986 = VECTOR('',#3987,1.);
#3987 = DIRECTION('',(-2.22044604925E-16,-1.,0.));
#3988 = ORIENTED_EDGE('',*,*,#3846,.F.);
#3989 = ORIENTED_EDGE('',*,*,#3990,.F.);
#3990 = EDGE_CURVE('',#3991,#3847,#3993,.T.);
#3991 = VERTEX_POINT('',#3992);
#3992 = CARTESIAN_POINT('',(-2.225259344883,-0.75,0.22));
#3993 = LINE('',#3994,#3995);
#3994 = CARTESIAN_POINT('',(-2.225259344883,1.295259344883,0.22));
#3995 = VECTOR('',#3996,1.);
#3996 = DIRECTION('',(-2.22044604925E-16,-1.,0.));
#3997 = ORIENTED_EDGE('',*,*,#3998,.T.);
#3998 = EDGE_CURVE('',#3991,#3999,#4001,.T.);
#3999 = VERTEX_POINT('',#4000);
#4000 = CARTESIAN_POINT('',(-1.14,-0.75,0.22));
#4001 = LINE('',#4002,#4003);
#4002 = CARTESIAN_POINT('',(0.117096097639,-0.75,0.22));
#4003 = VECTOR('',#4004,1.);
#4004 = DIRECTION('',(1.,-2.22044604925E-16,0.));
#4005 = ORIENTED_EDGE('',*,*,#4006,.T.);
#4006 = EDGE_CURVE('',#3999,#4007,#4009,.T.);
#4007 = VERTEX_POINT('',#4008);
#4008 = CARTESIAN_POINT('',(-1.14,0.75,0.22));
#4009 = LINE('',#4010,#4011);
#4010 = CARTESIAN_POINT('',(-1.14,-0.272629672442,0.22));
#4011 = VECTOR('',#4012,1.);
#4012 = DIRECTION('',(2.22044604925E-16,1.,0.));
#4013 = ORIENTED_EDGE('',*,*,#4014,.T.);
#4014 = EDGE_CURVE('',#4007,#4015,#4017,.T.);
#4015 = VERTEX_POINT('',#4016);
#4016 = CARTESIAN_POINT('',(-2.225259344883,0.75,0.22));
#4017 = LINE('',#4018,#4019);
#4018 = CARTESIAN_POINT('',(0.117096097639,0.75,0.22));
#4019 = VECTOR('',#4020,1.);
#4020 = DIRECTION('',(-1.,2.22044604925E-16,0.));
#4021 = ORIENTED_EDGE('',*,*,#4022,.F.);
#4022 = EDGE_CURVE('',#3924,#4015,#4023,.T.);
#4023 = LINE('',#4024,#4025);
#4024 = CARTESIAN_POINT('',(-2.225259344883,1.295259344883,0.22));
#4025 = VECTOR('',#4026,1.);
#4026 = DIRECTION('',(-2.22044604925E-16,-1.,0.));
#4027 = PLANE('',#4028);
#4028 = AXIS2_PLACEMENT_3D('',#4029,#4030,#4031);
#4029 = CARTESIAN_POINT('',(2.225259344883,-1.295259344883,0.22));
#4030 = DIRECTION('',(0.,0.,-1.));
#4031 = DIRECTION('',(-0.864253276514,0.503056929218,0.));
#4032 = ADVANCED_FACE('',(#4033),#4070,.T.);
#4033 = FACE_BOUND('',#4034,.T.);
#4034 = EDGE_LOOP('',(#4035,#4036,#4037,#4047,#4054,#4062,#4063,#4064));
#4035 = ORIENTED_EDGE('',*,*,#3931,.F.);
#4036 = ORIENTED_EDGE('',*,*,#4022,.T.);
#4037 = ORIENTED_EDGE('',*,*,#4038,.T.);
#4038 = EDGE_CURVE('',#4015,#4039,#4041,.T.);
#4039 = VERTEX_POINT('',#4040);
#4040 = CARTESIAN_POINT('',(-2.225413939802,0.75,0.2222));
#4041 = B_SPLINE_CURVE_WITH_KNOTS('',4,(#4042,#4043,#4044,#4045,#4046),
  .UNSPECIFIED.,.F.,.F.,(5,5),(0.,1.),.PIECEWISE_BEZIER_KNOTS.);
#4042 = CARTESIAN_POINT('',(-2.225259344883,0.75,0.22));
#4043 = CARTESIAN_POINT('',(-2.238768685756,0.75,0.412247910026));
#4044 = CARTESIAN_POINT('',(-2.25227825666,0.75,0.604499093572));
#4045 = CARTESIAN_POINT('',(-2.265788033788,0.75,0.796753211837));
#4046 = CARTESIAN_POINT('',(-2.279297998531,0.75,0.98901));
#4047 = ORIENTED_EDGE('',*,*,#4048,.F.);
#4048 = EDGE_CURVE('',#4049,#4039,#4051,.T.);
#4049 = VERTEX_POINT('',#4050);
#4050 = CARTESIAN_POINT('',(-2.225413939802,-0.75,0.2222));
#4051 = B_SPLINE_CURVE_WITH_KNOTS('',1,(#4052,#4053),.UNSPECIFIED.,.F.,
  .F.,(2,2),(0.,1.),.PIECEWISE_BEZIER_KNOTS.);
#4052 = CARTESIAN_POINT('',(-2.225413939802,-0.75,0.2222));
#4053 = CARTESIAN_POINT('',(-2.225413939802,0.75,0.2222));
#4054 = ORIENTED_EDGE('',*,*,#4055,.F.);
#4055 = EDGE_CURVE('',#3991,#4049,#4056,.T.);
#4056 = B_SPLINE_CURVE_WITH_KNOTS('',4,(#4057,#4058,#4059,#4060,#4061),
  .UNSPECIFIED.,.F.,.F.,(5,5),(0.,1.),.PIECEWISE_BEZIER_KNOTS.);
#4057 = CARTESIAN_POINT('',(-2.225259344883,-0.75,0.22));
#4058 = CARTESIAN_POINT('',(-2.238768685756,-0.75,0.412247910026));
#4059 = CARTESIAN_POINT('',(-2.25227825666,-0.75,0.604499093572));
#4060 = CARTESIAN_POINT('',(-2.265788033788,-0.75,0.796753211837));
#4061 = CARTESIAN_POINT('',(-2.279297998531,-0.75,0.98901));
#4062 = ORIENTED_EDGE('',*,*,#3990,.T.);
#4063 = ORIENTED_EDGE('',*,*,#3872,.T.);
#4064 = ORIENTED_EDGE('',*,*,#4065,.F.);
#4065 = EDGE_CURVE('',#3932,#3865,#4066,.T.);
#4066 = LINE('',#4067,#4068);
#4067 = CARTESIAN_POINT('',(-2.28,1.35,0.999));
#4068 = VECTOR('',#4069,1.);
#4069 = DIRECTION('',(-2.22044604925E-16,-1.,0.));
#4070 = B_SPLINE_SURFACE_WITH_KNOTS('',1,1,(
    (#4071,#4072)
    ,(#4073,#4074
    )),.UNSPECIFIED.,.F.,.F.,.F.,(2,2),(2,2),(0.,2.7),(0.,1.),
  .PIECEWISE_BEZIER_KNOTS.);
#4071 = CARTESIAN_POINT('',(-2.225259344883,1.295259344883,0.22));
#4072 = CARTESIAN_POINT('',(-2.28,1.35,0.999));
#4073 = CARTESIAN_POINT('',(-2.225259344883,-1.295259344883,0.22));
#4074 = CARTESIAN_POINT('',(-2.28,-1.35,0.999));
#4075 = ADVANCED_FACE('',(#4076),#4093,.T.);
#4076 = FACE_BOUND('',#4077,.T.);
#4077 = EDGE_LOOP('',(#4078,#4086,#4087,#4088));
#4078 = ORIENTED_EDGE('',*,*,#4079,.T.);
#4079 = EDGE_CURVE('',#4080,#3954,#4082,.T.);
#4080 = VERTEX_POINT('',#4081);
#4081 = CARTESIAN_POINT('',(-1.1,-1.279799853066,0.));
#4082 = LINE('',#4083,#4084);
#4083 = CARTESIAN_POINT('',(-1.1,-1.279799853066,0.));
#4084 = VECTOR('',#4085,1.);
#4085 = DIRECTION('',(1.,-2.22044604925E-16,0.));
#4086 = ORIENTED_EDGE('',*,*,#3969,.T.);
#4087 = ORIENTED_EDGE('',*,*,#3856,.F.);
#4088 = ORIENTED_EDGE('',*,*,#4089,.F.);
#4089 = EDGE_CURVE('',#4080,#3849,#4090,.T.);
#4090 = B_SPLINE_CURVE_WITH_KNOTS('',1,(#4091,#4092),.UNSPECIFIED.,.F.,
  .F.,(2,2),(0.,1.),.PIECEWISE_BEZIER_KNOTS.);
#4091 = CARTESIAN_POINT('',(-1.1,-1.279799853066,0.));
#4092 = CARTESIAN_POINT('',(-1.1,-1.295259344883,0.22));
#4093 = PLANE('',#4094);
#4094 = AXIS2_PLACEMENT_3D('',#4095,#4096,#4097);
#4095 = CARTESIAN_POINT('',(-1.1,-1.295259344883,0.22));
#4096 = DIRECTION('',(-2.214984063823E-16,-0.997540140447,
    -7.009756199374E-02));
#4097 = DIRECTION('',(1.,-2.22044604925E-16,-1.177128382009E-30));
#4098 = ADVANCED_FACE('',(#4099),#4116,.T.);
#4099 = FACE_BOUND('',#4100,.T.);
#4100 = EDGE_LOOP('',(#4101,#4102,#4103,#4111));
#4101 = ORIENTED_EDGE('',*,*,#3864,.T.);
#4102 = ORIENTED_EDGE('',*,*,#3901,.T.);
#4103 = ORIENTED_EDGE('',*,*,#4104,.F.);
#4104 = EDGE_CURVE('',#4105,#3894,#4107,.T.);
#4105 = VERTEX_POINT('',#4106);
#4106 = CARTESIAN_POINT('',(-2.194199820414,-1.264199820414,2.22));
#4107 = LINE('',#4108,#4109);
#4108 = CARTESIAN_POINT('',(-2.194199820414,-1.264199820414,2.22));
#4109 = VECTOR('',#4110,1.);
#4110 = DIRECTION('',(1.,-2.22044604925E-16,0.));
#4111 = ORIENTED_EDGE('',*,*,#4112,.F.);
#4112 = EDGE_CURVE('',#3865,#4105,#4113,.T.);
#4113 = B_SPLINE_CURVE_WITH_KNOTS('',1,(#4114,#4115),.UNSPECIFIED.,.F.,
  .F.,(2,2),(0.,1.),.PIECEWISE_BEZIER_KNOTS.);
#4114 = CARTESIAN_POINT('',(-2.28,-1.35,0.999));
#4115 = CARTESIAN_POINT('',(-2.194199820414,-1.264199820414,2.22));
#4116 = B_SPLINE_SURFACE_WITH_KNOTS('',1,1,(
    (#4117,#4118)
    ,(#4119,#4120
    )),.UNSPECIFIED.,.F.,.F.,.F.,(2,2),(2,2),(0.,4.56),(0.,1.),
  .PIECEWISE_BEZIER_KNOTS.);
#4117 = CARTESIAN_POINT('',(-2.28,-1.35,0.999));
#4118 = CARTESIAN_POINT('',(-2.194199820414,-1.264199820414,2.22));
#4119 = CARTESIAN_POINT('',(2.28,-1.35,0.999));
#4120 = CARTESIAN_POINT('',(2.194199820414,-1.264199820414,2.22));
#4121 = ADVANCED_FACE('',(#4122),#4139,.T.);
#4122 = FACE_BOUND('',#4123,.T.);
#4123 = EDGE_LOOP('',(#4124,#4125,#4132,#4138));
#4124 = ORIENTED_EDGE('',*,*,#3938,.T.);
#4125 = ORIENTED_EDGE('',*,*,#4126,.T.);
#4126 = EDGE_CURVE('',#3932,#4127,#4129,.T.);
#4127 = VERTEX_POINT('',#4128);
#4128 = CARTESIAN_POINT('',(-2.194199820414,1.264199820414,2.22));
#4129 = B_SPLINE_CURVE_WITH_KNOTS('',1,(#4130,#4131),.UNSPECIFIED.,.F.,
  .F.,(2,2),(0.,1.),.PIECEWISE_BEZIER_KNOTS.);
#4130 = CARTESIAN_POINT('',(-2.28,1.35,0.999));
#4131 = CARTESIAN_POINT('',(-2.194199820414,1.264199820414,2.22));
#4132 = ORIENTED_EDGE('',*,*,#4133,.F.);
#4133 = EDGE_CURVE('',#3887,#4127,#4134,.T.);
#4134 = LINE('',#4135,#4136);
#4135 = CARTESIAN_POINT('',(2.194199820414,1.264199820414,2.22));
#4136 = VECTOR('',#4137,1.);
#4137 = DIRECTION('',(-1.,2.22044604925E-16,0.));
#4138 = ORIENTED_EDGE('',*,*,#3886,.F.);
#4139 = B_SPLINE_SURFACE_WITH_KNOTS('',1,1,(
    (#4140,#4141)
    ,(#4142,#4143
    )),.UNSPECIFIED.,.F.,.F.,.F.,(2,2),(2,2),(0.,4.56),(0.,1.),
  .PIECEWISE_BEZIER_KNOTS.);
#4140 = CARTESIAN_POINT('',(2.28,1.35,0.999));
#4141 = CARTESIAN_POINT('',(2.194199820414,1.264199820414,2.22));
#4142 = CARTESIAN_POINT('',(-2.28,1.35,0.999));
#4143 = CARTESIAN_POINT('',(-2.194199820414,1.264199820414,2.22));
#4144 = ADVANCED_FACE('',(#4145,#4156),#4190,.F.);
#4145 = FACE_BOUND('',#4146,.F.);
#4146 = EDGE_LOOP('',(#4147,#4148,#4149,#4155));
#4147 = ORIENTED_EDGE('',*,*,#3893,.F.);
#4148 = ORIENTED_EDGE('',*,*,#4104,.F.);
#4149 = ORIENTED_EDGE('',*,*,#4150,.F.);
#4150 = EDGE_CURVE('',#4127,#4105,#4151,.T.);
#4151 = LINE('',#4152,#4153);
#4152 = CARTESIAN_POINT('',(-2.194199820414,1.264199820414,2.22));
#4153 = VECTOR('',#4154,1.);
#4154 = DIRECTION('',(-2.22044604925E-16,-1.,0.));
#4155 = ORIENTED_EDGE('',*,*,#4133,.F.);
#4156 = FACE_BOUND('',#4157,.F.);
#4157 = EDGE_LOOP('',(#4158,#4168,#4176,#4184));
#4158 = ORIENTED_EDGE('',*,*,#4159,.T.);
#4159 = EDGE_CURVE('',#4160,#4162,#4164,.T.);
#4160 = VERTEX_POINT('',#4161);
#4161 = CARTESIAN_POINT('',(-1.508399640828,1.178399640828,2.22));
#4162 = VERTEX_POINT('',#4163);
#4163 = CARTESIAN_POINT('',(-2.108399640828,1.178399640828,2.22));
#4164 = LINE('',#4165,#4166);
#4165 = CARTESIAN_POINT('',(-1.508399640828,1.178399640828,2.22));
#4166 = VECTOR('',#4167,1.);
#4167 = DIRECTION('',(-1.,2.22044604925E-16,0.));
#4168 = ORIENTED_EDGE('',*,*,#4169,.T.);
#4169 = EDGE_CURVE('',#4162,#4170,#4172,.T.);
#4170 = VERTEX_POINT('',#4171);
#4171 = CARTESIAN_POINT('',(-2.108399640828,-1.178399640828,2.22));
#4172 = LINE('',#4173,#4174);
#4173 = CARTESIAN_POINT('',(-2.108399640828,1.178399640828,2.22));
#4174 = VECTOR('',#4175,1.);
#4175 = DIRECTION('',(-2.22044604925E-16,-1.,0.));
#4176 = ORIENTED_EDGE('',*,*,#4177,.T.);
#4177 = EDGE_CURVE('',#4170,#4178,#4180,.T.);
#4178 = VERTEX_POINT('',#4179);
#4179 = CARTESIAN_POINT('',(-1.508399640828,-1.178399640828,2.22));
#4180 = LINE('',#4181,#4182);
#4181 = CARTESIAN_POINT('',(-2.108399640828,-1.178399640828,2.22));
#4182 = VECTOR('',#4183,1.);
#4183 = DIRECTION('',(1.,-2.22044604925E-16,0.));
#4184 = ORIENTED_EDGE('',*,*,#4185,.T.);
#4185 = EDGE_CURVE('',#4178,#4160,#4186,.T.);
#4186 = LINE('',#4187,#4188);
#4187 = CARTESIAN_POINT('',(-1.508399640828,-1.178399640828,2.22));
#4188 = VECTOR('',#4189,1.);
#4189 = DIRECTION('',(2.22044604925E-16,1.,0.));
#4190 = PLANE('',#4191);
#4191 = AXIS2_PLACEMENT_3D('',#4192,#4193,#4194);
#4192 = CARTESIAN_POINT('',(2.194199820414,-1.264199820414,2.22));
#4193 = DIRECTION('',(0.,0.,-1.));
#4194 = DIRECTION('',(-0.866473406918,0.499223231735,0.));
#4195 = ADVANCED_FACE('',(#4196),#4213,.T.);
#4196 = FACE_BOUND('',#4197,.T.);
#4197 = EDGE_LOOP('',(#4198,#4206,#4211,#4212));
#4198 = ORIENTED_EDGE('',*,*,#4199,.T.);
#4199 = EDGE_CURVE('',#3956,#4200,#4202,.T.);
#4200 = VERTEX_POINT('',#4201);
#4201 = CARTESIAN_POINT('',(-1.1,1.279799853066,0.));
#4202 = LINE('',#4203,#4204);
#4203 = CARTESIAN_POINT('',(1.1,1.279799853066,0.));
#4204 = VECTOR('',#4205,1.);
#4205 = DIRECTION('',(-1.,2.22044604925E-16,0.));
#4206 = ORIENTED_EDGE('',*,*,#4207,.T.);
#4207 = EDGE_CURVE('',#4200,#3916,#4208,.T.);
#4208 = B_SPLINE_CURVE_WITH_KNOTS('',1,(#4209,#4210),.UNSPECIFIED.,.F.,
  .F.,(2,2),(0.,1.),.PIECEWISE_BEZIER_KNOTS.);
#4209 = CARTESIAN_POINT('',(-1.1,1.279799853066,0.));
#4210 = CARTESIAN_POINT('',(-1.1,1.295259344883,0.22));
#4211 = ORIENTED_EDGE('',*,*,#3915,.F.);
#4212 = ORIENTED_EDGE('',*,*,#3963,.F.);
#4213 = PLANE('',#4214);
#4214 = AXIS2_PLACEMENT_3D('',#4215,#4216,#4217);
#4215 = CARTESIAN_POINT('',(1.1,1.295259344883,0.22));
#4216 = DIRECTION('',(2.214984063823E-16,0.997540140447,
    -7.009756199374E-02));
#4217 = DIRECTION('',(-1.,2.22044604925E-16,-1.177128382009E-30));
#4218 = ADVANCED_FACE('',(#4219),#4230,.T.);
#4219 = FACE_BOUND('',#4220,.F.);
#4220 = EDGE_LOOP('',(#4221,#4222,#4223,#4229));
#4221 = ORIENTED_EDGE('',*,*,#3953,.T.);
#4222 = ORIENTED_EDGE('',*,*,#4199,.T.);
#4223 = ORIENTED_EDGE('',*,*,#4224,.T.);
#4224 = EDGE_CURVE('',#4200,#4080,#4225,.T.);
#4225 = LINE('',#4226,#4227);
#4226 = CARTESIAN_POINT('',(-1.1,1.279799853066,0.));
#4227 = VECTOR('',#4228,1.);
#4228 = DIRECTION('',(-2.22044604925E-16,-1.,0.));
#4229 = ORIENTED_EDGE('',*,*,#4079,.T.);
#4230 = PLANE('',#4231);
#4231 = AXIS2_PLACEMENT_3D('',#4232,#4233,#4234);
#4232 = CARTESIAN_POINT('',(1.1,-1.279799853066,0.));
#4233 = DIRECTION('',(0.,0.,-1.));
#4234 = DIRECTION('',(-0.651825367196,0.758369099238,0.));
#4235 = ADVANCED_FACE('',(#4236),#4304,.T.);
#4236 = FACE_BOUND('',#4237,.T.);
#4237 = EDGE_LOOP('',(#4238,#4249,#4257,#4266,#4274,#4282,#4288,#4289,
    #4290,#4298));
#4238 = ORIENTED_EDGE('',*,*,#4239,.F.);
#4239 = EDGE_CURVE('',#4240,#4242,#4244,.T.);
#4240 = VERTEX_POINT('',#4241);
#4241 = CARTESIAN_POINT('',(-2.5,0.75,0.146666666667));
#4242 = VERTEX_POINT('',#4243);
#4243 = CARTESIAN_POINT('',(-2.353333333333,0.75,-2.775557561563E-17));
#4244 = CIRCLE('',#4245,0.146666666667);
#4245 = AXIS2_PLACEMENT_3D('',#4246,#4247,#4248);
#4246 = CARTESIAN_POINT('',(-2.353333333333,0.75,0.146666666667));
#4247 = DIRECTION('',(-2.22044604925E-16,-1.,0.));
#4248 = DIRECTION('',(0.,0.,1.));
#4249 = ORIENTED_EDGE('',*,*,#4250,.T.);
#4250 = EDGE_CURVE('',#4240,#4251,#4253,.T.);
#4251 = VERTEX_POINT('',#4252);
#4252 = CARTESIAN_POINT('',(-2.5,0.75,0.842343333333));
#4253 = LINE('',#4254,#4255);
#4254 = CARTESIAN_POINT('',(-2.5,0.75,0.));
#4255 = VECTOR('',#4256,1.);
#4256 = DIRECTION('',(0.,0.,1.));
#4257 = ORIENTED_EDGE('',*,*,#4258,.T.);
#4258 = EDGE_CURVE('',#4251,#4259,#4261,.T.);
#4259 = VERTEX_POINT('',#4260);
#4260 = CARTESIAN_POINT('',(-2.353333333333,0.75,0.98901));
#4261 = CIRCLE('',#4262,0.146666666667);
#4262 = AXIS2_PLACEMENT_3D('',#4263,#4264,#4265);
#4263 = CARTESIAN_POINT('',(-2.353333333333,0.75,0.842343333333));
#4264 = DIRECTION('',(2.22044604925E-16,1.,-0.));
#4265 = DIRECTION('',(0.,0.,1.));
#4266 = ORIENTED_EDGE('',*,*,#4267,.T.);
#4267 = EDGE_CURVE('',#4259,#4268,#4270,.T.);
#4268 = VERTEX_POINT('',#4269);
#4269 = CARTESIAN_POINT('',(-2.28,0.75,0.98901));
#4270 = LINE('',#4271,#4272);
#4271 = CARTESIAN_POINT('',(-2.5,0.75,0.98901));
#4272 = VECTOR('',#4273,1.);
#4273 = DIRECTION('',(1.,-2.22044604925E-16,0.));
#4274 = ORIENTED_EDGE('',*,*,#4275,.F.);
#4275 = EDGE_CURVE('',#4276,#4268,#4278,.T.);
#4276 = VERTEX_POINT('',#4277);
#4277 = CARTESIAN_POINT('',(-2.28,0.75,0.2222));
#4278 = LINE('',#4279,#4280);
#4279 = CARTESIAN_POINT('',(-2.28,0.75,0.));
#4280 = VECTOR('',#4281,1.);
#4281 = DIRECTION('',(0.,0.,1.));
#4282 = ORIENTED_EDGE('',*,*,#4283,.T.);
#4283 = EDGE_CURVE('',#4276,#4039,#4284,.T.);
#4284 = LINE('',#4285,#4286);
#4285 = CARTESIAN_POINT('',(-2.28,0.75,0.2222));
#4286 = VECTOR('',#4287,1.);
#4287 = DIRECTION('',(1.,-2.22044604925E-16,0.));
#4288 = ORIENTED_EDGE('',*,*,#4038,.F.);
#4289 = ORIENTED_EDGE('',*,*,#4014,.F.);
#4290 = ORIENTED_EDGE('',*,*,#4291,.F.);
#4291 = EDGE_CURVE('',#4292,#4007,#4294,.T.);
#4292 = VERTEX_POINT('',#4293);
#4293 = CARTESIAN_POINT('',(-1.14,0.75,0.));
#4294 = LINE('',#4295,#4296);
#4295 = CARTESIAN_POINT('',(-1.14,0.75,0.));
#4296 = VECTOR('',#4297,1.);
#4297 = DIRECTION('',(0.,0.,1.));
#4298 = ORIENTED_EDGE('',*,*,#4299,.F.);
#4299 = EDGE_CURVE('',#4242,#4292,#4300,.T.);
#4300 = LINE('',#4301,#4302);
#4301 = CARTESIAN_POINT('',(-2.28,0.75,0.));
#4302 = VECTOR('',#4303,1.);
#4303 = DIRECTION('',(1.,-2.22044604925E-16,0.));
#4304 = PLANE('',#4305);
#4305 = AXIS2_PLACEMENT_3D('',#4306,#4307,#4308);
#4306 = CARTESIAN_POINT('',(-1.991067149606,0.75,0.303091083877));
#4307 = DIRECTION('',(2.22044604925E-16,1.,-7.960022943413E-32));
#4308 = DIRECTION('',(-1.,2.22044604925E-16,0.));
#4309 = ADVANCED_FACE('',(#4310),#4328,.T.);
#4310 = FACE_BOUND('',#4311,.T.);
#4311 = EDGE_LOOP('',(#4312,#4320,#4321,#4322));
#4312 = ORIENTED_EDGE('',*,*,#4313,.F.);
#4313 = EDGE_CURVE('',#4292,#4314,#4316,.T.);
#4314 = VERTEX_POINT('',#4315);
#4315 = CARTESIAN_POINT('',(-1.14,-0.75,0.));
#4316 = LINE('',#4317,#4318);
#4317 = CARTESIAN_POINT('',(-1.14,0.75,0.));
#4318 = VECTOR('',#4319,1.);
#4319 = DIRECTION('',(-2.22044604925E-16,-1.,0.));
#4320 = ORIENTED_EDGE('',*,*,#4291,.T.);
#4321 = ORIENTED_EDGE('',*,*,#4006,.F.);
#4322 = ORIENTED_EDGE('',*,*,#4323,.F.);
#4323 = EDGE_CURVE('',#4314,#3999,#4324,.T.);
#4324 = LINE('',#4325,#4326);
#4325 = CARTESIAN_POINT('',(-1.14,-0.75,0.));
#4326 = VECTOR('',#4327,1.);
#4327 = DIRECTION('',(0.,0.,1.));
#4328 = PLANE('',#4329);
#4329 = AXIS2_PLACEMENT_3D('',#4330,#4331,#4332);
#4330 = CARTESIAN_POINT('',(-1.14,0.75,0.));
#4331 = DIRECTION('',(1.,-2.22044604925E-16,0.));
#4332 = DIRECTION('',(-2.22044604925E-16,-1.,0.));
#4333 = ADVANCED_FACE('',(#4334),#4395,.T.);
#4334 = FACE_BOUND('',#4335,.T.);
#4335 = EDGE_LOOP('',(#4336,#4346,#4355,#4361,#4362,#4363,#4364,#4372,
    #4380,#4388));
#4336 = ORIENTED_EDGE('',*,*,#4337,.F.);
#4337 = EDGE_CURVE('',#4338,#4340,#4342,.T.);
#4338 = VERTEX_POINT('',#4339);
#4339 = CARTESIAN_POINT('',(-2.5,-0.75,0.146666666667));
#4340 = VERTEX_POINT('',#4341);
#4341 = CARTESIAN_POINT('',(-2.5,-0.75,0.842343333333));
#4342 = LINE('',#4343,#4344);
#4343 = CARTESIAN_POINT('',(-2.5,-0.75,0.));
#4344 = VECTOR('',#4345,1.);
#4345 = DIRECTION('',(0.,0.,1.));
#4346 = ORIENTED_EDGE('',*,*,#4347,.T.);
#4347 = EDGE_CURVE('',#4338,#4348,#4350,.T.);
#4348 = VERTEX_POINT('',#4349);
#4349 = CARTESIAN_POINT('',(-2.353333333333,-0.75,-2.775557561563E-17));
#4350 = CIRCLE('',#4351,0.146666666667);
#4351 = AXIS2_PLACEMENT_3D('',#4352,#4353,#4354);
#4352 = CARTESIAN_POINT('',(-2.353333333333,-0.75,0.146666666667));
#4353 = DIRECTION('',(-2.22044604925E-16,-1.,0.));
#4354 = DIRECTION('',(0.,0.,1.));
#4355 = ORIENTED_EDGE('',*,*,#4356,.F.);
#4356 = EDGE_CURVE('',#4314,#4348,#4357,.T.);
#4357 = LINE('',#4358,#4359);
#4358 = CARTESIAN_POINT('',(-2.28,-0.75,0.));
#4359 = VECTOR('',#4360,1.);
#4360 = DIRECTION('',(-1.,2.22044604925E-16,0.));
#4361 = ORIENTED_EDGE('',*,*,#4323,.T.);
#4362 = ORIENTED_EDGE('',*,*,#3998,.F.);
#4363 = ORIENTED_EDGE('',*,*,#4055,.T.);
#4364 = ORIENTED_EDGE('',*,*,#4365,.T.);
#4365 = EDGE_CURVE('',#4049,#4366,#4368,.T.);
#4366 = VERTEX_POINT('',#4367);
#4367 = CARTESIAN_POINT('',(-2.28,-0.75,0.2222));
#4368 = LINE('',#4369,#4370);
#4369 = CARTESIAN_POINT('',(-1.14,-0.75,0.2222));
#4370 = VECTOR('',#4371,1.);
#4371 = DIRECTION('',(-1.,2.22044604925E-16,0.));
#4372 = ORIENTED_EDGE('',*,*,#4373,.T.);
#4373 = EDGE_CURVE('',#4366,#4374,#4376,.T.);
#4374 = VERTEX_POINT('',#4375);
#4375 = CARTESIAN_POINT('',(-2.28,-0.75,0.98901));
#4376 = LINE('',#4377,#4378);
#4377 = CARTESIAN_POINT('',(-2.28,-0.75,0.));
#4378 = VECTOR('',#4379,1.);
#4379 = DIRECTION('',(0.,0.,1.));
#4380 = ORIENTED_EDGE('',*,*,#4381,.T.);
#4381 = EDGE_CURVE('',#4374,#4382,#4384,.T.);
#4382 = VERTEX_POINT('',#4383);
#4383 = CARTESIAN_POINT('',(-2.353333333333,-0.75,0.98901));
#4384 = LINE('',#4385,#4386);
#4385 = CARTESIAN_POINT('',(-2.28,-0.75,0.98901));
#4386 = VECTOR('',#4387,1.);
#4387 = DIRECTION('',(-1.,2.22044604925E-16,0.));
#4388 = ORIENTED_EDGE('',*,*,#4389,.F.);
#4389 = EDGE_CURVE('',#4340,#4382,#4390,.T.);
#4390 = CIRCLE('',#4391,0.146666666667);
#4391 = AXIS2_PLACEMENT_3D('',#4392,#4393,#4394);
#4392 = CARTESIAN_POINT('',(-2.353333333333,-0.75,0.842343333333));
#4393 = DIRECTION('',(2.22044604925E-16,1.,-0.));
#4394 = DIRECTION('',(0.,0.,1.));
#4395 = PLANE('',#4396);
#4396 = AXIS2_PLACEMENT_3D('',#4397,#4398,#4399);
#4397 = CARTESIAN_POINT('',(-1.991067149606,-0.75,0.303091083877));
#4398 = DIRECTION('',(-2.22044604925E-16,-1.,-0.));
#4399 = DIRECTION('',(0.,0.,-1.));
#4400 = ADVANCED_FACE('',(#4401),#4407,.T.);
#4401 = FACE_BOUND('',#4402,.T.);
#4402 = EDGE_LOOP('',(#4403,#4404,#4405,#4406));
#4403 = ORIENTED_EDGE('',*,*,#4224,.T.);
#4404 = ORIENTED_EDGE('',*,*,#4089,.T.);
#4405 = ORIENTED_EDGE('',*,*,#3983,.F.);
#4406 = ORIENTED_EDGE('',*,*,#4207,.F.);
#4407 = B_SPLINE_SURFACE_WITH_KNOTS('',1,1,(
    (#4408,#4409)
    ,(#4410,#4411
    )),.UNSPECIFIED.,.F.,.F.,.F.,(2,2),(2,2),(0.,2.590518689767),(0.,1.)
  ,.PIECEWISE_BEZIER_KNOTS.);
#4408 = CARTESIAN_POINT('',(-1.1,1.279799853066,0.));
#4409 = CARTESIAN_POINT('',(-1.1,1.295259344883,0.22));
#4410 = CARTESIAN_POINT('',(-1.1,-1.279799853066,0.));
#4411 = CARTESIAN_POINT('',(-1.1,-1.295259344883,0.22));
#4412 = ADVANCED_FACE('',(#4413),#4419,.T.);
#4413 = FACE_BOUND('',#4414,.T.);
#4414 = EDGE_LOOP('',(#4415,#4416,#4417,#4418));
#4415 = ORIENTED_EDGE('',*,*,#4065,.T.);
#4416 = ORIENTED_EDGE('',*,*,#4112,.T.);
#4417 = ORIENTED_EDGE('',*,*,#4150,.F.);
#4418 = ORIENTED_EDGE('',*,*,#4126,.F.);
#4419 = B_SPLINE_SURFACE_WITH_KNOTS('',1,1,(
    (#4420,#4421)
    ,(#4422,#4423
    )),.UNSPECIFIED.,.F.,.F.,.F.,(2,2),(2,2),(0.,2.7),(0.,1.),
  .PIECEWISE_BEZIER_KNOTS.);
#4420 = CARTESIAN_POINT('',(-2.28,1.35,0.999));
#4421 = CARTESIAN_POINT('',(-2.194199820414,1.264199820414,2.22));
#4422 = CARTESIAN_POINT('',(-2.28,-1.35,0.999));
#4423 = CARTESIAN_POINT('',(-2.194199820414,-1.264199820414,2.22));
#4424 = ADVANCED_FACE('',(#4425),#4436,.F.);
#4425 = FACE_BOUND('',#4426,.F.);
#4426 = EDGE_LOOP('',(#4427,#4428,#4429,#4435));
#4427 = ORIENTED_EDGE('',*,*,#4048,.F.);
#4428 = ORIENTED_EDGE('',*,*,#4365,.T.);
#4429 = ORIENTED_EDGE('',*,*,#4430,.T.);
#4430 = EDGE_CURVE('',#4366,#4276,#4431,.T.);
#4431 = LINE('',#4432,#4433);
#4432 = CARTESIAN_POINT('',(-2.28,-0.75,0.2222));
#4433 = VECTOR('',#4434,1.);
#4434 = DIRECTION('',(2.22044604925E-16,1.,0.));
#4435 = ORIENTED_EDGE('',*,*,#4283,.T.);
#4436 = PLANE('',#4437);
#4437 = AXIS2_PLACEMENT_3D('',#4438,#4439,#4440);
#4438 = CARTESIAN_POINT('',(-1.71,4.440892098501E-16,0.2222));
#4439 = DIRECTION('',(0.,-0.,-1.));
#4440 = DIRECTION('',(-2.22044604925E-16,-1.,0.));
#4441 = ADVANCED_FACE('',(#4442),#4465,.F.);
#4442 = FACE_BOUND('',#4443,.F.);
#4443 = EDGE_LOOP('',(#4444,#4454,#4459,#4460));
#4444 = ORIENTED_EDGE('',*,*,#4445,.T.);
#4445 = EDGE_CURVE('',#4446,#4448,#4450,.T.);
#4446 = VERTEX_POINT('',#4447);
#4447 = CARTESIAN_POINT('',(-1.508399640828,1.178399640828,2.2178));
#4448 = VERTEX_POINT('',#4449);
#4449 = CARTESIAN_POINT('',(-2.108399640828,1.178399640828,2.2178));
#4450 = LINE('',#4451,#4452);
#4451 = CARTESIAN_POINT('',(-1.508399640828,1.178399640828,2.2178));
#4452 = VECTOR('',#4453,1.);
#4453 = DIRECTION('',(-1.,2.22044604925E-16,0.));
#4454 = ORIENTED_EDGE('',*,*,#4455,.T.);
#4455 = EDGE_CURVE('',#4448,#4162,#4456,.T.);
#4456 = B_SPLINE_CURVE_WITH_KNOTS('',1,(#4457,#4458),.UNSPECIFIED.,.F.,
  .F.,(2,2),(0.,1.),.PIECEWISE_BEZIER_KNOTS.);
#4457 = CARTESIAN_POINT('',(-2.108399640828,1.178399640828,2.2178));
#4458 = CARTESIAN_POINT('',(-2.108399640828,1.178399640828,2.22));
#4459 = ORIENTED_EDGE('',*,*,#4159,.F.);
#4460 = ORIENTED_EDGE('',*,*,#4461,.F.);
#4461 = EDGE_CURVE('',#4446,#4160,#4462,.T.);
#4462 = B_SPLINE_CURVE_WITH_KNOTS('',1,(#4463,#4464),.UNSPECIFIED.,.F.,
  .F.,(2,2),(0.,1.),.PIECEWISE_BEZIER_KNOTS.);
#4463 = CARTESIAN_POINT('',(-1.508399640828,1.178399640828,2.2178));
#4464 = CARTESIAN_POINT('',(-1.508399640828,1.178399640828,2.22));
#4465 = PLANE('',#4466);
#4466 = AXIS2_PLACEMENT_3D('',#4467,#4468,#4469);
#4467 = CARTESIAN_POINT('',(-1.508399640828,1.178399640828,2.22));
#4468 = DIRECTION('',(2.22044604925E-16,1.,0.));
#4469 = DIRECTION('',(-1.,2.22044604925E-16,0.));
#4470 = ADVANCED_FACE('',(#4471),#4488,.F.);
#4471 = FACE_BOUND('',#4472,.F.);
#4472 = EDGE_LOOP('',(#4473,#4481,#4482,#4483));
#4473 = ORIENTED_EDGE('',*,*,#4474,.T.);
#4474 = EDGE_CURVE('',#4475,#4446,#4477,.T.);
#4475 = VERTEX_POINT('',#4476);
#4476 = CARTESIAN_POINT('',(-1.508399640828,-1.178399640828,2.2178));
#4477 = LINE('',#4478,#4479);
#4478 = CARTESIAN_POINT('',(-1.508399640828,-1.178399640828,2.2178));
#4479 = VECTOR('',#4480,1.);
#4480 = DIRECTION('',(2.22044604925E-16,1.,0.));
#4481 = ORIENTED_EDGE('',*,*,#4461,.T.);
#4482 = ORIENTED_EDGE('',*,*,#4185,.F.);
#4483 = ORIENTED_EDGE('',*,*,#4484,.F.);
#4484 = EDGE_CURVE('',#4475,#4178,#4485,.T.);
#4485 = B_SPLINE_CURVE_WITH_KNOTS('',1,(#4486,#4487),.UNSPECIFIED.,.F.,
  .F.,(2,2),(0.,1.),.PIECEWISE_BEZIER_KNOTS.);
#4486 = CARTESIAN_POINT('',(-1.508399640828,-1.178399640828,2.2178));
#4487 = CARTESIAN_POINT('',(-1.508399640828,-1.178399640828,2.22));
#4488 = PLANE('',#4489);
#4489 = AXIS2_PLACEMENT_3D('',#4490,#4491,#4492);
#4490 = CARTESIAN_POINT('',(-1.508399640828,-1.178399640828,2.22));
#4491 = DIRECTION('',(1.,-2.22044604925E-16,0.));
#4492 = DIRECTION('',(2.22044604925E-16,1.,0.));
#4493 = ADVANCED_FACE('',(#4494),#4511,.F.);
#4494 = FACE_BOUND('',#4495,.F.);
#4495 = EDGE_LOOP('',(#4496,#4504,#4505,#4506));
#4496 = ORIENTED_EDGE('',*,*,#4497,.T.);
#4497 = EDGE_CURVE('',#4498,#4475,#4500,.T.);
#4498 = VERTEX_POINT('',#4499);
#4499 = CARTESIAN_POINT('',(-2.108399640828,-1.178399640828,2.2178));
#4500 = LINE('',#4501,#4502);
#4501 = CARTESIAN_POINT('',(-2.108399640828,-1.178399640828,2.2178));
#4502 = VECTOR('',#4503,1.);
#4503 = DIRECTION('',(1.,-2.22044604925E-16,0.));
#4504 = ORIENTED_EDGE('',*,*,#4484,.T.);
#4505 = ORIENTED_EDGE('',*,*,#4177,.F.);
#4506 = ORIENTED_EDGE('',*,*,#4507,.F.);
#4507 = EDGE_CURVE('',#4498,#4170,#4508,.T.);
#4508 = B_SPLINE_CURVE_WITH_KNOTS('',1,(#4509,#4510),.UNSPECIFIED.,.F.,
  .F.,(2,2),(0.,1.),.PIECEWISE_BEZIER_KNOTS.);
#4509 = CARTESIAN_POINT('',(-2.108399640828,-1.178399640828,2.2178));
#4510 = CARTESIAN_POINT('',(-2.108399640828,-1.178399640828,2.22));
#4511 = PLANE('',#4512);
#4512 = AXIS2_PLACEMENT_3D('',#4513,#4514,#4515);
#4513 = CARTESIAN_POINT('',(-2.108399640828,-1.178399640828,2.22));
#4514 = DIRECTION('',(-2.22044604925E-16,-1.,0.));
#4515 = DIRECTION('',(1.,-2.22044604925E-16,0.));
#4516 = ADVANCED_FACE('',(#4517),#4528,.F.);
#4517 = FACE_BOUND('',#4518,.F.);
#4518 = EDGE_LOOP('',(#4519,#4525,#4526,#4527));
#4519 = ORIENTED_EDGE('',*,*,#4520,.T.);
#4520 = EDGE_CURVE('',#4448,#4498,#4521,.T.);
#4521 = LINE('',#4522,#4523);
#4522 = CARTESIAN_POINT('',(-2.108399640828,1.178399640828,2.2178));
#4523 = VECTOR('',#4524,1.);
#4524 = DIRECTION('',(-2.22044604925E-16,-1.,0.));
#4525 = ORIENTED_EDGE('',*,*,#4507,.T.);
#4526 = ORIENTED_EDGE('',*,*,#4169,.F.);
#4527 = ORIENTED_EDGE('',*,*,#4455,.F.);
#4528 = PLANE('',#4529);
#4529 = AXIS2_PLACEMENT_3D('',#4530,#4531,#4532);
#4530 = CARTESIAN_POINT('',(-2.108399640828,1.178399640828,2.22));
#4531 = DIRECTION('',(-1.,2.22044604925E-16,0.));
#4532 = DIRECTION('',(-2.22044604925E-16,-1.,0.));
#4533 = ADVANCED_FACE('',(#4534),#4550,.T.);
#4534 = FACE_BOUND('',#4535,.T.);
#4535 = EDGE_LOOP('',(#4536,#4542,#4543,#4549));
#4536 = ORIENTED_EDGE('',*,*,#4537,.T.);
#4537 = EDGE_CURVE('',#4338,#4240,#4538,.T.);
#4538 = LINE('',#4539,#4540);
#4539 = CARTESIAN_POINT('',(-2.5,-0.75,0.146666666667));
#4540 = VECTOR('',#4541,1.);
#4541 = DIRECTION('',(2.22044604925E-16,1.,0.));
#4542 = ORIENTED_EDGE('',*,*,#4239,.T.);
#4543 = ORIENTED_EDGE('',*,*,#4544,.F.);
#4544 = EDGE_CURVE('',#4348,#4242,#4545,.T.);
#4545 = LINE('',#4546,#4547);
#4546 = CARTESIAN_POINT('',(-2.353333333333,-0.75,-2.775557561563E-17));
#4547 = VECTOR('',#4548,1.);
#4548 = DIRECTION('',(2.22044604925E-16,1.,0.));
#4549 = ORIENTED_EDGE('',*,*,#4347,.F.);
#4550 = CYLINDRICAL_SURFACE('',#4551,0.146666666667);
#4551 = AXIS2_PLACEMENT_3D('',#4552,#4553,#4554);
#4552 = CARTESIAN_POINT('',(-2.353333333333,-0.75,0.146666666667));
#4553 = DIRECTION('',(2.22044604925E-16,1.,0.));
#4554 = DIRECTION('',(-1.,2.22044604925E-16,0.));
#4555 = ADVANCED_FACE('',(#4556),#4562,.T.);
#4556 = FACE_BOUND('',#4557,.T.);
#4557 = EDGE_LOOP('',(#4558,#4559,#4560,#4561));
#4558 = ORIENTED_EDGE('',*,*,#4356,.T.);
#4559 = ORIENTED_EDGE('',*,*,#4544,.T.);
#4560 = ORIENTED_EDGE('',*,*,#4299,.T.);
#4561 = ORIENTED_EDGE('',*,*,#4313,.T.);
#4562 = PLANE('',#4563);
#4563 = AXIS2_PLACEMENT_3D('',#4564,#4565,#4566);
#4564 = CARTESIAN_POINT('',(-1.746666666667,3.878379099357E-16,
    -7.671995716851E-18));
#4565 = DIRECTION('',(1.332277103521E-17,-2.579688262589E-33,-1.));
#4566 = DIRECTION('',(1.,-2.22044604925E-16,1.332277103521E-17));
#4567 = ADVANCED_FACE('',(#4568),#4579,.T.);
#4568 = FACE_BOUND('',#4569,.T.);
#4569 = EDGE_LOOP('',(#4570,#4571,#4572,#4578));
#4570 = ORIENTED_EDGE('',*,*,#4430,.T.);
#4571 = ORIENTED_EDGE('',*,*,#4275,.T.);
#4572 = ORIENTED_EDGE('',*,*,#4573,.T.);
#4573 = EDGE_CURVE('',#4268,#4374,#4574,.T.);
#4574 = LINE('',#4575,#4576);
#4575 = CARTESIAN_POINT('',(-2.28,0.75,0.98901));
#4576 = VECTOR('',#4577,1.);
#4577 = DIRECTION('',(-2.22044604925E-16,-1.,0.));
#4578 = ORIENTED_EDGE('',*,*,#4373,.F.);
#4579 = PLANE('',#4580);
#4580 = AXIS2_PLACEMENT_3D('',#4581,#4582,#4583);
#4581 = CARTESIAN_POINT('',(-2.28,0.75,0.));
#4582 = DIRECTION('',(1.,-2.22044604925E-16,0.));
#4583 = DIRECTION('',(-2.22044604925E-16,-1.,0.));
#4584 = ADVANCED_FACE('',(#4585),#4596,.F.);
#4585 = FACE_BOUND('',#4586,.F.);
#4586 = EDGE_LOOP('',(#4587,#4588,#4594,#4595));
#4587 = ORIENTED_EDGE('',*,*,#4381,.T.);
#4588 = ORIENTED_EDGE('',*,*,#4589,.T.);
#4589 = EDGE_CURVE('',#4382,#4259,#4590,.T.);
#4590 = LINE('',#4591,#4592);
#4591 = CARTESIAN_POINT('',(-2.353333333333,-0.75,0.98901));
#4592 = VECTOR('',#4593,1.);
#4593 = DIRECTION('',(2.22044604925E-16,1.,0.));
#4594 = ORIENTED_EDGE('',*,*,#4267,.T.);
#4595 = ORIENTED_EDGE('',*,*,#4573,.T.);
#4596 = PLANE('',#4597);
#4597 = AXIS2_PLACEMENT_3D('',#4598,#4599,#4600);
#4598 = CARTESIAN_POINT('',(-2.39,4.440892098501E-16,0.98901));
#4599 = DIRECTION('',(0.,-0.,-1.));
#4600 = DIRECTION('',(-2.22044604925E-16,-1.,0.));
#4601 = ADVANCED_FACE('',(#4602),#4613,.T.);
#4602 = FACE_BOUND('',#4603,.T.);
#4603 = EDGE_LOOP('',(#4604,#4605,#4606,#4607));
#4604 = ORIENTED_EDGE('',*,*,#4389,.T.);
#4605 = ORIENTED_EDGE('',*,*,#4589,.T.);
#4606 = ORIENTED_EDGE('',*,*,#4258,.F.);
#4607 = ORIENTED_EDGE('',*,*,#4608,.F.);
#4608 = EDGE_CURVE('',#4340,#4251,#4609,.T.);
#4609 = LINE('',#4610,#4611);
#4610 = CARTESIAN_POINT('',(-2.5,-0.75,0.842343333333));
#4611 = VECTOR('',#4612,1.);
#4612 = DIRECTION('',(2.22044604925E-16,1.,0.));
#4613 = CYLINDRICAL_SURFACE('',#4614,0.146666666667);
#4614 = AXIS2_PLACEMENT_3D('',#4615,#4616,#4617);
#4615 = CARTESIAN_POINT('',(-2.353333333333,-0.75,0.842343333333));
#4616 = DIRECTION('',(2.22044604925E-16,1.,0.));
#4617 = DIRECTION('',(-1.,2.22044604925E-16,0.));
#4618 = ADVANCED_FACE('',(#4619),#4625,.T.);
#4619 = FACE_BOUND('',#4620,.T.);
#4620 = EDGE_LOOP('',(#4621,#4622,#4623,#4624));
#4621 = ORIENTED_EDGE('',*,*,#4337,.T.);
#4622 = ORIENTED_EDGE('',*,*,#4608,.T.);
#4623 = ORIENTED_EDGE('',*,*,#4250,.F.);
#4624 = ORIENTED_EDGE('',*,*,#4537,.F.);
#4625 = PLANE('',#4626);
#4626 = AXIS2_PLACEMENT_3D('',#4627,#4628,#4629);
#4627 = CARTESIAN_POINT('',(-2.5,-0.75,0.));
#4628 = DIRECTION('',(-1.,2.22044604925E-16,0.));
#4629 = DIRECTION('',(2.22044604925E-16,1.,0.));
#4630 = ADVANCED_FACE('',(#4631),#4637,.F.);
#4631 = FACE_BOUND('',#4632,.T.);
#4632 = EDGE_LOOP('',(#4633,#4634,#4635,#4636));
#4633 = ORIENTED_EDGE('',*,*,#4474,.T.);
#4634 = ORIENTED_EDGE('',*,*,#4445,.T.);
#4635 = ORIENTED_EDGE('',*,*,#4520,.T.);
#4636 = ORIENTED_EDGE('',*,*,#4497,.T.);
#4637 = PLANE('',#4638);
#4638 = AXIS2_PLACEMENT_3D('',#4639,#4640,#4641);
#4639 = CARTESIAN_POINT('',(-1.508399640828,-1.178399640828,2.2178));
#4640 = DIRECTION('',(0.,0.,-1.));
#4641 = DIRECTION('',(-0.246713052972,0.969088576701,0.));
#4642 = ( GEOMETRIC_REPRESENTATION_CONTEXT(3) 
GLOBAL_UNCERTAINTY_ASSIGNED_CONTEXT((#4646)) 
GLOBAL_UNIT_ASSIGNED_CONTEXT((#4643,#4644,#4645)) REPRESENTATION_CONTEXT
('Context #1','3D Context with UNIT and UNCERTAINTY') );
#4643 = ( LENGTH_UNIT() NAMED_UNIT(*) SI_UNIT(.MILLI.,.METRE.) );
#4644 = ( NAMED_UNIT(*) PLANE_ANGLE_UNIT() SI_UNIT($,.RADIAN.) );
#4645 = ( NAMED_UNIT(*) SI_UNIT($,.STERADIAN.) SOLID_ANGLE_UNIT() );
#4646 = UNCERTAINTY_MEASURE_WITH_UNIT(LENGTH_MEASURE(1.E-07),#4643,
  'distance_accuracy_value','confusion accuracy');
#4647 = CONTEXT_DEPENDENT_SHAPE_REPRESENTATION(#4648,#4650);
#4648 = ( REPRESENTATION_RELATIONSHIP('','',#3433,#3410) 
REPRESENTATION_RELATIONSHIP_WITH_TRANSFORMATION(#4649) 
SHAPE_REPRESENTATION_RELATIONSHIP() );
#4649 = ITEM_DEFINED_TRANSFORMATION('','',#11,#3411);
#4650 = PRODUCT_DEFINITION_SHAPE('Placement','Placement of an item',
  #4651);
#4651 = NEXT_ASSEMBLY_USAGE_OCCURRENCE('23','=>[0:1:1:9]','',#3405,#3428
  ,$);
#4652 = PRODUCT_RELATED_PRODUCT_CATEGORY('part',$,(#3430));
#4653 = SHAPE_DEFINITION_REPRESENTATION(#4654,#4660);
#4654 = PRODUCT_DEFINITION_SHAPE('','',#4655);
#4655 = PRODUCT_DEFINITION('design','',#4656,#4659);
#4656 = PRODUCT_DEFINITION_FORMATION('','',#4657);
#4657 = PRODUCT('PinHeader_1x01_P2.54mm_Vertical',
  'PinHeader_1x01_P2.54mm_Vertical','',(#4658));
#4658 = PRODUCT_CONTEXT('',#2,'mechanical');
#4659 = PRODUCT_DEFINITION_CONTEXT('part definition',#2,'design');
#4660 = SHAPE_REPRESENTATION('',(#11,#4661),#4665);
#4661 = AXIS2_PLACEMENT_3D('',#4662,#4663,#4664);
#4662 = CARTESIAN_POINT('',(0.,0.,0.));
#4663 = DIRECTION('',(0.,0.,1.));
#4664 = DIRECTION('',(1.,0.,-0.));
#4665 = ( GEOMETRIC_REPRESENTATION_CONTEXT(3) 
GLOBAL_UNCERTAINTY_ASSIGNED_CONTEXT((#4669)) 
GLOBAL_UNIT_ASSIGNED_CONTEXT((#4666,#4667,#4668)) REPRESENTATION_CONTEXT
('Context #1','3D Context with UNIT and UNCERTAINTY') );
#4666 = ( LENGTH_UNIT() NAMED_UNIT(*) SI_UNIT(.MILLI.,.METRE.) );
#4667 = ( NAMED_UNIT(*) PLANE_ANGLE_UNIT() SI_UNIT($,.RADIAN.) );
#4668 = ( NAMED_UNIT(*) SI_UNIT($,.STERADIAN.) SOLID_ANGLE_UNIT() );
#4669 = UNCERTAINTY_MEASURE_WITH_UNIT(LENGTH_MEASURE(1.E-07),#4666,
  'distance_accuracy_value','confusion accuracy');
#4670 = CONTEXT_DEPENDENT_SHAPE_REPRESENTATION(#4671,#4673);
#4671 = ( REPRESENTATION_RELATIONSHIP('','',#4660,#10) 
REPRESENTATION_RELATIONSHIP_WITH_TRANSFORMATION(#4672) 
SHAPE_REPRESENTATION_RELATIONSHIP() );
#4672 = ITEM_DEFINED_TRANSFORMATION('','',#11,#95);
#4673 = PRODUCT_DEFINITION_SHAPE('Placement','Placement of an item',
  #4674);
#4674 = NEXT_ASSEMBLY_USAGE_OCCURRENCE('26','J2','',#5,#4655,$);
#4675 = PRODUCT_RELATED_PRODUCT_CATEGORY('part',$,(#4657));
#4676 = SHAPE_DEFINITION_REPRESENTATION(#4677,#4683);
#4677 = PRODUCT_DEFINITION_SHAPE('','',#4678);
#4678 = PRODUCT_DEFINITION('design','',#4679,#4682);
#4679 = PRODUCT_DEFINITION_FORMATION('','',#4680);
#4680 = PRODUCT('PinHeader_1x01_P254mm_Vertical',
  'PinHeader_1x01_P254mm_Vertical','',(#4681));
#4681 = PRODUCT_CONTEXT('',#2,'mechanical');
#4682 = PRODUCT_DEFINITION_CONTEXT('part definition',#2,'design');
#4683 = ADVANCED_BREP_SHAPE_REPRESENTATION('',(#11,#4684),#5442);
#4684 = MANIFOLD_SOLID_BREP('',#4685);
#4685 = CLOSED_SHELL('',(#4686,#4726,#4757,#4788,#4871,#4954,#4971,#4988
    ,#5005,#5022,#5034,#5065,#5089,#5113,#5130,#5161,#5185,#5209,#5226,
    #5257,#5281,#5305,#5322,#5353,#5377,#5401,#5418,#5430));
#4686 = ADVANCED_FACE('',(#4687),#4721,.F.);
#4687 = FACE_BOUND('',#4688,.F.);
#4688 = EDGE_LOOP('',(#4689,#4699,#4707,#4715));
#4689 = ORIENTED_EDGE('',*,*,#4690,.T.);
#4690 = EDGE_CURVE('',#4691,#4693,#4695,.T.);
#4691 = VERTEX_POINT('',#4692);
#4692 = CARTESIAN_POINT('',(-1.016,1.27,0.));
#4693 = VERTEX_POINT('',#4694);
#4694 = CARTESIAN_POINT('',(-1.016,1.27,2.54));
#4695 = LINE('',#4696,#4697);
#4696 = CARTESIAN_POINT('',(-1.016,1.27,0.));
#4697 = VECTOR('',#4698,1.);
#4698 = DIRECTION('',(0.,0.,1.));
#4699 = ORIENTED_EDGE('',*,*,#4700,.T.);
#4700 = EDGE_CURVE('',#4693,#4701,#4703,.T.);
#4701 = VERTEX_POINT('',#4702);
#4702 = CARTESIAN_POINT('',(-1.27,1.016,2.54));
#4703 = LINE('',#4704,#4705);
#4704 = CARTESIAN_POINT('',(-1.016,1.27,2.54));
#4705 = VECTOR('',#4706,1.);
#4706 = DIRECTION('',(-0.707106781187,-0.707106781187,0.));
#4707 = ORIENTED_EDGE('',*,*,#4708,.F.);
#4708 = EDGE_CURVE('',#4709,#4701,#4711,.T.);
#4709 = VERTEX_POINT('',#4710);
#4710 = CARTESIAN_POINT('',(-1.27,1.016,0.));
#4711 = LINE('',#4712,#4713);
#4712 = CARTESIAN_POINT('',(-1.27,1.016,0.));
#4713 = VECTOR('',#4714,1.);
#4714 = DIRECTION('',(0.,0.,1.));
#4715 = ORIENTED_EDGE('',*,*,#4716,.F.);
#4716 = EDGE_CURVE('',#4691,#4709,#4717,.T.);
#4717 = LINE('',#4718,#4719);
#4718 = CARTESIAN_POINT('',(-1.016,1.27,0.));
#4719 = VECTOR('',#4720,1.);
#4720 = DIRECTION('',(-0.707106781187,-0.707106781187,0.));
#4721 = PLANE('',#4722);
#4722 = AXIS2_PLACEMENT_3D('',#4723,#4724,#4725);
#4723 = CARTESIAN_POINT('',(-1.016,1.27,0.));
#4724 = DIRECTION('',(0.707106781187,-0.707106781187,0.));
#4725 = DIRECTION('',(-0.707106781187,-0.707106781187,0.));
#4726 = ADVANCED_FACE('',(#4727),#4752,.F.);
#4727 = FACE_BOUND('',#4728,.F.);
#4728 = EDGE_LOOP('',(#4729,#4739,#4745,#4746));
#4729 = ORIENTED_EDGE('',*,*,#4730,.T.);
#4730 = EDGE_CURVE('',#4731,#4733,#4735,.T.);
#4731 = VERTEX_POINT('',#4732);
#4732 = CARTESIAN_POINT('',(1.016,1.27,0.));
#4733 = VERTEX_POINT('',#4734);
#4734 = CARTESIAN_POINT('',(1.016,1.27,2.54));
#4735 = LINE('',#4736,#4737);
#4736 = CARTESIAN_POINT('',(1.016,1.27,0.));
#4737 = VECTOR('',#4738,1.);
#4738 = DIRECTION('',(0.,0.,1.));
#4739 = ORIENTED_EDGE('',*,*,#4740,.T.);
#4740 = EDGE_CURVE('',#4733,#4693,#4741,.T.);
#4741 = LINE('',#4742,#4743);
#4742 = CARTESIAN_POINT('',(1.016,1.27,2.54));
#4743 = VECTOR('',#4744,1.);
#4744 = DIRECTION('',(-1.,0.,0.));
#4745 = ORIENTED_EDGE('',*,*,#4690,.F.);
#4746 = ORIENTED_EDGE('',*,*,#4747,.F.);
#4747 = EDGE_CURVE('',#4731,#4691,#4748,.T.);
#4748 = LINE('',#4749,#4750);
#4749 = CARTESIAN_POINT('',(1.016,1.27,0.));
#4750 = VECTOR('',#4751,1.);
#4751 = DIRECTION('',(-1.,0.,0.));
#4752 = PLANE('',#4753);
#4753 = AXIS2_PLACEMENT_3D('',#4754,#4755,#4756);
#4754 = CARTESIAN_POINT('',(1.016,1.27,0.));
#4755 = DIRECTION('',(0.,-1.,0.));
#4756 = DIRECTION('',(-1.,0.,0.));
#4757 = ADVANCED_FACE('',(#4758),#4783,.F.);
#4758 = FACE_BOUND('',#4759,.F.);
#4759 = EDGE_LOOP('',(#4760,#4761,#4769,#4777));
#4760 = ORIENTED_EDGE('',*,*,#4708,.T.);
#4761 = ORIENTED_EDGE('',*,*,#4762,.T.);
#4762 = EDGE_CURVE('',#4701,#4763,#4765,.T.);
#4763 = VERTEX_POINT('',#4764);
#4764 = CARTESIAN_POINT('',(-1.27,-1.016,2.54));
#4765 = LINE('',#4766,#4767);
#4766 = CARTESIAN_POINT('',(-1.27,1.016,2.54));
#4767 = VECTOR('',#4768,1.);
#4768 = DIRECTION('',(0.,-1.,0.));
#4769 = ORIENTED_EDGE('',*,*,#4770,.F.);
#4770 = EDGE_CURVE('',#4771,#4763,#4773,.T.);
#4771 = VERTEX_POINT('',#4772);
#4772 = CARTESIAN_POINT('',(-1.27,-1.016,0.));
#4773 = LINE('',#4774,#4775);
#4774 = CARTESIAN_POINT('',(-1.27,-1.016,0.));
#4775 = VECTOR('',#4776,1.);
#4776 = DIRECTION('',(0.,0.,1.));
#4777 = ORIENTED_EDGE('',*,*,#4778,.F.);
#4778 = EDGE_CURVE('',#4709,#4771,#4779,.T.);
#4779 = LINE('',#4780,#4781);
#4780 = CARTESIAN_POINT('',(-1.27,1.016,0.));
#4781 = VECTOR('',#4782,1.);
#4782 = DIRECTION('',(0.,-1.,0.));
#4783 = PLANE('',#4784);
#4784 = AXIS2_PLACEMENT_3D('',#4785,#4786,#4787);
#4785 = CARTESIAN_POINT('',(-1.27,1.016,0.));
#4786 = DIRECTION('',(1.,0.,0.));
#4787 = DIRECTION('',(0.,-1.,0.));
#4788 = ADVANCED_FACE('',(#4789,#4832),#4866,.F.);
#4789 = FACE_BOUND('',#4790,.F.);
#4790 = EDGE_LOOP('',(#4791,#4792,#4793,#4801,#4809,#4817,#4825,#4831));
#4791 = ORIENTED_EDGE('',*,*,#4716,.T.);
#4792 = ORIENTED_EDGE('',*,*,#4778,.T.);
#4793 = ORIENTED_EDGE('',*,*,#4794,.T.);
#4794 = EDGE_CURVE('',#4771,#4795,#4797,.T.);
#4795 = VERTEX_POINT('',#4796);
#4796 = CARTESIAN_POINT('',(-1.016,-1.27,0.));
#4797 = LINE('',#4798,#4799);
#4798 = CARTESIAN_POINT('',(-1.27,-1.016,0.));
#4799 = VECTOR('',#4800,1.);
#4800 = DIRECTION('',(0.707106781187,-0.707106781187,0.));
#4801 = ORIENTED_EDGE('',*,*,#4802,.T.);
#4802 = EDGE_CURVE('',#4795,#4803,#4805,.T.);
#4803 = VERTEX_POINT('',#4804);
#4804 = CARTESIAN_POINT('',(1.016,-1.27,0.));
#4805 = LINE('',#4806,#4807);
#4806 = CARTESIAN_POINT('',(-1.016,-1.27,0.));
#4807 = VECTOR('',#4808,1.);
#4808 = DIRECTION('',(1.,0.,0.));
#4809 = ORIENTED_EDGE('',*,*,#4810,.T.);
#4810 = EDGE_CURVE('',#4803,#4811,#4813,.T.);
#4811 = VERTEX_POINT('',#4812);
#4812 = CARTESIAN_POINT('',(1.27,-1.016,0.));
#4813 = LINE('',#4814,#4815);
#4814 = CARTESIAN_POINT('',(1.016,-1.27,0.));
#4815 = VECTOR('',#4816,1.);
#4816 = DIRECTION('',(0.707106781187,0.707106781187,0.));
#4817 = ORIENTED_EDGE('',*,*,#4818,.T.);
#4818 = EDGE_CURVE('',#4811,#4819,#4821,.T.);
#4819 = VERTEX_POINT('',#4820);
#4820 = CARTESIAN_POINT('',(1.27,1.016,0.));
#4821 = LINE('',#4822,#4823);
#4822 = CARTESIAN_POINT('',(1.27,-1.016,0.));
#4823 = VECTOR('',#4824,1.);
#4824 = DIRECTION('',(0.,1.,0.));
#4825 = ORIENTED_EDGE('',*,*,#4826,.T.);
#4826 = EDGE_CURVE('',#4819,#4731,#4827,.T.);
#4827 = LINE('',#4828,#4829);
#4828 = CARTESIAN_POINT('',(1.27,1.016,0.));
#4829 = VECTOR('',#4830,1.);
#4830 = DIRECTION('',(-0.707106781187,0.707106781187,0.));
#4831 = ORIENTED_EDGE('',*,*,#4747,.T.);
#4832 = FACE_BOUND('',#4833,.F.);
#4833 = EDGE_LOOP('',(#4834,#4844,#4852,#4860));
#4834 = ORIENTED_EDGE('',*,*,#4835,.T.);
#4835 = EDGE_CURVE('',#4836,#4838,#4840,.T.);
#4836 = VERTEX_POINT('',#4837);
#4837 = CARTESIAN_POINT('',(0.32,-0.32,0.));
#4838 = VERTEX_POINT('',#4839);
#4839 = CARTESIAN_POINT('',(-0.32,-0.32,0.));
#4840 = LINE('',#4841,#4842);
#4841 = CARTESIAN_POINT('',(-0.16,-0.32,0.));
#4842 = VECTOR('',#4843,1.);
#4843 = DIRECTION('',(-1.,0.,0.));
#4844 = ORIENTED_EDGE('',*,*,#4845,.T.);
#4845 = EDGE_CURVE('',#4838,#4846,#4848,.T.);
#4846 = VERTEX_POINT('',#4847);
#4847 = CARTESIAN_POINT('',(-0.32,0.32,0.));
#4848 = LINE('',#4849,#4850);
#4849 = CARTESIAN_POINT('',(-0.32,-0.16,0.));
#4850 = VECTOR('',#4851,1.);
#4851 = DIRECTION('',(0.,1.,0.));
#4852 = ORIENTED_EDGE('',*,*,#4853,.F.);
#4853 = EDGE_CURVE('',#4854,#4846,#4856,.T.);
#4854 = VERTEX_POINT('',#4855);
#4855 = CARTESIAN_POINT('',(0.32,0.32,0.));
#4856 = LINE('',#4857,#4858);
#4857 = CARTESIAN_POINT('',(-0.16,0.32,0.));
#4858 = VECTOR('',#4859,1.);
#4859 = DIRECTION('',(-1.,0.,0.));
#4860 = ORIENTED_EDGE('',*,*,#4861,.F.);
#4861 = EDGE_CURVE('',#4836,#4854,#4862,.T.);
#4862 = LINE('',#4863,#4864);
#4863 = CARTESIAN_POINT('',(0.32,-0.16,0.));
#4864 = VECTOR('',#4865,1.);
#4865 = DIRECTION('',(0.,1.,0.));
#4866 = PLANE('',#4867);
#4867 = AXIS2_PLACEMENT_3D('',#4868,#4869,#4870);
#4868 = CARTESIAN_POINT('',(2.321466769849E-17,4.642933539699E-17,0.));
#4869 = DIRECTION('',(0.,0.,1.));
#4870 = DIRECTION('',(1.,0.,-0.));
#4871 = ADVANCED_FACE('',(#4872,#4915),#4949,.T.);
#4872 = FACE_BOUND('',#4873,.T.);
#4873 = EDGE_LOOP('',(#4874,#4875,#4876,#4884,#4892,#4900,#4908,#4914));
#4874 = ORIENTED_EDGE('',*,*,#4700,.T.);
#4875 = ORIENTED_EDGE('',*,*,#4762,.T.);
#4876 = ORIENTED_EDGE('',*,*,#4877,.T.);
#4877 = EDGE_CURVE('',#4763,#4878,#4880,.T.);
#4878 = VERTEX_POINT('',#4879);
#4879 = CARTESIAN_POINT('',(-1.016,-1.27,2.54));
#4880 = LINE('',#4881,#4882);
#4881 = CARTESIAN_POINT('',(-1.27,-1.016,2.54));
#4882 = VECTOR('',#4883,1.);
#4883 = DIRECTION('',(0.707106781187,-0.707106781187,0.));
#4884 = ORIENTED_EDGE('',*,*,#4885,.T.);
#4885 = EDGE_CURVE('',#4878,#4886,#4888,.T.);
#4886 = VERTEX_POINT('',#4887);
#4887 = CARTESIAN_POINT('',(1.016,-1.27,2.54));
#4888 = LINE('',#4889,#4890);
#4889 = CARTESIAN_POINT('',(-1.016,-1.27,2.54));
#4890 = VECTOR('',#4891,1.);
#4891 = DIRECTION('',(1.,0.,0.));
#4892 = ORIENTED_EDGE('',*,*,#4893,.T.);
#4893 = EDGE_CURVE('',#4886,#4894,#4896,.T.);
#4894 = VERTEX_POINT('',#4895);
#4895 = CARTESIAN_POINT('',(1.27,-1.016,2.54));
#4896 = LINE('',#4897,#4898);
#4897 = CARTESIAN_POINT('',(1.016,-1.27,2.54));
#4898 = VECTOR('',#4899,1.);
#4899 = DIRECTION('',(0.707106781187,0.707106781187,0.));
#4900 = ORIENTED_EDGE('',*,*,#4901,.T.);
#4901 = EDGE_CURVE('',#4894,#4902,#4904,.T.);
#4902 = VERTEX_POINT('',#4903);
#4903 = CARTESIAN_POINT('',(1.27,1.016,2.54));
#4904 = LINE('',#4905,#4906);
#4905 = CARTESIAN_POINT('',(1.27,-1.016,2.54));
#4906 = VECTOR('',#4907,1.);
#4907 = DIRECTION('',(0.,1.,0.));
#4908 = ORIENTED_EDGE('',*,*,#4909,.T.);
#4909 = EDGE_CURVE('',#4902,#4733,#4910,.T.);
#4910 = LINE('',#4911,#4912);
#4911 = CARTESIAN_POINT('',(1.27,1.016,2.54));
#4912 = VECTOR('',#4913,1.);
#4913 = DIRECTION('',(-0.707106781187,0.707106781187,0.));
#4914 = ORIENTED_EDGE('',*,*,#4740,.T.);
#4915 = FACE_BOUND('',#4916,.T.);
#4916 = EDGE_LOOP('',(#4917,#4927,#4935,#4943));
#4917 = ORIENTED_EDGE('',*,*,#4918,.T.);
#4918 = EDGE_CURVE('',#4919,#4921,#4923,.T.);
#4919 = VERTEX_POINT('',#4920);
#4920 = CARTESIAN_POINT('',(0.32,-0.32,2.54));
#4921 = VERTEX_POINT('',#4922);
#4922 = CARTESIAN_POINT('',(-0.32,-0.32,2.54));
#4923 = LINE('',#4924,#4925);
#4924 = CARTESIAN_POINT('',(-0.16,-0.32,2.54));
#4925 = VECTOR('',#4926,1.);
#4926 = DIRECTION('',(-1.,0.,0.));
#4927 = ORIENTED_EDGE('',*,*,#4928,.T.);
#4928 = EDGE_CURVE('',#4921,#4929,#4931,.T.);
#4929 = VERTEX_POINT('',#4930);
#4930 = CARTESIAN_POINT('',(-0.32,0.32,2.54));
#4931 = LINE('',#4932,#4933);
#4932 = CARTESIAN_POINT('',(-0.32,-0.16,2.54));
#4933 = VECTOR('',#4934,1.);
#4934 = DIRECTION('',(0.,1.,0.));
#4935 = ORIENTED_EDGE('',*,*,#4936,.F.);
#4936 = EDGE_CURVE('',#4937,#4929,#4939,.T.);
#4937 = VERTEX_POINT('',#4938);
#4938 = CARTESIAN_POINT('',(0.32,0.32,2.54));
#4939 = LINE('',#4940,#4941);
#4940 = CARTESIAN_POINT('',(-0.16,0.32,2.54));
#4941 = VECTOR('',#4942,1.);
#4942 = DIRECTION('',(-1.,0.,0.));
#4943 = ORIENTED_EDGE('',*,*,#4944,.F.);
#4944 = EDGE_CURVE('',#4919,#4937,#4945,.T.);
#4945 = LINE('',#4946,#4947);
#4946 = CARTESIAN_POINT('',(0.32,-0.16,2.54));
#4947 = VECTOR('',#4948,1.);
#4948 = DIRECTION('',(0.,1.,0.));
#4949 = PLANE('',#4950);
#4950 = AXIS2_PLACEMENT_3D('',#4951,#4952,#4953);
#4951 = CARTESIAN_POINT('',(2.321466769849E-17,4.642933539699E-17,2.54)
  );
#4952 = DIRECTION('',(0.,0.,1.));
#4953 = DIRECTION('',(1.,0.,-0.));
#4954 = ADVANCED_FACE('',(#4955),#4966,.F.);
#4955 = FACE_BOUND('',#4956,.F.);
#4956 = EDGE_LOOP('',(#4957,#4963,#4964,#4965));
#4957 = ORIENTED_EDGE('',*,*,#4958,.T.);
#4958 = EDGE_CURVE('',#4819,#4902,#4959,.T.);
#4959 = LINE('',#4960,#4961);
#4960 = CARTESIAN_POINT('',(1.27,1.016,0.));
#4961 = VECTOR('',#4962,1.);
#4962 = DIRECTION('',(0.,0.,1.));
#4963 = ORIENTED_EDGE('',*,*,#4909,.T.);
#4964 = ORIENTED_EDGE('',*,*,#4730,.F.);
#4965 = ORIENTED_EDGE('',*,*,#4826,.F.);
#4966 = PLANE('',#4967);
#4967 = AXIS2_PLACEMENT_3D('',#4968,#4969,#4970);
#4968 = CARTESIAN_POINT('',(1.27,1.016,0.));
#4969 = DIRECTION('',(-0.707106781187,-0.707106781187,0.));
#4970 = DIRECTION('',(-0.707106781187,0.707106781187,0.));
#4971 = ADVANCED_FACE('',(#4972),#4983,.F.);
#4972 = FACE_BOUND('',#4973,.F.);
#4973 = EDGE_LOOP('',(#4974,#4975,#4976,#4982));
#4974 = ORIENTED_EDGE('',*,*,#4770,.T.);
#4975 = ORIENTED_EDGE('',*,*,#4877,.T.);
#4976 = ORIENTED_EDGE('',*,*,#4977,.F.);
#4977 = EDGE_CURVE('',#4795,#4878,#4978,.T.);
#4978 = LINE('',#4979,#4980);
#4979 = CARTESIAN_POINT('',(-1.016,-1.27,0.));
#4980 = VECTOR('',#4981,1.);
#4981 = DIRECTION('',(0.,0.,1.));
#4982 = ORIENTED_EDGE('',*,*,#4794,.F.);
#4983 = PLANE('',#4984);
#4984 = AXIS2_PLACEMENT_3D('',#4985,#4986,#4987);
#4985 = CARTESIAN_POINT('',(-1.27,-1.016,0.));
#4986 = DIRECTION('',(0.707106781187,0.707106781187,0.));
#4987 = DIRECTION('',(0.707106781187,-0.707106781187,0.));
#4988 = ADVANCED_FACE('',(#4989),#5000,.F.);
#4989 = FACE_BOUND('',#4990,.F.);
#4990 = EDGE_LOOP('',(#4991,#4997,#4998,#4999));
#4991 = ORIENTED_EDGE('',*,*,#4992,.T.);
#4992 = EDGE_CURVE('',#4811,#4894,#4993,.T.);
#4993 = LINE('',#4994,#4995);
#4994 = CARTESIAN_POINT('',(1.27,-1.016,0.));
#4995 = VECTOR('',#4996,1.);
#4996 = DIRECTION('',(0.,0.,1.));
#4997 = ORIENTED_EDGE('',*,*,#4901,.T.);
#4998 = ORIENTED_EDGE('',*,*,#4958,.F.);
#4999 = ORIENTED_EDGE('',*,*,#4818,.F.);
#5000 = PLANE('',#5001);
#5001 = AXIS2_PLACEMENT_3D('',#5002,#5003,#5004);
#5002 = CARTESIAN_POINT('',(1.27,-1.016,0.));
#5003 = DIRECTION('',(-1.,0.,0.));
#5004 = DIRECTION('',(0.,1.,0.));
#5005 = ADVANCED_FACE('',(#5006),#5017,.F.);
#5006 = FACE_BOUND('',#5007,.F.);
#5007 = EDGE_LOOP('',(#5008,#5009,#5010,#5016));
#5008 = ORIENTED_EDGE('',*,*,#4977,.T.);
#5009 = ORIENTED_EDGE('',*,*,#4885,.T.);
#5010 = ORIENTED_EDGE('',*,*,#5011,.F.);
#5011 = EDGE_CURVE('',#4803,#4886,#5012,.T.);
#5012 = LINE('',#5013,#5014);
#5013 = CARTESIAN_POINT('',(1.016,-1.27,0.));
#5014 = VECTOR('',#5015,1.);
#5015 = DIRECTION('',(0.,0.,1.));
#5016 = ORIENTED_EDGE('',*,*,#4802,.F.);
#5017 = PLANE('',#5018);
#5018 = AXIS2_PLACEMENT_3D('',#5019,#5020,#5021);
#5019 = CARTESIAN_POINT('',(-1.016,-1.27,0.));
#5020 = DIRECTION('',(0.,1.,0.));
#5021 = DIRECTION('',(1.,0.,0.));
#5022 = ADVANCED_FACE('',(#5023),#5029,.F.);
#5023 = FACE_BOUND('',#5024,.F.);
#5024 = EDGE_LOOP('',(#5025,#5026,#5027,#5028));
#5025 = ORIENTED_EDGE('',*,*,#5011,.T.);
#5026 = ORIENTED_EDGE('',*,*,#4893,.T.);
#5027 = ORIENTED_EDGE('',*,*,#4992,.F.);
#5028 = ORIENTED_EDGE('',*,*,#4810,.F.);
#5029 = PLANE('',#5030);
#5030 = AXIS2_PLACEMENT_3D('',#5031,#5032,#5033);
#5031 = CARTESIAN_POINT('',(1.016,-1.27,0.));
#5032 = DIRECTION('',(-0.707106781187,0.707106781187,0.));
#5033 = DIRECTION('',(0.707106781187,0.707106781187,0.));
#5034 = ADVANCED_FACE('',(#5035),#5060,.F.);
#5035 = FACE_BOUND('',#5036,.F.);
#5036 = EDGE_LOOP('',(#5037,#5045,#5053,#5059));
#5037 = ORIENTED_EDGE('',*,*,#5038,.F.);
#5038 = EDGE_CURVE('',#5039,#4836,#5041,.T.);
#5039 = VERTEX_POINT('',#5040);
#5040 = CARTESIAN_POINT('',(0.32,-0.32,-2.84));
#5041 = LINE('',#5042,#5043);
#5042 = CARTESIAN_POINT('',(0.32,-0.32,-3.));
#5043 = VECTOR('',#5044,1.);
#5044 = DIRECTION('',(0.,0.,1.));
#5045 = ORIENTED_EDGE('',*,*,#5046,.F.);
#5046 = EDGE_CURVE('',#5047,#5039,#5049,.T.);
#5047 = VERTEX_POINT('',#5048);
#5048 = CARTESIAN_POINT('',(-0.32,-0.32,-2.84));
#5049 = LINE('',#5050,#5051);
#5050 = CARTESIAN_POINT('',(-0.32,-0.32,-2.84));
#5051 = VECTOR('',#5052,1.);
#5052 = DIRECTION('',(1.,0.,0.));
#5053 = ORIENTED_EDGE('',*,*,#5054,.T.);
#5054 = EDGE_CURVE('',#5047,#4838,#5055,.T.);
#5055 = LINE('',#5056,#5057);
#5056 = CARTESIAN_POINT('',(-0.32,-0.32,-3.));
#5057 = VECTOR('',#5058,1.);
#5058 = DIRECTION('',(0.,0.,1.));
#5059 = ORIENTED_EDGE('',*,*,#4835,.F.);
#5060 = PLANE('',#5061);
#5061 = AXIS2_PLACEMENT_3D('',#5062,#5063,#5064);
#5062 = CARTESIAN_POINT('',(-0.32,-0.32,-3.));
#5063 = DIRECTION('',(0.,1.,0.));
#5064 = DIRECTION('',(0.,-0.,1.));
#5065 = ADVANCED_FACE('',(#5066),#5084,.T.);
#5066 = FACE_BOUND('',#5067,.T.);
#5067 = EDGE_LOOP('',(#5068,#5069,#5077,#5083));
#5068 = ORIENTED_EDGE('',*,*,#5038,.F.);
#5069 = ORIENTED_EDGE('',*,*,#5070,.T.);
#5070 = EDGE_CURVE('',#5039,#5071,#5073,.T.);
#5071 = VERTEX_POINT('',#5072);
#5072 = CARTESIAN_POINT('',(0.32,0.32,-2.84));
#5073 = LINE('',#5074,#5075);
#5074 = CARTESIAN_POINT('',(0.32,-0.32,-2.84));
#5075 = VECTOR('',#5076,1.);
#5076 = DIRECTION('',(0.,1.,0.));
#5077 = ORIENTED_EDGE('',*,*,#5078,.T.);
#5078 = EDGE_CURVE('',#5071,#4854,#5079,.T.);
#5079 = LINE('',#5080,#5081);
#5080 = CARTESIAN_POINT('',(0.32,0.32,-3.));
#5081 = VECTOR('',#5082,1.);
#5082 = DIRECTION('',(0.,0.,1.));
#5083 = ORIENTED_EDGE('',*,*,#4861,.F.);
#5084 = PLANE('',#5085);
#5085 = AXIS2_PLACEMENT_3D('',#5086,#5087,#5088);
#5086 = CARTESIAN_POINT('',(0.32,-0.32,-3.));
#5087 = DIRECTION('',(1.,0.,0.));
#5088 = DIRECTION('',(0.,0.,1.));
#5089 = ADVANCED_FACE('',(#5090),#5108,.T.);
#5090 = FACE_BOUND('',#5091,.T.);
#5091 = EDGE_LOOP('',(#5092,#5093,#5101,#5107));
#5092 = ORIENTED_EDGE('',*,*,#5078,.F.);
#5093 = ORIENTED_EDGE('',*,*,#5094,.F.);
#5094 = EDGE_CURVE('',#5095,#5071,#5097,.T.);
#5095 = VERTEX_POINT('',#5096);
#5096 = CARTESIAN_POINT('',(-0.32,0.32,-2.84));
#5097 = LINE('',#5098,#5099);
#5098 = CARTESIAN_POINT('',(-0.32,0.32,-2.84));
#5099 = VECTOR('',#5100,1.);
#5100 = DIRECTION('',(1.,0.,0.));
#5101 = ORIENTED_EDGE('',*,*,#5102,.T.);
#5102 = EDGE_CURVE('',#5095,#4846,#5103,.T.);
#5103 = LINE('',#5104,#5105);
#5104 = CARTESIAN_POINT('',(-0.32,0.32,-3.));
#5105 = VECTOR('',#5106,1.);
#5106 = DIRECTION('',(0.,0.,1.));
#5107 = ORIENTED_EDGE('',*,*,#4853,.F.);
#5108 = PLANE('',#5109);
#5109 = AXIS2_PLACEMENT_3D('',#5110,#5111,#5112);
#5110 = CARTESIAN_POINT('',(-0.32,0.32,-3.));
#5111 = DIRECTION('',(0.,1.,0.));
#5112 = DIRECTION('',(0.,-0.,1.));
#5113 = ADVANCED_FACE('',(#5114),#5125,.F.);
#5114 = FACE_BOUND('',#5115,.F.);
#5115 = EDGE_LOOP('',(#5116,#5117,#5123,#5124));
#5116 = ORIENTED_EDGE('',*,*,#5054,.F.);
#5117 = ORIENTED_EDGE('',*,*,#5118,.T.);
#5118 = EDGE_CURVE('',#5047,#5095,#5119,.T.);
#5119 = LINE('',#5120,#5121);
#5120 = CARTESIAN_POINT('',(-0.32,-0.32,-2.84));
#5121 = VECTOR('',#5122,1.);
#5122 = DIRECTION('',(0.,1.,0.));
#5123 = ORIENTED_EDGE('',*,*,#5102,.T.);
#5124 = ORIENTED_EDGE('',*,*,#4845,.F.);
#5125 = PLANE('',#5126);
#5126 = AXIS2_PLACEMENT_3D('',#5127,#5128,#5129);
#5127 = CARTESIAN_POINT('',(-0.32,-0.32,-3.));
#5128 = DIRECTION('',(1.,0.,0.));
#5129 = DIRECTION('',(0.,0.,1.));
#5130 = ADVANCED_FACE('',(#5131),#5156,.F.);
#5131 = FACE_BOUND('',#5132,.F.);
#5132 = EDGE_LOOP('',(#5133,#5141,#5142,#5150));
#5133 = ORIENTED_EDGE('',*,*,#5134,.F.);
#5134 = EDGE_CURVE('',#4919,#5135,#5137,.T.);
#5135 = VERTEX_POINT('',#5136);
#5136 = CARTESIAN_POINT('',(0.32,-0.32,8.38));
#5137 = LINE('',#5138,#5139);
#5138 = CARTESIAN_POINT('',(0.32,-0.32,-3.));
#5139 = VECTOR('',#5140,1.);
#5140 = DIRECTION('',(0.,0.,1.));
#5141 = ORIENTED_EDGE('',*,*,#4918,.T.);
#5142 = ORIENTED_EDGE('',*,*,#5143,.T.);
#5143 = EDGE_CURVE('',#4921,#5144,#5146,.T.);
#5144 = VERTEX_POINT('',#5145);
#5145 = CARTESIAN_POINT('',(-0.32,-0.32,8.38));
#5146 = LINE('',#5147,#5148);
#5147 = CARTESIAN_POINT('',(-0.32,-0.32,-3.));
#5148 = VECTOR('',#5149,1.);
#5149 = DIRECTION('',(0.,0.,1.));
#5150 = ORIENTED_EDGE('',*,*,#5151,.T.);
#5151 = EDGE_CURVE('',#5144,#5135,#5152,.T.);
#5152 = LINE('',#5153,#5154);
#5153 = CARTESIAN_POINT('',(-0.32,-0.32,8.38));
#5154 = VECTOR('',#5155,1.);
#5155 = DIRECTION('',(1.,0.,0.));
#5156 = PLANE('',#5157);
#5157 = AXIS2_PLACEMENT_3D('',#5158,#5159,#5160);
#5158 = CARTESIAN_POINT('',(-0.32,-0.32,-3.));
#5159 = DIRECTION('',(0.,1.,0.));
#5160 = DIRECTION('',(0.,-0.,1.));
#5161 = ADVANCED_FACE('',(#5162),#5180,.T.);
#5162 = FACE_BOUND('',#5163,.T.);
#5163 = EDGE_LOOP('',(#5164,#5165,#5166,#5174));
#5164 = ORIENTED_EDGE('',*,*,#5134,.F.);
#5165 = ORIENTED_EDGE('',*,*,#4944,.T.);
#5166 = ORIENTED_EDGE('',*,*,#5167,.T.);
#5167 = EDGE_CURVE('',#4937,#5168,#5170,.T.);
#5168 = VERTEX_POINT('',#5169);
#5169 = CARTESIAN_POINT('',(0.32,0.32,8.38));
#5170 = LINE('',#5171,#5172);
#5171 = CARTESIAN_POINT('',(0.32,0.32,-3.));
#5172 = VECTOR('',#5173,1.);
#5173 = DIRECTION('',(0.,0.,1.));
#5174 = ORIENTED_EDGE('',*,*,#5175,.F.);
#5175 = EDGE_CURVE('',#5135,#5168,#5176,.T.);
#5176 = LINE('',#5177,#5178);
#5177 = CARTESIAN_POINT('',(0.32,-0.32,8.38));
#5178 = VECTOR('',#5179,1.);
#5179 = DIRECTION('',(0.,1.,0.));
#5180 = PLANE('',#5181);
#5181 = AXIS2_PLACEMENT_3D('',#5182,#5183,#5184);
#5182 = CARTESIAN_POINT('',(0.32,-0.32,-3.));
#5183 = DIRECTION('',(1.,0.,0.));
#5184 = DIRECTION('',(0.,0.,1.));
#5185 = ADVANCED_FACE('',(#5186),#5204,.T.);
#5186 = FACE_BOUND('',#5187,.T.);
#5187 = EDGE_LOOP('',(#5188,#5189,#5190,#5198));
#5188 = ORIENTED_EDGE('',*,*,#5167,.F.);
#5189 = ORIENTED_EDGE('',*,*,#4936,.T.);
#5190 = ORIENTED_EDGE('',*,*,#5191,.T.);
#5191 = EDGE_CURVE('',#4929,#5192,#5194,.T.);
#5192 = VERTEX_POINT('',#5193);
#5193 = CARTESIAN_POINT('',(-0.32,0.32,8.38));
#5194 = LINE('',#5195,#5196);
#5195 = CARTESIAN_POINT('',(-0.32,0.32,-3.));
#5196 = VECTOR('',#5197,1.);
#5197 = DIRECTION('',(0.,0.,1.));
#5198 = ORIENTED_EDGE('',*,*,#5199,.T.);
#5199 = EDGE_CURVE('',#5192,#5168,#5200,.T.);
#5200 = LINE('',#5201,#5202);
#5201 = CARTESIAN_POINT('',(-0.32,0.32,8.38));
#5202 = VECTOR('',#5203,1.);
#5203 = DIRECTION('',(1.,0.,0.));
#5204 = PLANE('',#5205);
#5205 = AXIS2_PLACEMENT_3D('',#5206,#5207,#5208);
#5206 = CARTESIAN_POINT('',(-0.32,0.32,-3.));
#5207 = DIRECTION('',(0.,1.,0.));
#5208 = DIRECTION('',(0.,-0.,1.));
#5209 = ADVANCED_FACE('',(#5210),#5221,.F.);
#5210 = FACE_BOUND('',#5211,.F.);
#5211 = EDGE_LOOP('',(#5212,#5213,#5214,#5215));
#5212 = ORIENTED_EDGE('',*,*,#5143,.F.);
#5213 = ORIENTED_EDGE('',*,*,#4928,.T.);
#5214 = ORIENTED_EDGE('',*,*,#5191,.T.);
#5215 = ORIENTED_EDGE('',*,*,#5216,.F.);
#5216 = EDGE_CURVE('',#5144,#5192,#5217,.T.);
#5217 = LINE('',#5218,#5219);
#5218 = CARTESIAN_POINT('',(-0.32,-0.32,8.38));
#5219 = VECTOR('',#5220,1.);
#5220 = DIRECTION('',(0.,1.,0.));
#5221 = PLANE('',#5222);
#5222 = AXIS2_PLACEMENT_3D('',#5223,#5224,#5225);
#5223 = CARTESIAN_POINT('',(-0.32,-0.32,-3.));
#5224 = DIRECTION('',(1.,0.,0.));
#5225 = DIRECTION('',(0.,0.,1.));
#5226 = ADVANCED_FACE('',(#5227),#5252,.T.);
#5227 = FACE_BOUND('',#5228,.F.);
#5228 = EDGE_LOOP('',(#5229,#5237,#5238,#5246));
#5229 = ORIENTED_EDGE('',*,*,#5230,.F.);
#5230 = EDGE_CURVE('',#5047,#5231,#5233,.T.);
#5231 = VERTEX_POINT('',#5232);
#5232 = CARTESIAN_POINT('',(-0.16,-0.16,-3.));
#5233 = LINE('',#5234,#5235);
#5234 = CARTESIAN_POINT('',(-0.266666666667,-0.266666666667,
    -2.893333333333));
#5235 = VECTOR('',#5236,1.);
#5236 = DIRECTION('',(0.57735026919,0.57735026919,-0.57735026919));
#5237 = ORIENTED_EDGE('',*,*,#5046,.T.);
#5238 = ORIENTED_EDGE('',*,*,#5239,.T.);
#5239 = EDGE_CURVE('',#5039,#5240,#5242,.T.);
#5240 = VERTEX_POINT('',#5241);
#5241 = CARTESIAN_POINT('',(0.16,-0.16,-3.));
#5242 = LINE('',#5243,#5244);
#5243 = CARTESIAN_POINT('',(0.16,-0.16,-3.));
#5244 = VECTOR('',#5245,1.);
#5245 = DIRECTION('',(-0.57735026919,0.57735026919,-0.57735026919));
#5246 = ORIENTED_EDGE('',*,*,#5247,.F.);
#5247 = EDGE_CURVE('',#5231,#5240,#5248,.T.);
#5248 = LINE('',#5249,#5250);
#5249 = CARTESIAN_POINT('',(-0.32,-0.16,-3.));
#5250 = VECTOR('',#5251,1.);
#5251 = DIRECTION('',(1.,0.,0.));
#5252 = PLANE('',#5253);
#5253 = AXIS2_PLACEMENT_3D('',#5254,#5255,#5256);
#5254 = CARTESIAN_POINT('',(-0.32,-0.24,-2.92));
#5255 = DIRECTION('',(1.735167508357E-18,-0.707106781187,-0.707106781187
    ));
#5256 = DIRECTION('',(-1.,-1.226948711654E-18,-1.226948711654E-18));
#5257 = ADVANCED_FACE('',(#5258),#5276,.F.);
#5258 = FACE_BOUND('',#5259,.F.);
#5259 = EDGE_LOOP('',(#5260,#5261,#5262,#5270));
#5260 = ORIENTED_EDGE('',*,*,#5239,.F.);
#5261 = ORIENTED_EDGE('',*,*,#5070,.T.);
#5262 = ORIENTED_EDGE('',*,*,#5263,.T.);
#5263 = EDGE_CURVE('',#5071,#5264,#5266,.T.);
#5264 = VERTEX_POINT('',#5265);
#5265 = CARTESIAN_POINT('',(0.16,0.16,-3.));
#5266 = LINE('',#5267,#5268);
#5267 = CARTESIAN_POINT('',(5.333333333333E-02,5.333333333333E-02,
    -3.106666666667));
#5268 = VECTOR('',#5269,1.);
#5269 = DIRECTION('',(-0.57735026919,-0.57735026919,-0.57735026919));
#5270 = ORIENTED_EDGE('',*,*,#5271,.F.);
#5271 = EDGE_CURVE('',#5240,#5264,#5272,.T.);
#5272 = LINE('',#5273,#5274);
#5273 = CARTESIAN_POINT('',(0.16,-0.32,-3.));
#5274 = VECTOR('',#5275,1.);
#5275 = DIRECTION('',(0.,1.,0.));
#5276 = PLANE('',#5277);
#5277 = AXIS2_PLACEMENT_3D('',#5278,#5279,#5280);
#5278 = CARTESIAN_POINT('',(0.24,-0.32,-2.92));
#5279 = DIRECTION('',(-0.707106781187,1.735167508357E-18,0.707106781187)
  );
#5280 = DIRECTION('',(1.226948711654E-18,1.,-1.226948711654E-18));
#5281 = ADVANCED_FACE('',(#5282),#5300,.F.);
#5282 = FACE_BOUND('',#5283,.T.);
#5283 = EDGE_LOOP('',(#5284,#5292,#5293,#5294));
#5284 = ORIENTED_EDGE('',*,*,#5285,.F.);
#5285 = EDGE_CURVE('',#5095,#5286,#5288,.T.);
#5286 = VERTEX_POINT('',#5287);
#5287 = CARTESIAN_POINT('',(-0.16,0.16,-3.));
#5288 = LINE('',#5289,#5290);
#5289 = CARTESIAN_POINT('',(-0.16,0.16,-3.));
#5290 = VECTOR('',#5291,1.);
#5291 = DIRECTION('',(0.57735026919,-0.57735026919,-0.57735026919));
#5292 = ORIENTED_EDGE('',*,*,#5094,.T.);
#5293 = ORIENTED_EDGE('',*,*,#5263,.T.);
#5294 = ORIENTED_EDGE('',*,*,#5295,.F.);
#5295 = EDGE_CURVE('',#5286,#5264,#5296,.T.);
#5296 = LINE('',#5297,#5298);
#5297 = CARTESIAN_POINT('',(-0.32,0.16,-3.));
#5298 = VECTOR('',#5299,1.);
#5299 = DIRECTION('',(1.,0.,0.));
#5300 = PLANE('',#5301);
#5301 = AXIS2_PLACEMENT_3D('',#5302,#5303,#5304);
#5302 = CARTESIAN_POINT('',(-0.32,0.24,-2.92));
#5303 = DIRECTION('',(-1.735167508357E-18,-0.707106781187,0.707106781187
    ));
#5304 = DIRECTION('',(-1.,1.226948711654E-18,-1.226948711654E-18));
#5305 = ADVANCED_FACE('',(#5306),#5317,.T.);
#5306 = FACE_BOUND('',#5307,.T.);
#5307 = EDGE_LOOP('',(#5308,#5309,#5310,#5311));
#5308 = ORIENTED_EDGE('',*,*,#5230,.F.);
#5309 = ORIENTED_EDGE('',*,*,#5118,.T.);
#5310 = ORIENTED_EDGE('',*,*,#5285,.T.);
#5311 = ORIENTED_EDGE('',*,*,#5312,.F.);
#5312 = EDGE_CURVE('',#5231,#5286,#5313,.T.);
#5313 = LINE('',#5314,#5315);
#5314 = CARTESIAN_POINT('',(-0.16,-0.32,-3.));
#5315 = VECTOR('',#5316,1.);
#5316 = DIRECTION('',(0.,1.,0.));
#5317 = PLANE('',#5318);
#5318 = AXIS2_PLACEMENT_3D('',#5319,#5320,#5321);
#5319 = CARTESIAN_POINT('',(-0.24,-0.32,-2.92));
#5320 = DIRECTION('',(-0.707106781187,-1.735167508357E-18,
    -0.707106781187));
#5321 = DIRECTION('',(-1.226948711654E-18,1.,-1.226948711654E-18));
#5322 = ADVANCED_FACE('',(#5323),#5348,.F.);
#5323 = FACE_BOUND('',#5324,.T.);
#5324 = EDGE_LOOP('',(#5325,#5333,#5334,#5342));
#5325 = ORIENTED_EDGE('',*,*,#5326,.F.);
#5326 = EDGE_CURVE('',#5144,#5327,#5329,.T.);
#5327 = VERTEX_POINT('',#5328);
#5328 = CARTESIAN_POINT('',(-0.16,-0.16,8.54));
#5329 = LINE('',#5330,#5331);
#5330 = CARTESIAN_POINT('',(-0.266666666667,-0.266666666667,
    8.433333333333));
#5331 = VECTOR('',#5332,1.);
#5332 = DIRECTION('',(0.57735026919,0.57735026919,0.57735026919));
#5333 = ORIENTED_EDGE('',*,*,#5151,.T.);
#5334 = ORIENTED_EDGE('',*,*,#5335,.T.);
#5335 = EDGE_CURVE('',#5135,#5336,#5338,.T.);
#5336 = VERTEX_POINT('',#5337);
#5337 = CARTESIAN_POINT('',(0.16,-0.16,8.54));
#5338 = LINE('',#5339,#5340);
#5339 = CARTESIAN_POINT('',(0.16,-0.16,8.54));
#5340 = VECTOR('',#5341,1.);
#5341 = DIRECTION('',(-0.57735026919,0.57735026919,0.57735026919));
#5342 = ORIENTED_EDGE('',*,*,#5343,.F.);
#5343 = EDGE_CURVE('',#5327,#5336,#5344,.T.);
#5344 = LINE('',#5345,#5346);
#5345 = CARTESIAN_POINT('',(-0.32,-0.16,8.54));
#5346 = VECTOR('',#5347,1.);
#5347 = DIRECTION('',(1.,0.,0.));
#5348 = PLANE('',#5349);
#5349 = AXIS2_PLACEMENT_3D('',#5350,#5351,#5352);
#5350 = CARTESIAN_POINT('',(-0.32,-0.24,8.46));
#5351 = DIRECTION('',(-1.735167508357E-18,0.707106781187,-0.707106781187
    ));
#5352 = DIRECTION('',(-1.,-1.226948711654E-18,1.226948711654E-18));
#5353 = ADVANCED_FACE('',(#5354),#5372,.T.);
#5354 = FACE_BOUND('',#5355,.T.);
#5355 = EDGE_LOOP('',(#5356,#5357,#5358,#5366));
#5356 = ORIENTED_EDGE('',*,*,#5335,.F.);
#5357 = ORIENTED_EDGE('',*,*,#5175,.T.);
#5358 = ORIENTED_EDGE('',*,*,#5359,.T.);
#5359 = EDGE_CURVE('',#5168,#5360,#5362,.T.);
#5360 = VERTEX_POINT('',#5361);
#5361 = CARTESIAN_POINT('',(0.16,0.16,8.54));
#5362 = LINE('',#5363,#5364);
#5363 = CARTESIAN_POINT('',(5.333333333333E-02,5.333333333333E-02,
    8.646666666667));
#5364 = VECTOR('',#5365,1.);
#5365 = DIRECTION('',(-0.57735026919,-0.57735026919,0.57735026919));
#5366 = ORIENTED_EDGE('',*,*,#5367,.F.);
#5367 = EDGE_CURVE('',#5336,#5360,#5368,.T.);
#5368 = LINE('',#5369,#5370);
#5369 = CARTESIAN_POINT('',(0.16,-0.32,8.54));
#5370 = VECTOR('',#5371,1.);
#5371 = DIRECTION('',(0.,1.,0.));
#5372 = PLANE('',#5373);
#5373 = AXIS2_PLACEMENT_3D('',#5374,#5375,#5376);
#5374 = CARTESIAN_POINT('',(0.24,-0.32,8.46));
#5375 = DIRECTION('',(0.707106781187,-1.735167508357E-18,0.707106781187)
  );
#5376 = DIRECTION('',(1.226948711654E-18,1.,1.226948711654E-18));
#5377 = ADVANCED_FACE('',(#5378),#5396,.T.);
#5378 = FACE_BOUND('',#5379,.F.);
#5379 = EDGE_LOOP('',(#5380,#5388,#5389,#5390));
#5380 = ORIENTED_EDGE('',*,*,#5381,.F.);
#5381 = EDGE_CURVE('',#5192,#5382,#5384,.T.);
#5382 = VERTEX_POINT('',#5383);
#5383 = CARTESIAN_POINT('',(-0.16,0.16,8.54));
#5384 = LINE('',#5385,#5386);
#5385 = CARTESIAN_POINT('',(-0.16,0.16,8.54));
#5386 = VECTOR('',#5387,1.);
#5387 = DIRECTION('',(0.57735026919,-0.57735026919,0.57735026919));
#5388 = ORIENTED_EDGE('',*,*,#5199,.T.);
#5389 = ORIENTED_EDGE('',*,*,#5359,.T.);
#5390 = ORIENTED_EDGE('',*,*,#5391,.F.);
#5391 = EDGE_CURVE('',#5382,#5360,#5392,.T.);
#5392 = LINE('',#5393,#5394);
#5393 = CARTESIAN_POINT('',(-0.32,0.16,8.54));
#5394 = VECTOR('',#5395,1.);
#5395 = DIRECTION('',(1.,0.,0.));
#5396 = PLANE('',#5397);
#5397 = AXIS2_PLACEMENT_3D('',#5398,#5399,#5400);
#5398 = CARTESIAN_POINT('',(-0.32,0.24,8.46));
#5399 = DIRECTION('',(1.735167508357E-18,0.707106781187,0.707106781187)
  );
#5400 = DIRECTION('',(-1.,1.226948711654E-18,1.226948711654E-18));
#5401 = ADVANCED_FACE('',(#5402),#5413,.F.);
#5402 = FACE_BOUND('',#5403,.F.);
#5403 = EDGE_LOOP('',(#5404,#5405,#5406,#5407));
#5404 = ORIENTED_EDGE('',*,*,#5326,.F.);
#5405 = ORIENTED_EDGE('',*,*,#5216,.T.);
#5406 = ORIENTED_EDGE('',*,*,#5381,.T.);
#5407 = ORIENTED_EDGE('',*,*,#5408,.F.);
#5408 = EDGE_CURVE('',#5327,#5382,#5409,.T.);
#5409 = LINE('',#5410,#5411);
#5410 = CARTESIAN_POINT('',(-0.16,-0.32,8.54));
#5411 = VECTOR('',#5412,1.);
#5412 = DIRECTION('',(0.,1.,0.));
#5413 = PLANE('',#5414);
#5414 = AXIS2_PLACEMENT_3D('',#5415,#5416,#5417);
#5415 = CARTESIAN_POINT('',(-0.24,-0.32,8.46));
#5416 = DIRECTION('',(0.707106781187,1.735167508357E-18,-0.707106781187)
  );
#5417 = DIRECTION('',(-1.226948711654E-18,1.,1.226948711654E-18));
#5418 = ADVANCED_FACE('',(#5419),#5425,.F.);
#5419 = FACE_BOUND('',#5420,.F.);
#5420 = EDGE_LOOP('',(#5421,#5422,#5423,#5424));
#5421 = ORIENTED_EDGE('',*,*,#5295,.F.);
#5422 = ORIENTED_EDGE('',*,*,#5312,.F.);
#5423 = ORIENTED_EDGE('',*,*,#5247,.T.);
#5424 = ORIENTED_EDGE('',*,*,#5271,.T.);
#5425 = PLANE('',#5426);
#5426 = AXIS2_PLACEMENT_3D('',#5427,#5428,#5429);
#5427 = CARTESIAN_POINT('',(-0.32,-0.32,-3.));
#5428 = DIRECTION('',(0.,0.,1.));
#5429 = DIRECTION('',(1.,0.,-0.));
#5430 = ADVANCED_FACE('',(#5431),#5437,.T.);
#5431 = FACE_BOUND('',#5432,.T.);
#5432 = EDGE_LOOP('',(#5433,#5434,#5435,#5436));
#5433 = ORIENTED_EDGE('',*,*,#5367,.T.);
#5434 = ORIENTED_EDGE('',*,*,#5391,.F.);
#5435 = ORIENTED_EDGE('',*,*,#5408,.F.);
#5436 = ORIENTED_EDGE('',*,*,#5343,.T.);
#5437 = PLANE('',#5438);
#5438 = AXIS2_PLACEMENT_3D('',#5439,#5440,#5441);
#5439 = CARTESIAN_POINT('',(-0.32,-0.32,8.54));
#5440 = DIRECTION('',(0.,0.,1.));
#5441 = DIRECTION('',(1.,0.,-0.));
#5442 = ( GEOMETRIC_REPRESENTATION_CONTEXT(3) 
GLOBAL_UNCERTAINTY_ASSIGNED_CONTEXT((#5446)) 
GLOBAL_UNIT_ASSIGNED_CONTEXT((#5443,#5444,#5445)) REPRESENTATION_CONTEXT
('Context #1','3D Context with UNIT and UNCERTAINTY') );
#5443 = ( LENGTH_UNIT() NAMED_UNIT(*) SI_UNIT(.MILLI.,.METRE.) );
#5444 = ( NAMED_UNIT(*) PLANE_ANGLE_UNIT() SI_UNIT($,.RADIAN.) );
#5445 = ( NAMED_UNIT(*) SI_UNIT($,.STERADIAN.) SOLID_ANGLE_UNIT() );
#5446 = UNCERTAINTY_MEASURE_WITH_UNIT(LENGTH_MEASURE(1.E-07),#5443,
  'distance_accuracy_value','confusion accuracy');
#5447 = CONTEXT_DEPENDENT_SHAPE_REPRESENTATION(#5448,#5450);
#5448 = ( REPRESENTATION_RELATIONSHIP('','',#4683,#4660) 
REPRESENTATION_RELATIONSHIP_WITH_TRANSFORMATION(#5449) 
SHAPE_REPRESENTATION_RELATIONSHIP() );
#5449 = ITEM_DEFINED_TRANSFORMATION('','',#11,#4661);
#5450 = PRODUCT_DEFINITION_SHAPE('Placement','Placement of an item',
  #5451);
#5451 = NEXT_ASSEMBLY_USAGE_OCCURRENCE('25','=>[0:1:1:11]','',#4655,
  #4678,$);
#5452 = PRODUCT_RELATED_PRODUCT_CATEGORY('part',$,(#4680));
#5453 = SHAPE_DEFINITION_REPRESENTATION(#5454,#5460);
#5454 = PRODUCT_DEFINITION_SHAPE('','',#5455);
#5455 = PRODUCT_DEFINITION('design','',#5456,#5459);
#5456 = PRODUCT_DEFINITION_FORMATION('','',#5457);
#5457 = PRODUCT('PinHeader_1x04_P2.54mm_Vertical',
  'PinHeader_1x04_P2.54mm_Vertical','',(#5458));
#5458 = PRODUCT_CONTEXT('',#2,'mechanical');
#5459 = PRODUCT_DEFINITION_CONTEXT('part definition',#2,'design');
#5460 = SHAPE_REPRESENTATION('',(#11,#5461),#5465);
#5461 = AXIS2_PLACEMENT_3D('',#5462,#5463,#5464);
#5462 = CARTESIAN_POINT('',(0.,0.,0.));
#5463 = DIRECTION('',(0.,0.,1.));
#5464 = DIRECTION('',(1.,0.,-0.));
#5465 = ( GEOMETRIC_REPRESENTATION_CONTEXT(3) 
GLOBAL_UNCERTAINTY_ASSIGNED_CONTEXT((#5469)) 
GLOBAL_UNIT_ASSIGNED_CONTEXT((#5466,#5467,#5468)) REPRESENTATION_CONTEXT
('Context #1','3D Context with UNIT and UNCERTAINTY') );
#5466 = ( LENGTH_UNIT() NAMED_UNIT(*) SI_UNIT(.MILLI.,.METRE.) );
#5467 = ( NAMED_UNIT(*) PLANE_ANGLE_UNIT() SI_UNIT($,.RADIAN.) );
#5468 = ( NAMED_UNIT(*) SI_UNIT($,.STERADIAN.) SOLID_ANGLE_UNIT() );
#5469 = UNCERTAINTY_MEASURE_WITH_UNIT(LENGTH_MEASURE(1.E-07),#5466,
  'distance_accuracy_value','confusion accuracy');
#5470 = CONTEXT_DEPENDENT_SHAPE_REPRESENTATION(#5471,#5473);
#5471 = ( REPRESENTATION_RELATIONSHIP('','',#5460,#10) 
REPRESENTATION_RELATIONSHIP_WITH_TRANSFORMATION(#5472) 
SHAPE_REPRESENTATION_RELATIONSHIP() );
#5472 = ITEM_DEFINED_TRANSFORMATION('','',#11,#99);
#5473 = PRODUCT_DEFINITION_SHAPE('Placement','Placement of an item',
  #5474);
#5474 = NEXT_ASSEMBLY_USAGE_OCCURRENCE('28','J1','',#5,#5455,$);
#5475 = PRODUCT_RELATED_PRODUCT_CATEGORY('part',$,(#5457));
#5476 = SHAPE_DEFINITION_REPRESENTATION(#5477,#5483);
#5477 = PRODUCT_DEFINITION_SHAPE('','',#5478);
#5478 = PRODUCT_DEFINITION('design','',#5479,#5482);
#5479 = PRODUCT_DEFINITION_FORMATION('','',#5480);
#5480 = PRODUCT('PinHeader_1x04_P254mm_Vertical',
  'PinHeader_1x04_P254mm_Vertical','',(#5481));
#5481 = PRODUCT_CONTEXT('',#2,'mechanical');
#5482 = PRODUCT_DEFINITION_CONTEXT('part definition',#2,'design');
#5483 = ADVANCED_BREP_SHAPE_REPRESENTATION('',(#11,#5484),#8264);
#5484 = MANIFOLD_SOLID_BREP('',#5485);
#5485 = CLOSED_SHELL('',(#5486,#5526,#5557,#5588,#5917,#6246,#6263,#6280
    ,#6297,#6314,#6331,#6348,#6365,#6382,#6399,#6416,#6433,#6450,#6467,
    #6484,#6501,#6518,#6535,#6552,#6569,#6586,#6603,#6620,#6632,#6663,
    #6687,#6711,#6728,#6759,#6783,#6807,#6824,#6855,#6879,#6903,#6920,
    #6951,#6975,#6999,#7016,#7047,#7071,#7095,#7112,#7143,#7167,#7191,
    #7208,#7239,#7263,#7287,#7304,#7335,#7359,#7383,#7400,#7431,#7455,
    #7479,#7496,#7527,#7551,#7575,#7592,#7623,#7647,#7671,#7688,#7719,
    #7743,#7767,#7784,#7815,#7839,#7863,#7880,#7911,#7935,#7959,#7976,
    #8007,#8031,#8055,#8072,#8103,#8127,#8151,#8168,#8180,#8192,#8204,
    #8216,#8228,#8240,#8252));
#5486 = ADVANCED_FACE('',(#5487),#5521,.F.);
#5487 = FACE_BOUND('',#5488,.F.);
#5488 = EDGE_LOOP('',(#5489,#5499,#5507,#5515));
#5489 = ORIENTED_EDGE('',*,*,#5490,.T.);
#5490 = EDGE_CURVE('',#5491,#5493,#5495,.T.);
#5491 = VERTEX_POINT('',#5492);
#5492 = CARTESIAN_POINT('',(-1.016,1.27,0.));
#5493 = VERTEX_POINT('',#5494);
#5494 = CARTESIAN_POINT('',(-1.016,1.27,2.54));
#5495 = LINE('',#5496,#5497);
#5496 = CARTESIAN_POINT('',(-1.016,1.27,0.));
#5497 = VECTOR('',#5498,1.);
#5498 = DIRECTION('',(0.,0.,1.));
#5499 = ORIENTED_EDGE('',*,*,#5500,.T.);
#5500 = EDGE_CURVE('',#5493,#5501,#5503,.T.);
#5501 = VERTEX_POINT('',#5502);
#5502 = CARTESIAN_POINT('',(-1.27,1.016,2.54));
#5503 = LINE('',#5504,#5505);
#5504 = CARTESIAN_POINT('',(-1.016,1.27,2.54));
#5505 = VECTOR('',#5506,1.);
#5506 = DIRECTION('',(-0.707106781187,-0.707106781187,0.));
#5507 = ORIENTED_EDGE('',*,*,#5508,.F.);
#5508 = EDGE_CURVE('',#5509,#5501,#5511,.T.);
#5509 = VERTEX_POINT('',#5510);
#5510 = CARTESIAN_POINT('',(-1.27,1.016,0.));
#5511 = LINE('',#5512,#5513);
#5512 = CARTESIAN_POINT('',(-1.27,1.016,0.));
#5513 = VECTOR('',#5514,1.);
#5514 = DIRECTION('',(0.,0.,1.));
#5515 = ORIENTED_EDGE('',*,*,#5516,.F.);
#5516 = EDGE_CURVE('',#5491,#5509,#5517,.T.);
#5517 = LINE('',#5518,#5519);
#5518 = CARTESIAN_POINT('',(-1.016,1.27,0.));
#5519 = VECTOR('',#5520,1.);
#5520 = DIRECTION('',(-0.707106781187,-0.707106781187,0.));
#5521 = PLANE('',#5522);
#5522 = AXIS2_PLACEMENT_3D('',#5523,#5524,#5525);
#5523 = CARTESIAN_POINT('',(-1.016,1.27,0.));
#5524 = DIRECTION('',(0.707106781187,-0.707106781187,0.));
#5525 = DIRECTION('',(-0.707106781187,-0.707106781187,0.));
#5526 = ADVANCED_FACE('',(#5527),#5552,.F.);
#5527 = FACE_BOUND('',#5528,.F.);
#5528 = EDGE_LOOP('',(#5529,#5539,#5545,#5546));
#5529 = ORIENTED_EDGE('',*,*,#5530,.T.);
#5530 = EDGE_CURVE('',#5531,#5533,#5535,.T.);
#5531 = VERTEX_POINT('',#5532);
#5532 = CARTESIAN_POINT('',(1.016,1.27,0.));
#5533 = VERTEX_POINT('',#5534);
#5534 = CARTESIAN_POINT('',(1.016,1.27,2.54));
#5535 = LINE('',#5536,#5537);
#5536 = CARTESIAN_POINT('',(1.016,1.27,0.));
#5537 = VECTOR('',#5538,1.);
#5538 = DIRECTION('',(0.,0.,1.));
#5539 = ORIENTED_EDGE('',*,*,#5540,.T.);
#5540 = EDGE_CURVE('',#5533,#5493,#5541,.T.);
#5541 = LINE('',#5542,#5543);
#5542 = CARTESIAN_POINT('',(1.016,1.27,2.54));
#5543 = VECTOR('',#5544,1.);
#5544 = DIRECTION('',(-1.,0.,0.));
#5545 = ORIENTED_EDGE('',*,*,#5490,.F.);
#5546 = ORIENTED_EDGE('',*,*,#5547,.F.);
#5547 = EDGE_CURVE('',#5531,#5491,#5548,.T.);
#5548 = LINE('',#5549,#5550);
#5549 = CARTESIAN_POINT('',(1.016,1.27,0.));
#5550 = VECTOR('',#5551,1.);
#5551 = DIRECTION('',(-1.,0.,0.));
#5552 = PLANE('',#5553);
#5553 = AXIS2_PLACEMENT_3D('',#5554,#5555,#5556);
#5554 = CARTESIAN_POINT('',(1.016,1.27,0.));
#5555 = DIRECTION('',(0.,-1.,0.));
#5556 = DIRECTION('',(-1.,0.,0.));
#5557 = ADVANCED_FACE('',(#5558),#5583,.F.);
#5558 = FACE_BOUND('',#5559,.F.);
#5559 = EDGE_LOOP('',(#5560,#5561,#5569,#5577));
#5560 = ORIENTED_EDGE('',*,*,#5508,.T.);
#5561 = ORIENTED_EDGE('',*,*,#5562,.T.);
#5562 = EDGE_CURVE('',#5501,#5563,#5565,.T.);
#5563 = VERTEX_POINT('',#5564);
#5564 = CARTESIAN_POINT('',(-1.27,-1.016,2.54));
#5565 = LINE('',#5566,#5567);
#5566 = CARTESIAN_POINT('',(-1.27,1.016,2.54));
#5567 = VECTOR('',#5568,1.);
#5568 = DIRECTION('',(0.,-1.,0.));
#5569 = ORIENTED_EDGE('',*,*,#5570,.F.);
#5570 = EDGE_CURVE('',#5571,#5563,#5573,.T.);
#5571 = VERTEX_POINT('',#5572);
#5572 = CARTESIAN_POINT('',(-1.27,-1.016,0.));
#5573 = LINE('',#5574,#5575);
#5574 = CARTESIAN_POINT('',(-1.27,-1.016,0.));
#5575 = VECTOR('',#5576,1.);
#5576 = DIRECTION('',(0.,0.,1.));
#5577 = ORIENTED_EDGE('',*,*,#5578,.F.);
#5578 = EDGE_CURVE('',#5509,#5571,#5579,.T.);
#5579 = LINE('',#5580,#5581);
#5580 = CARTESIAN_POINT('',(-1.27,1.016,0.));
#5581 = VECTOR('',#5582,1.);
#5582 = DIRECTION('',(0.,-1.,0.));
#5583 = PLANE('',#5584);
#5584 = AXIS2_PLACEMENT_3D('',#5585,#5586,#5587);
#5585 = CARTESIAN_POINT('',(-1.27,1.016,0.));
#5586 = DIRECTION('',(1.,0.,0.));
#5587 = DIRECTION('',(0.,-1.,0.));
#5588 = ADVANCED_FACE('',(#5589,#5776,#5810,#5844,#5878),#5912,.F.);
#5589 = FACE_BOUND('',#5590,.F.);
#5590 = EDGE_LOOP('',(#5591,#5592,#5593,#5601,#5609,#5617,#5625,#5633,
    #5641,#5649,#5657,#5665,#5673,#5681,#5689,#5697,#5705,#5713,#5721,
    #5729,#5737,#5745,#5753,#5761,#5769,#5775));
#5591 = ORIENTED_EDGE('',*,*,#5516,.T.);
#5592 = ORIENTED_EDGE('',*,*,#5578,.T.);
#5593 = ORIENTED_EDGE('',*,*,#5594,.T.);
#5594 = EDGE_CURVE('',#5571,#5595,#5597,.T.);
#5595 = VERTEX_POINT('',#5596);
#5596 = CARTESIAN_POINT('',(-1.016,-1.27,0.));
#5597 = LINE('',#5598,#5599);
#5598 = CARTESIAN_POINT('',(-1.27,-1.016,0.));
#5599 = VECTOR('',#5600,1.);
#5600 = DIRECTION('',(0.707106781187,-0.707106781187,0.));
#5601 = ORIENTED_EDGE('',*,*,#5602,.T.);
#5602 = EDGE_CURVE('',#5595,#5603,#5605,.T.);
#5603 = VERTEX_POINT('',#5604);
#5604 = CARTESIAN_POINT('',(-1.27,-1.524,0.));
#5605 = LINE('',#5606,#5607);
#5606 = CARTESIAN_POINT('',(-1.016,-1.27,0.));
#5607 = VECTOR('',#5608,1.);
#5608 = DIRECTION('',(-0.707106781187,-0.707106781187,0.));
#5609 = ORIENTED_EDGE('',*,*,#5610,.T.);
#5610 = EDGE_CURVE('',#5603,#5611,#5613,.T.);
#5611 = VERTEX_POINT('',#5612);
#5612 = CARTESIAN_POINT('',(-1.27,-3.556,0.));
#5613 = LINE('',#5614,#5615);
#5614 = CARTESIAN_POINT('',(-1.27,-1.524,0.));
#5615 = VECTOR('',#5616,1.);
#5616 = DIRECTION('',(0.,-1.,0.));
#5617 = ORIENTED_EDGE('',*,*,#5618,.T.);
#5618 = EDGE_CURVE('',#5611,#5619,#5621,.T.);
#5619 = VERTEX_POINT('',#5620);
#5620 = CARTESIAN_POINT('',(-1.016,-3.81,0.));
#5621 = LINE('',#5622,#5623);
#5622 = CARTESIAN_POINT('',(-1.27,-3.556,0.));
#5623 = VECTOR('',#5624,1.);
#5624 = DIRECTION('',(0.707106781187,-0.707106781187,0.));
#5625 = ORIENTED_EDGE('',*,*,#5626,.T.);
#5626 = EDGE_CURVE('',#5619,#5627,#5629,.T.);
#5627 = VERTEX_POINT('',#5628);
#5628 = CARTESIAN_POINT('',(-1.27,-4.064,0.));
#5629 = LINE('',#5630,#5631);
#5630 = CARTESIAN_POINT('',(-1.016,-3.81,0.));
#5631 = VECTOR('',#5632,1.);
#5632 = DIRECTION('',(-0.707106781187,-0.707106781187,0.));
#5633 = ORIENTED_EDGE('',*,*,#5634,.T.);
#5634 = EDGE_CURVE('',#5627,#5635,#5637,.T.);
#5635 = VERTEX_POINT('',#5636);
#5636 = CARTESIAN_POINT('',(-1.27,-6.096,0.));
#5637 = LINE('',#5638,#5639);
#5638 = CARTESIAN_POINT('',(-1.27,-4.064,0.));
#5639 = VECTOR('',#5640,1.);
#5640 = DIRECTION('',(0.,-1.,0.));
#5641 = ORIENTED_EDGE('',*,*,#5642,.T.);
#5642 = EDGE_CURVE('',#5635,#5643,#5645,.T.);
#5643 = VERTEX_POINT('',#5644);
#5644 = CARTESIAN_POINT('',(-1.016,-6.35,0.));
#5645 = LINE('',#5646,#5647);
#5646 = CARTESIAN_POINT('',(-1.27,-6.096,0.));
#5647 = VECTOR('',#5648,1.);
#5648 = DIRECTION('',(0.707106781187,-0.707106781187,0.));
#5649 = ORIENTED_EDGE('',*,*,#5650,.T.);
#5650 = EDGE_CURVE('',#5643,#5651,#5653,.T.);
#5651 = VERTEX_POINT('',#5652);
#5652 = CARTESIAN_POINT('',(-1.27,-6.604,0.));
#5653 = LINE('',#5654,#5655);
#5654 = CARTESIAN_POINT('',(-1.016,-6.35,0.));
#5655 = VECTOR('',#5656,1.);
#5656 = DIRECTION('',(-0.707106781187,-0.707106781187,0.));
#5657 = ORIENTED_EDGE('',*,*,#5658,.T.);
#5658 = EDGE_CURVE('',#5651,#5659,#5661,.T.);
#5659 = VERTEX_POINT('',#5660);
#5660 = CARTESIAN_POINT('',(-1.27,-8.636,0.));
#5661 = LINE('',#5662,#5663);
#5662 = CARTESIAN_POINT('',(-1.27,-6.604,0.));
#5663 = VECTOR('',#5664,1.);
#5664 = DIRECTION('',(0.,-1.,0.));
#5665 = ORIENTED_EDGE('',*,*,#5666,.T.);
#5666 = EDGE_CURVE('',#5659,#5667,#5669,.T.);
#5667 = VERTEX_POINT('',#5668);
#5668 = CARTESIAN_POINT('',(-1.016,-8.89,0.));
#5669 = LINE('',#5670,#5671);
#5670 = CARTESIAN_POINT('',(-1.27,-8.636,0.));
#5671 = VECTOR('',#5672,1.);
#5672 = DIRECTION('',(0.707106781187,-0.707106781187,0.));
#5673 = ORIENTED_EDGE('',*,*,#5674,.T.);
#5674 = EDGE_CURVE('',#5667,#5675,#5677,.T.);
#5675 = VERTEX_POINT('',#5676);
#5676 = CARTESIAN_POINT('',(1.016,-8.89,0.));
#5677 = LINE('',#5678,#5679);
#5678 = CARTESIAN_POINT('',(-1.016,-8.89,0.));
#5679 = VECTOR('',#5680,1.);
#5680 = DIRECTION('',(1.,0.,0.));
#5681 = ORIENTED_EDGE('',*,*,#5682,.T.);
#5682 = EDGE_CURVE('',#5675,#5683,#5685,.T.);
#5683 = VERTEX_POINT('',#5684);
#5684 = CARTESIAN_POINT('',(1.27,-8.636,0.));
#5685 = LINE('',#5686,#5687);
#5686 = CARTESIAN_POINT('',(1.016,-8.89,0.));
#5687 = VECTOR('',#5688,1.);
#5688 = DIRECTION('',(0.707106781187,0.707106781187,0.));
#5689 = ORIENTED_EDGE('',*,*,#5690,.T.);
#5690 = EDGE_CURVE('',#5683,#5691,#5693,.T.);
#5691 = VERTEX_POINT('',#5692);
#5692 = CARTESIAN_POINT('',(1.27,-6.604,0.));
#5693 = LINE('',#5694,#5695);
#5694 = CARTESIAN_POINT('',(1.27,-8.636,0.));
#5695 = VECTOR('',#5696,1.);
#5696 = DIRECTION('',(0.,1.,0.));
#5697 = ORIENTED_EDGE('',*,*,#5698,.T.);
#5698 = EDGE_CURVE('',#5691,#5699,#5701,.T.);
#5699 = VERTEX_POINT('',#5700);
#5700 = CARTESIAN_POINT('',(1.016,-6.35,0.));
#5701 = LINE('',#5702,#5703);
#5702 = CARTESIAN_POINT('',(1.27,-6.604,0.));
#5703 = VECTOR('',#5704,1.);
#5704 = DIRECTION('',(-0.707106781187,0.707106781187,0.));
#5705 = ORIENTED_EDGE('',*,*,#5706,.T.);
#5706 = EDGE_CURVE('',#5699,#5707,#5709,.T.);
#5707 = VERTEX_POINT('',#5708);
#5708 = CARTESIAN_POINT('',(1.27,-6.096,0.));
#5709 = LINE('',#5710,#5711);
#5710 = CARTESIAN_POINT('',(1.016,-6.35,0.));
#5711 = VECTOR('',#5712,1.);
#5712 = DIRECTION('',(0.707106781187,0.707106781187,0.));
#5713 = ORIENTED_EDGE('',*,*,#5714,.T.);
#5714 = EDGE_CURVE('',#5707,#5715,#5717,.T.);
#5715 = VERTEX_POINT('',#5716);
#5716 = CARTESIAN_POINT('',(1.27,-4.064,0.));
#5717 = LINE('',#5718,#5719);
#5718 = CARTESIAN_POINT('',(1.27,-6.096,0.));
#5719 = VECTOR('',#5720,1.);
#5720 = DIRECTION('',(0.,1.,0.));
#5721 = ORIENTED_EDGE('',*,*,#5722,.T.);
#5722 = EDGE_CURVE('',#5715,#5723,#5725,.T.);
#5723 = VERTEX_POINT('',#5724);
#5724 = CARTESIAN_POINT('',(1.016,-3.81,0.));
#5725 = LINE('',#5726,#5727);
#5726 = CARTESIAN_POINT('',(1.27,-4.064,0.));
#5727 = VECTOR('',#5728,1.);
#5728 = DIRECTION('',(-0.707106781187,0.707106781187,0.));
#5729 = ORIENTED_EDGE('',*,*,#5730,.T.);
#5730 = EDGE_CURVE('',#5723,#5731,#5733,.T.);
#5731 = VERTEX_POINT('',#5732);
#5732 = CARTESIAN_POINT('',(1.27,-3.556,0.));
#5733 = LINE('',#5734,#5735);
#5734 = CARTESIAN_POINT('',(1.016,-3.81,0.));
#5735 = VECTOR('',#5736,1.);
#5736 = DIRECTION('',(0.707106781187,0.707106781187,0.));
#5737 = ORIENTED_EDGE('',*,*,#5738,.T.);
#5738 = EDGE_CURVE('',#5731,#5739,#5741,.T.);
#5739 = VERTEX_POINT('',#5740);
#5740 = CARTESIAN_POINT('',(1.27,-1.524,0.));
#5741 = LINE('',#5742,#5743);
#5742 = CARTESIAN_POINT('',(1.27,-3.556,0.));
#5743 = VECTOR('',#5744,1.);
#5744 = DIRECTION('',(0.,1.,0.));
#5745 = ORIENTED_EDGE('',*,*,#5746,.T.);
#5746 = EDGE_CURVE('',#5739,#5747,#5749,.T.);
#5747 = VERTEX_POINT('',#5748);
#5748 = CARTESIAN_POINT('',(1.016,-1.27,0.));
#5749 = LINE('',#5750,#5751);
#5750 = CARTESIAN_POINT('',(1.27,-1.524,0.));
#5751 = VECTOR('',#5752,1.);
#5752 = DIRECTION('',(-0.707106781187,0.707106781187,0.));
#5753 = ORIENTED_EDGE('',*,*,#5754,.T.);
#5754 = EDGE_CURVE('',#5747,#5755,#5757,.T.);
#5755 = VERTEX_POINT('',#5756);
#5756 = CARTESIAN_POINT('',(1.27,-1.016,0.));
#5757 = LINE('',#5758,#5759);
#5758 = CARTESIAN_POINT('',(1.016,-1.27,0.));
#5759 = VECTOR('',#5760,1.);
#5760 = DIRECTION('',(0.707106781187,0.707106781187,0.));
#5761 = ORIENTED_EDGE('',*,*,#5762,.T.);
#5762 = EDGE_CURVE('',#5755,#5763,#5765,.T.);
#5763 = VERTEX_POINT('',#5764);
#5764 = CARTESIAN_POINT('',(1.27,1.016,0.));
#5765 = LINE('',#5766,#5767);
#5766 = CARTESIAN_POINT('',(1.27,-1.016,0.));
#5767 = VECTOR('',#5768,1.);
#5768 = DIRECTION('',(0.,1.,0.));
#5769 = ORIENTED_EDGE('',*,*,#5770,.T.);
#5770 = EDGE_CURVE('',#5763,#5531,#5771,.T.);
#5771 = LINE('',#5772,#5773);
#5772 = CARTESIAN_POINT('',(1.27,1.016,0.));
#5773 = VECTOR('',#5774,1.);
#5774 = DIRECTION('',(-0.707106781187,0.707106781187,0.));
#5775 = ORIENTED_EDGE('',*,*,#5547,.T.);
#5776 = FACE_BOUND('',#5777,.F.);
#5777 = EDGE_LOOP('',(#5778,#5788,#5796,#5804));
#5778 = ORIENTED_EDGE('',*,*,#5779,.F.);
#5779 = EDGE_CURVE('',#5780,#5782,#5784,.T.);
#5780 = VERTEX_POINT('',#5781);
#5781 = CARTESIAN_POINT('',(0.32,-4.76,0.));
#5782 = VERTEX_POINT('',#5783);
#5783 = CARTESIAN_POINT('',(-0.32,-4.76,0.));
#5784 = LINE('',#5785,#5786);
#5785 = CARTESIAN_POINT('',(-0.16,-4.76,0.));
#5786 = VECTOR('',#5787,1.);
#5787 = DIRECTION('',(-1.,0.,0.));
#5788 = ORIENTED_EDGE('',*,*,#5789,.F.);
#5789 = EDGE_CURVE('',#5790,#5780,#5792,.T.);
#5790 = VERTEX_POINT('',#5791);
#5791 = CARTESIAN_POINT('',(0.32,-5.4,0.));
#5792 = LINE('',#5793,#5794);
#5793 = CARTESIAN_POINT('',(0.32,-4.605,0.));
#5794 = VECTOR('',#5795,1.);
#5795 = DIRECTION('',(0.,1.,0.));
#5796 = ORIENTED_EDGE('',*,*,#5797,.T.);
#5797 = EDGE_CURVE('',#5790,#5798,#5800,.T.);
#5798 = VERTEX_POINT('',#5799);
#5799 = CARTESIAN_POINT('',(-0.32,-5.4,0.));
#5800 = LINE('',#5801,#5802);
#5801 = CARTESIAN_POINT('',(-0.16,-5.4,0.));
#5802 = VECTOR('',#5803,1.);
#5803 = DIRECTION('',(-1.,0.,0.));
#5804 = ORIENTED_EDGE('',*,*,#5805,.T.);
#5805 = EDGE_CURVE('',#5798,#5782,#5806,.T.);
#5806 = LINE('',#5807,#5808);
#5807 = CARTESIAN_POINT('',(-0.32,-4.605,0.));
#5808 = VECTOR('',#5809,1.);
#5809 = DIRECTION('',(0.,1.,0.));
#5810 = FACE_BOUND('',#5811,.F.);
#5811 = EDGE_LOOP('',(#5812,#5822,#5830,#5838));
#5812 = ORIENTED_EDGE('',*,*,#5813,.F.);
#5813 = EDGE_CURVE('',#5814,#5816,#5818,.T.);
#5814 = VERTEX_POINT('',#5815);
#5815 = CARTESIAN_POINT('',(0.32,-7.94,0.));
#5816 = VERTEX_POINT('',#5817);
#5817 = CARTESIAN_POINT('',(0.32,-7.3,0.));
#5818 = LINE('',#5819,#5820);
#5819 = CARTESIAN_POINT('',(0.32,-5.875,0.));
#5820 = VECTOR('',#5821,1.);
#5821 = DIRECTION('',(0.,1.,0.));
#5822 = ORIENTED_EDGE('',*,*,#5823,.T.);
#5823 = EDGE_CURVE('',#5814,#5824,#5826,.T.);
#5824 = VERTEX_POINT('',#5825);
#5825 = CARTESIAN_POINT('',(-0.32,-7.94,0.));
#5826 = LINE('',#5827,#5828);
#5827 = CARTESIAN_POINT('',(-0.16,-7.94,0.));
#5828 = VECTOR('',#5829,1.);
#5829 = DIRECTION('',(-1.,0.,0.));
#5830 = ORIENTED_EDGE('',*,*,#5831,.T.);
#5831 = EDGE_CURVE('',#5824,#5832,#5834,.T.);
#5832 = VERTEX_POINT('',#5833);
#5833 = CARTESIAN_POINT('',(-0.32,-7.3,0.));
#5834 = LINE('',#5835,#5836);
#5835 = CARTESIAN_POINT('',(-0.32,-5.875,0.));
#5836 = VECTOR('',#5837,1.);
#5837 = DIRECTION('',(0.,1.,0.));
#5838 = ORIENTED_EDGE('',*,*,#5839,.F.);
#5839 = EDGE_CURVE('',#5816,#5832,#5840,.T.);
#5840 = LINE('',#5841,#5842);
#5841 = CARTESIAN_POINT('',(-0.16,-7.3,0.));
#5842 = VECTOR('',#5843,1.);
#5843 = DIRECTION('',(-1.,0.,0.));
#5844 = FACE_BOUND('',#5845,.F.);
#5845 = EDGE_LOOP('',(#5846,#5856,#5864,#5872));
#5846 = ORIENTED_EDGE('',*,*,#5847,.F.);
#5847 = EDGE_CURVE('',#5848,#5850,#5852,.T.);
#5848 = VERTEX_POINT('',#5849);
#5849 = CARTESIAN_POINT('',(0.32,-0.32,0.));
#5850 = VERTEX_POINT('',#5851);
#5851 = CARTESIAN_POINT('',(0.32,0.32,0.));
#5852 = LINE('',#5853,#5854);
#5853 = CARTESIAN_POINT('',(0.32,-2.065,0.));
#5854 = VECTOR('',#5855,1.);
#5855 = DIRECTION('',(0.,1.,0.));
#5856 = ORIENTED_EDGE('',*,*,#5857,.T.);
#5857 = EDGE_CURVE('',#5848,#5858,#5860,.T.);
#5858 = VERTEX_POINT('',#5859);
#5859 = CARTESIAN_POINT('',(-0.32,-0.32,0.));
#5860 = LINE('',#5861,#5862);
#5861 = CARTESIAN_POINT('',(-0.16,-0.32,0.));
#5862 = VECTOR('',#5863,1.);
#5863 = DIRECTION('',(-1.,0.,0.));
#5864 = ORIENTED_EDGE('',*,*,#5865,.T.);
#5865 = EDGE_CURVE('',#5858,#5866,#5868,.T.);
#5866 = VERTEX_POINT('',#5867);
#5867 = CARTESIAN_POINT('',(-0.32,0.32,0.));
#5868 = LINE('',#5869,#5870);
#5869 = CARTESIAN_POINT('',(-0.32,-2.065,0.));
#5870 = VECTOR('',#5871,1.);
#5871 = DIRECTION('',(0.,1.,0.));
#5872 = ORIENTED_EDGE('',*,*,#5873,.F.);
#5873 = EDGE_CURVE('',#5850,#5866,#5874,.T.);
#5874 = LINE('',#5875,#5876);
#5875 = CARTESIAN_POINT('',(-0.16,0.32,0.));
#5876 = VECTOR('',#5877,1.);
#5877 = DIRECTION('',(-1.,0.,0.));
#5878 = FACE_BOUND('',#5879,.F.);
#5879 = EDGE_LOOP('',(#5880,#5890,#5898,#5906));
#5880 = ORIENTED_EDGE('',*,*,#5881,.F.);
#5881 = EDGE_CURVE('',#5882,#5884,#5886,.T.);
#5882 = VERTEX_POINT('',#5883);
#5883 = CARTESIAN_POINT('',(0.32,-2.22,0.));
#5884 = VERTEX_POINT('',#5885);
#5885 = CARTESIAN_POINT('',(-0.32,-2.22,0.));
#5886 = LINE('',#5887,#5888);
#5887 = CARTESIAN_POINT('',(-0.16,-2.22,0.));
#5888 = VECTOR('',#5889,1.);
#5889 = DIRECTION('',(-1.,0.,0.));
#5890 = ORIENTED_EDGE('',*,*,#5891,.F.);
#5891 = EDGE_CURVE('',#5892,#5882,#5894,.T.);
#5892 = VERTEX_POINT('',#5893);
#5893 = CARTESIAN_POINT('',(0.32,-2.86,0.));
#5894 = LINE('',#5895,#5896);
#5895 = CARTESIAN_POINT('',(0.32,-3.335,0.));
#5896 = VECTOR('',#5897,1.);
#5897 = DIRECTION('',(0.,1.,0.));
#5898 = ORIENTED_EDGE('',*,*,#5899,.T.);
#5899 = EDGE_CURVE('',#5892,#5900,#5902,.T.);
#5900 = VERTEX_POINT('',#5901);
#5901 = CARTESIAN_POINT('',(-0.32,-2.86,0.));
#5902 = LINE('',#5903,#5904);
#5903 = CARTESIAN_POINT('',(-0.16,-2.86,0.));
#5904 = VECTOR('',#5905,1.);
#5905 = DIRECTION('',(-1.,0.,0.));
#5906 = ORIENTED_EDGE('',*,*,#5907,.T.);
#5907 = EDGE_CURVE('',#5900,#5884,#5908,.T.);
#5908 = LINE('',#5909,#5910);
#5909 = CARTESIAN_POINT('',(-0.32,-3.335,0.));
#5910 = VECTOR('',#5911,1.);
#5911 = DIRECTION('',(0.,1.,0.));
#5912 = PLANE('',#5913);
#5913 = AXIS2_PLACEMENT_3D('',#5914,#5915,#5916);
#5914 = CARTESIAN_POINT('',(4.259053689278E-17,-3.81,0.));
#5915 = DIRECTION('',(0.,0.,1.));
#5916 = DIRECTION('',(1.,0.,-0.));
#5917 = ADVANCED_FACE('',(#5918,#6105,#6139,#6173,#6207),#6241,.T.);
#5918 = FACE_BOUND('',#5919,.T.);
#5919 = EDGE_LOOP('',(#5920,#5921,#5922,#5930,#5938,#5946,#5954,#5962,
    #5970,#5978,#5986,#5994,#6002,#6010,#6018,#6026,#6034,#6042,#6050,
    #6058,#6066,#6074,#6082,#6090,#6098,#6104));
#5920 = ORIENTED_EDGE('',*,*,#5500,.T.);
#5921 = ORIENTED_EDGE('',*,*,#5562,.T.);
#5922 = ORIENTED_EDGE('',*,*,#5923,.T.);
#5923 = EDGE_CURVE('',#5563,#5924,#5926,.T.);
#5924 = VERTEX_POINT('',#5925);
#5925 = CARTESIAN_POINT('',(-1.016,-1.27,2.54));
#5926 = LINE('',#5927,#5928);
#5927 = CARTESIAN_POINT('',(-1.27,-1.016,2.54));
#5928 = VECTOR('',#5929,1.);
#5929 = DIRECTION('',(0.707106781187,-0.707106781187,0.));
#5930 = ORIENTED_EDGE('',*,*,#5931,.T.);
#5931 = EDGE_CURVE('',#5924,#5932,#5934,.T.);
#5932 = VERTEX_POINT('',#5933);
#5933 = CARTESIAN_POINT('',(-1.27,-1.524,2.54));
#5934 = LINE('',#5935,#5936);
#5935 = CARTESIAN_POINT('',(-1.016,-1.27,2.54));
#5936 = VECTOR('',#5937,1.);
#5937 = DIRECTION('',(-0.707106781187,-0.707106781187,0.));
#5938 = ORIENTED_EDGE('',*,*,#5939,.T.);
#5939 = EDGE_CURVE('',#5932,#5940,#5942,.T.);
#5940 = VERTEX_POINT('',#5941);
#5941 = CARTESIAN_POINT('',(-1.27,-3.556,2.54));
#5942 = LINE('',#5943,#5944);
#5943 = CARTESIAN_POINT('',(-1.27,-1.524,2.54));
#5944 = VECTOR('',#5945,1.);
#5945 = DIRECTION('',(0.,-1.,0.));
#5946 = ORIENTED_EDGE('',*,*,#5947,.T.);
#5947 = EDGE_CURVE('',#5940,#5948,#5950,.T.);
#5948 = VERTEX_POINT('',#5949);
#5949 = CARTESIAN_POINT('',(-1.016,-3.81,2.54));
#5950 = LINE('',#5951,#5952);
#5951 = CARTESIAN_POINT('',(-1.27,-3.556,2.54));
#5952 = VECTOR('',#5953,1.);
#5953 = DIRECTION('',(0.707106781187,-0.707106781187,0.));
#5954 = ORIENTED_EDGE('',*,*,#5955,.T.);
#5955 = EDGE_CURVE('',#5948,#5956,#5958,.T.);
#5956 = VERTEX_POINT('',#5957);
#5957 = CARTESIAN_POINT('',(-1.27,-4.064,2.54));
#5958 = LINE('',#5959,#5960);
#5959 = CARTESIAN_POINT('',(-1.016,-3.81,2.54));
#5960 = VECTOR('',#5961,1.);
#5961 = DIRECTION('',(-0.707106781187,-0.707106781187,0.));
#5962 = ORIENTED_EDGE('',*,*,#5963,.T.);
#5963 = EDGE_CURVE('',#5956,#5964,#5966,.T.);
#5964 = VERTEX_POINT('',#5965);
#5965 = CARTESIAN_POINT('',(-1.27,-6.096,2.54));
#5966 = LINE('',#5967,#5968);
#5967 = CARTESIAN_POINT('',(-1.27,-4.064,2.54));
#5968 = VECTOR('',#5969,1.);
#5969 = DIRECTION('',(0.,-1.,0.));
#5970 = ORIENTED_EDGE('',*,*,#5971,.T.);
#5971 = EDGE_CURVE('',#5964,#5972,#5974,.T.);
#5972 = VERTEX_POINT('',#5973);
#5973 = CARTESIAN_POINT('',(-1.016,-6.35,2.54));
#5974 = LINE('',#5975,#5976);
#5975 = CARTESIAN_POINT('',(-1.27,-6.096,2.54));
#5976 = VECTOR('',#5977,1.);
#5977 = DIRECTION('',(0.707106781187,-0.707106781187,0.));
#5978 = ORIENTED_EDGE('',*,*,#5979,.T.);
#5979 = EDGE_CURVE('',#5972,#5980,#5982,.T.);
#5980 = VERTEX_POINT('',#5981);
#5981 = CARTESIAN_POINT('',(-1.27,-6.604,2.54));
#5982 = LINE('',#5983,#5984);
#5983 = CARTESIAN_POINT('',(-1.016,-6.35,2.54));
#5984 = VECTOR('',#5985,1.);
#5985 = DIRECTION('',(-0.707106781187,-0.707106781187,0.));
#5986 = ORIENTED_EDGE('',*,*,#5987,.T.);
#5987 = EDGE_CURVE('',#5980,#5988,#5990,.T.);
#5988 = VERTEX_POINT('',#5989);
#5989 = CARTESIAN_POINT('',(-1.27,-8.636,2.54));
#5990 = LINE('',#5991,#5992);
#5991 = CARTESIAN_POINT('',(-1.27,-6.604,2.54));
#5992 = VECTOR('',#5993,1.);
#5993 = DIRECTION('',(0.,-1.,0.));
#5994 = ORIENTED_EDGE('',*,*,#5995,.T.);
#5995 = EDGE_CURVE('',#5988,#5996,#5998,.T.);
#5996 = VERTEX_POINT('',#5997);
#5997 = CARTESIAN_POINT('',(-1.016,-8.89,2.54));
#5998 = LINE('',#5999,#6000);
#5999 = CARTESIAN_POINT('',(-1.27,-8.636,2.54));
#6000 = VECTOR('',#6001,1.);
#6001 = DIRECTION('',(0.707106781187,-0.707106781187,0.));
#6002 = ORIENTED_EDGE('',*,*,#6003,.T.);
#6003 = EDGE_CURVE('',#5996,#6004,#6006,.T.);
#6004 = VERTEX_POINT('',#6005);
#6005 = CARTESIAN_POINT('',(1.016,-8.89,2.54));
#6006 = LINE('',#6007,#6008);
#6007 = CARTESIAN_POINT('',(-1.016,-8.89,2.54));
#6008 = VECTOR('',#6009,1.);
#6009 = DIRECTION('',(1.,0.,0.));
#6010 = ORIENTED_EDGE('',*,*,#6011,.T.);
#6011 = EDGE_CURVE('',#6004,#6012,#6014,.T.);
#6012 = VERTEX_POINT('',#6013);
#6013 = CARTESIAN_POINT('',(1.27,-8.636,2.54));
#6014 = LINE('',#6015,#6016);
#6015 = CARTESIAN_POINT('',(1.016,-8.89,2.54));
#6016 = VECTOR('',#6017,1.);
#6017 = DIRECTION('',(0.707106781187,0.707106781187,0.));
#6018 = ORIENTED_EDGE('',*,*,#6019,.T.);
#6019 = EDGE_CURVE('',#6012,#6020,#6022,.T.);
#6020 = VERTEX_POINT('',#6021);
#6021 = CARTESIAN_POINT('',(1.27,-6.604,2.54));
#6022 = LINE('',#6023,#6024);
#6023 = CARTESIAN_POINT('',(1.27,-8.636,2.54));
#6024 = VECTOR('',#6025,1.);
#6025 = DIRECTION('',(0.,1.,0.));
#6026 = ORIENTED_EDGE('',*,*,#6027,.T.);
#6027 = EDGE_CURVE('',#6020,#6028,#6030,.T.);
#6028 = VERTEX_POINT('',#6029);
#6029 = CARTESIAN_POINT('',(1.016,-6.35,2.54));
#6030 = LINE('',#6031,#6032);
#6031 = CARTESIAN_POINT('',(1.27,-6.604,2.54));
#6032 = VECTOR('',#6033,1.);
#6033 = DIRECTION('',(-0.707106781187,0.707106781187,0.));
#6034 = ORIENTED_EDGE('',*,*,#6035,.T.);
#6035 = EDGE_CURVE('',#6028,#6036,#6038,.T.);
#6036 = VERTEX_POINT('',#6037);
#6037 = CARTESIAN_POINT('',(1.27,-6.096,2.54));
#6038 = LINE('',#6039,#6040);
#6039 = CARTESIAN_POINT('',(1.016,-6.35,2.54));
#6040 = VECTOR('',#6041,1.);
#6041 = DIRECTION('',(0.707106781187,0.707106781187,0.));
#6042 = ORIENTED_EDGE('',*,*,#6043,.T.);
#6043 = EDGE_CURVE('',#6036,#6044,#6046,.T.);
#6044 = VERTEX_POINT('',#6045);
#6045 = CARTESIAN_POINT('',(1.27,-4.064,2.54));
#6046 = LINE('',#6047,#6048);
#6047 = CARTESIAN_POINT('',(1.27,-6.096,2.54));
#6048 = VECTOR('',#6049,1.);
#6049 = DIRECTION('',(0.,1.,0.));
#6050 = ORIENTED_EDGE('',*,*,#6051,.T.);
#6051 = EDGE_CURVE('',#6044,#6052,#6054,.T.);
#6052 = VERTEX_POINT('',#6053);
#6053 = CARTESIAN_POINT('',(1.016,-3.81,2.54));
#6054 = LINE('',#6055,#6056);
#6055 = CARTESIAN_POINT('',(1.27,-4.064,2.54));
#6056 = VECTOR('',#6057,1.);
#6057 = DIRECTION('',(-0.707106781187,0.707106781187,0.));
#6058 = ORIENTED_EDGE('',*,*,#6059,.T.);
#6059 = EDGE_CURVE('',#6052,#6060,#6062,.T.);
#6060 = VERTEX_POINT('',#6061);
#6061 = CARTESIAN_POINT('',(1.27,-3.556,2.54));
#6062 = LINE('',#6063,#6064);
#6063 = CARTESIAN_POINT('',(1.016,-3.81,2.54));
#6064 = VECTOR('',#6065,1.);
#6065 = DIRECTION('',(0.707106781187,0.707106781187,0.));
#6066 = ORIENTED_EDGE('',*,*,#6067,.T.);
#6067 = EDGE_CURVE('',#6060,#6068,#6070,.T.);
#6068 = VERTEX_POINT('',#6069);
#6069 = CARTESIAN_POINT('',(1.27,-1.524,2.54));
#6070 = LINE('',#6071,#6072);
#6071 = CARTESIAN_POINT('',(1.27,-3.556,2.54));
#6072 = VECTOR('',#6073,1.);
#6073 = DIRECTION('',(0.,1.,0.));
#6074 = ORIENTED_EDGE('',*,*,#6075,.T.);
#6075 = EDGE_CURVE('',#6068,#6076,#6078,.T.);
#6076 = VERTEX_POINT('',#6077);
#6077 = CARTESIAN_POINT('',(1.016,-1.27,2.54));
#6078 = LINE('',#6079,#6080);
#6079 = CARTESIAN_POINT('',(1.27,-1.524,2.54));
#6080 = VECTOR('',#6081,1.);
#6081 = DIRECTION('',(-0.707106781187,0.707106781187,0.));
#6082 = ORIENTED_EDGE('',*,*,#6083,.T.);
#6083 = EDGE_CURVE('',#6076,#6084,#6086,.T.);
#6084 = VERTEX_POINT('',#6085);
#6085 = CARTESIAN_POINT('',(1.27,-1.016,2.54));
#6086 = LINE('',#6087,#6088);
#6087 = CARTESIAN_POINT('',(1.016,-1.27,2.54));
#6088 = VECTOR('',#6089,1.);
#6089 = DIRECTION('',(0.707106781187,0.707106781187,0.));
#6090 = ORIENTED_EDGE('',*,*,#6091,.T.);
#6091 = EDGE_CURVE('',#6084,#6092,#6094,.T.);
#6092 = VERTEX_POINT('',#6093);
#6093 = CARTESIAN_POINT('',(1.27,1.016,2.54));
#6094 = LINE('',#6095,#6096);
#6095 = CARTESIAN_POINT('',(1.27,-1.016,2.54));
#6096 = VECTOR('',#6097,1.);
#6097 = DIRECTION('',(0.,1.,0.));
#6098 = ORIENTED_EDGE('',*,*,#6099,.T.);
#6099 = EDGE_CURVE('',#6092,#5533,#6100,.T.);
#6100 = LINE('',#6101,#6102);
#6101 = CARTESIAN_POINT('',(1.27,1.016,2.54));
#6102 = VECTOR('',#6103,1.);
#6103 = DIRECTION('',(-0.707106781187,0.707106781187,0.));
#6104 = ORIENTED_EDGE('',*,*,#5540,.T.);
#6105 = FACE_BOUND('',#6106,.T.);
#6106 = EDGE_LOOP('',(#6107,#6117,#6125,#6133));
#6107 = ORIENTED_EDGE('',*,*,#6108,.F.);
#6108 = EDGE_CURVE('',#6109,#6111,#6113,.T.);
#6109 = VERTEX_POINT('',#6110);
#6110 = CARTESIAN_POINT('',(0.32,-4.76,2.54));
#6111 = VERTEX_POINT('',#6112);
#6112 = CARTESIAN_POINT('',(-0.32,-4.76,2.54));
#6113 = LINE('',#6114,#6115);
#6114 = CARTESIAN_POINT('',(-0.16,-4.76,2.54));
#6115 = VECTOR('',#6116,1.);
#6116 = DIRECTION('',(-1.,0.,0.));
#6117 = ORIENTED_EDGE('',*,*,#6118,.F.);
#6118 = EDGE_CURVE('',#6119,#6109,#6121,.T.);
#6119 = VERTEX_POINT('',#6120);
#6120 = CARTESIAN_POINT('',(0.32,-5.4,2.54));
#6121 = LINE('',#6122,#6123);
#6122 = CARTESIAN_POINT('',(0.32,-4.605,2.54));
#6123 = VECTOR('',#6124,1.);
#6124 = DIRECTION('',(0.,1.,0.));
#6125 = ORIENTED_EDGE('',*,*,#6126,.T.);
#6126 = EDGE_CURVE('',#6119,#6127,#6129,.T.);
#6127 = VERTEX_POINT('',#6128);
#6128 = CARTESIAN_POINT('',(-0.32,-5.4,2.54));
#6129 = LINE('',#6130,#6131);
#6130 = CARTESIAN_POINT('',(-0.16,-5.4,2.54));
#6131 = VECTOR('',#6132,1.);
#6132 = DIRECTION('',(-1.,0.,0.));
#6133 = ORIENTED_EDGE('',*,*,#6134,.T.);
#6134 = EDGE_CURVE('',#6127,#6111,#6135,.T.);
#6135 = LINE('',#6136,#6137);
#6136 = CARTESIAN_POINT('',(-0.32,-4.605,2.54));
#6137 = VECTOR('',#6138,1.);
#6138 = DIRECTION('',(0.,1.,0.));
#6139 = FACE_BOUND('',#6140,.T.);
#6140 = EDGE_LOOP('',(#6141,#6151,#6159,#6167));
#6141 = ORIENTED_EDGE('',*,*,#6142,.F.);
#6142 = EDGE_CURVE('',#6143,#6145,#6147,.T.);
#6143 = VERTEX_POINT('',#6144);
#6144 = CARTESIAN_POINT('',(0.32,-7.94,2.54));
#6145 = VERTEX_POINT('',#6146);
#6146 = CARTESIAN_POINT('',(0.32,-7.3,2.54));
#6147 = LINE('',#6148,#6149);
#6148 = CARTESIAN_POINT('',(0.32,-5.875,2.54));
#6149 = VECTOR('',#6150,1.);
#6150 = DIRECTION('',(0.,1.,0.));
#6151 = ORIENTED_EDGE('',*,*,#6152,.T.);
#6152 = EDGE_CURVE('',#6143,#6153,#6155,.T.);
#6153 = VERTEX_POINT('',#6154);
#6154 = CARTESIAN_POINT('',(-0.32,-7.94,2.54));
#6155 = LINE('',#6156,#6157);
#6156 = CARTESIAN_POINT('',(-0.16,-7.94,2.54));
#6157 = VECTOR('',#6158,1.);
#6158 = DIRECTION('',(-1.,0.,0.));
#6159 = ORIENTED_EDGE('',*,*,#6160,.T.);
#6160 = EDGE_CURVE('',#6153,#6161,#6163,.T.);
#6161 = VERTEX_POINT('',#6162);
#6162 = CARTESIAN_POINT('',(-0.32,-7.3,2.54));
#6163 = LINE('',#6164,#6165);
#6164 = CARTESIAN_POINT('',(-0.32,-5.875,2.54));
#6165 = VECTOR('',#6166,1.);
#6166 = DIRECTION('',(0.,1.,0.));
#6167 = ORIENTED_EDGE('',*,*,#6168,.F.);
#6168 = EDGE_CURVE('',#6145,#6161,#6169,.T.);
#6169 = LINE('',#6170,#6171);
#6170 = CARTESIAN_POINT('',(-0.16,-7.3,2.54));
#6171 = VECTOR('',#6172,1.);
#6172 = DIRECTION('',(-1.,0.,0.));
#6173 = FACE_BOUND('',#6174,.T.);
#6174 = EDGE_LOOP('',(#6175,#6185,#6193,#6201));
#6175 = ORIENTED_EDGE('',*,*,#6176,.F.);
#6176 = EDGE_CURVE('',#6177,#6179,#6181,.T.);
#6177 = VERTEX_POINT('',#6178);
#6178 = CARTESIAN_POINT('',(0.32,-0.32,2.54));
#6179 = VERTEX_POINT('',#6180);
#6180 = CARTESIAN_POINT('',(0.32,0.32,2.54));
#6181 = LINE('',#6182,#6183);
#6182 = CARTESIAN_POINT('',(0.32,-2.065,2.54));
#6183 = VECTOR('',#6184,1.);
#6184 = DIRECTION('',(0.,1.,0.));
#6185 = ORIENTED_EDGE('',*,*,#6186,.T.);
#6186 = EDGE_CURVE('',#6177,#6187,#6189,.T.);
#6187 = VERTEX_POINT('',#6188);
#6188 = CARTESIAN_POINT('',(-0.32,-0.32,2.54));
#6189 = LINE('',#6190,#6191);
#6190 = CARTESIAN_POINT('',(-0.16,-0.32,2.54));
#6191 = VECTOR('',#6192,1.);
#6192 = DIRECTION('',(-1.,0.,0.));
#6193 = ORIENTED_EDGE('',*,*,#6194,.T.);
#6194 = EDGE_CURVE('',#6187,#6195,#6197,.T.);
#6195 = VERTEX_POINT('',#6196);
#6196 = CARTESIAN_POINT('',(-0.32,0.32,2.54));
#6197 = LINE('',#6198,#6199);
#6198 = CARTESIAN_POINT('',(-0.32,-2.065,2.54));
#6199 = VECTOR('',#6200,1.);
#6200 = DIRECTION('',(0.,1.,0.));
#6201 = ORIENTED_EDGE('',*,*,#6202,.F.);
#6202 = EDGE_CURVE('',#6179,#6195,#6203,.T.);
#6203 = LINE('',#6204,#6205);
#6204 = CARTESIAN_POINT('',(-0.16,0.32,2.54));
#6205 = VECTOR('',#6206,1.);
#6206 = DIRECTION('',(-1.,0.,0.));
#6207 = FACE_BOUND('',#6208,.T.);
#6208 = EDGE_LOOP('',(#6209,#6219,#6227,#6235));
#6209 = ORIENTED_EDGE('',*,*,#6210,.F.);
#6210 = EDGE_CURVE('',#6211,#6213,#6215,.T.);
#6211 = VERTEX_POINT('',#6212);
#6212 = CARTESIAN_POINT('',(0.32,-2.22,2.54));
#6213 = VERTEX_POINT('',#6214);
#6214 = CARTESIAN_POINT('',(-0.32,-2.22,2.54));
#6215 = LINE('',#6216,#6217);
#6216 = CARTESIAN_POINT('',(-0.16,-2.22,2.54));
#6217 = VECTOR('',#6218,1.);
#6218 = DIRECTION('',(-1.,0.,0.));
#6219 = ORIENTED_EDGE('',*,*,#6220,.F.);
#6220 = EDGE_CURVE('',#6221,#6211,#6223,.T.);
#6221 = VERTEX_POINT('',#6222);
#6222 = CARTESIAN_POINT('',(0.32,-2.86,2.54));
#6223 = LINE('',#6224,#6225);
#6224 = CARTESIAN_POINT('',(0.32,-3.335,2.54));
#6225 = VECTOR('',#6226,1.);
#6226 = DIRECTION('',(0.,1.,0.));
#6227 = ORIENTED_EDGE('',*,*,#6228,.T.);
#6228 = EDGE_CURVE('',#6221,#6229,#6231,.T.);
#6229 = VERTEX_POINT('',#6230);
#6230 = CARTESIAN_POINT('',(-0.32,-2.86,2.54));
#6231 = LINE('',#6232,#6233);
#6232 = CARTESIAN_POINT('',(-0.16,-2.86,2.54));
#6233 = VECTOR('',#6234,1.);
#6234 = DIRECTION('',(-1.,0.,0.));
#6235 = ORIENTED_EDGE('',*,*,#6236,.T.);
#6236 = EDGE_CURVE('',#6229,#6213,#6237,.T.);
#6237 = LINE('',#6238,#6239);
#6238 = CARTESIAN_POINT('',(-0.32,-3.335,2.54));
#6239 = VECTOR('',#6240,1.);
#6240 = DIRECTION('',(0.,1.,0.));
#6241 = PLANE('',#6242);
#6242 = AXIS2_PLACEMENT_3D('',#6243,#6244,#6245);
#6243 = CARTESIAN_POINT('',(4.259053689278E-17,-3.81,2.54));
#6244 = DIRECTION('',(0.,0.,1.));
#6245 = DIRECTION('',(1.,0.,-0.));
#6246 = ADVANCED_FACE('',(#6247),#6258,.F.);
#6247 = FACE_BOUND('',#6248,.F.);
#6248 = EDGE_LOOP('',(#6249,#6255,#6256,#6257));
#6249 = ORIENTED_EDGE('',*,*,#6250,.T.);
#6250 = EDGE_CURVE('',#5763,#6092,#6251,.T.);
#6251 = LINE('',#6252,#6253);
#6252 = CARTESIAN_POINT('',(1.27,1.016,0.));
#6253 = VECTOR('',#6254,1.);
#6254 = DIRECTION('',(0.,0.,1.));
#6255 = ORIENTED_EDGE('',*,*,#6099,.T.);
#6256 = ORIENTED_EDGE('',*,*,#5530,.F.);
#6257 = ORIENTED_EDGE('',*,*,#5770,.F.);
#6258 = PLANE('',#6259);
#6259 = AXIS2_PLACEMENT_3D('',#6260,#6261,#6262);
#6260 = CARTESIAN_POINT('',(1.27,1.016,0.));
#6261 = DIRECTION('',(-0.707106781187,-0.707106781187,0.));
#6262 = DIRECTION('',(-0.707106781187,0.707106781187,0.));
#6263 = ADVANCED_FACE('',(#6264),#6275,.F.);
#6264 = FACE_BOUND('',#6265,.F.);
#6265 = EDGE_LOOP('',(#6266,#6267,#6268,#6274));
#6266 = ORIENTED_EDGE('',*,*,#5570,.T.);
#6267 = ORIENTED_EDGE('',*,*,#5923,.T.);
#6268 = ORIENTED_EDGE('',*,*,#6269,.F.);
#6269 = EDGE_CURVE('',#5595,#5924,#6270,.T.);
#6270 = LINE('',#6271,#6272);
#6271 = CARTESIAN_POINT('',(-1.016,-1.27,0.));
#6272 = VECTOR('',#6273,1.);
#6273 = DIRECTION('',(0.,0.,1.));
#6274 = ORIENTED_EDGE('',*,*,#5594,.F.);
#6275 = PLANE('',#6276);
#6276 = AXIS2_PLACEMENT_3D('',#6277,#6278,#6279);
#6277 = CARTESIAN_POINT('',(-1.27,-1.016,0.));
#6278 = DIRECTION('',(0.707106781187,0.707106781187,0.));
#6279 = DIRECTION('',(0.707106781187,-0.707106781187,0.));
#6280 = ADVANCED_FACE('',(#6281),#6292,.F.);
#6281 = FACE_BOUND('',#6282,.F.);
#6282 = EDGE_LOOP('',(#6283,#6289,#6290,#6291));
#6283 = ORIENTED_EDGE('',*,*,#6284,.T.);
#6284 = EDGE_CURVE('',#5755,#6084,#6285,.T.);
#6285 = LINE('',#6286,#6287);
#6286 = CARTESIAN_POINT('',(1.27,-1.016,0.));
#6287 = VECTOR('',#6288,1.);
#6288 = DIRECTION('',(0.,0.,1.));
#6289 = ORIENTED_EDGE('',*,*,#6091,.T.);
#6290 = ORIENTED_EDGE('',*,*,#6250,.F.);
#6291 = ORIENTED_EDGE('',*,*,#5762,.F.);
#6292 = PLANE('',#6293);
#6293 = AXIS2_PLACEMENT_3D('',#6294,#6295,#6296);
#6294 = CARTESIAN_POINT('',(1.27,-1.016,0.));
#6295 = DIRECTION('',(-1.,0.,0.));
#6296 = DIRECTION('',(0.,1.,0.));
#6297 = ADVANCED_FACE('',(#6298),#6309,.F.);
#6298 = FACE_BOUND('',#6299,.F.);
#6299 = EDGE_LOOP('',(#6300,#6301,#6302,#6308));
#6300 = ORIENTED_EDGE('',*,*,#6269,.T.);
#6301 = ORIENTED_EDGE('',*,*,#5931,.T.);
#6302 = ORIENTED_EDGE('',*,*,#6303,.F.);
#6303 = EDGE_CURVE('',#5603,#5932,#6304,.T.);
#6304 = LINE('',#6305,#6306);
#6305 = CARTESIAN_POINT('',(-1.27,-1.524,0.));
#6306 = VECTOR('',#6307,1.);
#6307 = DIRECTION('',(0.,0.,1.));
#6308 = ORIENTED_EDGE('',*,*,#5602,.F.);
#6309 = PLANE('',#6310);
#6310 = AXIS2_PLACEMENT_3D('',#6311,#6312,#6313);
#6311 = CARTESIAN_POINT('',(-1.016,-1.27,0.));
#6312 = DIRECTION('',(0.707106781187,-0.707106781187,0.));
#6313 = DIRECTION('',(-0.707106781187,-0.707106781187,0.));
#6314 = ADVANCED_FACE('',(#6315),#6326,.F.);
#6315 = FACE_BOUND('',#6316,.F.);
#6316 = EDGE_LOOP('',(#6317,#6323,#6324,#6325));
#6317 = ORIENTED_EDGE('',*,*,#6318,.T.);
#6318 = EDGE_CURVE('',#5747,#6076,#6319,.T.);
#6319 = LINE('',#6320,#6321);
#6320 = CARTESIAN_POINT('',(1.016,-1.27,0.));
#6321 = VECTOR('',#6322,1.);
#6322 = DIRECTION('',(0.,0.,1.));
#6323 = ORIENTED_EDGE('',*,*,#6083,.T.);
#6324 = ORIENTED_EDGE('',*,*,#6284,.F.);
#6325 = ORIENTED_EDGE('',*,*,#5754,.F.);
#6326 = PLANE('',#6327);
#6327 = AXIS2_PLACEMENT_3D('',#6328,#6329,#6330);
#6328 = CARTESIAN_POINT('',(1.016,-1.27,0.));
#6329 = DIRECTION('',(-0.707106781187,0.707106781187,0.));
#6330 = DIRECTION('',(0.707106781187,0.707106781187,0.));
#6331 = ADVANCED_FACE('',(#6332),#6343,.F.);
#6332 = FACE_BOUND('',#6333,.F.);
#6333 = EDGE_LOOP('',(#6334,#6335,#6336,#6342));
#6334 = ORIENTED_EDGE('',*,*,#6303,.T.);
#6335 = ORIENTED_EDGE('',*,*,#5939,.T.);
#6336 = ORIENTED_EDGE('',*,*,#6337,.F.);
#6337 = EDGE_CURVE('',#5611,#5940,#6338,.T.);
#6338 = LINE('',#6339,#6340);
#6339 = CARTESIAN_POINT('',(-1.27,-3.556,0.));
#6340 = VECTOR('',#6341,1.);
#6341 = DIRECTION('',(0.,0.,1.));
#6342 = ORIENTED_EDGE('',*,*,#5610,.F.);
#6343 = PLANE('',#6344);
#6344 = AXIS2_PLACEMENT_3D('',#6345,#6346,#6347);
#6345 = CARTESIAN_POINT('',(-1.27,-1.524,0.));
#6346 = DIRECTION('',(1.,0.,0.));
#6347 = DIRECTION('',(0.,-1.,0.));
#6348 = ADVANCED_FACE('',(#6349),#6360,.F.);
#6349 = FACE_BOUND('',#6350,.F.);
#6350 = EDGE_LOOP('',(#6351,#6357,#6358,#6359));
#6351 = ORIENTED_EDGE('',*,*,#6352,.T.);
#6352 = EDGE_CURVE('',#5739,#6068,#6353,.T.);
#6353 = LINE('',#6354,#6355);
#6354 = CARTESIAN_POINT('',(1.27,-1.524,0.));
#6355 = VECTOR('',#6356,1.);
#6356 = DIRECTION('',(0.,0.,1.));
#6357 = ORIENTED_EDGE('',*,*,#6075,.T.);
#6358 = ORIENTED_EDGE('',*,*,#6318,.F.);
#6359 = ORIENTED_EDGE('',*,*,#5746,.F.);
#6360 = PLANE('',#6361);
#6361 = AXIS2_PLACEMENT_3D('',#6362,#6363,#6364);
#6362 = CARTESIAN_POINT('',(1.27,-1.524,0.));
#6363 = DIRECTION('',(-0.707106781187,-0.707106781187,0.));
#6364 = DIRECTION('',(-0.707106781187,0.707106781187,0.));
#6365 = ADVANCED_FACE('',(#6366),#6377,.F.);
#6366 = FACE_BOUND('',#6367,.F.);
#6367 = EDGE_LOOP('',(#6368,#6369,#6370,#6376));
#6368 = ORIENTED_EDGE('',*,*,#6337,.T.);
#6369 = ORIENTED_EDGE('',*,*,#5947,.T.);
#6370 = ORIENTED_EDGE('',*,*,#6371,.F.);
#6371 = EDGE_CURVE('',#5619,#5948,#6372,.T.);
#6372 = LINE('',#6373,#6374);
#6373 = CARTESIAN_POINT('',(-1.016,-3.81,0.));
#6374 = VECTOR('',#6375,1.);
#6375 = DIRECTION('',(0.,0.,1.));
#6376 = ORIENTED_EDGE('',*,*,#5618,.F.);
#6377 = PLANE('',#6378);
#6378 = AXIS2_PLACEMENT_3D('',#6379,#6380,#6381);
#6379 = CARTESIAN_POINT('',(-1.27,-3.556,0.));
#6380 = DIRECTION('',(0.707106781187,0.707106781187,0.));
#6381 = DIRECTION('',(0.707106781187,-0.707106781187,0.));
#6382 = ADVANCED_FACE('',(#6383),#6394,.F.);
#6383 = FACE_BOUND('',#6384,.F.);
#6384 = EDGE_LOOP('',(#6385,#6391,#6392,#6393));
#6385 = ORIENTED_EDGE('',*,*,#6386,.T.);
#6386 = EDGE_CURVE('',#5731,#6060,#6387,.T.);
#6387 = LINE('',#6388,#6389);
#6388 = CARTESIAN_POINT('',(1.27,-3.556,0.));
#6389 = VECTOR('',#6390,1.);
#6390 = DIRECTION('',(0.,0.,1.));
#6391 = ORIENTED_EDGE('',*,*,#6067,.T.);
#6392 = ORIENTED_EDGE('',*,*,#6352,.F.);
#6393 = ORIENTED_EDGE('',*,*,#5738,.F.);
#6394 = PLANE('',#6395);
#6395 = AXIS2_PLACEMENT_3D('',#6396,#6397,#6398);
#6396 = CARTESIAN_POINT('',(1.27,-3.556,0.));
#6397 = DIRECTION('',(-1.,0.,0.));
#6398 = DIRECTION('',(0.,1.,0.));
#6399 = ADVANCED_FACE('',(#6400),#6411,.F.);
#6400 = FACE_BOUND('',#6401,.F.);
#6401 = EDGE_LOOP('',(#6402,#6403,#6404,#6410));
#6402 = ORIENTED_EDGE('',*,*,#6371,.T.);
#6403 = ORIENTED_EDGE('',*,*,#5955,.T.);
#6404 = ORIENTED_EDGE('',*,*,#6405,.F.);
#6405 = EDGE_CURVE('',#5627,#5956,#6406,.T.);
#6406 = LINE('',#6407,#6408);
#6407 = CARTESIAN_POINT('',(-1.27,-4.064,0.));
#6408 = VECTOR('',#6409,1.);
#6409 = DIRECTION('',(0.,0.,1.));
#6410 = ORIENTED_EDGE('',*,*,#5626,.F.);
#6411 = PLANE('',#6412);
#6412 = AXIS2_PLACEMENT_3D('',#6413,#6414,#6415);
#6413 = CARTESIAN_POINT('',(-1.016,-3.81,0.));
#6414 = DIRECTION('',(0.707106781187,-0.707106781187,0.));
#6415 = DIRECTION('',(-0.707106781187,-0.707106781187,0.));
#6416 = ADVANCED_FACE('',(#6417),#6428,.F.);
#6417 = FACE_BOUND('',#6418,.F.);
#6418 = EDGE_LOOP('',(#6419,#6425,#6426,#6427));
#6419 = ORIENTED_EDGE('',*,*,#6420,.T.);
#6420 = EDGE_CURVE('',#5723,#6052,#6421,.T.);
#6421 = LINE('',#6422,#6423);
#6422 = CARTESIAN_POINT('',(1.016,-3.81,0.));
#6423 = VECTOR('',#6424,1.);
#6424 = DIRECTION('',(0.,0.,1.));
#6425 = ORIENTED_EDGE('',*,*,#6059,.T.);
#6426 = ORIENTED_EDGE('',*,*,#6386,.F.);
#6427 = ORIENTED_EDGE('',*,*,#5730,.F.);
#6428 = PLANE('',#6429);
#6429 = AXIS2_PLACEMENT_3D('',#6430,#6431,#6432);
#6430 = CARTESIAN_POINT('',(1.016,-3.81,0.));
#6431 = DIRECTION('',(-0.707106781187,0.707106781187,0.));
#6432 = DIRECTION('',(0.707106781187,0.707106781187,0.));
#6433 = ADVANCED_FACE('',(#6434),#6445,.F.);
#6434 = FACE_BOUND('',#6435,.F.);
#6435 = EDGE_LOOP('',(#6436,#6437,#6438,#6444));
#6436 = ORIENTED_EDGE('',*,*,#6405,.T.);
#6437 = ORIENTED_EDGE('',*,*,#5963,.T.);
#6438 = ORIENTED_EDGE('',*,*,#6439,.F.);
#6439 = EDGE_CURVE('',#5635,#5964,#6440,.T.);
#6440 = LINE('',#6441,#6442);
#6441 = CARTESIAN_POINT('',(-1.27,-6.096,0.));
#6442 = VECTOR('',#6443,1.);
#6443 = DIRECTION('',(0.,0.,1.));
#6444 = ORIENTED_EDGE('',*,*,#5634,.F.);
#6445 = PLANE('',#6446);
#6446 = AXIS2_PLACEMENT_3D('',#6447,#6448,#6449);
#6447 = CARTESIAN_POINT('',(-1.27,-4.064,0.));
#6448 = DIRECTION('',(1.,0.,0.));
#6449 = DIRECTION('',(0.,-1.,0.));
#6450 = ADVANCED_FACE('',(#6451),#6462,.F.);
#6451 = FACE_BOUND('',#6452,.F.);
#6452 = EDGE_LOOP('',(#6453,#6459,#6460,#6461));
#6453 = ORIENTED_EDGE('',*,*,#6454,.T.);
#6454 = EDGE_CURVE('',#5715,#6044,#6455,.T.);
#6455 = LINE('',#6456,#6457);
#6456 = CARTESIAN_POINT('',(1.27,-4.064,0.));
#6457 = VECTOR('',#6458,1.);
#6458 = DIRECTION('',(0.,0.,1.));
#6459 = ORIENTED_EDGE('',*,*,#6051,.T.);
#6460 = ORIENTED_EDGE('',*,*,#6420,.F.);
#6461 = ORIENTED_EDGE('',*,*,#5722,.F.);
#6462 = PLANE('',#6463);
#6463 = AXIS2_PLACEMENT_3D('',#6464,#6465,#6466);
#6464 = CARTESIAN_POINT('',(1.27,-4.064,0.));
#6465 = DIRECTION('',(-0.707106781187,-0.707106781187,0.));
#6466 = DIRECTION('',(-0.707106781187,0.707106781187,0.));
#6467 = ADVANCED_FACE('',(#6468),#6479,.F.);
#6468 = FACE_BOUND('',#6469,.F.);
#6469 = EDGE_LOOP('',(#6470,#6471,#6472,#6478));
#6470 = ORIENTED_EDGE('',*,*,#6439,.T.);
#6471 = ORIENTED_EDGE('',*,*,#5971,.T.);
#6472 = ORIENTED_EDGE('',*,*,#6473,.F.);
#6473 = EDGE_CURVE('',#5643,#5972,#6474,.T.);
#6474 = LINE('',#6475,#6476);
#6475 = CARTESIAN_POINT('',(-1.016,-6.35,0.));
#6476 = VECTOR('',#6477,1.);
#6477 = DIRECTION('',(0.,0.,1.));
#6478 = ORIENTED_EDGE('',*,*,#5642,.F.);
#6479 = PLANE('',#6480);
#6480 = AXIS2_PLACEMENT_3D('',#6481,#6482,#6483);
#6481 = CARTESIAN_POINT('',(-1.27,-6.096,0.));
#6482 = DIRECTION('',(0.707106781187,0.707106781187,0.));
#6483 = DIRECTION('',(0.707106781187,-0.707106781187,0.));
#6484 = ADVANCED_FACE('',(#6485),#6496,.F.);
#6485 = FACE_BOUND('',#6486,.F.);
#6486 = EDGE_LOOP('',(#6487,#6493,#6494,#6495));
#6487 = ORIENTED_EDGE('',*,*,#6488,.T.);
#6488 = EDGE_CURVE('',#5707,#6036,#6489,.T.);
#6489 = LINE('',#6490,#6491);
#6490 = CARTESIAN_POINT('',(1.27,-6.096,0.));
#6491 = VECTOR('',#6492,1.);
#6492 = DIRECTION('',(0.,0.,1.));
#6493 = ORIENTED_EDGE('',*,*,#6043,.T.);
#6494 = ORIENTED_EDGE('',*,*,#6454,.F.);
#6495 = ORIENTED_EDGE('',*,*,#5714,.F.);
#6496 = PLANE('',#6497);
#6497 = AXIS2_PLACEMENT_3D('',#6498,#6499,#6500);
#6498 = CARTESIAN_POINT('',(1.27,-6.096,0.));
#6499 = DIRECTION('',(-1.,0.,0.));
#6500 = DIRECTION('',(0.,1.,0.));
#6501 = ADVANCED_FACE('',(#6502),#6513,.F.);
#6502 = FACE_BOUND('',#6503,.F.);
#6503 = EDGE_LOOP('',(#6504,#6505,#6506,#6512));
#6504 = ORIENTED_EDGE('',*,*,#6473,.T.);
#6505 = ORIENTED_EDGE('',*,*,#5979,.T.);
#6506 = ORIENTED_EDGE('',*,*,#6507,.F.);
#6507 = EDGE_CURVE('',#5651,#5980,#6508,.T.);
#6508 = LINE('',#6509,#6510);
#6509 = CARTESIAN_POINT('',(-1.27,-6.604,0.));
#6510 = VECTOR('',#6511,1.);
#6511 = DIRECTION('',(0.,0.,1.));
#6512 = ORIENTED_EDGE('',*,*,#5650,.F.);
#6513 = PLANE('',#6514);
#6514 = AXIS2_PLACEMENT_3D('',#6515,#6516,#6517);
#6515 = CARTESIAN_POINT('',(-1.016,-6.35,0.));
#6516 = DIRECTION('',(0.707106781187,-0.707106781187,0.));
#6517 = DIRECTION('',(-0.707106781187,-0.707106781187,0.));
#6518 = ADVANCED_FACE('',(#6519),#6530,.F.);
#6519 = FACE_BOUND('',#6520,.F.);
#6520 = EDGE_LOOP('',(#6521,#6527,#6528,#6529));
#6521 = ORIENTED_EDGE('',*,*,#6522,.T.);
#6522 = EDGE_CURVE('',#5699,#6028,#6523,.T.);
#6523 = LINE('',#6524,#6525);
#6524 = CARTESIAN_POINT('',(1.016,-6.35,0.));
#6525 = VECTOR('',#6526,1.);
#6526 = DIRECTION('',(0.,0.,1.));
#6527 = ORIENTED_EDGE('',*,*,#6035,.T.);
#6528 = ORIENTED_EDGE('',*,*,#6488,.F.);
#6529 = ORIENTED_EDGE('',*,*,#5706,.F.);
#6530 = PLANE('',#6531);
#6531 = AXIS2_PLACEMENT_3D('',#6532,#6533,#6534);
#6532 = CARTESIAN_POINT('',(1.016,-6.35,0.));
#6533 = DIRECTION('',(-0.707106781187,0.707106781187,0.));
#6534 = DIRECTION('',(0.707106781187,0.707106781187,0.));
#6535 = ADVANCED_FACE('',(#6536),#6547,.F.);
#6536 = FACE_BOUND('',#6537,.F.);
#6537 = EDGE_LOOP('',(#6538,#6539,#6540,#6546));
#6538 = ORIENTED_EDGE('',*,*,#6507,.T.);
#6539 = ORIENTED_EDGE('',*,*,#5987,.T.);
#6540 = ORIENTED_EDGE('',*,*,#6541,.F.);
#6541 = EDGE_CURVE('',#5659,#5988,#6542,.T.);
#6542 = LINE('',#6543,#6544);
#6543 = CARTESIAN_POINT('',(-1.27,-8.636,0.));
#6544 = VECTOR('',#6545,1.);
#6545 = DIRECTION('',(0.,0.,1.));
#6546 = ORIENTED_EDGE('',*,*,#5658,.F.);
#6547 = PLANE('',#6548);
#6548 = AXIS2_PLACEMENT_3D('',#6549,#6550,#6551);
#6549 = CARTESIAN_POINT('',(-1.27,-6.604,0.));
#6550 = DIRECTION('',(1.,0.,0.));
#6551 = DIRECTION('',(0.,-1.,0.));
#6552 = ADVANCED_FACE('',(#6553),#6564,.F.);
#6553 = FACE_BOUND('',#6554,.F.);
#6554 = EDGE_LOOP('',(#6555,#6561,#6562,#6563));
#6555 = ORIENTED_EDGE('',*,*,#6556,.T.);
#6556 = EDGE_CURVE('',#5691,#6020,#6557,.T.);
#6557 = LINE('',#6558,#6559);
#6558 = CARTESIAN_POINT('',(1.27,-6.604,0.));
#6559 = VECTOR('',#6560,1.);
#6560 = DIRECTION('',(0.,0.,1.));
#6561 = ORIENTED_EDGE('',*,*,#6027,.T.);
#6562 = ORIENTED_EDGE('',*,*,#6522,.F.);
#6563 = ORIENTED_EDGE('',*,*,#5698,.F.);
#6564 = PLANE('',#6565);
#6565 = AXIS2_PLACEMENT_3D('',#6566,#6567,#6568);
#6566 = CARTESIAN_POINT('',(1.27,-6.604,0.));
#6567 = DIRECTION('',(-0.707106781187,-0.707106781187,0.));
#6568 = DIRECTION('',(-0.707106781187,0.707106781187,0.));
#6569 = ADVANCED_FACE('',(#6570),#6581,.F.);
#6570 = FACE_BOUND('',#6571,.F.);
#6571 = EDGE_LOOP('',(#6572,#6573,#6574,#6580));
#6572 = ORIENTED_EDGE('',*,*,#6541,.T.);
#6573 = ORIENTED_EDGE('',*,*,#5995,.T.);
#6574 = ORIENTED_EDGE('',*,*,#6575,.F.);
#6575 = EDGE_CURVE('',#5667,#5996,#6576,.T.);
#6576 = LINE('',#6577,#6578);
#6577 = CARTESIAN_POINT('',(-1.016,-8.89,0.));
#6578 = VECTOR('',#6579,1.);
#6579 = DIRECTION('',(0.,0.,1.));
#6580 = ORIENTED_EDGE('',*,*,#5666,.F.);
#6581 = PLANE('',#6582);
#6582 = AXIS2_PLACEMENT_3D('',#6583,#6584,#6585);
#6583 = CARTESIAN_POINT('',(-1.27,-8.636,0.));
#6584 = DIRECTION('',(0.707106781187,0.707106781187,0.));
#6585 = DIRECTION('',(0.707106781187,-0.707106781187,0.));
#6586 = ADVANCED_FACE('',(#6587),#6598,.F.);
#6587 = FACE_BOUND('',#6588,.F.);
#6588 = EDGE_LOOP('',(#6589,#6595,#6596,#6597));
#6589 = ORIENTED_EDGE('',*,*,#6590,.T.);
#6590 = EDGE_CURVE('',#5683,#6012,#6591,.T.);
#6591 = LINE('',#6592,#6593);
#6592 = CARTESIAN_POINT('',(1.27,-8.636,0.));
#6593 = VECTOR('',#6594,1.);
#6594 = DIRECTION('',(0.,0.,1.));
#6595 = ORIENTED_EDGE('',*,*,#6019,.T.);
#6596 = ORIENTED_EDGE('',*,*,#6556,.F.);
#6597 = ORIENTED_EDGE('',*,*,#5690,.F.);
#6598 = PLANE('',#6599);
#6599 = AXIS2_PLACEMENT_3D('',#6600,#6601,#6602);
#6600 = CARTESIAN_POINT('',(1.27,-8.636,0.));
#6601 = DIRECTION('',(-1.,0.,0.));
#6602 = DIRECTION('',(0.,1.,0.));
#6603 = ADVANCED_FACE('',(#6604),#6615,.F.);
#6604 = FACE_BOUND('',#6605,.F.);
#6605 = EDGE_LOOP('',(#6606,#6607,#6608,#6614));
#6606 = ORIENTED_EDGE('',*,*,#6575,.T.);
#6607 = ORIENTED_EDGE('',*,*,#6003,.T.);
#6608 = ORIENTED_EDGE('',*,*,#6609,.F.);
#6609 = EDGE_CURVE('',#5675,#6004,#6610,.T.);
#6610 = LINE('',#6611,#6612);
#6611 = CARTESIAN_POINT('',(1.016,-8.89,0.));
#6612 = VECTOR('',#6613,1.);
#6613 = DIRECTION('',(0.,0.,1.));
#6614 = ORIENTED_EDGE('',*,*,#5674,.F.);
#6615 = PLANE('',#6616);
#6616 = AXIS2_PLACEMENT_3D('',#6617,#6618,#6619);
#6617 = CARTESIAN_POINT('',(-1.016,-8.89,0.));
#6618 = DIRECTION('',(0.,1.,0.));
#6619 = DIRECTION('',(1.,0.,0.));
#6620 = ADVANCED_FACE('',(#6621),#6627,.F.);
#6621 = FACE_BOUND('',#6622,.F.);
#6622 = EDGE_LOOP('',(#6623,#6624,#6625,#6626));
#6623 = ORIENTED_EDGE('',*,*,#6609,.T.);
#6624 = ORIENTED_EDGE('',*,*,#6011,.T.);
#6625 = ORIENTED_EDGE('',*,*,#6590,.F.);
#6626 = ORIENTED_EDGE('',*,*,#5682,.F.);
#6627 = PLANE('',#6628);
#6628 = AXIS2_PLACEMENT_3D('',#6629,#6630,#6631);
#6629 = CARTESIAN_POINT('',(1.016,-8.89,0.));
#6630 = DIRECTION('',(-0.707106781187,0.707106781187,0.));
#6631 = DIRECTION('',(0.707106781187,0.707106781187,0.));
#6632 = ADVANCED_FACE('',(#6633),#6658,.T.);
#6633 = FACE_BOUND('',#6634,.T.);
#6634 = EDGE_LOOP('',(#6635,#6643,#6651,#6657));
#6635 = ORIENTED_EDGE('',*,*,#6636,.F.);
#6636 = EDGE_CURVE('',#6637,#5780,#6639,.T.);
#6637 = VERTEX_POINT('',#6638);
#6638 = CARTESIAN_POINT('',(0.32,-4.76,-2.84));
#6639 = LINE('',#6640,#6641);
#6640 = CARTESIAN_POINT('',(0.32,-4.76,-3.));
#6641 = VECTOR('',#6642,1.);
#6642 = DIRECTION('',(0.,0.,1.));
#6643 = ORIENTED_EDGE('',*,*,#6644,.F.);
#6644 = EDGE_CURVE('',#6645,#6637,#6647,.T.);
#6645 = VERTEX_POINT('',#6646);
#6646 = CARTESIAN_POINT('',(-0.32,-4.76,-2.84));
#6647 = LINE('',#6648,#6649);
#6648 = CARTESIAN_POINT('',(-0.32,-4.76,-2.84));
#6649 = VECTOR('',#6650,1.);
#6650 = DIRECTION('',(1.,0.,0.));
#6651 = ORIENTED_EDGE('',*,*,#6652,.T.);
#6652 = EDGE_CURVE('',#6645,#5782,#6653,.T.);
#6653 = LINE('',#6654,#6655);
#6654 = CARTESIAN_POINT('',(-0.32,-4.76,-3.));
#6655 = VECTOR('',#6656,1.);
#6656 = DIRECTION('',(0.,0.,1.));
#6657 = ORIENTED_EDGE('',*,*,#5779,.F.);
#6658 = PLANE('',#6659);
#6659 = AXIS2_PLACEMENT_3D('',#6660,#6661,#6662);
#6660 = CARTESIAN_POINT('',(-0.32,-4.76,-3.));
#6661 = DIRECTION('',(0.,1.,0.));
#6662 = DIRECTION('',(0.,-0.,1.));
#6663 = ADVANCED_FACE('',(#6664),#6682,.F.);
#6664 = FACE_BOUND('',#6665,.F.);
#6665 = EDGE_LOOP('',(#6666,#6674,#6680,#6681));
#6666 = ORIENTED_EDGE('',*,*,#6667,.F.);
#6667 = EDGE_CURVE('',#6668,#5798,#6670,.T.);
#6668 = VERTEX_POINT('',#6669);
#6669 = CARTESIAN_POINT('',(-0.32,-5.4,-2.84));
#6670 = LINE('',#6671,#6672);
#6671 = CARTESIAN_POINT('',(-0.32,-5.4,-3.));
#6672 = VECTOR('',#6673,1.);
#6673 = DIRECTION('',(0.,0.,1.));
#6674 = ORIENTED_EDGE('',*,*,#6675,.T.);
#6675 = EDGE_CURVE('',#6668,#6645,#6676,.T.);
#6676 = LINE('',#6677,#6678);
#6677 = CARTESIAN_POINT('',(-0.32,-5.4,-2.84));
#6678 = VECTOR('',#6679,1.);
#6679 = DIRECTION('',(0.,1.,0.));
#6680 = ORIENTED_EDGE('',*,*,#6652,.T.);
#6681 = ORIENTED_EDGE('',*,*,#5805,.F.);
#6682 = PLANE('',#6683);
#6683 = AXIS2_PLACEMENT_3D('',#6684,#6685,#6686);
#6684 = CARTESIAN_POINT('',(-0.32,-5.4,-3.));
#6685 = DIRECTION('',(1.,0.,0.));
#6686 = DIRECTION('',(0.,0.,1.));
#6687 = ADVANCED_FACE('',(#6688),#6706,.F.);
#6688 = FACE_BOUND('',#6689,.F.);
#6689 = EDGE_LOOP('',(#6690,#6698,#6704,#6705));
#6690 = ORIENTED_EDGE('',*,*,#6691,.F.);
#6691 = EDGE_CURVE('',#6692,#5790,#6694,.T.);
#6692 = VERTEX_POINT('',#6693);
#6693 = CARTESIAN_POINT('',(0.32,-5.4,-2.84));
#6694 = LINE('',#6695,#6696);
#6695 = CARTESIAN_POINT('',(0.32,-5.4,-3.));
#6696 = VECTOR('',#6697,1.);
#6697 = DIRECTION('',(0.,0.,1.));
#6698 = ORIENTED_EDGE('',*,*,#6699,.F.);
#6699 = EDGE_CURVE('',#6668,#6692,#6700,.T.);
#6700 = LINE('',#6701,#6702);
#6701 = CARTESIAN_POINT('',(-0.32,-5.4,-2.84));
#6702 = VECTOR('',#6703,1.);
#6703 = DIRECTION('',(1.,0.,0.));
#6704 = ORIENTED_EDGE('',*,*,#6667,.T.);
#6705 = ORIENTED_EDGE('',*,*,#5797,.F.);
#6706 = PLANE('',#6707);
#6707 = AXIS2_PLACEMENT_3D('',#6708,#6709,#6710);
#6708 = CARTESIAN_POINT('',(-0.32,-5.4,-3.));
#6709 = DIRECTION('',(0.,1.,0.));
#6710 = DIRECTION('',(0.,-0.,1.));
#6711 = ADVANCED_FACE('',(#6712),#6723,.T.);
#6712 = FACE_BOUND('',#6713,.T.);
#6713 = EDGE_LOOP('',(#6714,#6715,#6721,#6722));
#6714 = ORIENTED_EDGE('',*,*,#6691,.F.);
#6715 = ORIENTED_EDGE('',*,*,#6716,.T.);
#6716 = EDGE_CURVE('',#6692,#6637,#6717,.T.);
#6717 = LINE('',#6718,#6719);
#6718 = CARTESIAN_POINT('',(0.32,-5.4,-2.84));
#6719 = VECTOR('',#6720,1.);
#6720 = DIRECTION('',(0.,1.,0.));
#6721 = ORIENTED_EDGE('',*,*,#6636,.T.);
#6722 = ORIENTED_EDGE('',*,*,#5789,.F.);
#6723 = PLANE('',#6724);
#6724 = AXIS2_PLACEMENT_3D('',#6725,#6726,#6727);
#6725 = CARTESIAN_POINT('',(0.32,-5.4,-3.));
#6726 = DIRECTION('',(1.,0.,0.));
#6727 = DIRECTION('',(0.,0.,1.));
#6728 = ADVANCED_FACE('',(#6729),#6754,.T.);
#6729 = FACE_BOUND('',#6730,.T.);
#6730 = EDGE_LOOP('',(#6731,#6739,#6747,#6753));
#6731 = ORIENTED_EDGE('',*,*,#6732,.F.);
#6732 = EDGE_CURVE('',#6733,#5814,#6735,.T.);
#6733 = VERTEX_POINT('',#6734);
#6734 = CARTESIAN_POINT('',(0.32,-7.94,-2.84));
#6735 = LINE('',#6736,#6737);
#6736 = CARTESIAN_POINT('',(0.32,-7.94,-3.));
#6737 = VECTOR('',#6738,1.);
#6738 = DIRECTION('',(0.,0.,1.));
#6739 = ORIENTED_EDGE('',*,*,#6740,.T.);
#6740 = EDGE_CURVE('',#6733,#6741,#6743,.T.);
#6741 = VERTEX_POINT('',#6742);
#6742 = CARTESIAN_POINT('',(0.32,-7.3,-2.84));
#6743 = LINE('',#6744,#6745);
#6744 = CARTESIAN_POINT('',(0.32,-7.94,-2.84));
#6745 = VECTOR('',#6746,1.);
#6746 = DIRECTION('',(0.,1.,0.));
#6747 = ORIENTED_EDGE('',*,*,#6748,.T.);
#6748 = EDGE_CURVE('',#6741,#5816,#6749,.T.);
#6749 = LINE('',#6750,#6751);
#6750 = CARTESIAN_POINT('',(0.32,-7.3,-3.));
#6751 = VECTOR('',#6752,1.);
#6752 = DIRECTION('',(0.,0.,1.));
#6753 = ORIENTED_EDGE('',*,*,#5813,.F.);
#6754 = PLANE('',#6755);
#6755 = AXIS2_PLACEMENT_3D('',#6756,#6757,#6758);
#6756 = CARTESIAN_POINT('',(0.32,-7.94,-3.));
#6757 = DIRECTION('',(1.,0.,0.));
#6758 = DIRECTION('',(0.,0.,1.));
#6759 = ADVANCED_FACE('',(#6760),#6778,.T.);
#6760 = FACE_BOUND('',#6761,.T.);
#6761 = EDGE_LOOP('',(#6762,#6763,#6771,#6777));
#6762 = ORIENTED_EDGE('',*,*,#6748,.F.);
#6763 = ORIENTED_EDGE('',*,*,#6764,.F.);
#6764 = EDGE_CURVE('',#6765,#6741,#6767,.T.);
#6765 = VERTEX_POINT('',#6766);
#6766 = CARTESIAN_POINT('',(-0.32,-7.3,-2.84));
#6767 = LINE('',#6768,#6769);
#6768 = CARTESIAN_POINT('',(-0.32,-7.3,-2.84));
#6769 = VECTOR('',#6770,1.);
#6770 = DIRECTION('',(1.,0.,0.));
#6771 = ORIENTED_EDGE('',*,*,#6772,.T.);
#6772 = EDGE_CURVE('',#6765,#5832,#6773,.T.);
#6773 = LINE('',#6774,#6775);
#6774 = CARTESIAN_POINT('',(-0.32,-7.3,-3.));
#6775 = VECTOR('',#6776,1.);
#6776 = DIRECTION('',(0.,0.,1.));
#6777 = ORIENTED_EDGE('',*,*,#5839,.F.);
#6778 = PLANE('',#6779);
#6779 = AXIS2_PLACEMENT_3D('',#6780,#6781,#6782);
#6780 = CARTESIAN_POINT('',(-0.32,-7.3,-3.));
#6781 = DIRECTION('',(0.,1.,0.));
#6782 = DIRECTION('',(0.,-0.,1.));
#6783 = ADVANCED_FACE('',(#6784),#6802,.F.);
#6784 = FACE_BOUND('',#6785,.F.);
#6785 = EDGE_LOOP('',(#6786,#6794,#6800,#6801));
#6786 = ORIENTED_EDGE('',*,*,#6787,.F.);
#6787 = EDGE_CURVE('',#6788,#5824,#6790,.T.);
#6788 = VERTEX_POINT('',#6789);
#6789 = CARTESIAN_POINT('',(-0.32,-7.94,-2.84));
#6790 = LINE('',#6791,#6792);
#6791 = CARTESIAN_POINT('',(-0.32,-7.94,-3.));
#6792 = VECTOR('',#6793,1.);
#6793 = DIRECTION('',(0.,0.,1.));
#6794 = ORIENTED_EDGE('',*,*,#6795,.T.);
#6795 = EDGE_CURVE('',#6788,#6765,#6796,.T.);
#6796 = LINE('',#6797,#6798);
#6797 = CARTESIAN_POINT('',(-0.32,-7.94,-2.84));
#6798 = VECTOR('',#6799,1.);
#6799 = DIRECTION('',(0.,1.,0.));
#6800 = ORIENTED_EDGE('',*,*,#6772,.T.);
#6801 = ORIENTED_EDGE('',*,*,#5831,.F.);
#6802 = PLANE('',#6803);
#6803 = AXIS2_PLACEMENT_3D('',#6804,#6805,#6806);
#6804 = CARTESIAN_POINT('',(-0.32,-7.94,-3.));
#6805 = DIRECTION('',(1.,0.,0.));
#6806 = DIRECTION('',(0.,0.,1.));
#6807 = ADVANCED_FACE('',(#6808),#6819,.F.);
#6808 = FACE_BOUND('',#6809,.F.);
#6809 = EDGE_LOOP('',(#6810,#6811,#6817,#6818));
#6810 = ORIENTED_EDGE('',*,*,#6732,.F.);
#6811 = ORIENTED_EDGE('',*,*,#6812,.F.);
#6812 = EDGE_CURVE('',#6788,#6733,#6813,.T.);
#6813 = LINE('',#6814,#6815);
#6814 = CARTESIAN_POINT('',(-0.32,-7.94,-2.84));
#6815 = VECTOR('',#6816,1.);
#6816 = DIRECTION('',(1.,0.,0.));
#6817 = ORIENTED_EDGE('',*,*,#6787,.T.);
#6818 = ORIENTED_EDGE('',*,*,#5823,.F.);
#6819 = PLANE('',#6820);
#6820 = AXIS2_PLACEMENT_3D('',#6821,#6822,#6823);
#6821 = CARTESIAN_POINT('',(-0.32,-7.94,-3.));
#6822 = DIRECTION('',(0.,1.,0.));
#6823 = DIRECTION('',(0.,-0.,1.));
#6824 = ADVANCED_FACE('',(#6825),#6850,.T.);
#6825 = FACE_BOUND('',#6826,.T.);
#6826 = EDGE_LOOP('',(#6827,#6835,#6843,#6849));
#6827 = ORIENTED_EDGE('',*,*,#6828,.F.);
#6828 = EDGE_CURVE('',#6829,#5848,#6831,.T.);
#6829 = VERTEX_POINT('',#6830);
#6830 = CARTESIAN_POINT('',(0.32,-0.32,-2.84));
#6831 = LINE('',#6832,#6833);
#6832 = CARTESIAN_POINT('',(0.32,-0.32,-3.));
#6833 = VECTOR('',#6834,1.);
#6834 = DIRECTION('',(0.,0.,1.));
#6835 = ORIENTED_EDGE('',*,*,#6836,.T.);
#6836 = EDGE_CURVE('',#6829,#6837,#6839,.T.);
#6837 = VERTEX_POINT('',#6838);
#6838 = CARTESIAN_POINT('',(0.32,0.32,-2.84));
#6839 = LINE('',#6840,#6841);
#6840 = CARTESIAN_POINT('',(0.32,-0.32,-2.84));
#6841 = VECTOR('',#6842,1.);
#6842 = DIRECTION('',(0.,1.,0.));
#6843 = ORIENTED_EDGE('',*,*,#6844,.T.);
#6844 = EDGE_CURVE('',#6837,#5850,#6845,.T.);
#6845 = LINE('',#6846,#6847);
#6846 = CARTESIAN_POINT('',(0.32,0.32,-3.));
#6847 = VECTOR('',#6848,1.);
#6848 = DIRECTION('',(0.,0.,1.));
#6849 = ORIENTED_EDGE('',*,*,#5847,.F.);
#6850 = PLANE('',#6851);
#6851 = AXIS2_PLACEMENT_3D('',#6852,#6853,#6854);
#6852 = CARTESIAN_POINT('',(0.32,-0.32,-3.));
#6853 = DIRECTION('',(1.,0.,0.));
#6854 = DIRECTION('',(0.,0.,1.));
#6855 = ADVANCED_FACE('',(#6856),#6874,.T.);
#6856 = FACE_BOUND('',#6857,.T.);
#6857 = EDGE_LOOP('',(#6858,#6859,#6867,#6873));
#6858 = ORIENTED_EDGE('',*,*,#6844,.F.);
#6859 = ORIENTED_EDGE('',*,*,#6860,.F.);
#6860 = EDGE_CURVE('',#6861,#6837,#6863,.T.);
#6861 = VERTEX_POINT('',#6862);
#6862 = CARTESIAN_POINT('',(-0.32,0.32,-2.84));
#6863 = LINE('',#6864,#6865);
#6864 = CARTESIAN_POINT('',(-0.32,0.32,-2.84));
#6865 = VECTOR('',#6866,1.);
#6866 = DIRECTION('',(1.,0.,0.));
#6867 = ORIENTED_EDGE('',*,*,#6868,.T.);
#6868 = EDGE_CURVE('',#6861,#5866,#6869,.T.);
#6869 = LINE('',#6870,#6871);
#6870 = CARTESIAN_POINT('',(-0.32,0.32,-3.));
#6871 = VECTOR('',#6872,1.);
#6872 = DIRECTION('',(0.,0.,1.));
#6873 = ORIENTED_EDGE('',*,*,#5873,.F.);
#6874 = PLANE('',#6875);
#6875 = AXIS2_PLACEMENT_3D('',#6876,#6877,#6878);
#6876 = CARTESIAN_POINT('',(-0.32,0.32,-3.));
#6877 = DIRECTION('',(0.,1.,0.));
#6878 = DIRECTION('',(0.,-0.,1.));
#6879 = ADVANCED_FACE('',(#6880),#6898,.F.);
#6880 = FACE_BOUND('',#6881,.F.);
#6881 = EDGE_LOOP('',(#6882,#6890,#6896,#6897));
#6882 = ORIENTED_EDGE('',*,*,#6883,.F.);
#6883 = EDGE_CURVE('',#6884,#5858,#6886,.T.);
#6884 = VERTEX_POINT('',#6885);
#6885 = CARTESIAN_POINT('',(-0.32,-0.32,-2.84));
#6886 = LINE('',#6887,#6888);
#6887 = CARTESIAN_POINT('',(-0.32,-0.32,-3.));
#6888 = VECTOR('',#6889,1.);
#6889 = DIRECTION('',(0.,0.,1.));
#6890 = ORIENTED_EDGE('',*,*,#6891,.T.);
#6891 = EDGE_CURVE('',#6884,#6861,#6892,.T.);
#6892 = LINE('',#6893,#6894);
#6893 = CARTESIAN_POINT('',(-0.32,-0.32,-2.84));
#6894 = VECTOR('',#6895,1.);
#6895 = DIRECTION('',(0.,1.,0.));
#6896 = ORIENTED_EDGE('',*,*,#6868,.T.);
#6897 = ORIENTED_EDGE('',*,*,#5865,.F.);
#6898 = PLANE('',#6899);
#6899 = AXIS2_PLACEMENT_3D('',#6900,#6901,#6902);
#6900 = CARTESIAN_POINT('',(-0.32,-0.32,-3.));
#6901 = DIRECTION('',(1.,0.,0.));
#6902 = DIRECTION('',(0.,0.,1.));
#6903 = ADVANCED_FACE('',(#6904),#6915,.F.);
#6904 = FACE_BOUND('',#6905,.F.);
#6905 = EDGE_LOOP('',(#6906,#6907,#6913,#6914));
#6906 = ORIENTED_EDGE('',*,*,#6828,.F.);
#6907 = ORIENTED_EDGE('',*,*,#6908,.F.);
#6908 = EDGE_CURVE('',#6884,#6829,#6909,.T.);
#6909 = LINE('',#6910,#6911);
#6910 = CARTESIAN_POINT('',(-0.32,-0.32,-2.84));
#6911 = VECTOR('',#6912,1.);
#6912 = DIRECTION('',(1.,0.,0.));
#6913 = ORIENTED_EDGE('',*,*,#6883,.T.);
#6914 = ORIENTED_EDGE('',*,*,#5857,.F.);
#6915 = PLANE('',#6916);
#6916 = AXIS2_PLACEMENT_3D('',#6917,#6918,#6919);
#6917 = CARTESIAN_POINT('',(-0.32,-0.32,-3.));
#6918 = DIRECTION('',(0.,1.,0.));
#6919 = DIRECTION('',(0.,-0.,1.));
#6920 = ADVANCED_FACE('',(#6921),#6946,.T.);
#6921 = FACE_BOUND('',#6922,.T.);
#6922 = EDGE_LOOP('',(#6923,#6931,#6939,#6945));
#6923 = ORIENTED_EDGE('',*,*,#6924,.F.);
#6924 = EDGE_CURVE('',#6925,#5882,#6927,.T.);
#6925 = VERTEX_POINT('',#6926);
#6926 = CARTESIAN_POINT('',(0.32,-2.22,-2.84));
#6927 = LINE('',#6928,#6929);
#6928 = CARTESIAN_POINT('',(0.32,-2.22,-3.));
#6929 = VECTOR('',#6930,1.);
#6930 = DIRECTION('',(0.,0.,1.));
#6931 = ORIENTED_EDGE('',*,*,#6932,.F.);
#6932 = EDGE_CURVE('',#6933,#6925,#6935,.T.);
#6933 = VERTEX_POINT('',#6934);
#6934 = CARTESIAN_POINT('',(-0.32,-2.22,-2.84));
#6935 = LINE('',#6936,#6937);
#6936 = CARTESIAN_POINT('',(-0.32,-2.22,-2.84));
#6937 = VECTOR('',#6938,1.);
#6938 = DIRECTION('',(1.,0.,0.));
#6939 = ORIENTED_EDGE('',*,*,#6940,.T.);
#6940 = EDGE_CURVE('',#6933,#5884,#6941,.T.);
#6941 = LINE('',#6942,#6943);
#6942 = CARTESIAN_POINT('',(-0.32,-2.22,-3.));
#6943 = VECTOR('',#6944,1.);
#6944 = DIRECTION('',(0.,0.,1.));
#6945 = ORIENTED_EDGE('',*,*,#5881,.F.);
#6946 = PLANE('',#6947);
#6947 = AXIS2_PLACEMENT_3D('',#6948,#6949,#6950);
#6948 = CARTESIAN_POINT('',(-0.32,-2.22,-3.));
#6949 = DIRECTION('',(0.,1.,0.));
#6950 = DIRECTION('',(0.,-0.,1.));
#6951 = ADVANCED_FACE('',(#6952),#6970,.F.);
#6952 = FACE_BOUND('',#6953,.F.);
#6953 = EDGE_LOOP('',(#6954,#6962,#6968,#6969));
#6954 = ORIENTED_EDGE('',*,*,#6955,.F.);
#6955 = EDGE_CURVE('',#6956,#5900,#6958,.T.);
#6956 = VERTEX_POINT('',#6957);
#6957 = CARTESIAN_POINT('',(-0.32,-2.86,-2.84));
#6958 = LINE('',#6959,#6960);
#6959 = CARTESIAN_POINT('',(-0.32,-2.86,-3.));
#6960 = VECTOR('',#6961,1.);
#6961 = DIRECTION('',(0.,0.,1.));
#6962 = ORIENTED_EDGE('',*,*,#6963,.T.);
#6963 = EDGE_CURVE('',#6956,#6933,#6964,.T.);
#6964 = LINE('',#6965,#6966);
#6965 = CARTESIAN_POINT('',(-0.32,-2.86,-2.84));
#6966 = VECTOR('',#6967,1.);
#6967 = DIRECTION('',(0.,1.,0.));
#6968 = ORIENTED_EDGE('',*,*,#6940,.T.);
#6969 = ORIENTED_EDGE('',*,*,#5907,.F.);
#6970 = PLANE('',#6971);
#6971 = AXIS2_PLACEMENT_3D('',#6972,#6973,#6974);
#6972 = CARTESIAN_POINT('',(-0.32,-2.86,-3.));
#6973 = DIRECTION('',(1.,0.,0.));
#6974 = DIRECTION('',(0.,0.,1.));
#6975 = ADVANCED_FACE('',(#6976),#6994,.F.);
#6976 = FACE_BOUND('',#6977,.F.);
#6977 = EDGE_LOOP('',(#6978,#6986,#6992,#6993));
#6978 = ORIENTED_EDGE('',*,*,#6979,.F.);
#6979 = EDGE_CURVE('',#6980,#5892,#6982,.T.);
#6980 = VERTEX_POINT('',#6981);
#6981 = CARTESIAN_POINT('',(0.32,-2.86,-2.84));
#6982 = LINE('',#6983,#6984);
#6983 = CARTESIAN_POINT('',(0.32,-2.86,-3.));
#6984 = VECTOR('',#6985,1.);
#6985 = DIRECTION('',(0.,0.,1.));
#6986 = ORIENTED_EDGE('',*,*,#6987,.F.);
#6987 = EDGE_CURVE('',#6956,#6980,#6988,.T.);
#6988 = LINE('',#6989,#6990);
#6989 = CARTESIAN_POINT('',(-0.32,-2.86,-2.84));
#6990 = VECTOR('',#6991,1.);
#6991 = DIRECTION('',(1.,0.,0.));
#6992 = ORIENTED_EDGE('',*,*,#6955,.T.);
#6993 = ORIENTED_EDGE('',*,*,#5899,.F.);
#6994 = PLANE('',#6995);
#6995 = AXIS2_PLACEMENT_3D('',#6996,#6997,#6998);
#6996 = CARTESIAN_POINT('',(-0.32,-2.86,-3.));
#6997 = DIRECTION('',(0.,1.,0.));
#6998 = DIRECTION('',(0.,-0.,1.));
#6999 = ADVANCED_FACE('',(#7000),#7011,.T.);
#7000 = FACE_BOUND('',#7001,.T.);
#7001 = EDGE_LOOP('',(#7002,#7003,#7009,#7010));
#7002 = ORIENTED_EDGE('',*,*,#6979,.F.);
#7003 = ORIENTED_EDGE('',*,*,#7004,.T.);
#7004 = EDGE_CURVE('',#6980,#6925,#7005,.T.);
#7005 = LINE('',#7006,#7007);
#7006 = CARTESIAN_POINT('',(0.32,-2.86,-2.84));
#7007 = VECTOR('',#7008,1.);
#7008 = DIRECTION('',(0.,1.,0.));
#7009 = ORIENTED_EDGE('',*,*,#6924,.T.);
#7010 = ORIENTED_EDGE('',*,*,#5891,.F.);
#7011 = PLANE('',#7012);
#7012 = AXIS2_PLACEMENT_3D('',#7013,#7014,#7015);
#7013 = CARTESIAN_POINT('',(0.32,-2.86,-3.));
#7014 = DIRECTION('',(1.,0.,0.));
#7015 = DIRECTION('',(0.,0.,1.));
#7016 = ADVANCED_FACE('',(#7017),#7042,.T.);
#7017 = FACE_BOUND('',#7018,.T.);
#7018 = EDGE_LOOP('',(#7019,#7027,#7028,#7036));
#7019 = ORIENTED_EDGE('',*,*,#7020,.F.);
#7020 = EDGE_CURVE('',#6109,#7021,#7023,.T.);
#7021 = VERTEX_POINT('',#7022);
#7022 = CARTESIAN_POINT('',(0.32,-4.76,8.38));
#7023 = LINE('',#7024,#7025);
#7024 = CARTESIAN_POINT('',(0.32,-4.76,-3.));
#7025 = VECTOR('',#7026,1.);
#7026 = DIRECTION('',(0.,0.,1.));
#7027 = ORIENTED_EDGE('',*,*,#6108,.T.);
#7028 = ORIENTED_EDGE('',*,*,#7029,.T.);
#7029 = EDGE_CURVE('',#6111,#7030,#7032,.T.);
#7030 = VERTEX_POINT('',#7031);
#7031 = CARTESIAN_POINT('',(-0.32,-4.76,8.38));
#7032 = LINE('',#7033,#7034);
#7033 = CARTESIAN_POINT('',(-0.32,-4.76,-3.));
#7034 = VECTOR('',#7035,1.);
#7035 = DIRECTION('',(0.,0.,1.));
#7036 = ORIENTED_EDGE('',*,*,#7037,.T.);
#7037 = EDGE_CURVE('',#7030,#7021,#7038,.T.);
#7038 = LINE('',#7039,#7040);
#7039 = CARTESIAN_POINT('',(-0.32,-4.76,8.38));
#7040 = VECTOR('',#7041,1.);
#7041 = DIRECTION('',(1.,0.,0.));
#7042 = PLANE('',#7043);
#7043 = AXIS2_PLACEMENT_3D('',#7044,#7045,#7046);
#7044 = CARTESIAN_POINT('',(-0.32,-4.76,-3.));
#7045 = DIRECTION('',(0.,1.,0.));
#7046 = DIRECTION('',(0.,-0.,1.));
#7047 = ADVANCED_FACE('',(#7048),#7066,.F.);
#7048 = FACE_BOUND('',#7049,.F.);
#7049 = EDGE_LOOP('',(#7050,#7058,#7059,#7060));
#7050 = ORIENTED_EDGE('',*,*,#7051,.F.);
#7051 = EDGE_CURVE('',#6127,#7052,#7054,.T.);
#7052 = VERTEX_POINT('',#7053);
#7053 = CARTESIAN_POINT('',(-0.32,-5.4,8.38));
#7054 = LINE('',#7055,#7056);
#7055 = CARTESIAN_POINT('',(-0.32,-5.4,-3.));
#7056 = VECTOR('',#7057,1.);
#7057 = DIRECTION('',(0.,0.,1.));
#7058 = ORIENTED_EDGE('',*,*,#6134,.T.);
#7059 = ORIENTED_EDGE('',*,*,#7029,.T.);
#7060 = ORIENTED_EDGE('',*,*,#7061,.F.);
#7061 = EDGE_CURVE('',#7052,#7030,#7062,.T.);
#7062 = LINE('',#7063,#7064);
#7063 = CARTESIAN_POINT('',(-0.32,-5.4,8.38));
#7064 = VECTOR('',#7065,1.);
#7065 = DIRECTION('',(0.,1.,0.));
#7066 = PLANE('',#7067);
#7067 = AXIS2_PLACEMENT_3D('',#7068,#7069,#7070);
#7068 = CARTESIAN_POINT('',(-0.32,-5.4,-3.));
#7069 = DIRECTION('',(1.,0.,0.));
#7070 = DIRECTION('',(0.,0.,1.));
#7071 = ADVANCED_FACE('',(#7072),#7090,.F.);
#7072 = FACE_BOUND('',#7073,.F.);
#7073 = EDGE_LOOP('',(#7074,#7082,#7083,#7084));
#7074 = ORIENTED_EDGE('',*,*,#7075,.F.);
#7075 = EDGE_CURVE('',#6119,#7076,#7078,.T.);
#7076 = VERTEX_POINT('',#7077);
#7077 = CARTESIAN_POINT('',(0.32,-5.4,8.38));
#7078 = LINE('',#7079,#7080);
#7079 = CARTESIAN_POINT('',(0.32,-5.4,-3.));
#7080 = VECTOR('',#7081,1.);
#7081 = DIRECTION('',(0.,0.,1.));
#7082 = ORIENTED_EDGE('',*,*,#6126,.T.);
#7083 = ORIENTED_EDGE('',*,*,#7051,.T.);
#7084 = ORIENTED_EDGE('',*,*,#7085,.T.);
#7085 = EDGE_CURVE('',#7052,#7076,#7086,.T.);
#7086 = LINE('',#7087,#7088);
#7087 = CARTESIAN_POINT('',(-0.32,-5.4,8.38));
#7088 = VECTOR('',#7089,1.);
#7089 = DIRECTION('',(1.,0.,0.));
#7090 = PLANE('',#7091);
#7091 = AXIS2_PLACEMENT_3D('',#7092,#7093,#7094);
#7092 = CARTESIAN_POINT('',(-0.32,-5.4,-3.));
#7093 = DIRECTION('',(0.,1.,0.));
#7094 = DIRECTION('',(0.,-0.,1.));
#7095 = ADVANCED_FACE('',(#7096),#7107,.T.);
#7096 = FACE_BOUND('',#7097,.T.);
#7097 = EDGE_LOOP('',(#7098,#7099,#7100,#7101));
#7098 = ORIENTED_EDGE('',*,*,#7075,.F.);
#7099 = ORIENTED_EDGE('',*,*,#6118,.T.);
#7100 = ORIENTED_EDGE('',*,*,#7020,.T.);
#7101 = ORIENTED_EDGE('',*,*,#7102,.F.);
#7102 = EDGE_CURVE('',#7076,#7021,#7103,.T.);
#7103 = LINE('',#7104,#7105);
#7104 = CARTESIAN_POINT('',(0.32,-5.4,8.38));
#7105 = VECTOR('',#7106,1.);
#7106 = DIRECTION('',(0.,1.,0.));
#7107 = PLANE('',#7108);
#7108 = AXIS2_PLACEMENT_3D('',#7109,#7110,#7111);
#7109 = CARTESIAN_POINT('',(0.32,-5.4,-3.));
#7110 = DIRECTION('',(1.,0.,0.));
#7111 = DIRECTION('',(0.,0.,1.));
#7112 = ADVANCED_FACE('',(#7113),#7138,.T.);
#7113 = FACE_BOUND('',#7114,.T.);
#7114 = EDGE_LOOP('',(#7115,#7123,#7124,#7132));
#7115 = ORIENTED_EDGE('',*,*,#7116,.F.);
#7116 = EDGE_CURVE('',#6143,#7117,#7119,.T.);
#7117 = VERTEX_POINT('',#7118);
#7118 = CARTESIAN_POINT('',(0.32,-7.94,8.38));
#7119 = LINE('',#7120,#7121);
#7120 = CARTESIAN_POINT('',(0.32,-7.94,-3.));
#7121 = VECTOR('',#7122,1.);
#7122 = DIRECTION('',(0.,0.,1.));
#7123 = ORIENTED_EDGE('',*,*,#6142,.T.);
#7124 = ORIENTED_EDGE('',*,*,#7125,.T.);
#7125 = EDGE_CURVE('',#6145,#7126,#7128,.T.);
#7126 = VERTEX_POINT('',#7127);
#7127 = CARTESIAN_POINT('',(0.32,-7.3,8.38));
#7128 = LINE('',#7129,#7130);
#7129 = CARTESIAN_POINT('',(0.32,-7.3,-3.));
#7130 = VECTOR('',#7131,1.);
#7131 = DIRECTION('',(0.,0.,1.));
#7132 = ORIENTED_EDGE('',*,*,#7133,.F.);
#7133 = EDGE_CURVE('',#7117,#7126,#7134,.T.);
#7134 = LINE('',#7135,#7136);
#7135 = CARTESIAN_POINT('',(0.32,-7.94,8.38));
#7136 = VECTOR('',#7137,1.);
#7137 = DIRECTION('',(0.,1.,0.));
#7138 = PLANE('',#7139);
#7139 = AXIS2_PLACEMENT_3D('',#7140,#7141,#7142);
#7140 = CARTESIAN_POINT('',(0.32,-7.94,-3.));
#7141 = DIRECTION('',(1.,0.,0.));
#7142 = DIRECTION('',(0.,0.,1.));
#7143 = ADVANCED_FACE('',(#7144),#7162,.T.);
#7144 = FACE_BOUND('',#7145,.T.);
#7145 = EDGE_LOOP('',(#7146,#7147,#7148,#7156));
#7146 = ORIENTED_EDGE('',*,*,#7125,.F.);
#7147 = ORIENTED_EDGE('',*,*,#6168,.T.);
#7148 = ORIENTED_EDGE('',*,*,#7149,.T.);
#7149 = EDGE_CURVE('',#6161,#7150,#7152,.T.);
#7150 = VERTEX_POINT('',#7151);
#7151 = CARTESIAN_POINT('',(-0.32,-7.3,8.38));
#7152 = LINE('',#7153,#7154);
#7153 = CARTESIAN_POINT('',(-0.32,-7.3,-3.));
#7154 = VECTOR('',#7155,1.);
#7155 = DIRECTION('',(0.,0.,1.));
#7156 = ORIENTED_EDGE('',*,*,#7157,.T.);
#7157 = EDGE_CURVE('',#7150,#7126,#7158,.T.);
#7158 = LINE('',#7159,#7160);
#7159 = CARTESIAN_POINT('',(-0.32,-7.3,8.38));
#7160 = VECTOR('',#7161,1.);
#7161 = DIRECTION('',(1.,0.,0.));
#7162 = PLANE('',#7163);
#7163 = AXIS2_PLACEMENT_3D('',#7164,#7165,#7166);
#7164 = CARTESIAN_POINT('',(-0.32,-7.3,-3.));
#7165 = DIRECTION('',(0.,1.,0.));
#7166 = DIRECTION('',(0.,-0.,1.));
#7167 = ADVANCED_FACE('',(#7168),#7186,.F.);
#7168 = FACE_BOUND('',#7169,.F.);
#7169 = EDGE_LOOP('',(#7170,#7178,#7179,#7180));
#7170 = ORIENTED_EDGE('',*,*,#7171,.F.);
#7171 = EDGE_CURVE('',#6153,#7172,#7174,.T.);
#7172 = VERTEX_POINT('',#7173);
#7173 = CARTESIAN_POINT('',(-0.32,-7.94,8.38));
#7174 = LINE('',#7175,#7176);
#7175 = CARTESIAN_POINT('',(-0.32,-7.94,-3.));
#7176 = VECTOR('',#7177,1.);
#7177 = DIRECTION('',(0.,0.,1.));
#7178 = ORIENTED_EDGE('',*,*,#6160,.T.);
#7179 = ORIENTED_EDGE('',*,*,#7149,.T.);
#7180 = ORIENTED_EDGE('',*,*,#7181,.F.);
#7181 = EDGE_CURVE('',#7172,#7150,#7182,.T.);
#7182 = LINE('',#7183,#7184);
#7183 = CARTESIAN_POINT('',(-0.32,-7.94,8.38));
#7184 = VECTOR('',#7185,1.);
#7185 = DIRECTION('',(0.,1.,0.));
#7186 = PLANE('',#7187);
#7187 = AXIS2_PLACEMENT_3D('',#7188,#7189,#7190);
#7188 = CARTESIAN_POINT('',(-0.32,-7.94,-3.));
#7189 = DIRECTION('',(1.,0.,0.));
#7190 = DIRECTION('',(0.,0.,1.));
#7191 = ADVANCED_FACE('',(#7192),#7203,.F.);
#7192 = FACE_BOUND('',#7193,.F.);
#7193 = EDGE_LOOP('',(#7194,#7195,#7196,#7197));
#7194 = ORIENTED_EDGE('',*,*,#7116,.F.);
#7195 = ORIENTED_EDGE('',*,*,#6152,.T.);
#7196 = ORIENTED_EDGE('',*,*,#7171,.T.);
#7197 = ORIENTED_EDGE('',*,*,#7198,.T.);
#7198 = EDGE_CURVE('',#7172,#7117,#7199,.T.);
#7199 = LINE('',#7200,#7201);
#7200 = CARTESIAN_POINT('',(-0.32,-7.94,8.38));
#7201 = VECTOR('',#7202,1.);
#7202 = DIRECTION('',(1.,0.,0.));
#7203 = PLANE('',#7204);
#7204 = AXIS2_PLACEMENT_3D('',#7205,#7206,#7207);
#7205 = CARTESIAN_POINT('',(-0.32,-7.94,-3.));
#7206 = DIRECTION('',(0.,1.,0.));
#7207 = DIRECTION('',(0.,-0.,1.));
#7208 = ADVANCED_FACE('',(#7209),#7234,.T.);
#7209 = FACE_BOUND('',#7210,.T.);
#7210 = EDGE_LOOP('',(#7211,#7219,#7220,#7228));
#7211 = ORIENTED_EDGE('',*,*,#7212,.F.);
#7212 = EDGE_CURVE('',#6177,#7213,#7215,.T.);
#7213 = VERTEX_POINT('',#7214);
#7214 = CARTESIAN_POINT('',(0.32,-0.32,8.38));
#7215 = LINE('',#7216,#7217);
#7216 = CARTESIAN_POINT('',(0.32,-0.32,-3.));
#7217 = VECTOR('',#7218,1.);
#7218 = DIRECTION('',(0.,0.,1.));
#7219 = ORIENTED_EDGE('',*,*,#6176,.T.);
#7220 = ORIENTED_EDGE('',*,*,#7221,.T.);
#7221 = EDGE_CURVE('',#6179,#7222,#7224,.T.);
#7222 = VERTEX_POINT('',#7223);
#7223 = CARTESIAN_POINT('',(0.32,0.32,8.38));
#7224 = LINE('',#7225,#7226);
#7225 = CARTESIAN_POINT('',(0.32,0.32,-3.));
#7226 = VECTOR('',#7227,1.);
#7227 = DIRECTION('',(0.,0.,1.));
#7228 = ORIENTED_EDGE('',*,*,#7229,.F.);
#7229 = EDGE_CURVE('',#7213,#7222,#7230,.T.);
#7230 = LINE('',#7231,#7232);
#7231 = CARTESIAN_POINT('',(0.32,-0.32,8.38));
#7232 = VECTOR('',#7233,1.);
#7233 = DIRECTION('',(0.,1.,0.));
#7234 = PLANE('',#7235);
#7235 = AXIS2_PLACEMENT_3D('',#7236,#7237,#7238);
#7236 = CARTESIAN_POINT('',(0.32,-0.32,-3.));
#7237 = DIRECTION('',(1.,0.,0.));
#7238 = DIRECTION('',(0.,0.,1.));
#7239 = ADVANCED_FACE('',(#7240),#7258,.T.);
#7240 = FACE_BOUND('',#7241,.T.);
#7241 = EDGE_LOOP('',(#7242,#7243,#7244,#7252));
#7242 = ORIENTED_EDGE('',*,*,#7221,.F.);
#7243 = ORIENTED_EDGE('',*,*,#6202,.T.);
#7244 = ORIENTED_EDGE('',*,*,#7245,.T.);
#7245 = EDGE_CURVE('',#6195,#7246,#7248,.T.);
#7246 = VERTEX_POINT('',#7247);
#7247 = CARTESIAN_POINT('',(-0.32,0.32,8.38));
#7248 = LINE('',#7249,#7250);
#7249 = CARTESIAN_POINT('',(-0.32,0.32,-3.));
#7250 = VECTOR('',#7251,1.);
#7251 = DIRECTION('',(0.,0.,1.));
#7252 = ORIENTED_EDGE('',*,*,#7253,.T.);
#7253 = EDGE_CURVE('',#7246,#7222,#7254,.T.);
#7254 = LINE('',#7255,#7256);
#7255 = CARTESIAN_POINT('',(-0.32,0.32,8.38));
#7256 = VECTOR('',#7257,1.);
#7257 = DIRECTION('',(1.,0.,0.));
#7258 = PLANE('',#7259);
#7259 = AXIS2_PLACEMENT_3D('',#7260,#7261,#7262);
#7260 = CARTESIAN_POINT('',(-0.32,0.32,-3.));
#7261 = DIRECTION('',(0.,1.,0.));
#7262 = DIRECTION('',(0.,-0.,1.));
#7263 = ADVANCED_FACE('',(#7264),#7282,.F.);
#7264 = FACE_BOUND('',#7265,.F.);
#7265 = EDGE_LOOP('',(#7266,#7274,#7275,#7276));
#7266 = ORIENTED_EDGE('',*,*,#7267,.F.);
#7267 = EDGE_CURVE('',#6187,#7268,#7270,.T.);
#7268 = VERTEX_POINT('',#7269);
#7269 = CARTESIAN_POINT('',(-0.32,-0.32,8.38));
#7270 = LINE('',#7271,#7272);
#7271 = CARTESIAN_POINT('',(-0.32,-0.32,-3.));
#7272 = VECTOR('',#7273,1.);
#7273 = DIRECTION('',(0.,0.,1.));
#7274 = ORIENTED_EDGE('',*,*,#6194,.T.);
#7275 = ORIENTED_EDGE('',*,*,#7245,.T.);
#7276 = ORIENTED_EDGE('',*,*,#7277,.F.);
#7277 = EDGE_CURVE('',#7268,#7246,#7278,.T.);
#7278 = LINE('',#7279,#7280);
#7279 = CARTESIAN_POINT('',(-0.32,-0.32,8.38));
#7280 = VECTOR('',#7281,1.);
#7281 = DIRECTION('',(0.,1.,0.));
#7282 = PLANE('',#7283);
#7283 = AXIS2_PLACEMENT_3D('',#7284,#7285,#7286);
#7284 = CARTESIAN_POINT('',(-0.32,-0.32,-3.));
#7285 = DIRECTION('',(1.,0.,0.));
#7286 = DIRECTION('',(0.,0.,1.));
#7287 = ADVANCED_FACE('',(#7288),#7299,.F.);
#7288 = FACE_BOUND('',#7289,.F.);
#7289 = EDGE_LOOP('',(#7290,#7291,#7292,#7293));
#7290 = ORIENTED_EDGE('',*,*,#7212,.F.);
#7291 = ORIENTED_EDGE('',*,*,#6186,.T.);
#7292 = ORIENTED_EDGE('',*,*,#7267,.T.);
#7293 = ORIENTED_EDGE('',*,*,#7294,.T.);
#7294 = EDGE_CURVE('',#7268,#7213,#7295,.T.);
#7295 = LINE('',#7296,#7297);
#7296 = CARTESIAN_POINT('',(-0.32,-0.32,8.38));
#7297 = VECTOR('',#7298,1.);
#7298 = DIRECTION('',(1.,0.,0.));
#7299 = PLANE('',#7300);
#7300 = AXIS2_PLACEMENT_3D('',#7301,#7302,#7303);
#7301 = CARTESIAN_POINT('',(-0.32,-0.32,-3.));
#7302 = DIRECTION('',(0.,1.,0.));
#7303 = DIRECTION('',(0.,-0.,1.));
#7304 = ADVANCED_FACE('',(#7305),#7330,.T.);
#7305 = FACE_BOUND('',#7306,.T.);
#7306 = EDGE_LOOP('',(#7307,#7315,#7316,#7324));
#7307 = ORIENTED_EDGE('',*,*,#7308,.F.);
#7308 = EDGE_CURVE('',#6211,#7309,#7311,.T.);
#7309 = VERTEX_POINT('',#7310);
#7310 = CARTESIAN_POINT('',(0.32,-2.22,8.38));
#7311 = LINE('',#7312,#7313);
#7312 = CARTESIAN_POINT('',(0.32,-2.22,-3.));
#7313 = VECTOR('',#7314,1.);
#7314 = DIRECTION('',(0.,0.,1.));
#7315 = ORIENTED_EDGE('',*,*,#6210,.T.);
#7316 = ORIENTED_EDGE('',*,*,#7317,.T.);
#7317 = EDGE_CURVE('',#6213,#7318,#7320,.T.);
#7318 = VERTEX_POINT('',#7319);
#7319 = CARTESIAN_POINT('',(-0.32,-2.22,8.38));
#7320 = LINE('',#7321,#7322);
#7321 = CARTESIAN_POINT('',(-0.32,-2.22,-3.));
#7322 = VECTOR('',#7323,1.);
#7323 = DIRECTION('',(0.,0.,1.));
#7324 = ORIENTED_EDGE('',*,*,#7325,.T.);
#7325 = EDGE_CURVE('',#7318,#7309,#7326,.T.);
#7326 = LINE('',#7327,#7328);
#7327 = CARTESIAN_POINT('',(-0.32,-2.22,8.38));
#7328 = VECTOR('',#7329,1.);
#7329 = DIRECTION('',(1.,0.,0.));
#7330 = PLANE('',#7331);
#7331 = AXIS2_PLACEMENT_3D('',#7332,#7333,#7334);
#7332 = CARTESIAN_POINT('',(-0.32,-2.22,-3.));
#7333 = DIRECTION('',(0.,1.,0.));
#7334 = DIRECTION('',(0.,-0.,1.));
#7335 = ADVANCED_FACE('',(#7336),#7354,.F.);
#7336 = FACE_BOUND('',#7337,.F.);
#7337 = EDGE_LOOP('',(#7338,#7346,#7347,#7348));
#7338 = ORIENTED_EDGE('',*,*,#7339,.F.);
#7339 = EDGE_CURVE('',#6229,#7340,#7342,.T.);
#7340 = VERTEX_POINT('',#7341);
#7341 = CARTESIAN_POINT('',(-0.32,-2.86,8.38));
#7342 = LINE('',#7343,#7344);
#7343 = CARTESIAN_POINT('',(-0.32,-2.86,-3.));
#7344 = VECTOR('',#7345,1.);
#7345 = DIRECTION('',(0.,0.,1.));
#7346 = ORIENTED_EDGE('',*,*,#6236,.T.);
#7347 = ORIENTED_EDGE('',*,*,#7317,.T.);
#7348 = ORIENTED_EDGE('',*,*,#7349,.F.);
#7349 = EDGE_CURVE('',#7340,#7318,#7350,.T.);
#7350 = LINE('',#7351,#7352);
#7351 = CARTESIAN_POINT('',(-0.32,-2.86,8.38));
#7352 = VECTOR('',#7353,1.);
#7353 = DIRECTION('',(0.,1.,0.));
#7354 = PLANE('',#7355);
#7355 = AXIS2_PLACEMENT_3D('',#7356,#7357,#7358);
#7356 = CARTESIAN_POINT('',(-0.32,-2.86,-3.));
#7357 = DIRECTION('',(1.,0.,0.));
#7358 = DIRECTION('',(0.,0.,1.));
#7359 = ADVANCED_FACE('',(#7360),#7378,.F.);
#7360 = FACE_BOUND('',#7361,.F.);
#7361 = EDGE_LOOP('',(#7362,#7370,#7371,#7372));
#7362 = ORIENTED_EDGE('',*,*,#7363,.F.);
#7363 = EDGE_CURVE('',#6221,#7364,#7366,.T.);
#7364 = VERTEX_POINT('',#7365);
#7365 = CARTESIAN_POINT('',(0.32,-2.86,8.38));
#7366 = LINE('',#7367,#7368);
#7367 = CARTESIAN_POINT('',(0.32,-2.86,-3.));
#7368 = VECTOR('',#7369,1.);
#7369 = DIRECTION('',(0.,0.,1.));
#7370 = ORIENTED_EDGE('',*,*,#6228,.T.);
#7371 = ORIENTED_EDGE('',*,*,#7339,.T.);
#7372 = ORIENTED_EDGE('',*,*,#7373,.T.);
#7373 = EDGE_CURVE('',#7340,#7364,#7374,.T.);
#7374 = LINE('',#7375,#7376);
#7375 = CARTESIAN_POINT('',(-0.32,-2.86,8.38));
#7376 = VECTOR('',#7377,1.);
#7377 = DIRECTION('',(1.,0.,0.));
#7378 = PLANE('',#7379);
#7379 = AXIS2_PLACEMENT_3D('',#7380,#7381,#7382);
#7380 = CARTESIAN_POINT('',(-0.32,-2.86,-3.));
#7381 = DIRECTION('',(0.,1.,0.));
#7382 = DIRECTION('',(0.,-0.,1.));
#7383 = ADVANCED_FACE('',(#7384),#7395,.T.);
#7384 = FACE_BOUND('',#7385,.T.);
#7385 = EDGE_LOOP('',(#7386,#7387,#7388,#7389));
#7386 = ORIENTED_EDGE('',*,*,#7363,.F.);
#7387 = ORIENTED_EDGE('',*,*,#6220,.T.);
#7388 = ORIENTED_EDGE('',*,*,#7308,.T.);
#7389 = ORIENTED_EDGE('',*,*,#7390,.F.);
#7390 = EDGE_CURVE('',#7364,#7309,#7391,.T.);
#7391 = LINE('',#7392,#7393);
#7392 = CARTESIAN_POINT('',(0.32,-2.86,8.38));
#7393 = VECTOR('',#7394,1.);
#7394 = DIRECTION('',(0.,1.,0.));
#7395 = PLANE('',#7396);
#7396 = AXIS2_PLACEMENT_3D('',#7397,#7398,#7399);
#7397 = CARTESIAN_POINT('',(0.32,-2.86,-3.));
#7398 = DIRECTION('',(1.,0.,0.));
#7399 = DIRECTION('',(0.,0.,1.));
#7400 = ADVANCED_FACE('',(#7401),#7426,.F.);
#7401 = FACE_BOUND('',#7402,.T.);
#7402 = EDGE_LOOP('',(#7403,#7411,#7412,#7420));
#7403 = ORIENTED_EDGE('',*,*,#7404,.F.);
#7404 = EDGE_CURVE('',#6645,#7405,#7407,.T.);
#7405 = VERTEX_POINT('',#7406);
#7406 = CARTESIAN_POINT('',(-0.16,-4.92,-3.));
#7407 = LINE('',#7408,#7409);
#7408 = CARTESIAN_POINT('',(-0.16,-4.92,-3.));
#7409 = VECTOR('',#7410,1.);
#7410 = DIRECTION('',(0.57735026919,-0.57735026919,-0.57735026919));
#7411 = ORIENTED_EDGE('',*,*,#6644,.T.);
#7412 = ORIENTED_EDGE('',*,*,#7413,.T.);
#7413 = EDGE_CURVE('',#6637,#7414,#7416,.T.);
#7414 = VERTEX_POINT('',#7415);
#7415 = CARTESIAN_POINT('',(0.16,-4.92,-3.));
#7416 = LINE('',#7417,#7418);
#7417 = CARTESIAN_POINT('',(5.333333333333E-02,-5.026666666667,
    -3.106666666667));
#7418 = VECTOR('',#7419,1.);
#7419 = DIRECTION('',(-0.57735026919,-0.57735026919,-0.57735026919));
#7420 = ORIENTED_EDGE('',*,*,#7421,.F.);
#7421 = EDGE_CURVE('',#7405,#7414,#7422,.T.);
#7422 = LINE('',#7423,#7424);
#7423 = CARTESIAN_POINT('',(-0.32,-4.92,-3.));
#7424 = VECTOR('',#7425,1.);
#7425 = DIRECTION('',(1.,0.,0.));
#7426 = PLANE('',#7427);
#7427 = AXIS2_PLACEMENT_3D('',#7428,#7429,#7430);
#7428 = CARTESIAN_POINT('',(-0.32,-4.84,-2.92));
#7429 = DIRECTION('',(-1.735167508357E-18,-0.707106781187,0.707106781187
    ));
#7430 = DIRECTION('',(-1.,1.226948711654E-18,-1.226948711654E-18));
#7431 = ADVANCED_FACE('',(#7432),#7450,.T.);
#7432 = FACE_BOUND('',#7433,.T.);
#7433 = EDGE_LOOP('',(#7434,#7442,#7443,#7444));
#7434 = ORIENTED_EDGE('',*,*,#7435,.F.);
#7435 = EDGE_CURVE('',#6668,#7436,#7438,.T.);
#7436 = VERTEX_POINT('',#7437);
#7437 = CARTESIAN_POINT('',(-0.16,-5.24,-3.));
#7438 = LINE('',#7439,#7440);
#7439 = CARTESIAN_POINT('',(-0.266666666667,-5.346666666667,
    -2.893333333333));
#7440 = VECTOR('',#7441,1.);
#7441 = DIRECTION('',(0.57735026919,0.57735026919,-0.57735026919));
#7442 = ORIENTED_EDGE('',*,*,#6675,.T.);
#7443 = ORIENTED_EDGE('',*,*,#7404,.T.);
#7444 = ORIENTED_EDGE('',*,*,#7445,.F.);
#7445 = EDGE_CURVE('',#7436,#7405,#7446,.T.);
#7446 = LINE('',#7447,#7448);
#7447 = CARTESIAN_POINT('',(-0.16,-5.4,-3.));
#7448 = VECTOR('',#7449,1.);
#7449 = DIRECTION('',(0.,1.,0.));
#7450 = PLANE('',#7451);
#7451 = AXIS2_PLACEMENT_3D('',#7452,#7453,#7454);
#7452 = CARTESIAN_POINT('',(-0.24,-5.4,-2.92));
#7453 = DIRECTION('',(-0.707106781187,-1.735167508357E-18,
    -0.707106781187));
#7454 = DIRECTION('',(-1.226948711654E-18,1.,-1.226948711654E-18));
#7455 = ADVANCED_FACE('',(#7456),#7474,.T.);
#7456 = FACE_BOUND('',#7457,.F.);
#7457 = EDGE_LOOP('',(#7458,#7459,#7460,#7468));
#7458 = ORIENTED_EDGE('',*,*,#7435,.F.);
#7459 = ORIENTED_EDGE('',*,*,#6699,.T.);
#7460 = ORIENTED_EDGE('',*,*,#7461,.T.);
#7461 = EDGE_CURVE('',#6692,#7462,#7464,.T.);
#7462 = VERTEX_POINT('',#7463);
#7463 = CARTESIAN_POINT('',(0.16,-5.24,-3.));
#7464 = LINE('',#7465,#7466);
#7465 = CARTESIAN_POINT('',(0.16,-5.24,-3.));
#7466 = VECTOR('',#7467,1.);
#7467 = DIRECTION('',(-0.57735026919,0.57735026919,-0.57735026919));
#7468 = ORIENTED_EDGE('',*,*,#7469,.F.);
#7469 = EDGE_CURVE('',#7436,#7462,#7470,.T.);
#7470 = LINE('',#7471,#7472);
#7471 = CARTESIAN_POINT('',(-0.32,-5.24,-3.));
#7472 = VECTOR('',#7473,1.);
#7473 = DIRECTION('',(1.,0.,0.));
#7474 = PLANE('',#7475);
#7475 = AXIS2_PLACEMENT_3D('',#7476,#7477,#7478);
#7476 = CARTESIAN_POINT('',(-0.32,-5.32,-2.92));
#7477 = DIRECTION('',(1.735167508357E-18,-0.707106781187,-0.707106781187
    ));
#7478 = DIRECTION('',(-1.,-1.226948711654E-18,-1.226948711654E-18));
#7479 = ADVANCED_FACE('',(#7480),#7491,.F.);
#7480 = FACE_BOUND('',#7481,.F.);
#7481 = EDGE_LOOP('',(#7482,#7483,#7484,#7485));
#7482 = ORIENTED_EDGE('',*,*,#7461,.F.);
#7483 = ORIENTED_EDGE('',*,*,#6716,.T.);
#7484 = ORIENTED_EDGE('',*,*,#7413,.T.);
#7485 = ORIENTED_EDGE('',*,*,#7486,.F.);
#7486 = EDGE_CURVE('',#7462,#7414,#7487,.T.);
#7487 = LINE('',#7488,#7489);
#7488 = CARTESIAN_POINT('',(0.16,-5.4,-3.));
#7489 = VECTOR('',#7490,1.);
#7490 = DIRECTION('',(0.,1.,0.));
#7491 = PLANE('',#7492);
#7492 = AXIS2_PLACEMENT_3D('',#7493,#7494,#7495);
#7493 = CARTESIAN_POINT('',(0.24,-5.4,-2.92));
#7494 = DIRECTION('',(-0.707106781187,1.735167508357E-18,0.707106781187)
  );
#7495 = DIRECTION('',(1.226948711654E-18,1.,-1.226948711654E-18));
#7496 = ADVANCED_FACE('',(#7497),#7522,.F.);
#7497 = FACE_BOUND('',#7498,.F.);
#7498 = EDGE_LOOP('',(#7499,#7507,#7508,#7516));
#7499 = ORIENTED_EDGE('',*,*,#7500,.F.);
#7500 = EDGE_CURVE('',#6733,#7501,#7503,.T.);
#7501 = VERTEX_POINT('',#7502);
#7502 = CARTESIAN_POINT('',(0.16,-7.78,-3.));
#7503 = LINE('',#7504,#7505);
#7504 = CARTESIAN_POINT('',(0.16,-7.78,-3.));
#7505 = VECTOR('',#7506,1.);
#7506 = DIRECTION('',(-0.57735026919,0.57735026919,-0.57735026919));
#7507 = ORIENTED_EDGE('',*,*,#6740,.T.);
#7508 = ORIENTED_EDGE('',*,*,#7509,.T.);
#7509 = EDGE_CURVE('',#6741,#7510,#7512,.T.);
#7510 = VERTEX_POINT('',#7511);
#7511 = CARTESIAN_POINT('',(0.16,-7.46,-3.));
#7512 = LINE('',#7513,#7514);
#7513 = CARTESIAN_POINT('',(5.333333333333E-02,-7.566666666667,
    -3.106666666667));
#7514 = VECTOR('',#7515,1.);
#7515 = DIRECTION('',(-0.57735026919,-0.57735026919,-0.57735026919));
#7516 = ORIENTED_EDGE('',*,*,#7517,.F.);
#7517 = EDGE_CURVE('',#7501,#7510,#7518,.T.);
#7518 = LINE('',#7519,#7520);
#7519 = CARTESIAN_POINT('',(0.16,-7.94,-3.));
#7520 = VECTOR('',#7521,1.);
#7521 = DIRECTION('',(0.,1.,0.));
#7522 = PLANE('',#7523);
#7523 = AXIS2_PLACEMENT_3D('',#7524,#7525,#7526);
#7524 = CARTESIAN_POINT('',(0.24,-7.94,-2.92));
#7525 = DIRECTION('',(-0.707106781187,1.735167508357E-18,0.707106781187)
  );
#7526 = DIRECTION('',(1.226948711654E-18,1.,-1.226948711654E-18));
#7527 = ADVANCED_FACE('',(#7528),#7546,.F.);
#7528 = FACE_BOUND('',#7529,.T.);
#7529 = EDGE_LOOP('',(#7530,#7538,#7539,#7540));
#7530 = ORIENTED_EDGE('',*,*,#7531,.F.);
#7531 = EDGE_CURVE('',#6765,#7532,#7534,.T.);
#7532 = VERTEX_POINT('',#7533);
#7533 = CARTESIAN_POINT('',(-0.16,-7.46,-3.));
#7534 = LINE('',#7535,#7536);
#7535 = CARTESIAN_POINT('',(-0.16,-7.46,-3.));
#7536 = VECTOR('',#7537,1.);
#7537 = DIRECTION('',(0.57735026919,-0.57735026919,-0.57735026919));
#7538 = ORIENTED_EDGE('',*,*,#6764,.T.);
#7539 = ORIENTED_EDGE('',*,*,#7509,.T.);
#7540 = ORIENTED_EDGE('',*,*,#7541,.F.);
#7541 = EDGE_CURVE('',#7532,#7510,#7542,.T.);
#7542 = LINE('',#7543,#7544);
#7543 = CARTESIAN_POINT('',(-0.32,-7.46,-3.));
#7544 = VECTOR('',#7545,1.);
#7545 = DIRECTION('',(1.,0.,0.));
#7546 = PLANE('',#7547);
#7547 = AXIS2_PLACEMENT_3D('',#7548,#7549,#7550);
#7548 = CARTESIAN_POINT('',(-0.32,-7.38,-2.92));
#7549 = DIRECTION('',(-1.735167508357E-18,-0.707106781187,0.707106781187
    ));
#7550 = DIRECTION('',(-1.,1.226948711654E-18,-1.226948711654E-18));
#7551 = ADVANCED_FACE('',(#7552),#7570,.T.);
#7552 = FACE_BOUND('',#7553,.T.);
#7553 = EDGE_LOOP('',(#7554,#7562,#7563,#7564));
#7554 = ORIENTED_EDGE('',*,*,#7555,.F.);
#7555 = EDGE_CURVE('',#6788,#7556,#7558,.T.);
#7556 = VERTEX_POINT('',#7557);
#7557 = CARTESIAN_POINT('',(-0.16,-7.78,-3.));
#7558 = LINE('',#7559,#7560);
#7559 = CARTESIAN_POINT('',(-0.266666666667,-7.886666666667,
    -2.893333333333));
#7560 = VECTOR('',#7561,1.);
#7561 = DIRECTION('',(0.57735026919,0.57735026919,-0.57735026919));
#7562 = ORIENTED_EDGE('',*,*,#6795,.T.);
#7563 = ORIENTED_EDGE('',*,*,#7531,.T.);
#7564 = ORIENTED_EDGE('',*,*,#7565,.F.);
#7565 = EDGE_CURVE('',#7556,#7532,#7566,.T.);
#7566 = LINE('',#7567,#7568);
#7567 = CARTESIAN_POINT('',(-0.16,-7.94,-3.));
#7568 = VECTOR('',#7569,1.);
#7569 = DIRECTION('',(0.,1.,0.));
#7570 = PLANE('',#7571);
#7571 = AXIS2_PLACEMENT_3D('',#7572,#7573,#7574);
#7572 = CARTESIAN_POINT('',(-0.24,-7.94,-2.92));
#7573 = DIRECTION('',(-0.707106781187,-1.735167508357E-18,
    -0.707106781187));
#7574 = DIRECTION('',(-1.226948711654E-18,1.,-1.226948711654E-18));
#7575 = ADVANCED_FACE('',(#7576),#7587,.T.);
#7576 = FACE_BOUND('',#7577,.F.);
#7577 = EDGE_LOOP('',(#7578,#7579,#7580,#7581));
#7578 = ORIENTED_EDGE('',*,*,#7555,.F.);
#7579 = ORIENTED_EDGE('',*,*,#6812,.T.);
#7580 = ORIENTED_EDGE('',*,*,#7500,.T.);
#7581 = ORIENTED_EDGE('',*,*,#7582,.F.);
#7582 = EDGE_CURVE('',#7556,#7501,#7583,.T.);
#7583 = LINE('',#7584,#7585);
#7584 = CARTESIAN_POINT('',(-0.32,-7.78,-3.));
#7585 = VECTOR('',#7586,1.);
#7586 = DIRECTION('',(1.,0.,0.));
#7587 = PLANE('',#7588);
#7588 = AXIS2_PLACEMENT_3D('',#7589,#7590,#7591);
#7589 = CARTESIAN_POINT('',(-0.32,-7.86,-2.92));
#7590 = DIRECTION('',(1.735167508357E-18,-0.707106781187,-0.707106781187
    ));
#7591 = DIRECTION('',(-1.,-1.226948711654E-18,-1.226948711654E-18));
#7592 = ADVANCED_FACE('',(#7593),#7618,.F.);
#7593 = FACE_BOUND('',#7594,.F.);
#7594 = EDGE_LOOP('',(#7595,#7603,#7604,#7612));
#7595 = ORIENTED_EDGE('',*,*,#7596,.F.);
#7596 = EDGE_CURVE('',#6829,#7597,#7599,.T.);
#7597 = VERTEX_POINT('',#7598);
#7598 = CARTESIAN_POINT('',(0.16,-0.16,-3.));
#7599 = LINE('',#7600,#7601);
#7600 = CARTESIAN_POINT('',(0.16,-0.16,-3.));
#7601 = VECTOR('',#7602,1.);
#7602 = DIRECTION('',(-0.57735026919,0.57735026919,-0.57735026919));
#7603 = ORIENTED_EDGE('',*,*,#6836,.T.);
#7604 = ORIENTED_EDGE('',*,*,#7605,.T.);
#7605 = EDGE_CURVE('',#6837,#7606,#7608,.T.);
#7606 = VERTEX_POINT('',#7607);
#7607 = CARTESIAN_POINT('',(0.16,0.16,-3.));
#7608 = LINE('',#7609,#7610);
#7609 = CARTESIAN_POINT('',(5.333333333333E-02,5.333333333333E-02,
    -3.106666666667));
#7610 = VECTOR('',#7611,1.);
#7611 = DIRECTION('',(-0.57735026919,-0.57735026919,-0.57735026919));
#7612 = ORIENTED_EDGE('',*,*,#7613,.F.);
#7613 = EDGE_CURVE('',#7597,#7606,#7614,.T.);
#7614 = LINE('',#7615,#7616);
#7615 = CARTESIAN_POINT('',(0.16,-0.32,-3.));
#7616 = VECTOR('',#7617,1.);
#7617 = DIRECTION('',(0.,1.,0.));
#7618 = PLANE('',#7619);
#7619 = AXIS2_PLACEMENT_3D('',#7620,#7621,#7622);
#7620 = CARTESIAN_POINT('',(0.24,-0.32,-2.92));
#7621 = DIRECTION('',(-0.707106781187,1.735167508357E-18,0.707106781187)
  );
#7622 = DIRECTION('',(1.226948711654E-18,1.,-1.226948711654E-18));
#7623 = ADVANCED_FACE('',(#7624),#7642,.F.);
#7624 = FACE_BOUND('',#7625,.T.);
#7625 = EDGE_LOOP('',(#7626,#7634,#7635,#7636));
#7626 = ORIENTED_EDGE('',*,*,#7627,.F.);
#7627 = EDGE_CURVE('',#6861,#7628,#7630,.T.);
#7628 = VERTEX_POINT('',#7629);
#7629 = CARTESIAN_POINT('',(-0.16,0.16,-3.));
#7630 = LINE('',#7631,#7632);
#7631 = CARTESIAN_POINT('',(-0.16,0.16,-3.));
#7632 = VECTOR('',#7633,1.);
#7633 = DIRECTION('',(0.57735026919,-0.57735026919,-0.57735026919));
#7634 = ORIENTED_EDGE('',*,*,#6860,.T.);
#7635 = ORIENTED_EDGE('',*,*,#7605,.T.);
#7636 = ORIENTED_EDGE('',*,*,#7637,.F.);
#7637 = EDGE_CURVE('',#7628,#7606,#7638,.T.);
#7638 = LINE('',#7639,#7640);
#7639 = CARTESIAN_POINT('',(-0.32,0.16,-3.));
#7640 = VECTOR('',#7641,1.);
#7641 = DIRECTION('',(1.,0.,0.));
#7642 = PLANE('',#7643);
#7643 = AXIS2_PLACEMENT_3D('',#7644,#7645,#7646);
#7644 = CARTESIAN_POINT('',(-0.32,0.24,-2.92));
#7645 = DIRECTION('',(-1.735167508357E-18,-0.707106781187,0.707106781187
    ));
#7646 = DIRECTION('',(-1.,1.226948711654E-18,-1.226948711654E-18));
#7647 = ADVANCED_FACE('',(#7648),#7666,.T.);
#7648 = FACE_BOUND('',#7649,.T.);
#7649 = EDGE_LOOP('',(#7650,#7658,#7659,#7660));
#7650 = ORIENTED_EDGE('',*,*,#7651,.F.);
#7651 = EDGE_CURVE('',#6884,#7652,#7654,.T.);
#7652 = VERTEX_POINT('',#7653);
#7653 = CARTESIAN_POINT('',(-0.16,-0.16,-3.));
#7654 = LINE('',#7655,#7656);
#7655 = CARTESIAN_POINT('',(-0.266666666667,-0.266666666667,
    -2.893333333333));
#7656 = VECTOR('',#7657,1.);
#7657 = DIRECTION('',(0.57735026919,0.57735026919,-0.57735026919));
#7658 = ORIENTED_EDGE('',*,*,#6891,.T.);
#7659 = ORIENTED_EDGE('',*,*,#7627,.T.);
#7660 = ORIENTED_EDGE('',*,*,#7661,.F.);
#7661 = EDGE_CURVE('',#7652,#7628,#7662,.T.);
#7662 = LINE('',#7663,#7664);
#7663 = CARTESIAN_POINT('',(-0.16,-0.32,-3.));
#7664 = VECTOR('',#7665,1.);
#7665 = DIRECTION('',(0.,1.,0.));
#7666 = PLANE('',#7667);
#7667 = AXIS2_PLACEMENT_3D('',#7668,#7669,#7670);
#7668 = CARTESIAN_POINT('',(-0.24,-0.32,-2.92));
#7669 = DIRECTION('',(-0.707106781187,-1.735167508357E-18,
    -0.707106781187));
#7670 = DIRECTION('',(-1.226948711654E-18,1.,-1.226948711654E-18));
#7671 = ADVANCED_FACE('',(#7672),#7683,.T.);
#7672 = FACE_BOUND('',#7673,.F.);
#7673 = EDGE_LOOP('',(#7674,#7675,#7676,#7677));
#7674 = ORIENTED_EDGE('',*,*,#7651,.F.);
#7675 = ORIENTED_EDGE('',*,*,#6908,.T.);
#7676 = ORIENTED_EDGE('',*,*,#7596,.T.);
#7677 = ORIENTED_EDGE('',*,*,#7678,.F.);
#7678 = EDGE_CURVE('',#7652,#7597,#7679,.T.);
#7679 = LINE('',#7680,#7681);
#7680 = CARTESIAN_POINT('',(-0.32,-0.16,-3.));
#7681 = VECTOR('',#7682,1.);
#7682 = DIRECTION('',(1.,0.,0.));
#7683 = PLANE('',#7684);
#7684 = AXIS2_PLACEMENT_3D('',#7685,#7686,#7687);
#7685 = CARTESIAN_POINT('',(-0.32,-0.24,-2.92));
#7686 = DIRECTION('',(1.735167508357E-18,-0.707106781187,-0.707106781187
    ));
#7687 = DIRECTION('',(-1.,-1.226948711654E-18,-1.226948711654E-18));
#7688 = ADVANCED_FACE('',(#7689),#7714,.F.);
#7689 = FACE_BOUND('',#7690,.T.);
#7690 = EDGE_LOOP('',(#7691,#7699,#7700,#7708));
#7691 = ORIENTED_EDGE('',*,*,#7692,.F.);
#7692 = EDGE_CURVE('',#6933,#7693,#7695,.T.);
#7693 = VERTEX_POINT('',#7694);
#7694 = CARTESIAN_POINT('',(-0.16,-2.38,-3.));
#7695 = LINE('',#7696,#7697);
#7696 = CARTESIAN_POINT('',(-0.16,-2.38,-3.));
#7697 = VECTOR('',#7698,1.);
#7698 = DIRECTION('',(0.57735026919,-0.57735026919,-0.57735026919));
#7699 = ORIENTED_EDGE('',*,*,#6932,.T.);
#7700 = ORIENTED_EDGE('',*,*,#7701,.T.);
#7701 = EDGE_CURVE('',#6925,#7702,#7704,.T.);
#7702 = VERTEX_POINT('',#7703);
#7703 = CARTESIAN_POINT('',(0.16,-2.38,-3.));
#7704 = LINE('',#7705,#7706);
#7705 = CARTESIAN_POINT('',(5.333333333333E-02,-2.486666666667,
    -3.106666666667));
#7706 = VECTOR('',#7707,1.);
#7707 = DIRECTION('',(-0.57735026919,-0.57735026919,-0.57735026919));
#7708 = ORIENTED_EDGE('',*,*,#7709,.F.);
#7709 = EDGE_CURVE('',#7693,#7702,#7710,.T.);
#7710 = LINE('',#7711,#7712);
#7711 = CARTESIAN_POINT('',(-0.32,-2.38,-3.));
#7712 = VECTOR('',#7713,1.);
#7713 = DIRECTION('',(1.,0.,0.));
#7714 = PLANE('',#7715);
#7715 = AXIS2_PLACEMENT_3D('',#7716,#7717,#7718);
#7716 = CARTESIAN_POINT('',(-0.32,-2.3,-2.92));
#7717 = DIRECTION('',(-1.735167508357E-18,-0.707106781187,0.707106781187
    ));
#7718 = DIRECTION('',(-1.,1.226948711654E-18,-1.226948711654E-18));
#7719 = ADVANCED_FACE('',(#7720),#7738,.T.);
#7720 = FACE_BOUND('',#7721,.T.);
#7721 = EDGE_LOOP('',(#7722,#7730,#7731,#7732));
#7722 = ORIENTED_EDGE('',*,*,#7723,.F.);
#7723 = EDGE_CURVE('',#6956,#7724,#7726,.T.);
#7724 = VERTEX_POINT('',#7725);
#7725 = CARTESIAN_POINT('',(-0.16,-2.7,-3.));
#7726 = LINE('',#7727,#7728);
#7727 = CARTESIAN_POINT('',(-0.266666666667,-2.806666666667,
    -2.893333333333));
#7728 = VECTOR('',#7729,1.);
#7729 = DIRECTION('',(0.57735026919,0.57735026919,-0.57735026919));
#7730 = ORIENTED_EDGE('',*,*,#6963,.T.);
#7731 = ORIENTED_EDGE('',*,*,#7692,.T.);
#7732 = ORIENTED_EDGE('',*,*,#7733,.F.);
#7733 = EDGE_CURVE('',#7724,#7693,#7734,.T.);
#7734 = LINE('',#7735,#7736);
#7735 = CARTESIAN_POINT('',(-0.16,-2.86,-3.));
#7736 = VECTOR('',#7737,1.);
#7737 = DIRECTION('',(0.,1.,0.));
#7738 = PLANE('',#7739);
#7739 = AXIS2_PLACEMENT_3D('',#7740,#7741,#7742);
#7740 = CARTESIAN_POINT('',(-0.24,-2.86,-2.92));
#7741 = DIRECTION('',(-0.707106781187,-1.735167508357E-18,
    -0.707106781187));
#7742 = DIRECTION('',(-1.226948711654E-18,1.,-1.226948711654E-18));
#7743 = ADVANCED_FACE('',(#7744),#7762,.T.);
#7744 = FACE_BOUND('',#7745,.F.);
#7745 = EDGE_LOOP('',(#7746,#7747,#7748,#7756));
#7746 = ORIENTED_EDGE('',*,*,#7723,.F.);
#7747 = ORIENTED_EDGE('',*,*,#6987,.T.);
#7748 = ORIENTED_EDGE('',*,*,#7749,.T.);
#7749 = EDGE_CURVE('',#6980,#7750,#7752,.T.);
#7750 = VERTEX_POINT('',#7751);
#7751 = CARTESIAN_POINT('',(0.16,-2.7,-3.));
#7752 = LINE('',#7753,#7754);
#7753 = CARTESIAN_POINT('',(0.16,-2.7,-3.));
#7754 = VECTOR('',#7755,1.);
#7755 = DIRECTION('',(-0.57735026919,0.57735026919,-0.57735026919));
#7756 = ORIENTED_EDGE('',*,*,#7757,.F.);
#7757 = EDGE_CURVE('',#7724,#7750,#7758,.T.);
#7758 = LINE('',#7759,#7760);
#7759 = CARTESIAN_POINT('',(-0.32,-2.7,-3.));
#7760 = VECTOR('',#7761,1.);
#7761 = DIRECTION('',(1.,0.,0.));
#7762 = PLANE('',#7763);
#7763 = AXIS2_PLACEMENT_3D('',#7764,#7765,#7766);
#7764 = CARTESIAN_POINT('',(-0.32,-2.78,-2.92));
#7765 = DIRECTION('',(1.735167508357E-18,-0.707106781187,-0.707106781187
    ));
#7766 = DIRECTION('',(-1.,-1.226948711654E-18,-1.226948711654E-18));
#7767 = ADVANCED_FACE('',(#7768),#7779,.F.);
#7768 = FACE_BOUND('',#7769,.F.);
#7769 = EDGE_LOOP('',(#7770,#7771,#7772,#7773));
#7770 = ORIENTED_EDGE('',*,*,#7749,.F.);
#7771 = ORIENTED_EDGE('',*,*,#7004,.T.);
#7772 = ORIENTED_EDGE('',*,*,#7701,.T.);
#7773 = ORIENTED_EDGE('',*,*,#7774,.F.);
#7774 = EDGE_CURVE('',#7750,#7702,#7775,.T.);
#7775 = LINE('',#7776,#7777);
#7776 = CARTESIAN_POINT('',(0.16,-2.86,-3.));
#7777 = VECTOR('',#7778,1.);
#7778 = DIRECTION('',(0.,1.,0.));
#7779 = PLANE('',#7780);
#7780 = AXIS2_PLACEMENT_3D('',#7781,#7782,#7783);
#7781 = CARTESIAN_POINT('',(0.24,-2.86,-2.92));
#7782 = DIRECTION('',(-0.707106781187,1.735167508357E-18,0.707106781187)
  );
#7783 = DIRECTION('',(1.226948711654E-18,1.,-1.226948711654E-18));
#7784 = ADVANCED_FACE('',(#7785),#7810,.T.);
#7785 = FACE_BOUND('',#7786,.F.);
#7786 = EDGE_LOOP('',(#7787,#7795,#7796,#7804));
#7787 = ORIENTED_EDGE('',*,*,#7788,.F.);
#7788 = EDGE_CURVE('',#7030,#7789,#7791,.T.);
#7789 = VERTEX_POINT('',#7790);
#7790 = CARTESIAN_POINT('',(-0.16,-4.92,8.54));
#7791 = LINE('',#7792,#7793);
#7792 = CARTESIAN_POINT('',(-0.16,-4.92,8.54));
#7793 = VECTOR('',#7794,1.);
#7794 = DIRECTION('',(0.57735026919,-0.57735026919,0.57735026919));
#7795 = ORIENTED_EDGE('',*,*,#7037,.T.);
#7796 = ORIENTED_EDGE('',*,*,#7797,.T.);
#7797 = EDGE_CURVE('',#7021,#7798,#7800,.T.);
#7798 = VERTEX_POINT('',#7799);
#7799 = CARTESIAN_POINT('',(0.16,-4.92,8.54));
#7800 = LINE('',#7801,#7802);
#7801 = CARTESIAN_POINT('',(5.333333333333E-02,-5.026666666667,
    8.646666666667));
#7802 = VECTOR('',#7803,1.);
#7803 = DIRECTION('',(-0.57735026919,-0.57735026919,0.57735026919));
#7804 = ORIENTED_EDGE('',*,*,#7805,.F.);
#7805 = EDGE_CURVE('',#7789,#7798,#7806,.T.);
#7806 = LINE('',#7807,#7808);
#7807 = CARTESIAN_POINT('',(-0.32,-4.92,8.54));
#7808 = VECTOR('',#7809,1.);
#7809 = DIRECTION('',(1.,0.,0.));
#7810 = PLANE('',#7811);
#7811 = AXIS2_PLACEMENT_3D('',#7812,#7813,#7814);
#7812 = CARTESIAN_POINT('',(-0.32,-4.84,8.46));
#7813 = DIRECTION('',(1.735167508357E-18,0.707106781187,0.707106781187)
  );
#7814 = DIRECTION('',(-1.,1.226948711654E-18,1.226948711654E-18));
#7815 = ADVANCED_FACE('',(#7816),#7834,.F.);
#7816 = FACE_BOUND('',#7817,.F.);
#7817 = EDGE_LOOP('',(#7818,#7826,#7827,#7828));
#7818 = ORIENTED_EDGE('',*,*,#7819,.F.);
#7819 = EDGE_CURVE('',#7052,#7820,#7822,.T.);
#7820 = VERTEX_POINT('',#7821);
#7821 = CARTESIAN_POINT('',(-0.16,-5.24,8.54));
#7822 = LINE('',#7823,#7824);
#7823 = CARTESIAN_POINT('',(-0.266666666667,-5.346666666667,
    8.433333333333));
#7824 = VECTOR('',#7825,1.);
#7825 = DIRECTION('',(0.57735026919,0.57735026919,0.57735026919));
#7826 = ORIENTED_EDGE('',*,*,#7061,.T.);
#7827 = ORIENTED_EDGE('',*,*,#7788,.T.);
#7828 = ORIENTED_EDGE('',*,*,#7829,.F.);
#7829 = EDGE_CURVE('',#7820,#7789,#7830,.T.);
#7830 = LINE('',#7831,#7832);
#7831 = CARTESIAN_POINT('',(-0.16,-5.4,8.54));
#7832 = VECTOR('',#7833,1.);
#7833 = DIRECTION('',(0.,1.,0.));
#7834 = PLANE('',#7835);
#7835 = AXIS2_PLACEMENT_3D('',#7836,#7837,#7838);
#7836 = CARTESIAN_POINT('',(-0.24,-5.4,8.46));
#7837 = DIRECTION('',(0.707106781187,1.735167508357E-18,-0.707106781187)
  );
#7838 = DIRECTION('',(-1.226948711654E-18,1.,1.226948711654E-18));
#7839 = ADVANCED_FACE('',(#7840),#7858,.F.);
#7840 = FACE_BOUND('',#7841,.T.);
#7841 = EDGE_LOOP('',(#7842,#7843,#7844,#7852));
#7842 = ORIENTED_EDGE('',*,*,#7819,.F.);
#7843 = ORIENTED_EDGE('',*,*,#7085,.T.);
#7844 = ORIENTED_EDGE('',*,*,#7845,.T.);
#7845 = EDGE_CURVE('',#7076,#7846,#7848,.T.);
#7846 = VERTEX_POINT('',#7847);
#7847 = CARTESIAN_POINT('',(0.16,-5.24,8.54));
#7848 = LINE('',#7849,#7850);
#7849 = CARTESIAN_POINT('',(0.16,-5.24,8.54));
#7850 = VECTOR('',#7851,1.);
#7851 = DIRECTION('',(-0.57735026919,0.57735026919,0.57735026919));
#7852 = ORIENTED_EDGE('',*,*,#7853,.F.);
#7853 = EDGE_CURVE('',#7820,#7846,#7854,.T.);
#7854 = LINE('',#7855,#7856);
#7855 = CARTESIAN_POINT('',(-0.32,-5.24,8.54));
#7856 = VECTOR('',#7857,1.);
#7857 = DIRECTION('',(1.,0.,0.));
#7858 = PLANE('',#7859);
#7859 = AXIS2_PLACEMENT_3D('',#7860,#7861,#7862);
#7860 = CARTESIAN_POINT('',(-0.32,-5.32,8.46));
#7861 = DIRECTION('',(-1.735167508357E-18,0.707106781187,-0.707106781187
    ));
#7862 = DIRECTION('',(-1.,-1.226948711654E-18,1.226948711654E-18));
#7863 = ADVANCED_FACE('',(#7864),#7875,.T.);
#7864 = FACE_BOUND('',#7865,.T.);
#7865 = EDGE_LOOP('',(#7866,#7867,#7868,#7869));
#7866 = ORIENTED_EDGE('',*,*,#7845,.F.);
#7867 = ORIENTED_EDGE('',*,*,#7102,.T.);
#7868 = ORIENTED_EDGE('',*,*,#7797,.T.);
#7869 = ORIENTED_EDGE('',*,*,#7870,.F.);
#7870 = EDGE_CURVE('',#7846,#7798,#7871,.T.);
#7871 = LINE('',#7872,#7873);
#7872 = CARTESIAN_POINT('',(0.16,-5.4,8.54));
#7873 = VECTOR('',#7874,1.);
#7874 = DIRECTION('',(0.,1.,0.));
#7875 = PLANE('',#7876);
#7876 = AXIS2_PLACEMENT_3D('',#7877,#7878,#7879);
#7877 = CARTESIAN_POINT('',(0.24,-5.4,8.46));
#7878 = DIRECTION('',(0.707106781187,-1.735167508357E-18,0.707106781187)
  );
#7879 = DIRECTION('',(1.226948711654E-18,1.,1.226948711654E-18));
#7880 = ADVANCED_FACE('',(#7881),#7906,.T.);
#7881 = FACE_BOUND('',#7882,.T.);
#7882 = EDGE_LOOP('',(#7883,#7891,#7892,#7900));
#7883 = ORIENTED_EDGE('',*,*,#7884,.F.);
#7884 = EDGE_CURVE('',#7117,#7885,#7887,.T.);
#7885 = VERTEX_POINT('',#7886);
#7886 = CARTESIAN_POINT('',(0.16,-7.78,8.54));
#7887 = LINE('',#7888,#7889);
#7888 = CARTESIAN_POINT('',(0.16,-7.78,8.54));
#7889 = VECTOR('',#7890,1.);
#7890 = DIRECTION('',(-0.57735026919,0.57735026919,0.57735026919));
#7891 = ORIENTED_EDGE('',*,*,#7133,.T.);
#7892 = ORIENTED_EDGE('',*,*,#7893,.T.);
#7893 = EDGE_CURVE('',#7126,#7894,#7896,.T.);
#7894 = VERTEX_POINT('',#7895);
#7895 = CARTESIAN_POINT('',(0.16,-7.46,8.54));
#7896 = LINE('',#7897,#7898);
#7897 = CARTESIAN_POINT('',(5.333333333333E-02,-7.566666666667,
    8.646666666667));
#7898 = VECTOR('',#7899,1.);
#7899 = DIRECTION('',(-0.57735026919,-0.57735026919,0.57735026919));
#7900 = ORIENTED_EDGE('',*,*,#7901,.F.);
#7901 = EDGE_CURVE('',#7885,#7894,#7902,.T.);
#7902 = LINE('',#7903,#7904);
#7903 = CARTESIAN_POINT('',(0.16,-7.94,8.54));
#7904 = VECTOR('',#7905,1.);
#7905 = DIRECTION('',(0.,1.,0.));
#7906 = PLANE('',#7907);
#7907 = AXIS2_PLACEMENT_3D('',#7908,#7909,#7910);
#7908 = CARTESIAN_POINT('',(0.24,-7.94,8.46));
#7909 = DIRECTION('',(0.707106781187,-1.735167508357E-18,0.707106781187)
  );
#7910 = DIRECTION('',(1.226948711654E-18,1.,1.226948711654E-18));
#7911 = ADVANCED_FACE('',(#7912),#7930,.T.);
#7912 = FACE_BOUND('',#7913,.F.);
#7913 = EDGE_LOOP('',(#7914,#7922,#7923,#7924));
#7914 = ORIENTED_EDGE('',*,*,#7915,.F.);
#7915 = EDGE_CURVE('',#7150,#7916,#7918,.T.);
#7916 = VERTEX_POINT('',#7917);
#7917 = CARTESIAN_POINT('',(-0.16,-7.46,8.54));
#7918 = LINE('',#7919,#7920);
#7919 = CARTESIAN_POINT('',(-0.16,-7.46,8.54));
#7920 = VECTOR('',#7921,1.);
#7921 = DIRECTION('',(0.57735026919,-0.57735026919,0.57735026919));
#7922 = ORIENTED_EDGE('',*,*,#7157,.T.);
#7923 = ORIENTED_EDGE('',*,*,#7893,.T.);
#7924 = ORIENTED_EDGE('',*,*,#7925,.F.);
#7925 = EDGE_CURVE('',#7916,#7894,#7926,.T.);
#7926 = LINE('',#7927,#7928);
#7927 = CARTESIAN_POINT('',(-0.32,-7.46,8.54));
#7928 = VECTOR('',#7929,1.);
#7929 = DIRECTION('',(1.,0.,0.));
#7930 = PLANE('',#7931);
#7931 = AXIS2_PLACEMENT_3D('',#7932,#7933,#7934);
#7932 = CARTESIAN_POINT('',(-0.32,-7.38,8.46));
#7933 = DIRECTION('',(1.735167508357E-18,0.707106781187,0.707106781187)
  );
#7934 = DIRECTION('',(-1.,1.226948711654E-18,1.226948711654E-18));
#7935 = ADVANCED_FACE('',(#7936),#7954,.F.);
#7936 = FACE_BOUND('',#7937,.F.);
#7937 = EDGE_LOOP('',(#7938,#7946,#7947,#7948));
#7938 = ORIENTED_EDGE('',*,*,#7939,.F.);
#7939 = EDGE_CURVE('',#7172,#7940,#7942,.T.);
#7940 = VERTEX_POINT('',#7941);
#7941 = CARTESIAN_POINT('',(-0.16,-7.78,8.54));
#7942 = LINE('',#7943,#7944);
#7943 = CARTESIAN_POINT('',(-0.266666666667,-7.886666666667,
    8.433333333333));
#7944 = VECTOR('',#7945,1.);
#7945 = DIRECTION('',(0.57735026919,0.57735026919,0.57735026919));
#7946 = ORIENTED_EDGE('',*,*,#7181,.T.);
#7947 = ORIENTED_EDGE('',*,*,#7915,.T.);
#7948 = ORIENTED_EDGE('',*,*,#7949,.F.);
#7949 = EDGE_CURVE('',#7940,#7916,#7950,.T.);
#7950 = LINE('',#7951,#7952);
#7951 = CARTESIAN_POINT('',(-0.16,-7.94,8.54));
#7952 = VECTOR('',#7953,1.);
#7953 = DIRECTION('',(0.,1.,0.));
#7954 = PLANE('',#7955);
#7955 = AXIS2_PLACEMENT_3D('',#7956,#7957,#7958);
#7956 = CARTESIAN_POINT('',(-0.24,-7.94,8.46));
#7957 = DIRECTION('',(0.707106781187,1.735167508357E-18,-0.707106781187)
  );
#7958 = DIRECTION('',(-1.226948711654E-18,1.,1.226948711654E-18));
#7959 = ADVANCED_FACE('',(#7960),#7971,.F.);
#7960 = FACE_BOUND('',#7961,.T.);
#7961 = EDGE_LOOP('',(#7962,#7963,#7964,#7965));
#7962 = ORIENTED_EDGE('',*,*,#7939,.F.);
#7963 = ORIENTED_EDGE('',*,*,#7198,.T.);
#7964 = ORIENTED_EDGE('',*,*,#7884,.T.);
#7965 = ORIENTED_EDGE('',*,*,#7966,.F.);
#7966 = EDGE_CURVE('',#7940,#7885,#7967,.T.);
#7967 = LINE('',#7968,#7969);
#7968 = CARTESIAN_POINT('',(-0.32,-7.78,8.54));
#7969 = VECTOR('',#7970,1.);
#7970 = DIRECTION('',(1.,0.,0.));
#7971 = PLANE('',#7972);
#7972 = AXIS2_PLACEMENT_3D('',#7973,#7974,#7975);
#7973 = CARTESIAN_POINT('',(-0.32,-7.86,8.46));
#7974 = DIRECTION('',(-1.735167508357E-18,0.707106781187,-0.707106781187
    ));
#7975 = DIRECTION('',(-1.,-1.226948711654E-18,1.226948711654E-18));
#7976 = ADVANCED_FACE('',(#7977),#8002,.T.);
#7977 = FACE_BOUND('',#7978,.T.);
#7978 = EDGE_LOOP('',(#7979,#7987,#7988,#7996));
#7979 = ORIENTED_EDGE('',*,*,#7980,.F.);
#7980 = EDGE_CURVE('',#7213,#7981,#7983,.T.);
#7981 = VERTEX_POINT('',#7982);
#7982 = CARTESIAN_POINT('',(0.16,-0.16,8.54));
#7983 = LINE('',#7984,#7985);
#7984 = CARTESIAN_POINT('',(0.16,-0.16,8.54));
#7985 = VECTOR('',#7986,1.);
#7986 = DIRECTION('',(-0.57735026919,0.57735026919,0.57735026919));
#7987 = ORIENTED_EDGE('',*,*,#7229,.T.);
#7988 = ORIENTED_EDGE('',*,*,#7989,.T.);
#7989 = EDGE_CURVE('',#7222,#7990,#7992,.T.);
#7990 = VERTEX_POINT('',#7991);
#7991 = CARTESIAN_POINT('',(0.16,0.16,8.54));
#7992 = LINE('',#7993,#7994);
#7993 = CARTESIAN_POINT('',(5.333333333333E-02,5.333333333333E-02,
    8.646666666667));
#7994 = VECTOR('',#7995,1.);
#7995 = DIRECTION('',(-0.57735026919,-0.57735026919,0.57735026919));
#7996 = ORIENTED_EDGE('',*,*,#7997,.F.);
#7997 = EDGE_CURVE('',#7981,#7990,#7998,.T.);
#7998 = LINE('',#7999,#8000);
#7999 = CARTESIAN_POINT('',(0.16,-0.32,8.54));
#8000 = VECTOR('',#8001,1.);
#8001 = DIRECTION('',(0.,1.,0.));
#8002 = PLANE('',#8003);
#8003 = AXIS2_PLACEMENT_3D('',#8004,#8005,#8006);
#8004 = CARTESIAN_POINT('',(0.24,-0.32,8.46));
#8005 = DIRECTION('',(0.707106781187,-1.735167508357E-18,0.707106781187)
  );
#8006 = DIRECTION('',(1.226948711654E-18,1.,1.226948711654E-18));
#8007 = ADVANCED_FACE('',(#8008),#8026,.T.);
#8008 = FACE_BOUND('',#8009,.F.);
#8009 = EDGE_LOOP('',(#8010,#8018,#8019,#8020));
#8010 = ORIENTED_EDGE('',*,*,#8011,.F.);
#8011 = EDGE_CURVE('',#7246,#8012,#8014,.T.);
#8012 = VERTEX_POINT('',#8013);
#8013 = CARTESIAN_POINT('',(-0.16,0.16,8.54));
#8014 = LINE('',#8015,#8016);
#8015 = CARTESIAN_POINT('',(-0.16,0.16,8.54));
#8016 = VECTOR('',#8017,1.);
#8017 = DIRECTION('',(0.57735026919,-0.57735026919,0.57735026919));
#8018 = ORIENTED_EDGE('',*,*,#7253,.T.);
#8019 = ORIENTED_EDGE('',*,*,#7989,.T.);
#8020 = ORIENTED_EDGE('',*,*,#8021,.F.);
#8021 = EDGE_CURVE('',#8012,#7990,#8022,.T.);
#8022 = LINE('',#8023,#8024);
#8023 = CARTESIAN_POINT('',(-0.32,0.16,8.54));
#8024 = VECTOR('',#8025,1.);
#8025 = DIRECTION('',(1.,0.,0.));
#8026 = PLANE('',#8027);
#8027 = AXIS2_PLACEMENT_3D('',#8028,#8029,#8030);
#8028 = CARTESIAN_POINT('',(-0.32,0.24,8.46));
#8029 = DIRECTION('',(1.735167508357E-18,0.707106781187,0.707106781187)
  );
#8030 = DIRECTION('',(-1.,1.226948711654E-18,1.226948711654E-18));
#8031 = ADVANCED_FACE('',(#8032),#8050,.F.);
#8032 = FACE_BOUND('',#8033,.F.);
#8033 = EDGE_LOOP('',(#8034,#8042,#8043,#8044));
#8034 = ORIENTED_EDGE('',*,*,#8035,.F.);
#8035 = EDGE_CURVE('',#7268,#8036,#8038,.T.);
#8036 = VERTEX_POINT('',#8037);
#8037 = CARTESIAN_POINT('',(-0.16,-0.16,8.54));
#8038 = LINE('',#8039,#8040);
#8039 = CARTESIAN_POINT('',(-0.266666666667,-0.266666666667,
    8.433333333333));
#8040 = VECTOR('',#8041,1.);
#8041 = DIRECTION('',(0.57735026919,0.57735026919,0.57735026919));
#8042 = ORIENTED_EDGE('',*,*,#7277,.T.);
#8043 = ORIENTED_EDGE('',*,*,#8011,.T.);
#8044 = ORIENTED_EDGE('',*,*,#8045,.F.);
#8045 = EDGE_CURVE('',#8036,#8012,#8046,.T.);
#8046 = LINE('',#8047,#8048);
#8047 = CARTESIAN_POINT('',(-0.16,-0.32,8.54));
#8048 = VECTOR('',#8049,1.);
#8049 = DIRECTION('',(0.,1.,0.));
#8050 = PLANE('',#8051);
#8051 = AXIS2_PLACEMENT_3D('',#8052,#8053,#8054);
#8052 = CARTESIAN_POINT('',(-0.24,-0.32,8.46));
#8053 = DIRECTION('',(0.707106781187,1.735167508357E-18,-0.707106781187)
  );
#8054 = DIRECTION('',(-1.226948711654E-18,1.,1.226948711654E-18));
#8055 = ADVANCED_FACE('',(#8056),#8067,.F.);
#8056 = FACE_BOUND('',#8057,.T.);
#8057 = EDGE_LOOP('',(#8058,#8059,#8060,#8061));
#8058 = ORIENTED_EDGE('',*,*,#8035,.F.);
#8059 = ORIENTED_EDGE('',*,*,#7294,.T.);
#8060 = ORIENTED_EDGE('',*,*,#7980,.T.);
#8061 = ORIENTED_EDGE('',*,*,#8062,.F.);
#8062 = EDGE_CURVE('',#8036,#7981,#8063,.T.);
#8063 = LINE('',#8064,#8065);
#8064 = CARTESIAN_POINT('',(-0.32,-0.16,8.54));
#8065 = VECTOR('',#8066,1.);
#8066 = DIRECTION('',(1.,0.,0.));
#8067 = PLANE('',#8068);
#8068 = AXIS2_PLACEMENT_3D('',#8069,#8070,#8071);
#8069 = CARTESIAN_POINT('',(-0.32,-0.24,8.46));
#8070 = DIRECTION('',(-1.735167508357E-18,0.707106781187,-0.707106781187
    ));
#8071 = DIRECTION('',(-1.,-1.226948711654E-18,1.226948711654E-18));
#8072 = ADVANCED_FACE('',(#8073),#8098,.T.);
#8073 = FACE_BOUND('',#8074,.F.);
#8074 = EDGE_LOOP('',(#8075,#8083,#8084,#8092));
#8075 = ORIENTED_EDGE('',*,*,#8076,.F.);
#8076 = EDGE_CURVE('',#7318,#8077,#8079,.T.);
#8077 = VERTEX_POINT('',#8078);
#8078 = CARTESIAN_POINT('',(-0.16,-2.38,8.54));
#8079 = LINE('',#8080,#8081);
#8080 = CARTESIAN_POINT('',(-0.16,-2.38,8.54));
#8081 = VECTOR('',#8082,1.);
#8082 = DIRECTION('',(0.57735026919,-0.57735026919,0.57735026919));
#8083 = ORIENTED_EDGE('',*,*,#7325,.T.);
#8084 = ORIENTED_EDGE('',*,*,#8085,.T.);
#8085 = EDGE_CURVE('',#7309,#8086,#8088,.T.);
#8086 = VERTEX_POINT('',#8087);
#8087 = CARTESIAN_POINT('',(0.16,-2.38,8.54));
#8088 = LINE('',#8089,#8090);
#8089 = CARTESIAN_POINT('',(5.333333333333E-02,-2.486666666667,
    8.646666666667));
#8090 = VECTOR('',#8091,1.);
#8091 = DIRECTION('',(-0.57735026919,-0.57735026919,0.57735026919));
#8092 = ORIENTED_EDGE('',*,*,#8093,.F.);
#8093 = EDGE_CURVE('',#8077,#8086,#8094,.T.);
#8094 = LINE('',#8095,#8096);
#8095 = CARTESIAN_POINT('',(-0.32,-2.38,8.54));
#8096 = VECTOR('',#8097,1.);
#8097 = DIRECTION('',(1.,0.,0.));
#8098 = PLANE('',#8099);
#8099 = AXIS2_PLACEMENT_3D('',#8100,#8101,#8102);
#8100 = CARTESIAN_POINT('',(-0.32,-2.3,8.46));
#8101 = DIRECTION('',(1.735167508357E-18,0.707106781187,0.707106781187)
  );
#8102 = DIRECTION('',(-1.,1.226948711654E-18,1.226948711654E-18));
#8103 = ADVANCED_FACE('',(#8104),#8122,.F.);
#8104 = FACE_BOUND('',#8105,.F.);
#8105 = EDGE_LOOP('',(#8106,#8114,#8115,#8116));
#8106 = ORIENTED_EDGE('',*,*,#8107,.F.);
#8107 = EDGE_CURVE('',#7340,#8108,#8110,.T.);
#8108 = VERTEX_POINT('',#8109);
#8109 = CARTESIAN_POINT('',(-0.16,-2.7,8.54));
#8110 = LINE('',#8111,#8112);
#8111 = CARTESIAN_POINT('',(-0.266666666667,-2.806666666667,
    8.433333333333));
#8112 = VECTOR('',#8113,1.);
#8113 = DIRECTION('',(0.57735026919,0.57735026919,0.57735026919));
#8114 = ORIENTED_EDGE('',*,*,#7349,.T.);
#8115 = ORIENTED_EDGE('',*,*,#8076,.T.);
#8116 = ORIENTED_EDGE('',*,*,#8117,.F.);
#8117 = EDGE_CURVE('',#8108,#8077,#8118,.T.);
#8118 = LINE('',#8119,#8120);
#8119 = CARTESIAN_POINT('',(-0.16,-2.86,8.54));
#8120 = VECTOR('',#8121,1.);
#8121 = DIRECTION('',(0.,1.,0.));
#8122 = PLANE('',#8123);
#8123 = AXIS2_PLACEMENT_3D('',#8124,#8125,#8126);
#8124 = CARTESIAN_POINT('',(-0.24,-2.86,8.46));
#8125 = DIRECTION('',(0.707106781187,1.735167508357E-18,-0.707106781187)
  );
#8126 = DIRECTION('',(-1.226948711654E-18,1.,1.226948711654E-18));
#8127 = ADVANCED_FACE('',(#8128),#8146,.F.);
#8128 = FACE_BOUND('',#8129,.T.);
#8129 = EDGE_LOOP('',(#8130,#8131,#8132,#8140));
#8130 = ORIENTED_EDGE('',*,*,#8107,.F.);
#8131 = ORIENTED_EDGE('',*,*,#7373,.T.);
#8132 = ORIENTED_EDGE('',*,*,#8133,.T.);
#8133 = EDGE_CURVE('',#7364,#8134,#8136,.T.);
#8134 = VERTEX_POINT('',#8135);
#8135 = CARTESIAN_POINT('',(0.16,-2.7,8.54));
#8136 = LINE('',#8137,#8138);
#8137 = CARTESIAN_POINT('',(0.16,-2.7,8.54));
#8138 = VECTOR('',#8139,1.);
#8139 = DIRECTION('',(-0.57735026919,0.57735026919,0.57735026919));
#8140 = ORIENTED_EDGE('',*,*,#8141,.F.);
#8141 = EDGE_CURVE('',#8108,#8134,#8142,.T.);
#8142 = LINE('',#8143,#8144);
#8143 = CARTESIAN_POINT('',(-0.32,-2.7,8.54));
#8144 = VECTOR('',#8145,1.);
#8145 = DIRECTION('',(1.,0.,0.));
#8146 = PLANE('',#8147);
#8147 = AXIS2_PLACEMENT_3D('',#8148,#8149,#8150);
#8148 = CARTESIAN_POINT('',(-0.32,-2.78,8.46));
#8149 = DIRECTION('',(-1.735167508357E-18,0.707106781187,-0.707106781187
    ));
#8150 = DIRECTION('',(-1.,-1.226948711654E-18,1.226948711654E-18));
#8151 = ADVANCED_FACE('',(#8152),#8163,.T.);
#8152 = FACE_BOUND('',#8153,.T.);
#8153 = EDGE_LOOP('',(#8154,#8155,#8156,#8157));
#8154 = ORIENTED_EDGE('',*,*,#8133,.F.);
#8155 = ORIENTED_EDGE('',*,*,#7390,.T.);
#8156 = ORIENTED_EDGE('',*,*,#8085,.T.);
#8157 = ORIENTED_EDGE('',*,*,#8158,.F.);
#8158 = EDGE_CURVE('',#8134,#8086,#8159,.T.);
#8159 = LINE('',#8160,#8161);
#8160 = CARTESIAN_POINT('',(0.16,-2.86,8.54));
#8161 = VECTOR('',#8162,1.);
#8162 = DIRECTION('',(0.,1.,0.));
#8163 = PLANE('',#8164);
#8164 = AXIS2_PLACEMENT_3D('',#8165,#8166,#8167);
#8165 = CARTESIAN_POINT('',(0.24,-2.86,8.46));
#8166 = DIRECTION('',(0.707106781187,-1.735167508357E-18,0.707106781187)
  );
#8167 = DIRECTION('',(1.226948711654E-18,1.,1.226948711654E-18));
#8168 = ADVANCED_FACE('',(#8169),#8175,.F.);
#8169 = FACE_BOUND('',#8170,.F.);
#8170 = EDGE_LOOP('',(#8171,#8172,#8173,#8174));
#8171 = ORIENTED_EDGE('',*,*,#7486,.T.);
#8172 = ORIENTED_EDGE('',*,*,#7421,.F.);
#8173 = ORIENTED_EDGE('',*,*,#7445,.F.);
#8174 = ORIENTED_EDGE('',*,*,#7469,.T.);
#8175 = PLANE('',#8176);
#8176 = AXIS2_PLACEMENT_3D('',#8177,#8178,#8179);
#8177 = CARTESIAN_POINT('',(-0.32,-5.4,-3.));
#8178 = DIRECTION('',(0.,0.,1.));
#8179 = DIRECTION('',(1.,0.,-0.));
#8180 = ADVANCED_FACE('',(#8181),#8187,.F.);
#8181 = FACE_BOUND('',#8182,.F.);
#8182 = EDGE_LOOP('',(#8183,#8184,#8185,#8186));
#8183 = ORIENTED_EDGE('',*,*,#7517,.T.);
#8184 = ORIENTED_EDGE('',*,*,#7541,.F.);
#8185 = ORIENTED_EDGE('',*,*,#7565,.F.);
#8186 = ORIENTED_EDGE('',*,*,#7582,.T.);
#8187 = PLANE('',#8188);
#8188 = AXIS2_PLACEMENT_3D('',#8189,#8190,#8191);
#8189 = CARTESIAN_POINT('',(-0.32,-7.94,-3.));
#8190 = DIRECTION('',(0.,0.,1.));
#8191 = DIRECTION('',(1.,0.,-0.));
#8192 = ADVANCED_FACE('',(#8193),#8199,.F.);
#8193 = FACE_BOUND('',#8194,.F.);
#8194 = EDGE_LOOP('',(#8195,#8196,#8197,#8198));
#8195 = ORIENTED_EDGE('',*,*,#7613,.T.);
#8196 = ORIENTED_EDGE('',*,*,#7637,.F.);
#8197 = ORIENTED_EDGE('',*,*,#7661,.F.);
#8198 = ORIENTED_EDGE('',*,*,#7678,.T.);
#8199 = PLANE('',#8200);
#8200 = AXIS2_PLACEMENT_3D('',#8201,#8202,#8203);
#8201 = CARTESIAN_POINT('',(-0.32,-0.32,-3.));
#8202 = DIRECTION('',(0.,0.,1.));
#8203 = DIRECTION('',(1.,0.,-0.));
#8204 = ADVANCED_FACE('',(#8205),#8211,.F.);
#8205 = FACE_BOUND('',#8206,.F.);
#8206 = EDGE_LOOP('',(#8207,#8208,#8209,#8210));
#8207 = ORIENTED_EDGE('',*,*,#7774,.T.);
#8208 = ORIENTED_EDGE('',*,*,#7709,.F.);
#8209 = ORIENTED_EDGE('',*,*,#7733,.F.);
#8210 = ORIENTED_EDGE('',*,*,#7757,.T.);
#8211 = PLANE('',#8212);
#8212 = AXIS2_PLACEMENT_3D('',#8213,#8214,#8215);
#8213 = CARTESIAN_POINT('',(-0.32,-2.86,-3.));
#8214 = DIRECTION('',(0.,0.,1.));
#8215 = DIRECTION('',(1.,0.,-0.));
#8216 = ADVANCED_FACE('',(#8217),#8223,.T.);
#8217 = FACE_BOUND('',#8218,.T.);
#8218 = EDGE_LOOP('',(#8219,#8220,#8221,#8222));
#8219 = ORIENTED_EDGE('',*,*,#7870,.T.);
#8220 = ORIENTED_EDGE('',*,*,#7805,.F.);
#8221 = ORIENTED_EDGE('',*,*,#7829,.F.);
#8222 = ORIENTED_EDGE('',*,*,#7853,.T.);
#8223 = PLANE('',#8224);
#8224 = AXIS2_PLACEMENT_3D('',#8225,#8226,#8227);
#8225 = CARTESIAN_POINT('',(-0.32,-5.4,8.54));
#8226 = DIRECTION('',(0.,0.,1.));
#8227 = DIRECTION('',(1.,0.,-0.));
#8228 = ADVANCED_FACE('',(#8229),#8235,.T.);
#8229 = FACE_BOUND('',#8230,.T.);
#8230 = EDGE_LOOP('',(#8231,#8232,#8233,#8234));
#8231 = ORIENTED_EDGE('',*,*,#7901,.T.);
#8232 = ORIENTED_EDGE('',*,*,#7925,.F.);
#8233 = ORIENTED_EDGE('',*,*,#7949,.F.);
#8234 = ORIENTED_EDGE('',*,*,#7966,.T.);
#8235 = PLANE('',#8236);
#8236 = AXIS2_PLACEMENT_3D('',#8237,#8238,#8239);
#8237 = CARTESIAN_POINT('',(-0.32,-7.94,8.54));
#8238 = DIRECTION('',(0.,0.,1.));
#8239 = DIRECTION('',(1.,0.,-0.));
#8240 = ADVANCED_FACE('',(#8241),#8247,.T.);
#8241 = FACE_BOUND('',#8242,.T.);
#8242 = EDGE_LOOP('',(#8243,#8244,#8245,#8246));
#8243 = ORIENTED_EDGE('',*,*,#7997,.T.);
#8244 = ORIENTED_EDGE('',*,*,#8021,.F.);
#8245 = ORIENTED_EDGE('',*,*,#8045,.F.);
#8246 = ORIENTED_EDGE('',*,*,#8062,.T.);
#8247 = PLANE('',#8248);
#8248 = AXIS2_PLACEMENT_3D('',#8249,#8250,#8251);
#8249 = CARTESIAN_POINT('',(-0.32,-0.32,8.54));
#8250 = DIRECTION('',(0.,0.,1.));
#8251 = DIRECTION('',(1.,0.,-0.));
#8252 = ADVANCED_FACE('',(#8253),#8259,.T.);
#8253 = FACE_BOUND('',#8254,.T.);
#8254 = EDGE_LOOP('',(#8255,#8256,#8257,#8258));
#8255 = ORIENTED_EDGE('',*,*,#8158,.T.);
#8256 = ORIENTED_EDGE('',*,*,#8093,.F.);
#8257 = ORIENTED_EDGE('',*,*,#8117,.F.);
#8258 = ORIENTED_EDGE('',*,*,#8141,.T.);
#8259 = PLANE('',#8260);
#8260 = AXIS2_PLACEMENT_3D('',#8261,#8262,#8263);
#8261 = CARTESIAN_POINT('',(-0.32,-2.86,8.54));
#8262 = DIRECTION('',(0.,0.,1.));
#8263 = DIRECTION('',(1.,0.,-0.));
#8264 = ( GEOMETRIC_REPRESENTATION_CONTEXT(3) 
GLOBAL_UNCERTAINTY_ASSIGNED_CONTEXT((#8268)) 
GLOBAL_UNIT_ASSIGNED_CONTEXT((#8265,#8266,#8267)) REPRESENTATION_CONTEXT
('Context #1','3D Context with UNIT and UNCERTAINTY') );
#8265 = ( LENGTH_UNIT() NAMED_UNIT(*) SI_UNIT(.MILLI.,.METRE.) );
#8266 = ( NAMED_UNIT(*) PLANE_ANGLE_UNIT() SI_UNIT($,.RADIAN.) );
#8267 = ( NAMED_UNIT(*) SI_UNIT($,.STERADIAN.) SOLID_ANGLE_UNIT() );
#8268 = UNCERTAINTY_MEASURE_WITH_UNIT(LENGTH_MEASURE(1.E-07),#8265,
  'distance_accuracy_value','confusion accuracy');
#8269 = CONTEXT_DEPENDENT_SHAPE_REPRESENTATION(#8270,#8272);
#8270 = ( REPRESENTATION_RELATIONSHIP('','',#5483,#5460) 
REPRESENTATION_RELATIONSHIP_WITH_TRANSFORMATION(#8271) 
SHAPE_REPRESENTATION_RELATIONSHIP() );
#8271 = ITEM_DEFINED_TRANSFORMATION('','',#11,#5461);
#8272 = PRODUCT_DEFINITION_SHAPE('Placement','Placement of an item',
  #8273);
#8273 = NEXT_ASSEMBLY_USAGE_OCCURRENCE('27','=>[0:1:1:13]','',#5455,
  #5478,$);
#8274 = PRODUCT_RELATED_PRODUCT_CATEGORY('part',$,(#5480));
#8275 = CONTEXT_DEPENDENT_SHAPE_REPRESENTATION(#8276,#8278);
#8276 = ( REPRESENTATION_RELATIONSHIP('','',#1034,#10) 
REPRESENTATION_RELATIONSHIP_WITH_TRANSFORMATION(#8277) 
SHAPE_REPRESENTATION_RELATIONSHIP() );
#8277 = ITEM_DEFINED_TRANSFORMATION('','',#11,#103);
#8278 = PRODUCT_DEFINITION_SHAPE('Placement','Placement of an item',
  #8279);
#8279 = NEXT_ASSEMBLY_USAGE_OCCURRENCE('29','R30','',#5,#1029,$);
#8280 = CONTEXT_DEPENDENT_SHAPE_REPRESENTATION(#8281,#8283);
#8281 = ( REPRESENTATION_RELATIONSHIP('','',#3410,#10) 
REPRESENTATION_RELATIONSHIP_WITH_TRANSFORMATION(#8282) 
SHAPE_REPRESENTATION_RELATIONSHIP() );
#8282 = ITEM_DEFINED_TRANSFORMATION('','',#11,#107);
#8283 = PRODUCT_DEFINITION_SHAPE('Placement','Placement of an item',
  #8284);
#8284 = NEXT_ASSEMBLY_USAGE_OCCURRENCE('30','D1','',#5,#3405,$);
#8285 = SHAPE_DEFINITION_REPRESENTATION(#8286,#8292);
#8286 = PRODUCT_DEFINITION_SHAPE('','',#8287);
#8287 = PRODUCT_DEFINITION('design','',#8288,#8291);
#8288 = PRODUCT_DEFINITION_FORMATION('','',#8289);
#8289 = PRODUCT('Detector-Proto-Board_PCB','Detector-Proto-Board_PCB',''
  ,(#8290));
#8290 = PRODUCT_CONTEXT('',#2,'mechanical');
#8291 = PRODUCT_DEFINITION_CONTEXT('part definition',#2,'design');
#8292 = ADVANCED_BREP_SHAPE_REPRESENTATION('',(#11,#8293),#10104);
#8293 = MANIFOLD_SOLID_BREP('',#8294);
#8294 = CLOSED_SHELL('',(#8295,#8337,#8368,#8399,#8880,#9361,#9378,#9395
    ,#9412,#9429,#9441,#9458,#9475,#9492,#9509,#9526,#9543,#9560,#9577,
    #9594,#9611,#9628,#9645,#9662,#9679,#9696,#9713,#9730,#9747,#9764,
    #9781,#9798,#9815,#9832,#9849,#9866,#9883,#9900,#9917,#9934,#9951,
    #9968,#9985,#10002,#10019,#10036,#10053,#10070,#10087));
#8295 = ADVANCED_FACE('',(#8296),#8332,.T.);
#8296 = FACE_BOUND('',#8297,.T.);
#8297 = EDGE_LOOP('',(#8298,#8308,#8317,#8325));
#8298 = ORIENTED_EDGE('',*,*,#8299,.T.);
#8299 = EDGE_CURVE('',#8300,#8302,#8304,.T.);
#8300 = VERTEX_POINT('',#8301);
#8301 = CARTESIAN_POINT('',(124.694633,-61.781786,0.));
#8302 = VERTEX_POINT('',#8303);
#8303 = CARTESIAN_POINT('',(124.694633,-61.781786,1.51));
#8304 = LINE('',#8305,#8306);
#8305 = CARTESIAN_POINT('',(124.694633,-61.781786,0.));
#8306 = VECTOR('',#8307,1.);
#8307 = DIRECTION('',(0.,0.,1.));
#8308 = ORIENTED_EDGE('',*,*,#8309,.T.);
#8309 = EDGE_CURVE('',#8302,#8310,#8312,.T.);
#8310 = VERTEX_POINT('',#8311);
#8311 = CARTESIAN_POINT('',(132.273214,-69.360358,1.51));
#8312 = CIRCLE('',#8313,7.578586178943);
#8313 = AXIS2_PLACEMENT_3D('',#8314,#8315,#8316);
#8314 = CARTESIAN_POINT('',(124.69462782107,-69.36037217894,1.51));
#8315 = DIRECTION('',(0.,0.,-1.));
#8316 = DIRECTION('',(6.833635125243E-07,1.,0.));
#8317 = ORIENTED_EDGE('',*,*,#8318,.F.);
#8318 = EDGE_CURVE('',#8319,#8310,#8321,.T.);
#8319 = VERTEX_POINT('',#8320);
#8320 = CARTESIAN_POINT('',(132.273214,-69.360358,0.));
#8321 = LINE('',#8322,#8323);
#8322 = CARTESIAN_POINT('',(132.273214,-69.360358,0.));
#8323 = VECTOR('',#8324,1.);
#8324 = DIRECTION('',(0.,0.,1.));
#8325 = ORIENTED_EDGE('',*,*,#8326,.F.);
#8326 = EDGE_CURVE('',#8300,#8319,#8327,.T.);
#8327 = CIRCLE('',#8328,7.578586178943);
#8328 = AXIS2_PLACEMENT_3D('',#8329,#8330,#8331);
#8329 = CARTESIAN_POINT('',(124.69462782107,-69.36037217894,0.));
#8330 = DIRECTION('',(0.,0.,-1.));
#8331 = DIRECTION('',(6.833635125243E-07,1.,0.));
#8332 = CYLINDRICAL_SURFACE('',#8333,7.578586178943);
#8333 = AXIS2_PLACEMENT_3D('',#8334,#8335,#8336);
#8334 = CARTESIAN_POINT('',(124.69462782107,-69.36037217894,0.));
#8335 = DIRECTION('',(0.,0.,-1.));
#8336 = DIRECTION('',(6.833635125243E-07,1.,0.));
#8337 = ADVANCED_FACE('',(#8338),#8363,.T.);
#8338 = FACE_BOUND('',#8339,.T.);
#8339 = EDGE_LOOP('',(#8340,#8350,#8356,#8357));
#8340 = ORIENTED_EDGE('',*,*,#8341,.T.);
#8341 = EDGE_CURVE('',#8342,#8344,#8346,.T.);
#8342 = VERTEX_POINT('',#8343);
#8343 = CARTESIAN_POINT('',(99.685367,-61.781786,0.));
#8344 = VERTEX_POINT('',#8345);
#8345 = CARTESIAN_POINT('',(99.685367,-61.781786,1.51));
#8346 = LINE('',#8347,#8348);
#8347 = CARTESIAN_POINT('',(99.685367,-61.781786,0.));
#8348 = VECTOR('',#8349,1.);
#8349 = DIRECTION('',(0.,0.,1.));
#8350 = ORIENTED_EDGE('',*,*,#8351,.T.);
#8351 = EDGE_CURVE('',#8344,#8302,#8352,.T.);
#8352 = LINE('',#8353,#8354);
#8353 = CARTESIAN_POINT('',(99.685367,-61.781786,1.51));
#8354 = VECTOR('',#8355,1.);
#8355 = DIRECTION('',(1.,0.,0.));
#8356 = ORIENTED_EDGE('',*,*,#8299,.F.);
#8357 = ORIENTED_EDGE('',*,*,#8358,.F.);
#8358 = EDGE_CURVE('',#8342,#8300,#8359,.T.);
#8359 = LINE('',#8360,#8361);
#8360 = CARTESIAN_POINT('',(99.685367,-61.781786,0.));
#8361 = VECTOR('',#8362,1.);
#8362 = DIRECTION('',(1.,0.,0.));
#8363 = PLANE('',#8364);
#8364 = AXIS2_PLACEMENT_3D('',#8365,#8366,#8367);
#8365 = CARTESIAN_POINT('',(99.685367,-61.781786,0.));
#8366 = DIRECTION('',(0.,1.,0.));
#8367 = DIRECTION('',(1.,0.,0.));
#8368 = ADVANCED_FACE('',(#8369),#8394,.T.);
#8369 = FACE_BOUND('',#8370,.T.);
#8370 = EDGE_LOOP('',(#8371,#8372,#8380,#8388));
#8371 = ORIENTED_EDGE('',*,*,#8318,.T.);
#8372 = ORIENTED_EDGE('',*,*,#8373,.T.);
#8373 = EDGE_CURVE('',#8310,#8374,#8376,.T.);
#8374 = VERTEX_POINT('',#8375);
#8375 = CARTESIAN_POINT('',(132.273214,-94.609642,1.51));
#8376 = LINE('',#8377,#8378);
#8377 = CARTESIAN_POINT('',(132.273214,-69.360358,1.51));
#8378 = VECTOR('',#8379,1.);
#8379 = DIRECTION('',(0.,-1.,0.));
#8380 = ORIENTED_EDGE('',*,*,#8381,.F.);
#8381 = EDGE_CURVE('',#8382,#8374,#8384,.T.);
#8382 = VERTEX_POINT('',#8383);
#8383 = CARTESIAN_POINT('',(132.273214,-94.609642,0.));
#8384 = LINE('',#8385,#8386);
#8385 = CARTESIAN_POINT('',(132.273214,-94.609642,0.));
#8386 = VECTOR('',#8387,1.);
#8387 = DIRECTION('',(0.,0.,1.));
#8388 = ORIENTED_EDGE('',*,*,#8389,.F.);
#8389 = EDGE_CURVE('',#8319,#8382,#8390,.T.);
#8390 = LINE('',#8391,#8392);
#8391 = CARTESIAN_POINT('',(132.273214,-69.360358,0.));
#8392 = VECTOR('',#8393,1.);
#8393 = DIRECTION('',(0.,-1.,0.));
#8394 = PLANE('',#8395);
#8395 = AXIS2_PLACEMENT_3D('',#8396,#8397,#8398);
#8396 = CARTESIAN_POINT('',(132.273214,-69.360358,0.));
#8397 = DIRECTION('',(1.,0.,-0.));
#8398 = DIRECTION('',(0.,-1.,0.));
#8399 = ADVANCED_FACE('',(#8400,#8446,#8457,#8468,#8479,#8490,#8501,
    #8512,#8523,#8534,#8545,#8556,#8567,#8578,#8589,#8600,#8611,#8622,
    #8633,#8644,#8655,#8666,#8677,#8688,#8699,#8710,#8721,#8732,#8743,
    #8754,#8765,#8776,#8787,#8798,#8809,#8820,#8831,#8842,#8853,#8864),
  #8875,.F.);
#8400 = FACE_BOUND('',#8401,.F.);
#8401 = EDGE_LOOP('',(#8402,#8403,#8404,#8413,#8421,#8430,#8438,#8445));
#8402 = ORIENTED_EDGE('',*,*,#8326,.F.);
#8403 = ORIENTED_EDGE('',*,*,#8358,.F.);
#8404 = ORIENTED_EDGE('',*,*,#8405,.F.);
#8405 = EDGE_CURVE('',#8406,#8342,#8408,.T.);
#8406 = VERTEX_POINT('',#8407);
#8407 = CARTESIAN_POINT('',(92.106786,-69.360358,0.));
#8408 = CIRCLE('',#8409,7.578565693666);
#8409 = AXIS2_PLACEMENT_3D('',#8410,#8411,#8412);
#8410 = CARTESIAN_POINT('',(99.685351693664,-69.36035169365,0.));
#8411 = DIRECTION('',(0.,0.,-1.));
#8412 = DIRECTION('',(-1.,-8.321296334452E-07,-0.));
#8413 = ORIENTED_EDGE('',*,*,#8414,.F.);
#8414 = EDGE_CURVE('',#8415,#8406,#8417,.T.);
#8415 = VERTEX_POINT('',#8416);
#8416 = CARTESIAN_POINT('',(92.106786,-94.609642,0.));
#8417 = LINE('',#8418,#8419);
#8418 = CARTESIAN_POINT('',(92.106786,-94.609642,0.));
#8419 = VECTOR('',#8420,1.);
#8420 = DIRECTION('',(0.,1.,0.));
#8421 = ORIENTED_EDGE('',*,*,#8422,.F.);
#8422 = EDGE_CURVE('',#8423,#8415,#8425,.T.);
#8423 = VERTEX_POINT('',#8424);
#8424 = CARTESIAN_POINT('',(99.685367,-102.188214,0.));
#8425 = CIRCLE('',#8426,7.578586178943);
#8426 = AXIS2_PLACEMENT_3D('',#8427,#8428,#8429);
#8427 = CARTESIAN_POINT('',(99.685372178929,-94.60962782105,0.));
#8428 = DIRECTION('',(0.,0.,-1.));
#8429 = DIRECTION('',(-6.833635162745E-07,-1.,-0.));
#8430 = ORIENTED_EDGE('',*,*,#8431,.F.);
#8431 = EDGE_CURVE('',#8432,#8423,#8434,.T.);
#8432 = VERTEX_POINT('',#8433);
#8433 = CARTESIAN_POINT('',(124.694633,-102.188214,0.));
#8434 = LINE('',#8435,#8436);
#8435 = CARTESIAN_POINT('',(124.694633,-102.188214,0.));
#8436 = VECTOR('',#8437,1.);
#8437 = DIRECTION('',(-1.,0.,0.));
#8438 = ORIENTED_EDGE('',*,*,#8439,.F.);
#8439 = EDGE_CURVE('',#8382,#8432,#8440,.T.);
#8440 = CIRCLE('',#8441,7.578565693666);
#8441 = AXIS2_PLACEMENT_3D('',#8442,#8443,#8444);
#8442 = CARTESIAN_POINT('',(124.69464830633,-94.60964830634,0.));
#8443 = DIRECTION('',(0.,0.,-1.));
#8444 = DIRECTION('',(1.,8.3212963157E-07,0.));
#8445 = ORIENTED_EDGE('',*,*,#8389,.F.);
#8446 = FACE_BOUND('',#8447,.F.);
#8447 = EDGE_LOOP('',(#8448));
#8448 = ORIENTED_EDGE('',*,*,#8449,.T.);
#8449 = EDGE_CURVE('',#8450,#8450,#8452,.T.);
#8450 = VERTEX_POINT('',#8451);
#8451 = CARTESIAN_POINT('',(98.,-98.6,0.));
#8452 = CIRCLE('',#8453,1.6);
#8453 = AXIS2_PLACEMENT_3D('',#8454,#8455,#8456);
#8454 = CARTESIAN_POINT('',(98.,-97.,0.));
#8455 = DIRECTION('',(-0.,0.,-1.));
#8456 = DIRECTION('',(-0.,-1.,0.));
#8457 = FACE_BOUND('',#8458,.F.);
#8458 = EDGE_LOOP('',(#8459));
#8459 = ORIENTED_EDGE('',*,*,#8460,.T.);
#8460 = EDGE_CURVE('',#8461,#8461,#8463,.T.);
#8461 = VERTEX_POINT('',#8462);
#8462 = CARTESIAN_POINT('',(95.504,-91.59,0.));
#8463 = CIRCLE('',#8464,0.15);
#8464 = AXIS2_PLACEMENT_3D('',#8465,#8466,#8467);
#8465 = CARTESIAN_POINT('',(95.504,-91.44,0.));
#8466 = DIRECTION('',(-0.,0.,-1.));
#8467 = DIRECTION('',(9.473903143468E-14,-1.,-0.));
#8468 = FACE_BOUND('',#8469,.F.);
#8469 = EDGE_LOOP('',(#8470));
#8470 = ORIENTED_EDGE('',*,*,#8471,.T.);
#8471 = EDGE_CURVE('',#8472,#8472,#8474,.T.);
#8472 = VERTEX_POINT('',#8473);
#8473 = CARTESIAN_POINT('',(99.568,-93.114,0.));
#8474 = CIRCLE('',#8475,0.15);
#8475 = AXIS2_PLACEMENT_3D('',#8476,#8477,#8478);
#8476 = CARTESIAN_POINT('',(99.568,-92.964,0.));
#8477 = DIRECTION('',(-0.,0.,-1.));
#8478 = DIRECTION('',(-9.473903143469E-14,-1.,0.));
#8479 = FACE_BOUND('',#8480,.F.);
#8480 = EDGE_LOOP('',(#8481));
#8481 = ORIENTED_EDGE('',*,*,#8482,.T.);
#8482 = EDGE_CURVE('',#8483,#8483,#8485,.T.);
#8483 = VERTEX_POINT('',#8484);
#8484 = CARTESIAN_POINT('',(109.754,-99.236,0.));
#8485 = CIRCLE('',#8486,0.15);
#8486 = AXIS2_PLACEMENT_3D('',#8487,#8488,#8489);
#8487 = CARTESIAN_POINT('',(109.754,-99.086,0.));
#8488 = DIRECTION('',(-0.,0.,-1.));
#8489 = DIRECTION('',(9.473903143467E-14,-1.,-0.));
#8490 = FACE_BOUND('',#8491,.F.);
#8491 = EDGE_LOOP('',(#8492));
#8492 = ORIENTED_EDGE('',*,*,#8493,.T.);
#8493 = EDGE_CURVE('',#8494,#8494,#8496,.T.);
#8494 = VERTEX_POINT('',#8495);
#8495 = CARTESIAN_POINT('',(104.14,-95.146,0.));
#8496 = CIRCLE('',#8497,0.15);
#8497 = AXIS2_PLACEMENT_3D('',#8498,#8499,#8500);
#8498 = CARTESIAN_POINT('',(104.14,-94.996,0.));
#8499 = DIRECTION('',(-0.,0.,-1.));
#8500 = DIRECTION('',(-0.,-1.,0.));
#8501 = FACE_BOUND('',#8502,.F.);
#8502 = EDGE_LOOP('',(#8503));
#8503 = ORIENTED_EDGE('',*,*,#8504,.T.);
#8504 = EDGE_CURVE('',#8505,#8505,#8507,.T.);
#8505 = VERTEX_POINT('',#8506);
#8506 = CARTESIAN_POINT('',(109.22,-92.098,0.));
#8507 = CIRCLE('',#8508,0.15);
#8508 = AXIS2_PLACEMENT_3D('',#8509,#8510,#8511);
#8509 = CARTESIAN_POINT('',(109.22,-91.948,0.));
#8510 = DIRECTION('',(-0.,0.,-1.));
#8511 = DIRECTION('',(-0.,-1.,0.));
#8512 = FACE_BOUND('',#8513,.F.);
#8513 = EDGE_LOOP('',(#8514));
#8514 = ORIENTED_EDGE('',*,*,#8515,.T.);
#8515 = EDGE_CURVE('',#8516,#8516,#8518,.T.);
#8516 = VERTEX_POINT('',#8517);
#8517 = CARTESIAN_POINT('',(96.012,-87.018,0.));
#8518 = CIRCLE('',#8519,0.15);
#8519 = AXIS2_PLACEMENT_3D('',#8520,#8521,#8522);
#8520 = CARTESIAN_POINT('',(96.012,-86.868,0.));
#8521 = DIRECTION('',(-0.,0.,-1.));
#8522 = DIRECTION('',(-0.,-1.,0.));
#8523 = FACE_BOUND('',#8524,.F.);
#8524 = EDGE_LOOP('',(#8525));
#8525 = ORIENTED_EDGE('',*,*,#8526,.T.);
#8526 = EDGE_CURVE('',#8527,#8527,#8529,.T.);
#8527 = VERTEX_POINT('',#8528);
#8528 = CARTESIAN_POINT('',(102.108,-85.055,0.));
#8529 = CIRCLE('',#8530,0.15);
#8530 = AXIS2_PLACEMENT_3D('',#8531,#8532,#8533);
#8531 = CARTESIAN_POINT('',(102.108,-84.905,0.));
#8532 = DIRECTION('',(-0.,0.,-1.));
#8533 = DIRECTION('',(-0.,-1.,0.));
#8534 = FACE_BOUND('',#8535,.F.);
#8535 = EDGE_LOOP('',(#8536));
#8536 = ORIENTED_EDGE('',*,*,#8537,.T.);
#8537 = EDGE_CURVE('',#8538,#8538,#8540,.T.);
#8538 = VERTEX_POINT('',#8539);
#8539 = CARTESIAN_POINT('',(103.124,-83.97,0.));
#8540 = CIRCLE('',#8541,0.15);
#8541 = AXIS2_PLACEMENT_3D('',#8542,#8543,#8544);
#8542 = CARTESIAN_POINT('',(103.124,-83.82,0.));
#8543 = DIRECTION('',(-0.,0.,-1.));
#8544 = DIRECTION('',(-0.,-1.,0.));
#8545 = FACE_BOUND('',#8546,.F.);
#8546 = EDGE_LOOP('',(#8547));
#8547 = ORIENTED_EDGE('',*,*,#8548,.T.);
#8548 = EDGE_CURVE('',#8549,#8549,#8551,.T.);
#8549 = VERTEX_POINT('',#8550);
#8550 = CARTESIAN_POINT('',(104.14,-89.05,0.));
#8551 = CIRCLE('',#8552,0.15);
#8552 = AXIS2_PLACEMENT_3D('',#8553,#8554,#8555);
#8553 = CARTESIAN_POINT('',(104.14,-88.9,0.));
#8554 = DIRECTION('',(-0.,0.,-1.));
#8555 = DIRECTION('',(-0.,-1.,0.));
#8556 = FACE_BOUND('',#8557,.F.);
#8557 = EDGE_LOOP('',(#8558));
#8558 = ORIENTED_EDGE('',*,*,#8559,.T.);
#8559 = EDGE_CURVE('',#8560,#8560,#8562,.T.);
#8560 = VERTEX_POINT('',#8561);
#8561 = CARTESIAN_POINT('',(104.14,-87.526,0.));
#8562 = CIRCLE('',#8563,0.15);
#8563 = AXIS2_PLACEMENT_3D('',#8564,#8565,#8566);
#8564 = CARTESIAN_POINT('',(104.14,-87.376,0.));
#8565 = DIRECTION('',(-0.,0.,-1.));
#8566 = DIRECTION('',(-0.,-1.,0.));
#8567 = FACE_BOUND('',#8568,.F.);
#8568 = EDGE_LOOP('',(#8569));
#8569 = ORIENTED_EDGE('',*,*,#8570,.T.);
#8570 = EDGE_CURVE('',#8571,#8571,#8573,.T.);
#8571 = VERTEX_POINT('',#8572);
#8572 = CARTESIAN_POINT('',(108.712,-87.018,0.));
#8573 = CIRCLE('',#8574,0.15);
#8574 = AXIS2_PLACEMENT_3D('',#8575,#8576,#8577);
#8575 = CARTESIAN_POINT('',(108.712,-86.868,0.));
#8576 = DIRECTION('',(-0.,0.,-1.));
#8577 = DIRECTION('',(9.473903143468E-14,-1.,-0.));
#8578 = FACE_BOUND('',#8579,.F.);
#8579 = EDGE_LOOP('',(#8580));
#8580 = ORIENTED_EDGE('',*,*,#8581,.T.);
#8581 = EDGE_CURVE('',#8582,#8582,#8584,.T.);
#8582 = VERTEX_POINT('',#8583);
#8583 = CARTESIAN_POINT('',(109.712,-83.785,0.));
#8584 = CIRCLE('',#8585,0.15);
#8585 = AXIS2_PLACEMENT_3D('',#8586,#8587,#8588);
#8586 = CARTESIAN_POINT('',(109.712,-83.635,0.));
#8587 = DIRECTION('',(-0.,0.,-1.));
#8588 = DIRECTION('',(9.473903143468E-14,-1.,-0.));
#8589 = FACE_BOUND('',#8590,.F.);
#8590 = EDGE_LOOP('',(#8591));
#8591 = ORIENTED_EDGE('',*,*,#8592,.T.);
#8592 = EDGE_CURVE('',#8593,#8593,#8595,.T.);
#8593 = VERTEX_POINT('',#8594);
#8594 = CARTESIAN_POINT('',(112.776,-97.686,0.));
#8595 = CIRCLE('',#8596,0.15);
#8596 = AXIS2_PLACEMENT_3D('',#8597,#8598,#8599);
#8597 = CARTESIAN_POINT('',(112.776,-97.536,0.));
#8598 = DIRECTION('',(-0.,0.,-1.));
#8599 = DIRECTION('',(-9.473903143469E-14,-1.,0.));
#8600 = FACE_BOUND('',#8601,.F.);
#8601 = EDGE_LOOP('',(#8602));
#8602 = ORIENTED_EDGE('',*,*,#8603,.T.);
#8603 = EDGE_CURVE('',#8604,#8604,#8606,.T.);
#8604 = VERTEX_POINT('',#8605);
#8605 = CARTESIAN_POINT('',(120.904,-97.686,0.));
#8606 = CIRCLE('',#8607,0.15);
#8607 = AXIS2_PLACEMENT_3D('',#8608,#8609,#8610);
#8608 = CARTESIAN_POINT('',(120.904,-97.536,0.));
#8609 = DIRECTION('',(-0.,0.,-1.));
#8610 = DIRECTION('',(-0.,-1.,0.));
#8611 = FACE_BOUND('',#8612,.F.);
#8612 = EDGE_LOOP('',(#8613));
#8613 = ORIENTED_EDGE('',*,*,#8614,.T.);
#8614 = EDGE_CURVE('',#8615,#8615,#8617,.T.);
#8615 = VERTEX_POINT('',#8616);
#8616 = CARTESIAN_POINT('',(127.,-98.6,0.));
#8617 = CIRCLE('',#8618,1.6);
#8618 = AXIS2_PLACEMENT_3D('',#8619,#8620,#8621);
#8619 = CARTESIAN_POINT('',(127.,-97.,0.));
#8620 = DIRECTION('',(-0.,0.,-1.));
#8621 = DIRECTION('',(-0.,-1.,0.));
#8622 = FACE_BOUND('',#8623,.F.);
#8623 = EDGE_LOOP('',(#8624));
#8624 = ORIENTED_EDGE('',*,*,#8625,.T.);
#8625 = EDGE_CURVE('',#8626,#8626,#8628,.T.);
#8626 = VERTEX_POINT('',#8627);
#8627 = CARTESIAN_POINT('',(121.412,-91.082,0.));
#8628 = CIRCLE('',#8629,0.15);
#8629 = AXIS2_PLACEMENT_3D('',#8630,#8631,#8632);
#8630 = CARTESIAN_POINT('',(121.412,-90.932,0.));
#8631 = DIRECTION('',(-0.,0.,-1.));
#8632 = DIRECTION('',(-0.,-1.,0.));
#8633 = FACE_BOUND('',#8634,.F.);
#8634 = EDGE_LOOP('',(#8635));
#8635 = ORIENTED_EDGE('',*,*,#8636,.T.);
#8636 = EDGE_CURVE('',#8637,#8637,#8639,.T.);
#8637 = VERTEX_POINT('',#8638);
#8638 = CARTESIAN_POINT('',(125.476,-92.098,0.));
#8639 = CIRCLE('',#8640,0.15);
#8640 = AXIS2_PLACEMENT_3D('',#8641,#8642,#8643);
#8641 = CARTESIAN_POINT('',(125.476,-91.948,0.));
#8642 = DIRECTION('',(-0.,0.,-1.));
#8643 = DIRECTION('',(-0.,-1.,0.));
#8644 = FACE_BOUND('',#8645,.F.);
#8645 = EDGE_LOOP('',(#8646));
#8646 = ORIENTED_EDGE('',*,*,#8647,.T.);
#8647 = EDGE_CURVE('',#8648,#8648,#8650,.T.);
#8648 = VERTEX_POINT('',#8649);
#8649 = CARTESIAN_POINT('',(115.316,-84.986,0.));
#8650 = CIRCLE('',#8651,0.15);
#8651 = AXIS2_PLACEMENT_3D('',#8652,#8653,#8654);
#8652 = CARTESIAN_POINT('',(115.316,-84.836,0.));
#8653 = DIRECTION('',(-0.,0.,-1.));
#8654 = DIRECTION('',(-0.,-1.,0.));
#8655 = FACE_BOUND('',#8656,.F.);
#8656 = EDGE_LOOP('',(#8657));
#8657 = ORIENTED_EDGE('',*,*,#8658,.T.);
#8658 = EDGE_CURVE('',#8659,#8659,#8661,.T.);
#8659 = VERTEX_POINT('',#8660);
#8660 = CARTESIAN_POINT('',(121.92,-87.018,0.));
#8661 = CIRCLE('',#8662,0.15);
#8662 = AXIS2_PLACEMENT_3D('',#8663,#8664,#8665);
#8663 = CARTESIAN_POINT('',(121.92,-86.868,0.));
#8664 = DIRECTION('',(-0.,0.,-1.));
#8665 = DIRECTION('',(9.473903143468E-14,-1.,-0.));
#8666 = FACE_BOUND('',#8667,.F.);
#8667 = EDGE_LOOP('',(#8668));
#8668 = ORIENTED_EDGE('',*,*,#8669,.T.);
#8669 = EDGE_CURVE('',#8670,#8670,#8672,.T.);
#8670 = VERTEX_POINT('',#8671);
#8671 = CARTESIAN_POINT('',(127.508,-88.892,0.));
#8672 = CIRCLE('',#8673,0.5);
#8673 = AXIS2_PLACEMENT_3D('',#8674,#8675,#8676);
#8674 = CARTESIAN_POINT('',(127.508,-88.392,0.));
#8675 = DIRECTION('',(-0.,0.,-1.));
#8676 = DIRECTION('',(-2.84217094304E-14,-1.,0.));
#8677 = FACE_BOUND('',#8678,.F.);
#8678 = EDGE_LOOP('',(#8679));
#8679 = ORIENTED_EDGE('',*,*,#8680,.T.);
#8680 = EDGE_CURVE('',#8681,#8681,#8683,.T.);
#8681 = VERTEX_POINT('',#8682);
#8682 = CARTESIAN_POINT('',(96.012,-77.208,0.));
#8683 = CIRCLE('',#8684,0.5);
#8684 = AXIS2_PLACEMENT_3D('',#8685,#8686,#8687);
#8685 = CARTESIAN_POINT('',(96.012,-76.708,0.));
#8686 = DIRECTION('',(-0.,0.,-1.));
#8687 = DIRECTION('',(-0.,-1.,0.));
#8688 = FACE_BOUND('',#8689,.F.);
#8689 = EDGE_LOOP('',(#8690));
#8690 = ORIENTED_EDGE('',*,*,#8691,.T.);
#8691 = EDGE_CURVE('',#8692,#8692,#8694,.T.);
#8692 = VERTEX_POINT('',#8693);
#8693 = CARTESIAN_POINT('',(96.012,-74.668,0.));
#8694 = CIRCLE('',#8695,0.5);
#8695 = AXIS2_PLACEMENT_3D('',#8696,#8697,#8698);
#8696 = CARTESIAN_POINT('',(96.012,-74.168,0.));
#8697 = DIRECTION('',(-0.,0.,-1.));
#8698 = DIRECTION('',(-0.,-1.,0.));
#8699 = FACE_BOUND('',#8700,.F.);
#8700 = EDGE_LOOP('',(#8701));
#8701 = ORIENTED_EDGE('',*,*,#8702,.T.);
#8702 = EDGE_CURVE('',#8703,#8703,#8705,.T.);
#8703 = VERTEX_POINT('',#8704);
#8704 = CARTESIAN_POINT('',(104.14,-76.042,0.));
#8705 = CIRCLE('',#8706,0.35);
#8706 = AXIS2_PLACEMENT_3D('',#8707,#8708,#8709);
#8707 = CARTESIAN_POINT('',(104.14,-75.692,0.));
#8708 = DIRECTION('',(-0.,0.,-1.));
#8709 = DIRECTION('',(-0.,-1.,0.));
#8710 = FACE_BOUND('',#8711,.F.);
#8711 = EDGE_LOOP('',(#8712));
#8712 = ORIENTED_EDGE('',*,*,#8713,.T.);
#8713 = EDGE_CURVE('',#8714,#8714,#8716,.T.);
#8714 = VERTEX_POINT('',#8715);
#8715 = CARTESIAN_POINT('',(109.22,-76.042,0.));
#8716 = CIRCLE('',#8717,0.35);
#8717 = AXIS2_PLACEMENT_3D('',#8718,#8719,#8720);
#8718 = CARTESIAN_POINT('',(109.22,-75.692,0.));
#8719 = DIRECTION('',(-0.,0.,-1.));
#8720 = DIRECTION('',(-0.,-1.,0.));
#8721 = FACE_BOUND('',#8722,.F.);
#8722 = EDGE_LOOP('',(#8723));
#8723 = ORIENTED_EDGE('',*,*,#8724,.T.);
#8724 = EDGE_CURVE('',#8725,#8725,#8727,.T.);
#8725 = VERTEX_POINT('',#8726);
#8726 = CARTESIAN_POINT('',(102.108,-73.81,0.));
#8727 = CIRCLE('',#8728,0.15);
#8728 = AXIS2_PLACEMENT_3D('',#8729,#8730,#8731);
#8729 = CARTESIAN_POINT('',(102.108,-73.66,0.));
#8730 = DIRECTION('',(-0.,0.,-1.));
#8731 = DIRECTION('',(-0.,-1.,0.));
#8732 = FACE_BOUND('',#8733,.F.);
#8733 = EDGE_LOOP('',(#8734));
#8734 = ORIENTED_EDGE('',*,*,#8735,.T.);
#8735 = EDGE_CURVE('',#8736,#8736,#8738,.T.);
#8736 = VERTEX_POINT('',#8737);
#8737 = CARTESIAN_POINT('',(98.,-68.6,0.));
#8738 = CIRCLE('',#8739,1.6);
#8739 = AXIS2_PLACEMENT_3D('',#8740,#8741,#8742);
#8740 = CARTESIAN_POINT('',(98.,-67.,0.));
#8741 = DIRECTION('',(-0.,0.,-1.));
#8742 = DIRECTION('',(-0.,-1.,0.));
#8743 = FACE_BOUND('',#8744,.F.);
#8744 = EDGE_LOOP('',(#8745));
#8745 = ORIENTED_EDGE('',*,*,#8746,.T.);
#8746 = EDGE_CURVE('',#8747,#8747,#8749,.T.);
#8747 = VERTEX_POINT('',#8748);
#8748 = CARTESIAN_POINT('',(104.14,-70.454,0.));
#8749 = CIRCLE('',#8750,0.35);
#8750 = AXIS2_PLACEMENT_3D('',#8751,#8752,#8753);
#8751 = CARTESIAN_POINT('',(104.14,-70.104,0.));
#8752 = DIRECTION('',(-0.,0.,-1.));
#8753 = DIRECTION('',(-0.,-1.,0.));
#8754 = FACE_BOUND('',#8755,.F.);
#8755 = EDGE_LOOP('',(#8756));
#8756 = ORIENTED_EDGE('',*,*,#8757,.T.);
#8757 = EDGE_CURVE('',#8758,#8758,#8760,.T.);
#8758 = VERTEX_POINT('',#8759);
#8759 = CARTESIAN_POINT('',(109.22,-70.454,0.));
#8760 = CIRCLE('',#8761,0.35);
#8761 = AXIS2_PLACEMENT_3D('',#8762,#8763,#8764);
#8762 = CARTESIAN_POINT('',(109.22,-70.104,0.));
#8763 = DIRECTION('',(-0.,0.,-1.));
#8764 = DIRECTION('',(-0.,-1.,0.));
#8765 = FACE_BOUND('',#8766,.F.);
#8766 = EDGE_LOOP('',(#8767));
#8767 = ORIENTED_EDGE('',*,*,#8768,.T.);
#8768 = EDGE_CURVE('',#8769,#8769,#8771,.T.);
#8769 = VERTEX_POINT('',#8770);
#8770 = CARTESIAN_POINT('',(115.316,-81.43,0.));
#8771 = CIRCLE('',#8772,0.15);
#8772 = AXIS2_PLACEMENT_3D('',#8773,#8774,#8775);
#8773 = CARTESIAN_POINT('',(115.316,-81.28,0.));
#8774 = DIRECTION('',(-0.,0.,-1.));
#8775 = DIRECTION('',(-0.,-1.,0.));
#8776 = FACE_BOUND('',#8777,.F.);
#8777 = EDGE_LOOP('',(#8778));
#8778 = ORIENTED_EDGE('',*,*,#8779,.T.);
#8779 = EDGE_CURVE('',#8780,#8780,#8782,.T.);
#8780 = VERTEX_POINT('',#8781);
#8781 = CARTESIAN_POINT('',(118.872,-78.382,0.));
#8782 = CIRCLE('',#8783,0.15);
#8783 = AXIS2_PLACEMENT_3D('',#8784,#8785,#8786);
#8784 = CARTESIAN_POINT('',(118.872,-78.232,0.));
#8785 = DIRECTION('',(-0.,0.,-1.));
#8786 = DIRECTION('',(-0.,-1.,0.));
#8787 = FACE_BOUND('',#8788,.F.);
#8788 = EDGE_LOOP('',(#8789));
#8789 = ORIENTED_EDGE('',*,*,#8790,.T.);
#8790 = EDGE_CURVE('',#8791,#8791,#8793,.T.);
#8791 = VERTEX_POINT('',#8792);
#8792 = CARTESIAN_POINT('',(116.84,-77.874,0.));
#8793 = CIRCLE('',#8794,0.15);
#8794 = AXIS2_PLACEMENT_3D('',#8795,#8796,#8797);
#8795 = CARTESIAN_POINT('',(116.84,-77.724,0.));
#8796 = DIRECTION('',(-0.,0.,-1.));
#8797 = DIRECTION('',(-0.,-1.,0.));
#8798 = FACE_BOUND('',#8799,.F.);
#8799 = EDGE_LOOP('',(#8800));
#8800 = ORIENTED_EDGE('',*,*,#8801,.T.);
#8801 = EDGE_CURVE('',#8802,#8802,#8804,.T.);
#8802 = VERTEX_POINT('',#8803);
#8803 = CARTESIAN_POINT('',(120.9,-82.446,0.));
#8804 = CIRCLE('',#8805,0.15);
#8805 = AXIS2_PLACEMENT_3D('',#8806,#8807,#8808);
#8806 = CARTESIAN_POINT('',(120.9,-82.296,0.));
#8807 = DIRECTION('',(-0.,0.,-1.));
#8808 = DIRECTION('',(-0.,-1.,0.));
#8809 = FACE_BOUND('',#8810,.F.);
#8810 = EDGE_LOOP('',(#8811));
#8811 = ORIENTED_EDGE('',*,*,#8812,.T.);
#8812 = EDGE_CURVE('',#8813,#8813,#8815,.T.);
#8813 = VERTEX_POINT('',#8814);
#8814 = CARTESIAN_POINT('',(122.936,-80.414,0.));
#8815 = CIRCLE('',#8816,0.15);
#8816 = AXIS2_PLACEMENT_3D('',#8817,#8818,#8819);
#8817 = CARTESIAN_POINT('',(122.936,-80.264,0.));
#8818 = DIRECTION('',(-0.,0.,-1.));
#8819 = DIRECTION('',(-0.,-1.,0.));
#8820 = FACE_BOUND('',#8821,.F.);
#8821 = EDGE_LOOP('',(#8822));
#8822 = ORIENTED_EDGE('',*,*,#8823,.T.);
#8823 = EDGE_CURVE('',#8824,#8824,#8826,.T.);
#8824 = VERTEX_POINT('',#8825);
#8825 = CARTESIAN_POINT('',(127.508,-81.78,0.));
#8826 = CIRCLE('',#8827,0.5);
#8827 = AXIS2_PLACEMENT_3D('',#8828,#8829,#8830);
#8828 = CARTESIAN_POINT('',(127.508,-81.28,0.));
#8829 = DIRECTION('',(-0.,0.,-1.));
#8830 = DIRECTION('',(-2.84217094304E-14,-1.,0.));
#8831 = FACE_BOUND('',#8832,.F.);
#8832 = EDGE_LOOP('',(#8833));
#8833 = ORIENTED_EDGE('',*,*,#8834,.T.);
#8834 = EDGE_CURVE('',#8835,#8835,#8837,.T.);
#8835 = VERTEX_POINT('',#8836);
#8836 = CARTESIAN_POINT('',(127.508,-79.24,0.));
#8837 = CIRCLE('',#8838,0.5);
#8838 = AXIS2_PLACEMENT_3D('',#8839,#8840,#8841);
#8839 = CARTESIAN_POINT('',(127.508,-78.74,0.));
#8840 = DIRECTION('',(-0.,0.,-1.));
#8841 = DIRECTION('',(-2.84217094304E-14,-1.,0.));
#8842 = FACE_BOUND('',#8843,.F.);
#8843 = EDGE_LOOP('',(#8844));
#8844 = ORIENTED_EDGE('',*,*,#8845,.T.);
#8845 = EDGE_CURVE('',#8846,#8846,#8848,.T.);
#8846 = VERTEX_POINT('',#8847);
#8847 = CARTESIAN_POINT('',(127.508,-76.7,0.));
#8848 = CIRCLE('',#8849,0.5);
#8849 = AXIS2_PLACEMENT_3D('',#8850,#8851,#8852);
#8850 = CARTESIAN_POINT('',(127.508,-76.2,0.));
#8851 = DIRECTION('',(-0.,0.,-1.));
#8852 = DIRECTION('',(-2.84217094304E-14,-1.,0.));
#8853 = FACE_BOUND('',#8854,.F.);
#8854 = EDGE_LOOP('',(#8855));
#8855 = ORIENTED_EDGE('',*,*,#8856,.T.);
#8856 = EDGE_CURVE('',#8857,#8857,#8859,.T.);
#8857 = VERTEX_POINT('',#8858);
#8858 = CARTESIAN_POINT('',(127.508,-74.16,0.));
#8859 = CIRCLE('',#8860,0.5);
#8860 = AXIS2_PLACEMENT_3D('',#8861,#8862,#8863);
#8861 = CARTESIAN_POINT('',(127.508,-73.66,0.));
#8862 = DIRECTION('',(-0.,0.,-1.));
#8863 = DIRECTION('',(-2.84217094304E-14,-1.,0.));
#8864 = FACE_BOUND('',#8865,.F.);
#8865 = EDGE_LOOP('',(#8866));
#8866 = ORIENTED_EDGE('',*,*,#8867,.T.);
#8867 = EDGE_CURVE('',#8868,#8868,#8870,.T.);
#8868 = VERTEX_POINT('',#8869);
#8869 = CARTESIAN_POINT('',(126.,-68.6,0.));
#8870 = CIRCLE('',#8871,1.6);
#8871 = AXIS2_PLACEMENT_3D('',#8872,#8873,#8874);
#8872 = CARTESIAN_POINT('',(126.,-67.,0.));
#8873 = DIRECTION('',(-0.,0.,-1.));
#8874 = DIRECTION('',(-0.,-1.,0.));
#8875 = PLANE('',#8876);
#8876 = AXIS2_PLACEMENT_3D('',#8877,#8878,#8879);
#8877 = CARTESIAN_POINT('',(0.,0.,0.));
#8878 = DIRECTION('',(0.,0.,1.));
#8879 = DIRECTION('',(1.,0.,-0.));
#8880 = ADVANCED_FACE('',(#8881,#8927,#8938,#8949,#8960,#8971,#8982,
    #8993,#9004,#9015,#9026,#9037,#9048,#9059,#9070,#9081,#9092,#9103,
    #9114,#9125,#9136,#9147,#9158,#9169,#9180,#9191,#9202,#9213,#9224,
    #9235,#9246,#9257,#9268,#9279,#9290,#9301,#9312,#9323,#9334,#9345),
  #9356,.T.);
#8881 = FACE_BOUND('',#8882,.T.);
#8882 = EDGE_LOOP('',(#8883,#8884,#8885,#8894,#8902,#8911,#8919,#8926));
#8883 = ORIENTED_EDGE('',*,*,#8309,.F.);
#8884 = ORIENTED_EDGE('',*,*,#8351,.F.);
#8885 = ORIENTED_EDGE('',*,*,#8886,.F.);
#8886 = EDGE_CURVE('',#8887,#8344,#8889,.T.);
#8887 = VERTEX_POINT('',#8888);
#8888 = CARTESIAN_POINT('',(92.106786,-69.360358,1.51));
#8889 = CIRCLE('',#8890,7.578565693666);
#8890 = AXIS2_PLACEMENT_3D('',#8891,#8892,#8893);
#8891 = CARTESIAN_POINT('',(99.685351693664,-69.36035169365,1.51));
#8892 = DIRECTION('',(0.,0.,-1.));
#8893 = DIRECTION('',(-1.,-8.321296334452E-07,-0.));
#8894 = ORIENTED_EDGE('',*,*,#8895,.F.);
#8895 = EDGE_CURVE('',#8896,#8887,#8898,.T.);
#8896 = VERTEX_POINT('',#8897);
#8897 = CARTESIAN_POINT('',(92.106786,-94.609642,1.51));
#8898 = LINE('',#8899,#8900);
#8899 = CARTESIAN_POINT('',(92.106786,-94.609642,1.51));
#8900 = VECTOR('',#8901,1.);
#8901 = DIRECTION('',(0.,1.,0.));
#8902 = ORIENTED_EDGE('',*,*,#8903,.F.);
#8903 = EDGE_CURVE('',#8904,#8896,#8906,.T.);
#8904 = VERTEX_POINT('',#8905);
#8905 = CARTESIAN_POINT('',(99.685367,-102.188214,1.51));
#8906 = CIRCLE('',#8907,7.578586178943);
#8907 = AXIS2_PLACEMENT_3D('',#8908,#8909,#8910);
#8908 = CARTESIAN_POINT('',(99.685372178929,-94.60962782105,1.51));
#8909 = DIRECTION('',(0.,0.,-1.));
#8910 = DIRECTION('',(-6.833635162745E-07,-1.,-0.));
#8911 = ORIENTED_EDGE('',*,*,#8912,.F.);
#8912 = EDGE_CURVE('',#8913,#8904,#8915,.T.);
#8913 = VERTEX_POINT('',#8914);
#8914 = CARTESIAN_POINT('',(124.694633,-102.188214,1.51));
#8915 = LINE('',#8916,#8917);
#8916 = CARTESIAN_POINT('',(124.694633,-102.188214,1.51));
#8917 = VECTOR('',#8918,1.);
#8918 = DIRECTION('',(-1.,0.,0.));
#8919 = ORIENTED_EDGE('',*,*,#8920,.F.);
#8920 = EDGE_CURVE('',#8374,#8913,#8921,.T.);
#8921 = CIRCLE('',#8922,7.578565693666);
#8922 = AXIS2_PLACEMENT_3D('',#8923,#8924,#8925);
#8923 = CARTESIAN_POINT('',(124.69464830633,-94.60964830634,1.51));
#8924 = DIRECTION('',(0.,0.,-1.));
#8925 = DIRECTION('',(1.,8.3212963157E-07,0.));
#8926 = ORIENTED_EDGE('',*,*,#8373,.F.);
#8927 = FACE_BOUND('',#8928,.T.);
#8928 = EDGE_LOOP('',(#8929));
#8929 = ORIENTED_EDGE('',*,*,#8930,.T.);
#8930 = EDGE_CURVE('',#8931,#8931,#8933,.T.);
#8931 = VERTEX_POINT('',#8932);
#8932 = CARTESIAN_POINT('',(98.,-98.6,1.51));
#8933 = CIRCLE('',#8934,1.6);
#8934 = AXIS2_PLACEMENT_3D('',#8935,#8936,#8937);
#8935 = CARTESIAN_POINT('',(98.,-97.,1.51));
#8936 = DIRECTION('',(-0.,0.,-1.));
#8937 = DIRECTION('',(-0.,-1.,0.));
#8938 = FACE_BOUND('',#8939,.T.);
#8939 = EDGE_LOOP('',(#8940));
#8940 = ORIENTED_EDGE('',*,*,#8941,.T.);
#8941 = EDGE_CURVE('',#8942,#8942,#8944,.T.);
#8942 = VERTEX_POINT('',#8943);
#8943 = CARTESIAN_POINT('',(95.504,-91.59,1.51));
#8944 = CIRCLE('',#8945,0.15);
#8945 = AXIS2_PLACEMENT_3D('',#8946,#8947,#8948);
#8946 = CARTESIAN_POINT('',(95.504,-91.44,1.51));
#8947 = DIRECTION('',(-0.,0.,-1.));
#8948 = DIRECTION('',(9.473903143468E-14,-1.,-0.));
#8949 = FACE_BOUND('',#8950,.T.);
#8950 = EDGE_LOOP('',(#8951));
#8951 = ORIENTED_EDGE('',*,*,#8952,.T.);
#8952 = EDGE_CURVE('',#8953,#8953,#8955,.T.);
#8953 = VERTEX_POINT('',#8954);
#8954 = CARTESIAN_POINT('',(99.568,-93.114,1.51));
#8955 = CIRCLE('',#8956,0.15);
#8956 = AXIS2_PLACEMENT_3D('',#8957,#8958,#8959);
#8957 = CARTESIAN_POINT('',(99.568,-92.964,1.51));
#8958 = DIRECTION('',(-0.,0.,-1.));
#8959 = DIRECTION('',(-9.473903143469E-14,-1.,0.));
#8960 = FACE_BOUND('',#8961,.T.);
#8961 = EDGE_LOOP('',(#8962));
#8962 = ORIENTED_EDGE('',*,*,#8963,.T.);
#8963 = EDGE_CURVE('',#8964,#8964,#8966,.T.);
#8964 = VERTEX_POINT('',#8965);
#8965 = CARTESIAN_POINT('',(109.754,-99.236,1.51));
#8966 = CIRCLE('',#8967,0.15);
#8967 = AXIS2_PLACEMENT_3D('',#8968,#8969,#8970);
#8968 = CARTESIAN_POINT('',(109.754,-99.086,1.51));
#8969 = DIRECTION('',(-0.,0.,-1.));
#8970 = DIRECTION('',(9.473903143467E-14,-1.,-0.));
#8971 = FACE_BOUND('',#8972,.T.);
#8972 = EDGE_LOOP('',(#8973));
#8973 = ORIENTED_EDGE('',*,*,#8974,.T.);
#8974 = EDGE_CURVE('',#8975,#8975,#8977,.T.);
#8975 = VERTEX_POINT('',#8976);
#8976 = CARTESIAN_POINT('',(104.14,-95.146,1.51));
#8977 = CIRCLE('',#8978,0.15);
#8978 = AXIS2_PLACEMENT_3D('',#8979,#8980,#8981);
#8979 = CARTESIAN_POINT('',(104.14,-94.996,1.51));
#8980 = DIRECTION('',(-0.,0.,-1.));
#8981 = DIRECTION('',(-0.,-1.,0.));
#8982 = FACE_BOUND('',#8983,.T.);
#8983 = EDGE_LOOP('',(#8984));
#8984 = ORIENTED_EDGE('',*,*,#8985,.T.);
#8985 = EDGE_CURVE('',#8986,#8986,#8988,.T.);
#8986 = VERTEX_POINT('',#8987);
#8987 = CARTESIAN_POINT('',(109.22,-92.098,1.51));
#8988 = CIRCLE('',#8989,0.15);
#8989 = AXIS2_PLACEMENT_3D('',#8990,#8991,#8992);
#8990 = CARTESIAN_POINT('',(109.22,-91.948,1.51));
#8991 = DIRECTION('',(-0.,0.,-1.));
#8992 = DIRECTION('',(-0.,-1.,0.));
#8993 = FACE_BOUND('',#8994,.T.);
#8994 = EDGE_LOOP('',(#8995));
#8995 = ORIENTED_EDGE('',*,*,#8996,.T.);
#8996 = EDGE_CURVE('',#8997,#8997,#8999,.T.);
#8997 = VERTEX_POINT('',#8998);
#8998 = CARTESIAN_POINT('',(96.012,-87.018,1.51));
#8999 = CIRCLE('',#9000,0.15);
#9000 = AXIS2_PLACEMENT_3D('',#9001,#9002,#9003);
#9001 = CARTESIAN_POINT('',(96.012,-86.868,1.51));
#9002 = DIRECTION('',(-0.,0.,-1.));
#9003 = DIRECTION('',(-0.,-1.,0.));
#9004 = FACE_BOUND('',#9005,.T.);
#9005 = EDGE_LOOP('',(#9006));
#9006 = ORIENTED_EDGE('',*,*,#9007,.T.);
#9007 = EDGE_CURVE('',#9008,#9008,#9010,.T.);
#9008 = VERTEX_POINT('',#9009);
#9009 = CARTESIAN_POINT('',(102.108,-85.055,1.51));
#9010 = CIRCLE('',#9011,0.15);
#9011 = AXIS2_PLACEMENT_3D('',#9012,#9013,#9014);
#9012 = CARTESIAN_POINT('',(102.108,-84.905,1.51));
#9013 = DIRECTION('',(-0.,0.,-1.));
#9014 = DIRECTION('',(-0.,-1.,0.));
#9015 = FACE_BOUND('',#9016,.T.);
#9016 = EDGE_LOOP('',(#9017));
#9017 = ORIENTED_EDGE('',*,*,#9018,.T.);
#9018 = EDGE_CURVE('',#9019,#9019,#9021,.T.);
#9019 = VERTEX_POINT('',#9020);
#9020 = CARTESIAN_POINT('',(103.124,-83.97,1.51));
#9021 = CIRCLE('',#9022,0.15);
#9022 = AXIS2_PLACEMENT_3D('',#9023,#9024,#9025);
#9023 = CARTESIAN_POINT('',(103.124,-83.82,1.51));
#9024 = DIRECTION('',(-0.,0.,-1.));
#9025 = DIRECTION('',(-0.,-1.,0.));
#9026 = FACE_BOUND('',#9027,.T.);
#9027 = EDGE_LOOP('',(#9028));
#9028 = ORIENTED_EDGE('',*,*,#9029,.T.);
#9029 = EDGE_CURVE('',#9030,#9030,#9032,.T.);
#9030 = VERTEX_POINT('',#9031);
#9031 = CARTESIAN_POINT('',(104.14,-89.05,1.51));
#9032 = CIRCLE('',#9033,0.15);
#9033 = AXIS2_PLACEMENT_3D('',#9034,#9035,#9036);
#9034 = CARTESIAN_POINT('',(104.14,-88.9,1.51));
#9035 = DIRECTION('',(-0.,0.,-1.));
#9036 = DIRECTION('',(-0.,-1.,0.));
#9037 = FACE_BOUND('',#9038,.T.);
#9038 = EDGE_LOOP('',(#9039));
#9039 = ORIENTED_EDGE('',*,*,#9040,.T.);
#9040 = EDGE_CURVE('',#9041,#9041,#9043,.T.);
#9041 = VERTEX_POINT('',#9042);
#9042 = CARTESIAN_POINT('',(104.14,-87.526,1.51));
#9043 = CIRCLE('',#9044,0.15);
#9044 = AXIS2_PLACEMENT_3D('',#9045,#9046,#9047);
#9045 = CARTESIAN_POINT('',(104.14,-87.376,1.51));
#9046 = DIRECTION('',(-0.,0.,-1.));
#9047 = DIRECTION('',(-0.,-1.,0.));
#9048 = FACE_BOUND('',#9049,.T.);
#9049 = EDGE_LOOP('',(#9050));
#9050 = ORIENTED_EDGE('',*,*,#9051,.T.);
#9051 = EDGE_CURVE('',#9052,#9052,#9054,.T.);
#9052 = VERTEX_POINT('',#9053);
#9053 = CARTESIAN_POINT('',(108.712,-87.018,1.51));
#9054 = CIRCLE('',#9055,0.15);
#9055 = AXIS2_PLACEMENT_3D('',#9056,#9057,#9058);
#9056 = CARTESIAN_POINT('',(108.712,-86.868,1.51));
#9057 = DIRECTION('',(-0.,0.,-1.));
#9058 = DIRECTION('',(9.473903143468E-14,-1.,-0.));
#9059 = FACE_BOUND('',#9060,.T.);
#9060 = EDGE_LOOP('',(#9061));
#9061 = ORIENTED_EDGE('',*,*,#9062,.T.);
#9062 = EDGE_CURVE('',#9063,#9063,#9065,.T.);
#9063 = VERTEX_POINT('',#9064);
#9064 = CARTESIAN_POINT('',(109.712,-83.785,1.51));
#9065 = CIRCLE('',#9066,0.15);
#9066 = AXIS2_PLACEMENT_3D('',#9067,#9068,#9069);
#9067 = CARTESIAN_POINT('',(109.712,-83.635,1.51));
#9068 = DIRECTION('',(-0.,0.,-1.));
#9069 = DIRECTION('',(9.473903143468E-14,-1.,-0.));
#9070 = FACE_BOUND('',#9071,.T.);
#9071 = EDGE_LOOP('',(#9072));
#9072 = ORIENTED_EDGE('',*,*,#9073,.T.);
#9073 = EDGE_CURVE('',#9074,#9074,#9076,.T.);
#9074 = VERTEX_POINT('',#9075);
#9075 = CARTESIAN_POINT('',(112.776,-97.686,1.51));
#9076 = CIRCLE('',#9077,0.15);
#9077 = AXIS2_PLACEMENT_3D('',#9078,#9079,#9080);
#9078 = CARTESIAN_POINT('',(112.776,-97.536,1.51));
#9079 = DIRECTION('',(-0.,0.,-1.));
#9080 = DIRECTION('',(-9.473903143469E-14,-1.,0.));
#9081 = FACE_BOUND('',#9082,.T.);
#9082 = EDGE_LOOP('',(#9083));
#9083 = ORIENTED_EDGE('',*,*,#9084,.T.);
#9084 = EDGE_CURVE('',#9085,#9085,#9087,.T.);
#9085 = VERTEX_POINT('',#9086);
#9086 = CARTESIAN_POINT('',(120.904,-97.686,1.51));
#9087 = CIRCLE('',#9088,0.15);
#9088 = AXIS2_PLACEMENT_3D('',#9089,#9090,#9091);
#9089 = CARTESIAN_POINT('',(120.904,-97.536,1.51));
#9090 = DIRECTION('',(-0.,0.,-1.));
#9091 = DIRECTION('',(-0.,-1.,0.));
#9092 = FACE_BOUND('',#9093,.T.);
#9093 = EDGE_LOOP('',(#9094));
#9094 = ORIENTED_EDGE('',*,*,#9095,.T.);
#9095 = EDGE_CURVE('',#9096,#9096,#9098,.T.);
#9096 = VERTEX_POINT('',#9097);
#9097 = CARTESIAN_POINT('',(127.,-98.6,1.51));
#9098 = CIRCLE('',#9099,1.6);
#9099 = AXIS2_PLACEMENT_3D('',#9100,#9101,#9102);
#9100 = CARTESIAN_POINT('',(127.,-97.,1.51));
#9101 = DIRECTION('',(-0.,0.,-1.));
#9102 = DIRECTION('',(-0.,-1.,0.));
#9103 = FACE_BOUND('',#9104,.T.);
#9104 = EDGE_LOOP('',(#9105));
#9105 = ORIENTED_EDGE('',*,*,#9106,.T.);
#9106 = EDGE_CURVE('',#9107,#9107,#9109,.T.);
#9107 = VERTEX_POINT('',#9108);
#9108 = CARTESIAN_POINT('',(121.412,-91.082,1.51));
#9109 = CIRCLE('',#9110,0.15);
#9110 = AXIS2_PLACEMENT_3D('',#9111,#9112,#9113);
#9111 = CARTESIAN_POINT('',(121.412,-90.932,1.51));
#9112 = DIRECTION('',(-0.,0.,-1.));
#9113 = DIRECTION('',(-0.,-1.,0.));
#9114 = FACE_BOUND('',#9115,.T.);
#9115 = EDGE_LOOP('',(#9116));
#9116 = ORIENTED_EDGE('',*,*,#9117,.T.);
#9117 = EDGE_CURVE('',#9118,#9118,#9120,.T.);
#9118 = VERTEX_POINT('',#9119);
#9119 = CARTESIAN_POINT('',(125.476,-92.098,1.51));
#9120 = CIRCLE('',#9121,0.15);
#9121 = AXIS2_PLACEMENT_3D('',#9122,#9123,#9124);
#9122 = CARTESIAN_POINT('',(125.476,-91.948,1.51));
#9123 = DIRECTION('',(-0.,0.,-1.));
#9124 = DIRECTION('',(-0.,-1.,0.));
#9125 = FACE_BOUND('',#9126,.T.);
#9126 = EDGE_LOOP('',(#9127));
#9127 = ORIENTED_EDGE('',*,*,#9128,.T.);
#9128 = EDGE_CURVE('',#9129,#9129,#9131,.T.);
#9129 = VERTEX_POINT('',#9130);
#9130 = CARTESIAN_POINT('',(115.316,-84.986,1.51));
#9131 = CIRCLE('',#9132,0.15);
#9132 = AXIS2_PLACEMENT_3D('',#9133,#9134,#9135);
#9133 = CARTESIAN_POINT('',(115.316,-84.836,1.51));
#9134 = DIRECTION('',(-0.,0.,-1.));
#9135 = DIRECTION('',(-0.,-1.,0.));
#9136 = FACE_BOUND('',#9137,.T.);
#9137 = EDGE_LOOP('',(#9138));
#9138 = ORIENTED_EDGE('',*,*,#9139,.T.);
#9139 = EDGE_CURVE('',#9140,#9140,#9142,.T.);
#9140 = VERTEX_POINT('',#9141);
#9141 = CARTESIAN_POINT('',(121.92,-87.018,1.51));
#9142 = CIRCLE('',#9143,0.15);
#9143 = AXIS2_PLACEMENT_3D('',#9144,#9145,#9146);
#9144 = CARTESIAN_POINT('',(121.92,-86.868,1.51));
#9145 = DIRECTION('',(-0.,0.,-1.));
#9146 = DIRECTION('',(9.473903143468E-14,-1.,-0.));
#9147 = FACE_BOUND('',#9148,.T.);
#9148 = EDGE_LOOP('',(#9149));
#9149 = ORIENTED_EDGE('',*,*,#9150,.T.);
#9150 = EDGE_CURVE('',#9151,#9151,#9153,.T.);
#9151 = VERTEX_POINT('',#9152);
#9152 = CARTESIAN_POINT('',(127.508,-88.892,1.51));
#9153 = CIRCLE('',#9154,0.5);
#9154 = AXIS2_PLACEMENT_3D('',#9155,#9156,#9157);
#9155 = CARTESIAN_POINT('',(127.508,-88.392,1.51));
#9156 = DIRECTION('',(-0.,0.,-1.));
#9157 = DIRECTION('',(-2.84217094304E-14,-1.,0.));
#9158 = FACE_BOUND('',#9159,.T.);
#9159 = EDGE_LOOP('',(#9160));
#9160 = ORIENTED_EDGE('',*,*,#9161,.T.);
#9161 = EDGE_CURVE('',#9162,#9162,#9164,.T.);
#9162 = VERTEX_POINT('',#9163);
#9163 = CARTESIAN_POINT('',(96.012,-77.208,1.51));
#9164 = CIRCLE('',#9165,0.5);
#9165 = AXIS2_PLACEMENT_3D('',#9166,#9167,#9168);
#9166 = CARTESIAN_POINT('',(96.012,-76.708,1.51));
#9167 = DIRECTION('',(-0.,0.,-1.));
#9168 = DIRECTION('',(-0.,-1.,0.));
#9169 = FACE_BOUND('',#9170,.T.);
#9170 = EDGE_LOOP('',(#9171));
#9171 = ORIENTED_EDGE('',*,*,#9172,.T.);
#9172 = EDGE_CURVE('',#9173,#9173,#9175,.T.);
#9173 = VERTEX_POINT('',#9174);
#9174 = CARTESIAN_POINT('',(96.012,-74.668,1.51));
#9175 = CIRCLE('',#9176,0.5);
#9176 = AXIS2_PLACEMENT_3D('',#9177,#9178,#9179);
#9177 = CARTESIAN_POINT('',(96.012,-74.168,1.51));
#9178 = DIRECTION('',(-0.,0.,-1.));
#9179 = DIRECTION('',(-0.,-1.,0.));
#9180 = FACE_BOUND('',#9181,.T.);
#9181 = EDGE_LOOP('',(#9182));
#9182 = ORIENTED_EDGE('',*,*,#9183,.T.);
#9183 = EDGE_CURVE('',#9184,#9184,#9186,.T.);
#9184 = VERTEX_POINT('',#9185);
#9185 = CARTESIAN_POINT('',(104.14,-76.042,1.51));
#9186 = CIRCLE('',#9187,0.35);
#9187 = AXIS2_PLACEMENT_3D('',#9188,#9189,#9190);
#9188 = CARTESIAN_POINT('',(104.14,-75.692,1.51));
#9189 = DIRECTION('',(-0.,0.,-1.));
#9190 = DIRECTION('',(-0.,-1.,0.));
#9191 = FACE_BOUND('',#9192,.T.);
#9192 = EDGE_LOOP('',(#9193));
#9193 = ORIENTED_EDGE('',*,*,#9194,.T.);
#9194 = EDGE_CURVE('',#9195,#9195,#9197,.T.);
#9195 = VERTEX_POINT('',#9196);
#9196 = CARTESIAN_POINT('',(109.22,-76.042,1.51));
#9197 = CIRCLE('',#9198,0.35);
#9198 = AXIS2_PLACEMENT_3D('',#9199,#9200,#9201);
#9199 = CARTESIAN_POINT('',(109.22,-75.692,1.51));
#9200 = DIRECTION('',(-0.,0.,-1.));
#9201 = DIRECTION('',(-0.,-1.,0.));
#9202 = FACE_BOUND('',#9203,.T.);
#9203 = EDGE_LOOP('',(#9204));
#9204 = ORIENTED_EDGE('',*,*,#9205,.T.);
#9205 = EDGE_CURVE('',#9206,#9206,#9208,.T.);
#9206 = VERTEX_POINT('',#9207);
#9207 = CARTESIAN_POINT('',(102.108,-73.81,1.51));
#9208 = CIRCLE('',#9209,0.15);
#9209 = AXIS2_PLACEMENT_3D('',#9210,#9211,#9212);
#9210 = CARTESIAN_POINT('',(102.108,-73.66,1.51));
#9211 = DIRECTION('',(-0.,0.,-1.));
#9212 = DIRECTION('',(-0.,-1.,0.));
#9213 = FACE_BOUND('',#9214,.T.);
#9214 = EDGE_LOOP('',(#9215));
#9215 = ORIENTED_EDGE('',*,*,#9216,.T.);
#9216 = EDGE_CURVE('',#9217,#9217,#9219,.T.);
#9217 = VERTEX_POINT('',#9218);
#9218 = CARTESIAN_POINT('',(98.,-68.6,1.51));
#9219 = CIRCLE('',#9220,1.6);
#9220 = AXIS2_PLACEMENT_3D('',#9221,#9222,#9223);
#9221 = CARTESIAN_POINT('',(98.,-67.,1.51));
#9222 = DIRECTION('',(-0.,0.,-1.));
#9223 = DIRECTION('',(-0.,-1.,0.));
#9224 = FACE_BOUND('',#9225,.T.);
#9225 = EDGE_LOOP('',(#9226));
#9226 = ORIENTED_EDGE('',*,*,#9227,.T.);
#9227 = EDGE_CURVE('',#9228,#9228,#9230,.T.);
#9228 = VERTEX_POINT('',#9229);
#9229 = CARTESIAN_POINT('',(104.14,-70.454,1.51));
#9230 = CIRCLE('',#9231,0.35);
#9231 = AXIS2_PLACEMENT_3D('',#9232,#9233,#9234);
#9232 = CARTESIAN_POINT('',(104.14,-70.104,1.51));
#9233 = DIRECTION('',(-0.,0.,-1.));
#9234 = DIRECTION('',(-0.,-1.,0.));
#9235 = FACE_BOUND('',#9236,.T.);
#9236 = EDGE_LOOP('',(#9237));
#9237 = ORIENTED_EDGE('',*,*,#9238,.T.);
#9238 = EDGE_CURVE('',#9239,#9239,#9241,.T.);
#9239 = VERTEX_POINT('',#9240);
#9240 = CARTESIAN_POINT('',(109.22,-70.454,1.51));
#9241 = CIRCLE('',#9242,0.35);
#9242 = AXIS2_PLACEMENT_3D('',#9243,#9244,#9245);
#9243 = CARTESIAN_POINT('',(109.22,-70.104,1.51));
#9244 = DIRECTION('',(-0.,0.,-1.));
#9245 = DIRECTION('',(-0.,-1.,0.));
#9246 = FACE_BOUND('',#9247,.T.);
#9247 = EDGE_LOOP('',(#9248));
#9248 = ORIENTED_EDGE('',*,*,#9249,.T.);
#9249 = EDGE_CURVE('',#9250,#9250,#9252,.T.);
#9250 = VERTEX_POINT('',#9251);
#9251 = CARTESIAN_POINT('',(115.316,-81.43,1.51));
#9252 = CIRCLE('',#9253,0.15);
#9253 = AXIS2_PLACEMENT_3D('',#9254,#9255,#9256);
#9254 = CARTESIAN_POINT('',(115.316,-81.28,1.51));
#9255 = DIRECTION('',(-0.,0.,-1.));
#9256 = DIRECTION('',(-0.,-1.,0.));
#9257 = FACE_BOUND('',#9258,.T.);
#9258 = EDGE_LOOP('',(#9259));
#9259 = ORIENTED_EDGE('',*,*,#9260,.T.);
#9260 = EDGE_CURVE('',#9261,#9261,#9263,.T.);
#9261 = VERTEX_POINT('',#9262);
#9262 = CARTESIAN_POINT('',(118.872,-78.382,1.51));
#9263 = CIRCLE('',#9264,0.15);
#9264 = AXIS2_PLACEMENT_3D('',#9265,#9266,#9267);
#9265 = CARTESIAN_POINT('',(118.872,-78.232,1.51));
#9266 = DIRECTION('',(-0.,0.,-1.));
#9267 = DIRECTION('',(-0.,-1.,0.));
#9268 = FACE_BOUND('',#9269,.T.);
#9269 = EDGE_LOOP('',(#9270));
#9270 = ORIENTED_EDGE('',*,*,#9271,.T.);
#9271 = EDGE_CURVE('',#9272,#9272,#9274,.T.);
#9272 = VERTEX_POINT('',#9273);
#9273 = CARTESIAN_POINT('',(116.84,-77.874,1.51));
#9274 = CIRCLE('',#9275,0.15);
#9275 = AXIS2_PLACEMENT_3D('',#9276,#9277,#9278);
#9276 = CARTESIAN_POINT('',(116.84,-77.724,1.51));
#9277 = DIRECTION('',(-0.,0.,-1.));
#9278 = DIRECTION('',(-0.,-1.,0.));
#9279 = FACE_BOUND('',#9280,.T.);
#9280 = EDGE_LOOP('',(#9281));
#9281 = ORIENTED_EDGE('',*,*,#9282,.T.);
#9282 = EDGE_CURVE('',#9283,#9283,#9285,.T.);
#9283 = VERTEX_POINT('',#9284);
#9284 = CARTESIAN_POINT('',(120.9,-82.446,1.51));
#9285 = CIRCLE('',#9286,0.15);
#9286 = AXIS2_PLACEMENT_3D('',#9287,#9288,#9289);
#9287 = CARTESIAN_POINT('',(120.9,-82.296,1.51));
#9288 = DIRECTION('',(-0.,0.,-1.));
#9289 = DIRECTION('',(-0.,-1.,0.));
#9290 = FACE_BOUND('',#9291,.T.);
#9291 = EDGE_LOOP('',(#9292));
#9292 = ORIENTED_EDGE('',*,*,#9293,.T.);
#9293 = EDGE_CURVE('',#9294,#9294,#9296,.T.);
#9294 = VERTEX_POINT('',#9295);
#9295 = CARTESIAN_POINT('',(122.936,-80.414,1.51));
#9296 = CIRCLE('',#9297,0.15);
#9297 = AXIS2_PLACEMENT_3D('',#9298,#9299,#9300);
#9298 = CARTESIAN_POINT('',(122.936,-80.264,1.51));
#9299 = DIRECTION('',(-0.,0.,-1.));
#9300 = DIRECTION('',(-0.,-1.,0.));
#9301 = FACE_BOUND('',#9302,.T.);
#9302 = EDGE_LOOP('',(#9303));
#9303 = ORIENTED_EDGE('',*,*,#9304,.T.);
#9304 = EDGE_CURVE('',#9305,#9305,#9307,.T.);
#9305 = VERTEX_POINT('',#9306);
#9306 = CARTESIAN_POINT('',(127.508,-81.78,1.51));
#9307 = CIRCLE('',#9308,0.5);
#9308 = AXIS2_PLACEMENT_3D('',#9309,#9310,#9311);
#9309 = CARTESIAN_POINT('',(127.508,-81.28,1.51));
#9310 = DIRECTION('',(-0.,0.,-1.));
#9311 = DIRECTION('',(-2.84217094304E-14,-1.,0.));
#9312 = FACE_BOUND('',#9313,.T.);
#9313 = EDGE_LOOP('',(#9314));
#9314 = ORIENTED_EDGE('',*,*,#9315,.T.);
#9315 = EDGE_CURVE('',#9316,#9316,#9318,.T.);
#9316 = VERTEX_POINT('',#9317);
#9317 = CARTESIAN_POINT('',(127.508,-79.24,1.51));
#9318 = CIRCLE('',#9319,0.5);
#9319 = AXIS2_PLACEMENT_3D('',#9320,#9321,#9322);
#9320 = CARTESIAN_POINT('',(127.508,-78.74,1.51));
#9321 = DIRECTION('',(-0.,0.,-1.));
#9322 = DIRECTION('',(-2.84217094304E-14,-1.,0.));
#9323 = FACE_BOUND('',#9324,.T.);
#9324 = EDGE_LOOP('',(#9325));
#9325 = ORIENTED_EDGE('',*,*,#9326,.T.);
#9326 = EDGE_CURVE('',#9327,#9327,#9329,.T.);
#9327 = VERTEX_POINT('',#9328);
#9328 = CARTESIAN_POINT('',(127.508,-76.7,1.51));
#9329 = CIRCLE('',#9330,0.5);
#9330 = AXIS2_PLACEMENT_3D('',#9331,#9332,#9333);
#9331 = CARTESIAN_POINT('',(127.508,-76.2,1.51));
#9332 = DIRECTION('',(-0.,0.,-1.));
#9333 = DIRECTION('',(-2.84217094304E-14,-1.,0.));
#9334 = FACE_BOUND('',#9335,.T.);
#9335 = EDGE_LOOP('',(#9336));
#9336 = ORIENTED_EDGE('',*,*,#9337,.T.);
#9337 = EDGE_CURVE('',#9338,#9338,#9340,.T.);
#9338 = VERTEX_POINT('',#9339);
#9339 = CARTESIAN_POINT('',(127.508,-74.16,1.51));
#9340 = CIRCLE('',#9341,0.5);
#9341 = AXIS2_PLACEMENT_3D('',#9342,#9343,#9344);
#9342 = CARTESIAN_POINT('',(127.508,-73.66,1.51));
#9343 = DIRECTION('',(-0.,0.,-1.));
#9344 = DIRECTION('',(-2.84217094304E-14,-1.,0.));
#9345 = FACE_BOUND('',#9346,.T.);
#9346 = EDGE_LOOP('',(#9347));
#9347 = ORIENTED_EDGE('',*,*,#9348,.T.);
#9348 = EDGE_CURVE('',#9349,#9349,#9351,.T.);
#9349 = VERTEX_POINT('',#9350);
#9350 = CARTESIAN_POINT('',(126.,-68.6,1.51));
#9351 = CIRCLE('',#9352,1.6);
#9352 = AXIS2_PLACEMENT_3D('',#9353,#9354,#9355);
#9353 = CARTESIAN_POINT('',(126.,-67.,1.51));
#9354 = DIRECTION('',(-0.,0.,-1.));
#9355 = DIRECTION('',(-0.,-1.,0.));
#9356 = PLANE('',#9357);
#9357 = AXIS2_PLACEMENT_3D('',#9358,#9359,#9360);
#9358 = CARTESIAN_POINT('',(0.,0.,1.51));
#9359 = DIRECTION('',(0.,0.,1.));
#9360 = DIRECTION('',(1.,0.,-0.));
#9361 = ADVANCED_FACE('',(#9362),#9373,.T.);
#9362 = FACE_BOUND('',#9363,.T.);
#9363 = EDGE_LOOP('',(#9364,#9370,#9371,#9372));
#9364 = ORIENTED_EDGE('',*,*,#9365,.T.);
#9365 = EDGE_CURVE('',#8406,#8887,#9366,.T.);
#9366 = LINE('',#9367,#9368);
#9367 = CARTESIAN_POINT('',(92.106786,-69.360358,0.));
#9368 = VECTOR('',#9369,1.);
#9369 = DIRECTION('',(0.,0.,1.));
#9370 = ORIENTED_EDGE('',*,*,#8886,.T.);
#9371 = ORIENTED_EDGE('',*,*,#8341,.F.);
#9372 = ORIENTED_EDGE('',*,*,#8405,.F.);
#9373 = CYLINDRICAL_SURFACE('',#9374,7.578565693666);
#9374 = AXIS2_PLACEMENT_3D('',#9375,#9376,#9377);
#9375 = CARTESIAN_POINT('',(99.685351693664,-69.36035169365,0.));
#9376 = DIRECTION('',(0.,0.,-1.));
#9377 = DIRECTION('',(-1.,-8.321296334452E-07,-0.));
#9378 = ADVANCED_FACE('',(#9379),#9390,.T.);
#9379 = FACE_BOUND('',#9380,.T.);
#9380 = EDGE_LOOP('',(#9381,#9382,#9383,#9389));
#9381 = ORIENTED_EDGE('',*,*,#8381,.T.);
#9382 = ORIENTED_EDGE('',*,*,#8920,.T.);
#9383 = ORIENTED_EDGE('',*,*,#9384,.F.);
#9384 = EDGE_CURVE('',#8432,#8913,#9385,.T.);
#9385 = LINE('',#9386,#9387);
#9386 = CARTESIAN_POINT('',(124.694633,-102.188214,0.));
#9387 = VECTOR('',#9388,1.);
#9388 = DIRECTION('',(0.,0.,1.));
#9389 = ORIENTED_EDGE('',*,*,#8439,.F.);
#9390 = CYLINDRICAL_SURFACE('',#9391,7.578565693666);
#9391 = AXIS2_PLACEMENT_3D('',#9392,#9393,#9394);
#9392 = CARTESIAN_POINT('',(124.69464830633,-94.60964830634,0.));
#9393 = DIRECTION('',(0.,0.,-1.));
#9394 = DIRECTION('',(1.,8.3212963157E-07,0.));
#9395 = ADVANCED_FACE('',(#9396),#9407,.T.);
#9396 = FACE_BOUND('',#9397,.T.);
#9397 = EDGE_LOOP('',(#9398,#9404,#9405,#9406));
#9398 = ORIENTED_EDGE('',*,*,#9399,.T.);
#9399 = EDGE_CURVE('',#8415,#8896,#9400,.T.);
#9400 = LINE('',#9401,#9402);
#9401 = CARTESIAN_POINT('',(92.106786,-94.609642,0.));
#9402 = VECTOR('',#9403,1.);
#9403 = DIRECTION('',(0.,0.,1.));
#9404 = ORIENTED_EDGE('',*,*,#8895,.T.);
#9405 = ORIENTED_EDGE('',*,*,#9365,.F.);
#9406 = ORIENTED_EDGE('',*,*,#8414,.F.);
#9407 = PLANE('',#9408);
#9408 = AXIS2_PLACEMENT_3D('',#9409,#9410,#9411);
#9409 = CARTESIAN_POINT('',(92.106786,-94.609642,0.));
#9410 = DIRECTION('',(-1.,0.,0.));
#9411 = DIRECTION('',(0.,1.,0.));
#9412 = ADVANCED_FACE('',(#9413),#9424,.T.);
#9413 = FACE_BOUND('',#9414,.T.);
#9414 = EDGE_LOOP('',(#9415,#9416,#9417,#9423));
#9415 = ORIENTED_EDGE('',*,*,#9384,.T.);
#9416 = ORIENTED_EDGE('',*,*,#8912,.T.);
#9417 = ORIENTED_EDGE('',*,*,#9418,.F.);
#9418 = EDGE_CURVE('',#8423,#8904,#9419,.T.);
#9419 = LINE('',#9420,#9421);
#9420 = CARTESIAN_POINT('',(99.685367,-102.188214,0.));
#9421 = VECTOR('',#9422,1.);
#9422 = DIRECTION('',(0.,0.,1.));
#9423 = ORIENTED_EDGE('',*,*,#8431,.F.);
#9424 = PLANE('',#9425);
#9425 = AXIS2_PLACEMENT_3D('',#9426,#9427,#9428);
#9426 = CARTESIAN_POINT('',(124.694633,-102.188214,0.));
#9427 = DIRECTION('',(0.,-1.,0.));
#9428 = DIRECTION('',(-1.,0.,0.));
#9429 = ADVANCED_FACE('',(#9430),#9436,.T.);
#9430 = FACE_BOUND('',#9431,.T.);
#9431 = EDGE_LOOP('',(#9432,#9433,#9434,#9435));
#9432 = ORIENTED_EDGE('',*,*,#9418,.T.);
#9433 = ORIENTED_EDGE('',*,*,#8903,.T.);
#9434 = ORIENTED_EDGE('',*,*,#9399,.F.);
#9435 = ORIENTED_EDGE('',*,*,#8422,.F.);
#9436 = CYLINDRICAL_SURFACE('',#9437,7.578586178943);
#9437 = AXIS2_PLACEMENT_3D('',#9438,#9439,#9440);
#9438 = CARTESIAN_POINT('',(99.685372178929,-94.60962782105,0.));
#9439 = DIRECTION('',(0.,0.,-1.));
#9440 = DIRECTION('',(-6.833635162745E-07,-1.,-0.));
#9441 = ADVANCED_FACE('',(#9442),#9453,.F.);
#9442 = FACE_BOUND('',#9443,.T.);
#9443 = EDGE_LOOP('',(#9444,#9445,#9451,#9452));
#9444 = ORIENTED_EDGE('',*,*,#8449,.T.);
#9445 = ORIENTED_EDGE('',*,*,#9446,.T.);
#9446 = EDGE_CURVE('',#8450,#8931,#9447,.T.);
#9447 = LINE('',#9448,#9449);
#9448 = CARTESIAN_POINT('',(98.,-98.6,-4.6E-02));
#9449 = VECTOR('',#9450,1.);
#9450 = DIRECTION('',(0.,0.,1.));
#9451 = ORIENTED_EDGE('',*,*,#8930,.F.);
#9452 = ORIENTED_EDGE('',*,*,#9446,.F.);
#9453 = CYLINDRICAL_SURFACE('',#9454,1.6);
#9454 = AXIS2_PLACEMENT_3D('',#9455,#9456,#9457);
#9455 = CARTESIAN_POINT('',(98.,-97.,-4.6E-02));
#9456 = DIRECTION('',(-0.,-0.,-1.));
#9457 = DIRECTION('',(-0.,-1.,0.));
#9458 = ADVANCED_FACE('',(#9459),#9470,.F.);
#9459 = FACE_BOUND('',#9460,.T.);
#9460 = EDGE_LOOP('',(#9461,#9462,#9468,#9469));
#9461 = ORIENTED_EDGE('',*,*,#8460,.T.);
#9462 = ORIENTED_EDGE('',*,*,#9463,.T.);
#9463 = EDGE_CURVE('',#8461,#8942,#9464,.T.);
#9464 = LINE('',#9465,#9466);
#9465 = CARTESIAN_POINT('',(95.504,-91.59,-3.6E-02));
#9466 = VECTOR('',#9467,1.);
#9467 = DIRECTION('',(0.,0.,1.));
#9468 = ORIENTED_EDGE('',*,*,#8941,.F.);
#9469 = ORIENTED_EDGE('',*,*,#9463,.F.);
#9470 = CYLINDRICAL_SURFACE('',#9471,0.15);
#9471 = AXIS2_PLACEMENT_3D('',#9472,#9473,#9474);
#9472 = CARTESIAN_POINT('',(95.504,-91.44,-3.6E-02));
#9473 = DIRECTION('',(-0.,0.,-1.));
#9474 = DIRECTION('',(9.473903143468E-14,-1.,-0.));
#9475 = ADVANCED_FACE('',(#9476),#9487,.F.);
#9476 = FACE_BOUND('',#9477,.T.);
#9477 = EDGE_LOOP('',(#9478,#9479,#9485,#9486));
#9478 = ORIENTED_EDGE('',*,*,#8471,.T.);
#9479 = ORIENTED_EDGE('',*,*,#9480,.T.);
#9480 = EDGE_CURVE('',#8472,#8953,#9481,.T.);
#9481 = LINE('',#9482,#9483);
#9482 = CARTESIAN_POINT('',(99.568,-93.114,-3.6E-02));
#9483 = VECTOR('',#9484,1.);
#9484 = DIRECTION('',(0.,0.,1.));
#9485 = ORIENTED_EDGE('',*,*,#8952,.F.);
#9486 = ORIENTED_EDGE('',*,*,#9480,.F.);
#9487 = CYLINDRICAL_SURFACE('',#9488,0.15);
#9488 = AXIS2_PLACEMENT_3D('',#9489,#9490,#9491);
#9489 = CARTESIAN_POINT('',(99.568,-92.964,-3.6E-02));
#9490 = DIRECTION('',(-0.,-0.,-1.));
#9491 = DIRECTION('',(-9.473903143469E-14,-1.,0.));
#9492 = ADVANCED_FACE('',(#9493),#9504,.F.);
#9493 = FACE_BOUND('',#9494,.T.);
#9494 = EDGE_LOOP('',(#9495,#9496,#9502,#9503));
#9495 = ORIENTED_EDGE('',*,*,#8482,.T.);
#9496 = ORIENTED_EDGE('',*,*,#9497,.T.);
#9497 = EDGE_CURVE('',#8483,#8964,#9498,.T.);
#9498 = LINE('',#9499,#9500);
#9499 = CARTESIAN_POINT('',(109.754,-99.236,-3.6E-02));
#9500 = VECTOR('',#9501,1.);
#9501 = DIRECTION('',(0.,0.,1.));
#9502 = ORIENTED_EDGE('',*,*,#8963,.F.);
#9503 = ORIENTED_EDGE('',*,*,#9497,.F.);
#9504 = CYLINDRICAL_SURFACE('',#9505,0.15);
#9505 = AXIS2_PLACEMENT_3D('',#9506,#9507,#9508);
#9506 = CARTESIAN_POINT('',(109.754,-99.086,-3.6E-02));
#9507 = DIRECTION('',(-0.,0.,-1.));
#9508 = DIRECTION('',(9.473903143467E-14,-1.,-0.));
#9509 = ADVANCED_FACE('',(#9510),#9521,.F.);
#9510 = FACE_BOUND('',#9511,.T.);
#9511 = EDGE_LOOP('',(#9512,#9513,#9519,#9520));
#9512 = ORIENTED_EDGE('',*,*,#8493,.T.);
#9513 = ORIENTED_EDGE('',*,*,#9514,.T.);
#9514 = EDGE_CURVE('',#8494,#8975,#9515,.T.);
#9515 = LINE('',#9516,#9517);
#9516 = CARTESIAN_POINT('',(104.14,-95.146,-3.6E-02));
#9517 = VECTOR('',#9518,1.);
#9518 = DIRECTION('',(0.,0.,1.));
#9519 = ORIENTED_EDGE('',*,*,#8974,.F.);
#9520 = ORIENTED_EDGE('',*,*,#9514,.F.);
#9521 = CYLINDRICAL_SURFACE('',#9522,0.15);
#9522 = AXIS2_PLACEMENT_3D('',#9523,#9524,#9525);
#9523 = CARTESIAN_POINT('',(104.14,-94.996,-3.6E-02));
#9524 = DIRECTION('',(-0.,-0.,-1.));
#9525 = DIRECTION('',(-0.,-1.,0.));
#9526 = ADVANCED_FACE('',(#9527),#9538,.F.);
#9527 = FACE_BOUND('',#9528,.T.);
#9528 = EDGE_LOOP('',(#9529,#9530,#9536,#9537));
#9529 = ORIENTED_EDGE('',*,*,#8504,.T.);
#9530 = ORIENTED_EDGE('',*,*,#9531,.T.);
#9531 = EDGE_CURVE('',#8505,#8986,#9532,.T.);
#9532 = LINE('',#9533,#9534);
#9533 = CARTESIAN_POINT('',(109.22,-92.098,-3.6E-02));
#9534 = VECTOR('',#9535,1.);
#9535 = DIRECTION('',(0.,0.,1.));
#9536 = ORIENTED_EDGE('',*,*,#8985,.F.);
#9537 = ORIENTED_EDGE('',*,*,#9531,.F.);
#9538 = CYLINDRICAL_SURFACE('',#9539,0.15);
#9539 = AXIS2_PLACEMENT_3D('',#9540,#9541,#9542);
#9540 = CARTESIAN_POINT('',(109.22,-91.948,-3.6E-02));
#9541 = DIRECTION('',(-0.,-0.,-1.));
#9542 = DIRECTION('',(-0.,-1.,0.));
#9543 = ADVANCED_FACE('',(#9544),#9555,.F.);
#9544 = FACE_BOUND('',#9545,.T.);
#9545 = EDGE_LOOP('',(#9546,#9547,#9553,#9554));
#9546 = ORIENTED_EDGE('',*,*,#8515,.T.);
#9547 = ORIENTED_EDGE('',*,*,#9548,.T.);
#9548 = EDGE_CURVE('',#8516,#8997,#9549,.T.);
#9549 = LINE('',#9550,#9551);
#9550 = CARTESIAN_POINT('',(96.012,-87.018,-3.6E-02));
#9551 = VECTOR('',#9552,1.);
#9552 = DIRECTION('',(0.,0.,1.));
#9553 = ORIENTED_EDGE('',*,*,#8996,.F.);
#9554 = ORIENTED_EDGE('',*,*,#9548,.F.);
#9555 = CYLINDRICAL_SURFACE('',#9556,0.15);
#9556 = AXIS2_PLACEMENT_3D('',#9557,#9558,#9559);
#9557 = CARTESIAN_POINT('',(96.012,-86.868,-3.6E-02));
#9558 = DIRECTION('',(-0.,-0.,-1.));
#9559 = DIRECTION('',(-0.,-1.,0.));
#9560 = ADVANCED_FACE('',(#9561),#9572,.F.);
#9561 = FACE_BOUND('',#9562,.T.);
#9562 = EDGE_LOOP('',(#9563,#9564,#9570,#9571));
#9563 = ORIENTED_EDGE('',*,*,#8526,.T.);
#9564 = ORIENTED_EDGE('',*,*,#9565,.T.);
#9565 = EDGE_CURVE('',#8527,#9008,#9566,.T.);
#9566 = LINE('',#9567,#9568);
#9567 = CARTESIAN_POINT('',(102.108,-85.055,-3.6E-02));
#9568 = VECTOR('',#9569,1.);
#9569 = DIRECTION('',(0.,0.,1.));
#9570 = ORIENTED_EDGE('',*,*,#9007,.F.);
#9571 = ORIENTED_EDGE('',*,*,#9565,.F.);
#9572 = CYLINDRICAL_SURFACE('',#9573,0.15);
#9573 = AXIS2_PLACEMENT_3D('',#9574,#9575,#9576);
#9574 = CARTESIAN_POINT('',(102.108,-84.905,-3.6E-02));
#9575 = DIRECTION('',(-0.,-0.,-1.));
#9576 = DIRECTION('',(-0.,-1.,0.));
#9577 = ADVANCED_FACE('',(#9578),#9589,.F.);
#9578 = FACE_BOUND('',#9579,.T.);
#9579 = EDGE_LOOP('',(#9580,#9581,#9587,#9588));
#9580 = ORIENTED_EDGE('',*,*,#8537,.T.);
#9581 = ORIENTED_EDGE('',*,*,#9582,.T.);
#9582 = EDGE_CURVE('',#8538,#9019,#9583,.T.);
#9583 = LINE('',#9584,#9585);
#9584 = CARTESIAN_POINT('',(103.124,-83.97,-3.6E-02));
#9585 = VECTOR('',#9586,1.);
#9586 = DIRECTION('',(0.,0.,1.));
#9587 = ORIENTED_EDGE('',*,*,#9018,.F.);
#9588 = ORIENTED_EDGE('',*,*,#9582,.F.);
#9589 = CYLINDRICAL_SURFACE('',#9590,0.15);
#9590 = AXIS2_PLACEMENT_3D('',#9591,#9592,#9593);
#9591 = CARTESIAN_POINT('',(103.124,-83.82,-3.6E-02));
#9592 = DIRECTION('',(-0.,-0.,-1.));
#9593 = DIRECTION('',(-0.,-1.,0.));
#9594 = ADVANCED_FACE('',(#9595),#9606,.F.);
#9595 = FACE_BOUND('',#9596,.T.);
#9596 = EDGE_LOOP('',(#9597,#9598,#9604,#9605));
#9597 = ORIENTED_EDGE('',*,*,#8548,.T.);
#9598 = ORIENTED_EDGE('',*,*,#9599,.T.);
#9599 = EDGE_CURVE('',#8549,#9030,#9600,.T.);
#9600 = LINE('',#9601,#9602);
#9601 = CARTESIAN_POINT('',(104.14,-89.05,-3.6E-02));
#9602 = VECTOR('',#9603,1.);
#9603 = DIRECTION('',(0.,0.,1.));
#9604 = ORIENTED_EDGE('',*,*,#9029,.F.);
#9605 = ORIENTED_EDGE('',*,*,#9599,.F.);
#9606 = CYLINDRICAL_SURFACE('',#9607,0.15);
#9607 = AXIS2_PLACEMENT_3D('',#9608,#9609,#9610);
#9608 = CARTESIAN_POINT('',(104.14,-88.9,-3.6E-02));
#9609 = DIRECTION('',(-0.,-0.,-1.));
#9610 = DIRECTION('',(-0.,-1.,0.));
#9611 = ADVANCED_FACE('',(#9612),#9623,.F.);
#9612 = FACE_BOUND('',#9613,.T.);
#9613 = EDGE_LOOP('',(#9614,#9615,#9621,#9622));
#9614 = ORIENTED_EDGE('',*,*,#8559,.T.);
#9615 = ORIENTED_EDGE('',*,*,#9616,.T.);
#9616 = EDGE_CURVE('',#8560,#9041,#9617,.T.);
#9617 = LINE('',#9618,#9619);
#9618 = CARTESIAN_POINT('',(104.14,-87.526,-3.6E-02));
#9619 = VECTOR('',#9620,1.);
#9620 = DIRECTION('',(0.,0.,1.));
#9621 = ORIENTED_EDGE('',*,*,#9040,.F.);
#9622 = ORIENTED_EDGE('',*,*,#9616,.F.);
#9623 = CYLINDRICAL_SURFACE('',#9624,0.15);
#9624 = AXIS2_PLACEMENT_3D('',#9625,#9626,#9627);
#9625 = CARTESIAN_POINT('',(104.14,-87.376,-3.6E-02));
#9626 = DIRECTION('',(-0.,-0.,-1.));
#9627 = DIRECTION('',(-0.,-1.,0.));
#9628 = ADVANCED_FACE('',(#9629),#9640,.F.);
#9629 = FACE_BOUND('',#9630,.T.);
#9630 = EDGE_LOOP('',(#9631,#9632,#9638,#9639));
#9631 = ORIENTED_EDGE('',*,*,#8570,.T.);
#9632 = ORIENTED_EDGE('',*,*,#9633,.T.);
#9633 = EDGE_CURVE('',#8571,#9052,#9634,.T.);
#9634 = LINE('',#9635,#9636);
#9635 = CARTESIAN_POINT('',(108.712,-87.018,-3.6E-02));
#9636 = VECTOR('',#9637,1.);
#9637 = DIRECTION('',(0.,0.,1.));
#9638 = ORIENTED_EDGE('',*,*,#9051,.F.);
#9639 = ORIENTED_EDGE('',*,*,#9633,.F.);
#9640 = CYLINDRICAL_SURFACE('',#9641,0.15);
#9641 = AXIS2_PLACEMENT_3D('',#9642,#9643,#9644);
#9642 = CARTESIAN_POINT('',(108.712,-86.868,-3.6E-02));
#9643 = DIRECTION('',(-0.,0.,-1.));
#9644 = DIRECTION('',(9.473903143468E-14,-1.,-0.));
#9645 = ADVANCED_FACE('',(#9646),#9657,.F.);
#9646 = FACE_BOUND('',#9647,.T.);
#9647 = EDGE_LOOP('',(#9648,#9649,#9655,#9656));
#9648 = ORIENTED_EDGE('',*,*,#8581,.T.);
#9649 = ORIENTED_EDGE('',*,*,#9650,.T.);
#9650 = EDGE_CURVE('',#8582,#9063,#9651,.T.);
#9651 = LINE('',#9652,#9653);
#9652 = CARTESIAN_POINT('',(109.712,-83.785,-3.6E-02));
#9653 = VECTOR('',#9654,1.);
#9654 = DIRECTION('',(0.,0.,1.));
#9655 = ORIENTED_EDGE('',*,*,#9062,.F.);
#9656 = ORIENTED_EDGE('',*,*,#9650,.F.);
#9657 = CYLINDRICAL_SURFACE('',#9658,0.15);
#9658 = AXIS2_PLACEMENT_3D('',#9659,#9660,#9661);
#9659 = CARTESIAN_POINT('',(109.712,-83.635,-3.6E-02));
#9660 = DIRECTION('',(-0.,0.,-1.));
#9661 = DIRECTION('',(9.473903143468E-14,-1.,-0.));
#9662 = ADVANCED_FACE('',(#9663),#9674,.F.);
#9663 = FACE_BOUND('',#9664,.T.);
#9664 = EDGE_LOOP('',(#9665,#9666,#9672,#9673));
#9665 = ORIENTED_EDGE('',*,*,#8592,.T.);
#9666 = ORIENTED_EDGE('',*,*,#9667,.T.);
#9667 = EDGE_CURVE('',#8593,#9074,#9668,.T.);
#9668 = LINE('',#9669,#9670);
#9669 = CARTESIAN_POINT('',(112.776,-97.686,-3.6E-02));
#9670 = VECTOR('',#9671,1.);
#9671 = DIRECTION('',(0.,0.,1.));
#9672 = ORIENTED_EDGE('',*,*,#9073,.F.);
#9673 = ORIENTED_EDGE('',*,*,#9667,.F.);
#9674 = CYLINDRICAL_SURFACE('',#9675,0.15);
#9675 = AXIS2_PLACEMENT_3D('',#9676,#9677,#9678);
#9676 = CARTESIAN_POINT('',(112.776,-97.536,-3.6E-02));
#9677 = DIRECTION('',(-0.,-0.,-1.));
#9678 = DIRECTION('',(-9.473903143469E-14,-1.,0.));
#9679 = ADVANCED_FACE('',(#9680),#9691,.F.);
#9680 = FACE_BOUND('',#9681,.T.);
#9681 = EDGE_LOOP('',(#9682,#9683,#9689,#9690));
#9682 = ORIENTED_EDGE('',*,*,#8603,.T.);
#9683 = ORIENTED_EDGE('',*,*,#9684,.T.);
#9684 = EDGE_CURVE('',#8604,#9085,#9685,.T.);
#9685 = LINE('',#9686,#9687);
#9686 = CARTESIAN_POINT('',(120.904,-97.686,-3.6E-02));
#9687 = VECTOR('',#9688,1.);
#9688 = DIRECTION('',(0.,0.,1.));
#9689 = ORIENTED_EDGE('',*,*,#9084,.F.);
#9690 = ORIENTED_EDGE('',*,*,#9684,.F.);
#9691 = CYLINDRICAL_SURFACE('',#9692,0.15);
#9692 = AXIS2_PLACEMENT_3D('',#9693,#9694,#9695);
#9693 = CARTESIAN_POINT('',(120.904,-97.536,-3.6E-02));
#9694 = DIRECTION('',(-0.,-0.,-1.));
#9695 = DIRECTION('',(-0.,-1.,0.));
#9696 = ADVANCED_FACE('',(#9697),#9708,.F.);
#9697 = FACE_BOUND('',#9698,.T.);
#9698 = EDGE_LOOP('',(#9699,#9700,#9706,#9707));
#9699 = ORIENTED_EDGE('',*,*,#8614,.T.);
#9700 = ORIENTED_EDGE('',*,*,#9701,.T.);
#9701 = EDGE_CURVE('',#8615,#9096,#9702,.T.);
#9702 = LINE('',#9703,#9704);
#9703 = CARTESIAN_POINT('',(127.,-98.6,-4.6E-02));
#9704 = VECTOR('',#9705,1.);
#9705 = DIRECTION('',(0.,0.,1.));
#9706 = ORIENTED_EDGE('',*,*,#9095,.F.);
#9707 = ORIENTED_EDGE('',*,*,#9701,.F.);
#9708 = CYLINDRICAL_SURFACE('',#9709,1.6);
#9709 = AXIS2_PLACEMENT_3D('',#9710,#9711,#9712);
#9710 = CARTESIAN_POINT('',(127.,-97.,-4.6E-02));
#9711 = DIRECTION('',(-0.,-0.,-1.));
#9712 = DIRECTION('',(-0.,-1.,0.));
#9713 = ADVANCED_FACE('',(#9714),#9725,.F.);
#9714 = FACE_BOUND('',#9715,.T.);
#9715 = EDGE_LOOP('',(#9716,#9717,#9723,#9724));
#9716 = ORIENTED_EDGE('',*,*,#8625,.T.);
#9717 = ORIENTED_EDGE('',*,*,#9718,.T.);
#9718 = EDGE_CURVE('',#8626,#9107,#9719,.T.);
#9719 = LINE('',#9720,#9721);
#9720 = CARTESIAN_POINT('',(121.412,-91.082,-3.6E-02));
#9721 = VECTOR('',#9722,1.);
#9722 = DIRECTION('',(0.,0.,1.));
#9723 = ORIENTED_EDGE('',*,*,#9106,.F.);
#9724 = ORIENTED_EDGE('',*,*,#9718,.F.);
#9725 = CYLINDRICAL_SURFACE('',#9726,0.15);
#9726 = AXIS2_PLACEMENT_3D('',#9727,#9728,#9729);
#9727 = CARTESIAN_POINT('',(121.412,-90.932,-3.6E-02));
#9728 = DIRECTION('',(-0.,-0.,-1.));
#9729 = DIRECTION('',(-0.,-1.,0.));
#9730 = ADVANCED_FACE('',(#9731),#9742,.F.);
#9731 = FACE_BOUND('',#9732,.T.);
#9732 = EDGE_LOOP('',(#9733,#9734,#9740,#9741));
#9733 = ORIENTED_EDGE('',*,*,#8636,.T.);
#9734 = ORIENTED_EDGE('',*,*,#9735,.T.);
#9735 = EDGE_CURVE('',#8637,#9118,#9736,.T.);
#9736 = LINE('',#9737,#9738);
#9737 = CARTESIAN_POINT('',(125.476,-92.098,-3.6E-02));
#9738 = VECTOR('',#9739,1.);
#9739 = DIRECTION('',(0.,0.,1.));
#9740 = ORIENTED_EDGE('',*,*,#9117,.F.);
#9741 = ORIENTED_EDGE('',*,*,#9735,.F.);
#9742 = CYLINDRICAL_SURFACE('',#9743,0.15);
#9743 = AXIS2_PLACEMENT_3D('',#9744,#9745,#9746);
#9744 = CARTESIAN_POINT('',(125.476,-91.948,-3.6E-02));
#9745 = DIRECTION('',(-0.,-0.,-1.));
#9746 = DIRECTION('',(-0.,-1.,0.));
#9747 = ADVANCED_FACE('',(#9748),#9759,.F.);
#9748 = FACE_BOUND('',#9749,.T.);
#9749 = EDGE_LOOP('',(#9750,#9751,#9757,#9758));
#9750 = ORIENTED_EDGE('',*,*,#8647,.T.);
#9751 = ORIENTED_EDGE('',*,*,#9752,.T.);
#9752 = EDGE_CURVE('',#8648,#9129,#9753,.T.);
#9753 = LINE('',#9754,#9755);
#9754 = CARTESIAN_POINT('',(115.316,-84.986,-3.6E-02));
#9755 = VECTOR('',#9756,1.);
#9756 = DIRECTION('',(0.,0.,1.));
#9757 = ORIENTED_EDGE('',*,*,#9128,.F.);
#9758 = ORIENTED_EDGE('',*,*,#9752,.F.);
#9759 = CYLINDRICAL_SURFACE('',#9760,0.15);
#9760 = AXIS2_PLACEMENT_3D('',#9761,#9762,#9763);
#9761 = CARTESIAN_POINT('',(115.316,-84.836,-3.6E-02));
#9762 = DIRECTION('',(-0.,-0.,-1.));
#9763 = DIRECTION('',(-0.,-1.,0.));
#9764 = ADVANCED_FACE('',(#9765),#9776,.F.);
#9765 = FACE_BOUND('',#9766,.T.);
#9766 = EDGE_LOOP('',(#9767,#9768,#9774,#9775));
#9767 = ORIENTED_EDGE('',*,*,#8658,.T.);
#9768 = ORIENTED_EDGE('',*,*,#9769,.T.);
#9769 = EDGE_CURVE('',#8659,#9140,#9770,.T.);
#9770 = LINE('',#9771,#9772);
#9771 = CARTESIAN_POINT('',(121.92,-87.018,-3.6E-02));
#9772 = VECTOR('',#9773,1.);
#9773 = DIRECTION('',(0.,0.,1.));
#9774 = ORIENTED_EDGE('',*,*,#9139,.F.);
#9775 = ORIENTED_EDGE('',*,*,#9769,.F.);
#9776 = CYLINDRICAL_SURFACE('',#9777,0.15);
#9777 = AXIS2_PLACEMENT_3D('',#9778,#9779,#9780);
#9778 = CARTESIAN_POINT('',(121.92,-86.868,-3.6E-02));
#9779 = DIRECTION('',(-0.,0.,-1.));
#9780 = DIRECTION('',(9.473903143468E-14,-1.,-0.));
#9781 = ADVANCED_FACE('',(#9782),#9793,.F.);
#9782 = FACE_BOUND('',#9783,.T.);
#9783 = EDGE_LOOP('',(#9784,#9785,#9791,#9792));
#9784 = ORIENTED_EDGE('',*,*,#8669,.T.);
#9785 = ORIENTED_EDGE('',*,*,#9786,.T.);
#9786 = EDGE_CURVE('',#8670,#9151,#9787,.T.);
#9787 = LINE('',#9788,#9789);
#9788 = CARTESIAN_POINT('',(127.508,-88.892,-4.6E-02));
#9789 = VECTOR('',#9790,1.);
#9790 = DIRECTION('',(0.,0.,1.));
#9791 = ORIENTED_EDGE('',*,*,#9150,.F.);
#9792 = ORIENTED_EDGE('',*,*,#9786,.F.);
#9793 = CYLINDRICAL_SURFACE('',#9794,0.5);
#9794 = AXIS2_PLACEMENT_3D('',#9795,#9796,#9797);
#9795 = CARTESIAN_POINT('',(127.508,-88.392,-4.6E-02));
#9796 = DIRECTION('',(-0.,-0.,-1.));
#9797 = DIRECTION('',(-2.84217094304E-14,-1.,0.));
#9798 = ADVANCED_FACE('',(#9799),#9810,.F.);
#9799 = FACE_BOUND('',#9800,.T.);
#9800 = EDGE_LOOP('',(#9801,#9802,#9808,#9809));
#9801 = ORIENTED_EDGE('',*,*,#8680,.T.);
#9802 = ORIENTED_EDGE('',*,*,#9803,.T.);
#9803 = EDGE_CURVE('',#8681,#9162,#9804,.T.);
#9804 = LINE('',#9805,#9806);
#9805 = CARTESIAN_POINT('',(96.012,-77.208,-4.6E-02));
#9806 = VECTOR('',#9807,1.);
#9807 = DIRECTION('',(0.,0.,1.));
#9808 = ORIENTED_EDGE('',*,*,#9161,.F.);
#9809 = ORIENTED_EDGE('',*,*,#9803,.F.);
#9810 = CYLINDRICAL_SURFACE('',#9811,0.5);
#9811 = AXIS2_PLACEMENT_3D('',#9812,#9813,#9814);
#9812 = CARTESIAN_POINT('',(96.012,-76.708,-4.6E-02));
#9813 = DIRECTION('',(-0.,-0.,-1.));
#9814 = DIRECTION('',(-0.,-1.,0.));
#9815 = ADVANCED_FACE('',(#9816),#9827,.F.);
#9816 = FACE_BOUND('',#9817,.T.);
#9817 = EDGE_LOOP('',(#9818,#9819,#9825,#9826));
#9818 = ORIENTED_EDGE('',*,*,#8691,.T.);
#9819 = ORIENTED_EDGE('',*,*,#9820,.T.);
#9820 = EDGE_CURVE('',#8692,#9173,#9821,.T.);
#9821 = LINE('',#9822,#9823);
#9822 = CARTESIAN_POINT('',(96.012,-74.668,-4.6E-02));
#9823 = VECTOR('',#9824,1.);
#9824 = DIRECTION('',(0.,0.,1.));
#9825 = ORIENTED_EDGE('',*,*,#9172,.F.);
#9826 = ORIENTED_EDGE('',*,*,#9820,.F.);
#9827 = CYLINDRICAL_SURFACE('',#9828,0.5);
#9828 = AXIS2_PLACEMENT_3D('',#9829,#9830,#9831);
#9829 = CARTESIAN_POINT('',(96.012,-74.168,-4.6E-02));
#9830 = DIRECTION('',(-0.,-0.,-1.));
#9831 = DIRECTION('',(-0.,-1.,0.));
#9832 = ADVANCED_FACE('',(#9833),#9844,.F.);
#9833 = FACE_BOUND('',#9834,.T.);
#9834 = EDGE_LOOP('',(#9835,#9836,#9842,#9843));
#9835 = ORIENTED_EDGE('',*,*,#8702,.T.);
#9836 = ORIENTED_EDGE('',*,*,#9837,.T.);
#9837 = EDGE_CURVE('',#8703,#9184,#9838,.T.);
#9838 = LINE('',#9839,#9840);
#9839 = CARTESIAN_POINT('',(104.14,-76.042,-4.6E-02));
#9840 = VECTOR('',#9841,1.);
#9841 = DIRECTION('',(0.,0.,1.));
#9842 = ORIENTED_EDGE('',*,*,#9183,.F.);
#9843 = ORIENTED_EDGE('',*,*,#9837,.F.);
#9844 = CYLINDRICAL_SURFACE('',#9845,0.35);
#9845 = AXIS2_PLACEMENT_3D('',#9846,#9847,#9848);
#9846 = CARTESIAN_POINT('',(104.14,-75.692,-4.6E-02));
#9847 = DIRECTION('',(-0.,-0.,-1.));
#9848 = DIRECTION('',(-0.,-1.,0.));
#9849 = ADVANCED_FACE('',(#9850),#9861,.F.);
#9850 = FACE_BOUND('',#9851,.T.);
#9851 = EDGE_LOOP('',(#9852,#9853,#9859,#9860));
#9852 = ORIENTED_EDGE('',*,*,#8713,.T.);
#9853 = ORIENTED_EDGE('',*,*,#9854,.T.);
#9854 = EDGE_CURVE('',#8714,#9195,#9855,.T.);
#9855 = LINE('',#9856,#9857);
#9856 = CARTESIAN_POINT('',(109.22,-76.042,-4.6E-02));
#9857 = VECTOR('',#9858,1.);
#9858 = DIRECTION('',(0.,0.,1.));
#9859 = ORIENTED_EDGE('',*,*,#9194,.F.);
#9860 = ORIENTED_EDGE('',*,*,#9854,.F.);
#9861 = CYLINDRICAL_SURFACE('',#9862,0.35);
#9862 = AXIS2_PLACEMENT_3D('',#9863,#9864,#9865);
#9863 = CARTESIAN_POINT('',(109.22,-75.692,-4.6E-02));
#9864 = DIRECTION('',(-0.,-0.,-1.));
#9865 = DIRECTION('',(-0.,-1.,0.));
#9866 = ADVANCED_FACE('',(#9867),#9878,.F.);
#9867 = FACE_BOUND('',#9868,.T.);
#9868 = EDGE_LOOP('',(#9869,#9870,#9876,#9877));
#9869 = ORIENTED_EDGE('',*,*,#8724,.T.);
#9870 = ORIENTED_EDGE('',*,*,#9871,.T.);
#9871 = EDGE_CURVE('',#8725,#9206,#9872,.T.);
#9872 = LINE('',#9873,#9874);
#9873 = CARTESIAN_POINT('',(102.108,-73.81,-3.6E-02));
#9874 = VECTOR('',#9875,1.);
#9875 = DIRECTION('',(0.,0.,1.));
#9876 = ORIENTED_EDGE('',*,*,#9205,.F.);
#9877 = ORIENTED_EDGE('',*,*,#9871,.F.);
#9878 = CYLINDRICAL_SURFACE('',#9879,0.15);
#9879 = AXIS2_PLACEMENT_3D('',#9880,#9881,#9882);
#9880 = CARTESIAN_POINT('',(102.108,-73.66,-3.6E-02));
#9881 = DIRECTION('',(-0.,-0.,-1.));
#9882 = DIRECTION('',(-0.,-1.,0.));
#9883 = ADVANCED_FACE('',(#9884),#9895,.F.);
#9884 = FACE_BOUND('',#9885,.T.);
#9885 = EDGE_LOOP('',(#9886,#9887,#9893,#9894));
#9886 = ORIENTED_EDGE('',*,*,#8735,.T.);
#9887 = ORIENTED_EDGE('',*,*,#9888,.T.);
#9888 = EDGE_CURVE('',#8736,#9217,#9889,.T.);
#9889 = LINE('',#9890,#9891);
#9890 = CARTESIAN_POINT('',(98.,-68.6,-4.6E-02));
#9891 = VECTOR('',#9892,1.);
#9892 = DIRECTION('',(0.,0.,1.));
#9893 = ORIENTED_EDGE('',*,*,#9216,.F.);
#9894 = ORIENTED_EDGE('',*,*,#9888,.F.);
#9895 = CYLINDRICAL_SURFACE('',#9896,1.6);
#9896 = AXIS2_PLACEMENT_3D('',#9897,#9898,#9899);
#9897 = CARTESIAN_POINT('',(98.,-67.,-4.6E-02));
#9898 = DIRECTION('',(-0.,-0.,-1.));
#9899 = DIRECTION('',(-0.,-1.,0.));
#9900 = ADVANCED_FACE('',(#9901),#9912,.F.);
#9901 = FACE_BOUND('',#9902,.T.);
#9902 = EDGE_LOOP('',(#9903,#9904,#9910,#9911));
#9903 = ORIENTED_EDGE('',*,*,#8746,.T.);
#9904 = ORIENTED_EDGE('',*,*,#9905,.T.);
#9905 = EDGE_CURVE('',#8747,#9228,#9906,.T.);
#9906 = LINE('',#9907,#9908);
#9907 = CARTESIAN_POINT('',(104.14,-70.454,-4.6E-02));
#9908 = VECTOR('',#9909,1.);
#9909 = DIRECTION('',(0.,0.,1.));
#9910 = ORIENTED_EDGE('',*,*,#9227,.F.);
#9911 = ORIENTED_EDGE('',*,*,#9905,.F.);
#9912 = CYLINDRICAL_SURFACE('',#9913,0.35);
#9913 = AXIS2_PLACEMENT_3D('',#9914,#9915,#9916);
#9914 = CARTESIAN_POINT('',(104.14,-70.104,-4.6E-02));
#9915 = DIRECTION('',(-0.,-0.,-1.));
#9916 = DIRECTION('',(-0.,-1.,0.));
#9917 = ADVANCED_FACE('',(#9918),#9929,.F.);
#9918 = FACE_BOUND('',#9919,.T.);
#9919 = EDGE_LOOP('',(#9920,#9921,#9927,#9928));
#9920 = ORIENTED_EDGE('',*,*,#8757,.T.);
#9921 = ORIENTED_EDGE('',*,*,#9922,.T.);
#9922 = EDGE_CURVE('',#8758,#9239,#9923,.T.);
#9923 = LINE('',#9924,#9925);
#9924 = CARTESIAN_POINT('',(109.22,-70.454,-4.6E-02));
#9925 = VECTOR('',#9926,1.);
#9926 = DIRECTION('',(0.,0.,1.));
#9927 = ORIENTED_EDGE('',*,*,#9238,.F.);
#9928 = ORIENTED_EDGE('',*,*,#9922,.F.);
#9929 = CYLINDRICAL_SURFACE('',#9930,0.35);
#9930 = AXIS2_PLACEMENT_3D('',#9931,#9932,#9933);
#9931 = CARTESIAN_POINT('',(109.22,-70.104,-4.6E-02));
#9932 = DIRECTION('',(-0.,-0.,-1.));
#9933 = DIRECTION('',(-0.,-1.,0.));
#9934 = ADVANCED_FACE('',(#9935),#9946,.F.);
#9935 = FACE_BOUND('',#9936,.T.);
#9936 = EDGE_LOOP('',(#9937,#9938,#9944,#9945));
#9937 = ORIENTED_EDGE('',*,*,#8768,.T.);
#9938 = ORIENTED_EDGE('',*,*,#9939,.T.);
#9939 = EDGE_CURVE('',#8769,#9250,#9940,.T.);
#9940 = LINE('',#9941,#9942);
#9941 = CARTESIAN_POINT('',(115.316,-81.43,-3.6E-02));
#9942 = VECTOR('',#9943,1.);
#9943 = DIRECTION('',(0.,0.,1.));
#9944 = ORIENTED_EDGE('',*,*,#9249,.F.);
#9945 = ORIENTED_EDGE('',*,*,#9939,.F.);
#9946 = CYLINDRICAL_SURFACE('',#9947,0.15);
#9947 = AXIS2_PLACEMENT_3D('',#9948,#9949,#9950);
#9948 = CARTESIAN_POINT('',(115.316,-81.28,-3.6E-02));
#9949 = DIRECTION('',(-0.,-0.,-1.));
#9950 = DIRECTION('',(-0.,-1.,0.));
#9951 = ADVANCED_FACE('',(#9952),#9963,.F.);
#9952 = FACE_BOUND('',#9953,.T.);
#9953 = EDGE_LOOP('',(#9954,#9955,#9961,#9962));
#9954 = ORIENTED_EDGE('',*,*,#8779,.T.);
#9955 = ORIENTED_EDGE('',*,*,#9956,.T.);
#9956 = EDGE_CURVE('',#8780,#9261,#9957,.T.);
#9957 = LINE('',#9958,#9959);
#9958 = CARTESIAN_POINT('',(118.872,-78.382,-3.6E-02));
#9959 = VECTOR('',#9960,1.);
#9960 = DIRECTION('',(0.,0.,1.));
#9961 = ORIENTED_EDGE('',*,*,#9260,.F.);
#9962 = ORIENTED_EDGE('',*,*,#9956,.F.);
#9963 = CYLINDRICAL_SURFACE('',#9964,0.15);
#9964 = AXIS2_PLACEMENT_3D('',#9965,#9966,#9967);
#9965 = CARTESIAN_POINT('',(118.872,-78.232,-3.6E-02));
#9966 = DIRECTION('',(-0.,-0.,-1.));
#9967 = DIRECTION('',(-0.,-1.,0.));
#9968 = ADVANCED_FACE('',(#9969),#9980,.F.);
#9969 = FACE_BOUND('',#9970,.T.);
#9970 = EDGE_LOOP('',(#9971,#9972,#9978,#9979));
#9971 = ORIENTED_EDGE('',*,*,#8790,.T.);
#9972 = ORIENTED_EDGE('',*,*,#9973,.T.);
#9973 = EDGE_CURVE('',#8791,#9272,#9974,.T.);
#9974 = LINE('',#9975,#9976);
#9975 = CARTESIAN_POINT('',(116.84,-77.874,-3.6E-02));
#9976 = VECTOR('',#9977,1.);
#9977 = DIRECTION('',(0.,0.,1.));
#9978 = ORIENTED_EDGE('',*,*,#9271,.F.);
#9979 = ORIENTED_EDGE('',*,*,#9973,.F.);
#9980 = CYLINDRICAL_SURFACE('',#9981,0.15);
#9981 = AXIS2_PLACEMENT_3D('',#9982,#9983,#9984);
#9982 = CARTESIAN_POINT('',(116.84,-77.724,-3.6E-02));
#9983 = DIRECTION('',(-0.,-0.,-1.));
#9984 = DIRECTION('',(-0.,-1.,0.));
#9985 = ADVANCED_FACE('',(#9986),#9997,.F.);
#9986 = FACE_BOUND('',#9987,.T.);
#9987 = EDGE_LOOP('',(#9988,#9989,#9995,#9996));
#9988 = ORIENTED_EDGE('',*,*,#8801,.T.);
#9989 = ORIENTED_EDGE('',*,*,#9990,.T.);
#9990 = EDGE_CURVE('',#8802,#9283,#9991,.T.);
#9991 = LINE('',#9992,#9993);
#9992 = CARTESIAN_POINT('',(120.9,-82.446,-3.6E-02));
#9993 = VECTOR('',#9994,1.);
#9994 = DIRECTION('',(0.,0.,1.));
#9995 = ORIENTED_EDGE('',*,*,#9282,.F.);
#9996 = ORIENTED_EDGE('',*,*,#9990,.F.);
#9997 = CYLINDRICAL_SURFACE('',#9998,0.15);
#9998 = AXIS2_PLACEMENT_3D('',#9999,#10000,#10001);
#9999 = CARTESIAN_POINT('',(120.9,-82.296,-3.6E-02));
#10000 = DIRECTION('',(-0.,-0.,-1.));
#10001 = DIRECTION('',(-0.,-1.,0.));
#10002 = ADVANCED_FACE('',(#10003),#10014,.F.);
#10003 = FACE_BOUND('',#10004,.T.);
#10004 = EDGE_LOOP('',(#10005,#10006,#10012,#10013));
#10005 = ORIENTED_EDGE('',*,*,#8812,.T.);
#10006 = ORIENTED_EDGE('',*,*,#10007,.T.);
#10007 = EDGE_CURVE('',#8813,#9294,#10008,.T.);
#10008 = LINE('',#10009,#10010);
#10009 = CARTESIAN_POINT('',(122.936,-80.414,-3.6E-02));
#10010 = VECTOR('',#10011,1.);
#10011 = DIRECTION('',(0.,0.,1.));
#10012 = ORIENTED_EDGE('',*,*,#9293,.F.);
#10013 = ORIENTED_EDGE('',*,*,#10007,.F.);
#10014 = CYLINDRICAL_SURFACE('',#10015,0.15);
#10015 = AXIS2_PLACEMENT_3D('',#10016,#10017,#10018);
#10016 = CARTESIAN_POINT('',(122.936,-80.264,-3.6E-02));
#10017 = DIRECTION('',(-0.,-0.,-1.));
#10018 = DIRECTION('',(-0.,-1.,0.));
#10019 = ADVANCED_FACE('',(#10020),#10031,.F.);
#10020 = FACE_BOUND('',#10021,.T.);
#10021 = EDGE_LOOP('',(#10022,#10023,#10029,#10030));
#10022 = ORIENTED_EDGE('',*,*,#8823,.T.);
#10023 = ORIENTED_EDGE('',*,*,#10024,.T.);
#10024 = EDGE_CURVE('',#8824,#9305,#10025,.T.);
#10025 = LINE('',#10026,#10027);
#10026 = CARTESIAN_POINT('',(127.508,-81.78,-4.6E-02));
#10027 = VECTOR('',#10028,1.);
#10028 = DIRECTION('',(0.,0.,1.));
#10029 = ORIENTED_EDGE('',*,*,#9304,.F.);
#10030 = ORIENTED_EDGE('',*,*,#10024,.F.);
#10031 = CYLINDRICAL_SURFACE('',#10032,0.5);
#10032 = AXIS2_PLACEMENT_3D('',#10033,#10034,#10035);
#10033 = CARTESIAN_POINT('',(127.508,-81.28,-4.6E-02));
#10034 = DIRECTION('',(-0.,-0.,-1.));
#10035 = DIRECTION('',(-2.84217094304E-14,-1.,0.));
#10036 = ADVANCED_FACE('',(#10037),#10048,.F.);
#10037 = FACE_BOUND('',#10038,.T.);
#10038 = EDGE_LOOP('',(#10039,#10040,#10046,#10047));
#10039 = ORIENTED_EDGE('',*,*,#8834,.T.);
#10040 = ORIENTED_EDGE('',*,*,#10041,.T.);
#10041 = EDGE_CURVE('',#8835,#9316,#10042,.T.);
#10042 = LINE('',#10043,#10044);
#10043 = CARTESIAN_POINT('',(127.508,-79.24,-4.6E-02));
#10044 = VECTOR('',#10045,1.);
#10045 = DIRECTION('',(0.,0.,1.));
#10046 = ORIENTED_EDGE('',*,*,#9315,.F.);
#10047 = ORIENTED_EDGE('',*,*,#10041,.F.);
#10048 = CYLINDRICAL_SURFACE('',#10049,0.5);
#10049 = AXIS2_PLACEMENT_3D('',#10050,#10051,#10052);
#10050 = CARTESIAN_POINT('',(127.508,-78.74,-4.6E-02));
#10051 = DIRECTION('',(-0.,-0.,-1.));
#10052 = DIRECTION('',(-2.84217094304E-14,-1.,0.));
#10053 = ADVANCED_FACE('',(#10054),#10065,.F.);
#10054 = FACE_BOUND('',#10055,.T.);
#10055 = EDGE_LOOP('',(#10056,#10057,#10063,#10064));
#10056 = ORIENTED_EDGE('',*,*,#8845,.T.);
#10057 = ORIENTED_EDGE('',*,*,#10058,.T.);
#10058 = EDGE_CURVE('',#8846,#9327,#10059,.T.);
#10059 = LINE('',#10060,#10061);
#10060 = CARTESIAN_POINT('',(127.508,-76.7,-4.6E-02));
#10061 = VECTOR('',#10062,1.);
#10062 = DIRECTION('',(0.,0.,1.));
#10063 = ORIENTED_EDGE('',*,*,#9326,.F.);
#10064 = ORIENTED_EDGE('',*,*,#10058,.F.);
#10065 = CYLINDRICAL_SURFACE('',#10066,0.5);
#10066 = AXIS2_PLACEMENT_3D('',#10067,#10068,#10069);
#10067 = CARTESIAN_POINT('',(127.508,-76.2,-4.6E-02));
#10068 = DIRECTION('',(-0.,-0.,-1.));
#10069 = DIRECTION('',(-2.84217094304E-14,-1.,0.));
#10070 = ADVANCED_FACE('',(#10071),#10082,.F.);
#10071 = FACE_BOUND('',#10072,.T.);
#10072 = EDGE_LOOP('',(#10073,#10074,#10080,#10081));
#10073 = ORIENTED_EDGE('',*,*,#8856,.T.);
#10074 = ORIENTED_EDGE('',*,*,#10075,.T.);
#10075 = EDGE_CURVE('',#8857,#9338,#10076,.T.);
#10076 = LINE('',#10077,#10078);
#10077 = CARTESIAN_POINT('',(127.508,-74.16,-4.6E-02));
#10078 = VECTOR('',#10079,1.);
#10079 = DIRECTION('',(0.,0.,1.));
#10080 = ORIENTED_EDGE('',*,*,#9337,.F.);
#10081 = ORIENTED_EDGE('',*,*,#10075,.F.);
#10082 = CYLINDRICAL_SURFACE('',#10083,0.5);
#10083 = AXIS2_PLACEMENT_3D('',#10084,#10085,#10086);
#10084 = CARTESIAN_POINT('',(127.508,-73.66,-4.6E-02));
#10085 = DIRECTION('',(-0.,-0.,-1.));
#10086 = DIRECTION('',(-2.84217094304E-14,-1.,0.));
#10087 = ADVANCED_FACE('',(#10088),#10099,.F.);
#10088 = FACE_BOUND('',#10089,.T.);
#10089 = EDGE_LOOP('',(#10090,#10091,#10097,#10098));
#10090 = ORIENTED_EDGE('',*,*,#8867,.T.);
#10091 = ORIENTED_EDGE('',*,*,#10092,.T.);
#10092 = EDGE_CURVE('',#8868,#9349,#10093,.T.);
#10093 = LINE('',#10094,#10095);
#10094 = CARTESIAN_POINT('',(126.,-68.6,-4.6E-02));
#10095 = VECTOR('',#10096,1.);
#10096 = DIRECTION('',(0.,0.,1.));
#10097 = ORIENTED_EDGE('',*,*,#9348,.F.);
#10098 = ORIENTED_EDGE('',*,*,#10092,.F.);
#10099 = CYLINDRICAL_SURFACE('',#10100,1.6);
#10100 = AXIS2_PLACEMENT_3D('',#10101,#10102,#10103);
#10101 = CARTESIAN_POINT('',(126.,-67.,-4.6E-02));
#10102 = DIRECTION('',(-0.,-0.,-1.));
#10103 = DIRECTION('',(-0.,-1.,0.));
#10104 = ( GEOMETRIC_REPRESENTATION_CONTEXT(3) 
GLOBAL_UNCERTAINTY_ASSIGNED_CONTEXT((#10108)) 
GLOBAL_UNIT_ASSIGNED_CONTEXT((#10105,#10106,#10107)) 
REPRESENTATION_CONTEXT('Context #1',
  '3D Context with UNIT and UNCERTAINTY') );
#10105 = ( LENGTH_UNIT() NAMED_UNIT(*) SI_UNIT(.MILLI.,.METRE.) );
#10106 = ( NAMED_UNIT(*) PLANE_ANGLE_UNIT() SI_UNIT($,.RADIAN.) );
#10107 = ( NAMED_UNIT(*) SI_UNIT($,.STERADIAN.) SOLID_ANGLE_UNIT() );
#10108 = UNCERTAINTY_MEASURE_WITH_UNIT(LENGTH_MEASURE(1.E-07),#10105,
  'distance_accuracy_value','confusion accuracy');
#10109 = CONTEXT_DEPENDENT_SHAPE_REPRESENTATION(#10110,#10112);
#10110 = ( REPRESENTATION_RELATIONSHIP('','',#8292,#10) 
REPRESENTATION_RELATIONSHIP_WITH_TRANSFORMATION(#10111) 
SHAPE_REPRESENTATION_RELATIONSHIP() );
#10111 = ITEM_DEFINED_TRANSFORMATION('','',#11,#111);
#10112 = PRODUCT_DEFINITION_SHAPE('Placement','Placement of an item',
  #10113);
#10113 = NEXT_ASSEMBLY_USAGE_OCCURRENCE('31','=>[0:1:1:14]','',#5,#8287,
  $);
#10114 = PRODUCT_RELATED_PRODUCT_CATEGORY('part',$,(#8289));
#10115 = MECHANICAL_DESIGN_GEOMETRIC_PRESENTATION_REPRESENTATION('',(
    #10116,#10124,#10131,#10138,#10145,#10152,#10159,#10166,#10174,
    #10181,#10188,#10195,#10202,#10209,#10217,#10224,#10231,#10238,
    #10245,#10252,#10259,#10266,#10273,#10280,#10287,#10294),#1848);
#10116 = STYLED_ITEM('color',(#10117),#1060);
#10117 = PRESENTATION_STYLE_ASSIGNMENT((#10118));
#10118 = SURFACE_STYLE_USAGE(.BOTH.,#10119);
#10119 = SURFACE_SIDE_STYLE('',(#10120));
#10120 = SURFACE_STYLE_FILL_AREA(#10121);
#10121 = FILL_AREA_STYLE('',(#10122));
#10122 = FILL_AREA_STYLE_COLOUR('',#10123);
#10123 = COLOUR_RGB('',0.823999987314,0.819999987296,0.781000009244);
#10124 = STYLED_ITEM('color',(#10125),#1100);
#10125 = PRESENTATION_STYLE_ASSIGNMENT((#10126));
#10126 = SURFACE_STYLE_USAGE(.BOTH.,#10127);
#10127 = SURFACE_SIDE_STYLE('',(#10128));
#10128 = SURFACE_STYLE_FILL_AREA(#10129);
#10129 = FILL_AREA_STYLE('',(#10130));
#10130 = FILL_AREA_STYLE_COLOUR('',#10123);
#10131 = STYLED_ITEM('color',(#10132),#1183);
#10132 = PRESENTATION_STYLE_ASSIGNMENT((#10133));
#10133 = SURFACE_STYLE_USAGE(.BOTH.,#10134);
#10134 = SURFACE_SIDE_STYLE('',(#10135));
#10135 = SURFACE_STYLE_FILL_AREA(#10136);
#10136 = FILL_AREA_STYLE('',(#10137));
#10137 = FILL_AREA_STYLE_COLOUR('',#10123);
#10138 = STYLED_ITEM('color',(#10139),#1208);
#10139 = PRESENTATION_STYLE_ASSIGNMENT((#10140));
#10140 = SURFACE_STYLE_USAGE(.BOTH.,#10141);
#10141 = SURFACE_SIDE_STYLE('',(#10142));
#10142 = SURFACE_STYLE_FILL_AREA(#10143);
#10143 = FILL_AREA_STYLE('',(#10144));
#10144 = FILL_AREA_STYLE_COLOUR('',#10123);
#10145 = STYLED_ITEM('color',(#10146),#1233);
#10146 = PRESENTATION_STYLE_ASSIGNMENT((#10147));
#10147 = SURFACE_STYLE_USAGE(.BOTH.,#10148);
#10148 = SURFACE_SIDE_STYLE('',(#10149));
#10149 = SURFACE_STYLE_FILL_AREA(#10150);
#10150 = FILL_AREA_STYLE('',(#10151));
#10151 = FILL_AREA_STYLE_COLOUR('',#10123);
#10152 = STYLED_ITEM('color',(#10153),#1300);
#10153 = PRESENTATION_STYLE_ASSIGNMENT((#10154));
#10154 = SURFACE_STYLE_USAGE(.BOTH.,#10155);
#10155 = SURFACE_SIDE_STYLE('',(#10156));
#10156 = SURFACE_STYLE_FILL_AREA(#10157);
#10157 = FILL_AREA_STYLE('',(#10158));
#10158 = FILL_AREA_STYLE_COLOUR('',#10123);
#10159 = STYLED_ITEM('color',(#10160),#1317);
#10160 = PRESENTATION_STYLE_ASSIGNMENT((#10161));
#10161 = SURFACE_STYLE_USAGE(.BOTH.,#10162);
#10162 = SURFACE_SIDE_STYLE('',(#10163));
#10163 = SURFACE_STYLE_FILL_AREA(#10164);
#10164 = FILL_AREA_STYLE('',(#10165));
#10165 = FILL_AREA_STYLE_COLOUR('',#10123);
#10166 = STYLED_ITEM('color',(#10167),#1334);
#10167 = PRESENTATION_STYLE_ASSIGNMENT((#10168));
#10168 = SURFACE_STYLE_USAGE(.BOTH.,#10169);
#10169 = SURFACE_SIDE_STYLE('',(#10170));
#10170 = SURFACE_STYLE_FILL_AREA(#10171);
#10171 = FILL_AREA_STYLE('',(#10172));
#10172 = FILL_AREA_STYLE_COLOUR('',#10173);
#10173 = COLOUR_RGB('',0.894999966383,0.890999961016,0.813000030345);
#10174 = STYLED_ITEM('color',(#10175),#1383);
#10175 = PRESENTATION_STYLE_ASSIGNMENT((#10176));
#10176 = SURFACE_STYLE_USAGE(.BOTH.,#10177);
#10177 = SURFACE_SIDE_STYLE('',(#10178));
#10178 = SURFACE_STYLE_FILL_AREA(#10179);
#10179 = FILL_AREA_STYLE('',(#10180));
#10180 = FILL_AREA_STYLE_COLOUR('',#10123);
#10181 = STYLED_ITEM('color',(#10182),#1400);
#10182 = PRESENTATION_STYLE_ASSIGNMENT((#10183));
#10183 = SURFACE_STYLE_USAGE(.BOTH.,#10184);
#10184 = SURFACE_SIDE_STYLE('',(#10185));
#10185 = SURFACE_STYLE_FILL_AREA(#10186);
#10186 = FILL_AREA_STYLE('',(#10187));
#10187 = FILL_AREA_STYLE_COLOUR('',#10123);
#10188 = STYLED_ITEM('color',(#10189),#1417);
#10189 = PRESENTATION_STYLE_ASSIGNMENT((#10190));
#10190 = SURFACE_STYLE_USAGE(.BOTH.,#10191);
#10191 = SURFACE_SIDE_STYLE('',(#10192));
#10192 = SURFACE_STYLE_FILL_AREA(#10193);
#10193 = FILL_AREA_STYLE('',(#10194));
#10194 = FILL_AREA_STYLE_COLOUR('',#10173);
#10195 = STYLED_ITEM('color',(#10196),#1466);
#10196 = PRESENTATION_STYLE_ASSIGNMENT((#10197));
#10197 = SURFACE_STYLE_USAGE(.BOTH.,#10198);
#10198 = SURFACE_SIDE_STYLE('',(#10199));
#10199 = SURFACE_STYLE_FILL_AREA(#10200);
#10200 = FILL_AREA_STYLE('',(#10201));
#10201 = FILL_AREA_STYLE_COLOUR('',#10173);
#10202 = STYLED_ITEM('color',(#10203),#1483);
#10203 = PRESENTATION_STYLE_ASSIGNMENT((#10204));
#10204 = SURFACE_STYLE_USAGE(.BOTH.,#10205);
#10205 = SURFACE_SIDE_STYLE('',(#10206));
#10206 = SURFACE_STYLE_FILL_AREA(#10207);
#10207 = FILL_AREA_STYLE('',(#10208));
#10208 = FILL_AREA_STYLE_COLOUR('',#10123);
#10209 = STYLED_ITEM('color',(#10210),#1552);
#10210 = PRESENTATION_STYLE_ASSIGNMENT((#10211));
#10211 = SURFACE_STYLE_USAGE(.BOTH.,#10212);
#10212 = SURFACE_SIDE_STYLE('',(#10213));
#10213 = SURFACE_STYLE_FILL_AREA(#10214);
#10214 = FILL_AREA_STYLE('',(#10215));
#10215 = FILL_AREA_STYLE_COLOUR('',#10216);
#10216 = COLOUR_RGB('',8.200000279077E-02,8.600000121357E-02,
  9.399999706163E-02);
#10217 = STYLED_ITEM('color',(#10218),#1583);
#10218 = PRESENTATION_STYLE_ASSIGNMENT((#10219));
#10219 = SURFACE_STYLE_USAGE(.BOTH.,#10220);
#10220 = SURFACE_SIDE_STYLE('',(#10221));
#10221 = SURFACE_STYLE_FILL_AREA(#10222);
#10222 = FILL_AREA_STYLE('',(#10223));
#10223 = FILL_AREA_STYLE_COLOUR('',#10216);
#10224 = STYLED_ITEM('color',(#10225),#1607);
#10225 = PRESENTATION_STYLE_ASSIGNMENT((#10226));
#10226 = SURFACE_STYLE_USAGE(.BOTH.,#10227);
#10227 = SURFACE_SIDE_STYLE('',(#10228));
#10228 = SURFACE_STYLE_FILL_AREA(#10229);
#10229 = FILL_AREA_STYLE('',(#10230));
#10230 = FILL_AREA_STYLE_COLOUR('',#10123);
#10231 = STYLED_ITEM('color',(#10232),#1676);
#10232 = PRESENTATION_STYLE_ASSIGNMENT((#10233));
#10233 = SURFACE_STYLE_USAGE(.BOTH.,#10234);
#10234 = SURFACE_SIDE_STYLE('',(#10235));
#10235 = SURFACE_STYLE_FILL_AREA(#10236);
#10236 = FILL_AREA_STYLE('',(#10237));
#10237 = FILL_AREA_STYLE_COLOUR('',#10216);
#10238 = STYLED_ITEM('color',(#10239),#1700);
#10239 = PRESENTATION_STYLE_ASSIGNMENT((#10240));
#10240 = SURFACE_STYLE_USAGE(.BOTH.,#10241);
#10241 = SURFACE_SIDE_STYLE('',(#10242));
#10242 = SURFACE_STYLE_FILL_AREA(#10243);
#10243 = FILL_AREA_STYLE('',(#10244));
#10244 = FILL_AREA_STYLE_COLOUR('',#10123);
#10245 = STYLED_ITEM('color',(#10246),#1717);
#10246 = PRESENTATION_STYLE_ASSIGNMENT((#10247));
#10247 = SURFACE_STYLE_USAGE(.BOTH.,#10248);
#10248 = SURFACE_SIDE_STYLE('',(#10249));
#10249 = SURFACE_STYLE_FILL_AREA(#10250);
#10250 = FILL_AREA_STYLE('',(#10251));
#10251 = FILL_AREA_STYLE_COLOUR('',#10123);
#10252 = STYLED_ITEM('color',(#10253),#1734);
#10253 = PRESENTATION_STYLE_ASSIGNMENT((#10254));
#10254 = SURFACE_STYLE_USAGE(.BOTH.,#10255);
#10255 = SURFACE_SIDE_STYLE('',(#10256));
#10256 = SURFACE_STYLE_FILL_AREA(#10257);
#10257 = FILL_AREA_STYLE('',(#10258));
#10258 = FILL_AREA_STYLE_COLOUR('',#10123);
#10259 = STYLED_ITEM('color',(#10260),#1751);
#10260 = PRESENTATION_STYLE_ASSIGNMENT((#10261));
#10261 = SURFACE_STYLE_USAGE(.BOTH.,#10262);
#10262 = SURFACE_SIDE_STYLE('',(#10263));
#10263 = SURFACE_STYLE_FILL_AREA(#10264);
#10264 = FILL_AREA_STYLE('',(#10265));
#10265 = FILL_AREA_STYLE_COLOUR('',#10123);
#10266 = STYLED_ITEM('color',(#10267),#1768);
#10267 = PRESENTATION_STYLE_ASSIGNMENT((#10268));
#10268 = SURFACE_STYLE_USAGE(.BOTH.,#10269);
#10269 = SURFACE_SIDE_STYLE('',(#10270));
#10270 = SURFACE_STYLE_FILL_AREA(#10271);
#10271 = FILL_AREA_STYLE('',(#10272));
#10272 = FILL_AREA_STYLE_COLOUR('',#10123);
#10273 = STYLED_ITEM('color',(#10274),#1785);
#10274 = PRESENTATION_STYLE_ASSIGNMENT((#10275));
#10275 = SURFACE_STYLE_USAGE(.BOTH.,#10276);
#10276 = SURFACE_SIDE_STYLE('',(#10277));
#10277 = SURFACE_STYLE_FILL_AREA(#10278);
#10278 = FILL_AREA_STYLE('',(#10279));
#10279 = FILL_AREA_STYLE_COLOUR('',#10123);
#10280 = STYLED_ITEM('color',(#10281),#1802);
#10281 = PRESENTATION_STYLE_ASSIGNMENT((#10282));
#10282 = SURFACE_STYLE_USAGE(.BOTH.,#10283);
#10283 = SURFACE_SIDE_STYLE('',(#10284));
#10284 = SURFACE_STYLE_FILL_AREA(#10285);
#10285 = FILL_AREA_STYLE('',(#10286));
#10286 = FILL_AREA_STYLE_COLOUR('',#10123);
#10287 = STYLED_ITEM('color',(#10288),#1819);
#10288 = PRESENTATION_STYLE_ASSIGNMENT((#10289));
#10289 = SURFACE_STYLE_USAGE(.BOTH.,#10290);
#10290 = SURFACE_SIDE_STYLE('',(#10291));
#10291 = SURFACE_STYLE_FILL_AREA(#10292);
#10292 = FILL_AREA_STYLE('',(#10293));
#10293 = FILL_AREA_STYLE_COLOUR('',#10216);
#10294 = STYLED_ITEM('color',(#10295),#1836);
#10295 = PRESENTATION_STYLE_ASSIGNMENT((#10296));
#10296 = SURFACE_STYLE_USAGE(.BOTH.,#10297);
#10297 = SURFACE_SIDE_STYLE('',(#10298));
#10298 = SURFACE_STYLE_FILL_AREA(#10299);
#10299 = FILL_AREA_STYLE('',(#10300));
#10300 = FILL_AREA_STYLE_COLOUR('',#10216);
#10301 = MECHANICAL_DESIGN_GEOMETRIC_PRESENTATION_REPRESENTATION('',(
    #10302,#10310,#10317,#10324,#10331,#10338,#10345,#10352,#10359,
    #10366,#10373,#10381,#10388,#10395,#10402,#10409,#10416,#10423,
    #10430,#10437,#10444,#10451,#10458,#10465,#10472,#10479,#10486,
    #10493),#5442);
#10302 = STYLED_ITEM('color',(#10303),#4686);
#10303 = PRESENTATION_STYLE_ASSIGNMENT((#10304));
#10304 = SURFACE_STYLE_USAGE(.BOTH.,#10305);
#10305 = SURFACE_SIDE_STYLE('',(#10306));
#10306 = SURFACE_STYLE_FILL_AREA(#10307);
#10307 = FILL_AREA_STYLE('',(#10308));
#10308 = FILL_AREA_STYLE_COLOUR('',#10309);
#10309 = COLOUR_RGB('',0.147999998088,0.144999993226,0.144999993226);
#10310 = STYLED_ITEM('color',(#10311),#4726);
#10311 = PRESENTATION_STYLE_ASSIGNMENT((#10312));
#10312 = SURFACE_STYLE_USAGE(.BOTH.,#10313);
#10313 = SURFACE_SIDE_STYLE('',(#10314));
#10314 = SURFACE_STYLE_FILL_AREA(#10315);
#10315 = FILL_AREA_STYLE('',(#10316));
#10316 = FILL_AREA_STYLE_COLOUR('',#10309);
#10317 = STYLED_ITEM('color',(#10318),#4757);
#10318 = PRESENTATION_STYLE_ASSIGNMENT((#10319));
#10319 = SURFACE_STYLE_USAGE(.BOTH.,#10320);
#10320 = SURFACE_SIDE_STYLE('',(#10321));
#10321 = SURFACE_STYLE_FILL_AREA(#10322);
#10322 = FILL_AREA_STYLE('',(#10323));
#10323 = FILL_AREA_STYLE_COLOUR('',#10309);
#10324 = STYLED_ITEM('color',(#10325),#4788);
#10325 = PRESENTATION_STYLE_ASSIGNMENT((#10326));
#10326 = SURFACE_STYLE_USAGE(.BOTH.,#10327);
#10327 = SURFACE_SIDE_STYLE('',(#10328));
#10328 = SURFACE_STYLE_FILL_AREA(#10329);
#10329 = FILL_AREA_STYLE('',(#10330));
#10330 = FILL_AREA_STYLE_COLOUR('',#10309);
#10331 = STYLED_ITEM('color',(#10332),#4871);
#10332 = PRESENTATION_STYLE_ASSIGNMENT((#10333));
#10333 = SURFACE_STYLE_USAGE(.BOTH.,#10334);
#10334 = SURFACE_SIDE_STYLE('',(#10335));
#10335 = SURFACE_STYLE_FILL_AREA(#10336);
#10336 = FILL_AREA_STYLE('',(#10337));
#10337 = FILL_AREA_STYLE_COLOUR('',#10309);
#10338 = STYLED_ITEM('color',(#10339),#4954);
#10339 = PRESENTATION_STYLE_ASSIGNMENT((#10340));
#10340 = SURFACE_STYLE_USAGE(.BOTH.,#10341);
#10341 = SURFACE_SIDE_STYLE('',(#10342));
#10342 = SURFACE_STYLE_FILL_AREA(#10343);
#10343 = FILL_AREA_STYLE('',(#10344));
#10344 = FILL_AREA_STYLE_COLOUR('',#10309);
#10345 = STYLED_ITEM('color',(#10346),#4971);
#10346 = PRESENTATION_STYLE_ASSIGNMENT((#10347));
#10347 = SURFACE_STYLE_USAGE(.BOTH.,#10348);
#10348 = SURFACE_SIDE_STYLE('',(#10349));
#10349 = SURFACE_STYLE_FILL_AREA(#10350);
#10350 = FILL_AREA_STYLE('',(#10351));
#10351 = FILL_AREA_STYLE_COLOUR('',#10309);
#10352 = STYLED_ITEM('color',(#10353),#4988);
#10353 = PRESENTATION_STYLE_ASSIGNMENT((#10354));
#10354 = SURFACE_STYLE_USAGE(.BOTH.,#10355);
#10355 = SURFACE_SIDE_STYLE('',(#10356));
#10356 = SURFACE_STYLE_FILL_AREA(#10357);
#10357 = FILL_AREA_STYLE('',(#10358));
#10358 = FILL_AREA_STYLE_COLOUR('',#10309);
#10359 = STYLED_ITEM('color',(#10360),#5005);
#10360 = PRESENTATION_STYLE_ASSIGNMENT((#10361));
#10361 = SURFACE_STYLE_USAGE(.BOTH.,#10362);
#10362 = SURFACE_SIDE_STYLE('',(#10363));
#10363 = SURFACE_STYLE_FILL_AREA(#10364);
#10364 = FILL_AREA_STYLE('',(#10365));
#10365 = FILL_AREA_STYLE_COLOUR('',#10309);
#10366 = STYLED_ITEM('color',(#10367),#5022);
#10367 = PRESENTATION_STYLE_ASSIGNMENT((#10368));
#10368 = SURFACE_STYLE_USAGE(.BOTH.,#10369);
#10369 = SURFACE_SIDE_STYLE('',(#10370));
#10370 = SURFACE_STYLE_FILL_AREA(#10371);
#10371 = FILL_AREA_STYLE('',(#10372));
#10372 = FILL_AREA_STYLE_COLOUR('',#10309);
#10373 = STYLED_ITEM('color',(#10374),#5034);
#10374 = PRESENTATION_STYLE_ASSIGNMENT((#10375));
#10375 = SURFACE_STYLE_USAGE(.BOTH.,#10376);
#10376 = SURFACE_SIDE_STYLE('',(#10377));
#10377 = SURFACE_STYLE_FILL_AREA(#10378);
#10378 = FILL_AREA_STYLE('',(#10379));
#10379 = FILL_AREA_STYLE_COLOUR('',#10380);
#10380 = COLOUR_RGB('',0.859000020776,0.737999965183,0.495999988746);
#10381 = STYLED_ITEM('color',(#10382),#5065);
#10382 = PRESENTATION_STYLE_ASSIGNMENT((#10383));
#10383 = SURFACE_STYLE_USAGE(.BOTH.,#10384);
#10384 = SURFACE_SIDE_STYLE('',(#10385));
#10385 = SURFACE_STYLE_FILL_AREA(#10386);
#10386 = FILL_AREA_STYLE('',(#10387));
#10387 = FILL_AREA_STYLE_COLOUR('',#10380);
#10388 = STYLED_ITEM('color',(#10389),#5089);
#10389 = PRESENTATION_STYLE_ASSIGNMENT((#10390));
#10390 = SURFACE_STYLE_USAGE(.BOTH.,#10391);
#10391 = SURFACE_SIDE_STYLE('',(#10392));
#10392 = SURFACE_STYLE_FILL_AREA(#10393);
#10393 = FILL_AREA_STYLE('',(#10394));
#10394 = FILL_AREA_STYLE_COLOUR('',#10380);
#10395 = STYLED_ITEM('color',(#10396),#5113);
#10396 = PRESENTATION_STYLE_ASSIGNMENT((#10397));
#10397 = SURFACE_STYLE_USAGE(.BOTH.,#10398);
#10398 = SURFACE_SIDE_STYLE('',(#10399));
#10399 = SURFACE_STYLE_FILL_AREA(#10400);
#10400 = FILL_AREA_STYLE('',(#10401));
#10401 = FILL_AREA_STYLE_COLOUR('',#10380);
#10402 = STYLED_ITEM('color',(#10403),#5130);
#10403 = PRESENTATION_STYLE_ASSIGNMENT((#10404));
#10404 = SURFACE_STYLE_USAGE(.BOTH.,#10405);
#10405 = SURFACE_SIDE_STYLE('',(#10406));
#10406 = SURFACE_STYLE_FILL_AREA(#10407);
#10407 = FILL_AREA_STYLE('',(#10408));
#10408 = FILL_AREA_STYLE_COLOUR('',#10380);
#10409 = STYLED_ITEM('color',(#10410),#5161);
#10410 = PRESENTATION_STYLE_ASSIGNMENT((#10411));
#10411 = SURFACE_STYLE_USAGE(.BOTH.,#10412);
#10412 = SURFACE_SIDE_STYLE('',(#10413));
#10413 = SURFACE_STYLE_FILL_AREA(#10414);
#10414 = FILL_AREA_STYLE('',(#10415));
#10415 = FILL_AREA_STYLE_COLOUR('',#10380);
#10416 = STYLED_ITEM('color',(#10417),#5185);
#10417 = PRESENTATION_STYLE_ASSIGNMENT((#10418));
#10418 = SURFACE_STYLE_USAGE(.BOTH.,#10419);
#10419 = SURFACE_SIDE_STYLE('',(#10420));
#10420 = SURFACE_STYLE_FILL_AREA(#10421);
#10421 = FILL_AREA_STYLE('',(#10422));
#10422 = FILL_AREA_STYLE_COLOUR('',#10380);
#10423 = STYLED_ITEM('color',(#10424),#5209);
#10424 = PRESENTATION_STYLE_ASSIGNMENT((#10425));
#10425 = SURFACE_STYLE_USAGE(.BOTH.,#10426);
#10426 = SURFACE_SIDE_STYLE('',(#10427));
#10427 = SURFACE_STYLE_FILL_AREA(#10428);
#10428 = FILL_AREA_STYLE('',(#10429));
#10429 = FILL_AREA_STYLE_COLOUR('',#10380);
#10430 = STYLED_ITEM('color',(#10431),#5226);
#10431 = PRESENTATION_STYLE_ASSIGNMENT((#10432));
#10432 = SURFACE_STYLE_USAGE(.BOTH.,#10433);
#10433 = SURFACE_SIDE_STYLE('',(#10434));
#10434 = SURFACE_STYLE_FILL_AREA(#10435);
#10435 = FILL_AREA_STYLE('',(#10436));
#10436 = FILL_AREA_STYLE_COLOUR('',#10380);
#10437 = STYLED_ITEM('color',(#10438),#5257);
#10438 = PRESENTATION_STYLE_ASSIGNMENT((#10439));
#10439 = SURFACE_STYLE_USAGE(.BOTH.,#10440);
#10440 = SURFACE_SIDE_STYLE('',(#10441));
#10441 = SURFACE_STYLE_FILL_AREA(#10442);
#10442 = FILL_AREA_STYLE('',(#10443));
#10443 = FILL_AREA_STYLE_COLOUR('',#10380);
#10444 = STYLED_ITEM('color',(#10445),#5281);
#10445 = PRESENTATION_STYLE_ASSIGNMENT((#10446));
#10446 = SURFACE_STYLE_USAGE(.BOTH.,#10447);
#10447 = SURFACE_SIDE_STYLE('',(#10448));
#10448 = SURFACE_STYLE_FILL_AREA(#10449);
#10449 = FILL_AREA_STYLE('',(#10450));
#10450 = FILL_AREA_STYLE_COLOUR('',#10380);
#10451 = STYLED_ITEM('color',(#10452),#5305);
#10452 = PRESENTATION_STYLE_ASSIGNMENT((#10453));
#10453 = SURFACE_STYLE_USAGE(.BOTH.,#10454);
#10454 = SURFACE_SIDE_STYLE('',(#10455));
#10455 = SURFACE_STYLE_FILL_AREA(#10456);
#10456 = FILL_AREA_STYLE('',(#10457));
#10457 = FILL_AREA_STYLE_COLOUR('',#10380);
#10458 = STYLED_ITEM('color',(#10459),#5322);
#10459 = PRESENTATION_STYLE_ASSIGNMENT((#10460));
#10460 = SURFACE_STYLE_USAGE(.BOTH.,#10461);
#10461 = SURFACE_SIDE_STYLE('',(#10462));
#10462 = SURFACE_STYLE_FILL_AREA(#10463);
#10463 = FILL_AREA_STYLE('',(#10464));
#10464 = FILL_AREA_STYLE_COLOUR('',#10380);
#10465 = STYLED_ITEM('color',(#10466),#5353);
#10466 = PRESENTATION_STYLE_ASSIGNMENT((#10467));
#10467 = SURFACE_STYLE_USAGE(.BOTH.,#10468);
#10468 = SURFACE_SIDE_STYLE('',(#10469));
#10469 = SURFACE_STYLE_FILL_AREA(#10470);
#10470 = FILL_AREA_STYLE('',(#10471));
#10471 = FILL_AREA_STYLE_COLOUR('',#10380);
#10472 = STYLED_ITEM('color',(#10473),#5377);
#10473 = PRESENTATION_STYLE_ASSIGNMENT((#10474));
#10474 = SURFACE_STYLE_USAGE(.BOTH.,#10475);
#10475 = SURFACE_SIDE_STYLE('',(#10476));
#10476 = SURFACE_STYLE_FILL_AREA(#10477);
#10477 = FILL_AREA_STYLE('',(#10478));
#10478 = FILL_AREA_STYLE_COLOUR('',#10380);
#10479 = STYLED_ITEM('color',(#10480),#5401);
#10480 = PRESENTATION_STYLE_ASSIGNMENT((#10481));
#10481 = SURFACE_STYLE_USAGE(.BOTH.,#10482);
#10482 = SURFACE_SIDE_STYLE('',(#10483));
#10483 = SURFACE_STYLE_FILL_AREA(#10484);
#10484 = FILL_AREA_STYLE('',(#10485));
#10485 = FILL_AREA_STYLE_COLOUR('',#10380);
#10486 = STYLED_ITEM('color',(#10487),#5418);
#10487 = PRESENTATION_STYLE_ASSIGNMENT((#10488));
#10488 = SURFACE_STYLE_USAGE(.BOTH.,#10489);
#10489 = SURFACE_SIDE_STYLE('',(#10490));
#10490 = SURFACE_STYLE_FILL_AREA(#10491);
#10491 = FILL_AREA_STYLE('',(#10492));
#10492 = FILL_AREA_STYLE_COLOUR('',#10380);
#10493 = STYLED_ITEM('color',(#10494),#5430);
#10494 = PRESENTATION_STYLE_ASSIGNMENT((#10495));
#10495 = SURFACE_STYLE_USAGE(.BOTH.,#10496);
#10496 = SURFACE_SIDE_STYLE('',(#10497));
#10497 = SURFACE_STYLE_FILL_AREA(#10498);
#10498 = FILL_AREA_STYLE('',(#10499));
#10499 = FILL_AREA_STYLE_COLOUR('',#10380);
#10500 = MECHANICAL_DESIGN_GEOMETRIC_PRESENTATION_REPRESENTATION('',(
    #10501,#10508,#10515,#10522,#10529,#10536,#10543,#10550,#10557,
    #10564,#10571,#10578,#10585,#10592,#10599,#10606,#10613,#10620,
    #10627,#10634,#10641,#10648,#10655,#10662,#10669,#10676,#10683,
    #10690,#10697,#10704,#10711,#10718,#10725,#10732,#10739,#10746,
    #10753,#10760,#10767,#10774,#10781,#10788,#10795,#10802,#10809,
    #10816,#10823,#10830,#10837,#10844,#10851,#10858),#3337);
#10501 = STYLED_ITEM('color',(#10502),#1907);
#10502 = PRESENTATION_STYLE_ASSIGNMENT((#10503));
#10503 = SURFACE_STYLE_USAGE(.BOTH.,#10504);
#10504 = SURFACE_SIDE_STYLE('',(#10505));
#10505 = SURFACE_STYLE_FILL_AREA(#10506);
#10506 = FILL_AREA_STYLE('',(#10507));
#10507 = FILL_AREA_STYLE_COLOUR('',#10309);
#10508 = STYLED_ITEM('color',(#10509),#1947);
#10509 = PRESENTATION_STYLE_ASSIGNMENT((#10510));
#10510 = SURFACE_STYLE_USAGE(.BOTH.,#10511);
#10511 = SURFACE_SIDE_STYLE('',(#10512));
#10512 = SURFACE_STYLE_FILL_AREA(#10513);
#10513 = FILL_AREA_STYLE('',(#10514));
#10514 = FILL_AREA_STYLE_COLOUR('',#10309);
#10515 = STYLED_ITEM('color',(#10516),#1978);
#10516 = PRESENTATION_STYLE_ASSIGNMENT((#10517));
#10517 = SURFACE_STYLE_USAGE(.BOTH.,#10518);
#10518 = SURFACE_SIDE_STYLE('',(#10519));
#10519 = SURFACE_STYLE_FILL_AREA(#10520);
#10520 = FILL_AREA_STYLE('',(#10521));
#10521 = FILL_AREA_STYLE_COLOUR('',#10309);
#10522 = STYLED_ITEM('color',(#10523),#2009);
#10523 = PRESENTATION_STYLE_ASSIGNMENT((#10524));
#10524 = SURFACE_STYLE_USAGE(.BOTH.,#10525);
#10525 = SURFACE_SIDE_STYLE('',(#10526));
#10526 = SURFACE_STYLE_FILL_AREA(#10527);
#10527 = FILL_AREA_STYLE('',(#10528));
#10528 = FILL_AREA_STYLE_COLOUR('',#10309);
#10529 = STYLED_ITEM('color',(#10530),#2174);
#10530 = PRESENTATION_STYLE_ASSIGNMENT((#10531));
#10531 = SURFACE_STYLE_USAGE(.BOTH.,#10532);
#10532 = SURFACE_SIDE_STYLE('',(#10533));
#10533 = SURFACE_STYLE_FILL_AREA(#10534);
#10534 = FILL_AREA_STYLE('',(#10535));
#10535 = FILL_AREA_STYLE_COLOUR('',#10309);
#10536 = STYLED_ITEM('color',(#10537),#2339);
#10537 = PRESENTATION_STYLE_ASSIGNMENT((#10538));
#10538 = SURFACE_STYLE_USAGE(.BOTH.,#10539);
#10539 = SURFACE_SIDE_STYLE('',(#10540));
#10540 = SURFACE_STYLE_FILL_AREA(#10541);
#10541 = FILL_AREA_STYLE('',(#10542));
#10542 = FILL_AREA_STYLE_COLOUR('',#10309);
#10543 = STYLED_ITEM('color',(#10544),#2356);
#10544 = PRESENTATION_STYLE_ASSIGNMENT((#10545));
#10545 = SURFACE_STYLE_USAGE(.BOTH.,#10546);
#10546 = SURFACE_SIDE_STYLE('',(#10547));
#10547 = SURFACE_STYLE_FILL_AREA(#10548);
#10548 = FILL_AREA_STYLE('',(#10549));
#10549 = FILL_AREA_STYLE_COLOUR('',#10309);
#10550 = STYLED_ITEM('color',(#10551),#2373);
#10551 = PRESENTATION_STYLE_ASSIGNMENT((#10552));
#10552 = SURFACE_STYLE_USAGE(.BOTH.,#10553);
#10553 = SURFACE_SIDE_STYLE('',(#10554));
#10554 = SURFACE_STYLE_FILL_AREA(#10555);
#10555 = FILL_AREA_STYLE('',(#10556));
#10556 = FILL_AREA_STYLE_COLOUR('',#10309);
#10557 = STYLED_ITEM('color',(#10558),#2390);
#10558 = PRESENTATION_STYLE_ASSIGNMENT((#10559));
#10559 = SURFACE_STYLE_USAGE(.BOTH.,#10560);
#10560 = SURFACE_SIDE_STYLE('',(#10561));
#10561 = SURFACE_STYLE_FILL_AREA(#10562);
#10562 = FILL_AREA_STYLE('',(#10563));
#10563 = FILL_AREA_STYLE_COLOUR('',#10309);
#10564 = STYLED_ITEM('color',(#10565),#2407);
#10565 = PRESENTATION_STYLE_ASSIGNMENT((#10566));
#10566 = SURFACE_STYLE_USAGE(.BOTH.,#10567);
#10567 = SURFACE_SIDE_STYLE('',(#10568));
#10568 = SURFACE_STYLE_FILL_AREA(#10569);
#10569 = FILL_AREA_STYLE('',(#10570));
#10570 = FILL_AREA_STYLE_COLOUR('',#10309);
#10571 = STYLED_ITEM('color',(#10572),#2424);
#10572 = PRESENTATION_STYLE_ASSIGNMENT((#10573));
#10573 = SURFACE_STYLE_USAGE(.BOTH.,#10574);
#10574 = SURFACE_SIDE_STYLE('',(#10575));
#10575 = SURFACE_STYLE_FILL_AREA(#10576);
#10576 = FILL_AREA_STYLE('',(#10577));
#10577 = FILL_AREA_STYLE_COLOUR('',#10309);
#10578 = STYLED_ITEM('color',(#10579),#2441);
#10579 = PRESENTATION_STYLE_ASSIGNMENT((#10580));
#10580 = SURFACE_STYLE_USAGE(.BOTH.,#10581);
#10581 = SURFACE_SIDE_STYLE('',(#10582));
#10582 = SURFACE_STYLE_FILL_AREA(#10583);
#10583 = FILL_AREA_STYLE('',(#10584));
#10584 = FILL_AREA_STYLE_COLOUR('',#10309);
#10585 = STYLED_ITEM('color',(#10586),#2458);
#10586 = PRESENTATION_STYLE_ASSIGNMENT((#10587));
#10587 = SURFACE_STYLE_USAGE(.BOTH.,#10588);
#10588 = SURFACE_SIDE_STYLE('',(#10589));
#10589 = SURFACE_STYLE_FILL_AREA(#10590);
#10590 = FILL_AREA_STYLE('',(#10591));
#10591 = FILL_AREA_STYLE_COLOUR('',#10309);
#10592 = STYLED_ITEM('color',(#10593),#2475);
#10593 = PRESENTATION_STYLE_ASSIGNMENT((#10594));
#10594 = SURFACE_STYLE_USAGE(.BOTH.,#10595);
#10595 = SURFACE_SIDE_STYLE('',(#10596));
#10596 = SURFACE_STYLE_FILL_AREA(#10597);
#10597 = FILL_AREA_STYLE('',(#10598));
#10598 = FILL_AREA_STYLE_COLOUR('',#10309);
#10599 = STYLED_ITEM('color',(#10600),#2492);
#10600 = PRESENTATION_STYLE_ASSIGNMENT((#10601));
#10601 = SURFACE_STYLE_USAGE(.BOTH.,#10602);
#10602 = SURFACE_SIDE_STYLE('',(#10603));
#10603 = SURFACE_STYLE_FILL_AREA(#10604);
#10604 = FILL_AREA_STYLE('',(#10605));
#10605 = FILL_AREA_STYLE_COLOUR('',#10309);
#10606 = STYLED_ITEM('color',(#10607),#2509);
#10607 = PRESENTATION_STYLE_ASSIGNMENT((#10608));
#10608 = SURFACE_STYLE_USAGE(.BOTH.,#10609);
#10609 = SURFACE_SIDE_STYLE('',(#10610));
#10610 = SURFACE_STYLE_FILL_AREA(#10611);
#10611 = FILL_AREA_STYLE('',(#10612));
#10612 = FILL_AREA_STYLE_COLOUR('',#10309);
#10613 = STYLED_ITEM('color',(#10614),#2521);
#10614 = PRESENTATION_STYLE_ASSIGNMENT((#10615));
#10615 = SURFACE_STYLE_USAGE(.BOTH.,#10616);
#10616 = SURFACE_SIDE_STYLE('',(#10617));
#10617 = SURFACE_STYLE_FILL_AREA(#10618);
#10618 = FILL_AREA_STYLE('',(#10619));
#10619 = FILL_AREA_STYLE_COLOUR('',#10380);
#10620 = STYLED_ITEM('color',(#10621),#2552);
#10621 = PRESENTATION_STYLE_ASSIGNMENT((#10622));
#10622 = SURFACE_STYLE_USAGE(.BOTH.,#10623);
#10623 = SURFACE_SIDE_STYLE('',(#10624));
#10624 = SURFACE_STYLE_FILL_AREA(#10625);
#10625 = FILL_AREA_STYLE('',(#10626));
#10626 = FILL_AREA_STYLE_COLOUR('',#10380);
#10627 = STYLED_ITEM('color',(#10628),#2576);
#10628 = PRESENTATION_STYLE_ASSIGNMENT((#10629));
#10629 = SURFACE_STYLE_USAGE(.BOTH.,#10630);
#10630 = SURFACE_SIDE_STYLE('',(#10631));
#10631 = SURFACE_STYLE_FILL_AREA(#10632);
#10632 = FILL_AREA_STYLE('',(#10633));
#10633 = FILL_AREA_STYLE_COLOUR('',#10380);
#10634 = STYLED_ITEM('color',(#10635),#2600);
#10635 = PRESENTATION_STYLE_ASSIGNMENT((#10636));
#10636 = SURFACE_STYLE_USAGE(.BOTH.,#10637);
#10637 = SURFACE_SIDE_STYLE('',(#10638));
#10638 = SURFACE_STYLE_FILL_AREA(#10639);
#10639 = FILL_AREA_STYLE('',(#10640));
#10640 = FILL_AREA_STYLE_COLOUR('',#10380);
#10641 = STYLED_ITEM('color',(#10642),#2617);
#10642 = PRESENTATION_STYLE_ASSIGNMENT((#10643));
#10643 = SURFACE_STYLE_USAGE(.BOTH.,#10644);
#10644 = SURFACE_SIDE_STYLE('',(#10645));
#10645 = SURFACE_STYLE_FILL_AREA(#10646);
#10646 = FILL_AREA_STYLE('',(#10647));
#10647 = FILL_AREA_STYLE_COLOUR('',#10380);
#10648 = STYLED_ITEM('color',(#10649),#2648);
#10649 = PRESENTATION_STYLE_ASSIGNMENT((#10650));
#10650 = SURFACE_STYLE_USAGE(.BOTH.,#10651);
#10651 = SURFACE_SIDE_STYLE('',(#10652));
#10652 = SURFACE_STYLE_FILL_AREA(#10653);
#10653 = FILL_AREA_STYLE('',(#10654));
#10654 = FILL_AREA_STYLE_COLOUR('',#10380);
#10655 = STYLED_ITEM('color',(#10656),#2672);
#10656 = PRESENTATION_STYLE_ASSIGNMENT((#10657));
#10657 = SURFACE_STYLE_USAGE(.BOTH.,#10658);
#10658 = SURFACE_SIDE_STYLE('',(#10659));
#10659 = SURFACE_STYLE_FILL_AREA(#10660);
#10660 = FILL_AREA_STYLE('',(#10661));
#10661 = FILL_AREA_STYLE_COLOUR('',#10380);
#10662 = STYLED_ITEM('color',(#10663),#2696);
#10663 = PRESENTATION_STYLE_ASSIGNMENT((#10664));
#10664 = SURFACE_STYLE_USAGE(.BOTH.,#10665);
#10665 = SURFACE_SIDE_STYLE('',(#10666));
#10666 = SURFACE_STYLE_FILL_AREA(#10667);
#10667 = FILL_AREA_STYLE('',(#10668));
#10668 = FILL_AREA_STYLE_COLOUR('',#10380);
#10669 = STYLED_ITEM('color',(#10670),#2713);
#10670 = PRESENTATION_STYLE_ASSIGNMENT((#10671));
#10671 = SURFACE_STYLE_USAGE(.BOTH.,#10672);
#10672 = SURFACE_SIDE_STYLE('',(#10673));
#10673 = SURFACE_STYLE_FILL_AREA(#10674);
#10674 = FILL_AREA_STYLE('',(#10675));
#10675 = FILL_AREA_STYLE_COLOUR('',#10380);
#10676 = STYLED_ITEM('color',(#10677),#2744);
#10677 = PRESENTATION_STYLE_ASSIGNMENT((#10678));
#10678 = SURFACE_STYLE_USAGE(.BOTH.,#10679);
#10679 = SURFACE_SIDE_STYLE('',(#10680));
#10680 = SURFACE_STYLE_FILL_AREA(#10681);
#10681 = FILL_AREA_STYLE('',(#10682));
#10682 = FILL_AREA_STYLE_COLOUR('',#10380);
#10683 = STYLED_ITEM('color',(#10684),#2768);
#10684 = PRESENTATION_STYLE_ASSIGNMENT((#10685));
#10685 = SURFACE_STYLE_USAGE(.BOTH.,#10686);
#10686 = SURFACE_SIDE_STYLE('',(#10687));
#10687 = SURFACE_STYLE_FILL_AREA(#10688);
#10688 = FILL_AREA_STYLE('',(#10689));
#10689 = FILL_AREA_STYLE_COLOUR('',#10380);
#10690 = STYLED_ITEM('color',(#10691),#2792);
#10691 = PRESENTATION_STYLE_ASSIGNMENT((#10692));
#10692 = SURFACE_STYLE_USAGE(.BOTH.,#10693);
#10693 = SURFACE_SIDE_STYLE('',(#10694));
#10694 = SURFACE_STYLE_FILL_AREA(#10695);
#10695 = FILL_AREA_STYLE('',(#10696));
#10696 = FILL_AREA_STYLE_COLOUR('',#10380);
#10697 = STYLED_ITEM('color',(#10698),#2809);
#10698 = PRESENTATION_STYLE_ASSIGNMENT((#10699));
#10699 = SURFACE_STYLE_USAGE(.BOTH.,#10700);
#10700 = SURFACE_SIDE_STYLE('',(#10701));
#10701 = SURFACE_STYLE_FILL_AREA(#10702);
#10702 = FILL_AREA_STYLE('',(#10703));
#10703 = FILL_AREA_STYLE_COLOUR('',#10380);
#10704 = STYLED_ITEM('color',(#10705),#2840);
#10705 = PRESENTATION_STYLE_ASSIGNMENT((#10706));
#10706 = SURFACE_STYLE_USAGE(.BOTH.,#10707);
#10707 = SURFACE_SIDE_STYLE('',(#10708));
#10708 = SURFACE_STYLE_FILL_AREA(#10709);
#10709 = FILL_AREA_STYLE('',(#10710));
#10710 = FILL_AREA_STYLE_COLOUR('',#10380);
#10711 = STYLED_ITEM('color',(#10712),#2864);
#10712 = PRESENTATION_STYLE_ASSIGNMENT((#10713));
#10713 = SURFACE_STYLE_USAGE(.BOTH.,#10714);
#10714 = SURFACE_SIDE_STYLE('',(#10715));
#10715 = SURFACE_STYLE_FILL_AREA(#10716);
#10716 = FILL_AREA_STYLE('',(#10717));
#10717 = FILL_AREA_STYLE_COLOUR('',#10380);
#10718 = STYLED_ITEM('color',(#10719),#2888);
#10719 = PRESENTATION_STYLE_ASSIGNMENT((#10720));
#10720 = SURFACE_STYLE_USAGE(.BOTH.,#10721);
#10721 = SURFACE_SIDE_STYLE('',(#10722));
#10722 = SURFACE_STYLE_FILL_AREA(#10723);
#10723 = FILL_AREA_STYLE('',(#10724));
#10724 = FILL_AREA_STYLE_COLOUR('',#10380);
#10725 = STYLED_ITEM('color',(#10726),#2905);
#10726 = PRESENTATION_STYLE_ASSIGNMENT((#10727));
#10727 = SURFACE_STYLE_USAGE(.BOTH.,#10728);
#10728 = SURFACE_SIDE_STYLE('',(#10729));
#10729 = SURFACE_STYLE_FILL_AREA(#10730);
#10730 = FILL_AREA_STYLE('',(#10731));
#10731 = FILL_AREA_STYLE_COLOUR('',#10380);
#10732 = STYLED_ITEM('color',(#10733),#2936);
#10733 = PRESENTATION_STYLE_ASSIGNMENT((#10734));
#10734 = SURFACE_STYLE_USAGE(.BOTH.,#10735);
#10735 = SURFACE_SIDE_STYLE('',(#10736));
#10736 = SURFACE_STYLE_FILL_AREA(#10737);
#10737 = FILL_AREA_STYLE('',(#10738));
#10738 = FILL_AREA_STYLE_COLOUR('',#10380);
#10739 = STYLED_ITEM('color',(#10740),#2960);
#10740 = PRESENTATION_STYLE_ASSIGNMENT((#10741));
#10741 = SURFACE_STYLE_USAGE(.BOTH.,#10742);
#10742 = SURFACE_SIDE_STYLE('',(#10743));
#10743 = SURFACE_STYLE_FILL_AREA(#10744);
#10744 = FILL_AREA_STYLE('',(#10745));
#10745 = FILL_AREA_STYLE_COLOUR('',#10380);
#10746 = STYLED_ITEM('color',(#10747),#2984);
#10747 = PRESENTATION_STYLE_ASSIGNMENT((#10748));
#10748 = SURFACE_STYLE_USAGE(.BOTH.,#10749);
#10749 = SURFACE_SIDE_STYLE('',(#10750));
#10750 = SURFACE_STYLE_FILL_AREA(#10751);
#10751 = FILL_AREA_STYLE('',(#10752));
#10752 = FILL_AREA_STYLE_COLOUR('',#10380);
#10753 = STYLED_ITEM('color',(#10754),#3001);
#10754 = PRESENTATION_STYLE_ASSIGNMENT((#10755));
#10755 = SURFACE_STYLE_USAGE(.BOTH.,#10756);
#10756 = SURFACE_SIDE_STYLE('',(#10757));
#10757 = SURFACE_STYLE_FILL_AREA(#10758);
#10758 = FILL_AREA_STYLE('',(#10759));
#10759 = FILL_AREA_STYLE_COLOUR('',#10380);
#10760 = STYLED_ITEM('color',(#10761),#3032);
#10761 = PRESENTATION_STYLE_ASSIGNMENT((#10762));
#10762 = SURFACE_STYLE_USAGE(.BOTH.,#10763);
#10763 = SURFACE_SIDE_STYLE('',(#10764));
#10764 = SURFACE_STYLE_FILL_AREA(#10765);
#10765 = FILL_AREA_STYLE('',(#10766));
#10766 = FILL_AREA_STYLE_COLOUR('',#10380);
#10767 = STYLED_ITEM('color',(#10768),#3056);
#10768 = PRESENTATION_STYLE_ASSIGNMENT((#10769));
#10769 = SURFACE_STYLE_USAGE(.BOTH.,#10770);
#10770 = SURFACE_SIDE_STYLE('',(#10771));
#10771 = SURFACE_STYLE_FILL_AREA(#10772);
#10772 = FILL_AREA_STYLE('',(#10773));
#10773 = FILL_AREA_STYLE_COLOUR('',#10380);
#10774 = STYLED_ITEM('color',(#10775),#3080);
#10775 = PRESENTATION_STYLE_ASSIGNMENT((#10776));
#10776 = SURFACE_STYLE_USAGE(.BOTH.,#10777);
#10777 = SURFACE_SIDE_STYLE('',(#10778));
#10778 = SURFACE_STYLE_FILL_AREA(#10779);
#10779 = FILL_AREA_STYLE('',(#10780));
#10780 = FILL_AREA_STYLE_COLOUR('',#10380);
#10781 = STYLED_ITEM('color',(#10782),#3097);
#10782 = PRESENTATION_STYLE_ASSIGNMENT((#10783));
#10783 = SURFACE_STYLE_USAGE(.BOTH.,#10784);
#10784 = SURFACE_SIDE_STYLE('',(#10785));
#10785 = SURFACE_STYLE_FILL_AREA(#10786);
#10786 = FILL_AREA_STYLE('',(#10787));
#10787 = FILL_AREA_STYLE_COLOUR('',#10380);
#10788 = STYLED_ITEM('color',(#10789),#3128);
#10789 = PRESENTATION_STYLE_ASSIGNMENT((#10790));
#10790 = SURFACE_STYLE_USAGE(.BOTH.,#10791);
#10791 = SURFACE_SIDE_STYLE('',(#10792));
#10792 = SURFACE_STYLE_FILL_AREA(#10793);
#10793 = FILL_AREA_STYLE('',(#10794));
#10794 = FILL_AREA_STYLE_COLOUR('',#10380);
#10795 = STYLED_ITEM('color',(#10796),#3152);
#10796 = PRESENTATION_STYLE_ASSIGNMENT((#10797));
#10797 = SURFACE_STYLE_USAGE(.BOTH.,#10798);
#10798 = SURFACE_SIDE_STYLE('',(#10799));
#10799 = SURFACE_STYLE_FILL_AREA(#10800);
#10800 = FILL_AREA_STYLE('',(#10801));
#10801 = FILL_AREA_STYLE_COLOUR('',#10380);
#10802 = STYLED_ITEM('color',(#10803),#3176);
#10803 = PRESENTATION_STYLE_ASSIGNMENT((#10804));
#10804 = SURFACE_STYLE_USAGE(.BOTH.,#10805);
#10805 = SURFACE_SIDE_STYLE('',(#10806));
#10806 = SURFACE_STYLE_FILL_AREA(#10807);
#10807 = FILL_AREA_STYLE('',(#10808));
#10808 = FILL_AREA_STYLE_COLOUR('',#10380);
#10809 = STYLED_ITEM('color',(#10810),#3193);
#10810 = PRESENTATION_STYLE_ASSIGNMENT((#10811));
#10811 = SURFACE_STYLE_USAGE(.BOTH.,#10812);
#10812 = SURFACE_SIDE_STYLE('',(#10813));
#10813 = SURFACE_STYLE_FILL_AREA(#10814);
#10814 = FILL_AREA_STYLE('',(#10815));
#10815 = FILL_AREA_STYLE_COLOUR('',#10380);
#10816 = STYLED_ITEM('color',(#10817),#3224);
#10817 = PRESENTATION_STYLE_ASSIGNMENT((#10818));
#10818 = SURFACE_STYLE_USAGE(.BOTH.,#10819);
#10819 = SURFACE_SIDE_STYLE('',(#10820));
#10820 = SURFACE_STYLE_FILL_AREA(#10821);
#10821 = FILL_AREA_STYLE('',(#10822));
#10822 = FILL_AREA_STYLE_COLOUR('',#10380);
#10823 = STYLED_ITEM('color',(#10824),#3248);
#10824 = PRESENTATION_STYLE_ASSIGNMENT((#10825));
#10825 = SURFACE_STYLE_USAGE(.BOTH.,#10826);
#10826 = SURFACE_SIDE_STYLE('',(#10827));
#10827 = SURFACE_STYLE_FILL_AREA(#10828);
#10828 = FILL_AREA_STYLE('',(#10829));
#10829 = FILL_AREA_STYLE_COLOUR('',#10380);
#10830 = STYLED_ITEM('color',(#10831),#3272);
#10831 = PRESENTATION_STYLE_ASSIGNMENT((#10832));
#10832 = SURFACE_STYLE_USAGE(.BOTH.,#10833);
#10833 = SURFACE_SIDE_STYLE('',(#10834));
#10834 = SURFACE_STYLE_FILL_AREA(#10835);
#10835 = FILL_AREA_STYLE('',(#10836));
#10836 = FILL_AREA_STYLE_COLOUR('',#10380);
#10837 = STYLED_ITEM('color',(#10838),#3289);
#10838 = PRESENTATION_STYLE_ASSIGNMENT((#10839));
#10839 = SURFACE_STYLE_USAGE(.BOTH.,#10840);
#10840 = SURFACE_SIDE_STYLE('',(#10841));
#10841 = SURFACE_STYLE_FILL_AREA(#10842);
#10842 = FILL_AREA_STYLE('',(#10843));
#10843 = FILL_AREA_STYLE_COLOUR('',#10380);
#10844 = STYLED_ITEM('color',(#10845),#3301);
#10845 = PRESENTATION_STYLE_ASSIGNMENT((#10846));
#10846 = SURFACE_STYLE_USAGE(.BOTH.,#10847);
#10847 = SURFACE_SIDE_STYLE('',(#10848));
#10848 = SURFACE_STYLE_FILL_AREA(#10849);
#10849 = FILL_AREA_STYLE('',(#10850));
#10850 = FILL_AREA_STYLE_COLOUR('',#10380);
#10851 = STYLED_ITEM('color',(#10852),#3313);
#10852 = PRESENTATION_STYLE_ASSIGNMENT((#10853));
#10853 = SURFACE_STYLE_USAGE(.BOTH.,#10854);
#10854 = SURFACE_SIDE_STYLE('',(#10855));
#10855 = SURFACE_STYLE_FILL_AREA(#10856);
#10856 = FILL_AREA_STYLE('',(#10857));
#10857 = FILL_AREA_STYLE_COLOUR('',#10380);
#10858 = STYLED_ITEM('color',(#10859),#3325);
#10859 = PRESENTATION_STYLE_ASSIGNMENT((#10860));
#10860 = SURFACE_STYLE_USAGE(.BOTH.,#10861);
#10861 = SURFACE_SIDE_STYLE('',(#10862));
#10862 = SURFACE_STYLE_FILL_AREA(#10863);
#10863 = FILL_AREA_STYLE('',(#10864));
#10864 = FILL_AREA_STYLE_COLOUR('',#10380);
#10865 = MECHANICAL_DESIGN_GEOMETRIC_PRESENTATION_REPRESENTATION('',(
    #10866,#10873,#10880,#10887,#10894,#10901,#10908,#10915,#10922,
    #10929,#10936,#10944,#10951,#10958,#10965,#10972,#10979,#10986,
    #10993,#11000,#11007,#11014,#11021,#11028,#11035,#11042,#11049,
    #11056),#1006);
#10866 = STYLED_ITEM('color',(#10867),#154);
#10867 = PRESENTATION_STYLE_ASSIGNMENT((#10868));
#10868 = SURFACE_STYLE_USAGE(.BOTH.,#10869);
#10869 = SURFACE_SIDE_STYLE('',(#10870));
#10870 = SURFACE_STYLE_FILL_AREA(#10871);
#10871 = FILL_AREA_STYLE('',(#10872));
#10872 = FILL_AREA_STYLE_COLOUR('',#10123);
#10873 = STYLED_ITEM('color',(#10874),#230);
#10874 = PRESENTATION_STYLE_ASSIGNMENT((#10875));
#10875 = SURFACE_STYLE_USAGE(.BOTH.,#10876);
#10876 = SURFACE_SIDE_STYLE('',(#10877));
#10877 = SURFACE_STYLE_FILL_AREA(#10878);
#10878 = FILL_AREA_STYLE('',(#10879));
#10879 = FILL_AREA_STYLE_COLOUR('',#10123);
#10880 = STYLED_ITEM('color',(#10881),#261);
#10881 = PRESENTATION_STYLE_ASSIGNMENT((#10882));
#10882 = SURFACE_STYLE_USAGE(.BOTH.,#10883);
#10883 = SURFACE_SIDE_STYLE('',(#10884));
#10884 = SURFACE_STYLE_FILL_AREA(#10885);
#10885 = FILL_AREA_STYLE('',(#10886));
#10886 = FILL_AREA_STYLE_COLOUR('',#10123);
#10887 = STYLED_ITEM('color',(#10888),#286);
#10888 = PRESENTATION_STYLE_ASSIGNMENT((#10889));
#10889 = SURFACE_STYLE_USAGE(.BOTH.,#10890);
#10890 = SURFACE_SIDE_STYLE('',(#10891));
#10891 = SURFACE_STYLE_FILL_AREA(#10892);
#10892 = FILL_AREA_STYLE('',(#10893));
#10893 = FILL_AREA_STYLE_COLOUR('',#10123);
#10894 = STYLED_ITEM('color',(#10895),#311);
#10895 = PRESENTATION_STYLE_ASSIGNMENT((#10896));
#10896 = SURFACE_STYLE_USAGE(.BOTH.,#10897);
#10897 = SURFACE_SIDE_STYLE('',(#10898));
#10898 = SURFACE_STYLE_FILL_AREA(#10899);
#10899 = FILL_AREA_STYLE('',(#10900));
#10900 = FILL_AREA_STYLE_COLOUR('',#10123);
#10901 = STYLED_ITEM('color',(#10902),#335);
#10902 = PRESENTATION_STYLE_ASSIGNMENT((#10903));
#10903 = SURFACE_STYLE_USAGE(.BOTH.,#10904);
#10904 = SURFACE_SIDE_STYLE('',(#10905));
#10905 = SURFACE_STYLE_FILL_AREA(#10906);
#10906 = FILL_AREA_STYLE('',(#10907));
#10907 = FILL_AREA_STYLE_COLOUR('',#10123);
#10908 = STYLED_ITEM('color',(#10909),#359);
#10909 = PRESENTATION_STYLE_ASSIGNMENT((#10910));
#10910 = SURFACE_STYLE_USAGE(.BOTH.,#10911);
#10911 = SURFACE_SIDE_STYLE('',(#10912));
#10912 = SURFACE_STYLE_FILL_AREA(#10913);
#10913 = FILL_AREA_STYLE('',(#10914));
#10914 = FILL_AREA_STYLE_COLOUR('',#10123);
#10915 = STYLED_ITEM('color',(#10916),#384);
#10916 = PRESENTATION_STYLE_ASSIGNMENT((#10917));
#10917 = SURFACE_STYLE_USAGE(.BOTH.,#10918);
#10918 = SURFACE_SIDE_STYLE('',(#10919));
#10919 = SURFACE_STYLE_FILL_AREA(#10920);
#10920 = FILL_AREA_STYLE('',(#10921));
#10921 = FILL_AREA_STYLE_COLOUR('',#10123);
#10922 = STYLED_ITEM('color',(#10923),#409);
#10923 = PRESENTATION_STYLE_ASSIGNMENT((#10924));
#10924 = SURFACE_STYLE_USAGE(.BOTH.,#10925);
#10925 = SURFACE_SIDE_STYLE('',(#10926));
#10926 = SURFACE_STYLE_FILL_AREA(#10927);
#10927 = FILL_AREA_STYLE('',(#10928));
#10928 = FILL_AREA_STYLE_COLOUR('',#10123);
#10929 = STYLED_ITEM('color',(#10930),#426);
#10930 = PRESENTATION_STYLE_ASSIGNMENT((#10931));
#10931 = SURFACE_STYLE_USAGE(.BOTH.,#10932);
#10932 = SURFACE_SIDE_STYLE('',(#10933));
#10933 = SURFACE_STYLE_FILL_AREA(#10934);
#10934 = FILL_AREA_STYLE('',(#10935));
#10935 = FILL_AREA_STYLE_COLOUR('',#10123);
#10936 = STYLED_ITEM('color',(#10937),#512);
#10937 = PRESENTATION_STYLE_ASSIGNMENT((#10938));
#10938 = SURFACE_STYLE_USAGE(.BOTH.,#10939);
#10939 = SURFACE_SIDE_STYLE('',(#10940));
#10940 = SURFACE_STYLE_FILL_AREA(#10941);
#10941 = FILL_AREA_STYLE('',(#10942));
#10942 = FILL_AREA_STYLE_COLOUR('',#10943);
#10943 = COLOUR_RGB('',0.379000005575,0.270000008848,0.214999999939);
#10944 = STYLED_ITEM('color',(#10945),#544);
#10945 = PRESENTATION_STYLE_ASSIGNMENT((#10946));
#10946 = SURFACE_STYLE_USAGE(.BOTH.,#10947);
#10947 = SURFACE_SIDE_STYLE('',(#10948));
#10948 = SURFACE_STYLE_FILL_AREA(#10949);
#10949 = FILL_AREA_STYLE('',(#10950));
#10950 = FILL_AREA_STYLE_COLOUR('',#10943);
#10951 = STYLED_ITEM('color',(#10952),#568);
#10952 = PRESENTATION_STYLE_ASSIGNMENT((#10953));
#10953 = SURFACE_STYLE_USAGE(.BOTH.,#10954);
#10954 = SURFACE_SIDE_STYLE('',(#10955));
#10955 = SURFACE_STYLE_FILL_AREA(#10956);
#10956 = FILL_AREA_STYLE('',(#10957));
#10957 = FILL_AREA_STYLE_COLOUR('',#10943);
#10958 = STYLED_ITEM('color',(#10959),#593);
#10959 = PRESENTATION_STYLE_ASSIGNMENT((#10960));
#10960 = SURFACE_STYLE_USAGE(.BOTH.,#10961);
#10961 = SURFACE_SIDE_STYLE('',(#10962));
#10962 = SURFACE_STYLE_FILL_AREA(#10963);
#10963 = FILL_AREA_STYLE('',(#10964));
#10964 = FILL_AREA_STYLE_COLOUR('',#10943);
#10965 = STYLED_ITEM('color',(#10966),#617);
#10966 = PRESENTATION_STYLE_ASSIGNMENT((#10967));
#10967 = SURFACE_STYLE_USAGE(.BOTH.,#10968);
#10968 = SURFACE_SIDE_STYLE('',(#10969));
#10969 = SURFACE_STYLE_FILL_AREA(#10970);
#10970 = FILL_AREA_STYLE('',(#10971));
#10971 = FILL_AREA_STYLE_COLOUR('',#10943);
#10972 = STYLED_ITEM('color',(#10973),#642);
#10973 = PRESENTATION_STYLE_ASSIGNMENT((#10974));
#10974 = SURFACE_STYLE_USAGE(.BOTH.,#10975);
#10975 = SURFACE_SIDE_STYLE('',(#10976));
#10976 = SURFACE_STYLE_FILL_AREA(#10977);
#10977 = FILL_AREA_STYLE('',(#10978));
#10978 = FILL_AREA_STYLE_COLOUR('',#10943);
#10979 = STYLED_ITEM('color',(#10980),#666);
#10980 = PRESENTATION_STYLE_ASSIGNMENT((#10981));
#10981 = SURFACE_STYLE_USAGE(.BOTH.,#10982);
#10982 = SURFACE_SIDE_STYLE('',(#10983));
#10983 = SURFACE_STYLE_FILL_AREA(#10984);
#10984 = FILL_AREA_STYLE('',(#10985));
#10985 = FILL_AREA_STYLE_COLOUR('',#10943);
#10986 = STYLED_ITEM('color',(#10987),#691);
#10987 = PRESENTATION_STYLE_ASSIGNMENT((#10988));
#10988 = SURFACE_STYLE_USAGE(.BOTH.,#10989);
#10989 = SURFACE_SIDE_STYLE('',(#10990));
#10990 = SURFACE_STYLE_FILL_AREA(#10991);
#10991 = FILL_AREA_STYLE('',(#10992));
#10992 = FILL_AREA_STYLE_COLOUR('',#10943);
#10993 = STYLED_ITEM('color',(#10994),#708);
#10994 = PRESENTATION_STYLE_ASSIGNMENT((#10995));
#10995 = SURFACE_STYLE_USAGE(.BOTH.,#10996);
#10996 = SURFACE_SIDE_STYLE('',(#10997));
#10997 = SURFACE_STYLE_FILL_AREA(#10998);
#10998 = FILL_AREA_STYLE('',(#10999));
#10999 = FILL_AREA_STYLE_COLOUR('',#10123);
#11000 = STYLED_ITEM('color',(#11001),#794);
#11001 = PRESENTATION_STYLE_ASSIGNMENT((#11002));
#11002 = SURFACE_STYLE_USAGE(.BOTH.,#11003);
#11003 = SURFACE_SIDE_STYLE('',(#11004));
#11004 = SURFACE_STYLE_FILL_AREA(#11005);
#11005 = FILL_AREA_STYLE('',(#11006));
#11006 = FILL_AREA_STYLE_COLOUR('',#10123);
#11007 = STYLED_ITEM('color',(#11008),#825);
#11008 = PRESENTATION_STYLE_ASSIGNMENT((#11009));
#11009 = SURFACE_STYLE_USAGE(.BOTH.,#11010);
#11010 = SURFACE_SIDE_STYLE('',(#11011));
#11011 = SURFACE_STYLE_FILL_AREA(#11012);
#11012 = FILL_AREA_STYLE('',(#11013));
#11013 = FILL_AREA_STYLE_COLOUR('',#10123);
#11014 = STYLED_ITEM('color',(#11015),#850);
#11015 = PRESENTATION_STYLE_ASSIGNMENT((#11016));
#11016 = SURFACE_STYLE_USAGE(.BOTH.,#11017);
#11017 = SURFACE_SIDE_STYLE('',(#11018));
#11018 = SURFACE_STYLE_FILL_AREA(#11019);
#11019 = FILL_AREA_STYLE('',(#11020));
#11020 = FILL_AREA_STYLE_COLOUR('',#10123);
#11021 = STYLED_ITEM('color',(#11022),#875);
#11022 = PRESENTATION_STYLE_ASSIGNMENT((#11023));
#11023 = SURFACE_STYLE_USAGE(.BOTH.,#11024);
#11024 = SURFACE_SIDE_STYLE('',(#11025));
#11025 = SURFACE_STYLE_FILL_AREA(#11026);
#11026 = FILL_AREA_STYLE('',(#11027));
#11027 = FILL_AREA_STYLE_COLOUR('',#10123);
#11028 = STYLED_ITEM('color',(#11029),#899);
#11029 = PRESENTATION_STYLE_ASSIGNMENT((#11030));
#11030 = SURFACE_STYLE_USAGE(.BOTH.,#11031);
#11031 = SURFACE_SIDE_STYLE('',(#11032));
#11032 = SURFACE_STYLE_FILL_AREA(#11033);
#11033 = FILL_AREA_STYLE('',(#11034));
#11034 = FILL_AREA_STYLE_COLOUR('',#10123);
#11035 = STYLED_ITEM('color',(#11036),#923);
#11036 = PRESENTATION_STYLE_ASSIGNMENT((#11037));
#11037 = SURFACE_STYLE_USAGE(.BOTH.,#11038);
#11038 = SURFACE_SIDE_STYLE('',(#11039));
#11039 = SURFACE_STYLE_FILL_AREA(#11040);
#11040 = FILL_AREA_STYLE('',(#11041));
#11041 = FILL_AREA_STYLE_COLOUR('',#10123);
#11042 = STYLED_ITEM('color',(#11043),#948);
#11043 = PRESENTATION_STYLE_ASSIGNMENT((#11044));
#11044 = SURFACE_STYLE_USAGE(.BOTH.,#11045);
#11045 = SURFACE_SIDE_STYLE('',(#11046));
#11046 = SURFACE_STYLE_FILL_AREA(#11047);
#11047 = FILL_AREA_STYLE('',(#11048));
#11048 = FILL_AREA_STYLE_COLOUR('',#10123);
#11049 = STYLED_ITEM('color',(#11050),#973);
#11050 = PRESENTATION_STYLE_ASSIGNMENT((#11051));
#11051 = SURFACE_STYLE_USAGE(.BOTH.,#11052);
#11052 = SURFACE_SIDE_STYLE('',(#11053));
#11053 = SURFACE_STYLE_FILL_AREA(#11054);
#11054 = FILL_AREA_STYLE('',(#11055));
#11055 = FILL_AREA_STYLE_COLOUR('',#10123);
#11056 = STYLED_ITEM('color',(#11057),#990);
#11057 = PRESENTATION_STYLE_ASSIGNMENT((#11058));
#11058 = SURFACE_STYLE_USAGE(.BOTH.,#11059);
#11059 = SURFACE_SIDE_STYLE('',(#11060));
#11060 = SURFACE_STYLE_FILL_AREA(#11061);
#11061 = FILL_AREA_STYLE('',(#11062));
#11062 = FILL_AREA_STYLE_COLOUR('',#10123);
#11063 = MECHANICAL_DESIGN_GEOMETRIC_PRESENTATION_REPRESENTATION('',(
    #11064),#10104);
#11064 = STYLED_ITEM('color',(#11065),#8293);
#11065 = PRESENTATION_STYLE_ASSIGNMENT((#11066));
#11066 = SURFACE_STYLE_USAGE(.BOTH.,#11067);
#11067 = SURFACE_SIDE_STYLE('',(#11068));
#11068 = SURFACE_STYLE_FILL_AREA(#11069);
#11069 = FILL_AREA_STYLE('',(#11070));
#11070 = FILL_AREA_STYLE_COLOUR('',#11071);
#11071 = COLOUR_RGB('',0.313304153717,0.484529207832,0.410020903123);
#11072 = MECHANICAL_DESIGN_GEOMETRIC_PRESENTATION_REPRESENTATION('',(
    #11073,#11080,#11087,#11094,#11101,#11108,#11115,#11122,#11129,
    #11136,#11143,#11150,#11157,#11164,#11171,#11178,#11185,#11192,
    #11199,#11206,#11213,#11220,#11227,#11234,#11241,#11248,#11255,
    #11262,#11269,#11276,#11283,#11290,#11297,#11304,#11311,#11318,
    #11325,#11332,#11339,#11346,#11353,#11360,#11367,#11374,#11381,
    #11388,#11395,#11402,#11409,#11416,#11423,#11430,#11437,#11444,
    #11451,#11458,#11465,#11472,#11479,#11486,#11493,#11500,#11507,
    #11514,#11521,#11528,#11535,#11542,#11549,#11556,#11563,#11570,
    #11577,#11584,#11591,#11598,#11605,#11612,#11619,#11626,#11633,
    #11640,#11647,#11654,#11661,#11668,#11675,#11682,#11689,#11696,
    #11703,#11710,#11717,#11724,#11731,#11738,#11745,#11752,#11759,
    #11766),#8264);
#11073 = STYLED_ITEM('color',(#11074),#5486);
#11074 = PRESENTATION_STYLE_ASSIGNMENT((#11075));
#11075 = SURFACE_STYLE_USAGE(.BOTH.,#11076);
#11076 = SURFACE_SIDE_STYLE('',(#11077));
#11077 = SURFACE_STYLE_FILL_AREA(#11078);
#11078 = FILL_AREA_STYLE('',(#11079));
#11079 = FILL_AREA_STYLE_COLOUR('',#10309);
#11080 = STYLED_ITEM('color',(#11081),#5526);
#11081 = PRESENTATION_STYLE_ASSIGNMENT((#11082));
#11082 = SURFACE_STYLE_USAGE(.BOTH.,#11083);
#11083 = SURFACE_SIDE_STYLE('',(#11084));
#11084 = SURFACE_STYLE_FILL_AREA(#11085);
#11085 = FILL_AREA_STYLE('',(#11086));
#11086 = FILL_AREA_STYLE_COLOUR('',#10309);
#11087 = STYLED_ITEM('color',(#11088),#5557);
#11088 = PRESENTATION_STYLE_ASSIGNMENT((#11089));
#11089 = SURFACE_STYLE_USAGE(.BOTH.,#11090);
#11090 = SURFACE_SIDE_STYLE('',(#11091));
#11091 = SURFACE_STYLE_FILL_AREA(#11092);
#11092 = FILL_AREA_STYLE('',(#11093));
#11093 = FILL_AREA_STYLE_COLOUR('',#10309);
#11094 = STYLED_ITEM('color',(#11095),#5588);
#11095 = PRESENTATION_STYLE_ASSIGNMENT((#11096));
#11096 = SURFACE_STYLE_USAGE(.BOTH.,#11097);
#11097 = SURFACE_SIDE_STYLE('',(#11098));
#11098 = SURFACE_STYLE_FILL_AREA(#11099);
#11099 = FILL_AREA_STYLE('',(#11100));
#11100 = FILL_AREA_STYLE_COLOUR('',#10309);
#11101 = STYLED_ITEM('color',(#11102),#5917);
#11102 = PRESENTATION_STYLE_ASSIGNMENT((#11103));
#11103 = SURFACE_STYLE_USAGE(.BOTH.,#11104);
#11104 = SURFACE_SIDE_STYLE('',(#11105));
#11105 = SURFACE_STYLE_FILL_AREA(#11106);
#11106 = FILL_AREA_STYLE('',(#11107));
#11107 = FILL_AREA_STYLE_COLOUR('',#10309);
#11108 = STYLED_ITEM('color',(#11109),#6246);
#11109 = PRESENTATION_STYLE_ASSIGNMENT((#11110));
#11110 = SURFACE_STYLE_USAGE(.BOTH.,#11111);
#11111 = SURFACE_SIDE_STYLE('',(#11112));
#11112 = SURFACE_STYLE_FILL_AREA(#11113);
#11113 = FILL_AREA_STYLE('',(#11114));
#11114 = FILL_AREA_STYLE_COLOUR('',#10309);
#11115 = STYLED_ITEM('color',(#11116),#6263);
#11116 = PRESENTATION_STYLE_ASSIGNMENT((#11117));
#11117 = SURFACE_STYLE_USAGE(.BOTH.,#11118);
#11118 = SURFACE_SIDE_STYLE('',(#11119));
#11119 = SURFACE_STYLE_FILL_AREA(#11120);
#11120 = FILL_AREA_STYLE('',(#11121));
#11121 = FILL_AREA_STYLE_COLOUR('',#10309);
#11122 = STYLED_ITEM('color',(#11123),#6280);
#11123 = PRESENTATION_STYLE_ASSIGNMENT((#11124));
#11124 = SURFACE_STYLE_USAGE(.BOTH.,#11125);
#11125 = SURFACE_SIDE_STYLE('',(#11126));
#11126 = SURFACE_STYLE_FILL_AREA(#11127);
#11127 = FILL_AREA_STYLE('',(#11128));
#11128 = FILL_AREA_STYLE_COLOUR('',#10309);
#11129 = STYLED_ITEM('color',(#11130),#6297);
#11130 = PRESENTATION_STYLE_ASSIGNMENT((#11131));
#11131 = SURFACE_STYLE_USAGE(.BOTH.,#11132);
#11132 = SURFACE_SIDE_STYLE('',(#11133));
#11133 = SURFACE_STYLE_FILL_AREA(#11134);
#11134 = FILL_AREA_STYLE('',(#11135));
#11135 = FILL_AREA_STYLE_COLOUR('',#10309);
#11136 = STYLED_ITEM('color',(#11137),#6314);
#11137 = PRESENTATION_STYLE_ASSIGNMENT((#11138));
#11138 = SURFACE_STYLE_USAGE(.BOTH.,#11139);
#11139 = SURFACE_SIDE_STYLE('',(#11140));
#11140 = SURFACE_STYLE_FILL_AREA(#11141);
#11141 = FILL_AREA_STYLE('',(#11142));
#11142 = FILL_AREA_STYLE_COLOUR('',#10309);
#11143 = STYLED_ITEM('color',(#11144),#6331);
#11144 = PRESENTATION_STYLE_ASSIGNMENT((#11145));
#11145 = SURFACE_STYLE_USAGE(.BOTH.,#11146);
#11146 = SURFACE_SIDE_STYLE('',(#11147));
#11147 = SURFACE_STYLE_FILL_AREA(#11148);
#11148 = FILL_AREA_STYLE('',(#11149));
#11149 = FILL_AREA_STYLE_COLOUR('',#10309);
#11150 = STYLED_ITEM('color',(#11151),#6348);
#11151 = PRESENTATION_STYLE_ASSIGNMENT((#11152));
#11152 = SURFACE_STYLE_USAGE(.BOTH.,#11153);
#11153 = SURFACE_SIDE_STYLE('',(#11154));
#11154 = SURFACE_STYLE_FILL_AREA(#11155);
#11155 = FILL_AREA_STYLE('',(#11156));
#11156 = FILL_AREA_STYLE_COLOUR('',#10309);
#11157 = STYLED_ITEM('color',(#11158),#6365);
#11158 = PRESENTATION_STYLE_ASSIGNMENT((#11159));
#11159 = SURFACE_STYLE_USAGE(.BOTH.,#11160);
#11160 = SURFACE_SIDE_STYLE('',(#11161));
#11161 = SURFACE_STYLE_FILL_AREA(#11162);
#11162 = FILL_AREA_STYLE('',(#11163));
#11163 = FILL_AREA_STYLE_COLOUR('',#10309);
#11164 = STYLED_ITEM('color',(#11165),#6382);
#11165 = PRESENTATION_STYLE_ASSIGNMENT((#11166));
#11166 = SURFACE_STYLE_USAGE(.BOTH.,#11167);
#11167 = SURFACE_SIDE_STYLE('',(#11168));
#11168 = SURFACE_STYLE_FILL_AREA(#11169);
#11169 = FILL_AREA_STYLE('',(#11170));
#11170 = FILL_AREA_STYLE_COLOUR('',#10309);
#11171 = STYLED_ITEM('color',(#11172),#6399);
#11172 = PRESENTATION_STYLE_ASSIGNMENT((#11173));
#11173 = SURFACE_STYLE_USAGE(.BOTH.,#11174);
#11174 = SURFACE_SIDE_STYLE('',(#11175));
#11175 = SURFACE_STYLE_FILL_AREA(#11176);
#11176 = FILL_AREA_STYLE('',(#11177));
#11177 = FILL_AREA_STYLE_COLOUR('',#10309);
#11178 = STYLED_ITEM('color',(#11179),#6416);
#11179 = PRESENTATION_STYLE_ASSIGNMENT((#11180));
#11180 = SURFACE_STYLE_USAGE(.BOTH.,#11181);
#11181 = SURFACE_SIDE_STYLE('',(#11182));
#11182 = SURFACE_STYLE_FILL_AREA(#11183);
#11183 = FILL_AREA_STYLE('',(#11184));
#11184 = FILL_AREA_STYLE_COLOUR('',#10309);
#11185 = STYLED_ITEM('color',(#11186),#6433);
#11186 = PRESENTATION_STYLE_ASSIGNMENT((#11187));
#11187 = SURFACE_STYLE_USAGE(.BOTH.,#11188);
#11188 = SURFACE_SIDE_STYLE('',(#11189));
#11189 = SURFACE_STYLE_FILL_AREA(#11190);
#11190 = FILL_AREA_STYLE('',(#11191));
#11191 = FILL_AREA_STYLE_COLOUR('',#10309);
#11192 = STYLED_ITEM('color',(#11193),#6450);
#11193 = PRESENTATION_STYLE_ASSIGNMENT((#11194));
#11194 = SURFACE_STYLE_USAGE(.BOTH.,#11195);
#11195 = SURFACE_SIDE_STYLE('',(#11196));
#11196 = SURFACE_STYLE_FILL_AREA(#11197);
#11197 = FILL_AREA_STYLE('',(#11198));
#11198 = FILL_AREA_STYLE_COLOUR('',#10309);
#11199 = STYLED_ITEM('color',(#11200),#6467);
#11200 = PRESENTATION_STYLE_ASSIGNMENT((#11201));
#11201 = SURFACE_STYLE_USAGE(.BOTH.,#11202);
#11202 = SURFACE_SIDE_STYLE('',(#11203));
#11203 = SURFACE_STYLE_FILL_AREA(#11204);
#11204 = FILL_AREA_STYLE('',(#11205));
#11205 = FILL_AREA_STYLE_COLOUR('',#10309);
#11206 = STYLED_ITEM('color',(#11207),#6484);
#11207 = PRESENTATION_STYLE_ASSIGNMENT((#11208));
#11208 = SURFACE_STYLE_USAGE(.BOTH.,#11209);
#11209 = SURFACE_SIDE_STYLE('',(#11210));
#11210 = SURFACE_STYLE_FILL_AREA(#11211);
#11211 = FILL_AREA_STYLE('',(#11212));
#11212 = FILL_AREA_STYLE_COLOUR('',#10309);
#11213 = STYLED_ITEM('color',(#11214),#6501);
#11214 = PRESENTATION_STYLE_ASSIGNMENT((#11215));
#11215 = SURFACE_STYLE_USAGE(.BOTH.,#11216);
#11216 = SURFACE_SIDE_STYLE('',(#11217));
#11217 = SURFACE_STYLE_FILL_AREA(#11218);
#11218 = FILL_AREA_STYLE('',(#11219));
#11219 = FILL_AREA_STYLE_COLOUR('',#10309);
#11220 = STYLED_ITEM('color',(#11221),#6518);
#11221 = PRESENTATION_STYLE_ASSIGNMENT((#11222));
#11222 = SURFACE_STYLE_USAGE(.BOTH.,#11223);
#11223 = SURFACE_SIDE_STYLE('',(#11224));
#11224 = SURFACE_STYLE_FILL_AREA(#11225);
#11225 = FILL_AREA_STYLE('',(#11226));
#11226 = FILL_AREA_STYLE_COLOUR('',#10309);
#11227 = STYLED_ITEM('color',(#11228),#6535);
#11228 = PRESENTATION_STYLE_ASSIGNMENT((#11229));
#11229 = SURFACE_STYLE_USAGE(.BOTH.,#11230);
#11230 = SURFACE_SIDE_STYLE('',(#11231));
#11231 = SURFACE_STYLE_FILL_AREA(#11232);
#11232 = FILL_AREA_STYLE('',(#11233));
#11233 = FILL_AREA_STYLE_COLOUR('',#10309);
#11234 = STYLED_ITEM('color',(#11235),#6552);
#11235 = PRESENTATION_STYLE_ASSIGNMENT((#11236));
#11236 = SURFACE_STYLE_USAGE(.BOTH.,#11237);
#11237 = SURFACE_SIDE_STYLE('',(#11238));
#11238 = SURFACE_STYLE_FILL_AREA(#11239);
#11239 = FILL_AREA_STYLE('',(#11240));
#11240 = FILL_AREA_STYLE_COLOUR('',#10309);
#11241 = STYLED_ITEM('color',(#11242),#6569);
#11242 = PRESENTATION_STYLE_ASSIGNMENT((#11243));
#11243 = SURFACE_STYLE_USAGE(.BOTH.,#11244);
#11244 = SURFACE_SIDE_STYLE('',(#11245));
#11245 = SURFACE_STYLE_FILL_AREA(#11246);
#11246 = FILL_AREA_STYLE('',(#11247));
#11247 = FILL_AREA_STYLE_COLOUR('',#10309);
#11248 = STYLED_ITEM('color',(#11249),#6586);
#11249 = PRESENTATION_STYLE_ASSIGNMENT((#11250));
#11250 = SURFACE_STYLE_USAGE(.BOTH.,#11251);
#11251 = SURFACE_SIDE_STYLE('',(#11252));
#11252 = SURFACE_STYLE_FILL_AREA(#11253);
#11253 = FILL_AREA_STYLE('',(#11254));
#11254 = FILL_AREA_STYLE_COLOUR('',#10309);
#11255 = STYLED_ITEM('color',(#11256),#6603);
#11256 = PRESENTATION_STYLE_ASSIGNMENT((#11257));
#11257 = SURFACE_STYLE_USAGE(.BOTH.,#11258);
#11258 = SURFACE_SIDE_STYLE('',(#11259));
#11259 = SURFACE_STYLE_FILL_AREA(#11260);
#11260 = FILL_AREA_STYLE('',(#11261));
#11261 = FILL_AREA_STYLE_COLOUR('',#10309);
#11262 = STYLED_ITEM('color',(#11263),#6620);
#11263 = PRESENTATION_STYLE_ASSIGNMENT((#11264));
#11264 = SURFACE_STYLE_USAGE(.BOTH.,#11265);
#11265 = SURFACE_SIDE_STYLE('',(#11266));
#11266 = SURFACE_STYLE_FILL_AREA(#11267);
#11267 = FILL_AREA_STYLE('',(#11268));
#11268 = FILL_AREA_STYLE_COLOUR('',#10309);
#11269 = STYLED_ITEM('color',(#11270),#6632);
#11270 = PRESENTATION_STYLE_ASSIGNMENT((#11271));
#11271 = SURFACE_STYLE_USAGE(.BOTH.,#11272);
#11272 = SURFACE_SIDE_STYLE('',(#11273));
#11273 = SURFACE_STYLE_FILL_AREA(#11274);
#11274 = FILL_AREA_STYLE('',(#11275));
#11275 = FILL_AREA_STYLE_COLOUR('',#10380);
#11276 = STYLED_ITEM('color',(#11277),#6663);
#11277 = PRESENTATION_STYLE_ASSIGNMENT((#11278));
#11278 = SURFACE_STYLE_USAGE(.BOTH.,#11279);
#11279 = SURFACE_SIDE_STYLE('',(#11280));
#11280 = SURFACE_STYLE_FILL_AREA(#11281);
#11281 = FILL_AREA_STYLE('',(#11282));
#11282 = FILL_AREA_STYLE_COLOUR('',#10380);
#11283 = STYLED_ITEM('color',(#11284),#6687);
#11284 = PRESENTATION_STYLE_ASSIGNMENT((#11285));
#11285 = SURFACE_STYLE_USAGE(.BOTH.,#11286);
#11286 = SURFACE_SIDE_STYLE('',(#11287));
#11287 = SURFACE_STYLE_FILL_AREA(#11288);
#11288 = FILL_AREA_STYLE('',(#11289));
#11289 = FILL_AREA_STYLE_COLOUR('',#10380);
#11290 = STYLED_ITEM('color',(#11291),#6711);
#11291 = PRESENTATION_STYLE_ASSIGNMENT((#11292));
#11292 = SURFACE_STYLE_USAGE(.BOTH.,#11293);
#11293 = SURFACE_SIDE_STYLE('',(#11294));
#11294 = SURFACE_STYLE_FILL_AREA(#11295);
#11295 = FILL_AREA_STYLE('',(#11296));
#11296 = FILL_AREA_STYLE_COLOUR('',#10380);
#11297 = STYLED_ITEM('color',(#11298),#6728);
#11298 = PRESENTATION_STYLE_ASSIGNMENT((#11299));
#11299 = SURFACE_STYLE_USAGE(.BOTH.,#11300);
#11300 = SURFACE_SIDE_STYLE('',(#11301));
#11301 = SURFACE_STYLE_FILL_AREA(#11302);
#11302 = FILL_AREA_STYLE('',(#11303));
#11303 = FILL_AREA_STYLE_COLOUR('',#10380);
#11304 = STYLED_ITEM('color',(#11305),#6759);
#11305 = PRESENTATION_STYLE_ASSIGNMENT((#11306));
#11306 = SURFACE_STYLE_USAGE(.BOTH.,#11307);
#11307 = SURFACE_SIDE_STYLE('',(#11308));
#11308 = SURFACE_STYLE_FILL_AREA(#11309);
#11309 = FILL_AREA_STYLE('',(#11310));
#11310 = FILL_AREA_STYLE_COLOUR('',#10380);
#11311 = STYLED_ITEM('color',(#11312),#6783);
#11312 = PRESENTATION_STYLE_ASSIGNMENT((#11313));
#11313 = SURFACE_STYLE_USAGE(.BOTH.,#11314);
#11314 = SURFACE_SIDE_STYLE('',(#11315));
#11315 = SURFACE_STYLE_FILL_AREA(#11316);
#11316 = FILL_AREA_STYLE('',(#11317));
#11317 = FILL_AREA_STYLE_COLOUR('',#10380);
#11318 = STYLED_ITEM('color',(#11319),#6807);
#11319 = PRESENTATION_STYLE_ASSIGNMENT((#11320));
#11320 = SURFACE_STYLE_USAGE(.BOTH.,#11321);
#11321 = SURFACE_SIDE_STYLE('',(#11322));
#11322 = SURFACE_STYLE_FILL_AREA(#11323);
#11323 = FILL_AREA_STYLE('',(#11324));
#11324 = FILL_AREA_STYLE_COLOUR('',#10380);
#11325 = STYLED_ITEM('color',(#11326),#6824);
#11326 = PRESENTATION_STYLE_ASSIGNMENT((#11327));
#11327 = SURFACE_STYLE_USAGE(.BOTH.,#11328);
#11328 = SURFACE_SIDE_STYLE('',(#11329));
#11329 = SURFACE_STYLE_FILL_AREA(#11330);
#11330 = FILL_AREA_STYLE('',(#11331));
#11331 = FILL_AREA_STYLE_COLOUR('',#10380);
#11332 = STYLED_ITEM('color',(#11333),#6855);
#11333 = PRESENTATION_STYLE_ASSIGNMENT((#11334));
#11334 = SURFACE_STYLE_USAGE(.BOTH.,#11335);
#11335 = SURFACE_SIDE_STYLE('',(#11336));
#11336 = SURFACE_STYLE_FILL_AREA(#11337);
#11337 = FILL_AREA_STYLE('',(#11338));
#11338 = FILL_AREA_STYLE_COLOUR('',#10380);
#11339 = STYLED_ITEM('color',(#11340),#6879);
#11340 = PRESENTATION_STYLE_ASSIGNMENT((#11341));
#11341 = SURFACE_STYLE_USAGE(.BOTH.,#11342);
#11342 = SURFACE_SIDE_STYLE('',(#11343));
#11343 = SURFACE_STYLE_FILL_AREA(#11344);
#11344 = FILL_AREA_STYLE('',(#11345));
#11345 = FILL_AREA_STYLE_COLOUR('',#10380);
#11346 = STYLED_ITEM('color',(#11347),#6903);
#11347 = PRESENTATION_STYLE_ASSIGNMENT((#11348));
#11348 = SURFACE_STYLE_USAGE(.BOTH.,#11349);
#11349 = SURFACE_SIDE_STYLE('',(#11350));
#11350 = SURFACE_STYLE_FILL_AREA(#11351);
#11351 = FILL_AREA_STYLE('',(#11352));
#11352 = FILL_AREA_STYLE_COLOUR('',#10380);
#11353 = STYLED_ITEM('color',(#11354),#6920);
#11354 = PRESENTATION_STYLE_ASSIGNMENT((#11355));
#11355 = SURFACE_STYLE_USAGE(.BOTH.,#11356);
#11356 = SURFACE_SIDE_STYLE('',(#11357));
#11357 = SURFACE_STYLE_FILL_AREA(#11358);
#11358 = FILL_AREA_STYLE('',(#11359));
#11359 = FILL_AREA_STYLE_COLOUR('',#10380);
#11360 = STYLED_ITEM('color',(#11361),#6951);
#11361 = PRESENTATION_STYLE_ASSIGNMENT((#11362));
#11362 = SURFACE_STYLE_USAGE(.BOTH.,#11363);
#11363 = SURFACE_SIDE_STYLE('',(#11364));
#11364 = SURFACE_STYLE_FILL_AREA(#11365);
#11365 = FILL_AREA_STYLE('',(#11366));
#11366 = FILL_AREA_STYLE_COLOUR('',#10380);
#11367 = STYLED_ITEM('color',(#11368),#6975);
#11368 = PRESENTATION_STYLE_ASSIGNMENT((#11369));
#11369 = SURFACE_STYLE_USAGE(.BOTH.,#11370);
#11370 = SURFACE_SIDE_STYLE('',(#11371));
#11371 = SURFACE_STYLE_FILL_AREA(#11372);
#11372 = FILL_AREA_STYLE('',(#11373));
#11373 = FILL_AREA_STYLE_COLOUR('',#10380);
#11374 = STYLED_ITEM('color',(#11375),#6999);
#11375 = PRESENTATION_STYLE_ASSIGNMENT((#11376));
#11376 = SURFACE_STYLE_USAGE(.BOTH.,#11377);
#11377 = SURFACE_SIDE_STYLE('',(#11378));
#11378 = SURFACE_STYLE_FILL_AREA(#11379);
#11379 = FILL_AREA_STYLE('',(#11380));
#11380 = FILL_AREA_STYLE_COLOUR('',#10380);
#11381 = STYLED_ITEM('color',(#11382),#7016);
#11382 = PRESENTATION_STYLE_ASSIGNMENT((#11383));
#11383 = SURFACE_STYLE_USAGE(.BOTH.,#11384);
#11384 = SURFACE_SIDE_STYLE('',(#11385));
#11385 = SURFACE_STYLE_FILL_AREA(#11386);
#11386 = FILL_AREA_STYLE('',(#11387));
#11387 = FILL_AREA_STYLE_COLOUR('',#10380);
#11388 = STYLED_ITEM('color',(#11389),#7047);
#11389 = PRESENTATION_STYLE_ASSIGNMENT((#11390));
#11390 = SURFACE_STYLE_USAGE(.BOTH.,#11391);
#11391 = SURFACE_SIDE_STYLE('',(#11392));
#11392 = SURFACE_STYLE_FILL_AREA(#11393);
#11393 = FILL_AREA_STYLE('',(#11394));
#11394 = FILL_AREA_STYLE_COLOUR('',#10380);
#11395 = STYLED_ITEM('color',(#11396),#7071);
#11396 = PRESENTATION_STYLE_ASSIGNMENT((#11397));
#11397 = SURFACE_STYLE_USAGE(.BOTH.,#11398);
#11398 = SURFACE_SIDE_STYLE('',(#11399));
#11399 = SURFACE_STYLE_FILL_AREA(#11400);
#11400 = FILL_AREA_STYLE('',(#11401));
#11401 = FILL_AREA_STYLE_COLOUR('',#10380);
#11402 = STYLED_ITEM('color',(#11403),#7095);
#11403 = PRESENTATION_STYLE_ASSIGNMENT((#11404));
#11404 = SURFACE_STYLE_USAGE(.BOTH.,#11405);
#11405 = SURFACE_SIDE_STYLE('',(#11406));
#11406 = SURFACE_STYLE_FILL_AREA(#11407);
#11407 = FILL_AREA_STYLE('',(#11408));
#11408 = FILL_AREA_STYLE_COLOUR('',#10380);
#11409 = STYLED_ITEM('color',(#11410),#7112);
#11410 = PRESENTATION_STYLE_ASSIGNMENT((#11411));
#11411 = SURFACE_STYLE_USAGE(.BOTH.,#11412);
#11412 = SURFACE_SIDE_STYLE('',(#11413));
#11413 = SURFACE_STYLE_FILL_AREA(#11414);
#11414 = FILL_AREA_STYLE('',(#11415));
#11415 = FILL_AREA_STYLE_COLOUR('',#10380);
#11416 = STYLED_ITEM('color',(#11417),#7143);
#11417 = PRESENTATION_STYLE_ASSIGNMENT((#11418));
#11418 = SURFACE_STYLE_USAGE(.BOTH.,#11419);
#11419 = SURFACE_SIDE_STYLE('',(#11420));
#11420 = SURFACE_STYLE_FILL_AREA(#11421);
#11421 = FILL_AREA_STYLE('',(#11422));
#11422 = FILL_AREA_STYLE_COLOUR('',#10380);
#11423 = STYLED_ITEM('color',(#11424),#7167);
#11424 = PRESENTATION_STYLE_ASSIGNMENT((#11425));
#11425 = SURFACE_STYLE_USAGE(.BOTH.,#11426);
#11426 = SURFACE_SIDE_STYLE('',(#11427));
#11427 = SURFACE_STYLE_FILL_AREA(#11428);
#11428 = FILL_AREA_STYLE('',(#11429));
#11429 = FILL_AREA_STYLE_COLOUR('',#10380);
#11430 = STYLED_ITEM('color',(#11431),#7191);
#11431 = PRESENTATION_STYLE_ASSIGNMENT((#11432));
#11432 = SURFACE_STYLE_USAGE(.BOTH.,#11433);
#11433 = SURFACE_SIDE_STYLE('',(#11434));
#11434 = SURFACE_STYLE_FILL_AREA(#11435);
#11435 = FILL_AREA_STYLE('',(#11436));
#11436 = FILL_AREA_STYLE_COLOUR('',#10380);
#11437 = STYLED_ITEM('color',(#11438),#7208);
#11438 = PRESENTATION_STYLE_ASSIGNMENT((#11439));
#11439 = SURFACE_STYLE_USAGE(.BOTH.,#11440);
#11440 = SURFACE_SIDE_STYLE('',(#11441));
#11441 = SURFACE_STYLE_FILL_AREA(#11442);
#11442 = FILL_AREA_STYLE('',(#11443));
#11443 = FILL_AREA_STYLE_COLOUR('',#10380);
#11444 = STYLED_ITEM('color',(#11445),#7239);
#11445 = PRESENTATION_STYLE_ASSIGNMENT((#11446));
#11446 = SURFACE_STYLE_USAGE(.BOTH.,#11447);
#11447 = SURFACE_SIDE_STYLE('',(#11448));
#11448 = SURFACE_STYLE_FILL_AREA(#11449);
#11449 = FILL_AREA_STYLE('',(#11450));
#11450 = FILL_AREA_STYLE_COLOUR('',#10380);
#11451 = STYLED_ITEM('color',(#11452),#7263);
#11452 = PRESENTATION_STYLE_ASSIGNMENT((#11453));
#11453 = SURFACE_STYLE_USAGE(.BOTH.,#11454);
#11454 = SURFACE_SIDE_STYLE('',(#11455));
#11455 = SURFACE_STYLE_FILL_AREA(#11456);
#11456 = FILL_AREA_STYLE('',(#11457));
#11457 = FILL_AREA_STYLE_COLOUR('',#10380);
#11458 = STYLED_ITEM('color',(#11459),#7287);
#11459 = PRESENTATION_STYLE_ASSIGNMENT((#11460));
#11460 = SURFACE_STYLE_USAGE(.BOTH.,#11461);
#11461 = SURFACE_SIDE_STYLE('',(#11462));
#11462 = SURFACE_STYLE_FILL_AREA(#11463);
#11463 = FILL_AREA_STYLE('',(#11464));
#11464 = FILL_AREA_STYLE_COLOUR('',#10380);
#11465 = STYLED_ITEM('color',(#11466),#7304);
#11466 = PRESENTATION_STYLE_ASSIGNMENT((#11467));
#11467 = SURFACE_STYLE_USAGE(.BOTH.,#11468);
#11468 = SURFACE_SIDE_STYLE('',(#11469));
#11469 = SURFACE_STYLE_FILL_AREA(#11470);
#11470 = FILL_AREA_STYLE('',(#11471));
#11471 = FILL_AREA_STYLE_COLOUR('',#10380);
#11472 = STYLED_ITEM('color',(#11473),#7335);
#11473 = PRESENTATION_STYLE_ASSIGNMENT((#11474));
#11474 = SURFACE_STYLE_USAGE(.BOTH.,#11475);
#11475 = SURFACE_SIDE_STYLE('',(#11476));
#11476 = SURFACE_STYLE_FILL_AREA(#11477);
#11477 = FILL_AREA_STYLE('',(#11478));
#11478 = FILL_AREA_STYLE_COLOUR('',#10380);
#11479 = STYLED_ITEM('color',(#11480),#7359);
#11480 = PRESENTATION_STYLE_ASSIGNMENT((#11481));
#11481 = SURFACE_STYLE_USAGE(.BOTH.,#11482);
#11482 = SURFACE_SIDE_STYLE('',(#11483));
#11483 = SURFACE_STYLE_FILL_AREA(#11484);
#11484 = FILL_AREA_STYLE('',(#11485));
#11485 = FILL_AREA_STYLE_COLOUR('',#10380);
#11486 = STYLED_ITEM('color',(#11487),#7383);
#11487 = PRESENTATION_STYLE_ASSIGNMENT((#11488));
#11488 = SURFACE_STYLE_USAGE(.BOTH.,#11489);
#11489 = SURFACE_SIDE_STYLE('',(#11490));
#11490 = SURFACE_STYLE_FILL_AREA(#11491);
#11491 = FILL_AREA_STYLE('',(#11492));
#11492 = FILL_AREA_STYLE_COLOUR('',#10380);
#11493 = STYLED_ITEM('color',(#11494),#7400);
#11494 = PRESENTATION_STYLE_ASSIGNMENT((#11495));
#11495 = SURFACE_STYLE_USAGE(.BOTH.,#11496);
#11496 = SURFACE_SIDE_STYLE('',(#11497));
#11497 = SURFACE_STYLE_FILL_AREA(#11498);
#11498 = FILL_AREA_STYLE('',(#11499));
#11499 = FILL_AREA_STYLE_COLOUR('',#10380);
#11500 = STYLED_ITEM('color',(#11501),#7431);
#11501 = PRESENTATION_STYLE_ASSIGNMENT((#11502));
#11502 = SURFACE_STYLE_USAGE(.BOTH.,#11503);
#11503 = SURFACE_SIDE_STYLE('',(#11504));
#11504 = SURFACE_STYLE_FILL_AREA(#11505);
#11505 = FILL_AREA_STYLE('',(#11506));
#11506 = FILL_AREA_STYLE_COLOUR('',#10380);
#11507 = STYLED_ITEM('color',(#11508),#7455);
#11508 = PRESENTATION_STYLE_ASSIGNMENT((#11509));
#11509 = SURFACE_STYLE_USAGE(.BOTH.,#11510);
#11510 = SURFACE_SIDE_STYLE('',(#11511));
#11511 = SURFACE_STYLE_FILL_AREA(#11512);
#11512 = FILL_AREA_STYLE('',(#11513));
#11513 = FILL_AREA_STYLE_COLOUR('',#10380);
#11514 = STYLED_ITEM('color',(#11515),#7479);
#11515 = PRESENTATION_STYLE_ASSIGNMENT((#11516));
#11516 = SURFACE_STYLE_USAGE(.BOTH.,#11517);
#11517 = SURFACE_SIDE_STYLE('',(#11518));
#11518 = SURFACE_STYLE_FILL_AREA(#11519);
#11519 = FILL_AREA_STYLE('',(#11520));
#11520 = FILL_AREA_STYLE_COLOUR('',#10380);
#11521 = STYLED_ITEM('color',(#11522),#7496);
#11522 = PRESENTATION_STYLE_ASSIGNMENT((#11523));
#11523 = SURFACE_STYLE_USAGE(.BOTH.,#11524);
#11524 = SURFACE_SIDE_STYLE('',(#11525));
#11525 = SURFACE_STYLE_FILL_AREA(#11526);
#11526 = FILL_AREA_STYLE('',(#11527));
#11527 = FILL_AREA_STYLE_COLOUR('',#10380);
#11528 = STYLED_ITEM('color',(#11529),#7527);
#11529 = PRESENTATION_STYLE_ASSIGNMENT((#11530));
#11530 = SURFACE_STYLE_USAGE(.BOTH.,#11531);
#11531 = SURFACE_SIDE_STYLE('',(#11532));
#11532 = SURFACE_STYLE_FILL_AREA(#11533);
#11533 = FILL_AREA_STYLE('',(#11534));
#11534 = FILL_AREA_STYLE_COLOUR('',#10380);
#11535 = STYLED_ITEM('color',(#11536),#7551);
#11536 = PRESENTATION_STYLE_ASSIGNMENT((#11537));
#11537 = SURFACE_STYLE_USAGE(.BOTH.,#11538);
#11538 = SURFACE_SIDE_STYLE('',(#11539));
#11539 = SURFACE_STYLE_FILL_AREA(#11540);
#11540 = FILL_AREA_STYLE('',(#11541));
#11541 = FILL_AREA_STYLE_COLOUR('',#10380);
#11542 = STYLED_ITEM('color',(#11543),#7575);
#11543 = PRESENTATION_STYLE_ASSIGNMENT((#11544));
#11544 = SURFACE_STYLE_USAGE(.BOTH.,#11545);
#11545 = SURFACE_SIDE_STYLE('',(#11546));
#11546 = SURFACE_STYLE_FILL_AREA(#11547);
#11547 = FILL_AREA_STYLE('',(#11548));
#11548 = FILL_AREA_STYLE_COLOUR('',#10380);
#11549 = STYLED_ITEM('color',(#11550),#7592);
#11550 = PRESENTATION_STYLE_ASSIGNMENT((#11551));
#11551 = SURFACE_STYLE_USAGE(.BOTH.,#11552);
#11552 = SURFACE_SIDE_STYLE('',(#11553));
#11553 = SURFACE_STYLE_FILL_AREA(#11554);
#11554 = FILL_AREA_STYLE('',(#11555));
#11555 = FILL_AREA_STYLE_COLOUR('',#10380);
#11556 = STYLED_ITEM('color',(#11557),#7623);
#11557 = PRESENTATION_STYLE_ASSIGNMENT((#11558));
#11558 = SURFACE_STYLE_USAGE(.BOTH.,#11559);
#11559 = SURFACE_SIDE_STYLE('',(#11560));
#11560 = SURFACE_STYLE_FILL_AREA(#11561);
#11561 = FILL_AREA_STYLE('',(#11562));
#11562 = FILL_AREA_STYLE_COLOUR('',#10380);
#11563 = STYLED_ITEM('color',(#11564),#7647);
#11564 = PRESENTATION_STYLE_ASSIGNMENT((#11565));
#11565 = SURFACE_STYLE_USAGE(.BOTH.,#11566);
#11566 = SURFACE_SIDE_STYLE('',(#11567));
#11567 = SURFACE_STYLE_FILL_AREA(#11568);
#11568 = FILL_AREA_STYLE('',(#11569));
#11569 = FILL_AREA_STYLE_COLOUR('',#10380);
#11570 = STYLED_ITEM('color',(#11571),#7671);
#11571 = PRESENTATION_STYLE_ASSIGNMENT((#11572));
#11572 = SURFACE_STYLE_USAGE(.BOTH.,#11573);
#11573 = SURFACE_SIDE_STYLE('',(#11574));
#11574 = SURFACE_STYLE_FILL_AREA(#11575);
#11575 = FILL_AREA_STYLE('',(#11576));
#11576 = FILL_AREA_STYLE_COLOUR('',#10380);
#11577 = STYLED_ITEM('color',(#11578),#7688);
#11578 = PRESENTATION_STYLE_ASSIGNMENT((#11579));
#11579 = SURFACE_STYLE_USAGE(.BOTH.,#11580);
#11580 = SURFACE_SIDE_STYLE('',(#11581));
#11581 = SURFACE_STYLE_FILL_AREA(#11582);
#11582 = FILL_AREA_STYLE('',(#11583));
#11583 = FILL_AREA_STYLE_COLOUR('',#10380);
#11584 = STYLED_ITEM('color',(#11585),#7719);
#11585 = PRESENTATION_STYLE_ASSIGNMENT((#11586));
#11586 = SURFACE_STYLE_USAGE(.BOTH.,#11587);
#11587 = SURFACE_SIDE_STYLE('',(#11588));
#11588 = SURFACE_STYLE_FILL_AREA(#11589);
#11589 = FILL_AREA_STYLE('',(#11590));
#11590 = FILL_AREA_STYLE_COLOUR('',#10380);
#11591 = STYLED_ITEM('color',(#11592),#7743);
#11592 = PRESENTATION_STYLE_ASSIGNMENT((#11593));
#11593 = SURFACE_STYLE_USAGE(.BOTH.,#11594);
#11594 = SURFACE_SIDE_STYLE('',(#11595));
#11595 = SURFACE_STYLE_FILL_AREA(#11596);
#11596 = FILL_AREA_STYLE('',(#11597));
#11597 = FILL_AREA_STYLE_COLOUR('',#10380);
#11598 = STYLED_ITEM('color',(#11599),#7767);
#11599 = PRESENTATION_STYLE_ASSIGNMENT((#11600));
#11600 = SURFACE_STYLE_USAGE(.BOTH.,#11601);
#11601 = SURFACE_SIDE_STYLE('',(#11602));
#11602 = SURFACE_STYLE_FILL_AREA(#11603);
#11603 = FILL_AREA_STYLE('',(#11604));
#11604 = FILL_AREA_STYLE_COLOUR('',#10380);
#11605 = STYLED_ITEM('color',(#11606),#7784);
#11606 = PRESENTATION_STYLE_ASSIGNMENT((#11607));
#11607 = SURFACE_STYLE_USAGE(.BOTH.,#11608);
#11608 = SURFACE_SIDE_STYLE('',(#11609));
#11609 = SURFACE_STYLE_FILL_AREA(#11610);
#11610 = FILL_AREA_STYLE('',(#11611));
#11611 = FILL_AREA_STYLE_COLOUR('',#10380);
#11612 = STYLED_ITEM('color',(#11613),#7815);
#11613 = PRESENTATION_STYLE_ASSIGNMENT((#11614));
#11614 = SURFACE_STYLE_USAGE(.BOTH.,#11615);
#11615 = SURFACE_SIDE_STYLE('',(#11616));
#11616 = SURFACE_STYLE_FILL_AREA(#11617);
#11617 = FILL_AREA_STYLE('',(#11618));
#11618 = FILL_AREA_STYLE_COLOUR('',#10380);
#11619 = STYLED_ITEM('color',(#11620),#7839);
#11620 = PRESENTATION_STYLE_ASSIGNMENT((#11621));
#11621 = SURFACE_STYLE_USAGE(.BOTH.,#11622);
#11622 = SURFACE_SIDE_STYLE('',(#11623));
#11623 = SURFACE_STYLE_FILL_AREA(#11624);
#11624 = FILL_AREA_STYLE('',(#11625));
#11625 = FILL_AREA_STYLE_COLOUR('',#10380);
#11626 = STYLED_ITEM('color',(#11627),#7863);
#11627 = PRESENTATION_STYLE_ASSIGNMENT((#11628));
#11628 = SURFACE_STYLE_USAGE(.BOTH.,#11629);
#11629 = SURFACE_SIDE_STYLE('',(#11630));
#11630 = SURFACE_STYLE_FILL_AREA(#11631);
#11631 = FILL_AREA_STYLE('',(#11632));
#11632 = FILL_AREA_STYLE_COLOUR('',#10380);
#11633 = STYLED_ITEM('color',(#11634),#7880);
#11634 = PRESENTATION_STYLE_ASSIGNMENT((#11635));
#11635 = SURFACE_STYLE_USAGE(.BOTH.,#11636);
#11636 = SURFACE_SIDE_STYLE('',(#11637));
#11637 = SURFACE_STYLE_FILL_AREA(#11638);
#11638 = FILL_AREA_STYLE('',(#11639));
#11639 = FILL_AREA_STYLE_COLOUR('',#10380);
#11640 = STYLED_ITEM('color',(#11641),#7911);
#11641 = PRESENTATION_STYLE_ASSIGNMENT((#11642));
#11642 = SURFACE_STYLE_USAGE(.BOTH.,#11643);
#11643 = SURFACE_SIDE_STYLE('',(#11644));
#11644 = SURFACE_STYLE_FILL_AREA(#11645);
#11645 = FILL_AREA_STYLE('',(#11646));
#11646 = FILL_AREA_STYLE_COLOUR('',#10380);
#11647 = STYLED_ITEM('color',(#11648),#7935);
#11648 = PRESENTATION_STYLE_ASSIGNMENT((#11649));
#11649 = SURFACE_STYLE_USAGE(.BOTH.,#11650);
#11650 = SURFACE_SIDE_STYLE('',(#11651));
#11651 = SURFACE_STYLE_FILL_AREA(#11652);
#11652 = FILL_AREA_STYLE('',(#11653));
#11653 = FILL_AREA_STYLE_COLOUR('',#10380);
#11654 = STYLED_ITEM('color',(#11655),#7959);
#11655 = PRESENTATION_STYLE_ASSIGNMENT((#11656));
#11656 = SURFACE_STYLE_USAGE(.BOTH.,#11657);
#11657 = SURFACE_SIDE_STYLE('',(#11658));
#11658 = SURFACE_STYLE_FILL_AREA(#11659);
#11659 = FILL_AREA_STYLE('',(#11660));
#11660 = FILL_AREA_STYLE_COLOUR('',#10380);
#11661 = STYLED_ITEM('color',(#11662),#7976);
#11662 = PRESENTATION_STYLE_ASSIGNMENT((#11663));
#11663 = SURFACE_STYLE_USAGE(.BOTH.,#11664);
#11664 = SURFACE_SIDE_STYLE('',(#11665));
#11665 = SURFACE_STYLE_FILL_AREA(#11666);
#11666 = FILL_AREA_STYLE('',(#11667));
#11667 = FILL_AREA_STYLE_COLOUR('',#10380);
#11668 = STYLED_ITEM('color',(#11669),#8007);
#11669 = PRESENTATION_STYLE_ASSIGNMENT((#11670));
#11670 = SURFACE_STYLE_USAGE(.BOTH.,#11671);
#11671 = SURFACE_SIDE_STYLE('',(#11672));
#11672 = SURFACE_STYLE_FILL_AREA(#11673);
#11673 = FILL_AREA_STYLE('',(#11674));
#11674 = FILL_AREA_STYLE_COLOUR('',#10380);
#11675 = STYLED_ITEM('color',(#11676),#8031);
#11676 = PRESENTATION_STYLE_ASSIGNMENT((#11677));
#11677 = SURFACE_STYLE_USAGE(.BOTH.,#11678);
#11678 = SURFACE_SIDE_STYLE('',(#11679));
#11679 = SURFACE_STYLE_FILL_AREA(#11680);
#11680 = FILL_AREA_STYLE('',(#11681));
#11681 = FILL_AREA_STYLE_COLOUR('',#10380);
#11682 = STYLED_ITEM('color',(#11683),#8055);
#11683 = PRESENTATION_STYLE_ASSIGNMENT((#11684));
#11684 = SURFACE_STYLE_USAGE(.BOTH.,#11685);
#11685 = SURFACE_SIDE_STYLE('',(#11686));
#11686 = SURFACE_STYLE_FILL_AREA(#11687);
#11687 = FILL_AREA_STYLE('',(#11688));
#11688 = FILL_AREA_STYLE_COLOUR('',#10380);
#11689 = STYLED_ITEM('color',(#11690),#8072);
#11690 = PRESENTATION_STYLE_ASSIGNMENT((#11691));
#11691 = SURFACE_STYLE_USAGE(.BOTH.,#11692);
#11692 = SURFACE_SIDE_STYLE('',(#11693));
#11693 = SURFACE_STYLE_FILL_AREA(#11694);
#11694 = FILL_AREA_STYLE('',(#11695));
#11695 = FILL_AREA_STYLE_COLOUR('',#10380);
#11696 = STYLED_ITEM('color',(#11697),#8103);
#11697 = PRESENTATION_STYLE_ASSIGNMENT((#11698));
#11698 = SURFACE_STYLE_USAGE(.BOTH.,#11699);
#11699 = SURFACE_SIDE_STYLE('',(#11700));
#11700 = SURFACE_STYLE_FILL_AREA(#11701);
#11701 = FILL_AREA_STYLE('',(#11702));
#11702 = FILL_AREA_STYLE_COLOUR('',#10380);
#11703 = STYLED_ITEM('color',(#11704),#8127);
#11704 = PRESENTATION_STYLE_ASSIGNMENT((#11705));
#11705 = SURFACE_STYLE_USAGE(.BOTH.,#11706);
#11706 = SURFACE_SIDE_STYLE('',(#11707));
#11707 = SURFACE_STYLE_FILL_AREA(#11708);
#11708 = FILL_AREA_STYLE('',(#11709));
#11709 = FILL_AREA_STYLE_COLOUR('',#10380);
#11710 = STYLED_ITEM('color',(#11711),#8151);
#11711 = PRESENTATION_STYLE_ASSIGNMENT((#11712));
#11712 = SURFACE_STYLE_USAGE(.BOTH.,#11713);
#11713 = SURFACE_SIDE_STYLE('',(#11714));
#11714 = SURFACE_STYLE_FILL_AREA(#11715);
#11715 = FILL_AREA_STYLE('',(#11716));
#11716 = FILL_AREA_STYLE_COLOUR('',#10380);
#11717 = STYLED_ITEM('color',(#11718),#8168);
#11718 = PRESENTATION_STYLE_ASSIGNMENT((#11719));
#11719 = SURFACE_STYLE_USAGE(.BOTH.,#11720);
#11720 = SURFACE_SIDE_STYLE('',(#11721));
#11721 = SURFACE_STYLE_FILL_AREA(#11722);
#11722 = FILL_AREA_STYLE('',(#11723));
#11723 = FILL_AREA_STYLE_COLOUR('',#10380);
#11724 = STYLED_ITEM('color',(#11725),#8180);
#11725 = PRESENTATION_STYLE_ASSIGNMENT((#11726));
#11726 = SURFACE_STYLE_USAGE(.BOTH.,#11727);
#11727 = SURFACE_SIDE_STYLE('',(#11728));
#11728 = SURFACE_STYLE_FILL_AREA(#11729);
#11729 = FILL_AREA_STYLE('',(#11730));
#11730 = FILL_AREA_STYLE_COLOUR('',#10380);
#11731 = STYLED_ITEM('color',(#11732),#8192);
#11732 = PRESENTATION_STYLE_ASSIGNMENT((#11733));
#11733 = SURFACE_STYLE_USAGE(.BOTH.,#11734);
#11734 = SURFACE_SIDE_STYLE('',(#11735));
#11735 = SURFACE_STYLE_FILL_AREA(#11736);
#11736 = FILL_AREA_STYLE('',(#11737));
#11737 = FILL_AREA_STYLE_COLOUR('',#10380);
#11738 = STYLED_ITEM('color',(#11739),#8204);
#11739 = PRESENTATION_STYLE_ASSIGNMENT((#11740));
#11740 = SURFACE_STYLE_USAGE(.BOTH.,#11741);
#11741 = SURFACE_SIDE_STYLE('',(#11742));
#11742 = SURFACE_STYLE_FILL_AREA(#11743);
#11743 = FILL_AREA_STYLE('',(#11744));
#11744 = FILL_AREA_STYLE_COLOUR('',#10380);
#11745 = STYLED_ITEM('color',(#11746),#8216);
#11746 = PRESENTATION_STYLE_ASSIGNMENT((#11747));
#11747 = SURFACE_STYLE_USAGE(.BOTH.,#11748);
#11748 = SURFACE_SIDE_STYLE('',(#11749));
#11749 = SURFACE_STYLE_FILL_AREA(#11750);
#11750 = FILL_AREA_STYLE('',(#11751));
#11751 = FILL_AREA_STYLE_COLOUR('',#10380);
#11752 = STYLED_ITEM('color',(#11753),#8228);
#11753 = PRESENTATION_STYLE_ASSIGNMENT((#11754));
#11754 = SURFACE_STYLE_USAGE(.BOTH.,#11755);
#11755 = SURFACE_SIDE_STYLE('',(#11756));
#11756 = SURFACE_STYLE_FILL_AREA(#11757);
#11757 = FILL_AREA_STYLE('',(#11758));
#11758 = FILL_AREA_STYLE_COLOUR('',#10380);
#11759 = STYLED_ITEM('color',(#11760),#8240);
#11760 = PRESENTATION_STYLE_ASSIGNMENT((#11761));
#11761 = SURFACE_STYLE_USAGE(.BOTH.,#11762);
#11762 = SURFACE_SIDE_STYLE('',(#11763));
#11763 = SURFACE_STYLE_FILL_AREA(#11764);
#11764 = FILL_AREA_STYLE('',(#11765));
#11765 = FILL_AREA_STYLE_COLOUR('',#10380);
#11766 = STYLED_ITEM('color',(#11767),#8252);
#11767 = PRESENTATION_STYLE_ASSIGNMENT((#11768));
#11768 = SURFACE_STYLE_USAGE(.BOTH.,#11769);
#11769 = SURFACE_SIDE_STYLE('',(#11770));
#11770 = SURFACE_STYLE_FILL_AREA(#11771);
#11771 = FILL_AREA_STYLE('',(#11772));
#11772 = FILL_AREA_STYLE_COLOUR('',#10380);
#11773 = MECHANICAL_DESIGN_GEOMETRIC_PRESENTATION_REPRESENTATION('',(
    #11774,#11781,#11788,#11795,#11802,#11809,#11816,#11823,#11830,
    #11837,#11844,#11851,#11858,#11865,#11872,#11879,#11886,#11893,
    #11900,#11907,#11914,#11921,#11928,#11935,#11942,#11949,#11956,
    #11963,#11970,#11977,#11984,#11992,#11999,#12006,#12013,#12020,
    #12027,#12034,#12041,#12048,#12055),#4642);
#11774 = STYLED_ITEM('color',(#11775),#3436);
#11775 = PRESENTATION_STYLE_ASSIGNMENT((#11776));
#11776 = SURFACE_STYLE_USAGE(.BOTH.,#11777);
#11777 = SURFACE_SIDE_STYLE('',(#11778));
#11778 = SURFACE_STYLE_FILL_AREA(#11779);
#11779 = FILL_AREA_STYLE('',(#11780));
#11780 = FILL_AREA_STYLE_COLOUR('',#10123);
#11781 = STYLED_ITEM('color',(#11782),#3476);
#11782 = PRESENTATION_STYLE_ASSIGNMENT((#11783));
#11783 = SURFACE_STYLE_USAGE(.BOTH.,#11784);
#11784 = SURFACE_SIDE_STYLE('',(#11785));
#11785 = SURFACE_STYLE_FILL_AREA(#11786);
#11786 = FILL_AREA_STYLE('',(#11787));
#11787 = FILL_AREA_STYLE_COLOUR('',#10123);
#11788 = STYLED_ITEM('color',(#11789),#3559);
#11789 = PRESENTATION_STYLE_ASSIGNMENT((#11790));
#11790 = SURFACE_STYLE_USAGE(.BOTH.,#11791);
#11791 = SURFACE_SIDE_STYLE('',(#11792));
#11792 = SURFACE_STYLE_FILL_AREA(#11793);
#11793 = FILL_AREA_STYLE('',(#11794));
#11794 = FILL_AREA_STYLE_COLOUR('',#10123);
#11795 = STYLED_ITEM('color',(#11796),#3584);
#11796 = PRESENTATION_STYLE_ASSIGNMENT((#11797));
#11797 = SURFACE_STYLE_USAGE(.BOTH.,#11798);
#11798 = SURFACE_SIDE_STYLE('',(#11799));
#11799 = SURFACE_STYLE_FILL_AREA(#11800);
#11800 = FILL_AREA_STYLE('',(#11801));
#11801 = FILL_AREA_STYLE_COLOUR('',#10123);
#11802 = STYLED_ITEM('color',(#11803),#3659);
#11803 = PRESENTATION_STYLE_ASSIGNMENT((#11804));
#11804 = SURFACE_STYLE_USAGE(.BOTH.,#11805);
#11805 = SURFACE_SIDE_STYLE('',(#11806));
#11806 = SURFACE_STYLE_FILL_AREA(#11807);
#11807 = FILL_AREA_STYLE('',(#11808));
#11808 = FILL_AREA_STYLE_COLOUR('',#10123);
#11809 = STYLED_ITEM('color',(#11810),#3676);
#11810 = PRESENTATION_STYLE_ASSIGNMENT((#11811));
#11811 = SURFACE_STYLE_USAGE(.BOTH.,#11812);
#11812 = SURFACE_SIDE_STYLE('',(#11813));
#11813 = SURFACE_STYLE_FILL_AREA(#11814);
#11814 = FILL_AREA_STYLE('',(#11815));
#11815 = FILL_AREA_STYLE_COLOUR('',#10123);
#11816 = STYLED_ITEM('color',(#11817),#3693);
#11817 = PRESENTATION_STYLE_ASSIGNMENT((#11818));
#11818 = SURFACE_STYLE_USAGE(.BOTH.,#11819);
#11819 = SURFACE_SIDE_STYLE('',(#11820));
#11820 = SURFACE_STYLE_FILL_AREA(#11821);
#11821 = FILL_AREA_STYLE('',(#11822));
#11822 = FILL_AREA_STYLE_COLOUR('',#10123);
#11823 = STYLED_ITEM('color',(#11824),#3710);
#11824 = PRESENTATION_STYLE_ASSIGNMENT((#11825));
#11825 = SURFACE_STYLE_USAGE(.BOTH.,#11826);
#11826 = SURFACE_SIDE_STYLE('',(#11827));
#11827 = SURFACE_STYLE_FILL_AREA(#11828);
#11828 = FILL_AREA_STYLE('',(#11829));
#11829 = FILL_AREA_STYLE_COLOUR('',#10123);
#11830 = STYLED_ITEM('color',(#11831),#3727);
#11831 = PRESENTATION_STYLE_ASSIGNMENT((#11832));
#11832 = SURFACE_STYLE_USAGE(.BOTH.,#11833);
#11833 = SURFACE_SIDE_STYLE('',(#11834));
#11834 = SURFACE_STYLE_FILL_AREA(#11835);
#11835 = FILL_AREA_STYLE('',(#11836));
#11836 = FILL_AREA_STYLE_COLOUR('',#10123);
#11837 = STYLED_ITEM('color',(#11838),#3744);
#11838 = PRESENTATION_STYLE_ASSIGNMENT((#11839));
#11839 = SURFACE_STYLE_USAGE(.BOTH.,#11840);
#11840 = SURFACE_SIDE_STYLE('',(#11841));
#11841 = SURFACE_STYLE_FILL_AREA(#11842);
#11842 = FILL_AREA_STYLE('',(#11843));
#11843 = FILL_AREA_STYLE_COLOUR('',#10123);
#11844 = STYLED_ITEM('color',(#11845),#3760);
#11845 = PRESENTATION_STYLE_ASSIGNMENT((#11846));
#11846 = SURFACE_STYLE_USAGE(.BOTH.,#11847);
#11847 = SURFACE_SIDE_STYLE('',(#11848));
#11848 = SURFACE_STYLE_FILL_AREA(#11849);
#11849 = FILL_AREA_STYLE('',(#11850));
#11850 = FILL_AREA_STYLE_COLOUR('',#10309);
#11851 = STYLED_ITEM('color',(#11852),#3807);
#11852 = PRESENTATION_STYLE_ASSIGNMENT((#11853));
#11853 = SURFACE_STYLE_USAGE(.BOTH.,#11854);
#11854 = SURFACE_SIDE_STYLE('',(#11855));
#11855 = SURFACE_STYLE_FILL_AREA(#11856);
#11856 = FILL_AREA_STYLE('',(#11857));
#11857 = FILL_AREA_STYLE_COLOUR('',#10309);
#11858 = STYLED_ITEM('color',(#11859),#3842);
#11859 = PRESENTATION_STYLE_ASSIGNMENT((#11860));
#11860 = SURFACE_STYLE_USAGE(.BOTH.,#11861);
#11861 = SURFACE_SIDE_STYLE('',(#11862));
#11862 = SURFACE_STYLE_FILL_AREA(#11863);
#11863 = FILL_AREA_STYLE('',(#11864));
#11864 = FILL_AREA_STYLE_COLOUR('',#10309);
#11865 = STYLED_ITEM('color',(#11866),#3881);
#11866 = PRESENTATION_STYLE_ASSIGNMENT((#11867));
#11867 = SURFACE_STYLE_USAGE(.BOTH.,#11868);
#11868 = SURFACE_SIDE_STYLE('',(#11869));
#11869 = SURFACE_STYLE_FILL_AREA(#11870);
#11870 = FILL_AREA_STYLE('',(#11871));
#11871 = FILL_AREA_STYLE_COLOUR('',#10309);
#11872 = STYLED_ITEM('color',(#11873),#3910);
#11873 = PRESENTATION_STYLE_ASSIGNMENT((#11874));
#11874 = SURFACE_STYLE_USAGE(.BOTH.,#11875);
#11875 = SURFACE_SIDE_STYLE('',(#11876));
#11876 = SURFACE_STYLE_FILL_AREA(#11877);
#11877 = FILL_AREA_STYLE('',(#11878));
#11878 = FILL_AREA_STYLE_COLOUR('',#10309);
#11879 = STYLED_ITEM('color',(#11880),#3949);
#11880 = PRESENTATION_STYLE_ASSIGNMENT((#11881));
#11881 = SURFACE_STYLE_USAGE(.BOTH.,#11882);
#11882 = SURFACE_SIDE_STYLE('',(#11883));
#11883 = SURFACE_STYLE_FILL_AREA(#11884);
#11884 = FILL_AREA_STYLE('',(#11885));
#11885 = FILL_AREA_STYLE_COLOUR('',#10309);
#11886 = STYLED_ITEM('color',(#11887),#3978);
#11887 = PRESENTATION_STYLE_ASSIGNMENT((#11888));
#11888 = SURFACE_STYLE_USAGE(.BOTH.,#11889);
#11889 = SURFACE_SIDE_STYLE('',(#11890));
#11890 = SURFACE_STYLE_FILL_AREA(#11891);
#11891 = FILL_AREA_STYLE('',(#11892));
#11892 = FILL_AREA_STYLE_COLOUR('',#10309);
#11893 = STYLED_ITEM('color',(#11894),#4032);
#11894 = PRESENTATION_STYLE_ASSIGNMENT((#11895));
#11895 = SURFACE_STYLE_USAGE(.BOTH.,#11896);
#11896 = SURFACE_SIDE_STYLE('',(#11897));
#11897 = SURFACE_STYLE_FILL_AREA(#11898);
#11898 = FILL_AREA_STYLE('',(#11899));
#11899 = FILL_AREA_STYLE_COLOUR('',#10309);
#11900 = STYLED_ITEM('color',(#11901),#4075);
#11901 = PRESENTATION_STYLE_ASSIGNMENT((#11902));
#11902 = SURFACE_STYLE_USAGE(.BOTH.,#11903);
#11903 = SURFACE_SIDE_STYLE('',(#11904));
#11904 = SURFACE_STYLE_FILL_AREA(#11905);
#11905 = FILL_AREA_STYLE('',(#11906));
#11906 = FILL_AREA_STYLE_COLOUR('',#10309);
#11907 = STYLED_ITEM('color',(#11908),#4098);
#11908 = PRESENTATION_STYLE_ASSIGNMENT((#11909));
#11909 = SURFACE_STYLE_USAGE(.BOTH.,#11910);
#11910 = SURFACE_SIDE_STYLE('',(#11911));
#11911 = SURFACE_STYLE_FILL_AREA(#11912);
#11912 = FILL_AREA_STYLE('',(#11913));
#11913 = FILL_AREA_STYLE_COLOUR('',#10309);
#11914 = STYLED_ITEM('color',(#11915),#4121);
#11915 = PRESENTATION_STYLE_ASSIGNMENT((#11916));
#11916 = SURFACE_STYLE_USAGE(.BOTH.,#11917);
#11917 = SURFACE_SIDE_STYLE('',(#11918));
#11918 = SURFACE_STYLE_FILL_AREA(#11919);
#11919 = FILL_AREA_STYLE('',(#11920));
#11920 = FILL_AREA_STYLE_COLOUR('',#10309);
#11921 = STYLED_ITEM('color',(#11922),#4144);
#11922 = PRESENTATION_STYLE_ASSIGNMENT((#11923));
#11923 = SURFACE_STYLE_USAGE(.BOTH.,#11924);
#11924 = SURFACE_SIDE_STYLE('',(#11925));
#11925 = SURFACE_STYLE_FILL_AREA(#11926);
#11926 = FILL_AREA_STYLE('',(#11927));
#11927 = FILL_AREA_STYLE_COLOUR('',#10309);
#11928 = STYLED_ITEM('color',(#11929),#4195);
#11929 = PRESENTATION_STYLE_ASSIGNMENT((#11930));
#11930 = SURFACE_STYLE_USAGE(.BOTH.,#11931);
#11931 = SURFACE_SIDE_STYLE('',(#11932));
#11932 = SURFACE_STYLE_FILL_AREA(#11933);
#11933 = FILL_AREA_STYLE('',(#11934));
#11934 = FILL_AREA_STYLE_COLOUR('',#10309);
#11935 = STYLED_ITEM('color',(#11936),#4218);
#11936 = PRESENTATION_STYLE_ASSIGNMENT((#11937));
#11937 = SURFACE_STYLE_USAGE(.BOTH.,#11938);
#11938 = SURFACE_SIDE_STYLE('',(#11939));
#11939 = SURFACE_STYLE_FILL_AREA(#11940);
#11940 = FILL_AREA_STYLE('',(#11941));
#11941 = FILL_AREA_STYLE_COLOUR('',#10309);
#11942 = STYLED_ITEM('color',(#11943),#4235);
#11943 = PRESENTATION_STYLE_ASSIGNMENT((#11944));
#11944 = SURFACE_STYLE_USAGE(.BOTH.,#11945);
#11945 = SURFACE_SIDE_STYLE('',(#11946));
#11946 = SURFACE_STYLE_FILL_AREA(#11947);
#11947 = FILL_AREA_STYLE('',(#11948));
#11948 = FILL_AREA_STYLE_COLOUR('',#10123);
#11949 = STYLED_ITEM('color',(#11950),#4309);
#11950 = PRESENTATION_STYLE_ASSIGNMENT((#11951));
#11951 = SURFACE_STYLE_USAGE(.BOTH.,#11952);
#11952 = SURFACE_SIDE_STYLE('',(#11953));
#11953 = SURFACE_STYLE_FILL_AREA(#11954);
#11954 = FILL_AREA_STYLE('',(#11955));
#11955 = FILL_AREA_STYLE_COLOUR('',#10123);
#11956 = STYLED_ITEM('color',(#11957),#4333);
#11957 = PRESENTATION_STYLE_ASSIGNMENT((#11958));
#11958 = SURFACE_STYLE_USAGE(.BOTH.,#11959);
#11959 = SURFACE_SIDE_STYLE('',(#11960));
#11960 = SURFACE_STYLE_FILL_AREA(#11961);
#11961 = FILL_AREA_STYLE('',(#11962));
#11962 = FILL_AREA_STYLE_COLOUR('',#10123);
#11963 = STYLED_ITEM('color',(#11964),#4400);
#11964 = PRESENTATION_STYLE_ASSIGNMENT((#11965));
#11965 = SURFACE_STYLE_USAGE(.BOTH.,#11966);
#11966 = SURFACE_SIDE_STYLE('',(#11967));
#11967 = SURFACE_STYLE_FILL_AREA(#11968);
#11968 = FILL_AREA_STYLE('',(#11969));
#11969 = FILL_AREA_STYLE_COLOUR('',#10309);
#11970 = STYLED_ITEM('color',(#11971),#4412);
#11971 = PRESENTATION_STYLE_ASSIGNMENT((#11972));
#11972 = SURFACE_STYLE_USAGE(.BOTH.,#11973);
#11973 = SURFACE_SIDE_STYLE('',(#11974));
#11974 = SURFACE_STYLE_FILL_AREA(#11975);
#11975 = FILL_AREA_STYLE('',(#11976));
#11976 = FILL_AREA_STYLE_COLOUR('',#10309);
#11977 = STYLED_ITEM('color',(#11978),#4424);
#11978 = PRESENTATION_STYLE_ASSIGNMENT((#11979));
#11979 = SURFACE_STYLE_USAGE(.BOTH.,#11980);
#11980 = SURFACE_SIDE_STYLE('',(#11981));
#11981 = SURFACE_STYLE_FILL_AREA(#11982);
#11982 = FILL_AREA_STYLE('',(#11983));
#11983 = FILL_AREA_STYLE_COLOUR('',#10123);
#11984 = STYLED_ITEM('color',(#11985),#4441);
#11985 = PRESENTATION_STYLE_ASSIGNMENT((#11986));
#11986 = SURFACE_STYLE_USAGE(.BOTH.,#11987);
#11987 = SURFACE_SIDE_STYLE('',(#11988));
#11988 = SURFACE_STYLE_FILL_AREA(#11989);
#11989 = FILL_AREA_STYLE('',(#11990));
#11990 = FILL_AREA_STYLE_COLOUR('',#11991);
#11991 = COLOUR_RGB('',0.690999977303,0.663999984767,0.597999987832);
#11992 = STYLED_ITEM('color',(#11993),#4470);
#11993 = PRESENTATION_STYLE_ASSIGNMENT((#11994));
#11994 = SURFACE_STYLE_USAGE(.BOTH.,#11995);
#11995 = SURFACE_SIDE_STYLE('',(#11996));
#11996 = SURFACE_STYLE_FILL_AREA(#11997);
#11997 = FILL_AREA_STYLE('',(#11998));
#11998 = FILL_AREA_STYLE_COLOUR('',#11991);
#11999 = STYLED_ITEM('color',(#12000),#4493);
#12000 = PRESENTATION_STYLE_ASSIGNMENT((#12001));
#12001 = SURFACE_STYLE_USAGE(.BOTH.,#12002);
#12002 = SURFACE_SIDE_STYLE('',(#12003));
#12003 = SURFACE_STYLE_FILL_AREA(#12004);
#12004 = FILL_AREA_STYLE('',(#12005));
#12005 = FILL_AREA_STYLE_COLOUR('',#11991);
#12006 = STYLED_ITEM('color',(#12007),#4516);
#12007 = PRESENTATION_STYLE_ASSIGNMENT((#12008));
#12008 = SURFACE_STYLE_USAGE(.BOTH.,#12009);
#12009 = SURFACE_SIDE_STYLE('',(#12010));
#12010 = SURFACE_STYLE_FILL_AREA(#12011);
#12011 = FILL_AREA_STYLE('',(#12012));
#12012 = FILL_AREA_STYLE_COLOUR('',#11991);
#12013 = STYLED_ITEM('color',(#12014),#4533);
#12014 = PRESENTATION_STYLE_ASSIGNMENT((#12015));
#12015 = SURFACE_STYLE_USAGE(.BOTH.,#12016);
#12016 = SURFACE_SIDE_STYLE('',(#12017));
#12017 = SURFACE_STYLE_FILL_AREA(#12018);
#12018 = FILL_AREA_STYLE('',(#12019));
#12019 = FILL_AREA_STYLE_COLOUR('',#10123);
#12020 = STYLED_ITEM('color',(#12021),#4555);
#12021 = PRESENTATION_STYLE_ASSIGNMENT((#12022));
#12022 = SURFACE_STYLE_USAGE(.BOTH.,#12023);
#12023 = SURFACE_SIDE_STYLE('',(#12024));
#12024 = SURFACE_STYLE_FILL_AREA(#12025);
#12025 = FILL_AREA_STYLE('',(#12026));
#12026 = FILL_AREA_STYLE_COLOUR('',#10123);
#12027 = STYLED_ITEM('color',(#12028),#4567);
#12028 = PRESENTATION_STYLE_ASSIGNMENT((#12029));
#12029 = SURFACE_STYLE_USAGE(.BOTH.,#12030);
#12030 = SURFACE_SIDE_STYLE('',(#12031));
#12031 = SURFACE_STYLE_FILL_AREA(#12032);
#12032 = FILL_AREA_STYLE('',(#12033));
#12033 = FILL_AREA_STYLE_COLOUR('',#10123);
#12034 = STYLED_ITEM('color',(#12035),#4584);
#12035 = PRESENTATION_STYLE_ASSIGNMENT((#12036));
#12036 = SURFACE_STYLE_USAGE(.BOTH.,#12037);
#12037 = SURFACE_SIDE_STYLE('',(#12038));
#12038 = SURFACE_STYLE_FILL_AREA(#12039);
#12039 = FILL_AREA_STYLE('',(#12040));
#12040 = FILL_AREA_STYLE_COLOUR('',#10123);
#12041 = STYLED_ITEM('color',(#12042),#4601);
#12042 = PRESENTATION_STYLE_ASSIGNMENT((#12043));
#12043 = SURFACE_STYLE_USAGE(.BOTH.,#12044);
#12044 = SURFACE_SIDE_STYLE('',(#12045));
#12045 = SURFACE_STYLE_FILL_AREA(#12046);
#12046 = FILL_AREA_STYLE('',(#12047));
#12047 = FILL_AREA_STYLE_COLOUR('',#10123);
#12048 = STYLED_ITEM('color',(#12049),#4618);
#12049 = PRESENTATION_STYLE_ASSIGNMENT((#12050));
#12050 = SURFACE_STYLE_USAGE(.BOTH.,#12051);
#12051 = SURFACE_SIDE_STYLE('',(#12052));
#12052 = SURFACE_STYLE_FILL_AREA(#12053);
#12053 = FILL_AREA_STYLE('',(#12054));
#12054 = FILL_AREA_STYLE_COLOUR('',#10123);
#12055 = STYLED_ITEM('color',(#12056),#4630);
#12056 = PRESENTATION_STYLE_ASSIGNMENT((#12057));
#12057 = SURFACE_STYLE_USAGE(.BOTH.,#12058);
#12058 = SURFACE_SIDE_STYLE('',(#12059));
#12059 = SURFACE_STYLE_FILL_AREA(#12060);
#12060 = FILL_AREA_STYLE('',(#12061));
#12061 = FILL_AREA_STYLE_COLOUR('',#11991);
ENDSEC;
END-ISO-10303-21;
