ISO-10303-21;
HEADER;
FILE_DESCRIPTION(('KiCad electronic assembly'),'2;1');
FILE_NAME('.step','2026-07-30T18:09:48',('Pcbnew'),('Kicad'),
  'Open CASCADE STEP processor 7.9','KiCad to STEP converter','Unknown'
  );
FILE_SCHEMA(('AUTOMOTIVE_DESIGN { 1 0 10303 214 1 1 1 1 }'));
ENDSEC;
DATA;
#1 = APPLICATION_PROTOCOL_DEFINITION('international standard',
  'automotive_design',2000,#2);
#2 = APPLICATION_CONTEXT(
  'core data for automotive mechanical design processes');
#3 = SHAPE_DEFINITION_REPRESENTATION(#4,#10);
#4 = PRODUCT_DEFINITION_SHAPE('','',#5);
#5 = PRODUCT_DEFINITION('design','',#6,#9);
#6 = PRODUCT_DEFINITION_FORMATION('','',#7);
#7 = PRODUCT('.step 1','.step 1','',(#8));
#8 = PRODUCT_CONTEXT('',#2,'mechanical');
#9 = PRODUCT_DEFINITION_CONTEXT('part definition',#2,'design');
#10 = SHAPE_REPRESENTATION('',(#11,#15,#19,#23,#27,#31,#35,#39,#43,#47,
    #51,#55,#59,#63,#67,#71,#75,#79,#83,#87),#91);
#11 = AXIS2_PLACEMENT_3D('',#12,#13,#14);
#12 = CARTESIAN_POINT('',(0.,0.,0.));
#13 = DIRECTION('',(0.,0.,1.));
#14 = DIRECTION('',(1.,0.,-0.));
#15 = AXIS2_PLACEMENT_3D('',#16,#17,#18);
#16 = CARTESIAN_POINT('',(109.5,-92.,1.595));
#17 = DIRECTION('',(0.,-0.,1.));
#18 = DIRECTION('',(1.110223024625E-16,1.,0.));
#19 = AXIS2_PLACEMENT_3D('',#20,#21,#22);
#20 = CARTESIAN_POINT('',(114.5,-91.97,1.595));
#21 = DIRECTION('',(-0.,0.,1.));
#22 = DIRECTION('',(1.110223024625E-16,-1.,0.));
#23 = AXIS2_PLACEMENT_3D('',#24,#25,#26);
#24 = CARTESIAN_POINT('',(106.26,-76.11,1.595));
#25 = DIRECTION('',(0.,-0.,1.));
#26 = DIRECTION('',(1.110223024625E-16,1.,0.));
#27 = AXIS2_PLACEMENT_3D('',#28,#29,#30);
#28 = CARTESIAN_POINT('',(112.,-92.,1.595));
#29 = DIRECTION('',(-0.,0.,1.));
#30 = DIRECTION('',(1.110223024625E-16,-1.,0.));
#31 = AXIS2_PLACEMENT_3D('',#32,#33,#34);
#32 = CARTESIAN_POINT('',(101.99,-78.65,1.595));
#33 = DIRECTION('',(0.,0.,1.));
#34 = DIRECTION('',(1.,0.,0.));
#35 = AXIS2_PLACEMENT_3D('',#36,#37,#38);
#36 = CARTESIAN_POINT('',(116.782499,-72.407,1.595));
#37 = DIRECTION('',(0.,0.,1.));
#38 = DIRECTION('',(1.,0.,0.));
#39 = AXIS2_PLACEMENT_3D('',#40,#41,#42);
#40 = CARTESIAN_POINT('',(110.552498,-84.734998,1.595));
#41 = DIRECTION('',(0.,-0.,1.));
#42 = DIRECTION('',(1.110223024625E-16,1.,0.));
#43 = AXIS2_PLACEMENT_3D('',#44,#45,#46);
#44 = CARTESIAN_POINT('',(112.882498,-86.805,1.595));
#45 = DIRECTION('',(0.,0.,1.));
#46 = DIRECTION('',(1.,0.,0.));
#47 = AXIS2_PLACEMENT_3D('',#48,#49,#50);
#48 = CARTESIAN_POINT('',(117.237499,-82.045,1.595));
#49 = DIRECTION('',(0.,0.,1.));
#50 = DIRECTION('',(1.,0.,0.));
#51 = AXIS2_PLACEMENT_3D('',#52,#53,#54);
#52 = CARTESIAN_POINT('',(106.83,-71.53,1.595));
#53 = DIRECTION('',(0.,0.,1.));
#54 = DIRECTION('',(-1.,1.224646799147E-16,0.));
#55 = AXIS2_PLACEMENT_3D('',#56,#57,#58);
#56 = CARTESIAN_POINT('',(114.917499,-86.815,1.595));
#57 = DIRECTION('',(0.,0.,1.));
#58 = DIRECTION('',(-1.,1.224646799147E-16,0.));
#59 = AXIS2_PLACEMENT_3D('',#60,#61,#62);
#60 = CARTESIAN_POINT('',(107.4725,-78.89,1.595));
#61 = DIRECTION('',(0.,0.,1.));
#62 = DIRECTION('',(1.,0.,0.));
#63 = AXIS2_PLACEMENT_3D('',#64,#65,#66);
#64 = CARTESIAN_POINT('',(119.507499,-81.535,1.595));
#65 = DIRECTION('',(0.,-0.,1.));
#66 = DIRECTION('',(1.110223024625E-16,1.,0.));
#67 = AXIS2_PLACEMENT_3D('',#68,#69,#70);
#68 = CARTESIAN_POINT('',(108.357499,-83.545,1.595));
#69 = DIRECTION('',(-0.,0.,1.));
#70 = DIRECTION('',(1.110223024625E-16,-1.,0.));
#71 = AXIS2_PLACEMENT_3D('',#72,#73,#74);
#72 = CARTESIAN_POINT('',(115.637499,-84.455,1.595));
#73 = DIRECTION('',(0.,-0.,1.));
#74 = DIRECTION('',(1.110223024625E-16,1.,0.));
#75 = AXIS2_PLACEMENT_3D('',#76,#77,#78);
#76 = CARTESIAN_POINT('',(117.252499,-73.447,1.595));
#77 = DIRECTION('',(0.,0.,1.));
#78 = DIRECTION('',(1.,0.,0.));
#79 = AXIS2_PLACEMENT_3D('',#80,#81,#82);
#80 = CARTESIAN_POINT('',(105.517499,-85.5625,1.595));
#81 = DIRECTION('',(0.,-0.,1.));
#82 = DIRECTION('',(1.110223024625E-16,1.,0.));
#83 = AXIS2_PLACEMENT_3D('',#84,#85,#86);
#84 = CARTESIAN_POINT('',(110.927499,-86.815,1.595));
#85 = DIRECTION('',(0.,0.,1.));
#86 = DIRECTION('',(-1.,1.224646799147E-16,0.));
#87 = AXIS2_PLACEMENT_3D('',#88,#89,#90);
#88 = CARTESIAN_POINT('',(0.,0.,0.));
#89 = DIRECTION('',(0.,0.,1.));
#90 = DIRECTION('',(1.,0.,-0.));
#91 = ( GEOMETRIC_REPRESENTATION_CONTEXT(3) 
GLOBAL_UNCERTAINTY_ASSIGNED_CONTEXT((#95)) GLOBAL_UNIT_ASSIGNED_CONTEXT(
(#92,#93,#94)) REPRESENTATION_CONTEXT('Context #1',
  '3D Context with UNIT and UNCERTAINTY') );
#92 = ( LENGTH_UNIT() NAMED_UNIT(*) SI_UNIT(.MILLI.,.METRE.) );
#93 = ( NAMED_UNIT(*) PLANE_ANGLE_UNIT() SI_UNIT($,.RADIAN.) );
#94 = ( NAMED_UNIT(*) SI_UNIT($,.STERADIAN.) SOLID_ANGLE_UNIT() );
#95 = UNCERTAINTY_MEASURE_WITH_UNIT(LENGTH_MEASURE(1.E-07),#92,
  'distance_accuracy_value','confusion accuracy');
#96 = PRODUCT_RELATED_PRODUCT_CATEGORY('part',$,(#7));
#97 = SHAPE_DEFINITION_REPRESENTATION(#98,#104);
#98 = PRODUCT_DEFINITION_SHAPE('','',#99);
#99 = PRODUCT_DEFINITION('design','',#100,#103);
#100 = PRODUCT_DEFINITION_FORMATION('','',#101);
#101 = PRODUCT('R_0402_1005Metric','R_0402_1005Metric','',(#102));
#102 = PRODUCT_CONTEXT('',#2,'mechanical');
#103 = PRODUCT_DEFINITION_CONTEXT('part definition',#2,'design');
#104 = SHAPE_REPRESENTATION('',(#11,#105),#109);
#105 = AXIS2_PLACEMENT_3D('',#106,#107,#108);
#106 = CARTESIAN_POINT('',(0.,0.,0.));
#107 = DIRECTION('',(0.,0.,1.));
#108 = DIRECTION('',(1.,0.,-0.));
#109 = ( GEOMETRIC_REPRESENTATION_CONTEXT(3) 
GLOBAL_UNCERTAINTY_ASSIGNED_CONTEXT((#113)) GLOBAL_UNIT_ASSIGNED_CONTEXT
((#110,#111,#112)) REPRESENTATION_CONTEXT('Context #1',
  '3D Context with UNIT and UNCERTAINTY') );
#110 = ( LENGTH_UNIT() NAMED_UNIT(*) SI_UNIT(.MILLI.,.METRE.) );
#111 = ( NAMED_UNIT(*) PLANE_ANGLE_UNIT() SI_UNIT($,.RADIAN.) );
#112 = ( NAMED_UNIT(*) SI_UNIT($,.STERADIAN.) SOLID_ANGLE_UNIT() );
#113 = UNCERTAINTY_MEASURE_WITH_UNIT(LENGTH_MEASURE(1.E-07),#110,
  'distance_accuracy_value','confusion accuracy');
#114 = CONTEXT_DEPENDENT_SHAPE_REPRESENTATION(#115,#117);
#115 = ( REPRESENTATION_RELATIONSHIP('','',#104,#10) 
REPRESENTATION_RELATIONSHIP_WITH_TRANSFORMATION(#116) 
SHAPE_REPRESENTATION_RELATIONSHIP() );
#116 = ITEM_DEFINED_TRANSFORMATION('','',#11,#15);
#117 = PRODUCT_DEFINITION_SHAPE('Placement','Placement of an item',#118
  );
#118 = NEXT_ASSEMBLY_USAGE_OCCURRENCE('2','R33','',#5,#99,$);
#119 = PRODUCT_RELATED_PRODUCT_CATEGORY('part',$,(#101));
#120 = SHAPE_DEFINITION_REPRESENTATION(#121,#127);
#121 = PRODUCT_DEFINITION_SHAPE('','',#122);
#122 = PRODUCT_DEFINITION('design','',#123,#126);
#123 = PRODUCT_DEFINITION_FORMATION('','',#124);
#124 = PRODUCT('R_0402_1005Metric','R_0402_1005Metric','',(#125));
#125 = PRODUCT_CONTEXT('',#2,'mechanical');
#126 = PRODUCT_DEFINITION_CONTEXT('part definition',#2,'design');
#127 = ADVANCED_BREP_SHAPE_REPRESENTATION('',(#11,#128),#918);
#128 = MANIFOLD_SOLID_BREP('',#129);
#129 = CLOSED_SHELL('',(#130,#170,#253,#278,#303,#370,#387,#404,#453,
    #470,#487,#536,#553,#622,#653,#677,#746,#770,#787,#804,#821,#838,
    #855,#872,#889,#906));
#130 = ADVANCED_FACE('',(#131),#165,.F.);
#131 = FACE_BOUND('',#132,.F.);
#132 = EDGE_LOOP('',(#133,#143,#151,#159));
#133 = ORIENTED_EDGE('',*,*,#134,.F.);
#134 = EDGE_CURVE('',#135,#137,#139,.T.);
#135 = VERTEX_POINT('',#136);
#136 = CARTESIAN_POINT('',(-0.5,-0.25,3.5E-02));
#137 = VERTEX_POINT('',#138);
#138 = CARTESIAN_POINT('',(-0.5,-0.25,0.315));
#139 = LINE('',#140,#141);
#140 = CARTESIAN_POINT('',(-0.5,-0.25,0.));
#141 = VECTOR('',#142,1.);
#142 = DIRECTION('',(0.,0.,1.));
#143 = ORIENTED_EDGE('',*,*,#144,.T.);
#144 = EDGE_CURVE('',#135,#145,#147,.T.);
#145 = VERTEX_POINT('',#146);
#146 = CARTESIAN_POINT('',(-0.5,0.25,3.5E-02));
#147 = LINE('',#148,#149);
#148 = CARTESIAN_POINT('',(-0.5,-0.25,3.5E-02));
#149 = VECTOR('',#150,1.);
#150 = DIRECTION('',(0.,1.,0.));
#151 = ORIENTED_EDGE('',*,*,#152,.T.);
#152 = EDGE_CURVE('',#145,#153,#155,.T.);
#153 = VERTEX_POINT('',#154);
#154 = CARTESIAN_POINT('',(-0.5,0.25,0.315));
#155 = LINE('',#156,#157);
#156 = CARTESIAN_POINT('',(-0.5,0.25,0.));
#157 = VECTOR('',#158,1.);
#158 = DIRECTION('',(0.,0.,1.));
#159 = ORIENTED_EDGE('',*,*,#160,.F.);
#160 = EDGE_CURVE('',#137,#153,#161,.T.);
#161 = LINE('',#162,#163);
#162 = CARTESIAN_POINT('',(-0.5,-0.25,0.315));
#163 = VECTOR('',#164,1.);
#164 = DIRECTION('',(0.,1.,0.));
#165 = PLANE('',#166);
#166 = AXIS2_PLACEMENT_3D('',#167,#168,#169);
#167 = CARTESIAN_POINT('',(-0.5,-0.25,0.));
#168 = DIRECTION('',(1.,0.,0.));
#169 = DIRECTION('',(0.,0.,1.));
#170 = ADVANCED_FACE('',(#171),#248,.F.);
#171 = FACE_BOUND('',#172,.F.);
#172 = EDGE_LOOP('',(#173,#183,#190,#191,#200,#208,#217,#225,#233,#241)
  );
#173 = ORIENTED_EDGE('',*,*,#174,.F.);
#174 = EDGE_CURVE('',#175,#177,#179,.T.);
#175 = VERTEX_POINT('',#176);
#176 = CARTESIAN_POINT('',(-0.465,-0.25,-2.775557561563E-17));
#177 = VERTEX_POINT('',#178);
#178 = CARTESIAN_POINT('',(-0.335,-0.25,-2.775557561563E-17));
#179 = LINE('',#180,#181);
#180 = CARTESIAN_POINT('',(-0.5,-0.25,0.));
#181 = VECTOR('',#182,1.);
#182 = DIRECTION('',(1.,0.,0.));
#183 = ORIENTED_EDGE('',*,*,#184,.F.);
#184 = EDGE_CURVE('',#135,#175,#185,.T.);
#185 = CIRCLE('',#186,3.5E-02);
#186 = AXIS2_PLACEMENT_3D('',#187,#188,#189);
#187 = CARTESIAN_POINT('',(-0.465,-0.25,3.5E-02));
#188 = DIRECTION('',(0.,-1.,0.));
#189 = DIRECTION('',(0.,0.,1.));
#190 = ORIENTED_EDGE('',*,*,#134,.T.);
#191 = ORIENTED_EDGE('',*,*,#192,.T.);
#192 = EDGE_CURVE('',#137,#193,#195,.T.);
#193 = VERTEX_POINT('',#194);
#194 = CARTESIAN_POINT('',(-0.465,-0.25,0.35));
#195 = CIRCLE('',#196,3.5E-02);
#196 = AXIS2_PLACEMENT_3D('',#197,#198,#199);
#197 = CARTESIAN_POINT('',(-0.465,-0.25,0.315));
#198 = DIRECTION('',(0.,1.,0.));
#199 = DIRECTION('',(0.,-0.,1.));
#200 = ORIENTED_EDGE('',*,*,#201,.T.);
#201 = EDGE_CURVE('',#193,#202,#204,.T.);
#202 = VERTEX_POINT('',#203);
#203 = CARTESIAN_POINT('',(-0.335,-0.25,0.35));
#204 = LINE('',#205,#206);
#205 = CARTESIAN_POINT('',(-0.5,-0.25,0.35));
#206 = VECTOR('',#207,1.);
#207 = DIRECTION('',(1.,0.,0.));
#208 = ORIENTED_EDGE('',*,*,#209,.F.);
#209 = EDGE_CURVE('',#210,#202,#212,.T.);
#210 = VERTEX_POINT('',#211);
#211 = CARTESIAN_POINT('',(-0.3,-0.25,0.315));
#212 = CIRCLE('',#213,3.5E-02);
#213 = AXIS2_PLACEMENT_3D('',#214,#215,#216);
#214 = CARTESIAN_POINT('',(-0.335,-0.25,0.315));
#215 = DIRECTION('',(0.,-1.,0.));
#216 = DIRECTION('',(0.,0.,1.));
#217 = ORIENTED_EDGE('',*,*,#218,.F.);
#218 = EDGE_CURVE('',#219,#210,#221,.T.);
#219 = VERTEX_POINT('',#220);
#220 = CARTESIAN_POINT('',(-0.465,-0.25,0.315));
#221 = LINE('',#222,#223);
#222 = CARTESIAN_POINT('',(-0.465,-0.25,0.315));
#223 = VECTOR('',#224,1.);
#224 = DIRECTION('',(1.,0.,0.));
#225 = ORIENTED_EDGE('',*,*,#226,.F.);
#226 = EDGE_CURVE('',#227,#219,#229,.T.);
#227 = VERTEX_POINT('',#228);
#228 = CARTESIAN_POINT('',(-0.465,-0.25,3.5E-02));
#229 = LINE('',#230,#231);
#230 = CARTESIAN_POINT('',(-0.465,-0.25,3.5E-02));
#231 = VECTOR('',#232,1.);
#232 = DIRECTION('',(0.,0.,1.));
#233 = ORIENTED_EDGE('',*,*,#234,.T.);
#234 = EDGE_CURVE('',#227,#235,#237,.T.);
#235 = VERTEX_POINT('',#236);
#236 = CARTESIAN_POINT('',(-0.3,-0.25,3.5E-02));
#237 = LINE('',#238,#239);
#238 = CARTESIAN_POINT('',(-0.465,-0.25,3.5E-02));
#239 = VECTOR('',#240,1.);
#240 = DIRECTION('',(1.,0.,0.));
#241 = ORIENTED_EDGE('',*,*,#242,.T.);
#242 = EDGE_CURVE('',#235,#177,#243,.T.);
#243 = CIRCLE('',#244,3.5E-02);
#244 = AXIS2_PLACEMENT_3D('',#245,#246,#247);
#245 = CARTESIAN_POINT('',(-0.335,-0.25,3.5E-02));
#246 = DIRECTION('',(0.,1.,0.));
#247 = DIRECTION('',(0.,-0.,1.));
#248 = PLANE('',#249);
#249 = AXIS2_PLACEMENT_3D('',#250,#251,#252);
#250 = CARTESIAN_POINT('',(-0.5,-0.25,0.));
#251 = DIRECTION('',(0.,1.,0.));
#252 = DIRECTION('',(0.,-0.,1.));
#253 = ADVANCED_FACE('',(#254),#273,.T.);
#254 = FACE_BOUND('',#255,.T.);
#255 = EDGE_LOOP('',(#256,#257,#266,#272));
#256 = ORIENTED_EDGE('',*,*,#144,.T.);
#257 = ORIENTED_EDGE('',*,*,#258,.T.);
#258 = EDGE_CURVE('',#145,#259,#261,.T.);
#259 = VERTEX_POINT('',#260);
#260 = CARTESIAN_POINT('',(-0.465,0.25,-2.775557561563E-17));
#261 = CIRCLE('',#262,3.5E-02);
#262 = AXIS2_PLACEMENT_3D('',#263,#264,#265);
#263 = CARTESIAN_POINT('',(-0.465,0.25,3.5E-02));
#264 = DIRECTION('',(0.,-1.,0.));
#265 = DIRECTION('',(0.,0.,1.));
#266 = ORIENTED_EDGE('',*,*,#267,.F.);
#267 = EDGE_CURVE('',#175,#259,#268,.T.);
#268 = LINE('',#269,#270);
#269 = CARTESIAN_POINT('',(-0.465,-0.25,-2.775557561563E-17));
#270 = VECTOR('',#271,1.);
#271 = DIRECTION('',(0.,1.,0.));
#272 = ORIENTED_EDGE('',*,*,#184,.F.);
#273 = CYLINDRICAL_SURFACE('',#274,3.5E-02);
#274 = AXIS2_PLACEMENT_3D('',#275,#276,#277);
#275 = CARTESIAN_POINT('',(-0.465,-0.25,3.5E-02));
#276 = DIRECTION('',(0.,1.,0.));
#277 = DIRECTION('',(-1.,0.,0.));
#278 = ADVANCED_FACE('',(#279),#298,.T.);
#279 = FACE_BOUND('',#280,.T.);
#280 = EDGE_LOOP('',(#281,#282,#290,#297));
#281 = ORIENTED_EDGE('',*,*,#192,.T.);
#282 = ORIENTED_EDGE('',*,*,#283,.T.);
#283 = EDGE_CURVE('',#193,#284,#286,.T.);
#284 = VERTEX_POINT('',#285);
#285 = CARTESIAN_POINT('',(-0.465,0.25,0.35));
#286 = LINE('',#287,#288);
#287 = CARTESIAN_POINT('',(-0.465,-0.25,0.35));
#288 = VECTOR('',#289,1.);
#289 = DIRECTION('',(0.,1.,0.));
#290 = ORIENTED_EDGE('',*,*,#291,.F.);
#291 = EDGE_CURVE('',#153,#284,#292,.T.);
#292 = CIRCLE('',#293,3.5E-02);
#293 = AXIS2_PLACEMENT_3D('',#294,#295,#296);
#294 = CARTESIAN_POINT('',(-0.465,0.25,0.315));
#295 = DIRECTION('',(0.,1.,0.));
#296 = DIRECTION('',(0.,-0.,1.));
#297 = ORIENTED_EDGE('',*,*,#160,.F.);
#298 = CYLINDRICAL_SURFACE('',#299,3.5E-02);
#299 = AXIS2_PLACEMENT_3D('',#300,#301,#302);
#300 = CARTESIAN_POINT('',(-0.465,-0.25,0.315));
#301 = DIRECTION('',(0.,1.,0.));
#302 = DIRECTION('',(-1.,0.,0.));
#303 = ADVANCED_FACE('',(#304),#365,.T.);
#304 = FACE_BOUND('',#305,.T.);
#305 = EDGE_LOOP('',(#306,#314,#315,#316,#317,#325,#334,#342,#350,#358)
  );
#306 = ORIENTED_EDGE('',*,*,#307,.F.);
#307 = EDGE_CURVE('',#259,#308,#310,.T.);
#308 = VERTEX_POINT('',#309);
#309 = CARTESIAN_POINT('',(-0.335,0.25,-2.775557561563E-17));
#310 = LINE('',#311,#312);
#311 = CARTESIAN_POINT('',(-0.5,0.25,0.));
#312 = VECTOR('',#313,1.);
#313 = DIRECTION('',(1.,0.,0.));
#314 = ORIENTED_EDGE('',*,*,#258,.F.);
#315 = ORIENTED_EDGE('',*,*,#152,.T.);
#316 = ORIENTED_EDGE('',*,*,#291,.T.);
#317 = ORIENTED_EDGE('',*,*,#318,.T.);
#318 = EDGE_CURVE('',#284,#319,#321,.T.);
#319 = VERTEX_POINT('',#320);
#320 = CARTESIAN_POINT('',(-0.335,0.25,0.35));
#321 = LINE('',#322,#323);
#322 = CARTESIAN_POINT('',(-0.5,0.25,0.35));
#323 = VECTOR('',#324,1.);
#324 = DIRECTION('',(1.,0.,0.));
#325 = ORIENTED_EDGE('',*,*,#326,.F.);
#326 = EDGE_CURVE('',#327,#319,#329,.T.);
#327 = VERTEX_POINT('',#328);
#328 = CARTESIAN_POINT('',(-0.3,0.25,0.315));
#329 = CIRCLE('',#330,3.5E-02);
#330 = AXIS2_PLACEMENT_3D('',#331,#332,#333);
#331 = CARTESIAN_POINT('',(-0.335,0.25,0.315));
#332 = DIRECTION('',(0.,-1.,0.));
#333 = DIRECTION('',(0.,0.,1.));
#334 = ORIENTED_EDGE('',*,*,#335,.F.);
#335 = EDGE_CURVE('',#336,#327,#338,.T.);
#336 = VERTEX_POINT('',#337);
#337 = CARTESIAN_POINT('',(-0.465,0.25,0.315));
#338 = LINE('',#339,#340);
#339 = CARTESIAN_POINT('',(-0.465,0.25,0.315));
#340 = VECTOR('',#341,1.);
#341 = DIRECTION('',(1.,0.,0.));
#342 = ORIENTED_EDGE('',*,*,#343,.F.);
#343 = EDGE_CURVE('',#344,#336,#346,.T.);
#344 = VERTEX_POINT('',#345);
#345 = CARTESIAN_POINT('',(-0.465,0.25,3.5E-02));
#346 = LINE('',#347,#348);
#347 = CARTESIAN_POINT('',(-0.465,0.25,3.5E-02));
#348 = VECTOR('',#349,1.);
#349 = DIRECTION('',(0.,0.,1.));
#350 = ORIENTED_EDGE('',*,*,#351,.T.);
#351 = EDGE_CURVE('',#344,#352,#354,.T.);
#352 = VERTEX_POINT('',#353);
#353 = CARTESIAN_POINT('',(-0.3,0.25,3.5E-02));
#354 = LINE('',#355,#356);
#355 = CARTESIAN_POINT('',(-0.465,0.25,3.5E-02));
#356 = VECTOR('',#357,1.);
#357 = DIRECTION('',(1.,0.,0.));
#358 = ORIENTED_EDGE('',*,*,#359,.T.);
#359 = EDGE_CURVE('',#352,#308,#360,.T.);
#360 = CIRCLE('',#361,3.5E-02);
#361 = AXIS2_PLACEMENT_3D('',#362,#363,#364);
#362 = CARTESIAN_POINT('',(-0.335,0.25,3.5E-02));
#363 = DIRECTION('',(0.,1.,0.));
#364 = DIRECTION('',(0.,-0.,1.));
#365 = PLANE('',#366);
#366 = AXIS2_PLACEMENT_3D('',#367,#368,#369);
#367 = CARTESIAN_POINT('',(-0.5,0.25,0.));
#368 = DIRECTION('',(0.,1.,0.));
#369 = DIRECTION('',(0.,-0.,1.));
#370 = ADVANCED_FACE('',(#371),#382,.F.);
#371 = FACE_BOUND('',#372,.F.);
#372 = EDGE_LOOP('',(#373,#374,#375,#376));
#373 = ORIENTED_EDGE('',*,*,#307,.F.);
#374 = ORIENTED_EDGE('',*,*,#267,.F.);
#375 = ORIENTED_EDGE('',*,*,#174,.T.);
#376 = ORIENTED_EDGE('',*,*,#377,.T.);
#377 = EDGE_CURVE('',#177,#308,#378,.T.);
#378 = LINE('',#379,#380);
#379 = CARTESIAN_POINT('',(-0.335,-0.25,-2.775557561563E-17));
#380 = VECTOR('',#381,1.);
#381 = DIRECTION('',(0.,1.,0.));
#382 = PLANE('',#383);
#383 = AXIS2_PLACEMENT_3D('',#384,#385,#386);
#384 = CARTESIAN_POINT('',(-0.5,-0.25,0.));
#385 = DIRECTION('',(0.,0.,1.));
#386 = DIRECTION('',(1.,0.,-0.));
#387 = ADVANCED_FACE('',(#388),#399,.T.);
#388 = FACE_BOUND('',#389,.T.);
#389 = EDGE_LOOP('',(#390,#391,#392,#393));
#390 = ORIENTED_EDGE('',*,*,#242,.T.);
#391 = ORIENTED_EDGE('',*,*,#377,.T.);
#392 = ORIENTED_EDGE('',*,*,#359,.F.);
#393 = ORIENTED_EDGE('',*,*,#394,.F.);
#394 = EDGE_CURVE('',#235,#352,#395,.T.);
#395 = LINE('',#396,#397);
#396 = CARTESIAN_POINT('',(-0.3,-0.25,3.5E-02));
#397 = VECTOR('',#398,1.);
#398 = DIRECTION('',(0.,1.,0.));
#399 = CYLINDRICAL_SURFACE('',#400,3.5E-02);
#400 = AXIS2_PLACEMENT_3D('',#401,#402,#403);
#401 = CARTESIAN_POINT('',(-0.335,-0.25,3.5E-02));
#402 = DIRECTION('',(0.,1.,0.));
#403 = DIRECTION('',(1.,0.,0.));
#404 = ADVANCED_FACE('',(#405),#448,.F.);
#405 = FACE_BOUND('',#406,.F.);
#406 = EDGE_LOOP('',(#407,#408,#409,#410,#418,#426,#434,#442));
#407 = ORIENTED_EDGE('',*,*,#234,.F.);
#408 = ORIENTED_EDGE('',*,*,#226,.T.);
#409 = ORIENTED_EDGE('',*,*,#218,.T.);
#410 = ORIENTED_EDGE('',*,*,#411,.T.);
#411 = EDGE_CURVE('',#210,#412,#414,.T.);
#412 = VERTEX_POINT('',#413);
#413 = CARTESIAN_POINT('',(0.3,-0.25,0.315));
#414 = LINE('',#415,#416);
#415 = CARTESIAN_POINT('',(-0.3,-0.25,0.315));
#416 = VECTOR('',#417,1.);
#417 = DIRECTION('',(1.,0.,0.));
#418 = ORIENTED_EDGE('',*,*,#419,.T.);
#419 = EDGE_CURVE('',#412,#420,#422,.T.);
#420 = VERTEX_POINT('',#421);
#421 = CARTESIAN_POINT('',(0.465,-0.25,0.315));
#422 = LINE('',#423,#424);
#423 = CARTESIAN_POINT('',(-0.465,-0.25,0.315));
#424 = VECTOR('',#425,1.);
#425 = DIRECTION('',(1.,0.,0.));
#426 = ORIENTED_EDGE('',*,*,#427,.F.);
#427 = EDGE_CURVE('',#428,#420,#430,.T.);
#428 = VERTEX_POINT('',#429);
#429 = CARTESIAN_POINT('',(0.465,-0.25,3.5E-02));
#430 = LINE('',#431,#432);
#431 = CARTESIAN_POINT('',(0.465,-0.25,3.5E-02));
#432 = VECTOR('',#433,1.);
#433 = DIRECTION('',(0.,0.,1.));
#434 = ORIENTED_EDGE('',*,*,#435,.F.);
#435 = EDGE_CURVE('',#436,#428,#438,.T.);
#436 = VERTEX_POINT('',#437);
#437 = CARTESIAN_POINT('',(0.3,-0.25,3.5E-02));
#438 = LINE('',#439,#440);
#439 = CARTESIAN_POINT('',(-0.465,-0.25,3.5E-02));
#440 = VECTOR('',#441,1.);
#441 = DIRECTION('',(1.,0.,0.));
#442 = ORIENTED_EDGE('',*,*,#443,.F.);
#443 = EDGE_CURVE('',#235,#436,#444,.T.);
#444 = LINE('',#445,#446);
#445 = CARTESIAN_POINT('',(-0.465,-0.25,3.5E-02));
#446 = VECTOR('',#447,1.);
#447 = DIRECTION('',(1.,0.,0.));
#448 = PLANE('',#449);
#449 = AXIS2_PLACEMENT_3D('',#450,#451,#452);
#450 = CARTESIAN_POINT('',(-0.465,-0.25,3.5E-02));
#451 = DIRECTION('',(0.,1.,0.));
#452 = DIRECTION('',(0.,-0.,1.));
#453 = ADVANCED_FACE('',(#454),#465,.T.);
#454 = FACE_BOUND('',#455,.T.);
#455 = EDGE_LOOP('',(#456,#457,#458,#459));
#456 = ORIENTED_EDGE('',*,*,#318,.F.);
#457 = ORIENTED_EDGE('',*,*,#283,.F.);
#458 = ORIENTED_EDGE('',*,*,#201,.T.);
#459 = ORIENTED_EDGE('',*,*,#460,.T.);
#460 = EDGE_CURVE('',#202,#319,#461,.T.);
#461 = LINE('',#462,#463);
#462 = CARTESIAN_POINT('',(-0.335,-0.25,0.35));
#463 = VECTOR('',#464,1.);
#464 = DIRECTION('',(0.,1.,0.));
#465 = PLANE('',#466);
#466 = AXIS2_PLACEMENT_3D('',#467,#468,#469);
#467 = CARTESIAN_POINT('',(-0.5,-0.25,0.35));
#468 = DIRECTION('',(0.,0.,1.));
#469 = DIRECTION('',(1.,0.,-0.));
#470 = ADVANCED_FACE('',(#471),#482,.T.);
#471 = FACE_BOUND('',#472,.T.);
#472 = EDGE_LOOP('',(#473,#479,#480,#481));
#473 = ORIENTED_EDGE('',*,*,#474,.T.);
#474 = EDGE_CURVE('',#210,#327,#475,.T.);
#475 = LINE('',#476,#477);
#476 = CARTESIAN_POINT('',(-0.3,-0.25,0.315));
#477 = VECTOR('',#478,1.);
#478 = DIRECTION('',(0.,1.,0.));
#479 = ORIENTED_EDGE('',*,*,#326,.T.);
#480 = ORIENTED_EDGE('',*,*,#460,.F.);
#481 = ORIENTED_EDGE('',*,*,#209,.F.);
#482 = CYLINDRICAL_SURFACE('',#483,3.5E-02);
#483 = AXIS2_PLACEMENT_3D('',#484,#485,#486);
#484 = CARTESIAN_POINT('',(-0.335,-0.25,0.315));
#485 = DIRECTION('',(0.,1.,0.));
#486 = DIRECTION('',(1.,0.,0.));
#487 = ADVANCED_FACE('',(#488),#531,.T.);
#488 = FACE_BOUND('',#489,.T.);
#489 = EDGE_LOOP('',(#490,#491,#492,#493,#501,#509,#517,#525));
#490 = ORIENTED_EDGE('',*,*,#351,.F.);
#491 = ORIENTED_EDGE('',*,*,#343,.T.);
#492 = ORIENTED_EDGE('',*,*,#335,.T.);
#493 = ORIENTED_EDGE('',*,*,#494,.T.);
#494 = EDGE_CURVE('',#327,#495,#497,.T.);
#495 = VERTEX_POINT('',#496);
#496 = CARTESIAN_POINT('',(0.3,0.25,0.315));
#497 = LINE('',#498,#499);
#498 = CARTESIAN_POINT('',(-0.3,0.25,0.315));
#499 = VECTOR('',#500,1.);
#500 = DIRECTION('',(1.,0.,0.));
#501 = ORIENTED_EDGE('',*,*,#502,.T.);
#502 = EDGE_CURVE('',#495,#503,#505,.T.);
#503 = VERTEX_POINT('',#504);
#504 = CARTESIAN_POINT('',(0.465,0.25,0.315));
#505 = LINE('',#506,#507);
#506 = CARTESIAN_POINT('',(-0.465,0.25,0.315));
#507 = VECTOR('',#508,1.);
#508 = DIRECTION('',(1.,0.,0.));
#509 = ORIENTED_EDGE('',*,*,#510,.F.);
#510 = EDGE_CURVE('',#511,#503,#513,.T.);
#511 = VERTEX_POINT('',#512);
#512 = CARTESIAN_POINT('',(0.465,0.25,3.5E-02));
#513 = LINE('',#514,#515);
#514 = CARTESIAN_POINT('',(0.465,0.25,3.5E-02));
#515 = VECTOR('',#516,1.);
#516 = DIRECTION('',(0.,0.,1.));
#517 = ORIENTED_EDGE('',*,*,#518,.F.);
#518 = EDGE_CURVE('',#519,#511,#521,.T.);
#519 = VERTEX_POINT('',#520);
#520 = CARTESIAN_POINT('',(0.3,0.25,3.5E-02));
#521 = LINE('',#522,#523);
#522 = CARTESIAN_POINT('',(-0.465,0.25,3.5E-02));
#523 = VECTOR('',#524,1.);
#524 = DIRECTION('',(1.,0.,0.));
#525 = ORIENTED_EDGE('',*,*,#526,.F.);
#526 = EDGE_CURVE('',#352,#519,#527,.T.);
#527 = LINE('',#528,#529);
#528 = CARTESIAN_POINT('',(-0.465,0.25,3.5E-02));
#529 = VECTOR('',#530,1.);
#530 = DIRECTION('',(1.,0.,0.));
#531 = PLANE('',#532);
#532 = AXIS2_PLACEMENT_3D('',#533,#534,#535);
#533 = CARTESIAN_POINT('',(-0.465,0.25,3.5E-02));
#534 = DIRECTION('',(0.,1.,0.));
#535 = DIRECTION('',(0.,-0.,1.));
#536 = ADVANCED_FACE('',(#537),#548,.F.);
#537 = FACE_BOUND('',#538,.F.);
#538 = EDGE_LOOP('',(#539,#540,#541,#547));
#539 = ORIENTED_EDGE('',*,*,#394,.F.);
#540 = ORIENTED_EDGE('',*,*,#443,.T.);
#541 = ORIENTED_EDGE('',*,*,#542,.T.);
#542 = EDGE_CURVE('',#436,#519,#543,.T.);
#543 = LINE('',#544,#545);
#544 = CARTESIAN_POINT('',(0.3,-0.25,3.5E-02));
#545 = VECTOR('',#546,1.);
#546 = DIRECTION('',(0.,1.,0.));
#547 = ORIENTED_EDGE('',*,*,#526,.F.);
#548 = PLANE('',#549);
#549 = AXIS2_PLACEMENT_3D('',#550,#551,#552);
#550 = CARTESIAN_POINT('',(-0.465,-0.25,3.5E-02));
#551 = DIRECTION('',(0.,0.,1.));
#552 = DIRECTION('',(1.,0.,-0.));
#553 = ADVANCED_FACE('',(#554),#617,.F.);
#554 = FACE_BOUND('',#555,.F.);
#555 = EDGE_LOOP('',(#556,#566,#573,#574,#575,#576,#585,#593,#602,#610)
  );
#556 = ORIENTED_EDGE('',*,*,#557,.F.);
#557 = EDGE_CURVE('',#558,#560,#562,.T.);
#558 = VERTEX_POINT('',#559);
#559 = CARTESIAN_POINT('',(0.335,-0.25,-2.775557561563E-17));
#560 = VERTEX_POINT('',#561);
#561 = CARTESIAN_POINT('',(0.465,-0.25,-2.775557561563E-17));
#562 = LINE('',#563,#564);
#563 = CARTESIAN_POINT('',(0.3,-0.25,0.));
#564 = VECTOR('',#565,1.);
#565 = DIRECTION('',(1.,0.,0.));
#566 = ORIENTED_EDGE('',*,*,#567,.F.);
#567 = EDGE_CURVE('',#436,#558,#568,.T.);
#568 = CIRCLE('',#569,3.5E-02);
#569 = AXIS2_PLACEMENT_3D('',#570,#571,#572);
#570 = CARTESIAN_POINT('',(0.335,-0.25,3.5E-02));
#571 = DIRECTION('',(0.,-1.,0.));
#572 = DIRECTION('',(0.,0.,1.));
#573 = ORIENTED_EDGE('',*,*,#435,.T.);
#574 = ORIENTED_EDGE('',*,*,#427,.T.);
#575 = ORIENTED_EDGE('',*,*,#419,.F.);
#576 = ORIENTED_EDGE('',*,*,#577,.T.);
#577 = EDGE_CURVE('',#412,#578,#580,.T.);
#578 = VERTEX_POINT('',#579);
#579 = CARTESIAN_POINT('',(0.335,-0.25,0.35));
#580 = CIRCLE('',#581,3.5E-02);
#581 = AXIS2_PLACEMENT_3D('',#582,#583,#584);
#582 = CARTESIAN_POINT('',(0.335,-0.25,0.315));
#583 = DIRECTION('',(0.,1.,0.));
#584 = DIRECTION('',(0.,-0.,1.));
#585 = ORIENTED_EDGE('',*,*,#586,.T.);
#586 = EDGE_CURVE('',#578,#587,#589,.T.);
#587 = VERTEX_POINT('',#588);
#588 = CARTESIAN_POINT('',(0.465,-0.25,0.35));
#589 = LINE('',#590,#591);
#590 = CARTESIAN_POINT('',(0.3,-0.25,0.35));
#591 = VECTOR('',#592,1.);
#592 = DIRECTION('',(1.,0.,0.));
#593 = ORIENTED_EDGE('',*,*,#594,.F.);
#594 = EDGE_CURVE('',#595,#587,#597,.T.);
#595 = VERTEX_POINT('',#596);
#596 = CARTESIAN_POINT('',(0.5,-0.25,0.315));
#597 = CIRCLE('',#598,3.5E-02);
#598 = AXIS2_PLACEMENT_3D('',#599,#600,#601);
#599 = CARTESIAN_POINT('',(0.465,-0.25,0.315));
#600 = DIRECTION('',(0.,-1.,0.));
#601 = DIRECTION('',(0.,0.,1.));
#602 = ORIENTED_EDGE('',*,*,#603,.F.);
#603 = EDGE_CURVE('',#604,#595,#606,.T.);
#604 = VERTEX_POINT('',#605);
#605 = CARTESIAN_POINT('',(0.5,-0.25,3.5E-02));
#606 = LINE('',#607,#608);
#607 = CARTESIAN_POINT('',(0.5,-0.25,0.));
#608 = VECTOR('',#609,1.);
#609 = DIRECTION('',(0.,0.,1.));
#610 = ORIENTED_EDGE('',*,*,#611,.T.);
#611 = EDGE_CURVE('',#604,#560,#612,.T.);
#612 = CIRCLE('',#613,3.5E-02);
#613 = AXIS2_PLACEMENT_3D('',#614,#615,#616);
#614 = CARTESIAN_POINT('',(0.465,-0.25,3.5E-02));
#615 = DIRECTION('',(0.,1.,0.));
#616 = DIRECTION('',(0.,-0.,1.));
#617 = PLANE('',#618);
#618 = AXIS2_PLACEMENT_3D('',#619,#620,#621);
#619 = CARTESIAN_POINT('',(0.3,-0.25,0.));
#620 = DIRECTION('',(0.,1.,0.));
#621 = DIRECTION('',(0.,-0.,1.));
#622 = ADVANCED_FACE('',(#623),#648,.F.);
#623 = FACE_BOUND('',#624,.F.);
#624 = EDGE_LOOP('',(#625,#626,#634,#642));
#625 = ORIENTED_EDGE('',*,*,#411,.F.);
#626 = ORIENTED_EDGE('',*,*,#627,.T.);
#627 = EDGE_CURVE('',#210,#628,#630,.T.);
#628 = VERTEX_POINT('',#629);
#629 = CARTESIAN_POINT('',(-0.3,-0.25,0.35));
#630 = LINE('',#631,#632);
#631 = CARTESIAN_POINT('',(-0.3,-0.25,0.315));
#632 = VECTOR('',#633,1.);
#633 = DIRECTION('',(0.,0.,1.));
#634 = ORIENTED_EDGE('',*,*,#635,.T.);
#635 = EDGE_CURVE('',#628,#636,#638,.T.);
#636 = VERTEX_POINT('',#637);
#637 = CARTESIAN_POINT('',(0.3,-0.25,0.35));
#638 = LINE('',#639,#640);
#639 = CARTESIAN_POINT('',(-0.3,-0.25,0.35));
#640 = VECTOR('',#641,1.);
#641 = DIRECTION('',(1.,0.,0.));
#642 = ORIENTED_EDGE('',*,*,#643,.F.);
#643 = EDGE_CURVE('',#412,#636,#644,.T.);
#644 = LINE('',#645,#646);
#645 = CARTESIAN_POINT('',(0.3,-0.25,0.315));
#646 = VECTOR('',#647,1.);
#647 = DIRECTION('',(0.,0.,1.));
#648 = PLANE('',#649);
#649 = AXIS2_PLACEMENT_3D('',#650,#651,#652);
#650 = CARTESIAN_POINT('',(-0.3,-0.25,0.315));
#651 = DIRECTION('',(0.,1.,0.));
#652 = DIRECTION('',(0.,-0.,1.));
#653 = ADVANCED_FACE('',(#654),#672,.F.);
#654 = FACE_BOUND('',#655,.F.);
#655 = EDGE_LOOP('',(#656,#657,#658,#666));
#656 = ORIENTED_EDGE('',*,*,#627,.F.);
#657 = ORIENTED_EDGE('',*,*,#474,.T.);
#658 = ORIENTED_EDGE('',*,*,#659,.T.);
#659 = EDGE_CURVE('',#327,#660,#662,.T.);
#660 = VERTEX_POINT('',#661);
#661 = CARTESIAN_POINT('',(-0.3,0.25,0.35));
#662 = LINE('',#663,#664);
#663 = CARTESIAN_POINT('',(-0.3,0.25,0.315));
#664 = VECTOR('',#665,1.);
#665 = DIRECTION('',(0.,0.,1.));
#666 = ORIENTED_EDGE('',*,*,#667,.F.);
#667 = EDGE_CURVE('',#628,#660,#668,.T.);
#668 = LINE('',#669,#670);
#669 = CARTESIAN_POINT('',(-0.3,-0.25,0.35));
#670 = VECTOR('',#671,1.);
#671 = DIRECTION('',(0.,1.,0.));
#672 = PLANE('',#673);
#673 = AXIS2_PLACEMENT_3D('',#674,#675,#676);
#674 = CARTESIAN_POINT('',(-0.3,-0.25,0.315));
#675 = DIRECTION('',(1.,0.,0.));
#676 = DIRECTION('',(0.,0.,1.));
#677 = ADVANCED_FACE('',(#678),#741,.T.);
#678 = FACE_BOUND('',#679,.T.);
#679 = EDGE_LOOP('',(#680,#690,#697,#698,#699,#700,#709,#717,#726,#734)
  );
#680 = ORIENTED_EDGE('',*,*,#681,.F.);
#681 = EDGE_CURVE('',#682,#684,#686,.T.);
#682 = VERTEX_POINT('',#683);
#683 = CARTESIAN_POINT('',(0.335,0.25,-2.775557561563E-17));
#684 = VERTEX_POINT('',#685);
#685 = CARTESIAN_POINT('',(0.465,0.25,-2.775557561563E-17));
#686 = LINE('',#687,#688);
#687 = CARTESIAN_POINT('',(0.3,0.25,0.));
#688 = VECTOR('',#689,1.);
#689 = DIRECTION('',(1.,0.,0.));
#690 = ORIENTED_EDGE('',*,*,#691,.F.);
#691 = EDGE_CURVE('',#519,#682,#692,.T.);
#692 = CIRCLE('',#693,3.5E-02);
#693 = AXIS2_PLACEMENT_3D('',#694,#695,#696);
#694 = CARTESIAN_POINT('',(0.335,0.25,3.5E-02));
#695 = DIRECTION('',(0.,-1.,0.));
#696 = DIRECTION('',(0.,0.,1.));
#697 = ORIENTED_EDGE('',*,*,#518,.T.);
#698 = ORIENTED_EDGE('',*,*,#510,.T.);
#699 = ORIENTED_EDGE('',*,*,#502,.F.);
#700 = ORIENTED_EDGE('',*,*,#701,.T.);
#701 = EDGE_CURVE('',#495,#702,#704,.T.);
#702 = VERTEX_POINT('',#703);
#703 = CARTESIAN_POINT('',(0.335,0.25,0.35));
#704 = CIRCLE('',#705,3.5E-02);
#705 = AXIS2_PLACEMENT_3D('',#706,#707,#708);
#706 = CARTESIAN_POINT('',(0.335,0.25,0.315));
#707 = DIRECTION('',(0.,1.,0.));
#708 = DIRECTION('',(0.,-0.,1.));
#709 = ORIENTED_EDGE('',*,*,#710,.T.);
#710 = EDGE_CURVE('',#702,#711,#713,.T.);
#711 = VERTEX_POINT('',#712);
#712 = CARTESIAN_POINT('',(0.465,0.25,0.35));
#713 = LINE('',#714,#715);
#714 = CARTESIAN_POINT('',(0.3,0.25,0.35));
#715 = VECTOR('',#716,1.);
#716 = DIRECTION('',(1.,0.,0.));
#717 = ORIENTED_EDGE('',*,*,#718,.F.);
#718 = EDGE_CURVE('',#719,#711,#721,.T.);
#719 = VERTEX_POINT('',#720);
#720 = CARTESIAN_POINT('',(0.5,0.25,0.315));
#721 = CIRCLE('',#722,3.5E-02);
#722 = AXIS2_PLACEMENT_3D('',#723,#724,#725);
#723 = CARTESIAN_POINT('',(0.465,0.25,0.315));
#724 = DIRECTION('',(0.,-1.,0.));
#725 = DIRECTION('',(0.,0.,1.));
#726 = ORIENTED_EDGE('',*,*,#727,.F.);
#727 = EDGE_CURVE('',#728,#719,#730,.T.);
#728 = VERTEX_POINT('',#729);
#729 = CARTESIAN_POINT('',(0.5,0.25,3.5E-02));
#730 = LINE('',#731,#732);
#731 = CARTESIAN_POINT('',(0.5,0.25,0.));
#732 = VECTOR('',#733,1.);
#733 = DIRECTION('',(0.,0.,1.));
#734 = ORIENTED_EDGE('',*,*,#735,.T.);
#735 = EDGE_CURVE('',#728,#684,#736,.T.);
#736 = CIRCLE('',#737,3.5E-02);
#737 = AXIS2_PLACEMENT_3D('',#738,#739,#740);
#738 = CARTESIAN_POINT('',(0.465,0.25,3.5E-02));
#739 = DIRECTION('',(0.,1.,0.));
#740 = DIRECTION('',(0.,-0.,1.));
#741 = PLANE('',#742);
#742 = AXIS2_PLACEMENT_3D('',#743,#744,#745);
#743 = CARTESIAN_POINT('',(0.3,0.25,0.));
#744 = DIRECTION('',(0.,1.,0.));
#745 = DIRECTION('',(0.,-0.,1.));
#746 = ADVANCED_FACE('',(#747),#765,.T.);
#747 = FACE_BOUND('',#748,.T.);
#748 = EDGE_LOOP('',(#749,#750,#751,#759));
#749 = ORIENTED_EDGE('',*,*,#494,.F.);
#750 = ORIENTED_EDGE('',*,*,#659,.T.);
#751 = ORIENTED_EDGE('',*,*,#752,.T.);
#752 = EDGE_CURVE('',#660,#753,#755,.T.);
#753 = VERTEX_POINT('',#754);
#754 = CARTESIAN_POINT('',(0.3,0.25,0.35));
#755 = LINE('',#756,#757);
#756 = CARTESIAN_POINT('',(-0.3,0.25,0.35));
#757 = VECTOR('',#758,1.);
#758 = DIRECTION('',(1.,0.,0.));
#759 = ORIENTED_EDGE('',*,*,#760,.F.);
#760 = EDGE_CURVE('',#495,#753,#761,.T.);
#761 = LINE('',#762,#763);
#762 = CARTESIAN_POINT('',(0.3,0.25,0.315));
#763 = VECTOR('',#764,1.);
#764 = DIRECTION('',(0.,0.,1.));
#765 = PLANE('',#766);
#766 = AXIS2_PLACEMENT_3D('',#767,#768,#769);
#767 = CARTESIAN_POINT('',(-0.3,0.25,0.315));
#768 = DIRECTION('',(0.,1.,0.));
#769 = DIRECTION('',(0.,-0.,1.));
#770 = ADVANCED_FACE('',(#771),#782,.T.);
#771 = FACE_BOUND('',#772,.T.);
#772 = EDGE_LOOP('',(#773,#774,#775,#781));
#773 = ORIENTED_EDGE('',*,*,#542,.T.);
#774 = ORIENTED_EDGE('',*,*,#691,.T.);
#775 = ORIENTED_EDGE('',*,*,#776,.F.);
#776 = EDGE_CURVE('',#558,#682,#777,.T.);
#777 = LINE('',#778,#779);
#778 = CARTESIAN_POINT('',(0.335,-0.25,-2.775557561563E-17));
#779 = VECTOR('',#780,1.);
#780 = DIRECTION('',(0.,1.,0.));
#781 = ORIENTED_EDGE('',*,*,#567,.F.);
#782 = CYLINDRICAL_SURFACE('',#783,3.5E-02);
#783 = AXIS2_PLACEMENT_3D('',#784,#785,#786);
#784 = CARTESIAN_POINT('',(0.335,-0.25,3.5E-02));
#785 = DIRECTION('',(0.,1.,0.));
#786 = DIRECTION('',(-1.,0.,0.));
#787 = ADVANCED_FACE('',(#788),#799,.F.);
#788 = FACE_BOUND('',#789,.F.);
#789 = EDGE_LOOP('',(#790,#791,#792,#793));
#790 = ORIENTED_EDGE('',*,*,#681,.F.);
#791 = ORIENTED_EDGE('',*,*,#776,.F.);
#792 = ORIENTED_EDGE('',*,*,#557,.T.);
#793 = ORIENTED_EDGE('',*,*,#794,.T.);
#794 = EDGE_CURVE('',#560,#684,#795,.T.);
#795 = LINE('',#796,#797);
#796 = CARTESIAN_POINT('',(0.465,-0.25,-2.775557561563E-17));
#797 = VECTOR('',#798,1.);
#798 = DIRECTION('',(0.,1.,0.));
#799 = PLANE('',#800);
#800 = AXIS2_PLACEMENT_3D('',#801,#802,#803);
#801 = CARTESIAN_POINT('',(0.3,-0.25,0.));
#802 = DIRECTION('',(0.,0.,1.));
#803 = DIRECTION('',(1.,0.,-0.));
#804 = ADVANCED_FACE('',(#805),#816,.T.);
#805 = FACE_BOUND('',#806,.T.);
#806 = EDGE_LOOP('',(#807,#808,#809,#810));
#807 = ORIENTED_EDGE('',*,*,#611,.T.);
#808 = ORIENTED_EDGE('',*,*,#794,.T.);
#809 = ORIENTED_EDGE('',*,*,#735,.F.);
#810 = ORIENTED_EDGE('',*,*,#811,.F.);
#811 = EDGE_CURVE('',#604,#728,#812,.T.);
#812 = LINE('',#813,#814);
#813 = CARTESIAN_POINT('',(0.5,-0.25,3.5E-02));
#814 = VECTOR('',#815,1.);
#815 = DIRECTION('',(0.,1.,0.));
#816 = CYLINDRICAL_SURFACE('',#817,3.5E-02);
#817 = AXIS2_PLACEMENT_3D('',#818,#819,#820);
#818 = CARTESIAN_POINT('',(0.465,-0.25,3.5E-02));
#819 = DIRECTION('',(0.,1.,0.));
#820 = DIRECTION('',(1.,0.,0.));
#821 = ADVANCED_FACE('',(#822),#833,.T.);
#822 = FACE_BOUND('',#823,.T.);
#823 = EDGE_LOOP('',(#824,#825,#826,#827));
#824 = ORIENTED_EDGE('',*,*,#603,.F.);
#825 = ORIENTED_EDGE('',*,*,#811,.T.);
#826 = ORIENTED_EDGE('',*,*,#727,.T.);
#827 = ORIENTED_EDGE('',*,*,#828,.F.);
#828 = EDGE_CURVE('',#595,#719,#829,.T.);
#829 = LINE('',#830,#831);
#830 = CARTESIAN_POINT('',(0.5,-0.25,0.315));
#831 = VECTOR('',#832,1.);
#832 = DIRECTION('',(0.,1.,0.));
#833 = PLANE('',#834);
#834 = AXIS2_PLACEMENT_3D('',#835,#836,#837);
#835 = CARTESIAN_POINT('',(0.5,-0.25,0.));
#836 = DIRECTION('',(1.,0.,0.));
#837 = DIRECTION('',(0.,0.,1.));
#838 = ADVANCED_FACE('',(#839),#850,.T.);
#839 = FACE_BOUND('',#840,.T.);
#840 = EDGE_LOOP('',(#841,#842,#843,#849));
#841 = ORIENTED_EDGE('',*,*,#828,.T.);
#842 = ORIENTED_EDGE('',*,*,#718,.T.);
#843 = ORIENTED_EDGE('',*,*,#844,.F.);
#844 = EDGE_CURVE('',#587,#711,#845,.T.);
#845 = LINE('',#846,#847);
#846 = CARTESIAN_POINT('',(0.465,-0.25,0.35));
#847 = VECTOR('',#848,1.);
#848 = DIRECTION('',(0.,1.,0.));
#849 = ORIENTED_EDGE('',*,*,#594,.F.);
#850 = CYLINDRICAL_SURFACE('',#851,3.5E-02);
#851 = AXIS2_PLACEMENT_3D('',#852,#853,#854);
#852 = CARTESIAN_POINT('',(0.465,-0.25,0.315));
#853 = DIRECTION('',(0.,1.,0.));
#854 = DIRECTION('',(1.,0.,0.));
#855 = ADVANCED_FACE('',(#856),#867,.T.);
#856 = FACE_BOUND('',#857,.T.);
#857 = EDGE_LOOP('',(#858,#859,#865,#866));
#858 = ORIENTED_EDGE('',*,*,#710,.F.);
#859 = ORIENTED_EDGE('',*,*,#860,.F.);
#860 = EDGE_CURVE('',#578,#702,#861,.T.);
#861 = LINE('',#862,#863);
#862 = CARTESIAN_POINT('',(0.335,-0.25,0.35));
#863 = VECTOR('',#864,1.);
#864 = DIRECTION('',(0.,1.,0.));
#865 = ORIENTED_EDGE('',*,*,#586,.T.);
#866 = ORIENTED_EDGE('',*,*,#844,.T.);
#867 = PLANE('',#868);
#868 = AXIS2_PLACEMENT_3D('',#869,#870,#871);
#869 = CARTESIAN_POINT('',(0.3,-0.25,0.35));
#870 = DIRECTION('',(0.,0.,1.));
#871 = DIRECTION('',(1.,0.,-0.));
#872 = ADVANCED_FACE('',(#873),#884,.T.);
#873 = FACE_BOUND('',#874,.T.);
#874 = EDGE_LOOP('',(#875,#876,#877,#878));
#875 = ORIENTED_EDGE('',*,*,#577,.T.);
#876 = ORIENTED_EDGE('',*,*,#860,.T.);
#877 = ORIENTED_EDGE('',*,*,#701,.F.);
#878 = ORIENTED_EDGE('',*,*,#879,.F.);
#879 = EDGE_CURVE('',#412,#495,#880,.T.);
#880 = LINE('',#881,#882);
#881 = CARTESIAN_POINT('',(0.3,-0.25,0.315));
#882 = VECTOR('',#883,1.);
#883 = DIRECTION('',(0.,1.,0.));
#884 = CYLINDRICAL_SURFACE('',#885,3.5E-02);
#885 = AXIS2_PLACEMENT_3D('',#886,#887,#888);
#886 = CARTESIAN_POINT('',(0.335,-0.25,0.315));
#887 = DIRECTION('',(0.,1.,0.));
#888 = DIRECTION('',(-1.,0.,0.));
#889 = ADVANCED_FACE('',(#890),#901,.T.);
#890 = FACE_BOUND('',#891,.T.);
#891 = EDGE_LOOP('',(#892,#893,#894,#895));
#892 = ORIENTED_EDGE('',*,*,#643,.F.);
#893 = ORIENTED_EDGE('',*,*,#879,.T.);
#894 = ORIENTED_EDGE('',*,*,#760,.T.);
#895 = ORIENTED_EDGE('',*,*,#896,.F.);
#896 = EDGE_CURVE('',#636,#753,#897,.T.);
#897 = LINE('',#898,#899);
#898 = CARTESIAN_POINT('',(0.3,-0.25,0.35));
#899 = VECTOR('',#900,1.);
#900 = DIRECTION('',(0.,1.,0.));
#901 = PLANE('',#902);
#902 = AXIS2_PLACEMENT_3D('',#903,#904,#905);
#903 = CARTESIAN_POINT('',(0.3,-0.25,0.315));
#904 = DIRECTION('',(1.,0.,0.));
#905 = DIRECTION('',(0.,0.,1.));
#906 = ADVANCED_FACE('',(#907),#913,.T.);
#907 = FACE_BOUND('',#908,.T.);
#908 = EDGE_LOOP('',(#909,#910,#911,#912));
#909 = ORIENTED_EDGE('',*,*,#667,.F.);
#910 = ORIENTED_EDGE('',*,*,#635,.T.);
#911 = ORIENTED_EDGE('',*,*,#896,.T.);
#912 = ORIENTED_EDGE('',*,*,#752,.F.);
#913 = PLANE('',#914);
#914 = AXIS2_PLACEMENT_3D('',#915,#916,#917);
#915 = CARTESIAN_POINT('',(-0.3,-0.25,0.35));
#916 = DIRECTION('',(0.,0.,1.));
#917 = DIRECTION('',(1.,0.,-0.));
#918 = ( GEOMETRIC_REPRESENTATION_CONTEXT(3) 
GLOBAL_UNCERTAINTY_ASSIGNED_CONTEXT((#922)) GLOBAL_UNIT_ASSIGNED_CONTEXT
((#919,#920,#921)) REPRESENTATION_CONTEXT('Context #1',
  '3D Context with UNIT and UNCERTAINTY') );
#919 = ( LENGTH_UNIT() NAMED_UNIT(*) SI_UNIT(.MILLI.,.METRE.) );
#920 = ( NAMED_UNIT(*) PLANE_ANGLE_UNIT() SI_UNIT($,.RADIAN.) );
#921 = ( NAMED_UNIT(*) SI_UNIT($,.STERADIAN.) SOLID_ANGLE_UNIT() );
#922 = UNCERTAINTY_MEASURE_WITH_UNIT(LENGTH_MEASURE(1.E-07),#919,
  'distance_accuracy_value','confusion accuracy');
#923 = CONTEXT_DEPENDENT_SHAPE_REPRESENTATION(#924,#926);
#924 = ( REPRESENTATION_RELATIONSHIP('','',#127,#104) 
REPRESENTATION_RELATIONSHIP_WITH_TRANSFORMATION(#925) 
SHAPE_REPRESENTATION_RELATIONSHIP() );
#925 = ITEM_DEFINED_TRANSFORMATION('','',#11,#105);
#926 = PRODUCT_DEFINITION_SHAPE('Placement','Placement of an item',#927
  );
#927 = NEXT_ASSEMBLY_USAGE_OCCURRENCE('1','=>[0:1:1:3]','',#99,#122,$);
#928 = PRODUCT_RELATED_PRODUCT_CATEGORY('part',$,(#124));
#929 = SHAPE_DEFINITION_REPRESENTATION(#930,#936);
#930 = PRODUCT_DEFINITION_SHAPE('','',#931);
#931 = PRODUCT_DEFINITION('design','',#932,#935);
#932 = PRODUCT_DEFINITION_FORMATION('','',#933);
#933 = PRODUCT('C_0402_1005Metric','C_0402_1005Metric','',(#934));
#934 = PRODUCT_CONTEXT('',#2,'mechanical');
#935 = PRODUCT_DEFINITION_CONTEXT('part definition',#2,'design');
#936 = SHAPE_REPRESENTATION('',(#11,#937),#941);
#937 = AXIS2_PLACEMENT_3D('',#938,#939,#940);
#938 = CARTESIAN_POINT('',(0.,0.,0.));
#939 = DIRECTION('',(0.,0.,1.));
#940 = DIRECTION('',(1.,0.,-0.));
#941 = ( GEOMETRIC_REPRESENTATION_CONTEXT(3) 
GLOBAL_UNCERTAINTY_ASSIGNED_CONTEXT((#945)) GLOBAL_UNIT_ASSIGNED_CONTEXT
((#942,#943,#944)) REPRESENTATION_CONTEXT('Context #1',
  '3D Context with UNIT and UNCERTAINTY') );
#942 = ( LENGTH_UNIT() NAMED_UNIT(*) SI_UNIT(.MILLI.,.METRE.) );
#943 = ( NAMED_UNIT(*) PLANE_ANGLE_UNIT() SI_UNIT($,.RADIAN.) );
#944 = ( NAMED_UNIT(*) SI_UNIT($,.STERADIAN.) SOLID_ANGLE_UNIT() );
#945 = UNCERTAINTY_MEASURE_WITH_UNIT(LENGTH_MEASURE(1.E-07),#942,
  'distance_accuracy_value','confusion accuracy');
#946 = CONTEXT_DEPENDENT_SHAPE_REPRESENTATION(#947,#949);
#947 = ( REPRESENTATION_RELATIONSHIP('','',#936,#10) 
REPRESENTATION_RELATIONSHIP_WITH_TRANSFORMATION(#948) 
SHAPE_REPRESENTATION_RELATIONSHIP() );
#948 = ITEM_DEFINED_TRANSFORMATION('','',#11,#19);
#949 = PRODUCT_DEFINITION_SHAPE('Placement','Placement of an item',#950
  );
#950 = NEXT_ASSEMBLY_USAGE_OCCURRENCE('4','C40','',#5,#931,$);
#951 = PRODUCT_RELATED_PRODUCT_CATEGORY('part',$,(#933));
#952 = SHAPE_DEFINITION_REPRESENTATION(#953,#959);
#953 = PRODUCT_DEFINITION_SHAPE('','',#954);
#954 = PRODUCT_DEFINITION('design','',#955,#958);
#955 = PRODUCT_DEFINITION_FORMATION('','',#956);
#956 = PRODUCT('C_0402_1005Metric','C_0402_1005Metric','',(#957));
#957 = PRODUCT_CONTEXT('',#2,'mechanical');
#958 = PRODUCT_DEFINITION_CONTEXT('part definition',#2,'design');
#959 = ADVANCED_BREP_SHAPE_REPRESENTATION('',(#11,#960),#1814);
#960 = MANIFOLD_SOLID_BREP('',#961);
#961 = CLOSED_SHELL('',(#962,#1038,#1069,#1094,#1119,#1143,#1167,#1192,
    #1217,#1234,#1320,#1352,#1376,#1401,#1425,#1450,#1474,#1499,#1516,
    #1602,#1633,#1658,#1683,#1707,#1731,#1756,#1781,#1798));
#962 = ADVANCED_FACE('',(#963),#1033,.F.);
#963 = FACE_BOUND('',#964,.F.);
#964 = EDGE_LOOP('',(#965,#975,#984,#992,#1001,#1009,#1018,#1026));
#965 = ORIENTED_EDGE('',*,*,#966,.F.);
#966 = EDGE_CURVE('',#967,#969,#971,.T.);
#967 = VERTEX_POINT('',#968);
#968 = CARTESIAN_POINT('',(-0.5,-0.25,2.E-02));
#969 = VERTEX_POINT('',#970);
#970 = CARTESIAN_POINT('',(-0.5,-0.25,0.48));
#971 = LINE('',#972,#973);
#972 = CARTESIAN_POINT('',(-0.5,-0.25,0.));
#973 = VECTOR('',#974,1.);
#974 = DIRECTION('',(0.,0.,1.));
#975 = ORIENTED_EDGE('',*,*,#976,.T.);
#976 = EDGE_CURVE('',#967,#977,#979,.T.);
#977 = VERTEX_POINT('',#978);
#978 = CARTESIAN_POINT('',(-0.5,-0.23,0.));
#979 = CIRCLE('',#980,2.E-02);
#980 = AXIS2_PLACEMENT_3D('',#981,#982,#983);
#981 = CARTESIAN_POINT('',(-0.5,-0.23,2.E-02));
#982 = DIRECTION('',(1.,0.,-0.));
#983 = DIRECTION('',(0.,0.,1.));
#984 = ORIENTED_EDGE('',*,*,#985,.T.);
#985 = EDGE_CURVE('',#977,#986,#988,.T.);
#986 = VERTEX_POINT('',#987);
#987 = CARTESIAN_POINT('',(-0.5,0.23,0.));
#988 = LINE('',#989,#990);
#989 = CARTESIAN_POINT('',(-0.5,-0.25,0.));
#990 = VECTOR('',#991,1.);
#991 = DIRECTION('',(0.,1.,0.));
#992 = ORIENTED_EDGE('',*,*,#993,.F.);
#993 = EDGE_CURVE('',#994,#986,#996,.T.);
#994 = VERTEX_POINT('',#995);
#995 = CARTESIAN_POINT('',(-0.5,0.25,2.E-02));
#996 = CIRCLE('',#997,2.E-02);
#997 = AXIS2_PLACEMENT_3D('',#998,#999,#1000);
#998 = CARTESIAN_POINT('',(-0.5,0.23,2.E-02));
#999 = DIRECTION('',(-1.,0.,0.));
#1000 = DIRECTION('',(0.,0.,1.));
#1001 = ORIENTED_EDGE('',*,*,#1002,.T.);
#1002 = EDGE_CURVE('',#994,#1003,#1005,.T.);
#1003 = VERTEX_POINT('',#1004);
#1004 = CARTESIAN_POINT('',(-0.5,0.25,0.48));
#1005 = LINE('',#1006,#1007);
#1006 = CARTESIAN_POINT('',(-0.5,0.25,0.));
#1007 = VECTOR('',#1008,1.);
#1008 = DIRECTION('',(0.,0.,1.));
#1009 = ORIENTED_EDGE('',*,*,#1010,.T.);
#1010 = EDGE_CURVE('',#1003,#1011,#1013,.T.);
#1011 = VERTEX_POINT('',#1012);
#1012 = CARTESIAN_POINT('',(-0.5,0.23,0.5));
#1013 = CIRCLE('',#1014,2.E-02);
#1014 = AXIS2_PLACEMENT_3D('',#1015,#1016,#1017);
#1015 = CARTESIAN_POINT('',(-0.5,0.23,0.48));
#1016 = DIRECTION('',(1.,0.,-0.));
#1017 = DIRECTION('',(0.,0.,1.));
#1018 = ORIENTED_EDGE('',*,*,#1019,.F.);
#1019 = EDGE_CURVE('',#1020,#1011,#1022,.T.);
#1020 = VERTEX_POINT('',#1021);
#1021 = CARTESIAN_POINT('',(-0.5,-0.23,0.5));
#1022 = LINE('',#1023,#1024);
#1023 = CARTESIAN_POINT('',(-0.5,-0.25,0.5));
#1024 = VECTOR('',#1025,1.);
#1025 = DIRECTION('',(0.,1.,0.));
#1026 = ORIENTED_EDGE('',*,*,#1027,.F.);
#1027 = EDGE_CURVE('',#969,#1020,#1028,.T.);
#1028 = CIRCLE('',#1029,2.E-02);
#1029 = AXIS2_PLACEMENT_3D('',#1030,#1031,#1032);
#1030 = CARTESIAN_POINT('',(-0.5,-0.23,0.48));
#1031 = DIRECTION('',(-1.,0.,0.));
#1032 = DIRECTION('',(0.,0.,1.));
#1033 = PLANE('',#1034);
#1034 = AXIS2_PLACEMENT_3D('',#1035,#1036,#1037);
#1035 = CARTESIAN_POINT('',(-0.5,-0.25,0.));
#1036 = DIRECTION('',(1.,0.,0.));
#1037 = DIRECTION('',(0.,0.,1.));
#1038 = ADVANCED_FACE('',(#1039),#1064,.F.);
#1039 = FACE_BOUND('',#1040,.F.);
#1040 = EDGE_LOOP('',(#1041,#1051,#1057,#1058));
#1041 = ORIENTED_EDGE('',*,*,#1042,.F.);
#1042 = EDGE_CURVE('',#1043,#1045,#1047,.T.);
#1043 = VERTEX_POINT('',#1044);
#1044 = CARTESIAN_POINT('',(-0.3,-0.25,2.E-02));
#1045 = VERTEX_POINT('',#1046);
#1046 = CARTESIAN_POINT('',(-0.3,-0.25,0.48));
#1047 = LINE('',#1048,#1049);
#1048 = CARTESIAN_POINT('',(-0.3,-0.25,0.));
#1049 = VECTOR('',#1050,1.);
#1050 = DIRECTION('',(0.,0.,1.));
#1051 = ORIENTED_EDGE('',*,*,#1052,.F.);
#1052 = EDGE_CURVE('',#967,#1043,#1053,.T.);
#1053 = LINE('',#1054,#1055);
#1054 = CARTESIAN_POINT('',(-0.5,-0.25,2.E-02));
#1055 = VECTOR('',#1056,1.);
#1056 = DIRECTION('',(1.,0.,0.));
#1057 = ORIENTED_EDGE('',*,*,#966,.T.);
#1058 = ORIENTED_EDGE('',*,*,#1059,.T.);
#1059 = EDGE_CURVE('',#969,#1045,#1060,.T.);
#1060 = LINE('',#1061,#1062);
#1061 = CARTESIAN_POINT('',(-0.5,-0.25,0.48));
#1062 = VECTOR('',#1063,1.);
#1063 = DIRECTION('',(1.,0.,0.));
#1064 = PLANE('',#1065);
#1065 = AXIS2_PLACEMENT_3D('',#1066,#1067,#1068);
#1066 = CARTESIAN_POINT('',(-0.5,-0.25,0.));
#1067 = DIRECTION('',(0.,1.,0.));
#1068 = DIRECTION('',(0.,-0.,1.));
#1069 = ADVANCED_FACE('',(#1070),#1089,.T.);
#1070 = FACE_BOUND('',#1071,.T.);
#1071 = EDGE_LOOP('',(#1072,#1073,#1081,#1088));
#1072 = ORIENTED_EDGE('',*,*,#976,.T.);
#1073 = ORIENTED_EDGE('',*,*,#1074,.T.);
#1074 = EDGE_CURVE('',#977,#1075,#1077,.T.);
#1075 = VERTEX_POINT('',#1076);
#1076 = CARTESIAN_POINT('',(-0.3,-0.23,0.));
#1077 = LINE('',#1078,#1079);
#1078 = CARTESIAN_POINT('',(-0.5,-0.23,0.));
#1079 = VECTOR('',#1080,1.);
#1080 = DIRECTION('',(1.,0.,0.));
#1081 = ORIENTED_EDGE('',*,*,#1082,.F.);
#1082 = EDGE_CURVE('',#1043,#1075,#1083,.T.);
#1083 = CIRCLE('',#1084,2.E-02);
#1084 = AXIS2_PLACEMENT_3D('',#1085,#1086,#1087);
#1085 = CARTESIAN_POINT('',(-0.3,-0.23,2.E-02));
#1086 = DIRECTION('',(1.,0.,-0.));
#1087 = DIRECTION('',(0.,0.,1.));
#1088 = ORIENTED_EDGE('',*,*,#1052,.F.);
#1089 = CYLINDRICAL_SURFACE('',#1090,2.E-02);
#1090 = AXIS2_PLACEMENT_3D('',#1091,#1092,#1093);
#1091 = CARTESIAN_POINT('',(-0.5,-0.23,2.E-02));
#1092 = DIRECTION('',(1.,0.,0.));
#1093 = DIRECTION('',(0.,-1.,0.));
#1094 = ADVANCED_FACE('',(#1095),#1114,.T.);
#1095 = FACE_BOUND('',#1096,.T.);
#1096 = EDGE_LOOP('',(#1097,#1098,#1107,#1113));
#1097 = ORIENTED_EDGE('',*,*,#1059,.T.);
#1098 = ORIENTED_EDGE('',*,*,#1099,.T.);
#1099 = EDGE_CURVE('',#1045,#1100,#1102,.T.);
#1100 = VERTEX_POINT('',#1101);
#1101 = CARTESIAN_POINT('',(-0.3,-0.23,0.5));
#1102 = CIRCLE('',#1103,2.E-02);
#1103 = AXIS2_PLACEMENT_3D('',#1104,#1105,#1106);
#1104 = CARTESIAN_POINT('',(-0.3,-0.23,0.48));
#1105 = DIRECTION('',(-1.,0.,0.));
#1106 = DIRECTION('',(0.,0.,1.));
#1107 = ORIENTED_EDGE('',*,*,#1108,.F.);
#1108 = EDGE_CURVE('',#1020,#1100,#1109,.T.);
#1109 = LINE('',#1110,#1111);
#1110 = CARTESIAN_POINT('',(-0.5,-0.23,0.5));
#1111 = VECTOR('',#1112,1.);
#1112 = DIRECTION('',(1.,0.,0.));
#1113 = ORIENTED_EDGE('',*,*,#1027,.F.);
#1114 = CYLINDRICAL_SURFACE('',#1115,2.E-02);
#1115 = AXIS2_PLACEMENT_3D('',#1116,#1117,#1118);
#1116 = CARTESIAN_POINT('',(-0.5,-0.23,0.48));
#1117 = DIRECTION('',(1.,0.,0.));
#1118 = DIRECTION('',(0.,-1.,0.));
#1119 = ADVANCED_FACE('',(#1120),#1138,.F.);
#1120 = FACE_BOUND('',#1121,.F.);
#1121 = EDGE_LOOP('',(#1122,#1123,#1124,#1132));
#1122 = ORIENTED_EDGE('',*,*,#985,.F.);
#1123 = ORIENTED_EDGE('',*,*,#1074,.T.);
#1124 = ORIENTED_EDGE('',*,*,#1125,.T.);
#1125 = EDGE_CURVE('',#1075,#1126,#1128,.T.);
#1126 = VERTEX_POINT('',#1127);
#1127 = CARTESIAN_POINT('',(-0.3,0.23,0.));
#1128 = LINE('',#1129,#1130);
#1129 = CARTESIAN_POINT('',(-0.3,-0.25,0.));
#1130 = VECTOR('',#1131,1.);
#1131 = DIRECTION('',(0.,1.,0.));
#1132 = ORIENTED_EDGE('',*,*,#1133,.F.);
#1133 = EDGE_CURVE('',#986,#1126,#1134,.T.);
#1134 = LINE('',#1135,#1136);
#1135 = CARTESIAN_POINT('',(-0.5,0.23,0.));
#1136 = VECTOR('',#1137,1.);
#1137 = DIRECTION('',(1.,0.,0.));
#1138 = PLANE('',#1139);
#1139 = AXIS2_PLACEMENT_3D('',#1140,#1141,#1142);
#1140 = CARTESIAN_POINT('',(-0.5,-0.25,0.));
#1141 = DIRECTION('',(0.,0.,1.));
#1142 = DIRECTION('',(1.,0.,-0.));
#1143 = ADVANCED_FACE('',(#1144),#1162,.T.);
#1144 = FACE_BOUND('',#1145,.T.);
#1145 = EDGE_LOOP('',(#1146,#1147,#1148,#1156));
#1146 = ORIENTED_EDGE('',*,*,#1019,.F.);
#1147 = ORIENTED_EDGE('',*,*,#1108,.T.);
#1148 = ORIENTED_EDGE('',*,*,#1149,.T.);
#1149 = EDGE_CURVE('',#1100,#1150,#1152,.T.);
#1150 = VERTEX_POINT('',#1151);
#1151 = CARTESIAN_POINT('',(-0.3,0.23,0.5));
#1152 = LINE('',#1153,#1154);
#1153 = CARTESIAN_POINT('',(-0.3,-0.25,0.5));
#1154 = VECTOR('',#1155,1.);
#1155 = DIRECTION('',(0.,1.,0.));
#1156 = ORIENTED_EDGE('',*,*,#1157,.F.);
#1157 = EDGE_CURVE('',#1011,#1150,#1158,.T.);
#1158 = LINE('',#1159,#1160);
#1159 = CARTESIAN_POINT('',(-0.5,0.23,0.5));
#1160 = VECTOR('',#1161,1.);
#1161 = DIRECTION('',(1.,0.,0.));
#1162 = PLANE('',#1163);
#1163 = AXIS2_PLACEMENT_3D('',#1164,#1165,#1166);
#1164 = CARTESIAN_POINT('',(-0.5,-0.25,0.5));
#1165 = DIRECTION('',(0.,0.,1.));
#1166 = DIRECTION('',(1.,0.,-0.));
#1167 = ADVANCED_FACE('',(#1168),#1187,.T.);
#1168 = FACE_BOUND('',#1169,.T.);
#1169 = EDGE_LOOP('',(#1170,#1178,#1185,#1186));
#1170 = ORIENTED_EDGE('',*,*,#1171,.T.);
#1171 = EDGE_CURVE('',#994,#1172,#1174,.T.);
#1172 = VERTEX_POINT('',#1173);
#1173 = CARTESIAN_POINT('',(-0.3,0.25,2.E-02));
#1174 = LINE('',#1175,#1176);
#1175 = CARTESIAN_POINT('',(-0.5,0.25,2.E-02));
#1176 = VECTOR('',#1177,1.);
#1177 = DIRECTION('',(1.,0.,0.));
#1178 = ORIENTED_EDGE('',*,*,#1179,.T.);
#1179 = EDGE_CURVE('',#1172,#1126,#1180,.T.);
#1180 = CIRCLE('',#1181,2.E-02);
#1181 = AXIS2_PLACEMENT_3D('',#1182,#1183,#1184);
#1182 = CARTESIAN_POINT('',(-0.3,0.23,2.E-02));
#1183 = DIRECTION('',(-1.,0.,0.));
#1184 = DIRECTION('',(0.,0.,1.));
#1185 = ORIENTED_EDGE('',*,*,#1133,.F.);
#1186 = ORIENTED_EDGE('',*,*,#993,.F.);
#1187 = CYLINDRICAL_SURFACE('',#1188,2.E-02);
#1188 = AXIS2_PLACEMENT_3D('',#1189,#1190,#1191);
#1189 = CARTESIAN_POINT('',(-0.5,0.23,2.E-02));
#1190 = DIRECTION('',(1.,0.,0.));
#1191 = DIRECTION('',(-0.,1.,0.));
#1192 = ADVANCED_FACE('',(#1193),#1212,.T.);
#1193 = FACE_BOUND('',#1194,.T.);
#1194 = EDGE_LOOP('',(#1195,#1196,#1197,#1206));
#1195 = ORIENTED_EDGE('',*,*,#1010,.T.);
#1196 = ORIENTED_EDGE('',*,*,#1157,.T.);
#1197 = ORIENTED_EDGE('',*,*,#1198,.F.);
#1198 = EDGE_CURVE('',#1199,#1150,#1201,.T.);
#1199 = VERTEX_POINT('',#1200);
#1200 = CARTESIAN_POINT('',(-0.3,0.25,0.48));
#1201 = CIRCLE('',#1202,2.E-02);
#1202 = AXIS2_PLACEMENT_3D('',#1203,#1204,#1205);
#1203 = CARTESIAN_POINT('',(-0.3,0.23,0.48));
#1204 = DIRECTION('',(1.,0.,-0.));
#1205 = DIRECTION('',(0.,0.,1.));
#1206 = ORIENTED_EDGE('',*,*,#1207,.F.);
#1207 = EDGE_CURVE('',#1003,#1199,#1208,.T.);
#1208 = LINE('',#1209,#1210);
#1209 = CARTESIAN_POINT('',(-0.5,0.25,0.48));
#1210 = VECTOR('',#1211,1.);
#1211 = DIRECTION('',(1.,0.,0.));
#1212 = CYLINDRICAL_SURFACE('',#1213,2.E-02);
#1213 = AXIS2_PLACEMENT_3D('',#1214,#1215,#1216);
#1214 = CARTESIAN_POINT('',(-0.5,0.23,0.48));
#1215 = DIRECTION('',(1.,0.,0.));
#1216 = DIRECTION('',(-0.,1.,0.));
#1217 = ADVANCED_FACE('',(#1218),#1229,.T.);
#1218 = FACE_BOUND('',#1219,.T.);
#1219 = EDGE_LOOP('',(#1220,#1226,#1227,#1228));
#1220 = ORIENTED_EDGE('',*,*,#1221,.F.);
#1221 = EDGE_CURVE('',#1172,#1199,#1222,.T.);
#1222 = LINE('',#1223,#1224);
#1223 = CARTESIAN_POINT('',(-0.3,0.25,0.));
#1224 = VECTOR('',#1225,1.);
#1225 = DIRECTION('',(0.,0.,1.));
#1226 = ORIENTED_EDGE('',*,*,#1171,.F.);
#1227 = ORIENTED_EDGE('',*,*,#1002,.T.);
#1228 = ORIENTED_EDGE('',*,*,#1207,.T.);
#1229 = PLANE('',#1230);
#1230 = AXIS2_PLACEMENT_3D('',#1231,#1232,#1233);
#1231 = CARTESIAN_POINT('',(-0.5,0.25,0.));
#1232 = DIRECTION('',(0.,1.,0.));
#1233 = DIRECTION('',(0.,-0.,1.));
#1234 = ADVANCED_FACE('',(#1235,#1245),#1315,.T.);
#1235 = FACE_BOUND('',#1236,.T.);
#1236 = EDGE_LOOP('',(#1237,#1238,#1239,#1240,#1241,#1242,#1243,#1244));
#1237 = ORIENTED_EDGE('',*,*,#1042,.F.);
#1238 = ORIENTED_EDGE('',*,*,#1082,.T.);
#1239 = ORIENTED_EDGE('',*,*,#1125,.T.);
#1240 = ORIENTED_EDGE('',*,*,#1179,.F.);
#1241 = ORIENTED_EDGE('',*,*,#1221,.T.);
#1242 = ORIENTED_EDGE('',*,*,#1198,.T.);
#1243 = ORIENTED_EDGE('',*,*,#1149,.F.);
#1244 = ORIENTED_EDGE('',*,*,#1099,.F.);
#1245 = FACE_BOUND('',#1246,.T.);
#1246 = EDGE_LOOP('',(#1247,#1258,#1266,#1275,#1283,#1292,#1300,#1309));
#1247 = ORIENTED_EDGE('',*,*,#1248,.F.);
#1248 = EDGE_CURVE('',#1249,#1251,#1253,.T.);
#1249 = VERTEX_POINT('',#1250);
#1250 = CARTESIAN_POINT('',(-0.3,-0.23,4.E-02));
#1251 = VERTEX_POINT('',#1252);
#1252 = CARTESIAN_POINT('',(-0.3,-0.21,2.E-02));
#1253 = CIRCLE('',#1254,2.E-02);
#1254 = AXIS2_PLACEMENT_3D('',#1255,#1256,#1257);
#1255 = CARTESIAN_POINT('',(-0.3,-0.21,4.E-02));
#1256 = DIRECTION('',(1.,0.,-0.));
#1257 = DIRECTION('',(0.,0.,1.));
#1258 = ORIENTED_EDGE('',*,*,#1259,.T.);
#1259 = EDGE_CURVE('',#1249,#1260,#1262,.T.);
#1260 = VERTEX_POINT('',#1261);
#1261 = CARTESIAN_POINT('',(-0.3,-0.23,0.46));
#1262 = LINE('',#1263,#1264);
#1263 = CARTESIAN_POINT('',(-0.3,-0.23,2.E-02));
#1264 = VECTOR('',#1265,1.);
#1265 = DIRECTION('',(0.,0.,1.));
#1266 = ORIENTED_EDGE('',*,*,#1267,.T.);
#1267 = EDGE_CURVE('',#1260,#1268,#1270,.T.);
#1268 = VERTEX_POINT('',#1269);
#1269 = CARTESIAN_POINT('',(-0.3,-0.21,0.48));
#1270 = CIRCLE('',#1271,2.E-02);
#1271 = AXIS2_PLACEMENT_3D('',#1272,#1273,#1274);
#1272 = CARTESIAN_POINT('',(-0.3,-0.21,0.46));
#1273 = DIRECTION('',(-1.,0.,0.));
#1274 = DIRECTION('',(0.,0.,1.));
#1275 = ORIENTED_EDGE('',*,*,#1276,.T.);
#1276 = EDGE_CURVE('',#1268,#1277,#1279,.T.);
#1277 = VERTEX_POINT('',#1278);
#1278 = CARTESIAN_POINT('',(-0.3,0.21,0.48));
#1279 = LINE('',#1280,#1281);
#1280 = CARTESIAN_POINT('',(-0.3,-0.23,0.48));
#1281 = VECTOR('',#1282,1.);
#1282 = DIRECTION('',(0.,1.,0.));
#1283 = ORIENTED_EDGE('',*,*,#1284,.F.);
#1284 = EDGE_CURVE('',#1285,#1277,#1287,.T.);
#1285 = VERTEX_POINT('',#1286);
#1286 = CARTESIAN_POINT('',(-0.3,0.23,0.46));
#1287 = CIRCLE('',#1288,2.E-02);
#1288 = AXIS2_PLACEMENT_3D('',#1289,#1290,#1291);
#1289 = CARTESIAN_POINT('',(-0.3,0.21,0.46));
#1290 = DIRECTION('',(1.,0.,-0.));
#1291 = DIRECTION('',(0.,0.,1.));
#1292 = ORIENTED_EDGE('',*,*,#1293,.F.);
#1293 = EDGE_CURVE('',#1294,#1285,#1296,.T.);
#1294 = VERTEX_POINT('',#1295);
#1295 = CARTESIAN_POINT('',(-0.3,0.23,4.E-02));
#1296 = LINE('',#1297,#1298);
#1297 = CARTESIAN_POINT('',(-0.3,0.23,2.E-02));
#1298 = VECTOR('',#1299,1.);
#1299 = DIRECTION('',(0.,0.,1.));
#1300 = ORIENTED_EDGE('',*,*,#1301,.T.);
#1301 = EDGE_CURVE('',#1294,#1302,#1304,.T.);
#1302 = VERTEX_POINT('',#1303);
#1303 = CARTESIAN_POINT('',(-0.3,0.21,2.E-02));
#1304 = CIRCLE('',#1305,2.E-02);
#1305 = AXIS2_PLACEMENT_3D('',#1306,#1307,#1308);
#1306 = CARTESIAN_POINT('',(-0.3,0.21,4.E-02));
#1307 = DIRECTION('',(-1.,0.,0.));
#1308 = DIRECTION('',(0.,0.,1.));
#1309 = ORIENTED_EDGE('',*,*,#1310,.F.);
#1310 = EDGE_CURVE('',#1251,#1302,#1311,.T.);
#1311 = LINE('',#1312,#1313);
#1312 = CARTESIAN_POINT('',(-0.3,-0.23,2.E-02));
#1313 = VECTOR('',#1314,1.);
#1314 = DIRECTION('',(0.,1.,0.));
#1315 = PLANE('',#1316);
#1316 = AXIS2_PLACEMENT_3D('',#1317,#1318,#1319);
#1317 = CARTESIAN_POINT('',(-0.3,-0.25,0.));
#1318 = DIRECTION('',(1.,0.,0.));
#1319 = DIRECTION('',(0.,0.,1.));
#1320 = ADVANCED_FACE('',(#1321),#1347,.T.);
#1321 = FACE_BOUND('',#1322,.T.);
#1322 = EDGE_LOOP('',(#1323,#1324,#1332,#1341));
#1323 = ORIENTED_EDGE('',*,*,#1248,.T.);
#1324 = ORIENTED_EDGE('',*,*,#1325,.T.);
#1325 = EDGE_CURVE('',#1251,#1326,#1328,.T.);
#1326 = VERTEX_POINT('',#1327);
#1327 = CARTESIAN_POINT('',(0.3,-0.21,2.E-02));
#1328 = LINE('',#1329,#1330);
#1329 = CARTESIAN_POINT('',(-0.3,-0.21,2.E-02));
#1330 = VECTOR('',#1331,1.);
#1331 = DIRECTION('',(1.,0.,0.));
#1332 = ORIENTED_EDGE('',*,*,#1333,.F.);
#1333 = EDGE_CURVE('',#1334,#1326,#1336,.T.);
#1334 = VERTEX_POINT('',#1335);
#1335 = CARTESIAN_POINT('',(0.3,-0.23,4.E-02));
#1336 = CIRCLE('',#1337,2.E-02);
#1337 = AXIS2_PLACEMENT_3D('',#1338,#1339,#1340);
#1338 = CARTESIAN_POINT('',(0.3,-0.21,4.E-02));
#1339 = DIRECTION('',(1.,0.,-0.));
#1340 = DIRECTION('',(0.,0.,1.));
#1341 = ORIENTED_EDGE('',*,*,#1342,.F.);
#1342 = EDGE_CURVE('',#1249,#1334,#1343,.T.);
#1343 = LINE('',#1344,#1345);
#1344 = CARTESIAN_POINT('',(-0.3,-0.23,4.E-02));
#1345 = VECTOR('',#1346,1.);
#1346 = DIRECTION('',(1.,0.,0.));
#1347 = CYLINDRICAL_SURFACE('',#1348,2.E-02);
#1348 = AXIS2_PLACEMENT_3D('',#1349,#1350,#1351);
#1349 = CARTESIAN_POINT('',(-0.3,-0.21,4.E-02));
#1350 = DIRECTION('',(1.,0.,0.));
#1351 = DIRECTION('',(0.,-1.,0.));
#1352 = ADVANCED_FACE('',(#1353),#1371,.F.);
#1353 = FACE_BOUND('',#1354,.F.);
#1354 = EDGE_LOOP('',(#1355,#1356,#1357,#1365));
#1355 = ORIENTED_EDGE('',*,*,#1310,.F.);
#1356 = ORIENTED_EDGE('',*,*,#1325,.T.);
#1357 = ORIENTED_EDGE('',*,*,#1358,.T.);
#1358 = EDGE_CURVE('',#1326,#1359,#1361,.T.);
#1359 = VERTEX_POINT('',#1360);
#1360 = CARTESIAN_POINT('',(0.3,0.21,2.E-02));
#1361 = LINE('',#1362,#1363);
#1362 = CARTESIAN_POINT('',(0.3,-0.23,2.E-02));
#1363 = VECTOR('',#1364,1.);
#1364 = DIRECTION('',(0.,1.,0.));
#1365 = ORIENTED_EDGE('',*,*,#1366,.F.);
#1366 = EDGE_CURVE('',#1302,#1359,#1367,.T.);
#1367 = LINE('',#1368,#1369);
#1368 = CARTESIAN_POINT('',(-0.3,0.21,2.E-02));
#1369 = VECTOR('',#1370,1.);
#1370 = DIRECTION('',(1.,0.,0.));
#1371 = PLANE('',#1372);
#1372 = AXIS2_PLACEMENT_3D('',#1373,#1374,#1375);
#1373 = CARTESIAN_POINT('',(-0.3,-0.23,2.E-02));
#1374 = DIRECTION('',(0.,0.,1.));
#1375 = DIRECTION('',(1.,0.,-0.));
#1376 = ADVANCED_FACE('',(#1377),#1396,.T.);
#1377 = FACE_BOUND('',#1378,.T.);
#1378 = EDGE_LOOP('',(#1379,#1387,#1394,#1395));
#1379 = ORIENTED_EDGE('',*,*,#1380,.T.);
#1380 = EDGE_CURVE('',#1294,#1381,#1383,.T.);
#1381 = VERTEX_POINT('',#1382);
#1382 = CARTESIAN_POINT('',(0.3,0.23,4.E-02));
#1383 = LINE('',#1384,#1385);
#1384 = CARTESIAN_POINT('',(-0.3,0.23,4.E-02));
#1385 = VECTOR('',#1386,1.);
#1386 = DIRECTION('',(1.,0.,0.));
#1387 = ORIENTED_EDGE('',*,*,#1388,.T.);
#1388 = EDGE_CURVE('',#1381,#1359,#1389,.T.);
#1389 = CIRCLE('',#1390,2.E-02);
#1390 = AXIS2_PLACEMENT_3D('',#1391,#1392,#1393);
#1391 = CARTESIAN_POINT('',(0.3,0.21,4.E-02));
#1392 = DIRECTION('',(-1.,0.,0.));
#1393 = DIRECTION('',(0.,0.,1.));
#1394 = ORIENTED_EDGE('',*,*,#1366,.F.);
#1395 = ORIENTED_EDGE('',*,*,#1301,.F.);
#1396 = CYLINDRICAL_SURFACE('',#1397,2.E-02);
#1397 = AXIS2_PLACEMENT_3D('',#1398,#1399,#1400);
#1398 = CARTESIAN_POINT('',(-0.3,0.21,4.E-02));
#1399 = DIRECTION('',(1.,0.,0.));
#1400 = DIRECTION('',(-0.,1.,0.));
#1401 = ADVANCED_FACE('',(#1402),#1420,.T.);
#1402 = FACE_BOUND('',#1403,.T.);
#1403 = EDGE_LOOP('',(#1404,#1412,#1413,#1414));
#1404 = ORIENTED_EDGE('',*,*,#1405,.F.);
#1405 = EDGE_CURVE('',#1381,#1406,#1408,.T.);
#1406 = VERTEX_POINT('',#1407);
#1407 = CARTESIAN_POINT('',(0.3,0.23,0.46));
#1408 = LINE('',#1409,#1410);
#1409 = CARTESIAN_POINT('',(0.3,0.23,2.E-02));
#1410 = VECTOR('',#1411,1.);
#1411 = DIRECTION('',(0.,0.,1.));
#1412 = ORIENTED_EDGE('',*,*,#1380,.F.);
#1413 = ORIENTED_EDGE('',*,*,#1293,.T.);
#1414 = ORIENTED_EDGE('',*,*,#1415,.T.);
#1415 = EDGE_CURVE('',#1285,#1406,#1416,.T.);
#1416 = LINE('',#1417,#1418);
#1417 = CARTESIAN_POINT('',(-0.3,0.23,0.46));
#1418 = VECTOR('',#1419,1.);
#1419 = DIRECTION('',(1.,0.,0.));
#1420 = PLANE('',#1421);
#1421 = AXIS2_PLACEMENT_3D('',#1422,#1423,#1424);
#1422 = CARTESIAN_POINT('',(-0.3,0.23,2.E-02));
#1423 = DIRECTION('',(0.,1.,0.));
#1424 = DIRECTION('',(0.,-0.,1.));
#1425 = ADVANCED_FACE('',(#1426),#1445,.T.);
#1426 = FACE_BOUND('',#1427,.T.);
#1427 = EDGE_LOOP('',(#1428,#1429,#1437,#1444));
#1428 = ORIENTED_EDGE('',*,*,#1284,.T.);
#1429 = ORIENTED_EDGE('',*,*,#1430,.T.);
#1430 = EDGE_CURVE('',#1277,#1431,#1433,.T.);
#1431 = VERTEX_POINT('',#1432);
#1432 = CARTESIAN_POINT('',(0.3,0.21,0.48));
#1433 = LINE('',#1434,#1435);
#1434 = CARTESIAN_POINT('',(-0.3,0.21,0.48));
#1435 = VECTOR('',#1436,1.);
#1436 = DIRECTION('',(1.,0.,0.));
#1437 = ORIENTED_EDGE('',*,*,#1438,.F.);
#1438 = EDGE_CURVE('',#1406,#1431,#1439,.T.);
#1439 = CIRCLE('',#1440,2.E-02);
#1440 = AXIS2_PLACEMENT_3D('',#1441,#1442,#1443);
#1441 = CARTESIAN_POINT('',(0.3,0.21,0.46));
#1442 = DIRECTION('',(1.,0.,-0.));
#1443 = DIRECTION('',(0.,0.,1.));
#1444 = ORIENTED_EDGE('',*,*,#1415,.F.);
#1445 = CYLINDRICAL_SURFACE('',#1446,2.E-02);
#1446 = AXIS2_PLACEMENT_3D('',#1447,#1448,#1449);
#1447 = CARTESIAN_POINT('',(-0.3,0.21,0.46));
#1448 = DIRECTION('',(1.,0.,0.));
#1449 = DIRECTION('',(-0.,1.,0.));
#1450 = ADVANCED_FACE('',(#1451),#1469,.T.);
#1451 = FACE_BOUND('',#1452,.T.);
#1452 = EDGE_LOOP('',(#1453,#1454,#1462,#1468));
#1453 = ORIENTED_EDGE('',*,*,#1276,.F.);
#1454 = ORIENTED_EDGE('',*,*,#1455,.T.);
#1455 = EDGE_CURVE('',#1268,#1456,#1458,.T.);
#1456 = VERTEX_POINT('',#1457);
#1457 = CARTESIAN_POINT('',(0.3,-0.21,0.48));
#1458 = LINE('',#1459,#1460);
#1459 = CARTESIAN_POINT('',(-0.3,-0.21,0.48));
#1460 = VECTOR('',#1461,1.);
#1461 = DIRECTION('',(1.,0.,0.));
#1462 = ORIENTED_EDGE('',*,*,#1463,.T.);
#1463 = EDGE_CURVE('',#1456,#1431,#1464,.T.);
#1464 = LINE('',#1465,#1466);
#1465 = CARTESIAN_POINT('',(0.3,-0.23,0.48));
#1466 = VECTOR('',#1467,1.);
#1467 = DIRECTION('',(0.,1.,0.));
#1468 = ORIENTED_EDGE('',*,*,#1430,.F.);
#1469 = PLANE('',#1470);
#1470 = AXIS2_PLACEMENT_3D('',#1471,#1472,#1473);
#1471 = CARTESIAN_POINT('',(-0.3,-0.23,0.48));
#1472 = DIRECTION('',(0.,0.,1.));
#1473 = DIRECTION('',(1.,0.,-0.));
#1474 = ADVANCED_FACE('',(#1475),#1494,.T.);
#1475 = FACE_BOUND('',#1476,.T.);
#1476 = EDGE_LOOP('',(#1477,#1485,#1492,#1493));
#1477 = ORIENTED_EDGE('',*,*,#1478,.T.);
#1478 = EDGE_CURVE('',#1260,#1479,#1481,.T.);
#1479 = VERTEX_POINT('',#1480);
#1480 = CARTESIAN_POINT('',(0.3,-0.23,0.46));
#1481 = LINE('',#1482,#1483);
#1482 = CARTESIAN_POINT('',(-0.3,-0.23,0.46));
#1483 = VECTOR('',#1484,1.);
#1484 = DIRECTION('',(1.,0.,0.));
#1485 = ORIENTED_EDGE('',*,*,#1486,.T.);
#1486 = EDGE_CURVE('',#1479,#1456,#1487,.T.);
#1487 = CIRCLE('',#1488,2.E-02);
#1488 = AXIS2_PLACEMENT_3D('',#1489,#1490,#1491);
#1489 = CARTESIAN_POINT('',(0.3,-0.21,0.46));
#1490 = DIRECTION('',(-1.,0.,0.));
#1491 = DIRECTION('',(0.,0.,1.));
#1492 = ORIENTED_EDGE('',*,*,#1455,.F.);
#1493 = ORIENTED_EDGE('',*,*,#1267,.F.);
#1494 = CYLINDRICAL_SURFACE('',#1495,2.E-02);
#1495 = AXIS2_PLACEMENT_3D('',#1496,#1497,#1498);
#1496 = CARTESIAN_POINT('',(-0.3,-0.21,0.46));
#1497 = DIRECTION('',(1.,0.,0.));
#1498 = DIRECTION('',(0.,-1.,0.));
#1499 = ADVANCED_FACE('',(#1500),#1511,.F.);
#1500 = FACE_BOUND('',#1501,.F.);
#1501 = EDGE_LOOP('',(#1502,#1508,#1509,#1510));
#1502 = ORIENTED_EDGE('',*,*,#1503,.F.);
#1503 = EDGE_CURVE('',#1334,#1479,#1504,.T.);
#1504 = LINE('',#1505,#1506);
#1505 = CARTESIAN_POINT('',(0.3,-0.23,2.E-02));
#1506 = VECTOR('',#1507,1.);
#1507 = DIRECTION('',(0.,0.,1.));
#1508 = ORIENTED_EDGE('',*,*,#1342,.F.);
#1509 = ORIENTED_EDGE('',*,*,#1259,.T.);
#1510 = ORIENTED_EDGE('',*,*,#1478,.T.);
#1511 = PLANE('',#1512);
#1512 = AXIS2_PLACEMENT_3D('',#1513,#1514,#1515);
#1513 = CARTESIAN_POINT('',(-0.3,-0.23,2.E-02));
#1514 = DIRECTION('',(0.,1.,0.));
#1515 = DIRECTION('',(0.,-0.,1.));
#1516 = ADVANCED_FACE('',(#1517,#1587),#1597,.F.);
#1517 = FACE_BOUND('',#1518,.F.);
#1518 = EDGE_LOOP('',(#1519,#1529,#1538,#1546,#1555,#1563,#1572,#1580));
#1519 = ORIENTED_EDGE('',*,*,#1520,.F.);
#1520 = EDGE_CURVE('',#1521,#1523,#1525,.T.);
#1521 = VERTEX_POINT('',#1522);
#1522 = CARTESIAN_POINT('',(0.3,-0.25,2.E-02));
#1523 = VERTEX_POINT('',#1524);
#1524 = CARTESIAN_POINT('',(0.3,-0.25,0.48));
#1525 = LINE('',#1526,#1527);
#1526 = CARTESIAN_POINT('',(0.3,-0.25,0.));
#1527 = VECTOR('',#1528,1.);
#1528 = DIRECTION('',(0.,0.,1.));
#1529 = ORIENTED_EDGE('',*,*,#1530,.T.);
#1530 = EDGE_CURVE('',#1521,#1531,#1533,.T.);
#1531 = VERTEX_POINT('',#1532);
#1532 = CARTESIAN_POINT('',(0.3,-0.23,0.));
#1533 = CIRCLE('',#1534,2.E-02);
#1534 = AXIS2_PLACEMENT_3D('',#1535,#1536,#1537);
#1535 = CARTESIAN_POINT('',(0.3,-0.23,2.E-02));
#1536 = DIRECTION('',(1.,0.,-0.));
#1537 = DIRECTION('',(0.,0.,1.));
#1538 = ORIENTED_EDGE('',*,*,#1539,.T.);
#1539 = EDGE_CURVE('',#1531,#1540,#1542,.T.);
#1540 = VERTEX_POINT('',#1541);
#1541 = CARTESIAN_POINT('',(0.3,0.23,0.));
#1542 = LINE('',#1543,#1544);
#1543 = CARTESIAN_POINT('',(0.3,-0.25,0.));
#1544 = VECTOR('',#1545,1.);
#1545 = DIRECTION('',(0.,1.,0.));
#1546 = ORIENTED_EDGE('',*,*,#1547,.F.);
#1547 = EDGE_CURVE('',#1548,#1540,#1550,.T.);
#1548 = VERTEX_POINT('',#1549);
#1549 = CARTESIAN_POINT('',(0.3,0.25,2.E-02));
#1550 = CIRCLE('',#1551,2.E-02);
#1551 = AXIS2_PLACEMENT_3D('',#1552,#1553,#1554);
#1552 = CARTESIAN_POINT('',(0.3,0.23,2.E-02));
#1553 = DIRECTION('',(-1.,0.,0.));
#1554 = DIRECTION('',(0.,0.,1.));
#1555 = ORIENTED_EDGE('',*,*,#1556,.T.);
#1556 = EDGE_CURVE('',#1548,#1557,#1559,.T.);
#1557 = VERTEX_POINT('',#1558);
#1558 = CARTESIAN_POINT('',(0.3,0.25,0.48));
#1559 = LINE('',#1560,#1561);
#1560 = CARTESIAN_POINT('',(0.3,0.25,0.));
#1561 = VECTOR('',#1562,1.);
#1562 = DIRECTION('',(0.,0.,1.));
#1563 = ORIENTED_EDGE('',*,*,#1564,.T.);
#1564 = EDGE_CURVE('',#1557,#1565,#1567,.T.);
#1565 = VERTEX_POINT('',#1566);
#1566 = CARTESIAN_POINT('',(0.3,0.23,0.5));
#1567 = CIRCLE('',#1568,2.E-02);
#1568 = AXIS2_PLACEMENT_3D('',#1569,#1570,#1571);
#1569 = CARTESIAN_POINT('',(0.3,0.23,0.48));
#1570 = DIRECTION('',(1.,0.,-0.));
#1571 = DIRECTION('',(0.,0.,1.));
#1572 = ORIENTED_EDGE('',*,*,#1573,.F.);
#1573 = EDGE_CURVE('',#1574,#1565,#1576,.T.);
#1574 = VERTEX_POINT('',#1575);
#1575 = CARTESIAN_POINT('',(0.3,-0.23,0.5));
#1576 = LINE('',#1577,#1578);
#1577 = CARTESIAN_POINT('',(0.3,-0.25,0.5));
#1578 = VECTOR('',#1579,1.);
#1579 = DIRECTION('',(0.,1.,0.));
#1580 = ORIENTED_EDGE('',*,*,#1581,.F.);
#1581 = EDGE_CURVE('',#1523,#1574,#1582,.T.);
#1582 = CIRCLE('',#1583,2.E-02);
#1583 = AXIS2_PLACEMENT_3D('',#1584,#1585,#1586);
#1584 = CARTESIAN_POINT('',(0.3,-0.23,0.48));
#1585 = DIRECTION('',(-1.,0.,0.));
#1586 = DIRECTION('',(0.,0.,1.));
#1587 = FACE_BOUND('',#1588,.F.);
#1588 = EDGE_LOOP('',(#1589,#1590,#1591,#1592,#1593,#1594,#1595,#1596));
#1589 = ORIENTED_EDGE('',*,*,#1333,.F.);
#1590 = ORIENTED_EDGE('',*,*,#1503,.T.);
#1591 = ORIENTED_EDGE('',*,*,#1486,.T.);
#1592 = ORIENTED_EDGE('',*,*,#1463,.T.);
#1593 = ORIENTED_EDGE('',*,*,#1438,.F.);
#1594 = ORIENTED_EDGE('',*,*,#1405,.F.);
#1595 = ORIENTED_EDGE('',*,*,#1388,.T.);
#1596 = ORIENTED_EDGE('',*,*,#1358,.F.);
#1597 = PLANE('',#1598);
#1598 = AXIS2_PLACEMENT_3D('',#1599,#1600,#1601);
#1599 = CARTESIAN_POINT('',(0.3,-0.25,0.));
#1600 = DIRECTION('',(1.,0.,0.));
#1601 = DIRECTION('',(0.,0.,1.));
#1602 = ADVANCED_FACE('',(#1603),#1628,.F.);
#1603 = FACE_BOUND('',#1604,.F.);
#1604 = EDGE_LOOP('',(#1605,#1615,#1621,#1622));
#1605 = ORIENTED_EDGE('',*,*,#1606,.F.);
#1606 = EDGE_CURVE('',#1607,#1609,#1611,.T.);
#1607 = VERTEX_POINT('',#1608);
#1608 = CARTESIAN_POINT('',(0.5,-0.25,2.E-02));
#1609 = VERTEX_POINT('',#1610);
#1610 = CARTESIAN_POINT('',(0.5,-0.25,0.48));
#1611 = LINE('',#1612,#1613);
#1612 = CARTESIAN_POINT('',(0.5,-0.25,0.));
#1613 = VECTOR('',#1614,1.);
#1614 = DIRECTION('',(0.,0.,1.));
#1615 = ORIENTED_EDGE('',*,*,#1616,.F.);
#1616 = EDGE_CURVE('',#1521,#1607,#1617,.T.);
#1617 = LINE('',#1618,#1619);
#1618 = CARTESIAN_POINT('',(0.3,-0.25,2.E-02));
#1619 = VECTOR('',#1620,1.);
#1620 = DIRECTION('',(1.,0.,0.));
#1621 = ORIENTED_EDGE('',*,*,#1520,.T.);
#1622 = ORIENTED_EDGE('',*,*,#1623,.T.);
#1623 = EDGE_CURVE('',#1523,#1609,#1624,.T.);
#1624 = LINE('',#1625,#1626);
#1625 = CARTESIAN_POINT('',(0.3,-0.25,0.48));
#1626 = VECTOR('',#1627,1.);
#1627 = DIRECTION('',(1.,0.,0.));
#1628 = PLANE('',#1629);
#1629 = AXIS2_PLACEMENT_3D('',#1630,#1631,#1632);
#1630 = CARTESIAN_POINT('',(0.3,-0.25,0.));
#1631 = DIRECTION('',(0.,1.,0.));
#1632 = DIRECTION('',(0.,-0.,1.));
#1633 = ADVANCED_FACE('',(#1634),#1653,.T.);
#1634 = FACE_BOUND('',#1635,.T.);
#1635 = EDGE_LOOP('',(#1636,#1637,#1645,#1652));
#1636 = ORIENTED_EDGE('',*,*,#1530,.T.);
#1637 = ORIENTED_EDGE('',*,*,#1638,.T.);
#1638 = EDGE_CURVE('',#1531,#1639,#1641,.T.);
#1639 = VERTEX_POINT('',#1640);
#1640 = CARTESIAN_POINT('',(0.5,-0.23,0.));
#1641 = LINE('',#1642,#1643);
#1642 = CARTESIAN_POINT('',(0.3,-0.23,0.));
#1643 = VECTOR('',#1644,1.);
#1644 = DIRECTION('',(1.,0.,0.));
#1645 = ORIENTED_EDGE('',*,*,#1646,.F.);
#1646 = EDGE_CURVE('',#1607,#1639,#1647,.T.);
#1647 = CIRCLE('',#1648,2.E-02);
#1648 = AXIS2_PLACEMENT_3D('',#1649,#1650,#1651);
#1649 = CARTESIAN_POINT('',(0.5,-0.23,2.E-02));
#1650 = DIRECTION('',(1.,0.,-0.));
#1651 = DIRECTION('',(0.,0.,1.));
#1652 = ORIENTED_EDGE('',*,*,#1616,.F.);
#1653 = CYLINDRICAL_SURFACE('',#1654,2.E-02);
#1654 = AXIS2_PLACEMENT_3D('',#1655,#1656,#1657);
#1655 = CARTESIAN_POINT('',(0.3,-0.23,2.E-02));
#1656 = DIRECTION('',(1.,0.,0.));
#1657 = DIRECTION('',(0.,-1.,0.));
#1658 = ADVANCED_FACE('',(#1659),#1678,.T.);
#1659 = FACE_BOUND('',#1660,.T.);
#1660 = EDGE_LOOP('',(#1661,#1662,#1671,#1677));
#1661 = ORIENTED_EDGE('',*,*,#1623,.T.);
#1662 = ORIENTED_EDGE('',*,*,#1663,.T.);
#1663 = EDGE_CURVE('',#1609,#1664,#1666,.T.);
#1664 = VERTEX_POINT('',#1665);
#1665 = CARTESIAN_POINT('',(0.5,-0.23,0.5));
#1666 = CIRCLE('',#1667,2.E-02);
#1667 = AXIS2_PLACEMENT_3D('',#1668,#1669,#1670);
#1668 = CARTESIAN_POINT('',(0.5,-0.23,0.48));
#1669 = DIRECTION('',(-1.,0.,0.));
#1670 = DIRECTION('',(0.,0.,1.));
#1671 = ORIENTED_EDGE('',*,*,#1672,.F.);
#1672 = EDGE_CURVE('',#1574,#1664,#1673,.T.);
#1673 = LINE('',#1674,#1675);
#1674 = CARTESIAN_POINT('',(0.3,-0.23,0.5));
#1675 = VECTOR('',#1676,1.);
#1676 = DIRECTION('',(1.,0.,0.));
#1677 = ORIENTED_EDGE('',*,*,#1581,.F.);
#1678 = CYLINDRICAL_SURFACE('',#1679,2.E-02);
#1679 = AXIS2_PLACEMENT_3D('',#1680,#1681,#1682);
#1680 = CARTESIAN_POINT('',(0.3,-0.23,0.48));
#1681 = DIRECTION('',(1.,0.,0.));
#1682 = DIRECTION('',(0.,-1.,0.));
#1683 = ADVANCED_FACE('',(#1684),#1702,.F.);
#1684 = FACE_BOUND('',#1685,.F.);
#1685 = EDGE_LOOP('',(#1686,#1687,#1688,#1696));
#1686 = ORIENTED_EDGE('',*,*,#1539,.F.);
#1687 = ORIENTED_EDGE('',*,*,#1638,.T.);
#1688 = ORIENTED_EDGE('',*,*,#1689,.T.);
#1689 = EDGE_CURVE('',#1639,#1690,#1692,.T.);
#1690 = VERTEX_POINT('',#1691);
#1691 = CARTESIAN_POINT('',(0.5,0.23,0.));
#1692 = LINE('',#1693,#1694);
#1693 = CARTESIAN_POINT('',(0.5,-0.25,0.));
#1694 = VECTOR('',#1695,1.);
#1695 = DIRECTION('',(0.,1.,0.));
#1696 = ORIENTED_EDGE('',*,*,#1697,.F.);
#1697 = EDGE_CURVE('',#1540,#1690,#1698,.T.);
#1698 = LINE('',#1699,#1700);
#1699 = CARTESIAN_POINT('',(0.3,0.23,0.));
#1700 = VECTOR('',#1701,1.);
#1701 = DIRECTION('',(1.,0.,0.));
#1702 = PLANE('',#1703);
#1703 = AXIS2_PLACEMENT_3D('',#1704,#1705,#1706);
#1704 = CARTESIAN_POINT('',(0.3,-0.25,0.));
#1705 = DIRECTION('',(0.,0.,1.));
#1706 = DIRECTION('',(1.,0.,-0.));
#1707 = ADVANCED_FACE('',(#1708),#1726,.T.);
#1708 = FACE_BOUND('',#1709,.T.);
#1709 = EDGE_LOOP('',(#1710,#1711,#1712,#1720));
#1710 = ORIENTED_EDGE('',*,*,#1573,.F.);
#1711 = ORIENTED_EDGE('',*,*,#1672,.T.);
#1712 = ORIENTED_EDGE('',*,*,#1713,.T.);
#1713 = EDGE_CURVE('',#1664,#1714,#1716,.T.);
#1714 = VERTEX_POINT('',#1715);
#1715 = CARTESIAN_POINT('',(0.5,0.23,0.5));
#1716 = LINE('',#1717,#1718);
#1717 = CARTESIAN_POINT('',(0.5,-0.25,0.5));
#1718 = VECTOR('',#1719,1.);
#1719 = DIRECTION('',(0.,1.,0.));
#1720 = ORIENTED_EDGE('',*,*,#1721,.F.);
#1721 = EDGE_CURVE('',#1565,#1714,#1722,.T.);
#1722 = LINE('',#1723,#1724);
#1723 = CARTESIAN_POINT('',(0.3,0.23,0.5));
#1724 = VECTOR('',#1725,1.);
#1725 = DIRECTION('',(1.,0.,0.));
#1726 = PLANE('',#1727);
#1727 = AXIS2_PLACEMENT_3D('',#1728,#1729,#1730);
#1728 = CARTESIAN_POINT('',(0.3,-0.25,0.5));
#1729 = DIRECTION('',(0.,0.,1.));
#1730 = DIRECTION('',(1.,0.,-0.));
#1731 = ADVANCED_FACE('',(#1732),#1751,.T.);
#1732 = FACE_BOUND('',#1733,.T.);
#1733 = EDGE_LOOP('',(#1734,#1742,#1749,#1750));
#1734 = ORIENTED_EDGE('',*,*,#1735,.T.);
#1735 = EDGE_CURVE('',#1548,#1736,#1738,.T.);
#1736 = VERTEX_POINT('',#1737);
#1737 = CARTESIAN_POINT('',(0.5,0.25,2.E-02));
#1738 = LINE('',#1739,#1740);
#1739 = CARTESIAN_POINT('',(0.3,0.25,2.E-02));
#1740 = VECTOR('',#1741,1.);
#1741 = DIRECTION('',(1.,0.,0.));
#1742 = ORIENTED_EDGE('',*,*,#1743,.T.);
#1743 = EDGE_CURVE('',#1736,#1690,#1744,.T.);
#1744 = CIRCLE('',#1745,2.E-02);
#1745 = AXIS2_PLACEMENT_3D('',#1746,#1747,#1748);
#1746 = CARTESIAN_POINT('',(0.5,0.23,2.E-02));
#1747 = DIRECTION('',(-1.,0.,0.));
#1748 = DIRECTION('',(0.,0.,1.));
#1749 = ORIENTED_EDGE('',*,*,#1697,.F.);
#1750 = ORIENTED_EDGE('',*,*,#1547,.F.);
#1751 = CYLINDRICAL_SURFACE('',#1752,2.E-02);
#1752 = AXIS2_PLACEMENT_3D('',#1753,#1754,#1755);
#1753 = CARTESIAN_POINT('',(0.3,0.23,2.E-02));
#1754 = DIRECTION('',(1.,0.,0.));
#1755 = DIRECTION('',(-0.,1.,0.));
#1756 = ADVANCED_FACE('',(#1757),#1776,.T.);
#1757 = FACE_BOUND('',#1758,.T.);
#1758 = EDGE_LOOP('',(#1759,#1760,#1761,#1770));
#1759 = ORIENTED_EDGE('',*,*,#1564,.T.);
#1760 = ORIENTED_EDGE('',*,*,#1721,.T.);
#1761 = ORIENTED_EDGE('',*,*,#1762,.F.);
#1762 = EDGE_CURVE('',#1763,#1714,#1765,.T.);
#1763 = VERTEX_POINT('',#1764);
#1764 = CARTESIAN_POINT('',(0.5,0.25,0.48));
#1765 = CIRCLE('',#1766,2.E-02);
#1766 = AXIS2_PLACEMENT_3D('',#1767,#1768,#1769);
#1767 = CARTESIAN_POINT('',(0.5,0.23,0.48));
#1768 = DIRECTION('',(1.,0.,-0.));
#1769 = DIRECTION('',(0.,0.,1.));
#1770 = ORIENTED_EDGE('',*,*,#1771,.F.);
#1771 = EDGE_CURVE('',#1557,#1763,#1772,.T.);
#1772 = LINE('',#1773,#1774);
#1773 = CARTESIAN_POINT('',(0.3,0.25,0.48));
#1774 = VECTOR('',#1775,1.);
#1775 = DIRECTION('',(1.,0.,0.));
#1776 = CYLINDRICAL_SURFACE('',#1777,2.E-02);
#1777 = AXIS2_PLACEMENT_3D('',#1778,#1779,#1780);
#1778 = CARTESIAN_POINT('',(0.3,0.23,0.48));
#1779 = DIRECTION('',(1.,0.,0.));
#1780 = DIRECTION('',(-0.,1.,0.));
#1781 = ADVANCED_FACE('',(#1782),#1793,.T.);
#1782 = FACE_BOUND('',#1783,.T.);
#1783 = EDGE_LOOP('',(#1784,#1790,#1791,#1792));
#1784 = ORIENTED_EDGE('',*,*,#1785,.F.);
#1785 = EDGE_CURVE('',#1736,#1763,#1786,.T.);
#1786 = LINE('',#1787,#1788);
#1787 = CARTESIAN_POINT('',(0.5,0.25,0.));
#1788 = VECTOR('',#1789,1.);
#1789 = DIRECTION('',(0.,0.,1.));
#1790 = ORIENTED_EDGE('',*,*,#1735,.F.);
#1791 = ORIENTED_EDGE('',*,*,#1556,.T.);
#1792 = ORIENTED_EDGE('',*,*,#1771,.T.);
#1793 = PLANE('',#1794);
#1794 = AXIS2_PLACEMENT_3D('',#1795,#1796,#1797);
#1795 = CARTESIAN_POINT('',(0.3,0.25,0.));
#1796 = DIRECTION('',(0.,1.,0.));
#1797 = DIRECTION('',(0.,-0.,1.));
#1798 = ADVANCED_FACE('',(#1799),#1809,.T.);
#1799 = FACE_BOUND('',#1800,.T.);
#1800 = EDGE_LOOP('',(#1801,#1802,#1803,#1804,#1805,#1806,#1807,#1808));
#1801 = ORIENTED_EDGE('',*,*,#1606,.F.);
#1802 = ORIENTED_EDGE('',*,*,#1646,.T.);
#1803 = ORIENTED_EDGE('',*,*,#1689,.T.);
#1804 = ORIENTED_EDGE('',*,*,#1743,.F.);
#1805 = ORIENTED_EDGE('',*,*,#1785,.T.);
#1806 = ORIENTED_EDGE('',*,*,#1762,.T.);
#1807 = ORIENTED_EDGE('',*,*,#1713,.F.);
#1808 = ORIENTED_EDGE('',*,*,#1663,.F.);
#1809 = PLANE('',#1810);
#1810 = AXIS2_PLACEMENT_3D('',#1811,#1812,#1813);
#1811 = CARTESIAN_POINT('',(0.5,-0.25,0.));
#1812 = DIRECTION('',(1.,0.,0.));
#1813 = DIRECTION('',(0.,0.,1.));
#1814 = ( GEOMETRIC_REPRESENTATION_CONTEXT(3) 
GLOBAL_UNCERTAINTY_ASSIGNED_CONTEXT((#1818)) 
GLOBAL_UNIT_ASSIGNED_CONTEXT((#1815,#1816,#1817)) REPRESENTATION_CONTEXT
('Context #1','3D Context with UNIT and UNCERTAINTY') );
#1815 = ( LENGTH_UNIT() NAMED_UNIT(*) SI_UNIT(.MILLI.,.METRE.) );
#1816 = ( NAMED_UNIT(*) PLANE_ANGLE_UNIT() SI_UNIT($,.RADIAN.) );
#1817 = ( NAMED_UNIT(*) SI_UNIT($,.STERADIAN.) SOLID_ANGLE_UNIT() );
#1818 = UNCERTAINTY_MEASURE_WITH_UNIT(LENGTH_MEASURE(1.E-07),#1815,
  'distance_accuracy_value','confusion accuracy');
#1819 = CONTEXT_DEPENDENT_SHAPE_REPRESENTATION(#1820,#1822);
#1820 = ( REPRESENTATION_RELATIONSHIP('','',#959,#936) 
REPRESENTATION_RELATIONSHIP_WITH_TRANSFORMATION(#1821) 
SHAPE_REPRESENTATION_RELATIONSHIP() );
#1821 = ITEM_DEFINED_TRANSFORMATION('','',#11,#937);
#1822 = PRODUCT_DEFINITION_SHAPE('Placement','Placement of an item',
  #1823);
#1823 = NEXT_ASSEMBLY_USAGE_OCCURRENCE('3','=>[0:1:1:5]','',#931,#954,$
  );
#1824 = PRODUCT_RELATED_PRODUCT_CATEGORY('part',$,(#956));
#1825 = CONTEXT_DEPENDENT_SHAPE_REPRESENTATION(#1826,#1828);
#1826 = ( REPRESENTATION_RELATIONSHIP('','',#104,#10) 
REPRESENTATION_RELATIONSHIP_WITH_TRANSFORMATION(#1827) 
SHAPE_REPRESENTATION_RELATIONSHIP() );
#1827 = ITEM_DEFINED_TRANSFORMATION('','',#11,#23);
#1828 = PRODUCT_DEFINITION_SHAPE('Placement','Placement of an item',
  #1829);
#1829 = NEXT_ASSEMBLY_USAGE_OCCURRENCE('5','R30','',#5,#99,$);
#1830 = CONTEXT_DEPENDENT_SHAPE_REPRESENTATION(#1831,#1833);
#1831 = ( REPRESENTATION_RELATIONSHIP('','',#104,#10) 
REPRESENTATION_RELATIONSHIP_WITH_TRANSFORMATION(#1832) 
SHAPE_REPRESENTATION_RELATIONSHIP() );
#1832 = ITEM_DEFINED_TRANSFORMATION('','',#11,#27);
#1833 = PRODUCT_DEFINITION_SHAPE('Placement','Placement of an item',
  #1834);
#1834 = NEXT_ASSEMBLY_USAGE_OCCURRENCE('6','R34','',#5,#99,$);
#1835 = SHAPE_DEFINITION_REPRESENTATION(#1836,#1842);
#1836 = PRODUCT_DEFINITION_SHAPE('','',#1837);
#1837 = PRODUCT_DEFINITION('design','',#1838,#1841);
#1838 = PRODUCT_DEFINITION_FORMATION('','',#1839);
#1839 = PRODUCT('PinHeader_1x04_P2.54mm_Vertical',
  'PinHeader_1x04_P2.54mm_Vertical','',(#1840));
#1840 = PRODUCT_CONTEXT('',#2,'mechanical');
#1841 = PRODUCT_DEFINITION_CONTEXT('part definition',#2,'design');
#1842 = SHAPE_REPRESENTATION('',(#11,#1843),#1847);
#1843 = AXIS2_PLACEMENT_3D('',#1844,#1845,#1846);
#1844 = CARTESIAN_POINT('',(0.,0.,0.));
#1845 = DIRECTION('',(0.,0.,1.));
#1846 = DIRECTION('',(1.,0.,-0.));
#1847 = ( GEOMETRIC_REPRESENTATION_CONTEXT(3) 
GLOBAL_UNCERTAINTY_ASSIGNED_CONTEXT((#1851)) 
GLOBAL_UNIT_ASSIGNED_CONTEXT((#1848,#1849,#1850)) REPRESENTATION_CONTEXT
('Context #1','3D Context with UNIT and UNCERTAINTY') );
#1848 = ( LENGTH_UNIT() NAMED_UNIT(*) SI_UNIT(.MILLI.,.METRE.) );
#1849 = ( NAMED_UNIT(*) PLANE_ANGLE_UNIT() SI_UNIT($,.RADIAN.) );
#1850 = ( NAMED_UNIT(*) SI_UNIT($,.STERADIAN.) SOLID_ANGLE_UNIT() );
#1851 = UNCERTAINTY_MEASURE_WITH_UNIT(LENGTH_MEASURE(1.E-07),#1848,
  'distance_accuracy_value','confusion accuracy');
#1852 = CONTEXT_DEPENDENT_SHAPE_REPRESENTATION(#1853,#1855);
#1853 = ( REPRESENTATION_RELATIONSHIP('','',#1842,#10) 
REPRESENTATION_RELATIONSHIP_WITH_TRANSFORMATION(#1854) 
SHAPE_REPRESENTATION_RELATIONSHIP() );
#1854 = ITEM_DEFINED_TRANSFORMATION('','',#11,#31);
#1855 = PRODUCT_DEFINITION_SHAPE('Placement','Placement of an item',
  #1856);
#1856 = NEXT_ASSEMBLY_USAGE_OCCURRENCE('8','J1','',#5,#1837,$);
#1857 = PRODUCT_RELATED_PRODUCT_CATEGORY('part',$,(#1839));
#1858 = SHAPE_DEFINITION_REPRESENTATION(#1859,#1865);
#1859 = PRODUCT_DEFINITION_SHAPE('','',#1860);
#1860 = PRODUCT_DEFINITION('design','',#1861,#1864);
#1861 = PRODUCT_DEFINITION_FORMATION('','',#1862);
#1862 = PRODUCT('PinHeader_1x04_P254mm_Vertical',
  'PinHeader_1x04_P254mm_Vertical','',(#1863));
#1863 = PRODUCT_CONTEXT('',#2,'mechanical');
#1864 = PRODUCT_DEFINITION_CONTEXT('part definition',#2,'design');
#1865 = ADVANCED_BREP_SHAPE_REPRESENTATION('',(#11,#1866),#4646);
#1866 = MANIFOLD_SOLID_BREP('',#1867);
#1867 = CLOSED_SHELL('',(#1868,#1908,#1939,#1970,#2299,#2628,#2645,#2662
    ,#2679,#2696,#2713,#2730,#2747,#2764,#2781,#2798,#2815,#2832,#2849,
    #2866,#2883,#2900,#2917,#2934,#2951,#2968,#2985,#3002,#3014,#3045,
    #3069,#3093,#3110,#3141,#3165,#3189,#3206,#3237,#3261,#3285,#3302,
    #3333,#3357,#3381,#3398,#3429,#3453,#3477,#3494,#3525,#3549,#3573,
    #3590,#3621,#3645,#3669,#3686,#3717,#3741,#3765,#3782,#3813,#3837,
    #3861,#3878,#3909,#3933,#3957,#3974,#4005,#4029,#4053,#4070,#4101,
    #4125,#4149,#4166,#4197,#4221,#4245,#4262,#4293,#4317,#4341,#4358,
    #4389,#4413,#4437,#4454,#4485,#4509,#4533,#4550,#4562,#4574,#4586,
    #4598,#4610,#4622,#4634));
#1868 = ADVANCED_FACE('',(#1869),#1903,.F.);
#1869 = FACE_BOUND('',#1870,.F.);
#1870 = EDGE_LOOP('',(#1871,#1881,#1889,#1897));
#1871 = ORIENTED_EDGE('',*,*,#1872,.T.);
#1872 = EDGE_CURVE('',#1873,#1875,#1877,.T.);
#1873 = VERTEX_POINT('',#1874);
#1874 = CARTESIAN_POINT('',(-1.016,1.27,0.));
#1875 = VERTEX_POINT('',#1876);
#1876 = CARTESIAN_POINT('',(-1.016,1.27,2.54));
#1877 = LINE('',#1878,#1879);
#1878 = CARTESIAN_POINT('',(-1.016,1.27,0.));
#1879 = VECTOR('',#1880,1.);
#1880 = DIRECTION('',(0.,0.,1.));
#1881 = ORIENTED_EDGE('',*,*,#1882,.T.);
#1882 = EDGE_CURVE('',#1875,#1883,#1885,.T.);
#1883 = VERTEX_POINT('',#1884);
#1884 = CARTESIAN_POINT('',(-1.27,1.016,2.54));
#1885 = LINE('',#1886,#1887);
#1886 = CARTESIAN_POINT('',(-1.016,1.27,2.54));
#1887 = VECTOR('',#1888,1.);
#1888 = DIRECTION('',(-0.707106781187,-0.707106781187,0.));
#1889 = ORIENTED_EDGE('',*,*,#1890,.F.);
#1890 = EDGE_CURVE('',#1891,#1883,#1893,.T.);
#1891 = VERTEX_POINT('',#1892);
#1892 = CARTESIAN_POINT('',(-1.27,1.016,0.));
#1893 = LINE('',#1894,#1895);
#1894 = CARTESIAN_POINT('',(-1.27,1.016,0.));
#1895 = VECTOR('',#1896,1.);
#1896 = DIRECTION('',(0.,0.,1.));
#1897 = ORIENTED_EDGE('',*,*,#1898,.F.);
#1898 = EDGE_CURVE('',#1873,#1891,#1899,.T.);
#1899 = LINE('',#1900,#1901);
#1900 = CARTESIAN_POINT('',(-1.016,1.27,0.));
#1901 = VECTOR('',#1902,1.);
#1902 = DIRECTION('',(-0.707106781187,-0.707106781187,0.));
#1903 = PLANE('',#1904);
#1904 = AXIS2_PLACEMENT_3D('',#1905,#1906,#1907);
#1905 = CARTESIAN_POINT('',(-1.016,1.27,0.));
#1906 = DIRECTION('',(0.707106781187,-0.707106781187,0.));
#1907 = DIRECTION('',(-0.707106781187,-0.707106781187,0.));
#1908 = ADVANCED_FACE('',(#1909),#1934,.F.);
#1909 = FACE_BOUND('',#1910,.F.);
#1910 = EDGE_LOOP('',(#1911,#1921,#1927,#1928));
#1911 = ORIENTED_EDGE('',*,*,#1912,.T.);
#1912 = EDGE_CURVE('',#1913,#1915,#1917,.T.);
#1913 = VERTEX_POINT('',#1914);
#1914 = CARTESIAN_POINT('',(1.016,1.27,0.));
#1915 = VERTEX_POINT('',#1916);
#1916 = CARTESIAN_POINT('',(1.016,1.27,2.54));
#1917 = LINE('',#1918,#1919);
#1918 = CARTESIAN_POINT('',(1.016,1.27,0.));
#1919 = VECTOR('',#1920,1.);
#1920 = DIRECTION('',(0.,0.,1.));
#1921 = ORIENTED_EDGE('',*,*,#1922,.T.);
#1922 = EDGE_CURVE('',#1915,#1875,#1923,.T.);
#1923 = LINE('',#1924,#1925);
#1924 = CARTESIAN_POINT('',(1.016,1.27,2.54));
#1925 = VECTOR('',#1926,1.);
#1926 = DIRECTION('',(-1.,0.,0.));
#1927 = ORIENTED_EDGE('',*,*,#1872,.F.);
#1928 = ORIENTED_EDGE('',*,*,#1929,.F.);
#1929 = EDGE_CURVE('',#1913,#1873,#1930,.T.);
#1930 = LINE('',#1931,#1932);
#1931 = CARTESIAN_POINT('',(1.016,1.27,0.));
#1932 = VECTOR('',#1933,1.);
#1933 = DIRECTION('',(-1.,0.,0.));
#1934 = PLANE('',#1935);
#1935 = AXIS2_PLACEMENT_3D('',#1936,#1937,#1938);
#1936 = CARTESIAN_POINT('',(1.016,1.27,0.));
#1937 = DIRECTION('',(0.,-1.,0.));
#1938 = DIRECTION('',(-1.,0.,0.));
#1939 = ADVANCED_FACE('',(#1940),#1965,.F.);
#1940 = FACE_BOUND('',#1941,.F.);
#1941 = EDGE_LOOP('',(#1942,#1943,#1951,#1959));
#1942 = ORIENTED_EDGE('',*,*,#1890,.T.);
#1943 = ORIENTED_EDGE('',*,*,#1944,.T.);
#1944 = EDGE_CURVE('',#1883,#1945,#1947,.T.);
#1945 = VERTEX_POINT('',#1946);
#1946 = CARTESIAN_POINT('',(-1.27,-1.016,2.54));
#1947 = LINE('',#1948,#1949);
#1948 = CARTESIAN_POINT('',(-1.27,1.016,2.54));
#1949 = VECTOR('',#1950,1.);
#1950 = DIRECTION('',(0.,-1.,0.));
#1951 = ORIENTED_EDGE('',*,*,#1952,.F.);
#1952 = EDGE_CURVE('',#1953,#1945,#1955,.T.);
#1953 = VERTEX_POINT('',#1954);
#1954 = CARTESIAN_POINT('',(-1.27,-1.016,0.));
#1955 = LINE('',#1956,#1957);
#1956 = CARTESIAN_POINT('',(-1.27,-1.016,0.));
#1957 = VECTOR('',#1958,1.);
#1958 = DIRECTION('',(0.,0.,1.));
#1959 = ORIENTED_EDGE('',*,*,#1960,.F.);
#1960 = EDGE_CURVE('',#1891,#1953,#1961,.T.);
#1961 = LINE('',#1962,#1963);
#1962 = CARTESIAN_POINT('',(-1.27,1.016,0.));
#1963 = VECTOR('',#1964,1.);
#1964 = DIRECTION('',(0.,-1.,0.));
#1965 = PLANE('',#1966);
#1966 = AXIS2_PLACEMENT_3D('',#1967,#1968,#1969);
#1967 = CARTESIAN_POINT('',(-1.27,1.016,0.));
#1968 = DIRECTION('',(1.,0.,0.));
#1969 = DIRECTION('',(0.,-1.,0.));
#1970 = ADVANCED_FACE('',(#1971,#2158,#2192,#2226,#2260),#2294,.F.);
#1971 = FACE_BOUND('',#1972,.F.);
#1972 = EDGE_LOOP('',(#1973,#1974,#1975,#1983,#1991,#1999,#2007,#2015,
    #2023,#2031,#2039,#2047,#2055,#2063,#2071,#2079,#2087,#2095,#2103,
    #2111,#2119,#2127,#2135,#2143,#2151,#2157));
#1973 = ORIENTED_EDGE('',*,*,#1898,.T.);
#1974 = ORIENTED_EDGE('',*,*,#1960,.T.);
#1975 = ORIENTED_EDGE('',*,*,#1976,.T.);
#1976 = EDGE_CURVE('',#1953,#1977,#1979,.T.);
#1977 = VERTEX_POINT('',#1978);
#1978 = CARTESIAN_POINT('',(-1.016,-1.27,0.));
#1979 = LINE('',#1980,#1981);
#1980 = CARTESIAN_POINT('',(-1.27,-1.016,0.));
#1981 = VECTOR('',#1982,1.);
#1982 = DIRECTION('',(0.707106781187,-0.707106781187,0.));
#1983 = ORIENTED_EDGE('',*,*,#1984,.T.);
#1984 = EDGE_CURVE('',#1977,#1985,#1987,.T.);
#1985 = VERTEX_POINT('',#1986);
#1986 = CARTESIAN_POINT('',(-1.27,-1.524,0.));
#1987 = LINE('',#1988,#1989);
#1988 = CARTESIAN_POINT('',(-1.016,-1.27,0.));
#1989 = VECTOR('',#1990,1.);
#1990 = DIRECTION('',(-0.707106781187,-0.707106781187,0.));
#1991 = ORIENTED_EDGE('',*,*,#1992,.T.);
#1992 = EDGE_CURVE('',#1985,#1993,#1995,.T.);
#1993 = VERTEX_POINT('',#1994);
#1994 = CARTESIAN_POINT('',(-1.27,-3.556,0.));
#1995 = LINE('',#1996,#1997);
#1996 = CARTESIAN_POINT('',(-1.27,-1.524,0.));
#1997 = VECTOR('',#1998,1.);
#1998 = DIRECTION('',(0.,-1.,0.));
#1999 = ORIENTED_EDGE('',*,*,#2000,.T.);
#2000 = EDGE_CURVE('',#1993,#2001,#2003,.T.);
#2001 = VERTEX_POINT('',#2002);
#2002 = CARTESIAN_POINT('',(-1.016,-3.81,0.));
#2003 = LINE('',#2004,#2005);
#2004 = CARTESIAN_POINT('',(-1.27,-3.556,0.));
#2005 = VECTOR('',#2006,1.);
#2006 = DIRECTION('',(0.707106781187,-0.707106781187,0.));
#2007 = ORIENTED_EDGE('',*,*,#2008,.T.);
#2008 = EDGE_CURVE('',#2001,#2009,#2011,.T.);
#2009 = VERTEX_POINT('',#2010);
#2010 = CARTESIAN_POINT('',(-1.27,-4.064,0.));
#2011 = LINE('',#2012,#2013);
#2012 = CARTESIAN_POINT('',(-1.016,-3.81,0.));
#2013 = VECTOR('',#2014,1.);
#2014 = DIRECTION('',(-0.707106781187,-0.707106781187,0.));
#2015 = ORIENTED_EDGE('',*,*,#2016,.T.);
#2016 = EDGE_CURVE('',#2009,#2017,#2019,.T.);
#2017 = VERTEX_POINT('',#2018);
#2018 = CARTESIAN_POINT('',(-1.27,-6.096,0.));
#2019 = LINE('',#2020,#2021);
#2020 = CARTESIAN_POINT('',(-1.27,-4.064,0.));
#2021 = VECTOR('',#2022,1.);
#2022 = DIRECTION('',(0.,-1.,0.));
#2023 = ORIENTED_EDGE('',*,*,#2024,.T.);
#2024 = EDGE_CURVE('',#2017,#2025,#2027,.T.);
#2025 = VERTEX_POINT('',#2026);
#2026 = CARTESIAN_POINT('',(-1.016,-6.35,0.));
#2027 = LINE('',#2028,#2029);
#2028 = CARTESIAN_POINT('',(-1.27,-6.096,0.));
#2029 = VECTOR('',#2030,1.);
#2030 = DIRECTION('',(0.707106781187,-0.707106781187,0.));
#2031 = ORIENTED_EDGE('',*,*,#2032,.T.);
#2032 = EDGE_CURVE('',#2025,#2033,#2035,.T.);
#2033 = VERTEX_POINT('',#2034);
#2034 = CARTESIAN_POINT('',(-1.27,-6.604,0.));
#2035 = LINE('',#2036,#2037);
#2036 = CARTESIAN_POINT('',(-1.016,-6.35,0.));
#2037 = VECTOR('',#2038,1.);
#2038 = DIRECTION('',(-0.707106781187,-0.707106781187,0.));
#2039 = ORIENTED_EDGE('',*,*,#2040,.T.);
#2040 = EDGE_CURVE('',#2033,#2041,#2043,.T.);
#2041 = VERTEX_POINT('',#2042);
#2042 = CARTESIAN_POINT('',(-1.27,-8.636,0.));
#2043 = LINE('',#2044,#2045);
#2044 = CARTESIAN_POINT('',(-1.27,-6.604,0.));
#2045 = VECTOR('',#2046,1.);
#2046 = DIRECTION('',(0.,-1.,0.));
#2047 = ORIENTED_EDGE('',*,*,#2048,.T.);
#2048 = EDGE_CURVE('',#2041,#2049,#2051,.T.);
#2049 = VERTEX_POINT('',#2050);
#2050 = CARTESIAN_POINT('',(-1.016,-8.89,0.));
#2051 = LINE('',#2052,#2053);
#2052 = CARTESIAN_POINT('',(-1.27,-8.636,0.));
#2053 = VECTOR('',#2054,1.);
#2054 = DIRECTION('',(0.707106781187,-0.707106781187,0.));
#2055 = ORIENTED_EDGE('',*,*,#2056,.T.);
#2056 = EDGE_CURVE('',#2049,#2057,#2059,.T.);
#2057 = VERTEX_POINT('',#2058);
#2058 = CARTESIAN_POINT('',(1.016,-8.89,0.));
#2059 = LINE('',#2060,#2061);
#2060 = CARTESIAN_POINT('',(-1.016,-8.89,0.));
#2061 = VECTOR('',#2062,1.);
#2062 = DIRECTION('',(1.,0.,0.));
#2063 = ORIENTED_EDGE('',*,*,#2064,.T.);
#2064 = EDGE_CURVE('',#2057,#2065,#2067,.T.);
#2065 = VERTEX_POINT('',#2066);
#2066 = CARTESIAN_POINT('',(1.27,-8.636,0.));
#2067 = LINE('',#2068,#2069);
#2068 = CARTESIAN_POINT('',(1.016,-8.89,0.));
#2069 = VECTOR('',#2070,1.);
#2070 = DIRECTION('',(0.707106781187,0.707106781187,0.));
#2071 = ORIENTED_EDGE('',*,*,#2072,.T.);
#2072 = EDGE_CURVE('',#2065,#2073,#2075,.T.);
#2073 = VERTEX_POINT('',#2074);
#2074 = CARTESIAN_POINT('',(1.27,-6.604,0.));
#2075 = LINE('',#2076,#2077);
#2076 = CARTESIAN_POINT('',(1.27,-8.636,0.));
#2077 = VECTOR('',#2078,1.);
#2078 = DIRECTION('',(0.,1.,0.));
#2079 = ORIENTED_EDGE('',*,*,#2080,.T.);
#2080 = EDGE_CURVE('',#2073,#2081,#2083,.T.);
#2081 = VERTEX_POINT('',#2082);
#2082 = CARTESIAN_POINT('',(1.016,-6.35,0.));
#2083 = LINE('',#2084,#2085);
#2084 = CARTESIAN_POINT('',(1.27,-6.604,0.));
#2085 = VECTOR('',#2086,1.);
#2086 = DIRECTION('',(-0.707106781187,0.707106781187,0.));
#2087 = ORIENTED_EDGE('',*,*,#2088,.T.);
#2088 = EDGE_CURVE('',#2081,#2089,#2091,.T.);
#2089 = VERTEX_POINT('',#2090);
#2090 = CARTESIAN_POINT('',(1.27,-6.096,0.));
#2091 = LINE('',#2092,#2093);
#2092 = CARTESIAN_POINT('',(1.016,-6.35,0.));
#2093 = VECTOR('',#2094,1.);
#2094 = DIRECTION('',(0.707106781187,0.707106781187,0.));
#2095 = ORIENTED_EDGE('',*,*,#2096,.T.);
#2096 = EDGE_CURVE('',#2089,#2097,#2099,.T.);
#2097 = VERTEX_POINT('',#2098);
#2098 = CARTESIAN_POINT('',(1.27,-4.064,0.));
#2099 = LINE('',#2100,#2101);
#2100 = CARTESIAN_POINT('',(1.27,-6.096,0.));
#2101 = VECTOR('',#2102,1.);
#2102 = DIRECTION('',(0.,1.,0.));
#2103 = ORIENTED_EDGE('',*,*,#2104,.T.);
#2104 = EDGE_CURVE('',#2097,#2105,#2107,.T.);
#2105 = VERTEX_POINT('',#2106);
#2106 = CARTESIAN_POINT('',(1.016,-3.81,0.));
#2107 = LINE('',#2108,#2109);
#2108 = CARTESIAN_POINT('',(1.27,-4.064,0.));
#2109 = VECTOR('',#2110,1.);
#2110 = DIRECTION('',(-0.707106781187,0.707106781187,0.));
#2111 = ORIENTED_EDGE('',*,*,#2112,.T.);
#2112 = EDGE_CURVE('',#2105,#2113,#2115,.T.);
#2113 = VERTEX_POINT('',#2114);
#2114 = CARTESIAN_POINT('',(1.27,-3.556,0.));
#2115 = LINE('',#2116,#2117);
#2116 = CARTESIAN_POINT('',(1.016,-3.81,0.));
#2117 = VECTOR('',#2118,1.);
#2118 = DIRECTION('',(0.707106781187,0.707106781187,0.));
#2119 = ORIENTED_EDGE('',*,*,#2120,.T.);
#2120 = EDGE_CURVE('',#2113,#2121,#2123,.T.);
#2121 = VERTEX_POINT('',#2122);
#2122 = CARTESIAN_POINT('',(1.27,-1.524,0.));
#2123 = LINE('',#2124,#2125);
#2124 = CARTESIAN_POINT('',(1.27,-3.556,0.));
#2125 = VECTOR('',#2126,1.);
#2126 = DIRECTION('',(0.,1.,0.));
#2127 = ORIENTED_EDGE('',*,*,#2128,.T.);
#2128 = EDGE_CURVE('',#2121,#2129,#2131,.T.);
#2129 = VERTEX_POINT('',#2130);
#2130 = CARTESIAN_POINT('',(1.016,-1.27,0.));
#2131 = LINE('',#2132,#2133);
#2132 = CARTESIAN_POINT('',(1.27,-1.524,0.));
#2133 = VECTOR('',#2134,1.);
#2134 = DIRECTION('',(-0.707106781187,0.707106781187,0.));
#2135 = ORIENTED_EDGE('',*,*,#2136,.T.);
#2136 = EDGE_CURVE('',#2129,#2137,#2139,.T.);
#2137 = VERTEX_POINT('',#2138);
#2138 = CARTESIAN_POINT('',(1.27,-1.016,0.));
#2139 = LINE('',#2140,#2141);
#2140 = CARTESIAN_POINT('',(1.016,-1.27,0.));
#2141 = VECTOR('',#2142,1.);
#2142 = DIRECTION('',(0.707106781187,0.707106781187,0.));
#2143 = ORIENTED_EDGE('',*,*,#2144,.T.);
#2144 = EDGE_CURVE('',#2137,#2145,#2147,.T.);
#2145 = VERTEX_POINT('',#2146);
#2146 = CARTESIAN_POINT('',(1.27,1.016,0.));
#2147 = LINE('',#2148,#2149);
#2148 = CARTESIAN_POINT('',(1.27,-1.016,0.));
#2149 = VECTOR('',#2150,1.);
#2150 = DIRECTION('',(0.,1.,0.));
#2151 = ORIENTED_EDGE('',*,*,#2152,.T.);
#2152 = EDGE_CURVE('',#2145,#1913,#2153,.T.);
#2153 = LINE('',#2154,#2155);
#2154 = CARTESIAN_POINT('',(1.27,1.016,0.));
#2155 = VECTOR('',#2156,1.);
#2156 = DIRECTION('',(-0.707106781187,0.707106781187,0.));
#2157 = ORIENTED_EDGE('',*,*,#1929,.T.);
#2158 = FACE_BOUND('',#2159,.F.);
#2159 = EDGE_LOOP('',(#2160,#2170,#2178,#2186));
#2160 = ORIENTED_EDGE('',*,*,#2161,.F.);
#2161 = EDGE_CURVE('',#2162,#2164,#2166,.T.);
#2162 = VERTEX_POINT('',#2163);
#2163 = CARTESIAN_POINT('',(0.32,-4.76,0.));
#2164 = VERTEX_POINT('',#2165);
#2165 = CARTESIAN_POINT('',(-0.32,-4.76,0.));
#2166 = LINE('',#2167,#2168);
#2167 = CARTESIAN_POINT('',(-0.16,-4.76,0.));
#2168 = VECTOR('',#2169,1.);
#2169 = DIRECTION('',(-1.,0.,0.));
#2170 = ORIENTED_EDGE('',*,*,#2171,.F.);
#2171 = EDGE_CURVE('',#2172,#2162,#2174,.T.);
#2172 = VERTEX_POINT('',#2173);
#2173 = CARTESIAN_POINT('',(0.32,-5.4,0.));
#2174 = LINE('',#2175,#2176);
#2175 = CARTESIAN_POINT('',(0.32,-4.605,0.));
#2176 = VECTOR('',#2177,1.);
#2177 = DIRECTION('',(0.,1.,0.));
#2178 = ORIENTED_EDGE('',*,*,#2179,.T.);
#2179 = EDGE_CURVE('',#2172,#2180,#2182,.T.);
#2180 = VERTEX_POINT('',#2181);
#2181 = CARTESIAN_POINT('',(-0.32,-5.4,0.));
#2182 = LINE('',#2183,#2184);
#2183 = CARTESIAN_POINT('',(-0.16,-5.4,0.));
#2184 = VECTOR('',#2185,1.);
#2185 = DIRECTION('',(-1.,0.,0.));
#2186 = ORIENTED_EDGE('',*,*,#2187,.T.);
#2187 = EDGE_CURVE('',#2180,#2164,#2188,.T.);
#2188 = LINE('',#2189,#2190);
#2189 = CARTESIAN_POINT('',(-0.32,-4.605,0.));
#2190 = VECTOR('',#2191,1.);
#2191 = DIRECTION('',(0.,1.,0.));
#2192 = FACE_BOUND('',#2193,.F.);
#2193 = EDGE_LOOP('',(#2194,#2204,#2212,#2220));
#2194 = ORIENTED_EDGE('',*,*,#2195,.F.);
#2195 = EDGE_CURVE('',#2196,#2198,#2200,.T.);
#2196 = VERTEX_POINT('',#2197);
#2197 = CARTESIAN_POINT('',(0.32,-7.94,0.));
#2198 = VERTEX_POINT('',#2199);
#2199 = CARTESIAN_POINT('',(0.32,-7.3,0.));
#2200 = LINE('',#2201,#2202);
#2201 = CARTESIAN_POINT('',(0.32,-5.875,0.));
#2202 = VECTOR('',#2203,1.);
#2203 = DIRECTION('',(0.,1.,0.));
#2204 = ORIENTED_EDGE('',*,*,#2205,.T.);
#2205 = EDGE_CURVE('',#2196,#2206,#2208,.T.);
#2206 = VERTEX_POINT('',#2207);
#2207 = CARTESIAN_POINT('',(-0.32,-7.94,0.));
#2208 = LINE('',#2209,#2210);
#2209 = CARTESIAN_POINT('',(-0.16,-7.94,0.));
#2210 = VECTOR('',#2211,1.);
#2211 = DIRECTION('',(-1.,0.,0.));
#2212 = ORIENTED_EDGE('',*,*,#2213,.T.);
#2213 = EDGE_CURVE('',#2206,#2214,#2216,.T.);
#2214 = VERTEX_POINT('',#2215);
#2215 = CARTESIAN_POINT('',(-0.32,-7.3,0.));
#2216 = LINE('',#2217,#2218);
#2217 = CARTESIAN_POINT('',(-0.32,-5.875,0.));
#2218 = VECTOR('',#2219,1.);
#2219 = DIRECTION('',(0.,1.,0.));
#2220 = ORIENTED_EDGE('',*,*,#2221,.F.);
#2221 = EDGE_CURVE('',#2198,#2214,#2222,.T.);
#2222 = LINE('',#2223,#2224);
#2223 = CARTESIAN_POINT('',(-0.16,-7.3,0.));
#2224 = VECTOR('',#2225,1.);
#2225 = DIRECTION('',(-1.,0.,0.));
#2226 = FACE_BOUND('',#2227,.F.);
#2227 = EDGE_LOOP('',(#2228,#2238,#2246,#2254));
#2228 = ORIENTED_EDGE('',*,*,#2229,.F.);
#2229 = EDGE_CURVE('',#2230,#2232,#2234,.T.);
#2230 = VERTEX_POINT('',#2231);
#2231 = CARTESIAN_POINT('',(0.32,-0.32,0.));
#2232 = VERTEX_POINT('',#2233);
#2233 = CARTESIAN_POINT('',(0.32,0.32,0.));
#2234 = LINE('',#2235,#2236);
#2235 = CARTESIAN_POINT('',(0.32,-2.065,0.));
#2236 = VECTOR('',#2237,1.);
#2237 = DIRECTION('',(0.,1.,0.));
#2238 = ORIENTED_EDGE('',*,*,#2239,.T.);
#2239 = EDGE_CURVE('',#2230,#2240,#2242,.T.);
#2240 = VERTEX_POINT('',#2241);
#2241 = CARTESIAN_POINT('',(-0.32,-0.32,0.));
#2242 = LINE('',#2243,#2244);
#2243 = CARTESIAN_POINT('',(-0.16,-0.32,0.));
#2244 = VECTOR('',#2245,1.);
#2245 = DIRECTION('',(-1.,0.,0.));
#2246 = ORIENTED_EDGE('',*,*,#2247,.T.);
#2247 = EDGE_CURVE('',#2240,#2248,#2250,.T.);
#2248 = VERTEX_POINT('',#2249);
#2249 = CARTESIAN_POINT('',(-0.32,0.32,0.));
#2250 = LINE('',#2251,#2252);
#2251 = CARTESIAN_POINT('',(-0.32,-2.065,0.));
#2252 = VECTOR('',#2253,1.);
#2253 = DIRECTION('',(0.,1.,0.));
#2254 = ORIENTED_EDGE('',*,*,#2255,.F.);
#2255 = EDGE_CURVE('',#2232,#2248,#2256,.T.);
#2256 = LINE('',#2257,#2258);
#2257 = CARTESIAN_POINT('',(-0.16,0.32,0.));
#2258 = VECTOR('',#2259,1.);
#2259 = DIRECTION('',(-1.,0.,0.));
#2260 = FACE_BOUND('',#2261,.F.);
#2261 = EDGE_LOOP('',(#2262,#2272,#2280,#2288));
#2262 = ORIENTED_EDGE('',*,*,#2263,.F.);
#2263 = EDGE_CURVE('',#2264,#2266,#2268,.T.);
#2264 = VERTEX_POINT('',#2265);
#2265 = CARTESIAN_POINT('',(0.32,-2.22,0.));
#2266 = VERTEX_POINT('',#2267);
#2267 = CARTESIAN_POINT('',(-0.32,-2.22,0.));
#2268 = LINE('',#2269,#2270);
#2269 = CARTESIAN_POINT('',(-0.16,-2.22,0.));
#2270 = VECTOR('',#2271,1.);
#2271 = DIRECTION('',(-1.,0.,0.));
#2272 = ORIENTED_EDGE('',*,*,#2273,.F.);
#2273 = EDGE_CURVE('',#2274,#2264,#2276,.T.);
#2274 = VERTEX_POINT('',#2275);
#2275 = CARTESIAN_POINT('',(0.32,-2.86,0.));
#2276 = LINE('',#2277,#2278);
#2277 = CARTESIAN_POINT('',(0.32,-3.335,0.));
#2278 = VECTOR('',#2279,1.);
#2279 = DIRECTION('',(0.,1.,0.));
#2280 = ORIENTED_EDGE('',*,*,#2281,.T.);
#2281 = EDGE_CURVE('',#2274,#2282,#2284,.T.);
#2282 = VERTEX_POINT('',#2283);
#2283 = CARTESIAN_POINT('',(-0.32,-2.86,0.));
#2284 = LINE('',#2285,#2286);
#2285 = CARTESIAN_POINT('',(-0.16,-2.86,0.));
#2286 = VECTOR('',#2287,1.);
#2287 = DIRECTION('',(-1.,0.,0.));
#2288 = ORIENTED_EDGE('',*,*,#2289,.T.);
#2289 = EDGE_CURVE('',#2282,#2266,#2290,.T.);
#2290 = LINE('',#2291,#2292);
#2291 = CARTESIAN_POINT('',(-0.32,-3.335,0.));
#2292 = VECTOR('',#2293,1.);
#2293 = DIRECTION('',(0.,1.,0.));
#2294 = PLANE('',#2295);
#2295 = AXIS2_PLACEMENT_3D('',#2296,#2297,#2298);
#2296 = CARTESIAN_POINT('',(4.259053689278E-17,-3.81,0.));
#2297 = DIRECTION('',(0.,0.,1.));
#2298 = DIRECTION('',(1.,0.,-0.));
#2299 = ADVANCED_FACE('',(#2300,#2487,#2521,#2555,#2589),#2623,.T.);
#2300 = FACE_BOUND('',#2301,.T.);
#2301 = EDGE_LOOP('',(#2302,#2303,#2304,#2312,#2320,#2328,#2336,#2344,
    #2352,#2360,#2368,#2376,#2384,#2392,#2400,#2408,#2416,#2424,#2432,
    #2440,#2448,#2456,#2464,#2472,#2480,#2486));
#2302 = ORIENTED_EDGE('',*,*,#1882,.T.);
#2303 = ORIENTED_EDGE('',*,*,#1944,.T.);
#2304 = ORIENTED_EDGE('',*,*,#2305,.T.);
#2305 = EDGE_CURVE('',#1945,#2306,#2308,.T.);
#2306 = VERTEX_POINT('',#2307);
#2307 = CARTESIAN_POINT('',(-1.016,-1.27,2.54));
#2308 = LINE('',#2309,#2310);
#2309 = CARTESIAN_POINT('',(-1.27,-1.016,2.54));
#2310 = VECTOR('',#2311,1.);
#2311 = DIRECTION('',(0.707106781187,-0.707106781187,0.));
#2312 = ORIENTED_EDGE('',*,*,#2313,.T.);
#2313 = EDGE_CURVE('',#2306,#2314,#2316,.T.);
#2314 = VERTEX_POINT('',#2315);
#2315 = CARTESIAN_POINT('',(-1.27,-1.524,2.54));
#2316 = LINE('',#2317,#2318);
#2317 = CARTESIAN_POINT('',(-1.016,-1.27,2.54));
#2318 = VECTOR('',#2319,1.);
#2319 = DIRECTION('',(-0.707106781187,-0.707106781187,0.));
#2320 = ORIENTED_EDGE('',*,*,#2321,.T.);
#2321 = EDGE_CURVE('',#2314,#2322,#2324,.T.);
#2322 = VERTEX_POINT('',#2323);
#2323 = CARTESIAN_POINT('',(-1.27,-3.556,2.54));
#2324 = LINE('',#2325,#2326);
#2325 = CARTESIAN_POINT('',(-1.27,-1.524,2.54));
#2326 = VECTOR('',#2327,1.);
#2327 = DIRECTION('',(0.,-1.,0.));
#2328 = ORIENTED_EDGE('',*,*,#2329,.T.);
#2329 = EDGE_CURVE('',#2322,#2330,#2332,.T.);
#2330 = VERTEX_POINT('',#2331);
#2331 = CARTESIAN_POINT('',(-1.016,-3.81,2.54));
#2332 = LINE('',#2333,#2334);
#2333 = CARTESIAN_POINT('',(-1.27,-3.556,2.54));
#2334 = VECTOR('',#2335,1.);
#2335 = DIRECTION('',(0.707106781187,-0.707106781187,0.));
#2336 = ORIENTED_EDGE('',*,*,#2337,.T.);
#2337 = EDGE_CURVE('',#2330,#2338,#2340,.T.);
#2338 = VERTEX_POINT('',#2339);
#2339 = CARTESIAN_POINT('',(-1.27,-4.064,2.54));
#2340 = LINE('',#2341,#2342);
#2341 = CARTESIAN_POINT('',(-1.016,-3.81,2.54));
#2342 = VECTOR('',#2343,1.);
#2343 = DIRECTION('',(-0.707106781187,-0.707106781187,0.));
#2344 = ORIENTED_EDGE('',*,*,#2345,.T.);
#2345 = EDGE_CURVE('',#2338,#2346,#2348,.T.);
#2346 = VERTEX_POINT('',#2347);
#2347 = CARTESIAN_POINT('',(-1.27,-6.096,2.54));
#2348 = LINE('',#2349,#2350);
#2349 = CARTESIAN_POINT('',(-1.27,-4.064,2.54));
#2350 = VECTOR('',#2351,1.);
#2351 = DIRECTION('',(0.,-1.,0.));
#2352 = ORIENTED_EDGE('',*,*,#2353,.T.);
#2353 = EDGE_CURVE('',#2346,#2354,#2356,.T.);
#2354 = VERTEX_POINT('',#2355);
#2355 = CARTESIAN_POINT('',(-1.016,-6.35,2.54));
#2356 = LINE('',#2357,#2358);
#2357 = CARTESIAN_POINT('',(-1.27,-6.096,2.54));
#2358 = VECTOR('',#2359,1.);
#2359 = DIRECTION('',(0.707106781187,-0.707106781187,0.));
#2360 = ORIENTED_EDGE('',*,*,#2361,.T.);
#2361 = EDGE_CURVE('',#2354,#2362,#2364,.T.);
#2362 = VERTEX_POINT('',#2363);
#2363 = CARTESIAN_POINT('',(-1.27,-6.604,2.54));
#2364 = LINE('',#2365,#2366);
#2365 = CARTESIAN_POINT('',(-1.016,-6.35,2.54));
#2366 = VECTOR('',#2367,1.);
#2367 = DIRECTION('',(-0.707106781187,-0.707106781187,0.));
#2368 = ORIENTED_EDGE('',*,*,#2369,.T.);
#2369 = EDGE_CURVE('',#2362,#2370,#2372,.T.);
#2370 = VERTEX_POINT('',#2371);
#2371 = CARTESIAN_POINT('',(-1.27,-8.636,2.54));
#2372 = LINE('',#2373,#2374);
#2373 = CARTESIAN_POINT('',(-1.27,-6.604,2.54));
#2374 = VECTOR('',#2375,1.);
#2375 = DIRECTION('',(0.,-1.,0.));
#2376 = ORIENTED_EDGE('',*,*,#2377,.T.);
#2377 = EDGE_CURVE('',#2370,#2378,#2380,.T.);
#2378 = VERTEX_POINT('',#2379);
#2379 = CARTESIAN_POINT('',(-1.016,-8.89,2.54));
#2380 = LINE('',#2381,#2382);
#2381 = CARTESIAN_POINT('',(-1.27,-8.636,2.54));
#2382 = VECTOR('',#2383,1.);
#2383 = DIRECTION('',(0.707106781187,-0.707106781187,0.));
#2384 = ORIENTED_EDGE('',*,*,#2385,.T.);
#2385 = EDGE_CURVE('',#2378,#2386,#2388,.T.);
#2386 = VERTEX_POINT('',#2387);
#2387 = CARTESIAN_POINT('',(1.016,-8.89,2.54));
#2388 = LINE('',#2389,#2390);
#2389 = CARTESIAN_POINT('',(-1.016,-8.89,2.54));
#2390 = VECTOR('',#2391,1.);
#2391 = DIRECTION('',(1.,0.,0.));
#2392 = ORIENTED_EDGE('',*,*,#2393,.T.);
#2393 = EDGE_CURVE('',#2386,#2394,#2396,.T.);
#2394 = VERTEX_POINT('',#2395);
#2395 = CARTESIAN_POINT('',(1.27,-8.636,2.54));
#2396 = LINE('',#2397,#2398);
#2397 = CARTESIAN_POINT('',(1.016,-8.89,2.54));
#2398 = VECTOR('',#2399,1.);
#2399 = DIRECTION('',(0.707106781187,0.707106781187,0.));
#2400 = ORIENTED_EDGE('',*,*,#2401,.T.);
#2401 = EDGE_CURVE('',#2394,#2402,#2404,.T.);
#2402 = VERTEX_POINT('',#2403);
#2403 = CARTESIAN_POINT('',(1.27,-6.604,2.54));
#2404 = LINE('',#2405,#2406);
#2405 = CARTESIAN_POINT('',(1.27,-8.636,2.54));
#2406 = VECTOR('',#2407,1.);
#2407 = DIRECTION('',(0.,1.,0.));
#2408 = ORIENTED_EDGE('',*,*,#2409,.T.);
#2409 = EDGE_CURVE('',#2402,#2410,#2412,.T.);
#2410 = VERTEX_POINT('',#2411);
#2411 = CARTESIAN_POINT('',(1.016,-6.35,2.54));
#2412 = LINE('',#2413,#2414);
#2413 = CARTESIAN_POINT('',(1.27,-6.604,2.54));
#2414 = VECTOR('',#2415,1.);
#2415 = DIRECTION('',(-0.707106781187,0.707106781187,0.));
#2416 = ORIENTED_EDGE('',*,*,#2417,.T.);
#2417 = EDGE_CURVE('',#2410,#2418,#2420,.T.);
#2418 = VERTEX_POINT('',#2419);
#2419 = CARTESIAN_POINT('',(1.27,-6.096,2.54));
#2420 = LINE('',#2421,#2422);
#2421 = CARTESIAN_POINT('',(1.016,-6.35,2.54));
#2422 = VECTOR('',#2423,1.);
#2423 = DIRECTION('',(0.707106781187,0.707106781187,0.));
#2424 = ORIENTED_EDGE('',*,*,#2425,.T.);
#2425 = EDGE_CURVE('',#2418,#2426,#2428,.T.);
#2426 = VERTEX_POINT('',#2427);
#2427 = CARTESIAN_POINT('',(1.27,-4.064,2.54));
#2428 = LINE('',#2429,#2430);
#2429 = CARTESIAN_POINT('',(1.27,-6.096,2.54));
#2430 = VECTOR('',#2431,1.);
#2431 = DIRECTION('',(0.,1.,0.));
#2432 = ORIENTED_EDGE('',*,*,#2433,.T.);
#2433 = EDGE_CURVE('',#2426,#2434,#2436,.T.);
#2434 = VERTEX_POINT('',#2435);
#2435 = CARTESIAN_POINT('',(1.016,-3.81,2.54));
#2436 = LINE('',#2437,#2438);
#2437 = CARTESIAN_POINT('',(1.27,-4.064,2.54));
#2438 = VECTOR('',#2439,1.);
#2439 = DIRECTION('',(-0.707106781187,0.707106781187,0.));
#2440 = ORIENTED_EDGE('',*,*,#2441,.T.);
#2441 = EDGE_CURVE('',#2434,#2442,#2444,.T.);
#2442 = VERTEX_POINT('',#2443);
#2443 = CARTESIAN_POINT('',(1.27,-3.556,2.54));
#2444 = LINE('',#2445,#2446);
#2445 = CARTESIAN_POINT('',(1.016,-3.81,2.54));
#2446 = VECTOR('',#2447,1.);
#2447 = DIRECTION('',(0.707106781187,0.707106781187,0.));
#2448 = ORIENTED_EDGE('',*,*,#2449,.T.);
#2449 = EDGE_CURVE('',#2442,#2450,#2452,.T.);
#2450 = VERTEX_POINT('',#2451);
#2451 = CARTESIAN_POINT('',(1.27,-1.524,2.54));
#2452 = LINE('',#2453,#2454);
#2453 = CARTESIAN_POINT('',(1.27,-3.556,2.54));
#2454 = VECTOR('',#2455,1.);
#2455 = DIRECTION('',(0.,1.,0.));
#2456 = ORIENTED_EDGE('',*,*,#2457,.T.);
#2457 = EDGE_CURVE('',#2450,#2458,#2460,.T.);
#2458 = VERTEX_POINT('',#2459);
#2459 = CARTESIAN_POINT('',(1.016,-1.27,2.54));
#2460 = LINE('',#2461,#2462);
#2461 = CARTESIAN_POINT('',(1.27,-1.524,2.54));
#2462 = VECTOR('',#2463,1.);
#2463 = DIRECTION('',(-0.707106781187,0.707106781187,0.));
#2464 = ORIENTED_EDGE('',*,*,#2465,.T.);
#2465 = EDGE_CURVE('',#2458,#2466,#2468,.T.);
#2466 = VERTEX_POINT('',#2467);
#2467 = CARTESIAN_POINT('',(1.27,-1.016,2.54));
#2468 = LINE('',#2469,#2470);
#2469 = CARTESIAN_POINT('',(1.016,-1.27,2.54));
#2470 = VECTOR('',#2471,1.);
#2471 = DIRECTION('',(0.707106781187,0.707106781187,0.));
#2472 = ORIENTED_EDGE('',*,*,#2473,.T.);
#2473 = EDGE_CURVE('',#2466,#2474,#2476,.T.);
#2474 = VERTEX_POINT('',#2475);
#2475 = CARTESIAN_POINT('',(1.27,1.016,2.54));
#2476 = LINE('',#2477,#2478);
#2477 = CARTESIAN_POINT('',(1.27,-1.016,2.54));
#2478 = VECTOR('',#2479,1.);
#2479 = DIRECTION('',(0.,1.,0.));
#2480 = ORIENTED_EDGE('',*,*,#2481,.T.);
#2481 = EDGE_CURVE('',#2474,#1915,#2482,.T.);
#2482 = LINE('',#2483,#2484);
#2483 = CARTESIAN_POINT('',(1.27,1.016,2.54));
#2484 = VECTOR('',#2485,1.);
#2485 = DIRECTION('',(-0.707106781187,0.707106781187,0.));
#2486 = ORIENTED_EDGE('',*,*,#1922,.T.);
#2487 = FACE_BOUND('',#2488,.T.);
#2488 = EDGE_LOOP('',(#2489,#2499,#2507,#2515));
#2489 = ORIENTED_EDGE('',*,*,#2490,.F.);
#2490 = EDGE_CURVE('',#2491,#2493,#2495,.T.);
#2491 = VERTEX_POINT('',#2492);
#2492 = CARTESIAN_POINT('',(0.32,-4.76,2.54));
#2493 = VERTEX_POINT('',#2494);
#2494 = CARTESIAN_POINT('',(-0.32,-4.76,2.54));
#2495 = LINE('',#2496,#2497);
#2496 = CARTESIAN_POINT('',(-0.16,-4.76,2.54));
#2497 = VECTOR('',#2498,1.);
#2498 = DIRECTION('',(-1.,0.,0.));
#2499 = ORIENTED_EDGE('',*,*,#2500,.F.);
#2500 = EDGE_CURVE('',#2501,#2491,#2503,.T.);
#2501 = VERTEX_POINT('',#2502);
#2502 = CARTESIAN_POINT('',(0.32,-5.4,2.54));
#2503 = LINE('',#2504,#2505);
#2504 = CARTESIAN_POINT('',(0.32,-4.605,2.54));
#2505 = VECTOR('',#2506,1.);
#2506 = DIRECTION('',(0.,1.,0.));
#2507 = ORIENTED_EDGE('',*,*,#2508,.T.);
#2508 = EDGE_CURVE('',#2501,#2509,#2511,.T.);
#2509 = VERTEX_POINT('',#2510);
#2510 = CARTESIAN_POINT('',(-0.32,-5.4,2.54));
#2511 = LINE('',#2512,#2513);
#2512 = CARTESIAN_POINT('',(-0.16,-5.4,2.54));
#2513 = VECTOR('',#2514,1.);
#2514 = DIRECTION('',(-1.,0.,0.));
#2515 = ORIENTED_EDGE('',*,*,#2516,.T.);
#2516 = EDGE_CURVE('',#2509,#2493,#2517,.T.);
#2517 = LINE('',#2518,#2519);
#2518 = CARTESIAN_POINT('',(-0.32,-4.605,2.54));
#2519 = VECTOR('',#2520,1.);
#2520 = DIRECTION('',(0.,1.,0.));
#2521 = FACE_BOUND('',#2522,.T.);
#2522 = EDGE_LOOP('',(#2523,#2533,#2541,#2549));
#2523 = ORIENTED_EDGE('',*,*,#2524,.F.);
#2524 = EDGE_CURVE('',#2525,#2527,#2529,.T.);
#2525 = VERTEX_POINT('',#2526);
#2526 = CARTESIAN_POINT('',(0.32,-7.94,2.54));
#2527 = VERTEX_POINT('',#2528);
#2528 = CARTESIAN_POINT('',(0.32,-7.3,2.54));
#2529 = LINE('',#2530,#2531);
#2530 = CARTESIAN_POINT('',(0.32,-5.875,2.54));
#2531 = VECTOR('',#2532,1.);
#2532 = DIRECTION('',(0.,1.,0.));
#2533 = ORIENTED_EDGE('',*,*,#2534,.T.);
#2534 = EDGE_CURVE('',#2525,#2535,#2537,.T.);
#2535 = VERTEX_POINT('',#2536);
#2536 = CARTESIAN_POINT('',(-0.32,-7.94,2.54));
#2537 = LINE('',#2538,#2539);
#2538 = CARTESIAN_POINT('',(-0.16,-7.94,2.54));
#2539 = VECTOR('',#2540,1.);
#2540 = DIRECTION('',(-1.,0.,0.));
#2541 = ORIENTED_EDGE('',*,*,#2542,.T.);
#2542 = EDGE_CURVE('',#2535,#2543,#2545,.T.);
#2543 = VERTEX_POINT('',#2544);
#2544 = CARTESIAN_POINT('',(-0.32,-7.3,2.54));
#2545 = LINE('',#2546,#2547);
#2546 = CARTESIAN_POINT('',(-0.32,-5.875,2.54));
#2547 = VECTOR('',#2548,1.);
#2548 = DIRECTION('',(0.,1.,0.));
#2549 = ORIENTED_EDGE('',*,*,#2550,.F.);
#2550 = EDGE_CURVE('',#2527,#2543,#2551,.T.);
#2551 = LINE('',#2552,#2553);
#2552 = CARTESIAN_POINT('',(-0.16,-7.3,2.54));
#2553 = VECTOR('',#2554,1.);
#2554 = DIRECTION('',(-1.,0.,0.));
#2555 = FACE_BOUND('',#2556,.T.);
#2556 = EDGE_LOOP('',(#2557,#2567,#2575,#2583));
#2557 = ORIENTED_EDGE('',*,*,#2558,.F.);
#2558 = EDGE_CURVE('',#2559,#2561,#2563,.T.);
#2559 = VERTEX_POINT('',#2560);
#2560 = CARTESIAN_POINT('',(0.32,-0.32,2.54));
#2561 = VERTEX_POINT('',#2562);
#2562 = CARTESIAN_POINT('',(0.32,0.32,2.54));
#2563 = LINE('',#2564,#2565);
#2564 = CARTESIAN_POINT('',(0.32,-2.065,2.54));
#2565 = VECTOR('',#2566,1.);
#2566 = DIRECTION('',(0.,1.,0.));
#2567 = ORIENTED_EDGE('',*,*,#2568,.T.);
#2568 = EDGE_CURVE('',#2559,#2569,#2571,.T.);
#2569 = VERTEX_POINT('',#2570);
#2570 = CARTESIAN_POINT('',(-0.32,-0.32,2.54));
#2571 = LINE('',#2572,#2573);
#2572 = CARTESIAN_POINT('',(-0.16,-0.32,2.54));
#2573 = VECTOR('',#2574,1.);
#2574 = DIRECTION('',(-1.,0.,0.));
#2575 = ORIENTED_EDGE('',*,*,#2576,.T.);
#2576 = EDGE_CURVE('',#2569,#2577,#2579,.T.);
#2577 = VERTEX_POINT('',#2578);
#2578 = CARTESIAN_POINT('',(-0.32,0.32,2.54));
#2579 = LINE('',#2580,#2581);
#2580 = CARTESIAN_POINT('',(-0.32,-2.065,2.54));
#2581 = VECTOR('',#2582,1.);
#2582 = DIRECTION('',(0.,1.,0.));
#2583 = ORIENTED_EDGE('',*,*,#2584,.F.);
#2584 = EDGE_CURVE('',#2561,#2577,#2585,.T.);
#2585 = LINE('',#2586,#2587);
#2586 = CARTESIAN_POINT('',(-0.16,0.32,2.54));
#2587 = VECTOR('',#2588,1.);
#2588 = DIRECTION('',(-1.,0.,0.));
#2589 = FACE_BOUND('',#2590,.T.);
#2590 = EDGE_LOOP('',(#2591,#2601,#2609,#2617));
#2591 = ORIENTED_EDGE('',*,*,#2592,.F.);
#2592 = EDGE_CURVE('',#2593,#2595,#2597,.T.);
#2593 = VERTEX_POINT('',#2594);
#2594 = CARTESIAN_POINT('',(0.32,-2.22,2.54));
#2595 = VERTEX_POINT('',#2596);
#2596 = CARTESIAN_POINT('',(-0.32,-2.22,2.54));
#2597 = LINE('',#2598,#2599);
#2598 = CARTESIAN_POINT('',(-0.16,-2.22,2.54));
#2599 = VECTOR('',#2600,1.);
#2600 = DIRECTION('',(-1.,0.,0.));
#2601 = ORIENTED_EDGE('',*,*,#2602,.F.);
#2602 = EDGE_CURVE('',#2603,#2593,#2605,.T.);
#2603 = VERTEX_POINT('',#2604);
#2604 = CARTESIAN_POINT('',(0.32,-2.86,2.54));
#2605 = LINE('',#2606,#2607);
#2606 = CARTESIAN_POINT('',(0.32,-3.335,2.54));
#2607 = VECTOR('',#2608,1.);
#2608 = DIRECTION('',(0.,1.,0.));
#2609 = ORIENTED_EDGE('',*,*,#2610,.T.);
#2610 = EDGE_CURVE('',#2603,#2611,#2613,.T.);
#2611 = VERTEX_POINT('',#2612);
#2612 = CARTESIAN_POINT('',(-0.32,-2.86,2.54));
#2613 = LINE('',#2614,#2615);
#2614 = CARTESIAN_POINT('',(-0.16,-2.86,2.54));
#2615 = VECTOR('',#2616,1.);
#2616 = DIRECTION('',(-1.,0.,0.));
#2617 = ORIENTED_EDGE('',*,*,#2618,.T.);
#2618 = EDGE_CURVE('',#2611,#2595,#2619,.T.);
#2619 = LINE('',#2620,#2621);
#2620 = CARTESIAN_POINT('',(-0.32,-3.335,2.54));
#2621 = VECTOR('',#2622,1.);
#2622 = DIRECTION('',(0.,1.,0.));
#2623 = PLANE('',#2624);
#2624 = AXIS2_PLACEMENT_3D('',#2625,#2626,#2627);
#2625 = CARTESIAN_POINT('',(4.259053689278E-17,-3.81,2.54));
#2626 = DIRECTION('',(0.,0.,1.));
#2627 = DIRECTION('',(1.,0.,-0.));
#2628 = ADVANCED_FACE('',(#2629),#2640,.F.);
#2629 = FACE_BOUND('',#2630,.F.);
#2630 = EDGE_LOOP('',(#2631,#2637,#2638,#2639));
#2631 = ORIENTED_EDGE('',*,*,#2632,.T.);
#2632 = EDGE_CURVE('',#2145,#2474,#2633,.T.);
#2633 = LINE('',#2634,#2635);
#2634 = CARTESIAN_POINT('',(1.27,1.016,0.));
#2635 = VECTOR('',#2636,1.);
#2636 = DIRECTION('',(0.,0.,1.));
#2637 = ORIENTED_EDGE('',*,*,#2481,.T.);
#2638 = ORIENTED_EDGE('',*,*,#1912,.F.);
#2639 = ORIENTED_EDGE('',*,*,#2152,.F.);
#2640 = PLANE('',#2641);
#2641 = AXIS2_PLACEMENT_3D('',#2642,#2643,#2644);
#2642 = CARTESIAN_POINT('',(1.27,1.016,0.));
#2643 = DIRECTION('',(-0.707106781187,-0.707106781187,0.));
#2644 = DIRECTION('',(-0.707106781187,0.707106781187,0.));
#2645 = ADVANCED_FACE('',(#2646),#2657,.F.);
#2646 = FACE_BOUND('',#2647,.F.);
#2647 = EDGE_LOOP('',(#2648,#2649,#2650,#2656));
#2648 = ORIENTED_EDGE('',*,*,#1952,.T.);
#2649 = ORIENTED_EDGE('',*,*,#2305,.T.);
#2650 = ORIENTED_EDGE('',*,*,#2651,.F.);
#2651 = EDGE_CURVE('',#1977,#2306,#2652,.T.);
#2652 = LINE('',#2653,#2654);
#2653 = CARTESIAN_POINT('',(-1.016,-1.27,0.));
#2654 = VECTOR('',#2655,1.);
#2655 = DIRECTION('',(0.,0.,1.));
#2656 = ORIENTED_EDGE('',*,*,#1976,.F.);
#2657 = PLANE('',#2658);
#2658 = AXIS2_PLACEMENT_3D('',#2659,#2660,#2661);
#2659 = CARTESIAN_POINT('',(-1.27,-1.016,0.));
#2660 = DIRECTION('',(0.707106781187,0.707106781187,0.));
#2661 = DIRECTION('',(0.707106781187,-0.707106781187,0.));
#2662 = ADVANCED_FACE('',(#2663),#2674,.F.);
#2663 = FACE_BOUND('',#2664,.F.);
#2664 = EDGE_LOOP('',(#2665,#2671,#2672,#2673));
#2665 = ORIENTED_EDGE('',*,*,#2666,.T.);
#2666 = EDGE_CURVE('',#2137,#2466,#2667,.T.);
#2667 = LINE('',#2668,#2669);
#2668 = CARTESIAN_POINT('',(1.27,-1.016,0.));
#2669 = VECTOR('',#2670,1.);
#2670 = DIRECTION('',(0.,0.,1.));
#2671 = ORIENTED_EDGE('',*,*,#2473,.T.);
#2672 = ORIENTED_EDGE('',*,*,#2632,.F.);
#2673 = ORIENTED_EDGE('',*,*,#2144,.F.);
#2674 = PLANE('',#2675);
#2675 = AXIS2_PLACEMENT_3D('',#2676,#2677,#2678);
#2676 = CARTESIAN_POINT('',(1.27,-1.016,0.));
#2677 = DIRECTION('',(-1.,0.,0.));
#2678 = DIRECTION('',(0.,1.,0.));
#2679 = ADVANCED_FACE('',(#2680),#2691,.F.);
#2680 = FACE_BOUND('',#2681,.F.);
#2681 = EDGE_LOOP('',(#2682,#2683,#2684,#2690));
#2682 = ORIENTED_EDGE('',*,*,#2651,.T.);
#2683 = ORIENTED_EDGE('',*,*,#2313,.T.);
#2684 = ORIENTED_EDGE('',*,*,#2685,.F.);
#2685 = EDGE_CURVE('',#1985,#2314,#2686,.T.);
#2686 = LINE('',#2687,#2688);
#2687 = CARTESIAN_POINT('',(-1.27,-1.524,0.));
#2688 = VECTOR('',#2689,1.);
#2689 = DIRECTION('',(0.,0.,1.));
#2690 = ORIENTED_EDGE('',*,*,#1984,.F.);
#2691 = PLANE('',#2692);
#2692 = AXIS2_PLACEMENT_3D('',#2693,#2694,#2695);
#2693 = CARTESIAN_POINT('',(-1.016,-1.27,0.));
#2694 = DIRECTION('',(0.707106781187,-0.707106781187,0.));
#2695 = DIRECTION('',(-0.707106781187,-0.707106781187,0.));
#2696 = ADVANCED_FACE('',(#2697),#2708,.F.);
#2697 = FACE_BOUND('',#2698,.F.);
#2698 = EDGE_LOOP('',(#2699,#2705,#2706,#2707));
#2699 = ORIENTED_EDGE('',*,*,#2700,.T.);
#2700 = EDGE_CURVE('',#2129,#2458,#2701,.T.);
#2701 = LINE('',#2702,#2703);
#2702 = CARTESIAN_POINT('',(1.016,-1.27,0.));
#2703 = VECTOR('',#2704,1.);
#2704 = DIRECTION('',(0.,0.,1.));
#2705 = ORIENTED_EDGE('',*,*,#2465,.T.);
#2706 = ORIENTED_EDGE('',*,*,#2666,.F.);
#2707 = ORIENTED_EDGE('',*,*,#2136,.F.);
#2708 = PLANE('',#2709);
#2709 = AXIS2_PLACEMENT_3D('',#2710,#2711,#2712);
#2710 = CARTESIAN_POINT('',(1.016,-1.27,0.));
#2711 = DIRECTION('',(-0.707106781187,0.707106781187,0.));
#2712 = DIRECTION('',(0.707106781187,0.707106781187,0.));
#2713 = ADVANCED_FACE('',(#2714),#2725,.F.);
#2714 = FACE_BOUND('',#2715,.F.);
#2715 = EDGE_LOOP('',(#2716,#2717,#2718,#2724));
#2716 = ORIENTED_EDGE('',*,*,#2685,.T.);
#2717 = ORIENTED_EDGE('',*,*,#2321,.T.);
#2718 = ORIENTED_EDGE('',*,*,#2719,.F.);
#2719 = EDGE_CURVE('',#1993,#2322,#2720,.T.);
#2720 = LINE('',#2721,#2722);
#2721 = CARTESIAN_POINT('',(-1.27,-3.556,0.));
#2722 = VECTOR('',#2723,1.);
#2723 = DIRECTION('',(0.,0.,1.));
#2724 = ORIENTED_EDGE('',*,*,#1992,.F.);
#2725 = PLANE('',#2726);
#2726 = AXIS2_PLACEMENT_3D('',#2727,#2728,#2729);
#2727 = CARTESIAN_POINT('',(-1.27,-1.524,0.));
#2728 = DIRECTION('',(1.,0.,0.));
#2729 = DIRECTION('',(0.,-1.,0.));
#2730 = ADVANCED_FACE('',(#2731),#2742,.F.);
#2731 = FACE_BOUND('',#2732,.F.);
#2732 = EDGE_LOOP('',(#2733,#2739,#2740,#2741));
#2733 = ORIENTED_EDGE('',*,*,#2734,.T.);
#2734 = EDGE_CURVE('',#2121,#2450,#2735,.T.);
#2735 = LINE('',#2736,#2737);
#2736 = CARTESIAN_POINT('',(1.27,-1.524,0.));
#2737 = VECTOR('',#2738,1.);
#2738 = DIRECTION('',(0.,0.,1.));
#2739 = ORIENTED_EDGE('',*,*,#2457,.T.);
#2740 = ORIENTED_EDGE('',*,*,#2700,.F.);
#2741 = ORIENTED_EDGE('',*,*,#2128,.F.);
#2742 = PLANE('',#2743);
#2743 = AXIS2_PLACEMENT_3D('',#2744,#2745,#2746);
#2744 = CARTESIAN_POINT('',(1.27,-1.524,0.));
#2745 = DIRECTION('',(-0.707106781187,-0.707106781187,0.));
#2746 = DIRECTION('',(-0.707106781187,0.707106781187,0.));
#2747 = ADVANCED_FACE('',(#2748),#2759,.F.);
#2748 = FACE_BOUND('',#2749,.F.);
#2749 = EDGE_LOOP('',(#2750,#2751,#2752,#2758));
#2750 = ORIENTED_EDGE('',*,*,#2719,.T.);
#2751 = ORIENTED_EDGE('',*,*,#2329,.T.);
#2752 = ORIENTED_EDGE('',*,*,#2753,.F.);
#2753 = EDGE_CURVE('',#2001,#2330,#2754,.T.);
#2754 = LINE('',#2755,#2756);
#2755 = CARTESIAN_POINT('',(-1.016,-3.81,0.));
#2756 = VECTOR('',#2757,1.);
#2757 = DIRECTION('',(0.,0.,1.));
#2758 = ORIENTED_EDGE('',*,*,#2000,.F.);
#2759 = PLANE('',#2760);
#2760 = AXIS2_PLACEMENT_3D('',#2761,#2762,#2763);
#2761 = CARTESIAN_POINT('',(-1.27,-3.556,0.));
#2762 = DIRECTION('',(0.707106781187,0.707106781187,0.));
#2763 = DIRECTION('',(0.707106781187,-0.707106781187,0.));
#2764 = ADVANCED_FACE('',(#2765),#2776,.F.);
#2765 = FACE_BOUND('',#2766,.F.);
#2766 = EDGE_LOOP('',(#2767,#2773,#2774,#2775));
#2767 = ORIENTED_EDGE('',*,*,#2768,.T.);
#2768 = EDGE_CURVE('',#2113,#2442,#2769,.T.);
#2769 = LINE('',#2770,#2771);
#2770 = CARTESIAN_POINT('',(1.27,-3.556,0.));
#2771 = VECTOR('',#2772,1.);
#2772 = DIRECTION('',(0.,0.,1.));
#2773 = ORIENTED_EDGE('',*,*,#2449,.T.);
#2774 = ORIENTED_EDGE('',*,*,#2734,.F.);
#2775 = ORIENTED_EDGE('',*,*,#2120,.F.);
#2776 = PLANE('',#2777);
#2777 = AXIS2_PLACEMENT_3D('',#2778,#2779,#2780);
#2778 = CARTESIAN_POINT('',(1.27,-3.556,0.));
#2779 = DIRECTION('',(-1.,0.,0.));
#2780 = DIRECTION('',(0.,1.,0.));
#2781 = ADVANCED_FACE('',(#2782),#2793,.F.);
#2782 = FACE_BOUND('',#2783,.F.);
#2783 = EDGE_LOOP('',(#2784,#2785,#2786,#2792));
#2784 = ORIENTED_EDGE('',*,*,#2753,.T.);
#2785 = ORIENTED_EDGE('',*,*,#2337,.T.);
#2786 = ORIENTED_EDGE('',*,*,#2787,.F.);
#2787 = EDGE_CURVE('',#2009,#2338,#2788,.T.);
#2788 = LINE('',#2789,#2790);
#2789 = CARTESIAN_POINT('',(-1.27,-4.064,0.));
#2790 = VECTOR('',#2791,1.);
#2791 = DIRECTION('',(0.,0.,1.));
#2792 = ORIENTED_EDGE('',*,*,#2008,.F.);
#2793 = PLANE('',#2794);
#2794 = AXIS2_PLACEMENT_3D('',#2795,#2796,#2797);
#2795 = CARTESIAN_POINT('',(-1.016,-3.81,0.));
#2796 = DIRECTION('',(0.707106781187,-0.707106781187,0.));
#2797 = DIRECTION('',(-0.707106781187,-0.707106781187,0.));
#2798 = ADVANCED_FACE('',(#2799),#2810,.F.);
#2799 = FACE_BOUND('',#2800,.F.);
#2800 = EDGE_LOOP('',(#2801,#2807,#2808,#2809));
#2801 = ORIENTED_EDGE('',*,*,#2802,.T.);
#2802 = EDGE_CURVE('',#2105,#2434,#2803,.T.);
#2803 = LINE('',#2804,#2805);
#2804 = CARTESIAN_POINT('',(1.016,-3.81,0.));
#2805 = VECTOR('',#2806,1.);
#2806 = DIRECTION('',(0.,0.,1.));
#2807 = ORIENTED_EDGE('',*,*,#2441,.T.);
#2808 = ORIENTED_EDGE('',*,*,#2768,.F.);
#2809 = ORIENTED_EDGE('',*,*,#2112,.F.);
#2810 = PLANE('',#2811);
#2811 = AXIS2_PLACEMENT_3D('',#2812,#2813,#2814);
#2812 = CARTESIAN_POINT('',(1.016,-3.81,0.));
#2813 = DIRECTION('',(-0.707106781187,0.707106781187,0.));
#2814 = DIRECTION('',(0.707106781187,0.707106781187,0.));
#2815 = ADVANCED_FACE('',(#2816),#2827,.F.);
#2816 = FACE_BOUND('',#2817,.F.);
#2817 = EDGE_LOOP('',(#2818,#2819,#2820,#2826));
#2818 = ORIENTED_EDGE('',*,*,#2787,.T.);
#2819 = ORIENTED_EDGE('',*,*,#2345,.T.);
#2820 = ORIENTED_EDGE('',*,*,#2821,.F.);
#2821 = EDGE_CURVE('',#2017,#2346,#2822,.T.);
#2822 = LINE('',#2823,#2824);
#2823 = CARTESIAN_POINT('',(-1.27,-6.096,0.));
#2824 = VECTOR('',#2825,1.);
#2825 = DIRECTION('',(0.,0.,1.));
#2826 = ORIENTED_EDGE('',*,*,#2016,.F.);
#2827 = PLANE('',#2828);
#2828 = AXIS2_PLACEMENT_3D('',#2829,#2830,#2831);
#2829 = CARTESIAN_POINT('',(-1.27,-4.064,0.));
#2830 = DIRECTION('',(1.,0.,0.));
#2831 = DIRECTION('',(0.,-1.,0.));
#2832 = ADVANCED_FACE('',(#2833),#2844,.F.);
#2833 = FACE_BOUND('',#2834,.F.);
#2834 = EDGE_LOOP('',(#2835,#2841,#2842,#2843));
#2835 = ORIENTED_EDGE('',*,*,#2836,.T.);
#2836 = EDGE_CURVE('',#2097,#2426,#2837,.T.);
#2837 = LINE('',#2838,#2839);
#2838 = CARTESIAN_POINT('',(1.27,-4.064,0.));
#2839 = VECTOR('',#2840,1.);
#2840 = DIRECTION('',(0.,0.,1.));
#2841 = ORIENTED_EDGE('',*,*,#2433,.T.);
#2842 = ORIENTED_EDGE('',*,*,#2802,.F.);
#2843 = ORIENTED_EDGE('',*,*,#2104,.F.);
#2844 = PLANE('',#2845);
#2845 = AXIS2_PLACEMENT_3D('',#2846,#2847,#2848);
#2846 = CARTESIAN_POINT('',(1.27,-4.064,0.));
#2847 = DIRECTION('',(-0.707106781187,-0.707106781187,0.));
#2848 = DIRECTION('',(-0.707106781187,0.707106781187,0.));
#2849 = ADVANCED_FACE('',(#2850),#2861,.F.);
#2850 = FACE_BOUND('',#2851,.F.);
#2851 = EDGE_LOOP('',(#2852,#2853,#2854,#2860));
#2852 = ORIENTED_EDGE('',*,*,#2821,.T.);
#2853 = ORIENTED_EDGE('',*,*,#2353,.T.);
#2854 = ORIENTED_EDGE('',*,*,#2855,.F.);
#2855 = EDGE_CURVE('',#2025,#2354,#2856,.T.);
#2856 = LINE('',#2857,#2858);
#2857 = CARTESIAN_POINT('',(-1.016,-6.35,0.));
#2858 = VECTOR('',#2859,1.);
#2859 = DIRECTION('',(0.,0.,1.));
#2860 = ORIENTED_EDGE('',*,*,#2024,.F.);
#2861 = PLANE('',#2862);
#2862 = AXIS2_PLACEMENT_3D('',#2863,#2864,#2865);
#2863 = CARTESIAN_POINT('',(-1.27,-6.096,0.));
#2864 = DIRECTION('',(0.707106781187,0.707106781187,0.));
#2865 = DIRECTION('',(0.707106781187,-0.707106781187,0.));
#2866 = ADVANCED_FACE('',(#2867),#2878,.F.);
#2867 = FACE_BOUND('',#2868,.F.);
#2868 = EDGE_LOOP('',(#2869,#2875,#2876,#2877));
#2869 = ORIENTED_EDGE('',*,*,#2870,.T.);
#2870 = EDGE_CURVE('',#2089,#2418,#2871,.T.);
#2871 = LINE('',#2872,#2873);
#2872 = CARTESIAN_POINT('',(1.27,-6.096,0.));
#2873 = VECTOR('',#2874,1.);
#2874 = DIRECTION('',(0.,0.,1.));
#2875 = ORIENTED_EDGE('',*,*,#2425,.T.);
#2876 = ORIENTED_EDGE('',*,*,#2836,.F.);
#2877 = ORIENTED_EDGE('',*,*,#2096,.F.);
#2878 = PLANE('',#2879);
#2879 = AXIS2_PLACEMENT_3D('',#2880,#2881,#2882);
#2880 = CARTESIAN_POINT('',(1.27,-6.096,0.));
#2881 = DIRECTION('',(-1.,0.,0.));
#2882 = DIRECTION('',(0.,1.,0.));
#2883 = ADVANCED_FACE('',(#2884),#2895,.F.);
#2884 = FACE_BOUND('',#2885,.F.);
#2885 = EDGE_LOOP('',(#2886,#2887,#2888,#2894));
#2886 = ORIENTED_EDGE('',*,*,#2855,.T.);
#2887 = ORIENTED_EDGE('',*,*,#2361,.T.);
#2888 = ORIENTED_EDGE('',*,*,#2889,.F.);
#2889 = EDGE_CURVE('',#2033,#2362,#2890,.T.);
#2890 = LINE('',#2891,#2892);
#2891 = CARTESIAN_POINT('',(-1.27,-6.604,0.));
#2892 = VECTOR('',#2893,1.);
#2893 = DIRECTION('',(0.,0.,1.));
#2894 = ORIENTED_EDGE('',*,*,#2032,.F.);
#2895 = PLANE('',#2896);
#2896 = AXIS2_PLACEMENT_3D('',#2897,#2898,#2899);
#2897 = CARTESIAN_POINT('',(-1.016,-6.35,0.));
#2898 = DIRECTION('',(0.707106781187,-0.707106781187,0.));
#2899 = DIRECTION('',(-0.707106781187,-0.707106781187,0.));
#2900 = ADVANCED_FACE('',(#2901),#2912,.F.);
#2901 = FACE_BOUND('',#2902,.F.);
#2902 = EDGE_LOOP('',(#2903,#2909,#2910,#2911));
#2903 = ORIENTED_EDGE('',*,*,#2904,.T.);
#2904 = EDGE_CURVE('',#2081,#2410,#2905,.T.);
#2905 = LINE('',#2906,#2907);
#2906 = CARTESIAN_POINT('',(1.016,-6.35,0.));
#2907 = VECTOR('',#2908,1.);
#2908 = DIRECTION('',(0.,0.,1.));
#2909 = ORIENTED_EDGE('',*,*,#2417,.T.);
#2910 = ORIENTED_EDGE('',*,*,#2870,.F.);
#2911 = ORIENTED_EDGE('',*,*,#2088,.F.);
#2912 = PLANE('',#2913);
#2913 = AXIS2_PLACEMENT_3D('',#2914,#2915,#2916);
#2914 = CARTESIAN_POINT('',(1.016,-6.35,0.));
#2915 = DIRECTION('',(-0.707106781187,0.707106781187,0.));
#2916 = DIRECTION('',(0.707106781187,0.707106781187,0.));
#2917 = ADVANCED_FACE('',(#2918),#2929,.F.);
#2918 = FACE_BOUND('',#2919,.F.);
#2919 = EDGE_LOOP('',(#2920,#2921,#2922,#2928));
#2920 = ORIENTED_EDGE('',*,*,#2889,.T.);
#2921 = ORIENTED_EDGE('',*,*,#2369,.T.);
#2922 = ORIENTED_EDGE('',*,*,#2923,.F.);
#2923 = EDGE_CURVE('',#2041,#2370,#2924,.T.);
#2924 = LINE('',#2925,#2926);
#2925 = CARTESIAN_POINT('',(-1.27,-8.636,0.));
#2926 = VECTOR('',#2927,1.);
#2927 = DIRECTION('',(0.,0.,1.));
#2928 = ORIENTED_EDGE('',*,*,#2040,.F.);
#2929 = PLANE('',#2930);
#2930 = AXIS2_PLACEMENT_3D('',#2931,#2932,#2933);
#2931 = CARTESIAN_POINT('',(-1.27,-6.604,0.));
#2932 = DIRECTION('',(1.,0.,0.));
#2933 = DIRECTION('',(0.,-1.,0.));
#2934 = ADVANCED_FACE('',(#2935),#2946,.F.);
#2935 = FACE_BOUND('',#2936,.F.);
#2936 = EDGE_LOOP('',(#2937,#2943,#2944,#2945));
#2937 = ORIENTED_EDGE('',*,*,#2938,.T.);
#2938 = EDGE_CURVE('',#2073,#2402,#2939,.T.);
#2939 = LINE('',#2940,#2941);
#2940 = CARTESIAN_POINT('',(1.27,-6.604,0.));
#2941 = VECTOR('',#2942,1.);
#2942 = DIRECTION('',(0.,0.,1.));
#2943 = ORIENTED_EDGE('',*,*,#2409,.T.);
#2944 = ORIENTED_EDGE('',*,*,#2904,.F.);
#2945 = ORIENTED_EDGE('',*,*,#2080,.F.);
#2946 = PLANE('',#2947);
#2947 = AXIS2_PLACEMENT_3D('',#2948,#2949,#2950);
#2948 = CARTESIAN_POINT('',(1.27,-6.604,0.));
#2949 = DIRECTION('',(-0.707106781187,-0.707106781187,0.));
#2950 = DIRECTION('',(-0.707106781187,0.707106781187,0.));
#2951 = ADVANCED_FACE('',(#2952),#2963,.F.);
#2952 = FACE_BOUND('',#2953,.F.);
#2953 = EDGE_LOOP('',(#2954,#2955,#2956,#2962));
#2954 = ORIENTED_EDGE('',*,*,#2923,.T.);
#2955 = ORIENTED_EDGE('',*,*,#2377,.T.);
#2956 = ORIENTED_EDGE('',*,*,#2957,.F.);
#2957 = EDGE_CURVE('',#2049,#2378,#2958,.T.);
#2958 = LINE('',#2959,#2960);
#2959 = CARTESIAN_POINT('',(-1.016,-8.89,0.));
#2960 = VECTOR('',#2961,1.);
#2961 = DIRECTION('',(0.,0.,1.));
#2962 = ORIENTED_EDGE('',*,*,#2048,.F.);
#2963 = PLANE('',#2964);
#2964 = AXIS2_PLACEMENT_3D('',#2965,#2966,#2967);
#2965 = CARTESIAN_POINT('',(-1.27,-8.636,0.));
#2966 = DIRECTION('',(0.707106781187,0.707106781187,0.));
#2967 = DIRECTION('',(0.707106781187,-0.707106781187,0.));
#2968 = ADVANCED_FACE('',(#2969),#2980,.F.);
#2969 = FACE_BOUND('',#2970,.F.);
#2970 = EDGE_LOOP('',(#2971,#2977,#2978,#2979));
#2971 = ORIENTED_EDGE('',*,*,#2972,.T.);
#2972 = EDGE_CURVE('',#2065,#2394,#2973,.T.);
#2973 = LINE('',#2974,#2975);
#2974 = CARTESIAN_POINT('',(1.27,-8.636,0.));
#2975 = VECTOR('',#2976,1.);
#2976 = DIRECTION('',(0.,0.,1.));
#2977 = ORIENTED_EDGE('',*,*,#2401,.T.);
#2978 = ORIENTED_EDGE('',*,*,#2938,.F.);
#2979 = ORIENTED_EDGE('',*,*,#2072,.F.);
#2980 = PLANE('',#2981);
#2981 = AXIS2_PLACEMENT_3D('',#2982,#2983,#2984);
#2982 = CARTESIAN_POINT('',(1.27,-8.636,0.));
#2983 = DIRECTION('',(-1.,0.,0.));
#2984 = DIRECTION('',(0.,1.,0.));
#2985 = ADVANCED_FACE('',(#2986),#2997,.F.);
#2986 = FACE_BOUND('',#2987,.F.);
#2987 = EDGE_LOOP('',(#2988,#2989,#2990,#2996));
#2988 = ORIENTED_EDGE('',*,*,#2957,.T.);
#2989 = ORIENTED_EDGE('',*,*,#2385,.T.);
#2990 = ORIENTED_EDGE('',*,*,#2991,.F.);
#2991 = EDGE_CURVE('',#2057,#2386,#2992,.T.);
#2992 = LINE('',#2993,#2994);
#2993 = CARTESIAN_POINT('',(1.016,-8.89,0.));
#2994 = VECTOR('',#2995,1.);
#2995 = DIRECTION('',(0.,0.,1.));
#2996 = ORIENTED_EDGE('',*,*,#2056,.F.);
#2997 = PLANE('',#2998);
#2998 = AXIS2_PLACEMENT_3D('',#2999,#3000,#3001);
#2999 = CARTESIAN_POINT('',(-1.016,-8.89,0.));
#3000 = DIRECTION('',(0.,1.,0.));
#3001 = DIRECTION('',(1.,0.,0.));
#3002 = ADVANCED_FACE('',(#3003),#3009,.F.);
#3003 = FACE_BOUND('',#3004,.F.);
#3004 = EDGE_LOOP('',(#3005,#3006,#3007,#3008));
#3005 = ORIENTED_EDGE('',*,*,#2991,.T.);
#3006 = ORIENTED_EDGE('',*,*,#2393,.T.);
#3007 = ORIENTED_EDGE('',*,*,#2972,.F.);
#3008 = ORIENTED_EDGE('',*,*,#2064,.F.);
#3009 = PLANE('',#3010);
#3010 = AXIS2_PLACEMENT_3D('',#3011,#3012,#3013);
#3011 = CARTESIAN_POINT('',(1.016,-8.89,0.));
#3012 = DIRECTION('',(-0.707106781187,0.707106781187,0.));
#3013 = DIRECTION('',(0.707106781187,0.707106781187,0.));
#3014 = ADVANCED_FACE('',(#3015),#3040,.T.);
#3015 = FACE_BOUND('',#3016,.T.);
#3016 = EDGE_LOOP('',(#3017,#3025,#3033,#3039));
#3017 = ORIENTED_EDGE('',*,*,#3018,.F.);
#3018 = EDGE_CURVE('',#3019,#2162,#3021,.T.);
#3019 = VERTEX_POINT('',#3020);
#3020 = CARTESIAN_POINT('',(0.32,-4.76,-2.84));
#3021 = LINE('',#3022,#3023);
#3022 = CARTESIAN_POINT('',(0.32,-4.76,-3.));
#3023 = VECTOR('',#3024,1.);
#3024 = DIRECTION('',(0.,0.,1.));
#3025 = ORIENTED_EDGE('',*,*,#3026,.F.);
#3026 = EDGE_CURVE('',#3027,#3019,#3029,.T.);
#3027 = VERTEX_POINT('',#3028);
#3028 = CARTESIAN_POINT('',(-0.32,-4.76,-2.84));
#3029 = LINE('',#3030,#3031);
#3030 = CARTESIAN_POINT('',(-0.32,-4.76,-2.84));
#3031 = VECTOR('',#3032,1.);
#3032 = DIRECTION('',(1.,0.,0.));
#3033 = ORIENTED_EDGE('',*,*,#3034,.T.);
#3034 = EDGE_CURVE('',#3027,#2164,#3035,.T.);
#3035 = LINE('',#3036,#3037);
#3036 = CARTESIAN_POINT('',(-0.32,-4.76,-3.));
#3037 = VECTOR('',#3038,1.);
#3038 = DIRECTION('',(0.,0.,1.));
#3039 = ORIENTED_EDGE('',*,*,#2161,.F.);
#3040 = PLANE('',#3041);
#3041 = AXIS2_PLACEMENT_3D('',#3042,#3043,#3044);
#3042 = CARTESIAN_POINT('',(-0.32,-4.76,-3.));
#3043 = DIRECTION('',(0.,1.,0.));
#3044 = DIRECTION('',(0.,-0.,1.));
#3045 = ADVANCED_FACE('',(#3046),#3064,.F.);
#3046 = FACE_BOUND('',#3047,.F.);
#3047 = EDGE_LOOP('',(#3048,#3056,#3062,#3063));
#3048 = ORIENTED_EDGE('',*,*,#3049,.F.);
#3049 = EDGE_CURVE('',#3050,#2180,#3052,.T.);
#3050 = VERTEX_POINT('',#3051);
#3051 = CARTESIAN_POINT('',(-0.32,-5.4,-2.84));
#3052 = LINE('',#3053,#3054);
#3053 = CARTESIAN_POINT('',(-0.32,-5.4,-3.));
#3054 = VECTOR('',#3055,1.);
#3055 = DIRECTION('',(0.,0.,1.));
#3056 = ORIENTED_EDGE('',*,*,#3057,.T.);
#3057 = EDGE_CURVE('',#3050,#3027,#3058,.T.);
#3058 = LINE('',#3059,#3060);
#3059 = CARTESIAN_POINT('',(-0.32,-5.4,-2.84));
#3060 = VECTOR('',#3061,1.);
#3061 = DIRECTION('',(0.,1.,0.));
#3062 = ORIENTED_EDGE('',*,*,#3034,.T.);
#3063 = ORIENTED_EDGE('',*,*,#2187,.F.);
#3064 = PLANE('',#3065);
#3065 = AXIS2_PLACEMENT_3D('',#3066,#3067,#3068);
#3066 = CARTESIAN_POINT('',(-0.32,-5.4,-3.));
#3067 = DIRECTION('',(1.,0.,0.));
#3068 = DIRECTION('',(0.,0.,1.));
#3069 = ADVANCED_FACE('',(#3070),#3088,.F.);
#3070 = FACE_BOUND('',#3071,.F.);
#3071 = EDGE_LOOP('',(#3072,#3080,#3086,#3087));
#3072 = ORIENTED_EDGE('',*,*,#3073,.F.);
#3073 = EDGE_CURVE('',#3074,#2172,#3076,.T.);
#3074 = VERTEX_POINT('',#3075);
#3075 = CARTESIAN_POINT('',(0.32,-5.4,-2.84));
#3076 = LINE('',#3077,#3078);
#3077 = CARTESIAN_POINT('',(0.32,-5.4,-3.));
#3078 = VECTOR('',#3079,1.);
#3079 = DIRECTION('',(0.,0.,1.));
#3080 = ORIENTED_EDGE('',*,*,#3081,.F.);
#3081 = EDGE_CURVE('',#3050,#3074,#3082,.T.);
#3082 = LINE('',#3083,#3084);
#3083 = CARTESIAN_POINT('',(-0.32,-5.4,-2.84));
#3084 = VECTOR('',#3085,1.);
#3085 = DIRECTION('',(1.,0.,0.));
#3086 = ORIENTED_EDGE('',*,*,#3049,.T.);
#3087 = ORIENTED_EDGE('',*,*,#2179,.F.);
#3088 = PLANE('',#3089);
#3089 = AXIS2_PLACEMENT_3D('',#3090,#3091,#3092);
#3090 = CARTESIAN_POINT('',(-0.32,-5.4,-3.));
#3091 = DIRECTION('',(0.,1.,0.));
#3092 = DIRECTION('',(0.,-0.,1.));
#3093 = ADVANCED_FACE('',(#3094),#3105,.T.);
#3094 = FACE_BOUND('',#3095,.T.);
#3095 = EDGE_LOOP('',(#3096,#3097,#3103,#3104));
#3096 = ORIENTED_EDGE('',*,*,#3073,.F.);
#3097 = ORIENTED_EDGE('',*,*,#3098,.T.);
#3098 = EDGE_CURVE('',#3074,#3019,#3099,.T.);
#3099 = LINE('',#3100,#3101);
#3100 = CARTESIAN_POINT('',(0.32,-5.4,-2.84));
#3101 = VECTOR('',#3102,1.);
#3102 = DIRECTION('',(0.,1.,0.));
#3103 = ORIENTED_EDGE('',*,*,#3018,.T.);
#3104 = ORIENTED_EDGE('',*,*,#2171,.F.);
#3105 = PLANE('',#3106);
#3106 = AXIS2_PLACEMENT_3D('',#3107,#3108,#3109);
#3107 = CARTESIAN_POINT('',(0.32,-5.4,-3.));
#3108 = DIRECTION('',(1.,0.,0.));
#3109 = DIRECTION('',(0.,0.,1.));
#3110 = ADVANCED_FACE('',(#3111),#3136,.T.);
#3111 = FACE_BOUND('',#3112,.T.);
#3112 = EDGE_LOOP('',(#3113,#3121,#3129,#3135));
#3113 = ORIENTED_EDGE('',*,*,#3114,.F.);
#3114 = EDGE_CURVE('',#3115,#2196,#3117,.T.);
#3115 = VERTEX_POINT('',#3116);
#3116 = CARTESIAN_POINT('',(0.32,-7.94,-2.84));
#3117 = LINE('',#3118,#3119);
#3118 = CARTESIAN_POINT('',(0.32,-7.94,-3.));
#3119 = VECTOR('',#3120,1.);
#3120 = DIRECTION('',(0.,0.,1.));
#3121 = ORIENTED_EDGE('',*,*,#3122,.T.);
#3122 = EDGE_CURVE('',#3115,#3123,#3125,.T.);
#3123 = VERTEX_POINT('',#3124);
#3124 = CARTESIAN_POINT('',(0.32,-7.3,-2.84));
#3125 = LINE('',#3126,#3127);
#3126 = CARTESIAN_POINT('',(0.32,-7.94,-2.84));
#3127 = VECTOR('',#3128,1.);
#3128 = DIRECTION('',(0.,1.,0.));
#3129 = ORIENTED_EDGE('',*,*,#3130,.T.);
#3130 = EDGE_CURVE('',#3123,#2198,#3131,.T.);
#3131 = LINE('',#3132,#3133);
#3132 = CARTESIAN_POINT('',(0.32,-7.3,-3.));
#3133 = VECTOR('',#3134,1.);
#3134 = DIRECTION('',(0.,0.,1.));
#3135 = ORIENTED_EDGE('',*,*,#2195,.F.);
#3136 = PLANE('',#3137);
#3137 = AXIS2_PLACEMENT_3D('',#3138,#3139,#3140);
#3138 = CARTESIAN_POINT('',(0.32,-7.94,-3.));
#3139 = DIRECTION('',(1.,0.,0.));
#3140 = DIRECTION('',(0.,0.,1.));
#3141 = ADVANCED_FACE('',(#3142),#3160,.T.);
#3142 = FACE_BOUND('',#3143,.T.);
#3143 = EDGE_LOOP('',(#3144,#3145,#3153,#3159));
#3144 = ORIENTED_EDGE('',*,*,#3130,.F.);
#3145 = ORIENTED_EDGE('',*,*,#3146,.F.);
#3146 = EDGE_CURVE('',#3147,#3123,#3149,.T.);
#3147 = VERTEX_POINT('',#3148);
#3148 = CARTESIAN_POINT('',(-0.32,-7.3,-2.84));
#3149 = LINE('',#3150,#3151);
#3150 = CARTESIAN_POINT('',(-0.32,-7.3,-2.84));
#3151 = VECTOR('',#3152,1.);
#3152 = DIRECTION('',(1.,0.,0.));
#3153 = ORIENTED_EDGE('',*,*,#3154,.T.);
#3154 = EDGE_CURVE('',#3147,#2214,#3155,.T.);
#3155 = LINE('',#3156,#3157);
#3156 = CARTESIAN_POINT('',(-0.32,-7.3,-3.));
#3157 = VECTOR('',#3158,1.);
#3158 = DIRECTION('',(0.,0.,1.));
#3159 = ORIENTED_EDGE('',*,*,#2221,.F.);
#3160 = PLANE('',#3161);
#3161 = AXIS2_PLACEMENT_3D('',#3162,#3163,#3164);
#3162 = CARTESIAN_POINT('',(-0.32,-7.3,-3.));
#3163 = DIRECTION('',(0.,1.,0.));
#3164 = DIRECTION('',(0.,-0.,1.));
#3165 = ADVANCED_FACE('',(#3166),#3184,.F.);
#3166 = FACE_BOUND('',#3167,.F.);
#3167 = EDGE_LOOP('',(#3168,#3176,#3182,#3183));
#3168 = ORIENTED_EDGE('',*,*,#3169,.F.);
#3169 = EDGE_CURVE('',#3170,#2206,#3172,.T.);
#3170 = VERTEX_POINT('',#3171);
#3171 = CARTESIAN_POINT('',(-0.32,-7.94,-2.84));
#3172 = LINE('',#3173,#3174);
#3173 = CARTESIAN_POINT('',(-0.32,-7.94,-3.));
#3174 = VECTOR('',#3175,1.);
#3175 = DIRECTION('',(0.,0.,1.));
#3176 = ORIENTED_EDGE('',*,*,#3177,.T.);
#3177 = EDGE_CURVE('',#3170,#3147,#3178,.T.);
#3178 = LINE('',#3179,#3180);
#3179 = CARTESIAN_POINT('',(-0.32,-7.94,-2.84));
#3180 = VECTOR('',#3181,1.);
#3181 = DIRECTION('',(0.,1.,0.));
#3182 = ORIENTED_EDGE('',*,*,#3154,.T.);
#3183 = ORIENTED_EDGE('',*,*,#2213,.F.);
#3184 = PLANE('',#3185);
#3185 = AXIS2_PLACEMENT_3D('',#3186,#3187,#3188);
#3186 = CARTESIAN_POINT('',(-0.32,-7.94,-3.));
#3187 = DIRECTION('',(1.,0.,0.));
#3188 = DIRECTION('',(0.,0.,1.));
#3189 = ADVANCED_FACE('',(#3190),#3201,.F.);
#3190 = FACE_BOUND('',#3191,.F.);
#3191 = EDGE_LOOP('',(#3192,#3193,#3199,#3200));
#3192 = ORIENTED_EDGE('',*,*,#3114,.F.);
#3193 = ORIENTED_EDGE('',*,*,#3194,.F.);
#3194 = EDGE_CURVE('',#3170,#3115,#3195,.T.);
#3195 = LINE('',#3196,#3197);
#3196 = CARTESIAN_POINT('',(-0.32,-7.94,-2.84));
#3197 = VECTOR('',#3198,1.);
#3198 = DIRECTION('',(1.,0.,0.));
#3199 = ORIENTED_EDGE('',*,*,#3169,.T.);
#3200 = ORIENTED_EDGE('',*,*,#2205,.F.);
#3201 = PLANE('',#3202);
#3202 = AXIS2_PLACEMENT_3D('',#3203,#3204,#3205);
#3203 = CARTESIAN_POINT('',(-0.32,-7.94,-3.));
#3204 = DIRECTION('',(0.,1.,0.));
#3205 = DIRECTION('',(0.,-0.,1.));
#3206 = ADVANCED_FACE('',(#3207),#3232,.T.);
#3207 = FACE_BOUND('',#3208,.T.);
#3208 = EDGE_LOOP('',(#3209,#3217,#3225,#3231));
#3209 = ORIENTED_EDGE('',*,*,#3210,.F.);
#3210 = EDGE_CURVE('',#3211,#2230,#3213,.T.);
#3211 = VERTEX_POINT('',#3212);
#3212 = CARTESIAN_POINT('',(0.32,-0.32,-2.84));
#3213 = LINE('',#3214,#3215);
#3214 = CARTESIAN_POINT('',(0.32,-0.32,-3.));
#3215 = VECTOR('',#3216,1.);
#3216 = DIRECTION('',(0.,0.,1.));
#3217 = ORIENTED_EDGE('',*,*,#3218,.T.);
#3218 = EDGE_CURVE('',#3211,#3219,#3221,.T.);
#3219 = VERTEX_POINT('',#3220);
#3220 = CARTESIAN_POINT('',(0.32,0.32,-2.84));
#3221 = LINE('',#3222,#3223);
#3222 = CARTESIAN_POINT('',(0.32,-0.32,-2.84));
#3223 = VECTOR('',#3224,1.);
#3224 = DIRECTION('',(0.,1.,0.));
#3225 = ORIENTED_EDGE('',*,*,#3226,.T.);
#3226 = EDGE_CURVE('',#3219,#2232,#3227,.T.);
#3227 = LINE('',#3228,#3229);
#3228 = CARTESIAN_POINT('',(0.32,0.32,-3.));
#3229 = VECTOR('',#3230,1.);
#3230 = DIRECTION('',(0.,0.,1.));
#3231 = ORIENTED_EDGE('',*,*,#2229,.F.);
#3232 = PLANE('',#3233);
#3233 = AXIS2_PLACEMENT_3D('',#3234,#3235,#3236);
#3234 = CARTESIAN_POINT('',(0.32,-0.32,-3.));
#3235 = DIRECTION('',(1.,0.,0.));
#3236 = DIRECTION('',(0.,0.,1.));
#3237 = ADVANCED_FACE('',(#3238),#3256,.T.);
#3238 = FACE_BOUND('',#3239,.T.);
#3239 = EDGE_LOOP('',(#3240,#3241,#3249,#3255));
#3240 = ORIENTED_EDGE('',*,*,#3226,.F.);
#3241 = ORIENTED_EDGE('',*,*,#3242,.F.);
#3242 = EDGE_CURVE('',#3243,#3219,#3245,.T.);
#3243 = VERTEX_POINT('',#3244);
#3244 = CARTESIAN_POINT('',(-0.32,0.32,-2.84));
#3245 = LINE('',#3246,#3247);
#3246 = CARTESIAN_POINT('',(-0.32,0.32,-2.84));
#3247 = VECTOR('',#3248,1.);
#3248 = DIRECTION('',(1.,0.,0.));
#3249 = ORIENTED_EDGE('',*,*,#3250,.T.);
#3250 = EDGE_CURVE('',#3243,#2248,#3251,.T.);
#3251 = LINE('',#3252,#3253);
#3252 = CARTESIAN_POINT('',(-0.32,0.32,-3.));
#3253 = VECTOR('',#3254,1.);
#3254 = DIRECTION('',(0.,0.,1.));
#3255 = ORIENTED_EDGE('',*,*,#2255,.F.);
#3256 = PLANE('',#3257);
#3257 = AXIS2_PLACEMENT_3D('',#3258,#3259,#3260);
#3258 = CARTESIAN_POINT('',(-0.32,0.32,-3.));
#3259 = DIRECTION('',(0.,1.,0.));
#3260 = DIRECTION('',(0.,-0.,1.));
#3261 = ADVANCED_FACE('',(#3262),#3280,.F.);
#3262 = FACE_BOUND('',#3263,.F.);
#3263 = EDGE_LOOP('',(#3264,#3272,#3278,#3279));
#3264 = ORIENTED_EDGE('',*,*,#3265,.F.);
#3265 = EDGE_CURVE('',#3266,#2240,#3268,.T.);
#3266 = VERTEX_POINT('',#3267);
#3267 = CARTESIAN_POINT('',(-0.32,-0.32,-2.84));
#3268 = LINE('',#3269,#3270);
#3269 = CARTESIAN_POINT('',(-0.32,-0.32,-3.));
#3270 = VECTOR('',#3271,1.);
#3271 = DIRECTION('',(0.,0.,1.));
#3272 = ORIENTED_EDGE('',*,*,#3273,.T.);
#3273 = EDGE_CURVE('',#3266,#3243,#3274,.T.);
#3274 = LINE('',#3275,#3276);
#3275 = CARTESIAN_POINT('',(-0.32,-0.32,-2.84));
#3276 = VECTOR('',#3277,1.);
#3277 = DIRECTION('',(0.,1.,0.));
#3278 = ORIENTED_EDGE('',*,*,#3250,.T.);
#3279 = ORIENTED_EDGE('',*,*,#2247,.F.);
#3280 = PLANE('',#3281);
#3281 = AXIS2_PLACEMENT_3D('',#3282,#3283,#3284);
#3282 = CARTESIAN_POINT('',(-0.32,-0.32,-3.));
#3283 = DIRECTION('',(1.,0.,0.));
#3284 = DIRECTION('',(0.,0.,1.));
#3285 = ADVANCED_FACE('',(#3286),#3297,.F.);
#3286 = FACE_BOUND('',#3287,.F.);
#3287 = EDGE_LOOP('',(#3288,#3289,#3295,#3296));
#3288 = ORIENTED_EDGE('',*,*,#3210,.F.);
#3289 = ORIENTED_EDGE('',*,*,#3290,.F.);
#3290 = EDGE_CURVE('',#3266,#3211,#3291,.T.);
#3291 = LINE('',#3292,#3293);
#3292 = CARTESIAN_POINT('',(-0.32,-0.32,-2.84));
#3293 = VECTOR('',#3294,1.);
#3294 = DIRECTION('',(1.,0.,0.));
#3295 = ORIENTED_EDGE('',*,*,#3265,.T.);
#3296 = ORIENTED_EDGE('',*,*,#2239,.F.);
#3297 = PLANE('',#3298);
#3298 = AXIS2_PLACEMENT_3D('',#3299,#3300,#3301);
#3299 = CARTESIAN_POINT('',(-0.32,-0.32,-3.));
#3300 = DIRECTION('',(0.,1.,0.));
#3301 = DIRECTION('',(0.,-0.,1.));
#3302 = ADVANCED_FACE('',(#3303),#3328,.T.);
#3303 = FACE_BOUND('',#3304,.T.);
#3304 = EDGE_LOOP('',(#3305,#3313,#3321,#3327));
#3305 = ORIENTED_EDGE('',*,*,#3306,.F.);
#3306 = EDGE_CURVE('',#3307,#2264,#3309,.T.);
#3307 = VERTEX_POINT('',#3308);
#3308 = CARTESIAN_POINT('',(0.32,-2.22,-2.84));
#3309 = LINE('',#3310,#3311);
#3310 = CARTESIAN_POINT('',(0.32,-2.22,-3.));
#3311 = VECTOR('',#3312,1.);
#3312 = DIRECTION('',(0.,0.,1.));
#3313 = ORIENTED_EDGE('',*,*,#3314,.F.);
#3314 = EDGE_CURVE('',#3315,#3307,#3317,.T.);
#3315 = VERTEX_POINT('',#3316);
#3316 = CARTESIAN_POINT('',(-0.32,-2.22,-2.84));
#3317 = LINE('',#3318,#3319);
#3318 = CARTESIAN_POINT('',(-0.32,-2.22,-2.84));
#3319 = VECTOR('',#3320,1.);
#3320 = DIRECTION('',(1.,0.,0.));
#3321 = ORIENTED_EDGE('',*,*,#3322,.T.);
#3322 = EDGE_CURVE('',#3315,#2266,#3323,.T.);
#3323 = LINE('',#3324,#3325);
#3324 = CARTESIAN_POINT('',(-0.32,-2.22,-3.));
#3325 = VECTOR('',#3326,1.);
#3326 = DIRECTION('',(0.,0.,1.));
#3327 = ORIENTED_EDGE('',*,*,#2263,.F.);
#3328 = PLANE('',#3329);
#3329 = AXIS2_PLACEMENT_3D('',#3330,#3331,#3332);
#3330 = CARTESIAN_POINT('',(-0.32,-2.22,-3.));
#3331 = DIRECTION('',(0.,1.,0.));
#3332 = DIRECTION('',(0.,-0.,1.));
#3333 = ADVANCED_FACE('',(#3334),#3352,.F.);
#3334 = FACE_BOUND('',#3335,.F.);
#3335 = EDGE_LOOP('',(#3336,#3344,#3350,#3351));
#3336 = ORIENTED_EDGE('',*,*,#3337,.F.);
#3337 = EDGE_CURVE('',#3338,#2282,#3340,.T.);
#3338 = VERTEX_POINT('',#3339);
#3339 = CARTESIAN_POINT('',(-0.32,-2.86,-2.84));
#3340 = LINE('',#3341,#3342);
#3341 = CARTESIAN_POINT('',(-0.32,-2.86,-3.));
#3342 = VECTOR('',#3343,1.);
#3343 = DIRECTION('',(0.,0.,1.));
#3344 = ORIENTED_EDGE('',*,*,#3345,.T.);
#3345 = EDGE_CURVE('',#3338,#3315,#3346,.T.);
#3346 = LINE('',#3347,#3348);
#3347 = CARTESIAN_POINT('',(-0.32,-2.86,-2.84));
#3348 = VECTOR('',#3349,1.);
#3349 = DIRECTION('',(0.,1.,0.));
#3350 = ORIENTED_EDGE('',*,*,#3322,.T.);
#3351 = ORIENTED_EDGE('',*,*,#2289,.F.);
#3352 = PLANE('',#3353);
#3353 = AXIS2_PLACEMENT_3D('',#3354,#3355,#3356);
#3354 = CARTESIAN_POINT('',(-0.32,-2.86,-3.));
#3355 = DIRECTION('',(1.,0.,0.));
#3356 = DIRECTION('',(0.,0.,1.));
#3357 = ADVANCED_FACE('',(#3358),#3376,.F.);
#3358 = FACE_BOUND('',#3359,.F.);
#3359 = EDGE_LOOP('',(#3360,#3368,#3374,#3375));
#3360 = ORIENTED_EDGE('',*,*,#3361,.F.);
#3361 = EDGE_CURVE('',#3362,#2274,#3364,.T.);
#3362 = VERTEX_POINT('',#3363);
#3363 = CARTESIAN_POINT('',(0.32,-2.86,-2.84));
#3364 = LINE('',#3365,#3366);
#3365 = CARTESIAN_POINT('',(0.32,-2.86,-3.));
#3366 = VECTOR('',#3367,1.);
#3367 = DIRECTION('',(0.,0.,1.));
#3368 = ORIENTED_EDGE('',*,*,#3369,.F.);
#3369 = EDGE_CURVE('',#3338,#3362,#3370,.T.);
#3370 = LINE('',#3371,#3372);
#3371 = CARTESIAN_POINT('',(-0.32,-2.86,-2.84));
#3372 = VECTOR('',#3373,1.);
#3373 = DIRECTION('',(1.,0.,0.));
#3374 = ORIENTED_EDGE('',*,*,#3337,.T.);
#3375 = ORIENTED_EDGE('',*,*,#2281,.F.);
#3376 = PLANE('',#3377);
#3377 = AXIS2_PLACEMENT_3D('',#3378,#3379,#3380);
#3378 = CARTESIAN_POINT('',(-0.32,-2.86,-3.));
#3379 = DIRECTION('',(0.,1.,0.));
#3380 = DIRECTION('',(0.,-0.,1.));
#3381 = ADVANCED_FACE('',(#3382),#3393,.T.);
#3382 = FACE_BOUND('',#3383,.T.);
#3383 = EDGE_LOOP('',(#3384,#3385,#3391,#3392));
#3384 = ORIENTED_EDGE('',*,*,#3361,.F.);
#3385 = ORIENTED_EDGE('',*,*,#3386,.T.);
#3386 = EDGE_CURVE('',#3362,#3307,#3387,.T.);
#3387 = LINE('',#3388,#3389);
#3388 = CARTESIAN_POINT('',(0.32,-2.86,-2.84));
#3389 = VECTOR('',#3390,1.);
#3390 = DIRECTION('',(0.,1.,0.));
#3391 = ORIENTED_EDGE('',*,*,#3306,.T.);
#3392 = ORIENTED_EDGE('',*,*,#2273,.F.);
#3393 = PLANE('',#3394);
#3394 = AXIS2_PLACEMENT_3D('',#3395,#3396,#3397);
#3395 = CARTESIAN_POINT('',(0.32,-2.86,-3.));
#3396 = DIRECTION('',(1.,0.,0.));
#3397 = DIRECTION('',(0.,0.,1.));
#3398 = ADVANCED_FACE('',(#3399),#3424,.T.);
#3399 = FACE_BOUND('',#3400,.T.);
#3400 = EDGE_LOOP('',(#3401,#3409,#3410,#3418));
#3401 = ORIENTED_EDGE('',*,*,#3402,.F.);
#3402 = EDGE_CURVE('',#2491,#3403,#3405,.T.);
#3403 = VERTEX_POINT('',#3404);
#3404 = CARTESIAN_POINT('',(0.32,-4.76,8.38));
#3405 = LINE('',#3406,#3407);
#3406 = CARTESIAN_POINT('',(0.32,-4.76,-3.));
#3407 = VECTOR('',#3408,1.);
#3408 = DIRECTION('',(0.,0.,1.));
#3409 = ORIENTED_EDGE('',*,*,#2490,.T.);
#3410 = ORIENTED_EDGE('',*,*,#3411,.T.);
#3411 = EDGE_CURVE('',#2493,#3412,#3414,.T.);
#3412 = VERTEX_POINT('',#3413);
#3413 = CARTESIAN_POINT('',(-0.32,-4.76,8.38));
#3414 = LINE('',#3415,#3416);
#3415 = CARTESIAN_POINT('',(-0.32,-4.76,-3.));
#3416 = VECTOR('',#3417,1.);
#3417 = DIRECTION('',(0.,0.,1.));
#3418 = ORIENTED_EDGE('',*,*,#3419,.T.);
#3419 = EDGE_CURVE('',#3412,#3403,#3420,.T.);
#3420 = LINE('',#3421,#3422);
#3421 = CARTESIAN_POINT('',(-0.32,-4.76,8.38));
#3422 = VECTOR('',#3423,1.);
#3423 = DIRECTION('',(1.,0.,0.));
#3424 = PLANE('',#3425);
#3425 = AXIS2_PLACEMENT_3D('',#3426,#3427,#3428);
#3426 = CARTESIAN_POINT('',(-0.32,-4.76,-3.));
#3427 = DIRECTION('',(0.,1.,0.));
#3428 = DIRECTION('',(0.,-0.,1.));
#3429 = ADVANCED_FACE('',(#3430),#3448,.F.);
#3430 = FACE_BOUND('',#3431,.F.);
#3431 = EDGE_LOOP('',(#3432,#3440,#3441,#3442));
#3432 = ORIENTED_EDGE('',*,*,#3433,.F.);
#3433 = EDGE_CURVE('',#2509,#3434,#3436,.T.);
#3434 = VERTEX_POINT('',#3435);
#3435 = CARTESIAN_POINT('',(-0.32,-5.4,8.38));
#3436 = LINE('',#3437,#3438);
#3437 = CARTESIAN_POINT('',(-0.32,-5.4,-3.));
#3438 = VECTOR('',#3439,1.);
#3439 = DIRECTION('',(0.,0.,1.));
#3440 = ORIENTED_EDGE('',*,*,#2516,.T.);
#3441 = ORIENTED_EDGE('',*,*,#3411,.T.);
#3442 = ORIENTED_EDGE('',*,*,#3443,.F.);
#3443 = EDGE_CURVE('',#3434,#3412,#3444,.T.);
#3444 = LINE('',#3445,#3446);
#3445 = CARTESIAN_POINT('',(-0.32,-5.4,8.38));
#3446 = VECTOR('',#3447,1.);
#3447 = DIRECTION('',(0.,1.,0.));
#3448 = PLANE('',#3449);
#3449 = AXIS2_PLACEMENT_3D('',#3450,#3451,#3452);
#3450 = CARTESIAN_POINT('',(-0.32,-5.4,-3.));
#3451 = DIRECTION('',(1.,0.,0.));
#3452 = DIRECTION('',(0.,0.,1.));
#3453 = ADVANCED_FACE('',(#3454),#3472,.F.);
#3454 = FACE_BOUND('',#3455,.F.);
#3455 = EDGE_LOOP('',(#3456,#3464,#3465,#3466));
#3456 = ORIENTED_EDGE('',*,*,#3457,.F.);
#3457 = EDGE_CURVE('',#2501,#3458,#3460,.T.);
#3458 = VERTEX_POINT('',#3459);
#3459 = CARTESIAN_POINT('',(0.32,-5.4,8.38));
#3460 = LINE('',#3461,#3462);
#3461 = CARTESIAN_POINT('',(0.32,-5.4,-3.));
#3462 = VECTOR('',#3463,1.);
#3463 = DIRECTION('',(0.,0.,1.));
#3464 = ORIENTED_EDGE('',*,*,#2508,.T.);
#3465 = ORIENTED_EDGE('',*,*,#3433,.T.);
#3466 = ORIENTED_EDGE('',*,*,#3467,.T.);
#3467 = EDGE_CURVE('',#3434,#3458,#3468,.T.);
#3468 = LINE('',#3469,#3470);
#3469 = CARTESIAN_POINT('',(-0.32,-5.4,8.38));
#3470 = VECTOR('',#3471,1.);
#3471 = DIRECTION('',(1.,0.,0.));
#3472 = PLANE('',#3473);
#3473 = AXIS2_PLACEMENT_3D('',#3474,#3475,#3476);
#3474 = CARTESIAN_POINT('',(-0.32,-5.4,-3.));
#3475 = DIRECTION('',(0.,1.,0.));
#3476 = DIRECTION('',(0.,-0.,1.));
#3477 = ADVANCED_FACE('',(#3478),#3489,.T.);
#3478 = FACE_BOUND('',#3479,.T.);
#3479 = EDGE_LOOP('',(#3480,#3481,#3482,#3483));
#3480 = ORIENTED_EDGE('',*,*,#3457,.F.);
#3481 = ORIENTED_EDGE('',*,*,#2500,.T.);
#3482 = ORIENTED_EDGE('',*,*,#3402,.T.);
#3483 = ORIENTED_EDGE('',*,*,#3484,.F.);
#3484 = EDGE_CURVE('',#3458,#3403,#3485,.T.);
#3485 = LINE('',#3486,#3487);
#3486 = CARTESIAN_POINT('',(0.32,-5.4,8.38));
#3487 = VECTOR('',#3488,1.);
#3488 = DIRECTION('',(0.,1.,0.));
#3489 = PLANE('',#3490);
#3490 = AXIS2_PLACEMENT_3D('',#3491,#3492,#3493);
#3491 = CARTESIAN_POINT('',(0.32,-5.4,-3.));
#3492 = DIRECTION('',(1.,0.,0.));
#3493 = DIRECTION('',(0.,0.,1.));
#3494 = ADVANCED_FACE('',(#3495),#3520,.T.);
#3495 = FACE_BOUND('',#3496,.T.);
#3496 = EDGE_LOOP('',(#3497,#3505,#3506,#3514));
#3497 = ORIENTED_EDGE('',*,*,#3498,.F.);
#3498 = EDGE_CURVE('',#2525,#3499,#3501,.T.);
#3499 = VERTEX_POINT('',#3500);
#3500 = CARTESIAN_POINT('',(0.32,-7.94,8.38));
#3501 = LINE('',#3502,#3503);
#3502 = CARTESIAN_POINT('',(0.32,-7.94,-3.));
#3503 = VECTOR('',#3504,1.);
#3504 = DIRECTION('',(0.,0.,1.));
#3505 = ORIENTED_EDGE('',*,*,#2524,.T.);
#3506 = ORIENTED_EDGE('',*,*,#3507,.T.);
#3507 = EDGE_CURVE('',#2527,#3508,#3510,.T.);
#3508 = VERTEX_POINT('',#3509);
#3509 = CARTESIAN_POINT('',(0.32,-7.3,8.38));
#3510 = LINE('',#3511,#3512);
#3511 = CARTESIAN_POINT('',(0.32,-7.3,-3.));
#3512 = VECTOR('',#3513,1.);
#3513 = DIRECTION('',(0.,0.,1.));
#3514 = ORIENTED_EDGE('',*,*,#3515,.F.);
#3515 = EDGE_CURVE('',#3499,#3508,#3516,.T.);
#3516 = LINE('',#3517,#3518);
#3517 = CARTESIAN_POINT('',(0.32,-7.94,8.38));
#3518 = VECTOR('',#3519,1.);
#3519 = DIRECTION('',(0.,1.,0.));
#3520 = PLANE('',#3521);
#3521 = AXIS2_PLACEMENT_3D('',#3522,#3523,#3524);
#3522 = CARTESIAN_POINT('',(0.32,-7.94,-3.));
#3523 = DIRECTION('',(1.,0.,0.));
#3524 = DIRECTION('',(0.,0.,1.));
#3525 = ADVANCED_FACE('',(#3526),#3544,.T.);
#3526 = FACE_BOUND('',#3527,.T.);
#3527 = EDGE_LOOP('',(#3528,#3529,#3530,#3538));
#3528 = ORIENTED_EDGE('',*,*,#3507,.F.);
#3529 = ORIENTED_EDGE('',*,*,#2550,.T.);
#3530 = ORIENTED_EDGE('',*,*,#3531,.T.);
#3531 = EDGE_CURVE('',#2543,#3532,#3534,.T.);
#3532 = VERTEX_POINT('',#3533);
#3533 = CARTESIAN_POINT('',(-0.32,-7.3,8.38));
#3534 = LINE('',#3535,#3536);
#3535 = CARTESIAN_POINT('',(-0.32,-7.3,-3.));
#3536 = VECTOR('',#3537,1.);
#3537 = DIRECTION('',(0.,0.,1.));
#3538 = ORIENTED_EDGE('',*,*,#3539,.T.);
#3539 = EDGE_CURVE('',#3532,#3508,#3540,.T.);
#3540 = LINE('',#3541,#3542);
#3541 = CARTESIAN_POINT('',(-0.32,-7.3,8.38));
#3542 = VECTOR('',#3543,1.);
#3543 = DIRECTION('',(1.,0.,0.));
#3544 = PLANE('',#3545);
#3545 = AXIS2_PLACEMENT_3D('',#3546,#3547,#3548);
#3546 = CARTESIAN_POINT('',(-0.32,-7.3,-3.));
#3547 = DIRECTION('',(0.,1.,0.));
#3548 = DIRECTION('',(0.,-0.,1.));
#3549 = ADVANCED_FACE('',(#3550),#3568,.F.);
#3550 = FACE_BOUND('',#3551,.F.);
#3551 = EDGE_LOOP('',(#3552,#3560,#3561,#3562));
#3552 = ORIENTED_EDGE('',*,*,#3553,.F.);
#3553 = EDGE_CURVE('',#2535,#3554,#3556,.T.);
#3554 = VERTEX_POINT('',#3555);
#3555 = CARTESIAN_POINT('',(-0.32,-7.94,8.38));
#3556 = LINE('',#3557,#3558);
#3557 = CARTESIAN_POINT('',(-0.32,-7.94,-3.));
#3558 = VECTOR('',#3559,1.);
#3559 = DIRECTION('',(0.,0.,1.));
#3560 = ORIENTED_EDGE('',*,*,#2542,.T.);
#3561 = ORIENTED_EDGE('',*,*,#3531,.T.);
#3562 = ORIENTED_EDGE('',*,*,#3563,.F.);
#3563 = EDGE_CURVE('',#3554,#3532,#3564,.T.);
#3564 = LINE('',#3565,#3566);
#3565 = CARTESIAN_POINT('',(-0.32,-7.94,8.38));
#3566 = VECTOR('',#3567,1.);
#3567 = DIRECTION('',(0.,1.,0.));
#3568 = PLANE('',#3569);
#3569 = AXIS2_PLACEMENT_3D('',#3570,#3571,#3572);
#3570 = CARTESIAN_POINT('',(-0.32,-7.94,-3.));
#3571 = DIRECTION('',(1.,0.,0.));
#3572 = DIRECTION('',(0.,0.,1.));
#3573 = ADVANCED_FACE('',(#3574),#3585,.F.);
#3574 = FACE_BOUND('',#3575,.F.);
#3575 = EDGE_LOOP('',(#3576,#3577,#3578,#3579));
#3576 = ORIENTED_EDGE('',*,*,#3498,.F.);
#3577 = ORIENTED_EDGE('',*,*,#2534,.T.);
#3578 = ORIENTED_EDGE('',*,*,#3553,.T.);
#3579 = ORIENTED_EDGE('',*,*,#3580,.T.);
#3580 = EDGE_CURVE('',#3554,#3499,#3581,.T.);
#3581 = LINE('',#3582,#3583);
#3582 = CARTESIAN_POINT('',(-0.32,-7.94,8.38));
#3583 = VECTOR('',#3584,1.);
#3584 = DIRECTION('',(1.,0.,0.));
#3585 = PLANE('',#3586);
#3586 = AXIS2_PLACEMENT_3D('',#3587,#3588,#3589);
#3587 = CARTESIAN_POINT('',(-0.32,-7.94,-3.));
#3588 = DIRECTION('',(0.,1.,0.));
#3589 = DIRECTION('',(0.,-0.,1.));
#3590 = ADVANCED_FACE('',(#3591),#3616,.T.);
#3591 = FACE_BOUND('',#3592,.T.);
#3592 = EDGE_LOOP('',(#3593,#3601,#3602,#3610));
#3593 = ORIENTED_EDGE('',*,*,#3594,.F.);
#3594 = EDGE_CURVE('',#2559,#3595,#3597,.T.);
#3595 = VERTEX_POINT('',#3596);
#3596 = CARTESIAN_POINT('',(0.32,-0.32,8.38));
#3597 = LINE('',#3598,#3599);
#3598 = CARTESIAN_POINT('',(0.32,-0.32,-3.));
#3599 = VECTOR('',#3600,1.);
#3600 = DIRECTION('',(0.,0.,1.));
#3601 = ORIENTED_EDGE('',*,*,#2558,.T.);
#3602 = ORIENTED_EDGE('',*,*,#3603,.T.);
#3603 = EDGE_CURVE('',#2561,#3604,#3606,.T.);
#3604 = VERTEX_POINT('',#3605);
#3605 = CARTESIAN_POINT('',(0.32,0.32,8.38));
#3606 = LINE('',#3607,#3608);
#3607 = CARTESIAN_POINT('',(0.32,0.32,-3.));
#3608 = VECTOR('',#3609,1.);
#3609 = DIRECTION('',(0.,0.,1.));
#3610 = ORIENTED_EDGE('',*,*,#3611,.F.);
#3611 = EDGE_CURVE('',#3595,#3604,#3612,.T.);
#3612 = LINE('',#3613,#3614);
#3613 = CARTESIAN_POINT('',(0.32,-0.32,8.38));
#3614 = VECTOR('',#3615,1.);
#3615 = DIRECTION('',(0.,1.,0.));
#3616 = PLANE('',#3617);
#3617 = AXIS2_PLACEMENT_3D('',#3618,#3619,#3620);
#3618 = CARTESIAN_POINT('',(0.32,-0.32,-3.));
#3619 = DIRECTION('',(1.,0.,0.));
#3620 = DIRECTION('',(0.,0.,1.));
#3621 = ADVANCED_FACE('',(#3622),#3640,.T.);
#3622 = FACE_BOUND('',#3623,.T.);
#3623 = EDGE_LOOP('',(#3624,#3625,#3626,#3634));
#3624 = ORIENTED_EDGE('',*,*,#3603,.F.);
#3625 = ORIENTED_EDGE('',*,*,#2584,.T.);
#3626 = ORIENTED_EDGE('',*,*,#3627,.T.);
#3627 = EDGE_CURVE('',#2577,#3628,#3630,.T.);
#3628 = VERTEX_POINT('',#3629);
#3629 = CARTESIAN_POINT('',(-0.32,0.32,8.38));
#3630 = LINE('',#3631,#3632);
#3631 = CARTESIAN_POINT('',(-0.32,0.32,-3.));
#3632 = VECTOR('',#3633,1.);
#3633 = DIRECTION('',(0.,0.,1.));
#3634 = ORIENTED_EDGE('',*,*,#3635,.T.);
#3635 = EDGE_CURVE('',#3628,#3604,#3636,.T.);
#3636 = LINE('',#3637,#3638);
#3637 = CARTESIAN_POINT('',(-0.32,0.32,8.38));
#3638 = VECTOR('',#3639,1.);
#3639 = DIRECTION('',(1.,0.,0.));
#3640 = PLANE('',#3641);
#3641 = AXIS2_PLACEMENT_3D('',#3642,#3643,#3644);
#3642 = CARTESIAN_POINT('',(-0.32,0.32,-3.));
#3643 = DIRECTION('',(0.,1.,0.));
#3644 = DIRECTION('',(0.,-0.,1.));
#3645 = ADVANCED_FACE('',(#3646),#3664,.F.);
#3646 = FACE_BOUND('',#3647,.F.);
#3647 = EDGE_LOOP('',(#3648,#3656,#3657,#3658));
#3648 = ORIENTED_EDGE('',*,*,#3649,.F.);
#3649 = EDGE_CURVE('',#2569,#3650,#3652,.T.);
#3650 = VERTEX_POINT('',#3651);
#3651 = CARTESIAN_POINT('',(-0.32,-0.32,8.38));
#3652 = LINE('',#3653,#3654);
#3653 = CARTESIAN_POINT('',(-0.32,-0.32,-3.));
#3654 = VECTOR('',#3655,1.);
#3655 = DIRECTION('',(0.,0.,1.));
#3656 = ORIENTED_EDGE('',*,*,#2576,.T.);
#3657 = ORIENTED_EDGE('',*,*,#3627,.T.);
#3658 = ORIENTED_EDGE('',*,*,#3659,.F.);
#3659 = EDGE_CURVE('',#3650,#3628,#3660,.T.);
#3660 = LINE('',#3661,#3662);
#3661 = CARTESIAN_POINT('',(-0.32,-0.32,8.38));
#3662 = VECTOR('',#3663,1.);
#3663 = DIRECTION('',(0.,1.,0.));
#3664 = PLANE('',#3665);
#3665 = AXIS2_PLACEMENT_3D('',#3666,#3667,#3668);
#3666 = CARTESIAN_POINT('',(-0.32,-0.32,-3.));
#3667 = DIRECTION('',(1.,0.,0.));
#3668 = DIRECTION('',(0.,0.,1.));
#3669 = ADVANCED_FACE('',(#3670),#3681,.F.);
#3670 = FACE_BOUND('',#3671,.F.);
#3671 = EDGE_LOOP('',(#3672,#3673,#3674,#3675));
#3672 = ORIENTED_EDGE('',*,*,#3594,.F.);
#3673 = ORIENTED_EDGE('',*,*,#2568,.T.);
#3674 = ORIENTED_EDGE('',*,*,#3649,.T.);
#3675 = ORIENTED_EDGE('',*,*,#3676,.T.);
#3676 = EDGE_CURVE('',#3650,#3595,#3677,.T.);
#3677 = LINE('',#3678,#3679);
#3678 = CARTESIAN_POINT('',(-0.32,-0.32,8.38));
#3679 = VECTOR('',#3680,1.);
#3680 = DIRECTION('',(1.,0.,0.));
#3681 = PLANE('',#3682);
#3682 = AXIS2_PLACEMENT_3D('',#3683,#3684,#3685);
#3683 = CARTESIAN_POINT('',(-0.32,-0.32,-3.));
#3684 = DIRECTION('',(0.,1.,0.));
#3685 = DIRECTION('',(0.,-0.,1.));
#3686 = ADVANCED_FACE('',(#3687),#3712,.T.);
#3687 = FACE_BOUND('',#3688,.T.);
#3688 = EDGE_LOOP('',(#3689,#3697,#3698,#3706));
#3689 = ORIENTED_EDGE('',*,*,#3690,.F.);
#3690 = EDGE_CURVE('',#2593,#3691,#3693,.T.);
#3691 = VERTEX_POINT('',#3692);
#3692 = CARTESIAN_POINT('',(0.32,-2.22,8.38));
#3693 = LINE('',#3694,#3695);
#3694 = CARTESIAN_POINT('',(0.32,-2.22,-3.));
#3695 = VECTOR('',#3696,1.);
#3696 = DIRECTION('',(0.,0.,1.));
#3697 = ORIENTED_EDGE('',*,*,#2592,.T.);
#3698 = ORIENTED_EDGE('',*,*,#3699,.T.);
#3699 = EDGE_CURVE('',#2595,#3700,#3702,.T.);
#3700 = VERTEX_POINT('',#3701);
#3701 = CARTESIAN_POINT('',(-0.32,-2.22,8.38));
#3702 = LINE('',#3703,#3704);
#3703 = CARTESIAN_POINT('',(-0.32,-2.22,-3.));
#3704 = VECTOR('',#3705,1.);
#3705 = DIRECTION('',(0.,0.,1.));
#3706 = ORIENTED_EDGE('',*,*,#3707,.T.);
#3707 = EDGE_CURVE('',#3700,#3691,#3708,.T.);
#3708 = LINE('',#3709,#3710);
#3709 = CARTESIAN_POINT('',(-0.32,-2.22,8.38));
#3710 = VECTOR('',#3711,1.);
#3711 = DIRECTION('',(1.,0.,0.));
#3712 = PLANE('',#3713);
#3713 = AXIS2_PLACEMENT_3D('',#3714,#3715,#3716);
#3714 = CARTESIAN_POINT('',(-0.32,-2.22,-3.));
#3715 = DIRECTION('',(0.,1.,0.));
#3716 = DIRECTION('',(0.,-0.,1.));
#3717 = ADVANCED_FACE('',(#3718),#3736,.F.);
#3718 = FACE_BOUND('',#3719,.F.);
#3719 = EDGE_LOOP('',(#3720,#3728,#3729,#3730));
#3720 = ORIENTED_EDGE('',*,*,#3721,.F.);
#3721 = EDGE_CURVE('',#2611,#3722,#3724,.T.);
#3722 = VERTEX_POINT('',#3723);
#3723 = CARTESIAN_POINT('',(-0.32,-2.86,8.38));
#3724 = LINE('',#3725,#3726);
#3725 = CARTESIAN_POINT('',(-0.32,-2.86,-3.));
#3726 = VECTOR('',#3727,1.);
#3727 = DIRECTION('',(0.,0.,1.));
#3728 = ORIENTED_EDGE('',*,*,#2618,.T.);
#3729 = ORIENTED_EDGE('',*,*,#3699,.T.);
#3730 = ORIENTED_EDGE('',*,*,#3731,.F.);
#3731 = EDGE_CURVE('',#3722,#3700,#3732,.T.);
#3732 = LINE('',#3733,#3734);
#3733 = CARTESIAN_POINT('',(-0.32,-2.86,8.38));
#3734 = VECTOR('',#3735,1.);
#3735 = DIRECTION('',(0.,1.,0.));
#3736 = PLANE('',#3737);
#3737 = AXIS2_PLACEMENT_3D('',#3738,#3739,#3740);
#3738 = CARTESIAN_POINT('',(-0.32,-2.86,-3.));
#3739 = DIRECTION('',(1.,0.,0.));
#3740 = DIRECTION('',(0.,0.,1.));
#3741 = ADVANCED_FACE('',(#3742),#3760,.F.);
#3742 = FACE_BOUND('',#3743,.F.);
#3743 = EDGE_LOOP('',(#3744,#3752,#3753,#3754));
#3744 = ORIENTED_EDGE('',*,*,#3745,.F.);
#3745 = EDGE_CURVE('',#2603,#3746,#3748,.T.);
#3746 = VERTEX_POINT('',#3747);
#3747 = CARTESIAN_POINT('',(0.32,-2.86,8.38));
#3748 = LINE('',#3749,#3750);
#3749 = CARTESIAN_POINT('',(0.32,-2.86,-3.));
#3750 = VECTOR('',#3751,1.);
#3751 = DIRECTION('',(0.,0.,1.));
#3752 = ORIENTED_EDGE('',*,*,#2610,.T.);
#3753 = ORIENTED_EDGE('',*,*,#3721,.T.);
#3754 = ORIENTED_EDGE('',*,*,#3755,.T.);
#3755 = EDGE_CURVE('',#3722,#3746,#3756,.T.);
#3756 = LINE('',#3757,#3758);
#3757 = CARTESIAN_POINT('',(-0.32,-2.86,8.38));
#3758 = VECTOR('',#3759,1.);
#3759 = DIRECTION('',(1.,0.,0.));
#3760 = PLANE('',#3761);
#3761 = AXIS2_PLACEMENT_3D('',#3762,#3763,#3764);
#3762 = CARTESIAN_POINT('',(-0.32,-2.86,-3.));
#3763 = DIRECTION('',(0.,1.,0.));
#3764 = DIRECTION('',(0.,-0.,1.));
#3765 = ADVANCED_FACE('',(#3766),#3777,.T.);
#3766 = FACE_BOUND('',#3767,.T.);
#3767 = EDGE_LOOP('',(#3768,#3769,#3770,#3771));
#3768 = ORIENTED_EDGE('',*,*,#3745,.F.);
#3769 = ORIENTED_EDGE('',*,*,#2602,.T.);
#3770 = ORIENTED_EDGE('',*,*,#3690,.T.);
#3771 = ORIENTED_EDGE('',*,*,#3772,.F.);
#3772 = EDGE_CURVE('',#3746,#3691,#3773,.T.);
#3773 = LINE('',#3774,#3775);
#3774 = CARTESIAN_POINT('',(0.32,-2.86,8.38));
#3775 = VECTOR('',#3776,1.);
#3776 = DIRECTION('',(0.,1.,0.));
#3777 = PLANE('',#3778);
#3778 = AXIS2_PLACEMENT_3D('',#3779,#3780,#3781);
#3779 = CARTESIAN_POINT('',(0.32,-2.86,-3.));
#3780 = DIRECTION('',(1.,0.,0.));
#3781 = DIRECTION('',(0.,0.,1.));
#3782 = ADVANCED_FACE('',(#3783),#3808,.F.);
#3783 = FACE_BOUND('',#3784,.T.);
#3784 = EDGE_LOOP('',(#3785,#3793,#3794,#3802));
#3785 = ORIENTED_EDGE('',*,*,#3786,.F.);
#3786 = EDGE_CURVE('',#3027,#3787,#3789,.T.);
#3787 = VERTEX_POINT('',#3788);
#3788 = CARTESIAN_POINT('',(-0.16,-4.92,-3.));
#3789 = LINE('',#3790,#3791);
#3790 = CARTESIAN_POINT('',(-0.16,-4.92,-3.));
#3791 = VECTOR('',#3792,1.);
#3792 = DIRECTION('',(0.57735026919,-0.57735026919,-0.57735026919));
#3793 = ORIENTED_EDGE('',*,*,#3026,.T.);
#3794 = ORIENTED_EDGE('',*,*,#3795,.T.);
#3795 = EDGE_CURVE('',#3019,#3796,#3798,.T.);
#3796 = VERTEX_POINT('',#3797);
#3797 = CARTESIAN_POINT('',(0.16,-4.92,-3.));
#3798 = LINE('',#3799,#3800);
#3799 = CARTESIAN_POINT('',(5.333333333333E-02,-5.026666666667,
    -3.106666666667));
#3800 = VECTOR('',#3801,1.);
#3801 = DIRECTION('',(-0.57735026919,-0.57735026919,-0.57735026919));
#3802 = ORIENTED_EDGE('',*,*,#3803,.F.);
#3803 = EDGE_CURVE('',#3787,#3796,#3804,.T.);
#3804 = LINE('',#3805,#3806);
#3805 = CARTESIAN_POINT('',(-0.32,-4.92,-3.));
#3806 = VECTOR('',#3807,1.);
#3807 = DIRECTION('',(1.,0.,0.));
#3808 = PLANE('',#3809);
#3809 = AXIS2_PLACEMENT_3D('',#3810,#3811,#3812);
#3810 = CARTESIAN_POINT('',(-0.32,-4.84,-2.92));
#3811 = DIRECTION('',(-1.735167508357E-18,-0.707106781187,0.707106781187
    ));
#3812 = DIRECTION('',(-1.,1.226948711654E-18,-1.226948711654E-18));
#3813 = ADVANCED_FACE('',(#3814),#3832,.T.);
#3814 = FACE_BOUND('',#3815,.T.);
#3815 = EDGE_LOOP('',(#3816,#3824,#3825,#3826));
#3816 = ORIENTED_EDGE('',*,*,#3817,.F.);
#3817 = EDGE_CURVE('',#3050,#3818,#3820,.T.);
#3818 = VERTEX_POINT('',#3819);
#3819 = CARTESIAN_POINT('',(-0.16,-5.24,-3.));
#3820 = LINE('',#3821,#3822);
#3821 = CARTESIAN_POINT('',(-0.266666666667,-5.346666666667,
    -2.893333333333));
#3822 = VECTOR('',#3823,1.);
#3823 = DIRECTION('',(0.57735026919,0.57735026919,-0.57735026919));
#3824 = ORIENTED_EDGE('',*,*,#3057,.T.);
#3825 = ORIENTED_EDGE('',*,*,#3786,.T.);
#3826 = ORIENTED_EDGE('',*,*,#3827,.F.);
#3827 = EDGE_CURVE('',#3818,#3787,#3828,.T.);
#3828 = LINE('',#3829,#3830);
#3829 = CARTESIAN_POINT('',(-0.16,-5.4,-3.));
#3830 = VECTOR('',#3831,1.);
#3831 = DIRECTION('',(0.,1.,0.));
#3832 = PLANE('',#3833);
#3833 = AXIS2_PLACEMENT_3D('',#3834,#3835,#3836);
#3834 = CARTESIAN_POINT('',(-0.24,-5.4,-2.92));
#3835 = DIRECTION('',(-0.707106781187,-1.735167508357E-18,
    -0.707106781187));
#3836 = DIRECTION('',(-1.226948711654E-18,1.,-1.226948711654E-18));
#3837 = ADVANCED_FACE('',(#3838),#3856,.T.);
#3838 = FACE_BOUND('',#3839,.F.);
#3839 = EDGE_LOOP('',(#3840,#3841,#3842,#3850));
#3840 = ORIENTED_EDGE('',*,*,#3817,.F.);
#3841 = ORIENTED_EDGE('',*,*,#3081,.T.);
#3842 = ORIENTED_EDGE('',*,*,#3843,.T.);
#3843 = EDGE_CURVE('',#3074,#3844,#3846,.T.);
#3844 = VERTEX_POINT('',#3845);
#3845 = CARTESIAN_POINT('',(0.16,-5.24,-3.));
#3846 = LINE('',#3847,#3848);
#3847 = CARTESIAN_POINT('',(0.16,-5.24,-3.));
#3848 = VECTOR('',#3849,1.);
#3849 = DIRECTION('',(-0.57735026919,0.57735026919,-0.57735026919));
#3850 = ORIENTED_EDGE('',*,*,#3851,.F.);
#3851 = EDGE_CURVE('',#3818,#3844,#3852,.T.);
#3852 = LINE('',#3853,#3854);
#3853 = CARTESIAN_POINT('',(-0.32,-5.24,-3.));
#3854 = VECTOR('',#3855,1.);
#3855 = DIRECTION('',(1.,0.,0.));
#3856 = PLANE('',#3857);
#3857 = AXIS2_PLACEMENT_3D('',#3858,#3859,#3860);
#3858 = CARTESIAN_POINT('',(-0.32,-5.32,-2.92));
#3859 = DIRECTION('',(1.735167508357E-18,-0.707106781187,-0.707106781187
    ));
#3860 = DIRECTION('',(-1.,-1.226948711654E-18,-1.226948711654E-18));
#3861 = ADVANCED_FACE('',(#3862),#3873,.F.);
#3862 = FACE_BOUND('',#3863,.F.);
#3863 = EDGE_LOOP('',(#3864,#3865,#3866,#3867));
#3864 = ORIENTED_EDGE('',*,*,#3843,.F.);
#3865 = ORIENTED_EDGE('',*,*,#3098,.T.);
#3866 = ORIENTED_EDGE('',*,*,#3795,.T.);
#3867 = ORIENTED_EDGE('',*,*,#3868,.F.);
#3868 = EDGE_CURVE('',#3844,#3796,#3869,.T.);
#3869 = LINE('',#3870,#3871);
#3870 = CARTESIAN_POINT('',(0.16,-5.4,-3.));
#3871 = VECTOR('',#3872,1.);
#3872 = DIRECTION('',(0.,1.,0.));
#3873 = PLANE('',#3874);
#3874 = AXIS2_PLACEMENT_3D('',#3875,#3876,#3877);
#3875 = CARTESIAN_POINT('',(0.24,-5.4,-2.92));
#3876 = DIRECTION('',(-0.707106781187,1.735167508357E-18,0.707106781187)
  );
#3877 = DIRECTION('',(1.226948711654E-18,1.,-1.226948711654E-18));
#3878 = ADVANCED_FACE('',(#3879),#3904,.F.);
#3879 = FACE_BOUND('',#3880,.F.);
#3880 = EDGE_LOOP('',(#3881,#3889,#3890,#3898));
#3881 = ORIENTED_EDGE('',*,*,#3882,.F.);
#3882 = EDGE_CURVE('',#3115,#3883,#3885,.T.);
#3883 = VERTEX_POINT('',#3884);
#3884 = CARTESIAN_POINT('',(0.16,-7.78,-3.));
#3885 = LINE('',#3886,#3887);
#3886 = CARTESIAN_POINT('',(0.16,-7.78,-3.));
#3887 = VECTOR('',#3888,1.);
#3888 = DIRECTION('',(-0.57735026919,0.57735026919,-0.57735026919));
#3889 = ORIENTED_EDGE('',*,*,#3122,.T.);
#3890 = ORIENTED_EDGE('',*,*,#3891,.T.);
#3891 = EDGE_CURVE('',#3123,#3892,#3894,.T.);
#3892 = VERTEX_POINT('',#3893);
#3893 = CARTESIAN_POINT('',(0.16,-7.46,-3.));
#3894 = LINE('',#3895,#3896);
#3895 = CARTESIAN_POINT('',(5.333333333333E-02,-7.566666666667,
    -3.106666666667));
#3896 = VECTOR('',#3897,1.);
#3897 = DIRECTION('',(-0.57735026919,-0.57735026919,-0.57735026919));
#3898 = ORIENTED_EDGE('',*,*,#3899,.F.);
#3899 = EDGE_CURVE('',#3883,#3892,#3900,.T.);
#3900 = LINE('',#3901,#3902);
#3901 = CARTESIAN_POINT('',(0.16,-7.94,-3.));
#3902 = VECTOR('',#3903,1.);
#3903 = DIRECTION('',(0.,1.,0.));
#3904 = PLANE('',#3905);
#3905 = AXIS2_PLACEMENT_3D('',#3906,#3907,#3908);
#3906 = CARTESIAN_POINT('',(0.24,-7.94,-2.92));
#3907 = DIRECTION('',(-0.707106781187,1.735167508357E-18,0.707106781187)
  );
#3908 = DIRECTION('',(1.226948711654E-18,1.,-1.226948711654E-18));
#3909 = ADVANCED_FACE('',(#3910),#3928,.F.);
#3910 = FACE_BOUND('',#3911,.T.);
#3911 = EDGE_LOOP('',(#3912,#3920,#3921,#3922));
#3912 = ORIENTED_EDGE('',*,*,#3913,.F.);
#3913 = EDGE_CURVE('',#3147,#3914,#3916,.T.);
#3914 = VERTEX_POINT('',#3915);
#3915 = CARTESIAN_POINT('',(-0.16,-7.46,-3.));
#3916 = LINE('',#3917,#3918);
#3917 = CARTESIAN_POINT('',(-0.16,-7.46,-3.));
#3918 = VECTOR('',#3919,1.);
#3919 = DIRECTION('',(0.57735026919,-0.57735026919,-0.57735026919));
#3920 = ORIENTED_EDGE('',*,*,#3146,.T.);
#3921 = ORIENTED_EDGE('',*,*,#3891,.T.);
#3922 = ORIENTED_EDGE('',*,*,#3923,.F.);
#3923 = EDGE_CURVE('',#3914,#3892,#3924,.T.);
#3924 = LINE('',#3925,#3926);
#3925 = CARTESIAN_POINT('',(-0.32,-7.46,-3.));
#3926 = VECTOR('',#3927,1.);
#3927 = DIRECTION('',(1.,0.,0.));
#3928 = PLANE('',#3929);
#3929 = AXIS2_PLACEMENT_3D('',#3930,#3931,#3932);
#3930 = CARTESIAN_POINT('',(-0.32,-7.38,-2.92));
#3931 = DIRECTION('',(-1.735167508357E-18,-0.707106781187,0.707106781187
    ));
#3932 = DIRECTION('',(-1.,1.226948711654E-18,-1.226948711654E-18));
#3933 = ADVANCED_FACE('',(#3934),#3952,.T.);
#3934 = FACE_BOUND('',#3935,.T.);
#3935 = EDGE_LOOP('',(#3936,#3944,#3945,#3946));
#3936 = ORIENTED_EDGE('',*,*,#3937,.F.);
#3937 = EDGE_CURVE('',#3170,#3938,#3940,.T.);
#3938 = VERTEX_POINT('',#3939);
#3939 = CARTESIAN_POINT('',(-0.16,-7.78,-3.));
#3940 = LINE('',#3941,#3942);
#3941 = CARTESIAN_POINT('',(-0.266666666667,-7.886666666667,
    -2.893333333333));
#3942 = VECTOR('',#3943,1.);
#3943 = DIRECTION('',(0.57735026919,0.57735026919,-0.57735026919));
#3944 = ORIENTED_EDGE('',*,*,#3177,.T.);
#3945 = ORIENTED_EDGE('',*,*,#3913,.T.);
#3946 = ORIENTED_EDGE('',*,*,#3947,.F.);
#3947 = EDGE_CURVE('',#3938,#3914,#3948,.T.);
#3948 = LINE('',#3949,#3950);
#3949 = CARTESIAN_POINT('',(-0.16,-7.94,-3.));
#3950 = VECTOR('',#3951,1.);
#3951 = DIRECTION('',(0.,1.,0.));
#3952 = PLANE('',#3953);
#3953 = AXIS2_PLACEMENT_3D('',#3954,#3955,#3956);
#3954 = CARTESIAN_POINT('',(-0.24,-7.94,-2.92));
#3955 = DIRECTION('',(-0.707106781187,-1.735167508357E-18,
    -0.707106781187));
#3956 = DIRECTION('',(-1.226948711654E-18,1.,-1.226948711654E-18));
#3957 = ADVANCED_FACE('',(#3958),#3969,.T.);
#3958 = FACE_BOUND('',#3959,.F.);
#3959 = EDGE_LOOP('',(#3960,#3961,#3962,#3963));
#3960 = ORIENTED_EDGE('',*,*,#3937,.F.);
#3961 = ORIENTED_EDGE('',*,*,#3194,.T.);
#3962 = ORIENTED_EDGE('',*,*,#3882,.T.);
#3963 = ORIENTED_EDGE('',*,*,#3964,.F.);
#3964 = EDGE_CURVE('',#3938,#3883,#3965,.T.);
#3965 = LINE('',#3966,#3967);
#3966 = CARTESIAN_POINT('',(-0.32,-7.78,-3.));
#3967 = VECTOR('',#3968,1.);
#3968 = DIRECTION('',(1.,0.,0.));
#3969 = PLANE('',#3970);
#3970 = AXIS2_PLACEMENT_3D('',#3971,#3972,#3973);
#3971 = CARTESIAN_POINT('',(-0.32,-7.86,-2.92));
#3972 = DIRECTION('',(1.735167508357E-18,-0.707106781187,-0.707106781187
    ));
#3973 = DIRECTION('',(-1.,-1.226948711654E-18,-1.226948711654E-18));
#3974 = ADVANCED_FACE('',(#3975),#4000,.F.);
#3975 = FACE_BOUND('',#3976,.F.);
#3976 = EDGE_LOOP('',(#3977,#3985,#3986,#3994));
#3977 = ORIENTED_EDGE('',*,*,#3978,.F.);
#3978 = EDGE_CURVE('',#3211,#3979,#3981,.T.);
#3979 = VERTEX_POINT('',#3980);
#3980 = CARTESIAN_POINT('',(0.16,-0.16,-3.));
#3981 = LINE('',#3982,#3983);
#3982 = CARTESIAN_POINT('',(0.16,-0.16,-3.));
#3983 = VECTOR('',#3984,1.);
#3984 = DIRECTION('',(-0.57735026919,0.57735026919,-0.57735026919));
#3985 = ORIENTED_EDGE('',*,*,#3218,.T.);
#3986 = ORIENTED_EDGE('',*,*,#3987,.T.);
#3987 = EDGE_CURVE('',#3219,#3988,#3990,.T.);
#3988 = VERTEX_POINT('',#3989);
#3989 = CARTESIAN_POINT('',(0.16,0.16,-3.));
#3990 = LINE('',#3991,#3992);
#3991 = CARTESIAN_POINT('',(5.333333333333E-02,5.333333333333E-02,
    -3.106666666667));
#3992 = VECTOR('',#3993,1.);
#3993 = DIRECTION('',(-0.57735026919,-0.57735026919,-0.57735026919));
#3994 = ORIENTED_EDGE('',*,*,#3995,.F.);
#3995 = EDGE_CURVE('',#3979,#3988,#3996,.T.);
#3996 = LINE('',#3997,#3998);
#3997 = CARTESIAN_POINT('',(0.16,-0.32,-3.));
#3998 = VECTOR('',#3999,1.);
#3999 = DIRECTION('',(0.,1.,0.));
#4000 = PLANE('',#4001);
#4001 = AXIS2_PLACEMENT_3D('',#4002,#4003,#4004);
#4002 = CARTESIAN_POINT('',(0.24,-0.32,-2.92));
#4003 = DIRECTION('',(-0.707106781187,1.735167508357E-18,0.707106781187)
  );
#4004 = DIRECTION('',(1.226948711654E-18,1.,-1.226948711654E-18));
#4005 = ADVANCED_FACE('',(#4006),#4024,.F.);
#4006 = FACE_BOUND('',#4007,.T.);
#4007 = EDGE_LOOP('',(#4008,#4016,#4017,#4018));
#4008 = ORIENTED_EDGE('',*,*,#4009,.F.);
#4009 = EDGE_CURVE('',#3243,#4010,#4012,.T.);
#4010 = VERTEX_POINT('',#4011);
#4011 = CARTESIAN_POINT('',(-0.16,0.16,-3.));
#4012 = LINE('',#4013,#4014);
#4013 = CARTESIAN_POINT('',(-0.16,0.16,-3.));
#4014 = VECTOR('',#4015,1.);
#4015 = DIRECTION('',(0.57735026919,-0.57735026919,-0.57735026919));
#4016 = ORIENTED_EDGE('',*,*,#3242,.T.);
#4017 = ORIENTED_EDGE('',*,*,#3987,.T.);
#4018 = ORIENTED_EDGE('',*,*,#4019,.F.);
#4019 = EDGE_CURVE('',#4010,#3988,#4020,.T.);
#4020 = LINE('',#4021,#4022);
#4021 = CARTESIAN_POINT('',(-0.32,0.16,-3.));
#4022 = VECTOR('',#4023,1.);
#4023 = DIRECTION('',(1.,0.,0.));
#4024 = PLANE('',#4025);
#4025 = AXIS2_PLACEMENT_3D('',#4026,#4027,#4028);
#4026 = CARTESIAN_POINT('',(-0.32,0.24,-2.92));
#4027 = DIRECTION('',(-1.735167508357E-18,-0.707106781187,0.707106781187
    ));
#4028 = DIRECTION('',(-1.,1.226948711654E-18,-1.226948711654E-18));
#4029 = ADVANCED_FACE('',(#4030),#4048,.T.);
#4030 = FACE_BOUND('',#4031,.T.);
#4031 = EDGE_LOOP('',(#4032,#4040,#4041,#4042));
#4032 = ORIENTED_EDGE('',*,*,#4033,.F.);
#4033 = EDGE_CURVE('',#3266,#4034,#4036,.T.);
#4034 = VERTEX_POINT('',#4035);
#4035 = CARTESIAN_POINT('',(-0.16,-0.16,-3.));
#4036 = LINE('',#4037,#4038);
#4037 = CARTESIAN_POINT('',(-0.266666666667,-0.266666666667,
    -2.893333333333));
#4038 = VECTOR('',#4039,1.);
#4039 = DIRECTION('',(0.57735026919,0.57735026919,-0.57735026919));
#4040 = ORIENTED_EDGE('',*,*,#3273,.T.);
#4041 = ORIENTED_EDGE('',*,*,#4009,.T.);
#4042 = ORIENTED_EDGE('',*,*,#4043,.F.);
#4043 = EDGE_CURVE('',#4034,#4010,#4044,.T.);
#4044 = LINE('',#4045,#4046);
#4045 = CARTESIAN_POINT('',(-0.16,-0.32,-3.));
#4046 = VECTOR('',#4047,1.);
#4047 = DIRECTION('',(0.,1.,0.));
#4048 = PLANE('',#4049);
#4049 = AXIS2_PLACEMENT_3D('',#4050,#4051,#4052);
#4050 = CARTESIAN_POINT('',(-0.24,-0.32,-2.92));
#4051 = DIRECTION('',(-0.707106781187,-1.735167508357E-18,
    -0.707106781187));
#4052 = DIRECTION('',(-1.226948711654E-18,1.,-1.226948711654E-18));
#4053 = ADVANCED_FACE('',(#4054),#4065,.T.);
#4054 = FACE_BOUND('',#4055,.F.);
#4055 = EDGE_LOOP('',(#4056,#4057,#4058,#4059));
#4056 = ORIENTED_EDGE('',*,*,#4033,.F.);
#4057 = ORIENTED_EDGE('',*,*,#3290,.T.);
#4058 = ORIENTED_EDGE('',*,*,#3978,.T.);
#4059 = ORIENTED_EDGE('',*,*,#4060,.F.);
#4060 = EDGE_CURVE('',#4034,#3979,#4061,.T.);
#4061 = LINE('',#4062,#4063);
#4062 = CARTESIAN_POINT('',(-0.32,-0.16,-3.));
#4063 = VECTOR('',#4064,1.);
#4064 = DIRECTION('',(1.,0.,0.));
#4065 = PLANE('',#4066);
#4066 = AXIS2_PLACEMENT_3D('',#4067,#4068,#4069);
#4067 = CARTESIAN_POINT('',(-0.32,-0.24,-2.92));
#4068 = DIRECTION('',(1.735167508357E-18,-0.707106781187,-0.707106781187
    ));
#4069 = DIRECTION('',(-1.,-1.226948711654E-18,-1.226948711654E-18));
#4070 = ADVANCED_FACE('',(#4071),#4096,.F.);
#4071 = FACE_BOUND('',#4072,.T.);
#4072 = EDGE_LOOP('',(#4073,#4081,#4082,#4090));
#4073 = ORIENTED_EDGE('',*,*,#4074,.F.);
#4074 = EDGE_CURVE('',#3315,#4075,#4077,.T.);
#4075 = VERTEX_POINT('',#4076);
#4076 = CARTESIAN_POINT('',(-0.16,-2.38,-3.));
#4077 = LINE('',#4078,#4079);
#4078 = CARTESIAN_POINT('',(-0.16,-2.38,-3.));
#4079 = VECTOR('',#4080,1.);
#4080 = DIRECTION('',(0.57735026919,-0.57735026919,-0.57735026919));
#4081 = ORIENTED_EDGE('',*,*,#3314,.T.);
#4082 = ORIENTED_EDGE('',*,*,#4083,.T.);
#4083 = EDGE_CURVE('',#3307,#4084,#4086,.T.);
#4084 = VERTEX_POINT('',#4085);
#4085 = CARTESIAN_POINT('',(0.16,-2.38,-3.));
#4086 = LINE('',#4087,#4088);
#4087 = CARTESIAN_POINT('',(5.333333333333E-02,-2.486666666667,
    -3.106666666667));
#4088 = VECTOR('',#4089,1.);
#4089 = DIRECTION('',(-0.57735026919,-0.57735026919,-0.57735026919));
#4090 = ORIENTED_EDGE('',*,*,#4091,.F.);
#4091 = EDGE_CURVE('',#4075,#4084,#4092,.T.);
#4092 = LINE('',#4093,#4094);
#4093 = CARTESIAN_POINT('',(-0.32,-2.38,-3.));
#4094 = VECTOR('',#4095,1.);
#4095 = DIRECTION('',(1.,0.,0.));
#4096 = PLANE('',#4097);
#4097 = AXIS2_PLACEMENT_3D('',#4098,#4099,#4100);
#4098 = CARTESIAN_POINT('',(-0.32,-2.3,-2.92));
#4099 = DIRECTION('',(-1.735167508357E-18,-0.707106781187,0.707106781187
    ));
#4100 = DIRECTION('',(-1.,1.226948711654E-18,-1.226948711654E-18));
#4101 = ADVANCED_FACE('',(#4102),#4120,.T.);
#4102 = FACE_BOUND('',#4103,.T.);
#4103 = EDGE_LOOP('',(#4104,#4112,#4113,#4114));
#4104 = ORIENTED_EDGE('',*,*,#4105,.F.);
#4105 = EDGE_CURVE('',#3338,#4106,#4108,.T.);
#4106 = VERTEX_POINT('',#4107);
#4107 = CARTESIAN_POINT('',(-0.16,-2.7,-3.));
#4108 = LINE('',#4109,#4110);
#4109 = CARTESIAN_POINT('',(-0.266666666667,-2.806666666667,
    -2.893333333333));
#4110 = VECTOR('',#4111,1.);
#4111 = DIRECTION('',(0.57735026919,0.57735026919,-0.57735026919));
#4112 = ORIENTED_EDGE('',*,*,#3345,.T.);
#4113 = ORIENTED_EDGE('',*,*,#4074,.T.);
#4114 = ORIENTED_EDGE('',*,*,#4115,.F.);
#4115 = EDGE_CURVE('',#4106,#4075,#4116,.T.);
#4116 = LINE('',#4117,#4118);
#4117 = CARTESIAN_POINT('',(-0.16,-2.86,-3.));
#4118 = VECTOR('',#4119,1.);
#4119 = DIRECTION('',(0.,1.,0.));
#4120 = PLANE('',#4121);
#4121 = AXIS2_PLACEMENT_3D('',#4122,#4123,#4124);
#4122 = CARTESIAN_POINT('',(-0.24,-2.86,-2.92));
#4123 = DIRECTION('',(-0.707106781187,-1.735167508357E-18,
    -0.707106781187));
#4124 = DIRECTION('',(-1.226948711654E-18,1.,-1.226948711654E-18));
#4125 = ADVANCED_FACE('',(#4126),#4144,.T.);
#4126 = FACE_BOUND('',#4127,.F.);
#4127 = EDGE_LOOP('',(#4128,#4129,#4130,#4138));
#4128 = ORIENTED_EDGE('',*,*,#4105,.F.);
#4129 = ORIENTED_EDGE('',*,*,#3369,.T.);
#4130 = ORIENTED_EDGE('',*,*,#4131,.T.);
#4131 = EDGE_CURVE('',#3362,#4132,#4134,.T.);
#4132 = VERTEX_POINT('',#4133);
#4133 = CARTESIAN_POINT('',(0.16,-2.7,-3.));
#4134 = LINE('',#4135,#4136);
#4135 = CARTESIAN_POINT('',(0.16,-2.7,-3.));
#4136 = VECTOR('',#4137,1.);
#4137 = DIRECTION('',(-0.57735026919,0.57735026919,-0.57735026919));
#4138 = ORIENTED_EDGE('',*,*,#4139,.F.);
#4139 = EDGE_CURVE('',#4106,#4132,#4140,.T.);
#4140 = LINE('',#4141,#4142);
#4141 = CARTESIAN_POINT('',(-0.32,-2.7,-3.));
#4142 = VECTOR('',#4143,1.);
#4143 = DIRECTION('',(1.,0.,0.));
#4144 = PLANE('',#4145);
#4145 = AXIS2_PLACEMENT_3D('',#4146,#4147,#4148);
#4146 = CARTESIAN_POINT('',(-0.32,-2.78,-2.92));
#4147 = DIRECTION('',(1.735167508357E-18,-0.707106781187,-0.707106781187
    ));
#4148 = DIRECTION('',(-1.,-1.226948711654E-18,-1.226948711654E-18));
#4149 = ADVANCED_FACE('',(#4150),#4161,.F.);
#4150 = FACE_BOUND('',#4151,.F.);
#4151 = EDGE_LOOP('',(#4152,#4153,#4154,#4155));
#4152 = ORIENTED_EDGE('',*,*,#4131,.F.);
#4153 = ORIENTED_EDGE('',*,*,#3386,.T.);
#4154 = ORIENTED_EDGE('',*,*,#4083,.T.);
#4155 = ORIENTED_EDGE('',*,*,#4156,.F.);
#4156 = EDGE_CURVE('',#4132,#4084,#4157,.T.);
#4157 = LINE('',#4158,#4159);
#4158 = CARTESIAN_POINT('',(0.16,-2.86,-3.));
#4159 = VECTOR('',#4160,1.);
#4160 = DIRECTION('',(0.,1.,0.));
#4161 = PLANE('',#4162);
#4162 = AXIS2_PLACEMENT_3D('',#4163,#4164,#4165);
#4163 = CARTESIAN_POINT('',(0.24,-2.86,-2.92));
#4164 = DIRECTION('',(-0.707106781187,1.735167508357E-18,0.707106781187)
  );
#4165 = DIRECTION('',(1.226948711654E-18,1.,-1.226948711654E-18));
#4166 = ADVANCED_FACE('',(#4167),#4192,.T.);
#4167 = FACE_BOUND('',#4168,.F.);
#4168 = EDGE_LOOP('',(#4169,#4177,#4178,#4186));
#4169 = ORIENTED_EDGE('',*,*,#4170,.F.);
#4170 = EDGE_CURVE('',#3412,#4171,#4173,.T.);
#4171 = VERTEX_POINT('',#4172);
#4172 = CARTESIAN_POINT('',(-0.16,-4.92,8.54));
#4173 = LINE('',#4174,#4175);
#4174 = CARTESIAN_POINT('',(-0.16,-4.92,8.54));
#4175 = VECTOR('',#4176,1.);
#4176 = DIRECTION('',(0.57735026919,-0.57735026919,0.57735026919));
#4177 = ORIENTED_EDGE('',*,*,#3419,.T.);
#4178 = ORIENTED_EDGE('',*,*,#4179,.T.);
#4179 = EDGE_CURVE('',#3403,#4180,#4182,.T.);
#4180 = VERTEX_POINT('',#4181);
#4181 = CARTESIAN_POINT('',(0.16,-4.92,8.54));
#4182 = LINE('',#4183,#4184);
#4183 = CARTESIAN_POINT('',(5.333333333333E-02,-5.026666666667,
    8.646666666667));
#4184 = VECTOR('',#4185,1.);
#4185 = DIRECTION('',(-0.57735026919,-0.57735026919,0.57735026919));
#4186 = ORIENTED_EDGE('',*,*,#4187,.F.);
#4187 = EDGE_CURVE('',#4171,#4180,#4188,.T.);
#4188 = LINE('',#4189,#4190);
#4189 = CARTESIAN_POINT('',(-0.32,-4.92,8.54));
#4190 = VECTOR('',#4191,1.);
#4191 = DIRECTION('',(1.,0.,0.));
#4192 = PLANE('',#4193);
#4193 = AXIS2_PLACEMENT_3D('',#4194,#4195,#4196);
#4194 = CARTESIAN_POINT('',(-0.32,-4.84,8.46));
#4195 = DIRECTION('',(1.735167508357E-18,0.707106781187,0.707106781187)
  );
#4196 = DIRECTION('',(-1.,1.226948711654E-18,1.226948711654E-18));
#4197 = ADVANCED_FACE('',(#4198),#4216,.F.);
#4198 = FACE_BOUND('',#4199,.F.);
#4199 = EDGE_LOOP('',(#4200,#4208,#4209,#4210));
#4200 = ORIENTED_EDGE('',*,*,#4201,.F.);
#4201 = EDGE_CURVE('',#3434,#4202,#4204,.T.);
#4202 = VERTEX_POINT('',#4203);
#4203 = CARTESIAN_POINT('',(-0.16,-5.24,8.54));
#4204 = LINE('',#4205,#4206);
#4205 = CARTESIAN_POINT('',(-0.266666666667,-5.346666666667,
    8.433333333333));
#4206 = VECTOR('',#4207,1.);
#4207 = DIRECTION('',(0.57735026919,0.57735026919,0.57735026919));
#4208 = ORIENTED_EDGE('',*,*,#3443,.T.);
#4209 = ORIENTED_EDGE('',*,*,#4170,.T.);
#4210 = ORIENTED_EDGE('',*,*,#4211,.F.);
#4211 = EDGE_CURVE('',#4202,#4171,#4212,.T.);
#4212 = LINE('',#4213,#4214);
#4213 = CARTESIAN_POINT('',(-0.16,-5.4,8.54));
#4214 = VECTOR('',#4215,1.);
#4215 = DIRECTION('',(0.,1.,0.));
#4216 = PLANE('',#4217);
#4217 = AXIS2_PLACEMENT_3D('',#4218,#4219,#4220);
#4218 = CARTESIAN_POINT('',(-0.24,-5.4,8.46));
#4219 = DIRECTION('',(0.707106781187,1.735167508357E-18,-0.707106781187)
  );
#4220 = DIRECTION('',(-1.226948711654E-18,1.,1.226948711654E-18));
#4221 = ADVANCED_FACE('',(#4222),#4240,.F.);
#4222 = FACE_BOUND('',#4223,.T.);
#4223 = EDGE_LOOP('',(#4224,#4225,#4226,#4234));
#4224 = ORIENTED_EDGE('',*,*,#4201,.F.);
#4225 = ORIENTED_EDGE('',*,*,#3467,.T.);
#4226 = ORIENTED_EDGE('',*,*,#4227,.T.);
#4227 = EDGE_CURVE('',#3458,#4228,#4230,.T.);
#4228 = VERTEX_POINT('',#4229);
#4229 = CARTESIAN_POINT('',(0.16,-5.24,8.54));
#4230 = LINE('',#4231,#4232);
#4231 = CARTESIAN_POINT('',(0.16,-5.24,8.54));
#4232 = VECTOR('',#4233,1.);
#4233 = DIRECTION('',(-0.57735026919,0.57735026919,0.57735026919));
#4234 = ORIENTED_EDGE('',*,*,#4235,.F.);
#4235 = EDGE_CURVE('',#4202,#4228,#4236,.T.);
#4236 = LINE('',#4237,#4238);
#4237 = CARTESIAN_POINT('',(-0.32,-5.24,8.54));
#4238 = VECTOR('',#4239,1.);
#4239 = DIRECTION('',(1.,0.,0.));
#4240 = PLANE('',#4241);
#4241 = AXIS2_PLACEMENT_3D('',#4242,#4243,#4244);
#4242 = CARTESIAN_POINT('',(-0.32,-5.32,8.46));
#4243 = DIRECTION('',(-1.735167508357E-18,0.707106781187,-0.707106781187
    ));
#4244 = DIRECTION('',(-1.,-1.226948711654E-18,1.226948711654E-18));
#4245 = ADVANCED_FACE('',(#4246),#4257,.T.);
#4246 = FACE_BOUND('',#4247,.T.);
#4247 = EDGE_LOOP('',(#4248,#4249,#4250,#4251));
#4248 = ORIENTED_EDGE('',*,*,#4227,.F.);
#4249 = ORIENTED_EDGE('',*,*,#3484,.T.);
#4250 = ORIENTED_EDGE('',*,*,#4179,.T.);
#4251 = ORIENTED_EDGE('',*,*,#4252,.F.);
#4252 = EDGE_CURVE('',#4228,#4180,#4253,.T.);
#4253 = LINE('',#4254,#4255);
#4254 = CARTESIAN_POINT('',(0.16,-5.4,8.54));
#4255 = VECTOR('',#4256,1.);
#4256 = DIRECTION('',(0.,1.,0.));
#4257 = PLANE('',#4258);
#4258 = AXIS2_PLACEMENT_3D('',#4259,#4260,#4261);
#4259 = CARTESIAN_POINT('',(0.24,-5.4,8.46));
#4260 = DIRECTION('',(0.707106781187,-1.735167508357E-18,0.707106781187)
  );
#4261 = DIRECTION('',(1.226948711654E-18,1.,1.226948711654E-18));
#4262 = ADVANCED_FACE('',(#4263),#4288,.T.);
#4263 = FACE_BOUND('',#4264,.T.);
#4264 = EDGE_LOOP('',(#4265,#4273,#4274,#4282));
#4265 = ORIENTED_EDGE('',*,*,#4266,.F.);
#4266 = EDGE_CURVE('',#3499,#4267,#4269,.T.);
#4267 = VERTEX_POINT('',#4268);
#4268 = CARTESIAN_POINT('',(0.16,-7.78,8.54));
#4269 = LINE('',#4270,#4271);
#4270 = CARTESIAN_POINT('',(0.16,-7.78,8.54));
#4271 = VECTOR('',#4272,1.);
#4272 = DIRECTION('',(-0.57735026919,0.57735026919,0.57735026919));
#4273 = ORIENTED_EDGE('',*,*,#3515,.T.);
#4274 = ORIENTED_EDGE('',*,*,#4275,.T.);
#4275 = EDGE_CURVE('',#3508,#4276,#4278,.T.);
#4276 = VERTEX_POINT('',#4277);
#4277 = CARTESIAN_POINT('',(0.16,-7.46,8.54));
#4278 = LINE('',#4279,#4280);
#4279 = CARTESIAN_POINT('',(5.333333333333E-02,-7.566666666667,
    8.646666666667));
#4280 = VECTOR('',#4281,1.);
#4281 = DIRECTION('',(-0.57735026919,-0.57735026919,0.57735026919));
#4282 = ORIENTED_EDGE('',*,*,#4283,.F.);
#4283 = EDGE_CURVE('',#4267,#4276,#4284,.T.);
#4284 = LINE('',#4285,#4286);
#4285 = CARTESIAN_POINT('',(0.16,-7.94,8.54));
#4286 = VECTOR('',#4287,1.);
#4287 = DIRECTION('',(0.,1.,0.));
#4288 = PLANE('',#4289);
#4289 = AXIS2_PLACEMENT_3D('',#4290,#4291,#4292);
#4290 = CARTESIAN_POINT('',(0.24,-7.94,8.46));
#4291 = DIRECTION('',(0.707106781187,-1.735167508357E-18,0.707106781187)
  );
#4292 = DIRECTION('',(1.226948711654E-18,1.,1.226948711654E-18));
#4293 = ADVANCED_FACE('',(#4294),#4312,.T.);
#4294 = FACE_BOUND('',#4295,.F.);
#4295 = EDGE_LOOP('',(#4296,#4304,#4305,#4306));
#4296 = ORIENTED_EDGE('',*,*,#4297,.F.);
#4297 = EDGE_CURVE('',#3532,#4298,#4300,.T.);
#4298 = VERTEX_POINT('',#4299);
#4299 = CARTESIAN_POINT('',(-0.16,-7.46,8.54));
#4300 = LINE('',#4301,#4302);
#4301 = CARTESIAN_POINT('',(-0.16,-7.46,8.54));
#4302 = VECTOR('',#4303,1.);
#4303 = DIRECTION('',(0.57735026919,-0.57735026919,0.57735026919));
#4304 = ORIENTED_EDGE('',*,*,#3539,.T.);
#4305 = ORIENTED_EDGE('',*,*,#4275,.T.);
#4306 = ORIENTED_EDGE('',*,*,#4307,.F.);
#4307 = EDGE_CURVE('',#4298,#4276,#4308,.T.);
#4308 = LINE('',#4309,#4310);
#4309 = CARTESIAN_POINT('',(-0.32,-7.46,8.54));
#4310 = VECTOR('',#4311,1.);
#4311 = DIRECTION('',(1.,0.,0.));
#4312 = PLANE('',#4313);
#4313 = AXIS2_PLACEMENT_3D('',#4314,#4315,#4316);
#4314 = CARTESIAN_POINT('',(-0.32,-7.38,8.46));
#4315 = DIRECTION('',(1.735167508357E-18,0.707106781187,0.707106781187)
  );
#4316 = DIRECTION('',(-1.,1.226948711654E-18,1.226948711654E-18));
#4317 = ADVANCED_FACE('',(#4318),#4336,.F.);
#4318 = FACE_BOUND('',#4319,.F.);
#4319 = EDGE_LOOP('',(#4320,#4328,#4329,#4330));
#4320 = ORIENTED_EDGE('',*,*,#4321,.F.);
#4321 = EDGE_CURVE('',#3554,#4322,#4324,.T.);
#4322 = VERTEX_POINT('',#4323);
#4323 = CARTESIAN_POINT('',(-0.16,-7.78,8.54));
#4324 = LINE('',#4325,#4326);
#4325 = CARTESIAN_POINT('',(-0.266666666667,-7.886666666667,
    8.433333333333));
#4326 = VECTOR('',#4327,1.);
#4327 = DIRECTION('',(0.57735026919,0.57735026919,0.57735026919));
#4328 = ORIENTED_EDGE('',*,*,#3563,.T.);
#4329 = ORIENTED_EDGE('',*,*,#4297,.T.);
#4330 = ORIENTED_EDGE('',*,*,#4331,.F.);
#4331 = EDGE_CURVE('',#4322,#4298,#4332,.T.);
#4332 = LINE('',#4333,#4334);
#4333 = CARTESIAN_POINT('',(-0.16,-7.94,8.54));
#4334 = VECTOR('',#4335,1.);
#4335 = DIRECTION('',(0.,1.,0.));
#4336 = PLANE('',#4337);
#4337 = AXIS2_PLACEMENT_3D('',#4338,#4339,#4340);
#4338 = CARTESIAN_POINT('',(-0.24,-7.94,8.46));
#4339 = DIRECTION('',(0.707106781187,1.735167508357E-18,-0.707106781187)
  );
#4340 = DIRECTION('',(-1.226948711654E-18,1.,1.226948711654E-18));
#4341 = ADVANCED_FACE('',(#4342),#4353,.F.);
#4342 = FACE_BOUND('',#4343,.T.);
#4343 = EDGE_LOOP('',(#4344,#4345,#4346,#4347));
#4344 = ORIENTED_EDGE('',*,*,#4321,.F.);
#4345 = ORIENTED_EDGE('',*,*,#3580,.T.);
#4346 = ORIENTED_EDGE('',*,*,#4266,.T.);
#4347 = ORIENTED_EDGE('',*,*,#4348,.F.);
#4348 = EDGE_CURVE('',#4322,#4267,#4349,.T.);
#4349 = LINE('',#4350,#4351);
#4350 = CARTESIAN_POINT('',(-0.32,-7.78,8.54));
#4351 = VECTOR('',#4352,1.);
#4352 = DIRECTION('',(1.,0.,0.));
#4353 = PLANE('',#4354);
#4354 = AXIS2_PLACEMENT_3D('',#4355,#4356,#4357);
#4355 = CARTESIAN_POINT('',(-0.32,-7.86,8.46));
#4356 = DIRECTION('',(-1.735167508357E-18,0.707106781187,-0.707106781187
    ));
#4357 = DIRECTION('',(-1.,-1.226948711654E-18,1.226948711654E-18));
#4358 = ADVANCED_FACE('',(#4359),#4384,.T.);
#4359 = FACE_BOUND('',#4360,.T.);
#4360 = EDGE_LOOP('',(#4361,#4369,#4370,#4378));
#4361 = ORIENTED_EDGE('',*,*,#4362,.F.);
#4362 = EDGE_CURVE('',#3595,#4363,#4365,.T.);
#4363 = VERTEX_POINT('',#4364);
#4364 = CARTESIAN_POINT('',(0.16,-0.16,8.54));
#4365 = LINE('',#4366,#4367);
#4366 = CARTESIAN_POINT('',(0.16,-0.16,8.54));
#4367 = VECTOR('',#4368,1.);
#4368 = DIRECTION('',(-0.57735026919,0.57735026919,0.57735026919));
#4369 = ORIENTED_EDGE('',*,*,#3611,.T.);
#4370 = ORIENTED_EDGE('',*,*,#4371,.T.);
#4371 = EDGE_CURVE('',#3604,#4372,#4374,.T.);
#4372 = VERTEX_POINT('',#4373);
#4373 = CARTESIAN_POINT('',(0.16,0.16,8.54));
#4374 = LINE('',#4375,#4376);
#4375 = CARTESIAN_POINT('',(5.333333333333E-02,5.333333333333E-02,
    8.646666666667));
#4376 = VECTOR('',#4377,1.);
#4377 = DIRECTION('',(-0.57735026919,-0.57735026919,0.57735026919));
#4378 = ORIENTED_EDGE('',*,*,#4379,.F.);
#4379 = EDGE_CURVE('',#4363,#4372,#4380,.T.);
#4380 = LINE('',#4381,#4382);
#4381 = CARTESIAN_POINT('',(0.16,-0.32,8.54));
#4382 = VECTOR('',#4383,1.);
#4383 = DIRECTION('',(0.,1.,0.));
#4384 = PLANE('',#4385);
#4385 = AXIS2_PLACEMENT_3D('',#4386,#4387,#4388);
#4386 = CARTESIAN_POINT('',(0.24,-0.32,8.46));
#4387 = DIRECTION('',(0.707106781187,-1.735167508357E-18,0.707106781187)
  );
#4388 = DIRECTION('',(1.226948711654E-18,1.,1.226948711654E-18));
#4389 = ADVANCED_FACE('',(#4390),#4408,.T.);
#4390 = FACE_BOUND('',#4391,.F.);
#4391 = EDGE_LOOP('',(#4392,#4400,#4401,#4402));
#4392 = ORIENTED_EDGE('',*,*,#4393,.F.);
#4393 = EDGE_CURVE('',#3628,#4394,#4396,.T.);
#4394 = VERTEX_POINT('',#4395);
#4395 = CARTESIAN_POINT('',(-0.16,0.16,8.54));
#4396 = LINE('',#4397,#4398);
#4397 = CARTESIAN_POINT('',(-0.16,0.16,8.54));
#4398 = VECTOR('',#4399,1.);
#4399 = DIRECTION('',(0.57735026919,-0.57735026919,0.57735026919));
#4400 = ORIENTED_EDGE('',*,*,#3635,.T.);
#4401 = ORIENTED_EDGE('',*,*,#4371,.T.);
#4402 = ORIENTED_EDGE('',*,*,#4403,.F.);
#4403 = EDGE_CURVE('',#4394,#4372,#4404,.T.);
#4404 = LINE('',#4405,#4406);
#4405 = CARTESIAN_POINT('',(-0.32,0.16,8.54));
#4406 = VECTOR('',#4407,1.);
#4407 = DIRECTION('',(1.,0.,0.));
#4408 = PLANE('',#4409);
#4409 = AXIS2_PLACEMENT_3D('',#4410,#4411,#4412);
#4410 = CARTESIAN_POINT('',(-0.32,0.24,8.46));
#4411 = DIRECTION('',(1.735167508357E-18,0.707106781187,0.707106781187)
  );
#4412 = DIRECTION('',(-1.,1.226948711654E-18,1.226948711654E-18));
#4413 = ADVANCED_FACE('',(#4414),#4432,.F.);
#4414 = FACE_BOUND('',#4415,.F.);
#4415 = EDGE_LOOP('',(#4416,#4424,#4425,#4426));
#4416 = ORIENTED_EDGE('',*,*,#4417,.F.);
#4417 = EDGE_CURVE('',#3650,#4418,#4420,.T.);
#4418 = VERTEX_POINT('',#4419);
#4419 = CARTESIAN_POINT('',(-0.16,-0.16,8.54));
#4420 = LINE('',#4421,#4422);
#4421 = CARTESIAN_POINT('',(-0.266666666667,-0.266666666667,
    8.433333333333));
#4422 = VECTOR('',#4423,1.);
#4423 = DIRECTION('',(0.57735026919,0.57735026919,0.57735026919));
#4424 = ORIENTED_EDGE('',*,*,#3659,.T.);
#4425 = ORIENTED_EDGE('',*,*,#4393,.T.);
#4426 = ORIENTED_EDGE('',*,*,#4427,.F.);
#4427 = EDGE_CURVE('',#4418,#4394,#4428,.T.);
#4428 = LINE('',#4429,#4430);
#4429 = CARTESIAN_POINT('',(-0.16,-0.32,8.54));
#4430 = VECTOR('',#4431,1.);
#4431 = DIRECTION('',(0.,1.,0.));
#4432 = PLANE('',#4433);
#4433 = AXIS2_PLACEMENT_3D('',#4434,#4435,#4436);
#4434 = CARTESIAN_POINT('',(-0.24,-0.32,8.46));
#4435 = DIRECTION('',(0.707106781187,1.735167508357E-18,-0.707106781187)
  );
#4436 = DIRECTION('',(-1.226948711654E-18,1.,1.226948711654E-18));
#4437 = ADVANCED_FACE('',(#4438),#4449,.F.);
#4438 = FACE_BOUND('',#4439,.T.);
#4439 = EDGE_LOOP('',(#4440,#4441,#4442,#4443));
#4440 = ORIENTED_EDGE('',*,*,#4417,.F.);
#4441 = ORIENTED_EDGE('',*,*,#3676,.T.);
#4442 = ORIENTED_EDGE('',*,*,#4362,.T.);
#4443 = ORIENTED_EDGE('',*,*,#4444,.F.);
#4444 = EDGE_CURVE('',#4418,#4363,#4445,.T.);
#4445 = LINE('',#4446,#4447);
#4446 = CARTESIAN_POINT('',(-0.32,-0.16,8.54));
#4447 = VECTOR('',#4448,1.);
#4448 = DIRECTION('',(1.,0.,0.));
#4449 = PLANE('',#4450);
#4450 = AXIS2_PLACEMENT_3D('',#4451,#4452,#4453);
#4451 = CARTESIAN_POINT('',(-0.32,-0.24,8.46));
#4452 = DIRECTION('',(-1.735167508357E-18,0.707106781187,-0.707106781187
    ));
#4453 = DIRECTION('',(-1.,-1.226948711654E-18,1.226948711654E-18));
#4454 = ADVANCED_FACE('',(#4455),#4480,.T.);
#4455 = FACE_BOUND('',#4456,.F.);
#4456 = EDGE_LOOP('',(#4457,#4465,#4466,#4474));
#4457 = ORIENTED_EDGE('',*,*,#4458,.F.);
#4458 = EDGE_CURVE('',#3700,#4459,#4461,.T.);
#4459 = VERTEX_POINT('',#4460);
#4460 = CARTESIAN_POINT('',(-0.16,-2.38,8.54));
#4461 = LINE('',#4462,#4463);
#4462 = CARTESIAN_POINT('',(-0.16,-2.38,8.54));
#4463 = VECTOR('',#4464,1.);
#4464 = DIRECTION('',(0.57735026919,-0.57735026919,0.57735026919));
#4465 = ORIENTED_EDGE('',*,*,#3707,.T.);
#4466 = ORIENTED_EDGE('',*,*,#4467,.T.);
#4467 = EDGE_CURVE('',#3691,#4468,#4470,.T.);
#4468 = VERTEX_POINT('',#4469);
#4469 = CARTESIAN_POINT('',(0.16,-2.38,8.54));
#4470 = LINE('',#4471,#4472);
#4471 = CARTESIAN_POINT('',(5.333333333333E-02,-2.486666666667,
    8.646666666667));
#4472 = VECTOR('',#4473,1.);
#4473 = DIRECTION('',(-0.57735026919,-0.57735026919,0.57735026919));
#4474 = ORIENTED_EDGE('',*,*,#4475,.F.);
#4475 = EDGE_CURVE('',#4459,#4468,#4476,.T.);
#4476 = LINE('',#4477,#4478);
#4477 = CARTESIAN_POINT('',(-0.32,-2.38,8.54));
#4478 = VECTOR('',#4479,1.);
#4479 = DIRECTION('',(1.,0.,0.));
#4480 = PLANE('',#4481);
#4481 = AXIS2_PLACEMENT_3D('',#4482,#4483,#4484);
#4482 = CARTESIAN_POINT('',(-0.32,-2.3,8.46));
#4483 = DIRECTION('',(1.735167508357E-18,0.707106781187,0.707106781187)
  );
#4484 = DIRECTION('',(-1.,1.226948711654E-18,1.226948711654E-18));
#4485 = ADVANCED_FACE('',(#4486),#4504,.F.);
#4486 = FACE_BOUND('',#4487,.F.);
#4487 = EDGE_LOOP('',(#4488,#4496,#4497,#4498));
#4488 = ORIENTED_EDGE('',*,*,#4489,.F.);
#4489 = EDGE_CURVE('',#3722,#4490,#4492,.T.);
#4490 = VERTEX_POINT('',#4491);
#4491 = CARTESIAN_POINT('',(-0.16,-2.7,8.54));
#4492 = LINE('',#4493,#4494);
#4493 = CARTESIAN_POINT('',(-0.266666666667,-2.806666666667,
    8.433333333333));
#4494 = VECTOR('',#4495,1.);
#4495 = DIRECTION('',(0.57735026919,0.57735026919,0.57735026919));
#4496 = ORIENTED_EDGE('',*,*,#3731,.T.);
#4497 = ORIENTED_EDGE('',*,*,#4458,.T.);
#4498 = ORIENTED_EDGE('',*,*,#4499,.F.);
#4499 = EDGE_CURVE('',#4490,#4459,#4500,.T.);
#4500 = LINE('',#4501,#4502);
#4501 = CARTESIAN_POINT('',(-0.16,-2.86,8.54));
#4502 = VECTOR('',#4503,1.);
#4503 = DIRECTION('',(0.,1.,0.));
#4504 = PLANE('',#4505);
#4505 = AXIS2_PLACEMENT_3D('',#4506,#4507,#4508);
#4506 = CARTESIAN_POINT('',(-0.24,-2.86,8.46));
#4507 = DIRECTION('',(0.707106781187,1.735167508357E-18,-0.707106781187)
  );
#4508 = DIRECTION('',(-1.226948711654E-18,1.,1.226948711654E-18));
#4509 = ADVANCED_FACE('',(#4510),#4528,.F.);
#4510 = FACE_BOUND('',#4511,.T.);
#4511 = EDGE_LOOP('',(#4512,#4513,#4514,#4522));
#4512 = ORIENTED_EDGE('',*,*,#4489,.F.);
#4513 = ORIENTED_EDGE('',*,*,#3755,.T.);
#4514 = ORIENTED_EDGE('',*,*,#4515,.T.);
#4515 = EDGE_CURVE('',#3746,#4516,#4518,.T.);
#4516 = VERTEX_POINT('',#4517);
#4517 = CARTESIAN_POINT('',(0.16,-2.7,8.54));
#4518 = LINE('',#4519,#4520);
#4519 = CARTESIAN_POINT('',(0.16,-2.7,8.54));
#4520 = VECTOR('',#4521,1.);
#4521 = DIRECTION('',(-0.57735026919,0.57735026919,0.57735026919));
#4522 = ORIENTED_EDGE('',*,*,#4523,.F.);
#4523 = EDGE_CURVE('',#4490,#4516,#4524,.T.);
#4524 = LINE('',#4525,#4526);
#4525 = CARTESIAN_POINT('',(-0.32,-2.7,8.54));
#4526 = VECTOR('',#4527,1.);
#4527 = DIRECTION('',(1.,0.,0.));
#4528 = PLANE('',#4529);
#4529 = AXIS2_PLACEMENT_3D('',#4530,#4531,#4532);
#4530 = CARTESIAN_POINT('',(-0.32,-2.78,8.46));
#4531 = DIRECTION('',(-1.735167508357E-18,0.707106781187,-0.707106781187
    ));
#4532 = DIRECTION('',(-1.,-1.226948711654E-18,1.226948711654E-18));
#4533 = ADVANCED_FACE('',(#4534),#4545,.T.);
#4534 = FACE_BOUND('',#4535,.T.);
#4535 = EDGE_LOOP('',(#4536,#4537,#4538,#4539));
#4536 = ORIENTED_EDGE('',*,*,#4515,.F.);
#4537 = ORIENTED_EDGE('',*,*,#3772,.T.);
#4538 = ORIENTED_EDGE('',*,*,#4467,.T.);
#4539 = ORIENTED_EDGE('',*,*,#4540,.F.);
#4540 = EDGE_CURVE('',#4516,#4468,#4541,.T.);
#4541 = LINE('',#4542,#4543);
#4542 = CARTESIAN_POINT('',(0.16,-2.86,8.54));
#4543 = VECTOR('',#4544,1.);
#4544 = DIRECTION('',(0.,1.,0.));
#4545 = PLANE('',#4546);
#4546 = AXIS2_PLACEMENT_3D('',#4547,#4548,#4549);
#4547 = CARTESIAN_POINT('',(0.24,-2.86,8.46));
#4548 = DIRECTION('',(0.707106781187,-1.735167508357E-18,0.707106781187)
  );
#4549 = DIRECTION('',(1.226948711654E-18,1.,1.226948711654E-18));
#4550 = ADVANCED_FACE('',(#4551),#4557,.F.);
#4551 = FACE_BOUND('',#4552,.F.);
#4552 = EDGE_LOOP('',(#4553,#4554,#4555,#4556));
#4553 = ORIENTED_EDGE('',*,*,#3868,.T.);
#4554 = ORIENTED_EDGE('',*,*,#3803,.F.);
#4555 = ORIENTED_EDGE('',*,*,#3827,.F.);
#4556 = ORIENTED_EDGE('',*,*,#3851,.T.);
#4557 = PLANE('',#4558);
#4558 = AXIS2_PLACEMENT_3D('',#4559,#4560,#4561);
#4559 = CARTESIAN_POINT('',(-0.32,-5.4,-3.));
#4560 = DIRECTION('',(0.,0.,1.));
#4561 = DIRECTION('',(1.,0.,-0.));
#4562 = ADVANCED_FACE('',(#4563),#4569,.F.);
#4563 = FACE_BOUND('',#4564,.F.);
#4564 = EDGE_LOOP('',(#4565,#4566,#4567,#4568));
#4565 = ORIENTED_EDGE('',*,*,#3899,.T.);
#4566 = ORIENTED_EDGE('',*,*,#3923,.F.);
#4567 = ORIENTED_EDGE('',*,*,#3947,.F.);
#4568 = ORIENTED_EDGE('',*,*,#3964,.T.);
#4569 = PLANE('',#4570);
#4570 = AXIS2_PLACEMENT_3D('',#4571,#4572,#4573);
#4571 = CARTESIAN_POINT('',(-0.32,-7.94,-3.));
#4572 = DIRECTION('',(0.,0.,1.));
#4573 = DIRECTION('',(1.,0.,-0.));
#4574 = ADVANCED_FACE('',(#4575),#4581,.F.);
#4575 = FACE_BOUND('',#4576,.F.);
#4576 = EDGE_LOOP('',(#4577,#4578,#4579,#4580));
#4577 = ORIENTED_EDGE('',*,*,#3995,.T.);
#4578 = ORIENTED_EDGE('',*,*,#4019,.F.);
#4579 = ORIENTED_EDGE('',*,*,#4043,.F.);
#4580 = ORIENTED_EDGE('',*,*,#4060,.T.);
#4581 = PLANE('',#4582);
#4582 = AXIS2_PLACEMENT_3D('',#4583,#4584,#4585);
#4583 = CARTESIAN_POINT('',(-0.32,-0.32,-3.));
#4584 = DIRECTION('',(0.,0.,1.));
#4585 = DIRECTION('',(1.,0.,-0.));
#4586 = ADVANCED_FACE('',(#4587),#4593,.F.);
#4587 = FACE_BOUND('',#4588,.F.);
#4588 = EDGE_LOOP('',(#4589,#4590,#4591,#4592));
#4589 = ORIENTED_EDGE('',*,*,#4156,.T.);
#4590 = ORIENTED_EDGE('',*,*,#4091,.F.);
#4591 = ORIENTED_EDGE('',*,*,#4115,.F.);
#4592 = ORIENTED_EDGE('',*,*,#4139,.T.);
#4593 = PLANE('',#4594);
#4594 = AXIS2_PLACEMENT_3D('',#4595,#4596,#4597);
#4595 = CARTESIAN_POINT('',(-0.32,-2.86,-3.));
#4596 = DIRECTION('',(0.,0.,1.));
#4597 = DIRECTION('',(1.,0.,-0.));
#4598 = ADVANCED_FACE('',(#4599),#4605,.T.);
#4599 = FACE_BOUND('',#4600,.T.);
#4600 = EDGE_LOOP('',(#4601,#4602,#4603,#4604));
#4601 = ORIENTED_EDGE('',*,*,#4252,.T.);
#4602 = ORIENTED_EDGE('',*,*,#4187,.F.);
#4603 = ORIENTED_EDGE('',*,*,#4211,.F.);
#4604 = ORIENTED_EDGE('',*,*,#4235,.T.);
#4605 = PLANE('',#4606);
#4606 = AXIS2_PLACEMENT_3D('',#4607,#4608,#4609);
#4607 = CARTESIAN_POINT('',(-0.32,-5.4,8.54));
#4608 = DIRECTION('',(0.,0.,1.));
#4609 = DIRECTION('',(1.,0.,-0.));
#4610 = ADVANCED_FACE('',(#4611),#4617,.T.);
#4611 = FACE_BOUND('',#4612,.T.);
#4612 = EDGE_LOOP('',(#4613,#4614,#4615,#4616));
#4613 = ORIENTED_EDGE('',*,*,#4283,.T.);
#4614 = ORIENTED_EDGE('',*,*,#4307,.F.);
#4615 = ORIENTED_EDGE('',*,*,#4331,.F.);
#4616 = ORIENTED_EDGE('',*,*,#4348,.T.);
#4617 = PLANE('',#4618);
#4618 = AXIS2_PLACEMENT_3D('',#4619,#4620,#4621);
#4619 = CARTESIAN_POINT('',(-0.32,-7.94,8.54));
#4620 = DIRECTION('',(0.,0.,1.));
#4621 = DIRECTION('',(1.,0.,-0.));
#4622 = ADVANCED_FACE('',(#4623),#4629,.T.);
#4623 = FACE_BOUND('',#4624,.T.);
#4624 = EDGE_LOOP('',(#4625,#4626,#4627,#4628));
#4625 = ORIENTED_EDGE('',*,*,#4379,.T.);
#4626 = ORIENTED_EDGE('',*,*,#4403,.F.);
#4627 = ORIENTED_EDGE('',*,*,#4427,.F.);
#4628 = ORIENTED_EDGE('',*,*,#4444,.T.);
#4629 = PLANE('',#4630);
#4630 = AXIS2_PLACEMENT_3D('',#4631,#4632,#4633);
#4631 = CARTESIAN_POINT('',(-0.32,-0.32,8.54));
#4632 = DIRECTION('',(0.,0.,1.));
#4633 = DIRECTION('',(1.,0.,-0.));
#4634 = ADVANCED_FACE('',(#4635),#4641,.T.);
#4635 = FACE_BOUND('',#4636,.T.);
#4636 = EDGE_LOOP('',(#4637,#4638,#4639,#4640));
#4637 = ORIENTED_EDGE('',*,*,#4540,.T.);
#4638 = ORIENTED_EDGE('',*,*,#4475,.F.);
#4639 = ORIENTED_EDGE('',*,*,#4499,.F.);
#4640 = ORIENTED_EDGE('',*,*,#4523,.T.);
#4641 = PLANE('',#4642);
#4642 = AXIS2_PLACEMENT_3D('',#4643,#4644,#4645);
#4643 = CARTESIAN_POINT('',(-0.32,-2.86,8.54));
#4644 = DIRECTION('',(0.,0.,1.));
#4645 = DIRECTION('',(1.,0.,-0.));
#4646 = ( GEOMETRIC_REPRESENTATION_CONTEXT(3) 
GLOBAL_UNCERTAINTY_ASSIGNED_CONTEXT((#4650)) 
GLOBAL_UNIT_ASSIGNED_CONTEXT((#4647,#4648,#4649)) REPRESENTATION_CONTEXT
('Context #1','3D Context with UNIT and UNCERTAINTY') );
#4647 = ( LENGTH_UNIT() NAMED_UNIT(*) SI_UNIT(.MILLI.,.METRE.) );
#4648 = ( NAMED_UNIT(*) PLANE_ANGLE_UNIT() SI_UNIT($,.RADIAN.) );
#4649 = ( NAMED_UNIT(*) SI_UNIT($,.STERADIAN.) SOLID_ANGLE_UNIT() );
#4650 = UNCERTAINTY_MEASURE_WITH_UNIT(LENGTH_MEASURE(1.E-07),#4647,
  'distance_accuracy_value','confusion accuracy');
#4651 = CONTEXT_DEPENDENT_SHAPE_REPRESENTATION(#4652,#4654);
#4652 = ( REPRESENTATION_RELATIONSHIP('','',#1865,#1842) 
REPRESENTATION_RELATIONSHIP_WITH_TRANSFORMATION(#4653) 
SHAPE_REPRESENTATION_RELATIONSHIP() );
#4653 = ITEM_DEFINED_TRANSFORMATION('','',#11,#1843);
#4654 = PRODUCT_DEFINITION_SHAPE('Placement','Placement of an item',
  #4655);
#4655 = NEXT_ASSEMBLY_USAGE_OCCURRENCE('7','=>[0:1:1:7]','',#1837,#1860,
  $);
#4656 = PRODUCT_RELATED_PRODUCT_CATEGORY('part',$,(#1862));
#4657 = CONTEXT_DEPENDENT_SHAPE_REPRESENTATION(#4658,#4660);
#4658 = ( REPRESENTATION_RELATIONSHIP('','',#104,#10) 
REPRESENTATION_RELATIONSHIP_WITH_TRANSFORMATION(#4659) 
SHAPE_REPRESENTATION_RELATIONSHIP() );
#4659 = ITEM_DEFINED_TRANSFORMATION('','',#11,#35);
#4660 = PRODUCT_DEFINITION_SHAPE('Placement','Placement of an item',
  #4661);
#4661 = NEXT_ASSEMBLY_USAGE_OCCURRENCE('9','R27','',#5,#99,$);
#4662 = CONTEXT_DEPENDENT_SHAPE_REPRESENTATION(#4663,#4665);
#4663 = ( REPRESENTATION_RELATIONSHIP('','',#104,#10) 
REPRESENTATION_RELATIONSHIP_WITH_TRANSFORMATION(#4664) 
SHAPE_REPRESENTATION_RELATIONSHIP() );
#4664 = ITEM_DEFINED_TRANSFORMATION('','',#11,#39);
#4665 = PRODUCT_DEFINITION_SHAPE('Placement','Placement of an item',
  #4666);
#4666 = NEXT_ASSEMBLY_USAGE_OCCURRENCE('10','R31','',#5,#99,$);
#4667 = CONTEXT_DEPENDENT_SHAPE_REPRESENTATION(#4668,#4670);
#4668 = ( REPRESENTATION_RELATIONSHIP('','',#104,#10) 
REPRESENTATION_RELATIONSHIP_WITH_TRANSFORMATION(#4669) 
SHAPE_REPRESENTATION_RELATIONSHIP() );
#4669 = ITEM_DEFINED_TRANSFORMATION('','',#11,#43);
#4670 = PRODUCT_DEFINITION_SHAPE('Placement','Placement of an item',
  #4671);
#4671 = NEXT_ASSEMBLY_USAGE_OCCURRENCE('11','R29','',#5,#99,$);
#4672 = CONTEXT_DEPENDENT_SHAPE_REPRESENTATION(#4673,#4675);
#4673 = ( REPRESENTATION_RELATIONSHIP('','',#936,#10) 
REPRESENTATION_RELATIONSHIP_WITH_TRANSFORMATION(#4674) 
SHAPE_REPRESENTATION_RELATIONSHIP() );
#4674 = ITEM_DEFINED_TRANSFORMATION('','',#11,#47);
#4675 = PRODUCT_DEFINITION_SHAPE('Placement','Placement of an item',
  #4676);
#4676 = NEXT_ASSEMBLY_USAGE_OCCURRENCE('12','C38','',#5,#931,$);
#4677 = CONTEXT_DEPENDENT_SHAPE_REPRESENTATION(#4678,#4680);
#4678 = ( REPRESENTATION_RELATIONSHIP('','',#936,#10) 
REPRESENTATION_RELATIONSHIP_WITH_TRANSFORMATION(#4679) 
SHAPE_REPRESENTATION_RELATIONSHIP() );
#4679 = ITEM_DEFINED_TRANSFORMATION('','',#11,#51);
#4680 = PRODUCT_DEFINITION_SHAPE('Placement','Placement of an item',
  #4681);
#4681 = NEXT_ASSEMBLY_USAGE_OCCURRENCE('13','C39','',#5,#931,$);
#4682 = CONTEXT_DEPENDENT_SHAPE_REPRESENTATION(#4683,#4685);
#4683 = ( REPRESENTATION_RELATIONSHIP('','',#104,#10) 
REPRESENTATION_RELATIONSHIP_WITH_TRANSFORMATION(#4684) 
SHAPE_REPRESENTATION_RELATIONSHIP() );
#4684 = ITEM_DEFINED_TRANSFORMATION('','',#11,#55);
#4685 = PRODUCT_DEFINITION_SHAPE('Placement','Placement of an item',
  #4686);
#4686 = NEXT_ASSEMBLY_USAGE_OCCURRENCE('14','R32','',#5,#99,$);
#4687 = SHAPE_DEFINITION_REPRESENTATION(#4688,#4694);
#4688 = PRODUCT_DEFINITION_SHAPE('','',#4689);
#4689 = PRODUCT_DEFINITION('design','',#4690,#4693);
#4690 = PRODUCT_DEFINITION_FORMATION('','',#4691);
#4691 = PRODUCT('D_SMA','D_SMA','',(#4692));
#4692 = PRODUCT_CONTEXT('',#2,'mechanical');
#4693 = PRODUCT_DEFINITION_CONTEXT('part definition',#2,'design');
#4694 = SHAPE_REPRESENTATION('',(#11,#4695),#4699);
#4695 = AXIS2_PLACEMENT_3D('',#4696,#4697,#4698);
#4696 = CARTESIAN_POINT('',(0.,0.,0.));
#4697 = DIRECTION('',(0.,0.,1.));
#4698 = DIRECTION('',(1.,0.,-0.));
#4699 = ( GEOMETRIC_REPRESENTATION_CONTEXT(3) 
GLOBAL_UNCERTAINTY_ASSIGNED_CONTEXT((#4703)) 
GLOBAL_UNIT_ASSIGNED_CONTEXT((#4700,#4701,#4702)) REPRESENTATION_CONTEXT
('Context #1','3D Context with UNIT and UNCERTAINTY') );
#4700 = ( LENGTH_UNIT() NAMED_UNIT(*) SI_UNIT(.MILLI.,.METRE.) );
#4701 = ( NAMED_UNIT(*) PLANE_ANGLE_UNIT() SI_UNIT($,.RADIAN.) );
#4702 = ( NAMED_UNIT(*) SI_UNIT($,.STERADIAN.) SOLID_ANGLE_UNIT() );
#4703 = UNCERTAINTY_MEASURE_WITH_UNIT(LENGTH_MEASURE(1.E-07),#4700,
  'distance_accuracy_value','confusion accuracy');
#4704 = CONTEXT_DEPENDENT_SHAPE_REPRESENTATION(#4705,#4707);
#4705 = ( REPRESENTATION_RELATIONSHIP('','',#4694,#10) 
REPRESENTATION_RELATIONSHIP_WITH_TRANSFORMATION(#4706) 
SHAPE_REPRESENTATION_RELATIONSHIP() );
#4706 = ITEM_DEFINED_TRANSFORMATION('','',#11,#59);
#4707 = PRODUCT_DEFINITION_SHAPE('Placement','Placement of an item',
  #4708);
#4708 = NEXT_ASSEMBLY_USAGE_OCCURRENCE('16','D1','',#5,#4689,$);
#4709 = PRODUCT_RELATED_PRODUCT_CATEGORY('part',$,(#4691));
#4710 = SHAPE_DEFINITION_REPRESENTATION(#4711,#4717);
#4711 = PRODUCT_DEFINITION_SHAPE('','',#4712);
#4712 = PRODUCT_DEFINITION('design','',#4713,#4716);
#4713 = PRODUCT_DEFINITION_FORMATION('','',#4714);
#4714 = PRODUCT('D_SMA','D_SMA','',(#4715));
#4715 = PRODUCT_CONTEXT('',#2,'mechanical');
#4716 = PRODUCT_DEFINITION_CONTEXT('part definition',#2,'design');
#4717 = ADVANCED_BREP_SHAPE_REPRESENTATION('',(#11,#4718),#5926);
#4718 = MANIFOLD_SOLID_BREP('',#4719);
#4719 = CLOSED_SHELL('',(#4720,#4760,#4843,#4868,#4943,#4960,#4977,#4994
    ,#5011,#5028,#5044,#5091,#5126,#5165,#5194,#5233,#5262,#5316,#5359,
    #5382,#5405,#5428,#5479,#5502,#5519,#5593,#5617,#5684,#5696,#5708,
    #5725,#5754,#5777,#5800,#5817,#5839,#5851,#5868,#5885,#5902,#5914));
#4720 = ADVANCED_FACE('',(#4721),#4755,.T.);
#4721 = FACE_BOUND('',#4722,.T.);
#4722 = EDGE_LOOP('',(#4723,#4733,#4741,#4749));
#4723 = ORIENTED_EDGE('',*,*,#4724,.T.);
#4724 = EDGE_CURVE('',#4725,#4727,#4729,.T.);
#4725 = VERTEX_POINT('',#4726);
#4726 = CARTESIAN_POINT('',(1.14,0.75,0.));
#4727 = VERTEX_POINT('',#4728);
#4728 = CARTESIAN_POINT('',(2.353333333333,0.75,-2.775557561563E-17));
#4729 = LINE('',#4730,#4731);
#4730 = CARTESIAN_POINT('',(2.28,0.75,0.));
#4731 = VECTOR('',#4732,1.);
#4732 = DIRECTION('',(1.,-3.445092848398E-16,0.));
#4733 = ORIENTED_EDGE('',*,*,#4734,.T.);
#4734 = EDGE_CURVE('',#4727,#4735,#4737,.T.);
#4735 = VERTEX_POINT('',#4736);
#4736 = CARTESIAN_POINT('',(2.353333333333,-0.75,-2.775557561563E-17));
#4737 = LINE('',#4738,#4739);
#4738 = CARTESIAN_POINT('',(2.353333333333,0.75,-2.775557561563E-17));
#4739 = VECTOR('',#4740,1.);
#4740 = DIRECTION('',(-3.445092848398E-16,-1.,0.));
#4741 = ORIENTED_EDGE('',*,*,#4742,.T.);
#4742 = EDGE_CURVE('',#4735,#4743,#4745,.T.);
#4743 = VERTEX_POINT('',#4744);
#4744 = CARTESIAN_POINT('',(1.14,-0.75,0.));
#4745 = LINE('',#4746,#4747);
#4746 = CARTESIAN_POINT('',(2.28,-0.75,0.));
#4747 = VECTOR('',#4748,1.);
#4748 = DIRECTION('',(-1.,3.445092848398E-16,0.));
#4749 = ORIENTED_EDGE('',*,*,#4750,.T.);
#4750 = EDGE_CURVE('',#4743,#4725,#4751,.T.);
#4751 = LINE('',#4752,#4753);
#4752 = CARTESIAN_POINT('',(1.14,-0.75,0.));
#4753 = VECTOR('',#4754,1.);
#4754 = DIRECTION('',(3.445092848398E-16,1.,0.));
#4755 = PLANE('',#4756);
#4756 = AXIS2_PLACEMENT_3D('',#4757,#4758,#4759);
#4757 = CARTESIAN_POINT('',(1.746666666667,-5.821951347626E-16,
    -7.671995716851E-18));
#4758 = DIRECTION('',(-1.332277103521E-17,5.237186372803E-33,-1.));
#4759 = DIRECTION('',(1.,-2.22044604925E-16,-1.332277103521E-17));
#4760 = ADVANCED_FACE('',(#4761),#4838,.T.);
#4761 = FACE_BOUND('',#4762,.T.);
#4762 = EDGE_LOOP('',(#4763,#4773,#4780,#4781,#4789,#4797,#4807,#4815,
    #4823,#4831));
#4763 = ORIENTED_EDGE('',*,*,#4764,.F.);
#4764 = EDGE_CURVE('',#4765,#4767,#4769,.T.);
#4765 = VERTEX_POINT('',#4766);
#4766 = CARTESIAN_POINT('',(2.5,0.75,0.146666666667));
#4767 = VERTEX_POINT('',#4768);
#4768 = CARTESIAN_POINT('',(2.5,0.75,0.842343333333));
#4769 = LINE('',#4770,#4771);
#4770 = CARTESIAN_POINT('',(2.5,0.75,0.));
#4771 = VECTOR('',#4772,1.);
#4772 = DIRECTION('',(0.,0.,1.));
#4773 = ORIENTED_EDGE('',*,*,#4774,.T.);
#4774 = EDGE_CURVE('',#4765,#4727,#4775,.T.);
#4775 = CIRCLE('',#4776,0.146666666667);
#4776 = AXIS2_PLACEMENT_3D('',#4777,#4778,#4779);
#4777 = CARTESIAN_POINT('',(2.353333333333,0.75,0.146666666667));
#4778 = DIRECTION('',(3.445092848398E-16,1.,-0.));
#4779 = DIRECTION('',(0.,0.,1.));
#4780 = ORIENTED_EDGE('',*,*,#4724,.F.);
#4781 = ORIENTED_EDGE('',*,*,#4782,.T.);
#4782 = EDGE_CURVE('',#4725,#4783,#4785,.T.);
#4783 = VERTEX_POINT('',#4784);
#4784 = CARTESIAN_POINT('',(1.14,0.75,0.22));
#4785 = LINE('',#4786,#4787);
#4786 = CARTESIAN_POINT('',(1.14,0.75,0.));
#4787 = VECTOR('',#4788,1.);
#4788 = DIRECTION('',(0.,0.,1.));
#4789 = ORIENTED_EDGE('',*,*,#4790,.F.);
#4790 = EDGE_CURVE('',#4791,#4783,#4793,.T.);
#4791 = VERTEX_POINT('',#4792);
#4792 = CARTESIAN_POINT('',(2.225259344883,0.75,0.22));
#4793 = LINE('',#4794,#4795);
#4794 = CARTESIAN_POINT('',(2.108163247245,0.75,0.22));
#4795 = VECTOR('',#4796,1.);
#4796 = DIRECTION('',(-1.,4.514825988711E-16,0.));
#4797 = ORIENTED_EDGE('',*,*,#4798,.T.);
#4798 = EDGE_CURVE('',#4791,#4799,#4801,.T.);
#4799 = VERTEX_POINT('',#4800);
#4800 = CARTESIAN_POINT('',(2.225413939802,0.75,0.2222));
#4801 = B_SPLINE_CURVE_WITH_KNOTS('',4,(#4802,#4803,#4804,#4805,#4806),
  .UNSPECIFIED.,.F.,.F.,(5,5),(0.,1.),.PIECEWISE_BEZIER_KNOTS.);
#4802 = CARTESIAN_POINT('',(2.225259344883,0.75,0.22));
#4803 = CARTESIAN_POINT('',(2.238768685756,0.75,0.412247910026));
#4804 = CARTESIAN_POINT('',(2.25227825666,0.75,0.604499093572));
#4805 = CARTESIAN_POINT('',(2.265788033788,0.75,0.796753211837));
#4806 = CARTESIAN_POINT('',(2.279297998531,0.75,0.98901));
#4807 = ORIENTED_EDGE('',*,*,#4808,.T.);
#4808 = EDGE_CURVE('',#4799,#4809,#4811,.T.);
#4809 = VERTEX_POINT('',#4810);
#4810 = CARTESIAN_POINT('',(2.28,0.75,0.2222));
#4811 = LINE('',#4812,#4813);
#4812 = CARTESIAN_POINT('',(1.14,0.75,0.2222));
#4813 = VECTOR('',#4814,1.);
#4814 = DIRECTION('',(1.,-3.445092848398E-16,0.));
#4815 = ORIENTED_EDGE('',*,*,#4816,.T.);
#4816 = EDGE_CURVE('',#4809,#4817,#4819,.T.);
#4817 = VERTEX_POINT('',#4818);
#4818 = CARTESIAN_POINT('',(2.28,0.75,0.98901));
#4819 = LINE('',#4820,#4821);
#4820 = CARTESIAN_POINT('',(2.28,0.75,0.));
#4821 = VECTOR('',#4822,1.);
#4822 = DIRECTION('',(0.,0.,1.));
#4823 = ORIENTED_EDGE('',*,*,#4824,.T.);
#4824 = EDGE_CURVE('',#4817,#4825,#4827,.T.);
#4825 = VERTEX_POINT('',#4826);
#4826 = CARTESIAN_POINT('',(2.353333333333,0.75,0.98901));
#4827 = LINE('',#4828,#4829);
#4828 = CARTESIAN_POINT('',(2.28,0.75,0.98901));
#4829 = VECTOR('',#4830,1.);
#4830 = DIRECTION('',(1.,-3.445092848398E-16,0.));
#4831 = ORIENTED_EDGE('',*,*,#4832,.F.);
#4832 = EDGE_CURVE('',#4767,#4825,#4833,.T.);
#4833 = CIRCLE('',#4834,0.146666666667);
#4834 = AXIS2_PLACEMENT_3D('',#4835,#4836,#4837);
#4835 = CARTESIAN_POINT('',(2.353333333333,0.75,0.842343333333));
#4836 = DIRECTION('',(-3.445092848398E-16,-1.,0.));
#4837 = DIRECTION('',(0.,0.,1.));
#4838 = PLANE('',#4839);
#4839 = AXIS2_PLACEMENT_3D('',#4840,#4841,#4842);
#4840 = CARTESIAN_POINT('',(1.991067149606,0.75,0.303091083877));
#4841 = DIRECTION('',(4.514825988711E-16,1.,5.822139933717E-17));
#4842 = DIRECTION('',(-1.,4.514825988711E-16,0.));
#4843 = ADVANCED_FACE('',(#4844),#4863,.T.);
#4844 = FACE_BOUND('',#4845,.T.);
#4845 = EDGE_LOOP('',(#4846,#4854,#4861,#4862));
#4846 = ORIENTED_EDGE('',*,*,#4847,.T.);
#4847 = EDGE_CURVE('',#4765,#4848,#4850,.T.);
#4848 = VERTEX_POINT('',#4849);
#4849 = CARTESIAN_POINT('',(2.5,-0.75,0.146666666667));
#4850 = LINE('',#4851,#4852);
#4851 = CARTESIAN_POINT('',(2.5,0.75,0.146666666667));
#4852 = VECTOR('',#4853,1.);
#4853 = DIRECTION('',(-3.445092848398E-16,-1.,0.));
#4854 = ORIENTED_EDGE('',*,*,#4855,.T.);
#4855 = EDGE_CURVE('',#4848,#4735,#4856,.T.);
#4856 = CIRCLE('',#4857,0.146666666667);
#4857 = AXIS2_PLACEMENT_3D('',#4858,#4859,#4860);
#4858 = CARTESIAN_POINT('',(2.353333333333,-0.75,0.146666666667));
#4859 = DIRECTION('',(3.445092848398E-16,1.,-0.));
#4860 = DIRECTION('',(0.,0.,1.));
#4861 = ORIENTED_EDGE('',*,*,#4734,.F.);
#4862 = ORIENTED_EDGE('',*,*,#4774,.F.);
#4863 = CYLINDRICAL_SURFACE('',#4864,0.146666666667);
#4864 = AXIS2_PLACEMENT_3D('',#4865,#4866,#4867);
#4865 = CARTESIAN_POINT('',(2.353333333333,0.75,0.146666666667));
#4866 = DIRECTION('',(-3.445092848398E-16,-1.,0.));
#4867 = DIRECTION('',(1.,-3.445092848398E-16,0.));
#4868 = ADVANCED_FACE('',(#4869),#4938,.T.);
#4869 = FACE_BOUND('',#4870,.T.);
#4870 = EDGE_LOOP('',(#4871,#4872,#4880,#4889,#4897,#4905,#4913,#4923,
    #4931,#4937));
#4871 = ORIENTED_EDGE('',*,*,#4855,.F.);
#4872 = ORIENTED_EDGE('',*,*,#4873,.T.);
#4873 = EDGE_CURVE('',#4848,#4874,#4876,.T.);
#4874 = VERTEX_POINT('',#4875);
#4875 = CARTESIAN_POINT('',(2.5,-0.75,0.842343333333));
#4876 = LINE('',#4877,#4878);
#4877 = CARTESIAN_POINT('',(2.5,-0.75,0.));
#4878 = VECTOR('',#4879,1.);
#4879 = DIRECTION('',(0.,0.,1.));
#4880 = ORIENTED_EDGE('',*,*,#4881,.T.);
#4881 = EDGE_CURVE('',#4874,#4882,#4884,.T.);
#4882 = VERTEX_POINT('',#4883);
#4883 = CARTESIAN_POINT('',(2.353333333333,-0.75,0.98901));
#4884 = CIRCLE('',#4885,0.146666666667);
#4885 = AXIS2_PLACEMENT_3D('',#4886,#4887,#4888);
#4886 = CARTESIAN_POINT('',(2.353333333333,-0.75,0.842343333333));
#4887 = DIRECTION('',(-3.445092848398E-16,-1.,0.));
#4888 = DIRECTION('',(0.,0.,1.));
#4889 = ORIENTED_EDGE('',*,*,#4890,.T.);
#4890 = EDGE_CURVE('',#4882,#4891,#4893,.T.);
#4891 = VERTEX_POINT('',#4892);
#4892 = CARTESIAN_POINT('',(2.28,-0.75,0.98901));
#4893 = LINE('',#4894,#4895);
#4894 = CARTESIAN_POINT('',(2.5,-0.75,0.98901));
#4895 = VECTOR('',#4896,1.);
#4896 = DIRECTION('',(-1.,3.445092848398E-16,0.));
#4897 = ORIENTED_EDGE('',*,*,#4898,.F.);
#4898 = EDGE_CURVE('',#4899,#4891,#4901,.T.);
#4899 = VERTEX_POINT('',#4900);
#4900 = CARTESIAN_POINT('',(2.28,-0.75,0.2222));
#4901 = LINE('',#4902,#4903);
#4902 = CARTESIAN_POINT('',(2.28,-0.75,0.));
#4903 = VECTOR('',#4904,1.);
#4904 = DIRECTION('',(0.,0.,1.));
#4905 = ORIENTED_EDGE('',*,*,#4906,.T.);
#4906 = EDGE_CURVE('',#4899,#4907,#4909,.T.);
#4907 = VERTEX_POINT('',#4908);
#4908 = CARTESIAN_POINT('',(2.225413939802,-0.75,0.2222));
#4909 = LINE('',#4910,#4911);
#4910 = CARTESIAN_POINT('',(2.28,-0.75,0.2222));
#4911 = VECTOR('',#4912,1.);
#4912 = DIRECTION('',(-1.,3.445092848398E-16,0.));
#4913 = ORIENTED_EDGE('',*,*,#4914,.F.);
#4914 = EDGE_CURVE('',#4915,#4907,#4917,.T.);
#4915 = VERTEX_POINT('',#4916);
#4916 = CARTESIAN_POINT('',(2.225259344883,-0.75,0.22));
#4917 = B_SPLINE_CURVE_WITH_KNOTS('',4,(#4918,#4919,#4920,#4921,#4922),
  .UNSPECIFIED.,.F.,.F.,(5,5),(0.,1.),.PIECEWISE_BEZIER_KNOTS.);
#4918 = CARTESIAN_POINT('',(2.225259344883,-0.75,0.22));
#4919 = CARTESIAN_POINT('',(2.238768685756,-0.75,0.412247910026));
#4920 = CARTESIAN_POINT('',(2.25227825666,-0.75,0.604499093572));
#4921 = CARTESIAN_POINT('',(2.265788033788,-0.75,0.796753211837));
#4922 = CARTESIAN_POINT('',(2.279297998531,-0.75,0.98901));
#4923 = ORIENTED_EDGE('',*,*,#4924,.F.);
#4924 = EDGE_CURVE('',#4925,#4915,#4927,.T.);
#4925 = VERTEX_POINT('',#4926);
#4926 = CARTESIAN_POINT('',(1.14,-0.75,0.22));
#4927 = LINE('',#4928,#4929);
#4928 = CARTESIAN_POINT('',(2.108163247245,-0.75,0.22));
#4929 = VECTOR('',#4930,1.);
#4930 = DIRECTION('',(1.,-2.844998265321E-16,-0.));
#4931 = ORIENTED_EDGE('',*,*,#4932,.F.);
#4932 = EDGE_CURVE('',#4743,#4925,#4933,.T.);
#4933 = LINE('',#4934,#4935);
#4934 = CARTESIAN_POINT('',(1.14,-0.75,0.));
#4935 = VECTOR('',#4936,1.);
#4936 = DIRECTION('',(0.,0.,1.));
#4937 = ORIENTED_EDGE('',*,*,#4742,.F.);
#4938 = PLANE('',#4939);
#4939 = AXIS2_PLACEMENT_3D('',#4940,#4941,#4942);
#4940 = CARTESIAN_POINT('',(1.991067149606,-0.75,0.303091083877));
#4941 = DIRECTION('',(-2.844998265321E-16,-1.,-7.396066644327E-17));
#4942 = DIRECTION('',(1.642256696039E-32,7.396066644327E-17,-1.));
#4943 = ADVANCED_FACE('',(#4944),#4955,.T.);
#4944 = FACE_BOUND('',#4945,.T.);
#4945 = EDGE_LOOP('',(#4946,#4947,#4948,#4954));
#4946 = ORIENTED_EDGE('',*,*,#4750,.F.);
#4947 = ORIENTED_EDGE('',*,*,#4932,.T.);
#4948 = ORIENTED_EDGE('',*,*,#4949,.F.);
#4949 = EDGE_CURVE('',#4783,#4925,#4950,.T.);
#4950 = LINE('',#4951,#4952);
#4951 = CARTESIAN_POINT('',(1.14,-1.022629672442,0.22));
#4952 = VECTOR('',#4953,1.);
#4953 = DIRECTION('',(-3.445092848398E-16,-1.,0.));
#4954 = ORIENTED_EDGE('',*,*,#4782,.F.);
#4955 = PLANE('',#4956);
#4956 = AXIS2_PLACEMENT_3D('',#4957,#4958,#4959);
#4957 = CARTESIAN_POINT('',(1.14,-0.75,0.));
#4958 = DIRECTION('',(-1.,3.445092848398E-16,0.));
#4959 = DIRECTION('',(3.445092848398E-16,1.,0.));
#4960 = ADVANCED_FACE('',(#4961),#4972,.T.);
#4961 = FACE_BOUND('',#4962,.T.);
#4962 = EDGE_LOOP('',(#4963,#4964,#4970,#4971));
#4963 = ORIENTED_EDGE('',*,*,#4764,.T.);
#4964 = ORIENTED_EDGE('',*,*,#4965,.T.);
#4965 = EDGE_CURVE('',#4767,#4874,#4966,.T.);
#4966 = LINE('',#4967,#4968);
#4967 = CARTESIAN_POINT('',(2.5,0.75,0.842343333333));
#4968 = VECTOR('',#4969,1.);
#4969 = DIRECTION('',(-3.445092848398E-16,-1.,0.));
#4970 = ORIENTED_EDGE('',*,*,#4873,.F.);
#4971 = ORIENTED_EDGE('',*,*,#4847,.F.);
#4972 = PLANE('',#4973);
#4973 = AXIS2_PLACEMENT_3D('',#4974,#4975,#4976);
#4974 = CARTESIAN_POINT('',(2.5,0.75,0.));
#4975 = DIRECTION('',(1.,-3.445092848398E-16,0.));
#4976 = DIRECTION('',(-3.445092848398E-16,-1.,0.));
#4977 = ADVANCED_FACE('',(#4978),#4989,.T.);
#4978 = FACE_BOUND('',#4979,.T.);
#4979 = EDGE_LOOP('',(#4980,#4981,#4987,#4988));
#4980 = ORIENTED_EDGE('',*,*,#4832,.T.);
#4981 = ORIENTED_EDGE('',*,*,#4982,.T.);
#4982 = EDGE_CURVE('',#4825,#4882,#4983,.T.);
#4983 = LINE('',#4984,#4985);
#4984 = CARTESIAN_POINT('',(2.353333333333,0.75,0.98901));
#4985 = VECTOR('',#4986,1.);
#4986 = DIRECTION('',(-3.445092848398E-16,-1.,0.));
#4987 = ORIENTED_EDGE('',*,*,#4881,.F.);
#4988 = ORIENTED_EDGE('',*,*,#4965,.F.);
#4989 = CYLINDRICAL_SURFACE('',#4990,0.146666666667);
#4990 = AXIS2_PLACEMENT_3D('',#4991,#4992,#4993);
#4991 = CARTESIAN_POINT('',(2.353333333333,0.75,0.842343333333));
#4992 = DIRECTION('',(-3.445092848398E-16,-1.,0.));
#4993 = DIRECTION('',(1.,-3.445092848398E-16,0.));
#4994 = ADVANCED_FACE('',(#4995),#5006,.F.);
#4995 = FACE_BOUND('',#4996,.F.);
#4996 = EDGE_LOOP('',(#4997,#4998,#4999,#5000));
#4997 = ORIENTED_EDGE('',*,*,#4824,.T.);
#4998 = ORIENTED_EDGE('',*,*,#4982,.T.);
#4999 = ORIENTED_EDGE('',*,*,#4890,.T.);
#5000 = ORIENTED_EDGE('',*,*,#5001,.T.);
#5001 = EDGE_CURVE('',#4891,#4817,#5002,.T.);
#5002 = LINE('',#5003,#5004);
#5003 = CARTESIAN_POINT('',(2.28,-0.75,0.98901));
#5004 = VECTOR('',#5005,1.);
#5005 = DIRECTION('',(3.445092848398E-16,1.,0.));
#5006 = PLANE('',#5007);
#5007 = AXIS2_PLACEMENT_3D('',#5008,#5009,#5010);
#5008 = CARTESIAN_POINT('',(2.39,-6.661338147751E-16,0.98901));
#5009 = DIRECTION('',(0.,0.,-1.));
#5010 = DIRECTION('',(3.445092848398E-16,1.,0.));
#5011 = ADVANCED_FACE('',(#5012),#5023,.T.);
#5012 = FACE_BOUND('',#5013,.T.);
#5013 = EDGE_LOOP('',(#5014,#5020,#5021,#5022));
#5014 = ORIENTED_EDGE('',*,*,#5015,.T.);
#5015 = EDGE_CURVE('',#4809,#4899,#5016,.T.);
#5016 = LINE('',#5017,#5018);
#5017 = CARTESIAN_POINT('',(2.28,0.75,0.2222));
#5018 = VECTOR('',#5019,1.);
#5019 = DIRECTION('',(-3.445092848398E-16,-1.,0.));
#5020 = ORIENTED_EDGE('',*,*,#4898,.T.);
#5021 = ORIENTED_EDGE('',*,*,#5001,.T.);
#5022 = ORIENTED_EDGE('',*,*,#4816,.F.);
#5023 = PLANE('',#5024);
#5024 = AXIS2_PLACEMENT_3D('',#5025,#5026,#5027);
#5025 = CARTESIAN_POINT('',(2.28,-0.75,0.));
#5026 = DIRECTION('',(-1.,3.445092848398E-16,0.));
#5027 = DIRECTION('',(3.445092848398E-16,1.,0.));
#5028 = ADVANCED_FACE('',(#5029),#5039,.F.);
#5029 = FACE_BOUND('',#5030,.F.);
#5030 = EDGE_LOOP('',(#5031,#5036,#5037,#5038));
#5031 = ORIENTED_EDGE('',*,*,#5032,.F.);
#5032 = EDGE_CURVE('',#4799,#4907,#5033,.T.);
#5033 = B_SPLINE_CURVE_WITH_KNOTS('',1,(#5034,#5035),.UNSPECIFIED.,.F.,
  .F.,(2,2),(0.,1.),.PIECEWISE_BEZIER_KNOTS.);
#5034 = CARTESIAN_POINT('',(2.225413939802,0.75,0.2222));
#5035 = CARTESIAN_POINT('',(2.225413939802,-0.75,0.2222));
#5036 = ORIENTED_EDGE('',*,*,#4808,.T.);
#5037 = ORIENTED_EDGE('',*,*,#5015,.T.);
#5038 = ORIENTED_EDGE('',*,*,#4906,.T.);
#5039 = PLANE('',#5040);
#5040 = AXIS2_PLACEMENT_3D('',#5041,#5042,#5043);
#5041 = CARTESIAN_POINT('',(1.71,-5.551115123126E-16,0.2222));
#5042 = DIRECTION('',(0.,0.,-1.));
#5043 = DIRECTION('',(3.445092848398E-16,1.,0.));
#5044 = ADVANCED_FACE('',(#5045),#5086,.T.);
#5045 = FACE_BOUND('',#5046,.T.);
#5046 = EDGE_LOOP('',(#5047,#5056,#5062,#5063,#5064,#5065,#5073,#5080));
#5047 = ORIENTED_EDGE('',*,*,#5048,.F.);
#5048 = EDGE_CURVE('',#5049,#5051,#5053,.T.);
#5049 = VERTEX_POINT('',#5050);
#5050 = CARTESIAN_POINT('',(2.225259344883,-1.295259344883,0.22));
#5051 = VERTEX_POINT('',#5052);
#5052 = CARTESIAN_POINT('',(2.28,-1.35,0.999));
#5053 = B_SPLINE_CURVE_WITH_KNOTS('',1,(#5054,#5055),.UNSPECIFIED.,.F.,
  .F.,(2,2),(0.,1.),.PIECEWISE_BEZIER_KNOTS.);
#5054 = CARTESIAN_POINT('',(2.225259344883,-1.295259344883,0.22));
#5055 = CARTESIAN_POINT('',(2.28,-1.35,0.999));
#5056 = ORIENTED_EDGE('',*,*,#5057,.T.);
#5057 = EDGE_CURVE('',#5049,#4915,#5058,.T.);
#5058 = LINE('',#5059,#5060);
#5059 = CARTESIAN_POINT('',(2.225259344883,-1.295259344883,0.22));
#5060 = VECTOR('',#5061,1.);
#5061 = DIRECTION('',(2.22044604925E-16,1.,0.));
#5062 = ORIENTED_EDGE('',*,*,#4914,.T.);
#5063 = ORIENTED_EDGE('',*,*,#5032,.F.);
#5064 = ORIENTED_EDGE('',*,*,#4798,.F.);
#5065 = ORIENTED_EDGE('',*,*,#5066,.T.);
#5066 = EDGE_CURVE('',#4791,#5067,#5069,.T.);
#5067 = VERTEX_POINT('',#5068);
#5068 = CARTESIAN_POINT('',(2.225259344883,1.295259344883,0.22));
#5069 = LINE('',#5070,#5071);
#5070 = CARTESIAN_POINT('',(2.225259344883,-1.295259344883,0.22));
#5071 = VECTOR('',#5072,1.);
#5072 = DIRECTION('',(2.22044604925E-16,1.,0.));
#5073 = ORIENTED_EDGE('',*,*,#5074,.T.);
#5074 = EDGE_CURVE('',#5067,#5075,#5077,.T.);
#5075 = VERTEX_POINT('',#5076);
#5076 = CARTESIAN_POINT('',(2.28,1.35,0.999));
#5077 = B_SPLINE_CURVE_WITH_KNOTS('',1,(#5078,#5079),.UNSPECIFIED.,.F.,
  .F.,(2,2),(0.,1.),.PIECEWISE_BEZIER_KNOTS.);
#5078 = CARTESIAN_POINT('',(2.225259344883,1.295259344883,0.22));
#5079 = CARTESIAN_POINT('',(2.28,1.35,0.999));
#5080 = ORIENTED_EDGE('',*,*,#5081,.F.);
#5081 = EDGE_CURVE('',#5051,#5075,#5082,.T.);
#5082 = LINE('',#5083,#5084);
#5083 = CARTESIAN_POINT('',(2.28,-1.35,0.999));
#5084 = VECTOR('',#5085,1.);
#5085 = DIRECTION('',(2.22044604925E-16,1.,0.));
#5086 = B_SPLINE_SURFACE_WITH_KNOTS('',1,1,(
    (#5087,#5088)
    ,(#5089,#5090
    )),.UNSPECIFIED.,.F.,.F.,.F.,(2,2),(2,2),(0.,2.7),(0.,1.),
  .PIECEWISE_BEZIER_KNOTS.);
#5087 = CARTESIAN_POINT('',(2.225259344883,-1.295259344883,0.22));
#5088 = CARTESIAN_POINT('',(2.28,-1.35,0.999));
#5089 = CARTESIAN_POINT('',(2.225259344883,1.295259344883,0.22));
#5090 = CARTESIAN_POINT('',(2.28,1.35,0.999));
#5091 = ADVANCED_FACE('',(#5092),#5121,.T.);
#5092 = FACE_BOUND('',#5093,.T.);
#5093 = EDGE_LOOP('',(#5094,#5095,#5103,#5111,#5117,#5118,#5119,#5120));
#5094 = ORIENTED_EDGE('',*,*,#5057,.F.);
#5095 = ORIENTED_EDGE('',*,*,#5096,.F.);
#5096 = EDGE_CURVE('',#5097,#5049,#5099,.T.);
#5097 = VERTEX_POINT('',#5098);
#5098 = CARTESIAN_POINT('',(1.1,-1.295259344883,0.22));
#5099 = LINE('',#5100,#5101);
#5100 = CARTESIAN_POINT('',(-2.225259344883,-1.295259344883,0.22));
#5101 = VECTOR('',#5102,1.);
#5102 = DIRECTION('',(1.,-2.22044604925E-16,0.));
#5103 = ORIENTED_EDGE('',*,*,#5104,.T.);
#5104 = EDGE_CURVE('',#5097,#5105,#5107,.T.);
#5105 = VERTEX_POINT('',#5106);
#5106 = CARTESIAN_POINT('',(1.1,1.295259344883,0.22));
#5107 = LINE('',#5108,#5109);
#5108 = CARTESIAN_POINT('',(1.1,-1.295259344883,0.22));
#5109 = VECTOR('',#5110,1.);
#5110 = DIRECTION('',(2.22044604925E-16,1.,0.));
#5111 = ORIENTED_EDGE('',*,*,#5112,.F.);
#5112 = EDGE_CURVE('',#5067,#5105,#5113,.T.);
#5113 = LINE('',#5114,#5115);
#5114 = CARTESIAN_POINT('',(2.225259344883,1.295259344883,0.22));
#5115 = VECTOR('',#5116,1.);
#5116 = DIRECTION('',(-1.,2.22044604925E-16,0.));
#5117 = ORIENTED_EDGE('',*,*,#5066,.F.);
#5118 = ORIENTED_EDGE('',*,*,#4790,.T.);
#5119 = ORIENTED_EDGE('',*,*,#4949,.T.);
#5120 = ORIENTED_EDGE('',*,*,#4924,.T.);
#5121 = PLANE('',#5122);
#5122 = AXIS2_PLACEMENT_3D('',#5123,#5124,#5125);
#5123 = CARTESIAN_POINT('',(2.225259344883,-1.295259344883,0.22));
#5124 = DIRECTION('',(0.,0.,-1.));
#5125 = DIRECTION('',(-0.864253276514,0.503056929218,0.));
#5126 = ADVANCED_FACE('',(#5127),#5160,.T.);
#5127 = FACE_BOUND('',#5128,.T.);
#5128 = EDGE_LOOP('',(#5129,#5139,#5145,#5146,#5147,#5155));
#5129 = ORIENTED_EDGE('',*,*,#5130,.T.);
#5130 = EDGE_CURVE('',#5131,#5133,#5135,.T.);
#5131 = VERTEX_POINT('',#5132);
#5132 = CARTESIAN_POINT('',(-2.225259344883,-1.295259344883,0.22));
#5133 = VERTEX_POINT('',#5134);
#5134 = CARTESIAN_POINT('',(-1.1,-1.295259344883,0.22));
#5135 = LINE('',#5136,#5137);
#5136 = CARTESIAN_POINT('',(-2.225259344883,-1.295259344883,0.22));
#5137 = VECTOR('',#5138,1.);
#5138 = DIRECTION('',(1.,-2.22044604925E-16,0.));
#5139 = ORIENTED_EDGE('',*,*,#5140,.T.);
#5140 = EDGE_CURVE('',#5133,#5097,#5141,.T.);
#5141 = LINE('',#5142,#5143);
#5142 = CARTESIAN_POINT('',(-1.1,-1.295259344883,0.22));
#5143 = VECTOR('',#5144,1.);
#5144 = DIRECTION('',(1.,-2.22044604925E-16,0.));
#5145 = ORIENTED_EDGE('',*,*,#5096,.T.);
#5146 = ORIENTED_EDGE('',*,*,#5048,.T.);
#5147 = ORIENTED_EDGE('',*,*,#5148,.F.);
#5148 = EDGE_CURVE('',#5149,#5051,#5151,.T.);
#5149 = VERTEX_POINT('',#5150);
#5150 = CARTESIAN_POINT('',(-2.28,-1.35,0.999));
#5151 = LINE('',#5152,#5153);
#5152 = CARTESIAN_POINT('',(-2.28,-1.35,0.999));
#5153 = VECTOR('',#5154,1.);
#5154 = DIRECTION('',(1.,-2.22044604925E-16,0.));
#5155 = ORIENTED_EDGE('',*,*,#5156,.F.);
#5156 = EDGE_CURVE('',#5131,#5149,#5157,.T.);
#5157 = B_SPLINE_CURVE_WITH_KNOTS('',1,(#5158,#5159),.UNSPECIFIED.,.F.,
  .F.,(2,2),(0.,1.),.PIECEWISE_BEZIER_KNOTS.);
#5158 = CARTESIAN_POINT('',(-2.225259344883,-1.295259344883,0.22));
#5159 = CARTESIAN_POINT('',(-2.28,-1.35,0.999));
#5160 = B_SPLINE_SURFACE_WITH_KNOTS('',1,1,(
    (#5161,#5162)
    ,(#5163,#5164
    )),.UNSPECIFIED.,.F.,.F.,.F.,(2,2),(2,2),(0.,4.56),(0.,1.),
  .PIECEWISE_BEZIER_KNOTS.);
#5161 = CARTESIAN_POINT('',(-2.225259344883,-1.295259344883,0.22));
#5162 = CARTESIAN_POINT('',(-2.28,-1.35,0.999));
#5163 = CARTESIAN_POINT('',(2.225259344883,-1.295259344883,0.22));
#5164 = CARTESIAN_POINT('',(2.28,-1.35,0.999));
#5165 = ADVANCED_FACE('',(#5166),#5189,.T.);
#5166 = FACE_BOUND('',#5167,.T.);
#5167 = EDGE_LOOP('',(#5168,#5169,#5176,#5184));
#5168 = ORIENTED_EDGE('',*,*,#5081,.T.);
#5169 = ORIENTED_EDGE('',*,*,#5170,.T.);
#5170 = EDGE_CURVE('',#5075,#5171,#5173,.T.);
#5171 = VERTEX_POINT('',#5172);
#5172 = CARTESIAN_POINT('',(2.194199820414,1.264199820414,2.22));
#5173 = B_SPLINE_CURVE_WITH_KNOTS('',1,(#5174,#5175),.UNSPECIFIED.,.F.,
  .F.,(2,2),(0.,1.),.PIECEWISE_BEZIER_KNOTS.);
#5174 = CARTESIAN_POINT('',(2.28,1.35,0.999));
#5175 = CARTESIAN_POINT('',(2.194199820414,1.264199820414,2.22));
#5176 = ORIENTED_EDGE('',*,*,#5177,.F.);
#5177 = EDGE_CURVE('',#5178,#5171,#5180,.T.);
#5178 = VERTEX_POINT('',#5179);
#5179 = CARTESIAN_POINT('',(2.194199820414,-1.264199820414,2.22));
#5180 = LINE('',#5181,#5182);
#5181 = CARTESIAN_POINT('',(2.194199820414,-1.264199820414,2.22));
#5182 = VECTOR('',#5183,1.);
#5183 = DIRECTION('',(2.22044604925E-16,1.,0.));
#5184 = ORIENTED_EDGE('',*,*,#5185,.F.);
#5185 = EDGE_CURVE('',#5051,#5178,#5186,.T.);
#5186 = B_SPLINE_CURVE_WITH_KNOTS('',1,(#5187,#5188),.UNSPECIFIED.,.F.,
  .F.,(2,2),(0.,1.),.PIECEWISE_BEZIER_KNOTS.);
#5187 = CARTESIAN_POINT('',(2.28,-1.35,0.999));
#5188 = CARTESIAN_POINT('',(2.194199820414,-1.264199820414,2.22));
#5189 = B_SPLINE_SURFACE_WITH_KNOTS('',1,1,(
    (#5190,#5191)
    ,(#5192,#5193
    )),.UNSPECIFIED.,.F.,.F.,.F.,(2,2),(2,2),(0.,2.7),(0.,1.),
  .PIECEWISE_BEZIER_KNOTS.);
#5190 = CARTESIAN_POINT('',(2.28,-1.35,0.999));
#5191 = CARTESIAN_POINT('',(2.194199820414,-1.264199820414,2.22));
#5192 = CARTESIAN_POINT('',(2.28,1.35,0.999));
#5193 = CARTESIAN_POINT('',(2.194199820414,1.264199820414,2.22));
#5194 = ADVANCED_FACE('',(#5195),#5228,.T.);
#5195 = FACE_BOUND('',#5196,.T.);
#5196 = EDGE_LOOP('',(#5197,#5198,#5206,#5214,#5221,#5227));
#5197 = ORIENTED_EDGE('',*,*,#5112,.T.);
#5198 = ORIENTED_EDGE('',*,*,#5199,.T.);
#5199 = EDGE_CURVE('',#5105,#5200,#5202,.T.);
#5200 = VERTEX_POINT('',#5201);
#5201 = CARTESIAN_POINT('',(-1.1,1.295259344883,0.22));
#5202 = LINE('',#5203,#5204);
#5203 = CARTESIAN_POINT('',(1.1,1.295259344883,0.22));
#5204 = VECTOR('',#5205,1.);
#5205 = DIRECTION('',(-1.,2.22044604925E-16,0.));
#5206 = ORIENTED_EDGE('',*,*,#5207,.T.);
#5207 = EDGE_CURVE('',#5200,#5208,#5210,.T.);
#5208 = VERTEX_POINT('',#5209);
#5209 = CARTESIAN_POINT('',(-2.225259344883,1.295259344883,0.22));
#5210 = LINE('',#5211,#5212);
#5211 = CARTESIAN_POINT('',(2.225259344883,1.295259344883,0.22));
#5212 = VECTOR('',#5213,1.);
#5213 = DIRECTION('',(-1.,2.22044604925E-16,0.));
#5214 = ORIENTED_EDGE('',*,*,#5215,.T.);
#5215 = EDGE_CURVE('',#5208,#5216,#5218,.T.);
#5216 = VERTEX_POINT('',#5217);
#5217 = CARTESIAN_POINT('',(-2.28,1.35,0.999));
#5218 = B_SPLINE_CURVE_WITH_KNOTS('',1,(#5219,#5220),.UNSPECIFIED.,.F.,
  .F.,(2,2),(0.,1.),.PIECEWISE_BEZIER_KNOTS.);
#5219 = CARTESIAN_POINT('',(-2.225259344883,1.295259344883,0.22));
#5220 = CARTESIAN_POINT('',(-2.28,1.35,0.999));
#5221 = ORIENTED_EDGE('',*,*,#5222,.F.);
#5222 = EDGE_CURVE('',#5075,#5216,#5223,.T.);
#5223 = LINE('',#5224,#5225);
#5224 = CARTESIAN_POINT('',(2.28,1.35,0.999));
#5225 = VECTOR('',#5226,1.);
#5226 = DIRECTION('',(-1.,2.22044604925E-16,0.));
#5227 = ORIENTED_EDGE('',*,*,#5074,.F.);
#5228 = B_SPLINE_SURFACE_WITH_KNOTS('',1,1,(
    (#5229,#5230)
    ,(#5231,#5232
    )),.UNSPECIFIED.,.F.,.F.,.F.,(2,2),(2,2),(0.,4.56),(0.,1.),
  .PIECEWISE_BEZIER_KNOTS.);
#5229 = CARTESIAN_POINT('',(2.225259344883,1.295259344883,0.22));
#5230 = CARTESIAN_POINT('',(2.28,1.35,0.999));
#5231 = CARTESIAN_POINT('',(-2.225259344883,1.295259344883,0.22));
#5232 = CARTESIAN_POINT('',(-2.28,1.35,0.999));
#5233 = ADVANCED_FACE('',(#5234),#5257,.T.);
#5234 = FACE_BOUND('',#5235,.T.);
#5235 = EDGE_LOOP('',(#5236,#5246,#5251,#5252));
#5236 = ORIENTED_EDGE('',*,*,#5237,.T.);
#5237 = EDGE_CURVE('',#5238,#5240,#5242,.T.);
#5238 = VERTEX_POINT('',#5239);
#5239 = CARTESIAN_POINT('',(1.1,-1.279799853066,0.));
#5240 = VERTEX_POINT('',#5241);
#5241 = CARTESIAN_POINT('',(1.1,1.279799853066,0.));
#5242 = LINE('',#5243,#5244);
#5243 = CARTESIAN_POINT('',(1.1,-1.279799853066,0.));
#5244 = VECTOR('',#5245,1.);
#5245 = DIRECTION('',(2.22044604925E-16,1.,0.));
#5246 = ORIENTED_EDGE('',*,*,#5247,.T.);
#5247 = EDGE_CURVE('',#5240,#5105,#5248,.T.);
#5248 = B_SPLINE_CURVE_WITH_KNOTS('',1,(#5249,#5250),.UNSPECIFIED.,.F.,
  .F.,(2,2),(0.,1.),.PIECEWISE_BEZIER_KNOTS.);
#5249 = CARTESIAN_POINT('',(1.1,1.279799853066,0.));
#5250 = CARTESIAN_POINT('',(1.1,1.295259344883,0.22));
#5251 = ORIENTED_EDGE('',*,*,#5104,.F.);
#5252 = ORIENTED_EDGE('',*,*,#5253,.F.);
#5253 = EDGE_CURVE('',#5238,#5097,#5254,.T.);
#5254 = B_SPLINE_CURVE_WITH_KNOTS('',1,(#5255,#5256),.UNSPECIFIED.,.F.,
  .F.,(2,2),(0.,1.),.PIECEWISE_BEZIER_KNOTS.);
#5255 = CARTESIAN_POINT('',(1.1,-1.279799853066,0.));
#5256 = CARTESIAN_POINT('',(1.1,-1.295259344883,0.22));
#5257 = B_SPLINE_SURFACE_WITH_KNOTS('',1,1,(
    (#5258,#5259)
    ,(#5260,#5261
    )),.UNSPECIFIED.,.F.,.F.,.F.,(2,2),(2,2),(0.,2.590518689767),(0.,1.)
  ,.PIECEWISE_BEZIER_KNOTS.);
#5258 = CARTESIAN_POINT('',(1.1,-1.279799853066,0.));
#5259 = CARTESIAN_POINT('',(1.1,-1.295259344883,0.22));
#5260 = CARTESIAN_POINT('',(1.1,1.279799853066,0.));
#5261 = CARTESIAN_POINT('',(1.1,1.295259344883,0.22));
#5262 = ADVANCED_FACE('',(#5263),#5311,.T.);
#5263 = FACE_BOUND('',#5264,.T.);
#5264 = EDGE_LOOP('',(#5265,#5266,#5272,#5273,#5281,#5289,#5297,#5305));
#5265 = ORIENTED_EDGE('',*,*,#5207,.F.);
#5266 = ORIENTED_EDGE('',*,*,#5267,.T.);
#5267 = EDGE_CURVE('',#5200,#5133,#5268,.T.);
#5268 = LINE('',#5269,#5270);
#5269 = CARTESIAN_POINT('',(-1.1,1.295259344883,0.22));
#5270 = VECTOR('',#5271,1.);
#5271 = DIRECTION('',(-2.22044604925E-16,-1.,0.));
#5272 = ORIENTED_EDGE('',*,*,#5130,.F.);
#5273 = ORIENTED_EDGE('',*,*,#5274,.F.);
#5274 = EDGE_CURVE('',#5275,#5131,#5277,.T.);
#5275 = VERTEX_POINT('',#5276);
#5276 = CARTESIAN_POINT('',(-2.225259344883,-0.75,0.22));
#5277 = LINE('',#5278,#5279);
#5278 = CARTESIAN_POINT('',(-2.225259344883,1.295259344883,0.22));
#5279 = VECTOR('',#5280,1.);
#5280 = DIRECTION('',(-2.22044604925E-16,-1.,0.));
#5281 = ORIENTED_EDGE('',*,*,#5282,.T.);
#5282 = EDGE_CURVE('',#5275,#5283,#5285,.T.);
#5283 = VERTEX_POINT('',#5284);
#5284 = CARTESIAN_POINT('',(-1.14,-0.75,0.22));
#5285 = LINE('',#5286,#5287);
#5286 = CARTESIAN_POINT('',(0.117096097639,-0.75,0.22));
#5287 = VECTOR('',#5288,1.);
#5288 = DIRECTION('',(1.,-2.22044604925E-16,0.));
#5289 = ORIENTED_EDGE('',*,*,#5290,.T.);
#5290 = EDGE_CURVE('',#5283,#5291,#5293,.T.);
#5291 = VERTEX_POINT('',#5292);
#5292 = CARTESIAN_POINT('',(-1.14,0.75,0.22));
#5293 = LINE('',#5294,#5295);
#5294 = CARTESIAN_POINT('',(-1.14,-0.272629672442,0.22));
#5295 = VECTOR('',#5296,1.);
#5296 = DIRECTION('',(2.22044604925E-16,1.,0.));
#5297 = ORIENTED_EDGE('',*,*,#5298,.T.);
#5298 = EDGE_CURVE('',#5291,#5299,#5301,.T.);
#5299 = VERTEX_POINT('',#5300);
#5300 = CARTESIAN_POINT('',(-2.225259344883,0.75,0.22));
#5301 = LINE('',#5302,#5303);
#5302 = CARTESIAN_POINT('',(0.117096097639,0.75,0.22));
#5303 = VECTOR('',#5304,1.);
#5304 = DIRECTION('',(-1.,2.22044604925E-16,0.));
#5305 = ORIENTED_EDGE('',*,*,#5306,.F.);
#5306 = EDGE_CURVE('',#5208,#5299,#5307,.T.);
#5307 = LINE('',#5308,#5309);
#5308 = CARTESIAN_POINT('',(-2.225259344883,1.295259344883,0.22));
#5309 = VECTOR('',#5310,1.);
#5310 = DIRECTION('',(-2.22044604925E-16,-1.,0.));
#5311 = PLANE('',#5312);
#5312 = AXIS2_PLACEMENT_3D('',#5313,#5314,#5315);
#5313 = CARTESIAN_POINT('',(2.225259344883,-1.295259344883,0.22));
#5314 = DIRECTION('',(0.,0.,-1.));
#5315 = DIRECTION('',(-0.864253276514,0.503056929218,0.));
#5316 = ADVANCED_FACE('',(#5317),#5354,.T.);
#5317 = FACE_BOUND('',#5318,.T.);
#5318 = EDGE_LOOP('',(#5319,#5320,#5321,#5331,#5338,#5346,#5347,#5348));
#5319 = ORIENTED_EDGE('',*,*,#5215,.F.);
#5320 = ORIENTED_EDGE('',*,*,#5306,.T.);
#5321 = ORIENTED_EDGE('',*,*,#5322,.T.);
#5322 = EDGE_CURVE('',#5299,#5323,#5325,.T.);
#5323 = VERTEX_POINT('',#5324);
#5324 = CARTESIAN_POINT('',(-2.225413939802,0.75,0.2222));
#5325 = B_SPLINE_CURVE_WITH_KNOTS('',4,(#5326,#5327,#5328,#5329,#5330),
  .UNSPECIFIED.,.F.,.F.,(5,5),(0.,1.),.PIECEWISE_BEZIER_KNOTS.);
#5326 = CARTESIAN_POINT('',(-2.225259344883,0.75,0.22));
#5327 = CARTESIAN_POINT('',(-2.238768685756,0.75,0.412247910026));
#5328 = CARTESIAN_POINT('',(-2.25227825666,0.75,0.604499093572));
#5329 = CARTESIAN_POINT('',(-2.265788033788,0.75,0.796753211837));
#5330 = CARTESIAN_POINT('',(-2.279297998531,0.75,0.98901));
#5331 = ORIENTED_EDGE('',*,*,#5332,.F.);
#5332 = EDGE_CURVE('',#5333,#5323,#5335,.T.);
#5333 = VERTEX_POINT('',#5334);
#5334 = CARTESIAN_POINT('',(-2.225413939802,-0.75,0.2222));
#5335 = B_SPLINE_CURVE_WITH_KNOTS('',1,(#5336,#5337),.UNSPECIFIED.,.F.,
  .F.,(2,2),(0.,1.),.PIECEWISE_BEZIER_KNOTS.);
#5336 = CARTESIAN_POINT('',(-2.225413939802,-0.75,0.2222));
#5337 = CARTESIAN_POINT('',(-2.225413939802,0.75,0.2222));
#5338 = ORIENTED_EDGE('',*,*,#5339,.F.);
#5339 = EDGE_CURVE('',#5275,#5333,#5340,.T.);
#5340 = B_SPLINE_CURVE_WITH_KNOTS('',4,(#5341,#5342,#5343,#5344,#5345),
  .UNSPECIFIED.,.F.,.F.,(5,5),(0.,1.),.PIECEWISE_BEZIER_KNOTS.);
#5341 = CARTESIAN_POINT('',(-2.225259344883,-0.75,0.22));
#5342 = CARTESIAN_POINT('',(-2.238768685756,-0.75,0.412247910026));
#5343 = CARTESIAN_POINT('',(-2.25227825666,-0.75,0.604499093572));
#5344 = CARTESIAN_POINT('',(-2.265788033788,-0.75,0.796753211837));
#5345 = CARTESIAN_POINT('',(-2.279297998531,-0.75,0.98901));
#5346 = ORIENTED_EDGE('',*,*,#5274,.T.);
#5347 = ORIENTED_EDGE('',*,*,#5156,.T.);
#5348 = ORIENTED_EDGE('',*,*,#5349,.F.);
#5349 = EDGE_CURVE('',#5216,#5149,#5350,.T.);
#5350 = LINE('',#5351,#5352);
#5351 = CARTESIAN_POINT('',(-2.28,1.35,0.999));
#5352 = VECTOR('',#5353,1.);
#5353 = DIRECTION('',(-2.22044604925E-16,-1.,0.));
#5354 = B_SPLINE_SURFACE_WITH_KNOTS('',1,1,(
    (#5355,#5356)
    ,(#5357,#5358
    )),.UNSPECIFIED.,.F.,.F.,.F.,(2,2),(2,2),(0.,2.7),(0.,1.),
  .PIECEWISE_BEZIER_KNOTS.);
#5355 = CARTESIAN_POINT('',(-2.225259344883,1.295259344883,0.22));
#5356 = CARTESIAN_POINT('',(-2.28,1.35,0.999));
#5357 = CARTESIAN_POINT('',(-2.225259344883,-1.295259344883,0.22));
#5358 = CARTESIAN_POINT('',(-2.28,-1.35,0.999));
#5359 = ADVANCED_FACE('',(#5360),#5377,.T.);
#5360 = FACE_BOUND('',#5361,.T.);
#5361 = EDGE_LOOP('',(#5362,#5370,#5371,#5372));
#5362 = ORIENTED_EDGE('',*,*,#5363,.T.);
#5363 = EDGE_CURVE('',#5364,#5238,#5366,.T.);
#5364 = VERTEX_POINT('',#5365);
#5365 = CARTESIAN_POINT('',(-1.1,-1.279799853066,0.));
#5366 = LINE('',#5367,#5368);
#5367 = CARTESIAN_POINT('',(-1.1,-1.279799853066,0.));
#5368 = VECTOR('',#5369,1.);
#5369 = DIRECTION('',(1.,-2.22044604925E-16,0.));
#5370 = ORIENTED_EDGE('',*,*,#5253,.T.);
#5371 = ORIENTED_EDGE('',*,*,#5140,.F.);
#5372 = ORIENTED_EDGE('',*,*,#5373,.F.);
#5373 = EDGE_CURVE('',#5364,#5133,#5374,.T.);
#5374 = B_SPLINE_CURVE_WITH_KNOTS('',1,(#5375,#5376),.UNSPECIFIED.,.F.,
  .F.,(2,2),(0.,1.),.PIECEWISE_BEZIER_KNOTS.);
#5375 = CARTESIAN_POINT('',(-1.1,-1.279799853066,0.));
#5376 = CARTESIAN_POINT('',(-1.1,-1.295259344883,0.22));
#5377 = PLANE('',#5378);
#5378 = AXIS2_PLACEMENT_3D('',#5379,#5380,#5381);
#5379 = CARTESIAN_POINT('',(-1.1,-1.295259344883,0.22));
#5380 = DIRECTION('',(-2.214984063823E-16,-0.997540140447,
    -7.009756199374E-02));
#5381 = DIRECTION('',(1.,-2.22044604925E-16,-1.177128382009E-30));
#5382 = ADVANCED_FACE('',(#5383),#5400,.T.);
#5383 = FACE_BOUND('',#5384,.T.);
#5384 = EDGE_LOOP('',(#5385,#5386,#5387,#5395));
#5385 = ORIENTED_EDGE('',*,*,#5148,.T.);
#5386 = ORIENTED_EDGE('',*,*,#5185,.T.);
#5387 = ORIENTED_EDGE('',*,*,#5388,.F.);
#5388 = EDGE_CURVE('',#5389,#5178,#5391,.T.);
#5389 = VERTEX_POINT('',#5390);
#5390 = CARTESIAN_POINT('',(-2.194199820414,-1.264199820414,2.22));
#5391 = LINE('',#5392,#5393);
#5392 = CARTESIAN_POINT('',(-2.194199820414,-1.264199820414,2.22));
#5393 = VECTOR('',#5394,1.);
#5394 = DIRECTION('',(1.,-2.22044604925E-16,0.));
#5395 = ORIENTED_EDGE('',*,*,#5396,.F.);
#5396 = EDGE_CURVE('',#5149,#5389,#5397,.T.);
#5397 = B_SPLINE_CURVE_WITH_KNOTS('',1,(#5398,#5399),.UNSPECIFIED.,.F.,
  .F.,(2,2),(0.,1.),.PIECEWISE_BEZIER_KNOTS.);
#5398 = CARTESIAN_POINT('',(-2.28,-1.35,0.999));
#5399 = CARTESIAN_POINT('',(-2.194199820414,-1.264199820414,2.22));
#5400 = B_SPLINE_SURFACE_WITH_KNOTS('',1,1,(
    (#5401,#5402)
    ,(#5403,#5404
    )),.UNSPECIFIED.,.F.,.F.,.F.,(2,2),(2,2),(0.,4.56),(0.,1.),
  .PIECEWISE_BEZIER_KNOTS.);
#5401 = CARTESIAN_POINT('',(-2.28,-1.35,0.999));
#5402 = CARTESIAN_POINT('',(-2.194199820414,-1.264199820414,2.22));
#5403 = CARTESIAN_POINT('',(2.28,-1.35,0.999));
#5404 = CARTESIAN_POINT('',(2.194199820414,-1.264199820414,2.22));
#5405 = ADVANCED_FACE('',(#5406),#5423,.T.);
#5406 = FACE_BOUND('',#5407,.T.);
#5407 = EDGE_LOOP('',(#5408,#5409,#5416,#5422));
#5408 = ORIENTED_EDGE('',*,*,#5222,.T.);
#5409 = ORIENTED_EDGE('',*,*,#5410,.T.);
#5410 = EDGE_CURVE('',#5216,#5411,#5413,.T.);
#5411 = VERTEX_POINT('',#5412);
#5412 = CARTESIAN_POINT('',(-2.194199820414,1.264199820414,2.22));
#5413 = B_SPLINE_CURVE_WITH_KNOTS('',1,(#5414,#5415),.UNSPECIFIED.,.F.,
  .F.,(2,2),(0.,1.),.PIECEWISE_BEZIER_KNOTS.);
#5414 = CARTESIAN_POINT('',(-2.28,1.35,0.999));
#5415 = CARTESIAN_POINT('',(-2.194199820414,1.264199820414,2.22));
#5416 = ORIENTED_EDGE('',*,*,#5417,.F.);
#5417 = EDGE_CURVE('',#5171,#5411,#5418,.T.);
#5418 = LINE('',#5419,#5420);
#5419 = CARTESIAN_POINT('',(2.194199820414,1.264199820414,2.22));
#5420 = VECTOR('',#5421,1.);
#5421 = DIRECTION('',(-1.,2.22044604925E-16,0.));
#5422 = ORIENTED_EDGE('',*,*,#5170,.F.);
#5423 = B_SPLINE_SURFACE_WITH_KNOTS('',1,1,(
    (#5424,#5425)
    ,(#5426,#5427
    )),.UNSPECIFIED.,.F.,.F.,.F.,(2,2),(2,2),(0.,4.56),(0.,1.),
  .PIECEWISE_BEZIER_KNOTS.);
#5424 = CARTESIAN_POINT('',(2.28,1.35,0.999));
#5425 = CARTESIAN_POINT('',(2.194199820414,1.264199820414,2.22));
#5426 = CARTESIAN_POINT('',(-2.28,1.35,0.999));
#5427 = CARTESIAN_POINT('',(-2.194199820414,1.264199820414,2.22));
#5428 = ADVANCED_FACE('',(#5429,#5440),#5474,.F.);
#5429 = FACE_BOUND('',#5430,.F.);
#5430 = EDGE_LOOP('',(#5431,#5432,#5433,#5439));
#5431 = ORIENTED_EDGE('',*,*,#5177,.F.);
#5432 = ORIENTED_EDGE('',*,*,#5388,.F.);
#5433 = ORIENTED_EDGE('',*,*,#5434,.F.);
#5434 = EDGE_CURVE('',#5411,#5389,#5435,.T.);
#5435 = LINE('',#5436,#5437);
#5436 = CARTESIAN_POINT('',(-2.194199820414,1.264199820414,2.22));
#5437 = VECTOR('',#5438,1.);
#5438 = DIRECTION('',(-2.22044604925E-16,-1.,0.));
#5439 = ORIENTED_EDGE('',*,*,#5417,.F.);
#5440 = FACE_BOUND('',#5441,.F.);
#5441 = EDGE_LOOP('',(#5442,#5452,#5460,#5468));
#5442 = ORIENTED_EDGE('',*,*,#5443,.T.);
#5443 = EDGE_CURVE('',#5444,#5446,#5448,.T.);
#5444 = VERTEX_POINT('',#5445);
#5445 = CARTESIAN_POINT('',(-1.508399640828,1.178399640828,2.22));
#5446 = VERTEX_POINT('',#5447);
#5447 = CARTESIAN_POINT('',(-2.108399640828,1.178399640828,2.22));
#5448 = LINE('',#5449,#5450);
#5449 = CARTESIAN_POINT('',(-1.508399640828,1.178399640828,2.22));
#5450 = VECTOR('',#5451,1.);
#5451 = DIRECTION('',(-1.,2.22044604925E-16,0.));
#5452 = ORIENTED_EDGE('',*,*,#5453,.T.);
#5453 = EDGE_CURVE('',#5446,#5454,#5456,.T.);
#5454 = VERTEX_POINT('',#5455);
#5455 = CARTESIAN_POINT('',(-2.108399640828,-1.178399640828,2.22));
#5456 = LINE('',#5457,#5458);
#5457 = CARTESIAN_POINT('',(-2.108399640828,1.178399640828,2.22));
#5458 = VECTOR('',#5459,1.);
#5459 = DIRECTION('',(-2.22044604925E-16,-1.,0.));
#5460 = ORIENTED_EDGE('',*,*,#5461,.T.);
#5461 = EDGE_CURVE('',#5454,#5462,#5464,.T.);
#5462 = VERTEX_POINT('',#5463);
#5463 = CARTESIAN_POINT('',(-1.508399640828,-1.178399640828,2.22));
#5464 = LINE('',#5465,#5466);
#5465 = CARTESIAN_POINT('',(-2.108399640828,-1.178399640828,2.22));
#5466 = VECTOR('',#5467,1.);
#5467 = DIRECTION('',(1.,-2.22044604925E-16,0.));
#5468 = ORIENTED_EDGE('',*,*,#5469,.T.);
#5469 = EDGE_CURVE('',#5462,#5444,#5470,.T.);
#5470 = LINE('',#5471,#5472);
#5471 = CARTESIAN_POINT('',(-1.508399640828,-1.178399640828,2.22));
#5472 = VECTOR('',#5473,1.);
#5473 = DIRECTION('',(2.22044604925E-16,1.,0.));
#5474 = PLANE('',#5475);
#5475 = AXIS2_PLACEMENT_3D('',#5476,#5477,#5478);
#5476 = CARTESIAN_POINT('',(2.194199820414,-1.264199820414,2.22));
#5477 = DIRECTION('',(0.,0.,-1.));
#5478 = DIRECTION('',(-0.866473406918,0.499223231735,0.));
#5479 = ADVANCED_FACE('',(#5480),#5497,.T.);
#5480 = FACE_BOUND('',#5481,.T.);
#5481 = EDGE_LOOP('',(#5482,#5490,#5495,#5496));
#5482 = ORIENTED_EDGE('',*,*,#5483,.T.);
#5483 = EDGE_CURVE('',#5240,#5484,#5486,.T.);
#5484 = VERTEX_POINT('',#5485);
#5485 = CARTESIAN_POINT('',(-1.1,1.279799853066,0.));
#5486 = LINE('',#5487,#5488);
#5487 = CARTESIAN_POINT('',(1.1,1.279799853066,0.));
#5488 = VECTOR('',#5489,1.);
#5489 = DIRECTION('',(-1.,2.22044604925E-16,0.));
#5490 = ORIENTED_EDGE('',*,*,#5491,.T.);
#5491 = EDGE_CURVE('',#5484,#5200,#5492,.T.);
#5492 = B_SPLINE_CURVE_WITH_KNOTS('',1,(#5493,#5494),.UNSPECIFIED.,.F.,
  .F.,(2,2),(0.,1.),.PIECEWISE_BEZIER_KNOTS.);
#5493 = CARTESIAN_POINT('',(-1.1,1.279799853066,0.));
#5494 = CARTESIAN_POINT('',(-1.1,1.295259344883,0.22));
#5495 = ORIENTED_EDGE('',*,*,#5199,.F.);
#5496 = ORIENTED_EDGE('',*,*,#5247,.F.);
#5497 = PLANE('',#5498);
#5498 = AXIS2_PLACEMENT_3D('',#5499,#5500,#5501);
#5499 = CARTESIAN_POINT('',(1.1,1.295259344883,0.22));
#5500 = DIRECTION('',(2.214984063823E-16,0.997540140447,
    -7.009756199374E-02));
#5501 = DIRECTION('',(-1.,2.22044604925E-16,-1.177128382009E-30));
#5502 = ADVANCED_FACE('',(#5503),#5514,.T.);
#5503 = FACE_BOUND('',#5504,.F.);
#5504 = EDGE_LOOP('',(#5505,#5506,#5507,#5513));
#5505 = ORIENTED_EDGE('',*,*,#5237,.T.);
#5506 = ORIENTED_EDGE('',*,*,#5483,.T.);
#5507 = ORIENTED_EDGE('',*,*,#5508,.T.);
#5508 = EDGE_CURVE('',#5484,#5364,#5509,.T.);
#5509 = LINE('',#5510,#5511);
#5510 = CARTESIAN_POINT('',(-1.1,1.279799853066,0.));
#5511 = VECTOR('',#5512,1.);
#5512 = DIRECTION('',(-2.22044604925E-16,-1.,0.));
#5513 = ORIENTED_EDGE('',*,*,#5363,.T.);
#5514 = PLANE('',#5515);
#5515 = AXIS2_PLACEMENT_3D('',#5516,#5517,#5518);
#5516 = CARTESIAN_POINT('',(1.1,-1.279799853066,0.));
#5517 = DIRECTION('',(0.,0.,-1.));
#5518 = DIRECTION('',(-0.651825367196,0.758369099238,0.));
#5519 = ADVANCED_FACE('',(#5520),#5588,.T.);
#5520 = FACE_BOUND('',#5521,.T.);
#5521 = EDGE_LOOP('',(#5522,#5533,#5541,#5550,#5558,#5566,#5572,#5573,
    #5574,#5582));
#5522 = ORIENTED_EDGE('',*,*,#5523,.F.);
#5523 = EDGE_CURVE('',#5524,#5526,#5528,.T.);
#5524 = VERTEX_POINT('',#5525);
#5525 = CARTESIAN_POINT('',(-2.5,0.75,0.146666666667));
#5526 = VERTEX_POINT('',#5527);
#5527 = CARTESIAN_POINT('',(-2.353333333333,0.75,-2.775557561563E-17));
#5528 = CIRCLE('',#5529,0.146666666667);
#5529 = AXIS2_PLACEMENT_3D('',#5530,#5531,#5532);
#5530 = CARTESIAN_POINT('',(-2.353333333333,0.75,0.146666666667));
#5531 = DIRECTION('',(-2.22044604925E-16,-1.,0.));
#5532 = DIRECTION('',(0.,0.,1.));
#5533 = ORIENTED_EDGE('',*,*,#5534,.T.);
#5534 = EDGE_CURVE('',#5524,#5535,#5537,.T.);
#5535 = VERTEX_POINT('',#5536);
#5536 = CARTESIAN_POINT('',(-2.5,0.75,0.842343333333));
#5537 = LINE('',#5538,#5539);
#5538 = CARTESIAN_POINT('',(-2.5,0.75,0.));
#5539 = VECTOR('',#5540,1.);
#5540 = DIRECTION('',(0.,0.,1.));
#5541 = ORIENTED_EDGE('',*,*,#5542,.T.);
#5542 = EDGE_CURVE('',#5535,#5543,#5545,.T.);
#5543 = VERTEX_POINT('',#5544);
#5544 = CARTESIAN_POINT('',(-2.353333333333,0.75,0.98901));
#5545 = CIRCLE('',#5546,0.146666666667);
#5546 = AXIS2_PLACEMENT_3D('',#5547,#5548,#5549);
#5547 = CARTESIAN_POINT('',(-2.353333333333,0.75,0.842343333333));
#5548 = DIRECTION('',(2.22044604925E-16,1.,-0.));
#5549 = DIRECTION('',(0.,0.,1.));
#5550 = ORIENTED_EDGE('',*,*,#5551,.T.);
#5551 = EDGE_CURVE('',#5543,#5552,#5554,.T.);
#5552 = VERTEX_POINT('',#5553);
#5553 = CARTESIAN_POINT('',(-2.28,0.75,0.98901));
#5554 = LINE('',#5555,#5556);
#5555 = CARTESIAN_POINT('',(-2.5,0.75,0.98901));
#5556 = VECTOR('',#5557,1.);
#5557 = DIRECTION('',(1.,-2.22044604925E-16,0.));
#5558 = ORIENTED_EDGE('',*,*,#5559,.F.);
#5559 = EDGE_CURVE('',#5560,#5552,#5562,.T.);
#5560 = VERTEX_POINT('',#5561);
#5561 = CARTESIAN_POINT('',(-2.28,0.75,0.2222));
#5562 = LINE('',#5563,#5564);
#5563 = CARTESIAN_POINT('',(-2.28,0.75,0.));
#5564 = VECTOR('',#5565,1.);
#5565 = DIRECTION('',(0.,0.,1.));
#5566 = ORIENTED_EDGE('',*,*,#5567,.T.);
#5567 = EDGE_CURVE('',#5560,#5323,#5568,.T.);
#5568 = LINE('',#5569,#5570);
#5569 = CARTESIAN_POINT('',(-2.28,0.75,0.2222));
#5570 = VECTOR('',#5571,1.);
#5571 = DIRECTION('',(1.,-2.22044604925E-16,0.));
#5572 = ORIENTED_EDGE('',*,*,#5322,.F.);
#5573 = ORIENTED_EDGE('',*,*,#5298,.F.);
#5574 = ORIENTED_EDGE('',*,*,#5575,.F.);
#5575 = EDGE_CURVE('',#5576,#5291,#5578,.T.);
#5576 = VERTEX_POINT('',#5577);
#5577 = CARTESIAN_POINT('',(-1.14,0.75,0.));
#5578 = LINE('',#5579,#5580);
#5579 = CARTESIAN_POINT('',(-1.14,0.75,0.));
#5580 = VECTOR('',#5581,1.);
#5581 = DIRECTION('',(0.,0.,1.));
#5582 = ORIENTED_EDGE('',*,*,#5583,.F.);
#5583 = EDGE_CURVE('',#5526,#5576,#5584,.T.);
#5584 = LINE('',#5585,#5586);
#5585 = CARTESIAN_POINT('',(-2.28,0.75,0.));
#5586 = VECTOR('',#5587,1.);
#5587 = DIRECTION('',(1.,-2.22044604925E-16,0.));
#5588 = PLANE('',#5589);
#5589 = AXIS2_PLACEMENT_3D('',#5590,#5591,#5592);
#5590 = CARTESIAN_POINT('',(-1.991067149606,0.75,0.303091083877));
#5591 = DIRECTION('',(2.22044604925E-16,1.,-7.960022943413E-32));
#5592 = DIRECTION('',(-1.,2.22044604925E-16,0.));
#5593 = ADVANCED_FACE('',(#5594),#5612,.T.);
#5594 = FACE_BOUND('',#5595,.T.);
#5595 = EDGE_LOOP('',(#5596,#5604,#5605,#5606));
#5596 = ORIENTED_EDGE('',*,*,#5597,.F.);
#5597 = EDGE_CURVE('',#5576,#5598,#5600,.T.);
#5598 = VERTEX_POINT('',#5599);
#5599 = CARTESIAN_POINT('',(-1.14,-0.75,0.));
#5600 = LINE('',#5601,#5602);
#5601 = CARTESIAN_POINT('',(-1.14,0.75,0.));
#5602 = VECTOR('',#5603,1.);
#5603 = DIRECTION('',(-2.22044604925E-16,-1.,0.));
#5604 = ORIENTED_EDGE('',*,*,#5575,.T.);
#5605 = ORIENTED_EDGE('',*,*,#5290,.F.);
#5606 = ORIENTED_EDGE('',*,*,#5607,.F.);
#5607 = EDGE_CURVE('',#5598,#5283,#5608,.T.);
#5608 = LINE('',#5609,#5610);
#5609 = CARTESIAN_POINT('',(-1.14,-0.75,0.));
#5610 = VECTOR('',#5611,1.);
#5611 = DIRECTION('',(0.,0.,1.));
#5612 = PLANE('',#5613);
#5613 = AXIS2_PLACEMENT_3D('',#5614,#5615,#5616);
#5614 = CARTESIAN_POINT('',(-1.14,0.75,0.));
#5615 = DIRECTION('',(1.,-2.22044604925E-16,0.));
#5616 = DIRECTION('',(-2.22044604925E-16,-1.,0.));
#5617 = ADVANCED_FACE('',(#5618),#5679,.T.);
#5618 = FACE_BOUND('',#5619,.T.);
#5619 = EDGE_LOOP('',(#5620,#5630,#5639,#5645,#5646,#5647,#5648,#5656,
    #5664,#5672));
#5620 = ORIENTED_EDGE('',*,*,#5621,.F.);
#5621 = EDGE_CURVE('',#5622,#5624,#5626,.T.);
#5622 = VERTEX_POINT('',#5623);
#5623 = CARTESIAN_POINT('',(-2.5,-0.75,0.146666666667));
#5624 = VERTEX_POINT('',#5625);
#5625 = CARTESIAN_POINT('',(-2.5,-0.75,0.842343333333));
#5626 = LINE('',#5627,#5628);
#5627 = CARTESIAN_POINT('',(-2.5,-0.75,0.));
#5628 = VECTOR('',#5629,1.);
#5629 = DIRECTION('',(0.,0.,1.));
#5630 = ORIENTED_EDGE('',*,*,#5631,.T.);
#5631 = EDGE_CURVE('',#5622,#5632,#5634,.T.);
#5632 = VERTEX_POINT('',#5633);
#5633 = CARTESIAN_POINT('',(-2.353333333333,-0.75,-2.775557561563E-17));
#5634 = CIRCLE('',#5635,0.146666666667);
#5635 = AXIS2_PLACEMENT_3D('',#5636,#5637,#5638);
#5636 = CARTESIAN_POINT('',(-2.353333333333,-0.75,0.146666666667));
#5637 = DIRECTION('',(-2.22044604925E-16,-1.,0.));
#5638 = DIRECTION('',(0.,0.,1.));
#5639 = ORIENTED_EDGE('',*,*,#5640,.F.);
#5640 = EDGE_CURVE('',#5598,#5632,#5641,.T.);
#5641 = LINE('',#5642,#5643);
#5642 = CARTESIAN_POINT('',(-2.28,-0.75,0.));
#5643 = VECTOR('',#5644,1.);
#5644 = DIRECTION('',(-1.,2.22044604925E-16,0.));
#5645 = ORIENTED_EDGE('',*,*,#5607,.T.);
#5646 = ORIENTED_EDGE('',*,*,#5282,.F.);
#5647 = ORIENTED_EDGE('',*,*,#5339,.T.);
#5648 = ORIENTED_EDGE('',*,*,#5649,.T.);
#5649 = EDGE_CURVE('',#5333,#5650,#5652,.T.);
#5650 = VERTEX_POINT('',#5651);
#5651 = CARTESIAN_POINT('',(-2.28,-0.75,0.2222));
#5652 = LINE('',#5653,#5654);
#5653 = CARTESIAN_POINT('',(-1.14,-0.75,0.2222));
#5654 = VECTOR('',#5655,1.);
#5655 = DIRECTION('',(-1.,2.22044604925E-16,0.));
#5656 = ORIENTED_EDGE('',*,*,#5657,.T.);
#5657 = EDGE_CURVE('',#5650,#5658,#5660,.T.);
#5658 = VERTEX_POINT('',#5659);
#5659 = CARTESIAN_POINT('',(-2.28,-0.75,0.98901));
#5660 = LINE('',#5661,#5662);
#5661 = CARTESIAN_POINT('',(-2.28,-0.75,0.));
#5662 = VECTOR('',#5663,1.);
#5663 = DIRECTION('',(0.,0.,1.));
#5664 = ORIENTED_EDGE('',*,*,#5665,.T.);
#5665 = EDGE_CURVE('',#5658,#5666,#5668,.T.);
#5666 = VERTEX_POINT('',#5667);
#5667 = CARTESIAN_POINT('',(-2.353333333333,-0.75,0.98901));
#5668 = LINE('',#5669,#5670);
#5669 = CARTESIAN_POINT('',(-2.28,-0.75,0.98901));
#5670 = VECTOR('',#5671,1.);
#5671 = DIRECTION('',(-1.,2.22044604925E-16,0.));
#5672 = ORIENTED_EDGE('',*,*,#5673,.F.);
#5673 = EDGE_CURVE('',#5624,#5666,#5674,.T.);
#5674 = CIRCLE('',#5675,0.146666666667);
#5675 = AXIS2_PLACEMENT_3D('',#5676,#5677,#5678);
#5676 = CARTESIAN_POINT('',(-2.353333333333,-0.75,0.842343333333));
#5677 = DIRECTION('',(2.22044604925E-16,1.,-0.));
#5678 = DIRECTION('',(0.,0.,1.));
#5679 = PLANE('',#5680);
#5680 = AXIS2_PLACEMENT_3D('',#5681,#5682,#5683);
#5681 = CARTESIAN_POINT('',(-1.991067149606,-0.75,0.303091083877));
#5682 = DIRECTION('',(-2.22044604925E-16,-1.,-0.));
#5683 = DIRECTION('',(0.,0.,-1.));
#5684 = ADVANCED_FACE('',(#5685),#5691,.T.);
#5685 = FACE_BOUND('',#5686,.T.);
#5686 = EDGE_LOOP('',(#5687,#5688,#5689,#5690));
#5687 = ORIENTED_EDGE('',*,*,#5508,.T.);
#5688 = ORIENTED_EDGE('',*,*,#5373,.T.);
#5689 = ORIENTED_EDGE('',*,*,#5267,.F.);
#5690 = ORIENTED_EDGE('',*,*,#5491,.F.);
#5691 = B_SPLINE_SURFACE_WITH_KNOTS('',1,1,(
    (#5692,#5693)
    ,(#5694,#5695
    )),.UNSPECIFIED.,.F.,.F.,.F.,(2,2),(2,2),(0.,2.590518689767),(0.,1.)
  ,.PIECEWISE_BEZIER_KNOTS.);
#5692 = CARTESIAN_POINT('',(-1.1,1.279799853066,0.));
#5693 = CARTESIAN_POINT('',(-1.1,1.295259344883,0.22));
#5694 = CARTESIAN_POINT('',(-1.1,-1.279799853066,0.));
#5695 = CARTESIAN_POINT('',(-1.1,-1.295259344883,0.22));
#5696 = ADVANCED_FACE('',(#5697),#5703,.T.);
#5697 = FACE_BOUND('',#5698,.T.);
#5698 = EDGE_LOOP('',(#5699,#5700,#5701,#5702));
#5699 = ORIENTED_EDGE('',*,*,#5349,.T.);
#5700 = ORIENTED_EDGE('',*,*,#5396,.T.);
#5701 = ORIENTED_EDGE('',*,*,#5434,.F.);
#5702 = ORIENTED_EDGE('',*,*,#5410,.F.);
#5703 = B_SPLINE_SURFACE_WITH_KNOTS('',1,1,(
    (#5704,#5705)
    ,(#5706,#5707
    )),.UNSPECIFIED.,.F.,.F.,.F.,(2,2),(2,2),(0.,2.7),(0.,1.),
  .PIECEWISE_BEZIER_KNOTS.);
#5704 = CARTESIAN_POINT('',(-2.28,1.35,0.999));
#5705 = CARTESIAN_POINT('',(-2.194199820414,1.264199820414,2.22));
#5706 = CARTESIAN_POINT('',(-2.28,-1.35,0.999));
#5707 = CARTESIAN_POINT('',(-2.194199820414,-1.264199820414,2.22));
#5708 = ADVANCED_FACE('',(#5709),#5720,.F.);
#5709 = FACE_BOUND('',#5710,.F.);
#5710 = EDGE_LOOP('',(#5711,#5712,#5713,#5719));
#5711 = ORIENTED_EDGE('',*,*,#5332,.F.);
#5712 = ORIENTED_EDGE('',*,*,#5649,.T.);
#5713 = ORIENTED_EDGE('',*,*,#5714,.T.);
#5714 = EDGE_CURVE('',#5650,#5560,#5715,.T.);
#5715 = LINE('',#5716,#5717);
#5716 = CARTESIAN_POINT('',(-2.28,-0.75,0.2222));
#5717 = VECTOR('',#5718,1.);
#5718 = DIRECTION('',(2.22044604925E-16,1.,0.));
#5719 = ORIENTED_EDGE('',*,*,#5567,.T.);
#5720 = PLANE('',#5721);
#5721 = AXIS2_PLACEMENT_3D('',#5722,#5723,#5724);
#5722 = CARTESIAN_POINT('',(-1.71,4.440892098501E-16,0.2222));
#5723 = DIRECTION('',(0.,-0.,-1.));
#5724 = DIRECTION('',(-2.22044604925E-16,-1.,0.));
#5725 = ADVANCED_FACE('',(#5726),#5749,.F.);
#5726 = FACE_BOUND('',#5727,.F.);
#5727 = EDGE_LOOP('',(#5728,#5738,#5743,#5744));
#5728 = ORIENTED_EDGE('',*,*,#5729,.T.);
#5729 = EDGE_CURVE('',#5730,#5732,#5734,.T.);
#5730 = VERTEX_POINT('',#5731);
#5731 = CARTESIAN_POINT('',(-1.508399640828,1.178399640828,2.2178));
#5732 = VERTEX_POINT('',#5733);
#5733 = CARTESIAN_POINT('',(-2.108399640828,1.178399640828,2.2178));
#5734 = LINE('',#5735,#5736);
#5735 = CARTESIAN_POINT('',(-1.508399640828,1.178399640828,2.2178));
#5736 = VECTOR('',#5737,1.);
#5737 = DIRECTION('',(-1.,2.22044604925E-16,0.));
#5738 = ORIENTED_EDGE('',*,*,#5739,.T.);
#5739 = EDGE_CURVE('',#5732,#5446,#5740,.T.);
#5740 = B_SPLINE_CURVE_WITH_KNOTS('',1,(#5741,#5742),.UNSPECIFIED.,.F.,
  .F.,(2,2),(0.,1.),.PIECEWISE_BEZIER_KNOTS.);
#5741 = CARTESIAN_POINT('',(-2.108399640828,1.178399640828,2.2178));
#5742 = CARTESIAN_POINT('',(-2.108399640828,1.178399640828,2.22));
#5743 = ORIENTED_EDGE('',*,*,#5443,.F.);
#5744 = ORIENTED_EDGE('',*,*,#5745,.F.);
#5745 = EDGE_CURVE('',#5730,#5444,#5746,.T.);
#5746 = B_SPLINE_CURVE_WITH_KNOTS('',1,(#5747,#5748),.UNSPECIFIED.,.F.,
  .F.,(2,2),(0.,1.),.PIECEWISE_BEZIER_KNOTS.);
#5747 = CARTESIAN_POINT('',(-1.508399640828,1.178399640828,2.2178));
#5748 = CARTESIAN_POINT('',(-1.508399640828,1.178399640828,2.22));
#5749 = PLANE('',#5750);
#5750 = AXIS2_PLACEMENT_3D('',#5751,#5752,#5753);
#5751 = CARTESIAN_POINT('',(-1.508399640828,1.178399640828,2.22));
#5752 = DIRECTION('',(2.22044604925E-16,1.,0.));
#5753 = DIRECTION('',(-1.,2.22044604925E-16,0.));
#5754 = ADVANCED_FACE('',(#5755),#5772,.F.);
#5755 = FACE_BOUND('',#5756,.F.);
#5756 = EDGE_LOOP('',(#5757,#5765,#5766,#5767));
#5757 = ORIENTED_EDGE('',*,*,#5758,.T.);
#5758 = EDGE_CURVE('',#5759,#5730,#5761,.T.);
#5759 = VERTEX_POINT('',#5760);
#5760 = CARTESIAN_POINT('',(-1.508399640828,-1.178399640828,2.2178));
#5761 = LINE('',#5762,#5763);
#5762 = CARTESIAN_POINT('',(-1.508399640828,-1.178399640828,2.2178));
#5763 = VECTOR('',#5764,1.);
#5764 = DIRECTION('',(2.22044604925E-16,1.,0.));
#5765 = ORIENTED_EDGE('',*,*,#5745,.T.);
#5766 = ORIENTED_EDGE('',*,*,#5469,.F.);
#5767 = ORIENTED_EDGE('',*,*,#5768,.F.);
#5768 = EDGE_CURVE('',#5759,#5462,#5769,.T.);
#5769 = B_SPLINE_CURVE_WITH_KNOTS('',1,(#5770,#5771),.UNSPECIFIED.,.F.,
  .F.,(2,2),(0.,1.),.PIECEWISE_BEZIER_KNOTS.);
#5770 = CARTESIAN_POINT('',(-1.508399640828,-1.178399640828,2.2178));
#5771 = CARTESIAN_POINT('',(-1.508399640828,-1.178399640828,2.22));
#5772 = PLANE('',#5773);
#5773 = AXIS2_PLACEMENT_3D('',#5774,#5775,#5776);
#5774 = CARTESIAN_POINT('',(-1.508399640828,-1.178399640828,2.22));
#5775 = DIRECTION('',(1.,-2.22044604925E-16,0.));
#5776 = DIRECTION('',(2.22044604925E-16,1.,0.));
#5777 = ADVANCED_FACE('',(#5778),#5795,.F.);
#5778 = FACE_BOUND('',#5779,.F.);
#5779 = EDGE_LOOP('',(#5780,#5788,#5789,#5790));
#5780 = ORIENTED_EDGE('',*,*,#5781,.T.);
#5781 = EDGE_CURVE('',#5782,#5759,#5784,.T.);
#5782 = VERTEX_POINT('',#5783);
#5783 = CARTESIAN_POINT('',(-2.108399640828,-1.178399640828,2.2178));
#5784 = LINE('',#5785,#5786);
#5785 = CARTESIAN_POINT('',(-2.108399640828,-1.178399640828,2.2178));
#5786 = VECTOR('',#5787,1.);
#5787 = DIRECTION('',(1.,-2.22044604925E-16,0.));
#5788 = ORIENTED_EDGE('',*,*,#5768,.T.);
#5789 = ORIENTED_EDGE('',*,*,#5461,.F.);
#5790 = ORIENTED_EDGE('',*,*,#5791,.F.);
#5791 = EDGE_CURVE('',#5782,#5454,#5792,.T.);
#5792 = B_SPLINE_CURVE_WITH_KNOTS('',1,(#5793,#5794),.UNSPECIFIED.,.F.,
  .F.,(2,2),(0.,1.),.PIECEWISE_BEZIER_KNOTS.);
#5793 = CARTESIAN_POINT('',(-2.108399640828,-1.178399640828,2.2178));
#5794 = CARTESIAN_POINT('',(-2.108399640828,-1.178399640828,2.22));
#5795 = PLANE('',#5796);
#5796 = AXIS2_PLACEMENT_3D('',#5797,#5798,#5799);
#5797 = CARTESIAN_POINT('',(-2.108399640828,-1.178399640828,2.22));
#5798 = DIRECTION('',(-2.22044604925E-16,-1.,0.));
#5799 = DIRECTION('',(1.,-2.22044604925E-16,0.));
#5800 = ADVANCED_FACE('',(#5801),#5812,.F.);
#5801 = FACE_BOUND('',#5802,.F.);
#5802 = EDGE_LOOP('',(#5803,#5809,#5810,#5811));
#5803 = ORIENTED_EDGE('',*,*,#5804,.T.);
#5804 = EDGE_CURVE('',#5732,#5782,#5805,.T.);
#5805 = LINE('',#5806,#5807);
#5806 = CARTESIAN_POINT('',(-2.108399640828,1.178399640828,2.2178));
#5807 = VECTOR('',#5808,1.);
#5808 = DIRECTION('',(-2.22044604925E-16,-1.,0.));
#5809 = ORIENTED_EDGE('',*,*,#5791,.T.);
#5810 = ORIENTED_EDGE('',*,*,#5453,.F.);
#5811 = ORIENTED_EDGE('',*,*,#5739,.F.);
#5812 = PLANE('',#5813);
#5813 = AXIS2_PLACEMENT_3D('',#5814,#5815,#5816);
#5814 = CARTESIAN_POINT('',(-2.108399640828,1.178399640828,2.22));
#5815 = DIRECTION('',(-1.,2.22044604925E-16,0.));
#5816 = DIRECTION('',(-2.22044604925E-16,-1.,0.));
#5817 = ADVANCED_FACE('',(#5818),#5834,.T.);
#5818 = FACE_BOUND('',#5819,.T.);
#5819 = EDGE_LOOP('',(#5820,#5826,#5827,#5833));
#5820 = ORIENTED_EDGE('',*,*,#5821,.T.);
#5821 = EDGE_CURVE('',#5622,#5524,#5822,.T.);
#5822 = LINE('',#5823,#5824);
#5823 = CARTESIAN_POINT('',(-2.5,-0.75,0.146666666667));
#5824 = VECTOR('',#5825,1.);
#5825 = DIRECTION('',(2.22044604925E-16,1.,0.));
#5826 = ORIENTED_EDGE('',*,*,#5523,.T.);
#5827 = ORIENTED_EDGE('',*,*,#5828,.F.);
#5828 = EDGE_CURVE('',#5632,#5526,#5829,.T.);
#5829 = LINE('',#5830,#5831);
#5830 = CARTESIAN_POINT('',(-2.353333333333,-0.75,-2.775557561563E-17));
#5831 = VECTOR('',#5832,1.);
#5832 = DIRECTION('',(2.22044604925E-16,1.,0.));
#5833 = ORIENTED_EDGE('',*,*,#5631,.F.);
#5834 = CYLINDRICAL_SURFACE('',#5835,0.146666666667);
#5835 = AXIS2_PLACEMENT_3D('',#5836,#5837,#5838);
#5836 = CARTESIAN_POINT('',(-2.353333333333,-0.75,0.146666666667));
#5837 = DIRECTION('',(2.22044604925E-16,1.,0.));
#5838 = DIRECTION('',(-1.,2.22044604925E-16,0.));
#5839 = ADVANCED_FACE('',(#5840),#5846,.T.);
#5840 = FACE_BOUND('',#5841,.T.);
#5841 = EDGE_LOOP('',(#5842,#5843,#5844,#5845));
#5842 = ORIENTED_EDGE('',*,*,#5640,.T.);
#5843 = ORIENTED_EDGE('',*,*,#5828,.T.);
#5844 = ORIENTED_EDGE('',*,*,#5583,.T.);
#5845 = ORIENTED_EDGE('',*,*,#5597,.T.);
#5846 = PLANE('',#5847);
#5847 = AXIS2_PLACEMENT_3D('',#5848,#5849,#5850);
#5848 = CARTESIAN_POINT('',(-1.746666666667,3.878379099357E-16,
    -7.671995716851E-18));
#5849 = DIRECTION('',(1.332277103521E-17,-2.579688262589E-33,-1.));
#5850 = DIRECTION('',(1.,-2.22044604925E-16,1.332277103521E-17));
#5851 = ADVANCED_FACE('',(#5852),#5863,.T.);
#5852 = FACE_BOUND('',#5853,.T.);
#5853 = EDGE_LOOP('',(#5854,#5855,#5856,#5862));
#5854 = ORIENTED_EDGE('',*,*,#5714,.T.);
#5855 = ORIENTED_EDGE('',*,*,#5559,.T.);
#5856 = ORIENTED_EDGE('',*,*,#5857,.T.);
#5857 = EDGE_CURVE('',#5552,#5658,#5858,.T.);
#5858 = LINE('',#5859,#5860);
#5859 = CARTESIAN_POINT('',(-2.28,0.75,0.98901));
#5860 = VECTOR('',#5861,1.);
#5861 = DIRECTION('',(-2.22044604925E-16,-1.,0.));
#5862 = ORIENTED_EDGE('',*,*,#5657,.F.);
#5863 = PLANE('',#5864);
#5864 = AXIS2_PLACEMENT_3D('',#5865,#5866,#5867);
#5865 = CARTESIAN_POINT('',(-2.28,0.75,0.));
#5866 = DIRECTION('',(1.,-2.22044604925E-16,0.));
#5867 = DIRECTION('',(-2.22044604925E-16,-1.,0.));
#5868 = ADVANCED_FACE('',(#5869),#5880,.F.);
#5869 = FACE_BOUND('',#5870,.F.);
#5870 = EDGE_LOOP('',(#5871,#5872,#5878,#5879));
#5871 = ORIENTED_EDGE('',*,*,#5665,.T.);
#5872 = ORIENTED_EDGE('',*,*,#5873,.T.);
#5873 = EDGE_CURVE('',#5666,#5543,#5874,.T.);
#5874 = LINE('',#5875,#5876);
#5875 = CARTESIAN_POINT('',(-2.353333333333,-0.75,0.98901));
#5876 = VECTOR('',#5877,1.);
#5877 = DIRECTION('',(2.22044604925E-16,1.,0.));
#5878 = ORIENTED_EDGE('',*,*,#5551,.T.);
#5879 = ORIENTED_EDGE('',*,*,#5857,.T.);
#5880 = PLANE('',#5881);
#5881 = AXIS2_PLACEMENT_3D('',#5882,#5883,#5884);
#5882 = CARTESIAN_POINT('',(-2.39,4.440892098501E-16,0.98901));
#5883 = DIRECTION('',(0.,-0.,-1.));
#5884 = DIRECTION('',(-2.22044604925E-16,-1.,0.));
#5885 = ADVANCED_FACE('',(#5886),#5897,.T.);
#5886 = FACE_BOUND('',#5887,.T.);
#5887 = EDGE_LOOP('',(#5888,#5889,#5890,#5891));
#5888 = ORIENTED_EDGE('',*,*,#5673,.T.);
#5889 = ORIENTED_EDGE('',*,*,#5873,.T.);
#5890 = ORIENTED_EDGE('',*,*,#5542,.F.);
#5891 = ORIENTED_EDGE('',*,*,#5892,.F.);
#5892 = EDGE_CURVE('',#5624,#5535,#5893,.T.);
#5893 = LINE('',#5894,#5895);
#5894 = CARTESIAN_POINT('',(-2.5,-0.75,0.842343333333));
#5895 = VECTOR('',#5896,1.);
#5896 = DIRECTION('',(2.22044604925E-16,1.,0.));
#5897 = CYLINDRICAL_SURFACE('',#5898,0.146666666667);
#5898 = AXIS2_PLACEMENT_3D('',#5899,#5900,#5901);
#5899 = CARTESIAN_POINT('',(-2.353333333333,-0.75,0.842343333333));
#5900 = DIRECTION('',(2.22044604925E-16,1.,0.));
#5901 = DIRECTION('',(-1.,2.22044604925E-16,0.));
#5902 = ADVANCED_FACE('',(#5903),#5909,.T.);
#5903 = FACE_BOUND('',#5904,.T.);
#5904 = EDGE_LOOP('',(#5905,#5906,#5907,#5908));
#5905 = ORIENTED_EDGE('',*,*,#5621,.T.);
#5906 = ORIENTED_EDGE('',*,*,#5892,.T.);
#5907 = ORIENTED_EDGE('',*,*,#5534,.F.);
#5908 = ORIENTED_EDGE('',*,*,#5821,.F.);
#5909 = PLANE('',#5910);
#5910 = AXIS2_PLACEMENT_3D('',#5911,#5912,#5913);
#5911 = CARTESIAN_POINT('',(-2.5,-0.75,0.));
#5912 = DIRECTION('',(-1.,2.22044604925E-16,0.));
#5913 = DIRECTION('',(2.22044604925E-16,1.,0.));
#5914 = ADVANCED_FACE('',(#5915),#5921,.F.);
#5915 = FACE_BOUND('',#5916,.T.);
#5916 = EDGE_LOOP('',(#5917,#5918,#5919,#5920));
#5917 = ORIENTED_EDGE('',*,*,#5758,.T.);
#5918 = ORIENTED_EDGE('',*,*,#5729,.T.);
#5919 = ORIENTED_EDGE('',*,*,#5804,.T.);
#5920 = ORIENTED_EDGE('',*,*,#5781,.T.);
#5921 = PLANE('',#5922);
#5922 = AXIS2_PLACEMENT_3D('',#5923,#5924,#5925);
#5923 = CARTESIAN_POINT('',(-1.508399640828,-1.178399640828,2.2178));
#5924 = DIRECTION('',(0.,0.,-1.));
#5925 = DIRECTION('',(-0.246713052972,0.969088576701,0.));
#5926 = ( GEOMETRIC_REPRESENTATION_CONTEXT(3) 
GLOBAL_UNCERTAINTY_ASSIGNED_CONTEXT((#5930)) 
GLOBAL_UNIT_ASSIGNED_CONTEXT((#5927,#5928,#5929)) REPRESENTATION_CONTEXT
('Context #1','3D Context with UNIT and UNCERTAINTY') );
#5927 = ( LENGTH_UNIT() NAMED_UNIT(*) SI_UNIT(.MILLI.,.METRE.) );
#5928 = ( NAMED_UNIT(*) PLANE_ANGLE_UNIT() SI_UNIT($,.RADIAN.) );
#5929 = ( NAMED_UNIT(*) SI_UNIT($,.STERADIAN.) SOLID_ANGLE_UNIT() );
#5930 = UNCERTAINTY_MEASURE_WITH_UNIT(LENGTH_MEASURE(1.E-07),#5927,
  'distance_accuracy_value','confusion accuracy');
#5931 = CONTEXT_DEPENDENT_SHAPE_REPRESENTATION(#5932,#5934);
#5932 = ( REPRESENTATION_RELATIONSHIP('','',#4717,#4694) 
REPRESENTATION_RELATIONSHIP_WITH_TRANSFORMATION(#5933) 
SHAPE_REPRESENTATION_RELATIONSHIP() );
#5933 = ITEM_DEFINED_TRANSFORMATION('','',#11,#4695);
#5934 = PRODUCT_DEFINITION_SHAPE('Placement','Placement of an item',
  #5935);
#5935 = NEXT_ASSEMBLY_USAGE_OCCURRENCE('15','=>[0:1:1:9]','',#4689,#4712
  ,$);
#5936 = PRODUCT_RELATED_PRODUCT_CATEGORY('part',$,(#4714));
#5937 = CONTEXT_DEPENDENT_SHAPE_REPRESENTATION(#5938,#5940);
#5938 = ( REPRESENTATION_RELATIONSHIP('','',#936,#10) 
REPRESENTATION_RELATIONSHIP_WITH_TRANSFORMATION(#5939) 
SHAPE_REPRESENTATION_RELATIONSHIP() );
#5939 = ITEM_DEFINED_TRANSFORMATION('','',#11,#63);
#5940 = PRODUCT_DEFINITION_SHAPE('Placement','Placement of an item',
  #5941);
#5941 = NEXT_ASSEMBLY_USAGE_OCCURRENCE('17','C36','',#5,#931,$);
#5942 = SHAPE_DEFINITION_REPRESENTATION(#5943,#5949);
#5943 = PRODUCT_DEFINITION_SHAPE('','',#5944);
#5944 = PRODUCT_DEFINITION('design','',#5945,#5948);
#5945 = PRODUCT_DEFINITION_FORMATION('','',#5946);
#5946 = PRODUCT('D_SOD-323','D_SOD-323','',(#5947));
#5947 = PRODUCT_CONTEXT('',#2,'mechanical');
#5948 = PRODUCT_DEFINITION_CONTEXT('part definition',#2,'design');
#5949 = SHAPE_REPRESENTATION('',(#11,#5950),#5954);
#5950 = AXIS2_PLACEMENT_3D('',#5951,#5952,#5953);
#5951 = CARTESIAN_POINT('',(0.,0.,0.));
#5952 = DIRECTION('',(0.,0.,1.));
#5953 = DIRECTION('',(1.,0.,-0.));
#5954 = ( GEOMETRIC_REPRESENTATION_CONTEXT(3) 
GLOBAL_UNCERTAINTY_ASSIGNED_CONTEXT((#5958)) 
GLOBAL_UNIT_ASSIGNED_CONTEXT((#5955,#5956,#5957)) REPRESENTATION_CONTEXT
('Context #1','3D Context with UNIT and UNCERTAINTY') );
#5955 = ( LENGTH_UNIT() NAMED_UNIT(*) SI_UNIT(.MILLI.,.METRE.) );
#5956 = ( NAMED_UNIT(*) PLANE_ANGLE_UNIT() SI_UNIT($,.RADIAN.) );
#5957 = ( NAMED_UNIT(*) SI_UNIT($,.STERADIAN.) SOLID_ANGLE_UNIT() );
#5958 = UNCERTAINTY_MEASURE_WITH_UNIT(LENGTH_MEASURE(1.E-07),#5955,
  'distance_accuracy_value','confusion accuracy');
#5959 = CONTEXT_DEPENDENT_SHAPE_REPRESENTATION(#5960,#5962);
#5960 = ( REPRESENTATION_RELATIONSHIP('','',#5949,#10) 
REPRESENTATION_RELATIONSHIP_WITH_TRANSFORMATION(#5961) 
SHAPE_REPRESENTATION_RELATIONSHIP() );
#5961 = ITEM_DEFINED_TRANSFORMATION('','',#11,#67);
#5962 = PRODUCT_DEFINITION_SHAPE('Placement','Placement of an item',
  #5963);
#5963 = NEXT_ASSEMBLY_USAGE_OCCURRENCE('19','D3','',#5,#5944,$);
#5964 = PRODUCT_RELATED_PRODUCT_CATEGORY('part',$,(#5946));
#5965 = SHAPE_DEFINITION_REPRESENTATION(#5966,#5972);
#5966 = PRODUCT_DEFINITION_SHAPE('','',#5967);
#5967 = PRODUCT_DEFINITION('design','',#5968,#5971);
#5968 = PRODUCT_DEFINITION_FORMATION('','',#5969);
#5969 = PRODUCT('D_SOD-323','D_SOD-323','',(#5970));
#5970 = PRODUCT_CONTEXT('',#2,'mechanical');
#5971 = PRODUCT_DEFINITION_CONTEXT('part definition',#2,'design');
#5972 = ADVANCED_BREP_SHAPE_REPRESENTATION('',(#11,#5973),#7661);
#5973 = MANIFOLD_SOLID_BREP('',#5974);
#5974 = CLOSED_SHELL('',(#5975,#6029,#6092,#6115,#6145,#6178,#6208,#6231
    ,#6254,#6277,#6300,#6323,#6356,#6379,#6402,#6490,#6565,#6589,#6657,
    #6745,#6761,#6777,#6793,#6809,#6826,#6859,#6876,#6898,#6929,#6952,
    #6975,#6998,#7028,#7045,#7062,#7079,#7096,#7113,#7130,#7147,#7159,
    #7182,#7205,#7222,#7297,#7321,#7389,#7406,#7456,#7473,#7490,#7507,
    #7524,#7541,#7553,#7584,#7608,#7632,#7649));
#5975 = ADVANCED_FACE('',(#5976),#6024,.F.);
#5976 = FACE_BOUND('',#5977,.F.);
#5977 = EDGE_LOOP('',(#5978,#5988,#5995,#6003,#6011,#6019));
#5978 = ORIENTED_EDGE('',*,*,#5979,.T.);
#5979 = EDGE_CURVE('',#5980,#5982,#5984,.T.);
#5980 = VERTEX_POINT('',#5981);
#5981 = CARTESIAN_POINT('',(-0.790270145251,-0.500135072626,0.1));
#5982 = VERTEX_POINT('',#5983);
#5983 = CARTESIAN_POINT('',(-0.790270145251,0.500135072626,0.1));
#5984 = LINE('',#5985,#5986);
#5985 = CARTESIAN_POINT('',(-0.790270145251,-0.500135072626,0.1));
#5986 = VECTOR('',#5987,1.);
#5987 = DIRECTION('',(0.,1.,0.));
#5988 = ORIENTED_EDGE('',*,*,#5989,.T.);
#5989 = EDGE_CURVE('',#5982,#5990,#5992,.T.);
#5990 = VERTEX_POINT('',#5991);
#5991 = CARTESIAN_POINT('',(-0.85,0.53,0.525));
#5992 = B_SPLINE_CURVE_WITH_KNOTS('',1,(#5993,#5994),.UNSPECIFIED.,.F.,
  .F.,(2,2),(0.,1.),.PIECEWISE_BEZIER_KNOTS.);
#5993 = CARTESIAN_POINT('',(-0.790270145251,0.500135072626,0.1));
#5994 = CARTESIAN_POINT('',(-0.85,0.53,0.525));
#5995 = ORIENTED_EDGE('',*,*,#5996,.F.);
#5996 = EDGE_CURVE('',#5997,#5990,#5999,.T.);
#5997 = VERTEX_POINT('',#5998);
#5998 = CARTESIAN_POINT('',(-0.85,0.175,0.525));
#5999 = LINE('',#6000,#6001);
#6000 = CARTESIAN_POINT('',(-0.85,-0.53,0.525));
#6001 = VECTOR('',#6002,1.);
#6002 = DIRECTION('',(0.,1.,0.));
#6003 = ORIENTED_EDGE('',*,*,#6004,.F.);
#6004 = EDGE_CURVE('',#6005,#5997,#6007,.T.);
#6005 = VERTEX_POINT('',#6006);
#6006 = CARTESIAN_POINT('',(-0.85,-0.175,0.525));
#6007 = LINE('',#6008,#6009);
#6008 = CARTESIAN_POINT('',(-0.85,-0.175,0.525));
#6009 = VECTOR('',#6010,1.);
#6010 = DIRECTION('',(1.110223024625E-16,1.,0.));
#6011 = ORIENTED_EDGE('',*,*,#6012,.F.);
#6012 = EDGE_CURVE('',#6013,#6005,#6015,.T.);
#6013 = VERTEX_POINT('',#6014);
#6014 = CARTESIAN_POINT('',(-0.85,-0.53,0.525));
#6015 = LINE('',#6016,#6017);
#6016 = CARTESIAN_POINT('',(-0.85,-0.53,0.525));
#6017 = VECTOR('',#6018,1.);
#6018 = DIRECTION('',(0.,1.,0.));
#6019 = ORIENTED_EDGE('',*,*,#6020,.F.);
#6020 = EDGE_CURVE('',#5980,#6013,#6021,.T.);
#6021 = B_SPLINE_CURVE_WITH_KNOTS('',1,(#6022,#6023),.UNSPECIFIED.,.F.,
  .F.,(2,2),(0.,1.),.PIECEWISE_BEZIER_KNOTS.);
#6022 = CARTESIAN_POINT('',(-0.790270145251,-0.500135072626,0.1));
#6023 = CARTESIAN_POINT('',(-0.85,-0.53,0.525));
#6024 = B_SPLINE_SURFACE_WITH_KNOTS('',1,1,(
    (#6025,#6026)
    ,(#6027,#6028
    )),.UNSPECIFIED.,.F.,.F.,.F.,(2,2),(2,2),(0.,1.06),(0.,1.),
  .PIECEWISE_BEZIER_KNOTS.);
#6025 = CARTESIAN_POINT('',(-0.790270145251,-0.500135072626,0.1));
#6026 = CARTESIAN_POINT('',(-0.85,-0.53,0.525));
#6027 = CARTESIAN_POINT('',(-0.790270145251,0.500135072626,0.1));
#6028 = CARTESIAN_POINT('',(-0.85,0.53,0.525));
#6029 = ADVANCED_FACE('',(#6030),#6087,.F.);
#6030 = FACE_BOUND('',#6031,.T.);
#6031 = EDGE_LOOP('',(#6032,#6033,#6041,#6049,#6057,#6065,#6073,#6081));
#6032 = ORIENTED_EDGE('',*,*,#5979,.T.);
#6033 = ORIENTED_EDGE('',*,*,#6034,.T.);
#6034 = EDGE_CURVE('',#5982,#6035,#6037,.T.);
#6035 = VERTEX_POINT('',#6036);
#6036 = CARTESIAN_POINT('',(-0.725135072626,0.565270145251,0.1));
#6037 = LINE('',#6038,#6039);
#6038 = CARTESIAN_POINT('',(-0.790270145251,0.500135072626,0.1));
#6039 = VECTOR('',#6040,1.);
#6040 = DIRECTION('',(0.707106781187,0.707106781187,0.));
#6041 = ORIENTED_EDGE('',*,*,#6042,.T.);
#6042 = EDGE_CURVE('',#6035,#6043,#6045,.T.);
#6043 = VERTEX_POINT('',#6044);
#6044 = CARTESIAN_POINT('',(0.725135072626,0.565270145251,0.1));
#6045 = LINE('',#6046,#6047);
#6046 = CARTESIAN_POINT('',(-0.725135072626,0.565270145251,0.1));
#6047 = VECTOR('',#6048,1.);
#6048 = DIRECTION('',(1.,0.,0.));
#6049 = ORIENTED_EDGE('',*,*,#6050,.T.);
#6050 = EDGE_CURVE('',#6043,#6051,#6053,.T.);
#6051 = VERTEX_POINT('',#6052);
#6052 = CARTESIAN_POINT('',(0.790270145251,0.500135072626,0.1));
#6053 = LINE('',#6054,#6055);
#6054 = CARTESIAN_POINT('',(0.725135072626,0.565270145251,0.1));
#6055 = VECTOR('',#6056,1.);
#6056 = DIRECTION('',(0.707106781187,-0.707106781187,0.));
#6057 = ORIENTED_EDGE('',*,*,#6058,.T.);
#6058 = EDGE_CURVE('',#6051,#6059,#6061,.T.);
#6059 = VERTEX_POINT('',#6060);
#6060 = CARTESIAN_POINT('',(0.790270145251,-0.500135072626,0.1));
#6061 = LINE('',#6062,#6063);
#6062 = CARTESIAN_POINT('',(0.790270145251,0.500135072626,0.1));
#6063 = VECTOR('',#6064,1.);
#6064 = DIRECTION('',(0.,-1.,0.));
#6065 = ORIENTED_EDGE('',*,*,#6066,.T.);
#6066 = EDGE_CURVE('',#6059,#6067,#6069,.T.);
#6067 = VERTEX_POINT('',#6068);
#6068 = CARTESIAN_POINT('',(0.725135072626,-0.565270145251,0.1));
#6069 = LINE('',#6070,#6071);
#6070 = CARTESIAN_POINT('',(0.790270145251,-0.500135072626,0.1));
#6071 = VECTOR('',#6072,1.);
#6072 = DIRECTION('',(-0.707106781187,-0.707106781187,0.));
#6073 = ORIENTED_EDGE('',*,*,#6074,.T.);
#6074 = EDGE_CURVE('',#6067,#6075,#6077,.T.);
#6075 = VERTEX_POINT('',#6076);
#6076 = CARTESIAN_POINT('',(-0.725135072626,-0.565270145251,0.1));
#6077 = LINE('',#6078,#6079);
#6078 = CARTESIAN_POINT('',(0.725135072626,-0.565270145251,0.1));
#6079 = VECTOR('',#6080,1.);
#6080 = DIRECTION('',(-1.,0.,0.));
#6081 = ORIENTED_EDGE('',*,*,#6082,.T.);
#6082 = EDGE_CURVE('',#6075,#5980,#6083,.T.);
#6083 = LINE('',#6084,#6085);
#6084 = CARTESIAN_POINT('',(-0.725135072626,-0.565270145251,0.1));
#6085 = VECTOR('',#6086,1.);
#6086 = DIRECTION('',(-0.707106781187,0.707106781187,0.));
#6087 = PLANE('',#6088);
#6088 = AXIS2_PLACEMENT_3D('',#6089,#6090,#6091);
#6089 = CARTESIAN_POINT('',(-0.790270145251,-0.500135072626,0.1));
#6090 = DIRECTION('',(0.,0.,1.));
#6091 = DIRECTION('',(0.844997546083,0.534770181587,-0.));
#6092 = ADVANCED_FACE('',(#6093),#6110,.F.);
#6093 = FACE_BOUND('',#6094,.F.);
#6094 = EDGE_LOOP('',(#6095,#6096,#6103,#6109));
#6095 = ORIENTED_EDGE('',*,*,#6034,.T.);
#6096 = ORIENTED_EDGE('',*,*,#6097,.T.);
#6097 = EDGE_CURVE('',#6035,#6098,#6100,.T.);
#6098 = VERTEX_POINT('',#6099);
#6099 = CARTESIAN_POINT('',(-0.755,0.625,0.525));
#6100 = B_SPLINE_CURVE_WITH_KNOTS('',1,(#6101,#6102),.UNSPECIFIED.,.F.,
  .F.,(2,2),(0.,1.),.PIECEWISE_BEZIER_KNOTS.);
#6101 = CARTESIAN_POINT('',(-0.725135072626,0.565270145251,0.1));
#6102 = CARTESIAN_POINT('',(-0.755,0.625,0.525));
#6103 = ORIENTED_EDGE('',*,*,#6104,.F.);
#6104 = EDGE_CURVE('',#5990,#6098,#6105,.T.);
#6105 = LINE('',#6106,#6107);
#6106 = CARTESIAN_POINT('',(-0.85,0.53,0.525));
#6107 = VECTOR('',#6108,1.);
#6108 = DIRECTION('',(0.707106781187,0.707106781187,0.));
#6109 = ORIENTED_EDGE('',*,*,#5989,.F.);
#6110 = B_SPLINE_SURFACE_WITH_KNOTS('',1,1,(
    (#6111,#6112)
    ,(#6113,#6114
    )),.UNSPECIFIED.,.F.,.F.,.F.,(2,2),(2,2),(0.,0.134350288425),(0.,1.)
  ,.PIECEWISE_BEZIER_KNOTS.);
#6111 = CARTESIAN_POINT('',(-0.790270145251,0.500135072626,0.1));
#6112 = CARTESIAN_POINT('',(-0.85,0.53,0.525));
#6113 = CARTESIAN_POINT('',(-0.725135072626,0.565270145251,0.1));
#6114 = CARTESIAN_POINT('',(-0.755,0.625,0.525));
#6115 = ADVANCED_FACE('',(#6116),#6140,.F.);
#6116 = FACE_BOUND('',#6117,.F.);
#6117 = EDGE_LOOP('',(#6118,#6125,#6126,#6134));
#6118 = ORIENTED_EDGE('',*,*,#6119,.F.);
#6119 = EDGE_CURVE('',#6013,#6120,#6122,.T.);
#6120 = VERTEX_POINT('',#6121);
#6121 = CARTESIAN_POINT('',(-0.85,-0.53,0.675));
#6122 = B_SPLINE_CURVE_WITH_KNOTS('',1,(#6123,#6124),.UNSPECIFIED.,.F.,
  .F.,(2,2),(0.,1.),.PIECEWISE_BEZIER_KNOTS.);
#6123 = CARTESIAN_POINT('',(-0.85,-0.53,0.525));
#6124 = CARTESIAN_POINT('',(-0.85,-0.53,0.675));
#6125 = ORIENTED_EDGE('',*,*,#6012,.T.);
#6126 = ORIENTED_EDGE('',*,*,#6127,.T.);
#6127 = EDGE_CURVE('',#6005,#6128,#6130,.T.);
#6128 = VERTEX_POINT('',#6129);
#6129 = CARTESIAN_POINT('',(-0.85,-0.175,0.675));
#6130 = LINE('',#6131,#6132);
#6131 = CARTESIAN_POINT('',(-0.85,-0.175,0.503709028349));
#6132 = VECTOR('',#6133,1.);
#6133 = DIRECTION('',(0.,0.,1.));
#6134 = ORIENTED_EDGE('',*,*,#6135,.F.);
#6135 = EDGE_CURVE('',#6120,#6128,#6136,.T.);
#6136 = LINE('',#6137,#6138);
#6137 = CARTESIAN_POINT('',(-0.85,-0.53,0.675));
#6138 = VECTOR('',#6139,1.);
#6139 = DIRECTION('',(0.,1.,0.));
#6140 = PLANE('',#6141);
#6141 = AXIS2_PLACEMENT_3D('',#6142,#6143,#6144);
#6142 = CARTESIAN_POINT('',(-0.85,-0.53,0.675));
#6143 = DIRECTION('',(1.,0.,0.));
#6144 = DIRECTION('',(-0.,1.,0.));
#6145 = ADVANCED_FACE('',(#6146),#6173,.F.);
#6146 = FACE_BOUND('',#6147,.F.);
#6147 = EDGE_LOOP('',(#6148,#6149,#6158,#6166));
#6148 = ORIENTED_EDGE('',*,*,#6004,.T.);
#6149 = ORIENTED_EDGE('',*,*,#6150,.T.);
#6150 = EDGE_CURVE('',#5997,#6151,#6153,.T.);
#6151 = VERTEX_POINT('',#6152);
#6152 = CARTESIAN_POINT('',(-0.918936542711,0.175,0.467155372437));
#6153 = CIRCLE('',#6154,7.E-02);
#6154 = AXIS2_PLACEMENT_3D('',#6155,#6156,#6157);
#6155 = CARTESIAN_POINT('',(-0.85,0.175,0.455));
#6156 = DIRECTION('',(-1.110223024625E-16,-1.,0.));
#6157 = DIRECTION('',(0.,0.,1.));
#6158 = ORIENTED_EDGE('',*,*,#6159,.F.);
#6159 = EDGE_CURVE('',#6160,#6151,#6162,.T.);
#6160 = VERTEX_POINT('',#6161);
#6161 = CARTESIAN_POINT('',(-0.918936542711,-0.175,0.467155372437));
#6162 = LINE('',#6163,#6164);
#6163 = CARTESIAN_POINT('',(-0.918936542711,-0.175,0.467155372437));
#6164 = VECTOR('',#6165,1.);
#6165 = DIRECTION('',(1.110223024625E-16,1.,0.));
#6166 = ORIENTED_EDGE('',*,*,#6167,.F.);
#6167 = EDGE_CURVE('',#6005,#6160,#6168,.T.);
#6168 = CIRCLE('',#6169,7.E-02);
#6169 = AXIS2_PLACEMENT_3D('',#6170,#6171,#6172);
#6170 = CARTESIAN_POINT('',(-0.85,-0.175,0.455));
#6171 = DIRECTION('',(-1.110223024625E-16,-1.,0.));
#6172 = DIRECTION('',(0.,0.,1.));
#6173 = CYLINDRICAL_SURFACE('',#6174,7.E-02);
#6174 = AXIS2_PLACEMENT_3D('',#6175,#6176,#6177);
#6175 = CARTESIAN_POINT('',(-0.85,-0.175,0.455));
#6176 = DIRECTION('',(-1.110223024625E-16,-1.,0.));
#6177 = DIRECTION('',(0.,0.,1.));
#6178 = ADVANCED_FACE('',(#6179),#6203,.F.);
#6179 = FACE_BOUND('',#6180,.F.);
#6180 = EDGE_LOOP('',(#6181,#6189,#6190,#6197));
#6181 = ORIENTED_EDGE('',*,*,#6182,.F.);
#6182 = EDGE_CURVE('',#5997,#6183,#6185,.T.);
#6183 = VERTEX_POINT('',#6184);
#6184 = CARTESIAN_POINT('',(-0.85,0.175,0.675));
#6185 = LINE('',#6186,#6187);
#6186 = CARTESIAN_POINT('',(-0.85,0.175,0.503709028349));
#6187 = VECTOR('',#6188,1.);
#6188 = DIRECTION('',(0.,0.,1.));
#6189 = ORIENTED_EDGE('',*,*,#5996,.T.);
#6190 = ORIENTED_EDGE('',*,*,#6191,.T.);
#6191 = EDGE_CURVE('',#5990,#6192,#6194,.T.);
#6192 = VERTEX_POINT('',#6193);
#6193 = CARTESIAN_POINT('',(-0.85,0.53,0.675));
#6194 = B_SPLINE_CURVE_WITH_KNOTS('',1,(#6195,#6196),.UNSPECIFIED.,.F.,
  .F.,(2,2),(0.,1.),.PIECEWISE_BEZIER_KNOTS.);
#6195 = CARTESIAN_POINT('',(-0.85,0.53,0.525));
#6196 = CARTESIAN_POINT('',(-0.85,0.53,0.675));
#6197 = ORIENTED_EDGE('',*,*,#6198,.F.);
#6198 = EDGE_CURVE('',#6183,#6192,#6199,.T.);
#6199 = LINE('',#6200,#6201);
#6200 = CARTESIAN_POINT('',(-0.85,-0.53,0.675));
#6201 = VECTOR('',#6202,1.);
#6202 = DIRECTION('',(0.,1.,0.));
#6203 = PLANE('',#6204);
#6204 = AXIS2_PLACEMENT_3D('',#6205,#6206,#6207);
#6205 = CARTESIAN_POINT('',(-0.85,-0.53,0.675));
#6206 = DIRECTION('',(1.,0.,0.));
#6207 = DIRECTION('',(-0.,1.,0.));
#6208 = ADVANCED_FACE('',(#6209),#6226,.F.);
#6209 = FACE_BOUND('',#6210,.F.);
#6210 = EDGE_LOOP('',(#6211,#6212,#6213,#6221));
#6211 = ORIENTED_EDGE('',*,*,#6082,.T.);
#6212 = ORIENTED_EDGE('',*,*,#6020,.T.);
#6213 = ORIENTED_EDGE('',*,*,#6214,.F.);
#6214 = EDGE_CURVE('',#6215,#6013,#6217,.T.);
#6215 = VERTEX_POINT('',#6216);
#6216 = CARTESIAN_POINT('',(-0.755,-0.625,0.525));
#6217 = LINE('',#6218,#6219);
#6218 = CARTESIAN_POINT('',(-0.755,-0.625,0.525));
#6219 = VECTOR('',#6220,1.);
#6220 = DIRECTION('',(-0.707106781187,0.707106781187,0.));
#6221 = ORIENTED_EDGE('',*,*,#6222,.F.);
#6222 = EDGE_CURVE('',#6075,#6215,#6223,.T.);
#6223 = B_SPLINE_CURVE_WITH_KNOTS('',1,(#6224,#6225),.UNSPECIFIED.,.F.,
  .F.,(2,2),(0.,1.),.PIECEWISE_BEZIER_KNOTS.);
#6224 = CARTESIAN_POINT('',(-0.725135072626,-0.565270145251,0.1));
#6225 = CARTESIAN_POINT('',(-0.755,-0.625,0.525));
#6226 = B_SPLINE_SURFACE_WITH_KNOTS('',1,1,(
    (#6227,#6228)
    ,(#6229,#6230
    )),.UNSPECIFIED.,.F.,.F.,.F.,(2,2),(2,2),(0.,0.134350288425),(0.,1.)
  ,.PIECEWISE_BEZIER_KNOTS.);
#6227 = CARTESIAN_POINT('',(-0.725135072626,-0.565270145251,0.1));
#6228 = CARTESIAN_POINT('',(-0.755,-0.625,0.525));
#6229 = CARTESIAN_POINT('',(-0.790270145251,-0.500135072626,0.1));
#6230 = CARTESIAN_POINT('',(-0.85,-0.53,0.525));
#6231 = ADVANCED_FACE('',(#6232),#6249,.F.);
#6232 = FACE_BOUND('',#6233,.F.);
#6233 = EDGE_LOOP('',(#6234,#6235,#6236,#6244));
#6234 = ORIENTED_EDGE('',*,*,#6074,.T.);
#6235 = ORIENTED_EDGE('',*,*,#6222,.T.);
#6236 = ORIENTED_EDGE('',*,*,#6237,.F.);
#6237 = EDGE_CURVE('',#6238,#6215,#6240,.T.);
#6238 = VERTEX_POINT('',#6239);
#6239 = CARTESIAN_POINT('',(0.755,-0.625,0.525));
#6240 = LINE('',#6241,#6242);
#6241 = CARTESIAN_POINT('',(0.755,-0.625,0.525));
#6242 = VECTOR('',#6243,1.);
#6243 = DIRECTION('',(-1.,0.,0.));
#6244 = ORIENTED_EDGE('',*,*,#6245,.F.);
#6245 = EDGE_CURVE('',#6067,#6238,#6246,.T.);
#6246 = B_SPLINE_CURVE_WITH_KNOTS('',1,(#6247,#6248),.UNSPECIFIED.,.F.,
  .F.,(2,2),(0.,1.),.PIECEWISE_BEZIER_KNOTS.);
#6247 = CARTESIAN_POINT('',(0.725135072626,-0.565270145251,0.1));
#6248 = CARTESIAN_POINT('',(0.755,-0.625,0.525));
#6249 = B_SPLINE_SURFACE_WITH_KNOTS('',1,1,(
    (#6250,#6251)
    ,(#6252,#6253
    )),.UNSPECIFIED.,.F.,.F.,.F.,(2,2),(2,2),(0.,1.51),(0.,1.),
  .PIECEWISE_BEZIER_KNOTS.);
#6250 = CARTESIAN_POINT('',(0.725135072626,-0.565270145251,0.1));
#6251 = CARTESIAN_POINT('',(0.755,-0.625,0.525));
#6252 = CARTESIAN_POINT('',(-0.725135072626,-0.565270145251,0.1));
#6253 = CARTESIAN_POINT('',(-0.755,-0.625,0.525));
#6254 = ADVANCED_FACE('',(#6255),#6272,.F.);
#6255 = FACE_BOUND('',#6256,.F.);
#6256 = EDGE_LOOP('',(#6257,#6258,#6265,#6271));
#6257 = ORIENTED_EDGE('',*,*,#6042,.T.);
#6258 = ORIENTED_EDGE('',*,*,#6259,.T.);
#6259 = EDGE_CURVE('',#6043,#6260,#6262,.T.);
#6260 = VERTEX_POINT('',#6261);
#6261 = CARTESIAN_POINT('',(0.755,0.625,0.525));
#6262 = B_SPLINE_CURVE_WITH_KNOTS('',1,(#6263,#6264),.UNSPECIFIED.,.F.,
  .F.,(2,2),(0.,1.),.PIECEWISE_BEZIER_KNOTS.);
#6263 = CARTESIAN_POINT('',(0.725135072626,0.565270145251,0.1));
#6264 = CARTESIAN_POINT('',(0.755,0.625,0.525));
#6265 = ORIENTED_EDGE('',*,*,#6266,.F.);
#6266 = EDGE_CURVE('',#6098,#6260,#6267,.T.);
#6267 = LINE('',#6268,#6269);
#6268 = CARTESIAN_POINT('',(-0.755,0.625,0.525));
#6269 = VECTOR('',#6270,1.);
#6270 = DIRECTION('',(1.,0.,0.));
#6271 = ORIENTED_EDGE('',*,*,#6097,.F.);
#6272 = B_SPLINE_SURFACE_WITH_KNOTS('',1,1,(
    (#6273,#6274)
    ,(#6275,#6276
    )),.UNSPECIFIED.,.F.,.F.,.F.,(2,2),(2,2),(0.,1.51),(0.,1.),
  .PIECEWISE_BEZIER_KNOTS.);
#6273 = CARTESIAN_POINT('',(-0.725135072626,0.565270145251,0.1));
#6274 = CARTESIAN_POINT('',(-0.755,0.625,0.525));
#6275 = CARTESIAN_POINT('',(0.725135072626,0.565270145251,0.1));
#6276 = CARTESIAN_POINT('',(0.755,0.625,0.525));
#6277 = ADVANCED_FACE('',(#6278),#6295,.F.);
#6278 = FACE_BOUND('',#6279,.F.);
#6279 = EDGE_LOOP('',(#6280,#6281,#6282,#6290));
#6280 = ORIENTED_EDGE('',*,*,#6066,.T.);
#6281 = ORIENTED_EDGE('',*,*,#6245,.T.);
#6282 = ORIENTED_EDGE('',*,*,#6283,.F.);
#6283 = EDGE_CURVE('',#6284,#6238,#6286,.T.);
#6284 = VERTEX_POINT('',#6285);
#6285 = CARTESIAN_POINT('',(0.85,-0.53,0.525));
#6286 = LINE('',#6287,#6288);
#6287 = CARTESIAN_POINT('',(0.85,-0.53,0.525));
#6288 = VECTOR('',#6289,1.);
#6289 = DIRECTION('',(-0.707106781187,-0.707106781187,0.));
#6290 = ORIENTED_EDGE('',*,*,#6291,.F.);
#6291 = EDGE_CURVE('',#6059,#6284,#6292,.T.);
#6292 = B_SPLINE_CURVE_WITH_KNOTS('',1,(#6293,#6294),.UNSPECIFIED.,.F.,
  .F.,(2,2),(0.,1.),.PIECEWISE_BEZIER_KNOTS.);
#6293 = CARTESIAN_POINT('',(0.790270145251,-0.500135072626,0.1));
#6294 = CARTESIAN_POINT('',(0.85,-0.53,0.525));
#6295 = B_SPLINE_SURFACE_WITH_KNOTS('',1,1,(
    (#6296,#6297)
    ,(#6298,#6299
    )),.UNSPECIFIED.,.F.,.F.,.F.,(2,2),(2,2),(0.,0.134350288425),(0.,1.)
  ,.PIECEWISE_BEZIER_KNOTS.);
#6296 = CARTESIAN_POINT('',(0.790270145251,-0.500135072626,0.1));
#6297 = CARTESIAN_POINT('',(0.85,-0.53,0.525));
#6298 = CARTESIAN_POINT('',(0.725135072626,-0.565270145251,0.1));
#6299 = CARTESIAN_POINT('',(0.755,-0.625,0.525));
#6300 = ADVANCED_FACE('',(#6301),#6318,.F.);
#6301 = FACE_BOUND('',#6302,.F.);
#6302 = EDGE_LOOP('',(#6303,#6304,#6311,#6317));
#6303 = ORIENTED_EDGE('',*,*,#6050,.T.);
#6304 = ORIENTED_EDGE('',*,*,#6305,.T.);
#6305 = EDGE_CURVE('',#6051,#6306,#6308,.T.);
#6306 = VERTEX_POINT('',#6307);
#6307 = CARTESIAN_POINT('',(0.85,0.53,0.525));
#6308 = B_SPLINE_CURVE_WITH_KNOTS('',1,(#6309,#6310),.UNSPECIFIED.,.F.,
  .F.,(2,2),(0.,1.),.PIECEWISE_BEZIER_KNOTS.);
#6309 = CARTESIAN_POINT('',(0.790270145251,0.500135072626,0.1));
#6310 = CARTESIAN_POINT('',(0.85,0.53,0.525));
#6311 = ORIENTED_EDGE('',*,*,#6312,.F.);
#6312 = EDGE_CURVE('',#6260,#6306,#6313,.T.);
#6313 = LINE('',#6314,#6315);
#6314 = CARTESIAN_POINT('',(0.755,0.625,0.525));
#6315 = VECTOR('',#6316,1.);
#6316 = DIRECTION('',(0.707106781187,-0.707106781187,0.));
#6317 = ORIENTED_EDGE('',*,*,#6259,.F.);
#6318 = B_SPLINE_SURFACE_WITH_KNOTS('',1,1,(
    (#6319,#6320)
    ,(#6321,#6322
    )),.UNSPECIFIED.,.F.,.F.,.F.,(2,2),(2,2),(0.,0.134350288425),(0.,1.)
  ,.PIECEWISE_BEZIER_KNOTS.);
#6319 = CARTESIAN_POINT('',(0.725135072626,0.565270145251,0.1));
#6320 = CARTESIAN_POINT('',(0.755,0.625,0.525));
#6321 = CARTESIAN_POINT('',(0.790270145251,0.500135072626,0.1));
#6322 = CARTESIAN_POINT('',(0.85,0.53,0.525));
#6323 = ADVANCED_FACE('',(#6324),#6351,.F.);
#6324 = FACE_BOUND('',#6325,.F.);
#6325 = EDGE_LOOP('',(#6326,#6327,#6328,#6336,#6344,#6350));
#6326 = ORIENTED_EDGE('',*,*,#6058,.T.);
#6327 = ORIENTED_EDGE('',*,*,#6291,.T.);
#6328 = ORIENTED_EDGE('',*,*,#6329,.F.);
#6329 = EDGE_CURVE('',#6330,#6284,#6332,.T.);
#6330 = VERTEX_POINT('',#6331);
#6331 = CARTESIAN_POINT('',(0.85,-0.175,0.525));
#6332 = LINE('',#6333,#6334);
#6333 = CARTESIAN_POINT('',(0.85,0.53,0.525));
#6334 = VECTOR('',#6335,1.);
#6335 = DIRECTION('',(0.,-1.,0.));
#6336 = ORIENTED_EDGE('',*,*,#6337,.F.);
#6337 = EDGE_CURVE('',#6338,#6330,#6340,.T.);
#6338 = VERTEX_POINT('',#6339);
#6339 = CARTESIAN_POINT('',(0.85,0.175,0.525));
#6340 = LINE('',#6341,#6342);
#6341 = CARTESIAN_POINT('',(0.85,0.175,0.525));
#6342 = VECTOR('',#6343,1.);
#6343 = DIRECTION('',(-2.22044604925E-16,-1.,0.));
#6344 = ORIENTED_EDGE('',*,*,#6345,.F.);
#6345 = EDGE_CURVE('',#6306,#6338,#6346,.T.);
#6346 = LINE('',#6347,#6348);
#6347 = CARTESIAN_POINT('',(0.85,0.53,0.525));
#6348 = VECTOR('',#6349,1.);
#6349 = DIRECTION('',(0.,-1.,0.));
#6350 = ORIENTED_EDGE('',*,*,#6305,.F.);
#6351 = B_SPLINE_SURFACE_WITH_KNOTS('',1,1,(
    (#6352,#6353)
    ,(#6354,#6355
    )),.UNSPECIFIED.,.F.,.F.,.F.,(2,2),(2,2),(0.,1.06),(0.,1.),
  .PIECEWISE_BEZIER_KNOTS.);
#6352 = CARTESIAN_POINT('',(0.790270145251,0.500135072626,0.1));
#6353 = CARTESIAN_POINT('',(0.85,0.53,0.525));
#6354 = CARTESIAN_POINT('',(0.790270145251,-0.500135072626,0.1));
#6355 = CARTESIAN_POINT('',(0.85,-0.53,0.525));
#6356 = ADVANCED_FACE('',(#6357),#6374,.F.);
#6357 = FACE_BOUND('',#6358,.F.);
#6358 = EDGE_LOOP('',(#6359,#6360,#6367,#6373));
#6359 = ORIENTED_EDGE('',*,*,#6104,.T.);
#6360 = ORIENTED_EDGE('',*,*,#6361,.T.);
#6361 = EDGE_CURVE('',#6098,#6362,#6364,.T.);
#6362 = VERTEX_POINT('',#6363);
#6363 = CARTESIAN_POINT('',(-0.755,0.625,0.675));
#6364 = B_SPLINE_CURVE_WITH_KNOTS('',1,(#6365,#6366),.UNSPECIFIED.,.F.,
  .F.,(2,2),(0.,1.),.PIECEWISE_BEZIER_KNOTS.);
#6365 = CARTESIAN_POINT('',(-0.755,0.625,0.525));
#6366 = CARTESIAN_POINT('',(-0.755,0.625,0.675));
#6367 = ORIENTED_EDGE('',*,*,#6368,.F.);
#6368 = EDGE_CURVE('',#6192,#6362,#6369,.T.);
#6369 = LINE('',#6370,#6371);
#6370 = CARTESIAN_POINT('',(-0.85,0.53,0.675));
#6371 = VECTOR('',#6372,1.);
#6372 = DIRECTION('',(0.707106781187,0.707106781187,0.));
#6373 = ORIENTED_EDGE('',*,*,#6191,.F.);
#6374 = PLANE('',#6375);
#6375 = AXIS2_PLACEMENT_3D('',#6376,#6377,#6378);
#6376 = CARTESIAN_POINT('',(-0.85,0.53,0.675));
#6377 = DIRECTION('',(0.707106781187,-0.707106781187,0.));
#6378 = DIRECTION('',(0.707106781187,0.707106781187,0.));
#6379 = ADVANCED_FACE('',(#6380),#6397,.F.);
#6380 = FACE_BOUND('',#6381,.F.);
#6381 = EDGE_LOOP('',(#6382,#6383,#6384,#6392));
#6382 = ORIENTED_EDGE('',*,*,#6214,.T.);
#6383 = ORIENTED_EDGE('',*,*,#6119,.T.);
#6384 = ORIENTED_EDGE('',*,*,#6385,.F.);
#6385 = EDGE_CURVE('',#6386,#6120,#6388,.T.);
#6386 = VERTEX_POINT('',#6387);
#6387 = CARTESIAN_POINT('',(-0.755,-0.625,0.675));
#6388 = LINE('',#6389,#6390);
#6389 = CARTESIAN_POINT('',(-0.755,-0.625,0.675));
#6390 = VECTOR('',#6391,1.);
#6391 = DIRECTION('',(-0.707106781187,0.707106781187,0.));
#6392 = ORIENTED_EDGE('',*,*,#6393,.F.);
#6393 = EDGE_CURVE('',#6215,#6386,#6394,.T.);
#6394 = B_SPLINE_CURVE_WITH_KNOTS('',1,(#6395,#6396),.UNSPECIFIED.,.F.,
  .F.,(2,2),(0.,1.),.PIECEWISE_BEZIER_KNOTS.);
#6395 = CARTESIAN_POINT('',(-0.755,-0.625,0.525));
#6396 = CARTESIAN_POINT('',(-0.755,-0.625,0.675));
#6397 = PLANE('',#6398);
#6398 = AXIS2_PLACEMENT_3D('',#6399,#6400,#6401);
#6399 = CARTESIAN_POINT('',(-0.755,-0.625,0.675));
#6400 = DIRECTION('',(0.707106781187,0.707106781187,0.));
#6401 = DIRECTION('',(-0.707106781187,0.707106781187,0.));
#6402 = ADVANCED_FACE('',(#6403),#6485,.F.);
#6403 = FACE_BOUND('',#6404,.F.);
#6404 = EDGE_LOOP('',(#6405,#6406,#6407,#6415,#6423,#6431,#6439,#6447,
    #6455,#6463,#6471,#6479));
#6405 = ORIENTED_EDGE('',*,*,#6385,.T.);
#6406 = ORIENTED_EDGE('',*,*,#6135,.T.);
#6407 = ORIENTED_EDGE('',*,*,#6408,.T.);
#6408 = EDGE_CURVE('',#6128,#6409,#6411,.T.);
#6409 = VERTEX_POINT('',#6410);
#6410 = CARTESIAN_POINT('',(-0.825,-0.175,0.675));
#6411 = LINE('',#6412,#6413);
#6412 = CARTESIAN_POINT('',(-0.85,-0.175,0.675));
#6413 = VECTOR('',#6414,1.);
#6414 = DIRECTION('',(1.,-1.110223024625E-16,0.));
#6415 = ORIENTED_EDGE('',*,*,#6416,.F.);
#6416 = EDGE_CURVE('',#6417,#6409,#6419,.T.);
#6417 = VERTEX_POINT('',#6418);
#6418 = CARTESIAN_POINT('',(-0.825,-0.5175,0.675));
#6419 = LINE('',#6420,#6421);
#6420 = CARTESIAN_POINT('',(-0.825,-0.5175,0.675));
#6421 = VECTOR('',#6422,1.);
#6422 = DIRECTION('',(0.,1.,0.));
#6423 = ORIENTED_EDGE('',*,*,#6424,.F.);
#6424 = EDGE_CURVE('',#6425,#6417,#6427,.T.);
#6425 = VERTEX_POINT('',#6426);
#6426 = CARTESIAN_POINT('',(-0.7425,-0.6,0.675));
#6427 = LINE('',#6428,#6429);
#6428 = CARTESIAN_POINT('',(-0.7425,-0.6,0.675));
#6429 = VECTOR('',#6430,1.);
#6430 = DIRECTION('',(-0.707106781187,0.707106781187,0.));
#6431 = ORIENTED_EDGE('',*,*,#6432,.F.);
#6432 = EDGE_CURVE('',#6433,#6425,#6435,.T.);
#6433 = VERTEX_POINT('',#6434);
#6434 = CARTESIAN_POINT('',(0.7425,-0.6,0.675));
#6435 = LINE('',#6436,#6437);
#6436 = CARTESIAN_POINT('',(0.7425,-0.6,0.675));
#6437 = VECTOR('',#6438,1.);
#6438 = DIRECTION('',(-1.,0.,0.));
#6439 = ORIENTED_EDGE('',*,*,#6440,.F.);
#6440 = EDGE_CURVE('',#6441,#6433,#6443,.T.);
#6441 = VERTEX_POINT('',#6442);
#6442 = CARTESIAN_POINT('',(0.825,-0.5175,0.675));
#6443 = LINE('',#6444,#6445);
#6444 = CARTESIAN_POINT('',(0.825,-0.5175,0.675));
#6445 = VECTOR('',#6446,1.);
#6446 = DIRECTION('',(-0.707106781187,-0.707106781187,0.));
#6447 = ORIENTED_EDGE('',*,*,#6448,.F.);
#6448 = EDGE_CURVE('',#6449,#6441,#6451,.T.);
#6449 = VERTEX_POINT('',#6450);
#6450 = CARTESIAN_POINT('',(0.825,-0.175,0.675));
#6451 = LINE('',#6452,#6453);
#6452 = CARTESIAN_POINT('',(0.825,0.5175,0.675));
#6453 = VECTOR('',#6454,1.);
#6454 = DIRECTION('',(0.,-1.,0.));
#6455 = ORIENTED_EDGE('',*,*,#6456,.F.);
#6456 = EDGE_CURVE('',#6457,#6449,#6459,.T.);
#6457 = VERTEX_POINT('',#6458);
#6458 = CARTESIAN_POINT('',(0.85,-0.175,0.675));
#6459 = LINE('',#6460,#6461);
#6460 = CARTESIAN_POINT('',(0.85,-0.175,0.675));
#6461 = VECTOR('',#6462,1.);
#6462 = DIRECTION('',(-1.,2.22044604925E-16,0.));
#6463 = ORIENTED_EDGE('',*,*,#6464,.T.);
#6464 = EDGE_CURVE('',#6457,#6465,#6467,.T.);
#6465 = VERTEX_POINT('',#6466);
#6466 = CARTESIAN_POINT('',(0.85,-0.53,0.675));
#6467 = LINE('',#6468,#6469);
#6468 = CARTESIAN_POINT('',(0.85,0.53,0.675));
#6469 = VECTOR('',#6470,1.);
#6470 = DIRECTION('',(0.,-1.,0.));
#6471 = ORIENTED_EDGE('',*,*,#6472,.T.);
#6472 = EDGE_CURVE('',#6465,#6473,#6475,.T.);
#6473 = VERTEX_POINT('',#6474);
#6474 = CARTESIAN_POINT('',(0.755,-0.625,0.675));
#6475 = LINE('',#6476,#6477);
#6476 = CARTESIAN_POINT('',(0.85,-0.53,0.675));
#6477 = VECTOR('',#6478,1.);
#6478 = DIRECTION('',(-0.707106781187,-0.707106781187,0.));
#6479 = ORIENTED_EDGE('',*,*,#6480,.T.);
#6480 = EDGE_CURVE('',#6473,#6386,#6481,.T.);
#6481 = LINE('',#6482,#6483);
#6482 = CARTESIAN_POINT('',(0.755,-0.625,0.675));
#6483 = VECTOR('',#6484,1.);
#6484 = DIRECTION('',(-1.,0.,0.));
#6485 = PLANE('',#6486);
#6486 = AXIS2_PLACEMENT_3D('',#6487,#6488,#6489);
#6487 = CARTESIAN_POINT('',(-0.8375,1.101047627727E-17,0.675));
#6488 = DIRECTION('',(-4.586476420025E-27,1.633860438167E-31,-1.));
#6489 = DIRECTION('',(1.568703130043E-18,1.,1.633860438167E-31));
#6490 = ADVANCED_FACE('',(#6491),#6560,.F.);
#6491 = FACE_BOUND('',#6492,.F.);
#6492 = EDGE_LOOP('',(#6493,#6494,#6495,#6503,#6512,#6520,#6528,#6536,
    #6545,#6553));
#6493 = ORIENTED_EDGE('',*,*,#6127,.F.);
#6494 = ORIENTED_EDGE('',*,*,#6167,.T.);
#6495 = ORIENTED_EDGE('',*,*,#6496,.T.);
#6496 = EDGE_CURVE('',#6160,#6497,#6499,.T.);
#6497 = VERTEX_POINT('',#6498);
#6498 = CARTESIAN_POINT('',(-0.964779134804,-0.175,0.181797400913));
#6499 = LINE('',#6500,#6501);
#6500 = CARTESIAN_POINT('',(-0.918936542711,-0.175,0.467155372437));
#6501 = VECTOR('',#6502,1.);
#6502 = DIRECTION('',(-0.158615661317,1.760987592604E-17,-0.987340403298
    ));
#6503 = ORIENTED_EDGE('',*,*,#6504,.T.);
#6504 = EDGE_CURVE('',#6497,#6505,#6507,.T.);
#6505 = VERTEX_POINT('',#6506);
#6506 = CARTESIAN_POINT('',(-1.181436840466,-0.175,-5.551115123126E-17)
  );
#6507 = CIRCLE('',#6508,0.22);
#6508 = AXIS2_PLACEMENT_3D('',#6509,#6510,#6511);
#6509 = CARTESIAN_POINT('',(-1.181436840466,-0.175,0.22));
#6510 = DIRECTION('',(1.110223024625E-16,1.,0.));
#6511 = DIRECTION('',(0.984807753012,-1.093356242223E-16,-0.173648177667
    ));
#6512 = ORIENTED_EDGE('',*,*,#6513,.T.);
#6513 = EDGE_CURVE('',#6505,#6514,#6516,.T.);
#6514 = VERTEX_POINT('',#6515);
#6515 = CARTESIAN_POINT('',(-1.25,-0.175,-5.551115123126E-17));
#6516 = LINE('',#6517,#6518);
#6517 = CARTESIAN_POINT('',(-1.181436840466,-0.175,-5.551115123126E-17)
  );
#6518 = VECTOR('',#6519,1.);
#6519 = DIRECTION('',(-1.,1.110223024625E-16,0.));
#6520 = ORIENTED_EDGE('',*,*,#6521,.T.);
#6521 = EDGE_CURVE('',#6514,#6522,#6524,.T.);
#6522 = VERTEX_POINT('',#6523);
#6523 = CARTESIAN_POINT('',(-1.25,-0.175,0.15));
#6524 = LINE('',#6525,#6526);
#6525 = CARTESIAN_POINT('',(-1.25,-0.175,-5.551115123126E-17));
#6526 = VECTOR('',#6527,1.);
#6527 = DIRECTION('',(0.,0.,1.));
#6528 = ORIENTED_EDGE('',*,*,#6529,.T.);
#6529 = EDGE_CURVE('',#6522,#6530,#6532,.T.);
#6530 = VERTEX_POINT('',#6531);
#6531 = CARTESIAN_POINT('',(-1.181436840466,-0.175,0.15));
#6532 = LINE('',#6533,#6534);
#6533 = CARTESIAN_POINT('',(-1.25,-0.175,0.15));
#6534 = VECTOR('',#6535,1.);
#6535 = DIRECTION('',(1.,-1.110223024625E-16,0.));
#6536 = ORIENTED_EDGE('',*,*,#6537,.T.);
#6537 = EDGE_CURVE('',#6530,#6538,#6540,.T.);
#6538 = VERTEX_POINT('',#6539);
#6539 = CARTESIAN_POINT('',(-1.112500297756,-0.175,0.207844627563));
#6540 = CIRCLE('',#6541,7.E-02);
#6541 = AXIS2_PLACEMENT_3D('',#6542,#6543,#6544);
#6542 = CARTESIAN_POINT('',(-1.181436840466,-0.175,0.22));
#6543 = DIRECTION('',(-1.110223024625E-16,-1.,-0.));
#6544 = DIRECTION('',(0.,0.,-1.));
#6545 = ORIENTED_EDGE('',*,*,#6546,.T.);
#6546 = EDGE_CURVE('',#6538,#6547,#6549,.T.);
#6547 = VERTEX_POINT('',#6548);
#6548 = CARTESIAN_POINT('',(-1.066657705663,-0.175,0.493202599087));
#6549 = LINE('',#6550,#6551);
#6550 = CARTESIAN_POINT('',(-1.112500297756,-0.175,0.207844627563));
#6551 = VECTOR('',#6552,1.);
#6552 = DIRECTION('',(0.158615661317,-1.760987592604E-17,0.987340403298)
  );
#6553 = ORIENTED_EDGE('',*,*,#6554,.T.);
#6554 = EDGE_CURVE('',#6547,#6128,#6555,.T.);
#6555 = CIRCLE('',#6556,0.22);
#6556 = AXIS2_PLACEMENT_3D('',#6557,#6558,#6559);
#6557 = CARTESIAN_POINT('',(-0.85,-0.175,0.455));
#6558 = DIRECTION('',(1.110223024625E-16,1.,0.));
#6559 = DIRECTION('',(-0.984807753012,1.093356242223E-16,0.173648177667)
  );
#6560 = PLANE('',#6561);
#6561 = AXIS2_PLACEMENT_3D('',#6562,#6563,#6564);
#6562 = CARTESIAN_POINT('',(-1.021526355437,-0.175,0.332418056697));
#6563 = DIRECTION('',(1.110223024625E-16,1.,0.));
#6564 = DIRECTION('',(0.,-0.,1.));
#6565 = ADVANCED_FACE('',(#6566),#6584,.F.);
#6566 = FACE_BOUND('',#6567,.F.);
#6567 = EDGE_LOOP('',(#6568,#6569,#6577,#6583));
#6568 = ORIENTED_EDGE('',*,*,#6159,.T.);
#6569 = ORIENTED_EDGE('',*,*,#6570,.T.);
#6570 = EDGE_CURVE('',#6151,#6571,#6573,.T.);
#6571 = VERTEX_POINT('',#6572);
#6572 = CARTESIAN_POINT('',(-0.964779134804,0.175,0.181797400913));
#6573 = LINE('',#6574,#6575);
#6574 = CARTESIAN_POINT('',(-0.918936542711,0.175,0.467155372437));
#6575 = VECTOR('',#6576,1.);
#6576 = DIRECTION('',(-0.158615661317,1.760987592604E-17,-0.987340403298
    ));
#6577 = ORIENTED_EDGE('',*,*,#6578,.F.);
#6578 = EDGE_CURVE('',#6497,#6571,#6579,.T.);
#6579 = LINE('',#6580,#6581);
#6580 = CARTESIAN_POINT('',(-0.964779134804,-0.175,0.181797400913));
#6581 = VECTOR('',#6582,1.);
#6582 = DIRECTION('',(1.110223024625E-16,1.,0.));
#6583 = ORIENTED_EDGE('',*,*,#6496,.F.);
#6584 = PLANE('',#6585);
#6585 = AXIS2_PLACEMENT_3D('',#6586,#6587,#6588);
#6586 = CARTESIAN_POINT('',(-0.918936542711,-0.175,0.467155372437));
#6587 = DIRECTION('',(-0.987340403298,1.096168048884E-16,0.158615661317)
  );
#6588 = DIRECTION('',(-0.158615661317,1.760987592604E-17,-0.987340403298
    ));
#6589 = ADVANCED_FACE('',(#6590),#6652,.T.);
#6590 = FACE_BOUND('',#6591,.T.);
#6591 = EDGE_LOOP('',(#6592,#6593,#6594,#6595,#6604,#6612,#6620,#6628,
    #6637,#6645));
#6592 = ORIENTED_EDGE('',*,*,#6182,.F.);
#6593 = ORIENTED_EDGE('',*,*,#6150,.T.);
#6594 = ORIENTED_EDGE('',*,*,#6570,.T.);
#6595 = ORIENTED_EDGE('',*,*,#6596,.T.);
#6596 = EDGE_CURVE('',#6571,#6597,#6599,.T.);
#6597 = VERTEX_POINT('',#6598);
#6598 = CARTESIAN_POINT('',(-1.181436840466,0.175,-5.551115123126E-17));
#6599 = CIRCLE('',#6600,0.22);
#6600 = AXIS2_PLACEMENT_3D('',#6601,#6602,#6603);
#6601 = CARTESIAN_POINT('',(-1.181436840466,0.175,0.22));
#6602 = DIRECTION('',(1.110223024625E-16,1.,0.));
#6603 = DIRECTION('',(0.984807753012,-1.093356242223E-16,-0.173648177667
    ));
#6604 = ORIENTED_EDGE('',*,*,#6605,.T.);
#6605 = EDGE_CURVE('',#6597,#6606,#6608,.T.);
#6606 = VERTEX_POINT('',#6607);
#6607 = CARTESIAN_POINT('',(-1.25,0.175,-5.551115123126E-17));
#6608 = LINE('',#6609,#6610);
#6609 = CARTESIAN_POINT('',(-1.181436840466,0.175,-5.551115123126E-17));
#6610 = VECTOR('',#6611,1.);
#6611 = DIRECTION('',(-1.,1.110223024625E-16,0.));
#6612 = ORIENTED_EDGE('',*,*,#6613,.T.);
#6613 = EDGE_CURVE('',#6606,#6614,#6616,.T.);
#6614 = VERTEX_POINT('',#6615);
#6615 = CARTESIAN_POINT('',(-1.25,0.175,0.15));
#6616 = LINE('',#6617,#6618);
#6617 = CARTESIAN_POINT('',(-1.25,0.175,-5.551115123126E-17));
#6618 = VECTOR('',#6619,1.);
#6619 = DIRECTION('',(0.,0.,1.));
#6620 = ORIENTED_EDGE('',*,*,#6621,.T.);
#6621 = EDGE_CURVE('',#6614,#6622,#6624,.T.);
#6622 = VERTEX_POINT('',#6623);
#6623 = CARTESIAN_POINT('',(-1.181436840466,0.175,0.15));
#6624 = LINE('',#6625,#6626);
#6625 = CARTESIAN_POINT('',(-1.25,0.175,0.15));
#6626 = VECTOR('',#6627,1.);
#6627 = DIRECTION('',(1.,-1.110223024625E-16,0.));
#6628 = ORIENTED_EDGE('',*,*,#6629,.T.);
#6629 = EDGE_CURVE('',#6622,#6630,#6632,.T.);
#6630 = VERTEX_POINT('',#6631);
#6631 = CARTESIAN_POINT('',(-1.112500297756,0.175,0.207844627563));
#6632 = CIRCLE('',#6633,7.E-02);
#6633 = AXIS2_PLACEMENT_3D('',#6634,#6635,#6636);
#6634 = CARTESIAN_POINT('',(-1.181436840466,0.175,0.22));
#6635 = DIRECTION('',(-1.110223024625E-16,-1.,-0.));
#6636 = DIRECTION('',(0.,0.,-1.));
#6637 = ORIENTED_EDGE('',*,*,#6638,.T.);
#6638 = EDGE_CURVE('',#6630,#6639,#6641,.T.);
#6639 = VERTEX_POINT('',#6640);
#6640 = CARTESIAN_POINT('',(-1.066657705663,0.175,0.493202599087));
#6641 = LINE('',#6642,#6643);
#6642 = CARTESIAN_POINT('',(-1.112500297756,0.175,0.207844627563));
#6643 = VECTOR('',#6644,1.);
#6644 = DIRECTION('',(0.158615661317,-1.760987592604E-17,0.987340403298)
  );
#6645 = ORIENTED_EDGE('',*,*,#6646,.T.);
#6646 = EDGE_CURVE('',#6639,#6183,#6647,.T.);
#6647 = CIRCLE('',#6648,0.22);
#6648 = AXIS2_PLACEMENT_3D('',#6649,#6650,#6651);
#6649 = CARTESIAN_POINT('',(-0.85,0.175,0.455));
#6650 = DIRECTION('',(1.110223024625E-16,1.,0.));
#6651 = DIRECTION('',(-0.984807753012,1.093356242223E-16,0.173648177667)
  );
#6652 = PLANE('',#6653);
#6653 = AXIS2_PLACEMENT_3D('',#6654,#6655,#6656);
#6654 = CARTESIAN_POINT('',(-1.021526355437,0.175,0.332418056697));
#6655 = DIRECTION('',(1.110223024625E-16,1.,0.));
#6656 = DIRECTION('',(0.,-0.,1.));
#6657 = ADVANCED_FACE('',(#6658),#6740,.F.);
#6658 = FACE_BOUND('',#6659,.F.);
#6659 = EDGE_LOOP('',(#6660,#6668,#6669,#6670,#6678,#6686,#6694,#6702,
    #6710,#6718,#6726,#6734));
#6660 = ORIENTED_EDGE('',*,*,#6661,.F.);
#6661 = EDGE_CURVE('',#6183,#6662,#6664,.T.);
#6662 = VERTEX_POINT('',#6663);
#6663 = CARTESIAN_POINT('',(-0.825,0.175,0.675));
#6664 = LINE('',#6665,#6666);
#6665 = CARTESIAN_POINT('',(-0.85,0.175,0.675));
#6666 = VECTOR('',#6667,1.);
#6667 = DIRECTION('',(1.,-1.110223024625E-16,0.));
#6668 = ORIENTED_EDGE('',*,*,#6198,.T.);
#6669 = ORIENTED_EDGE('',*,*,#6368,.T.);
#6670 = ORIENTED_EDGE('',*,*,#6671,.T.);
#6671 = EDGE_CURVE('',#6362,#6672,#6674,.T.);
#6672 = VERTEX_POINT('',#6673);
#6673 = CARTESIAN_POINT('',(0.755,0.625,0.675));
#6674 = LINE('',#6675,#6676);
#6675 = CARTESIAN_POINT('',(-0.755,0.625,0.675));
#6676 = VECTOR('',#6677,1.);
#6677 = DIRECTION('',(1.,0.,0.));
#6678 = ORIENTED_EDGE('',*,*,#6679,.T.);
#6679 = EDGE_CURVE('',#6672,#6680,#6682,.T.);
#6680 = VERTEX_POINT('',#6681);
#6681 = CARTESIAN_POINT('',(0.85,0.53,0.675));
#6682 = LINE('',#6683,#6684);
#6683 = CARTESIAN_POINT('',(0.755,0.625,0.675));
#6684 = VECTOR('',#6685,1.);
#6685 = DIRECTION('',(0.707106781187,-0.707106781187,0.));
#6686 = ORIENTED_EDGE('',*,*,#6687,.T.);
#6687 = EDGE_CURVE('',#6680,#6688,#6690,.T.);
#6688 = VERTEX_POINT('',#6689);
#6689 = CARTESIAN_POINT('',(0.85,0.175,0.675));
#6690 = LINE('',#6691,#6692);
#6691 = CARTESIAN_POINT('',(0.85,0.53,0.675));
#6692 = VECTOR('',#6693,1.);
#6693 = DIRECTION('',(0.,-1.,0.));
#6694 = ORIENTED_EDGE('',*,*,#6695,.T.);
#6695 = EDGE_CURVE('',#6688,#6696,#6698,.T.);
#6696 = VERTEX_POINT('',#6697);
#6697 = CARTESIAN_POINT('',(0.825,0.175,0.675));
#6698 = LINE('',#6699,#6700);
#6699 = CARTESIAN_POINT('',(0.85,0.175,0.675));
#6700 = VECTOR('',#6701,1.);
#6701 = DIRECTION('',(-1.,2.22044604925E-16,0.));
#6702 = ORIENTED_EDGE('',*,*,#6703,.F.);
#6703 = EDGE_CURVE('',#6704,#6696,#6706,.T.);
#6704 = VERTEX_POINT('',#6705);
#6705 = CARTESIAN_POINT('',(0.825,0.5175,0.675));
#6706 = LINE('',#6707,#6708);
#6707 = CARTESIAN_POINT('',(0.825,0.5175,0.675));
#6708 = VECTOR('',#6709,1.);
#6709 = DIRECTION('',(0.,-1.,0.));
#6710 = ORIENTED_EDGE('',*,*,#6711,.F.);
#6711 = EDGE_CURVE('',#6712,#6704,#6714,.T.);
#6712 = VERTEX_POINT('',#6713);
#6713 = CARTESIAN_POINT('',(0.7425,0.6,0.675));
#6714 = LINE('',#6715,#6716);
#6715 = CARTESIAN_POINT('',(0.7425,0.6,0.675));
#6716 = VECTOR('',#6717,1.);
#6717 = DIRECTION('',(0.707106781187,-0.707106781187,0.));
#6718 = ORIENTED_EDGE('',*,*,#6719,.F.);
#6719 = EDGE_CURVE('',#6720,#6712,#6722,.T.);
#6720 = VERTEX_POINT('',#6721);
#6721 = CARTESIAN_POINT('',(-0.7425,0.6,0.675));
#6722 = LINE('',#6723,#6724);
#6723 = CARTESIAN_POINT('',(-0.7425,0.6,0.675));
#6724 = VECTOR('',#6725,1.);
#6725 = DIRECTION('',(1.,0.,0.));
#6726 = ORIENTED_EDGE('',*,*,#6727,.F.);
#6727 = EDGE_CURVE('',#6728,#6720,#6730,.T.);
#6728 = VERTEX_POINT('',#6729);
#6729 = CARTESIAN_POINT('',(-0.825,0.5175,0.675));
#6730 = LINE('',#6731,#6732);
#6731 = CARTESIAN_POINT('',(-0.825,0.5175,0.675));
#6732 = VECTOR('',#6733,1.);
#6733 = DIRECTION('',(0.707106781187,0.707106781187,0.));
#6734 = ORIENTED_EDGE('',*,*,#6735,.F.);
#6735 = EDGE_CURVE('',#6662,#6728,#6736,.T.);
#6736 = LINE('',#6737,#6738);
#6737 = CARTESIAN_POINT('',(-0.825,-0.5175,0.675));
#6738 = VECTOR('',#6739,1.);
#6739 = DIRECTION('',(0.,1.,0.));
#6740 = PLANE('',#6741);
#6741 = AXIS2_PLACEMENT_3D('',#6742,#6743,#6744);
#6742 = CARTESIAN_POINT('',(-0.8375,1.101047627727E-17,0.675));
#6743 = DIRECTION('',(-4.586476420025E-27,1.633860438167E-31,-1.));
#6744 = DIRECTION('',(1.568703130043E-18,1.,1.633860438167E-31));
#6745 = ADVANCED_FACE('',(#6746),#6756,.F.);
#6746 = FACE_BOUND('',#6747,.F.);
#6747 = EDGE_LOOP('',(#6748,#6749,#6750,#6751));
#6748 = ORIENTED_EDGE('',*,*,#6237,.T.);
#6749 = ORIENTED_EDGE('',*,*,#6393,.T.);
#6750 = ORIENTED_EDGE('',*,*,#6480,.F.);
#6751 = ORIENTED_EDGE('',*,*,#6752,.F.);
#6752 = EDGE_CURVE('',#6238,#6473,#6753,.T.);
#6753 = B_SPLINE_CURVE_WITH_KNOTS('',1,(#6754,#6755),.UNSPECIFIED.,.F.,
  .F.,(2,2),(0.,1.),.PIECEWISE_BEZIER_KNOTS.);
#6754 = CARTESIAN_POINT('',(0.755,-0.625,0.525));
#6755 = CARTESIAN_POINT('',(0.755,-0.625,0.675));
#6756 = PLANE('',#6757);
#6757 = AXIS2_PLACEMENT_3D('',#6758,#6759,#6760);
#6758 = CARTESIAN_POINT('',(0.755,-0.625,0.675));
#6759 = DIRECTION('',(0.,1.,0.));
#6760 = DIRECTION('',(-1.,0.,0.));
#6761 = ADVANCED_FACE('',(#6762),#6772,.F.);
#6762 = FACE_BOUND('',#6763,.F.);
#6763 = EDGE_LOOP('',(#6764,#6765,#6770,#6771));
#6764 = ORIENTED_EDGE('',*,*,#6266,.T.);
#6765 = ORIENTED_EDGE('',*,*,#6766,.T.);
#6766 = EDGE_CURVE('',#6260,#6672,#6767,.T.);
#6767 = B_SPLINE_CURVE_WITH_KNOTS('',1,(#6768,#6769),.UNSPECIFIED.,.F.,
  .F.,(2,2),(0.,1.),.PIECEWISE_BEZIER_KNOTS.);
#6768 = CARTESIAN_POINT('',(0.755,0.625,0.525));
#6769 = CARTESIAN_POINT('',(0.755,0.625,0.675));
#6770 = ORIENTED_EDGE('',*,*,#6671,.F.);
#6771 = ORIENTED_EDGE('',*,*,#6361,.F.);
#6772 = PLANE('',#6773);
#6773 = AXIS2_PLACEMENT_3D('',#6774,#6775,#6776);
#6774 = CARTESIAN_POINT('',(-0.755,0.625,0.675));
#6775 = DIRECTION('',(0.,-1.,0.));
#6776 = DIRECTION('',(1.,0.,0.));
#6777 = ADVANCED_FACE('',(#6778),#6788,.F.);
#6778 = FACE_BOUND('',#6779,.F.);
#6779 = EDGE_LOOP('',(#6780,#6781,#6782,#6783));
#6780 = ORIENTED_EDGE('',*,*,#6283,.T.);
#6781 = ORIENTED_EDGE('',*,*,#6752,.T.);
#6782 = ORIENTED_EDGE('',*,*,#6472,.F.);
#6783 = ORIENTED_EDGE('',*,*,#6784,.F.);
#6784 = EDGE_CURVE('',#6284,#6465,#6785,.T.);
#6785 = B_SPLINE_CURVE_WITH_KNOTS('',1,(#6786,#6787),.UNSPECIFIED.,.F.,
  .F.,(2,2),(0.,1.),.PIECEWISE_BEZIER_KNOTS.);
#6786 = CARTESIAN_POINT('',(0.85,-0.53,0.525));
#6787 = CARTESIAN_POINT('',(0.85,-0.53,0.675));
#6788 = PLANE('',#6789);
#6789 = AXIS2_PLACEMENT_3D('',#6790,#6791,#6792);
#6790 = CARTESIAN_POINT('',(0.85,-0.53,0.675));
#6791 = DIRECTION('',(-0.707106781187,0.707106781187,0.));
#6792 = DIRECTION('',(-0.707106781187,-0.707106781187,0.));
#6793 = ADVANCED_FACE('',(#6794),#6804,.F.);
#6794 = FACE_BOUND('',#6795,.F.);
#6795 = EDGE_LOOP('',(#6796,#6797,#6802,#6803));
#6796 = ORIENTED_EDGE('',*,*,#6312,.T.);
#6797 = ORIENTED_EDGE('',*,*,#6798,.T.);
#6798 = EDGE_CURVE('',#6306,#6680,#6799,.T.);
#6799 = B_SPLINE_CURVE_WITH_KNOTS('',1,(#6800,#6801),.UNSPECIFIED.,.F.,
  .F.,(2,2),(0.,1.),.PIECEWISE_BEZIER_KNOTS.);
#6800 = CARTESIAN_POINT('',(0.85,0.53,0.525));
#6801 = CARTESIAN_POINT('',(0.85,0.53,0.675));
#6802 = ORIENTED_EDGE('',*,*,#6679,.F.);
#6803 = ORIENTED_EDGE('',*,*,#6766,.F.);
#6804 = PLANE('',#6805);
#6805 = AXIS2_PLACEMENT_3D('',#6806,#6807,#6808);
#6806 = CARTESIAN_POINT('',(0.755,0.625,0.675));
#6807 = DIRECTION('',(-0.707106781187,-0.707106781187,0.));
#6808 = DIRECTION('',(0.707106781187,-0.707106781187,0.));
#6809 = ADVANCED_FACE('',(#6810),#6821,.F.);
#6810 = FACE_BOUND('',#6811,.F.);
#6811 = EDGE_LOOP('',(#6812,#6813,#6814,#6820));
#6812 = ORIENTED_EDGE('',*,*,#6798,.F.);
#6813 = ORIENTED_EDGE('',*,*,#6345,.T.);
#6814 = ORIENTED_EDGE('',*,*,#6815,.T.);
#6815 = EDGE_CURVE('',#6338,#6688,#6816,.T.);
#6816 = LINE('',#6817,#6818);
#6817 = CARTESIAN_POINT('',(0.85,0.175,0.503709028349));
#6818 = VECTOR('',#6819,1.);
#6819 = DIRECTION('',(0.,0.,1.));
#6820 = ORIENTED_EDGE('',*,*,#6687,.F.);
#6821 = PLANE('',#6822);
#6822 = AXIS2_PLACEMENT_3D('',#6823,#6824,#6825);
#6823 = CARTESIAN_POINT('',(0.85,0.53,0.675));
#6824 = DIRECTION('',(-1.,0.,0.));
#6825 = DIRECTION('',(0.,-1.,0.));
#6826 = ADVANCED_FACE('',(#6827),#6854,.F.);
#6827 = FACE_BOUND('',#6828,.F.);
#6828 = EDGE_LOOP('',(#6829,#6830,#6839,#6847));
#6829 = ORIENTED_EDGE('',*,*,#6337,.T.);
#6830 = ORIENTED_EDGE('',*,*,#6831,.T.);
#6831 = EDGE_CURVE('',#6330,#6832,#6834,.T.);
#6832 = VERTEX_POINT('',#6833);
#6833 = CARTESIAN_POINT('',(0.918936542711,-0.175,0.467155372437));
#6834 = CIRCLE('',#6835,7.E-02);
#6835 = AXIS2_PLACEMENT_3D('',#6836,#6837,#6838);
#6836 = CARTESIAN_POINT('',(0.85,-0.175,0.455));
#6837 = DIRECTION('',(2.22044604925E-16,1.,-0.));
#6838 = DIRECTION('',(0.,0.,1.));
#6839 = ORIENTED_EDGE('',*,*,#6840,.F.);
#6840 = EDGE_CURVE('',#6841,#6832,#6843,.T.);
#6841 = VERTEX_POINT('',#6842);
#6842 = CARTESIAN_POINT('',(0.918936542711,0.175,0.467155372437));
#6843 = LINE('',#6844,#6845);
#6844 = CARTESIAN_POINT('',(0.918936542711,0.175,0.467155372437));
#6845 = VECTOR('',#6846,1.);
#6846 = DIRECTION('',(-2.22044604925E-16,-1.,0.));
#6847 = ORIENTED_EDGE('',*,*,#6848,.F.);
#6848 = EDGE_CURVE('',#6338,#6841,#6849,.T.);
#6849 = CIRCLE('',#6850,7.E-02);
#6850 = AXIS2_PLACEMENT_3D('',#6851,#6852,#6853);
#6851 = CARTESIAN_POINT('',(0.85,0.175,0.455));
#6852 = DIRECTION('',(2.22044604925E-16,1.,-0.));
#6853 = DIRECTION('',(0.,0.,1.));
#6854 = CYLINDRICAL_SURFACE('',#6855,7.E-02);
#6855 = AXIS2_PLACEMENT_3D('',#6856,#6857,#6858);
#6856 = CARTESIAN_POINT('',(0.85,0.175,0.455));
#6857 = DIRECTION('',(2.22044604925E-16,1.,0.));
#6858 = DIRECTION('',(0.,-0.,1.));
#6859 = ADVANCED_FACE('',(#6860),#6871,.F.);
#6860 = FACE_BOUND('',#6861,.F.);
#6861 = EDGE_LOOP('',(#6862,#6868,#6869,#6870));
#6862 = ORIENTED_EDGE('',*,*,#6863,.F.);
#6863 = EDGE_CURVE('',#6330,#6457,#6864,.T.);
#6864 = LINE('',#6865,#6866);
#6865 = CARTESIAN_POINT('',(0.85,-0.175,0.503709028349));
#6866 = VECTOR('',#6867,1.);
#6867 = DIRECTION('',(0.,0.,1.));
#6868 = ORIENTED_EDGE('',*,*,#6329,.T.);
#6869 = ORIENTED_EDGE('',*,*,#6784,.T.);
#6870 = ORIENTED_EDGE('',*,*,#6464,.F.);
#6871 = PLANE('',#6872);
#6872 = AXIS2_PLACEMENT_3D('',#6873,#6874,#6875);
#6873 = CARTESIAN_POINT('',(0.85,0.53,0.675));
#6874 = DIRECTION('',(-1.,0.,0.));
#6875 = DIRECTION('',(0.,-1.,0.));
#6876 = ADVANCED_FACE('',(#6877),#6893,.F.);
#6877 = FACE_BOUND('',#6878,.F.);
#6878 = EDGE_LOOP('',(#6879,#6880,#6886,#6887));
#6879 = ORIENTED_EDGE('',*,*,#6695,.F.);
#6880 = ORIENTED_EDGE('',*,*,#6881,.T.);
#6881 = EDGE_CURVE('',#6688,#6457,#6882,.T.);
#6882 = LINE('',#6883,#6884);
#6883 = CARTESIAN_POINT('',(0.85,0.175,0.675));
#6884 = VECTOR('',#6885,1.);
#6885 = DIRECTION('',(-2.22044604925E-16,-1.,0.));
#6886 = ORIENTED_EDGE('',*,*,#6456,.T.);
#6887 = ORIENTED_EDGE('',*,*,#6888,.F.);
#6888 = EDGE_CURVE('',#6696,#6449,#6889,.T.);
#6889 = LINE('',#6890,#6891);
#6890 = CARTESIAN_POINT('',(0.825,0.5175,0.675));
#6891 = VECTOR('',#6892,1.);
#6892 = DIRECTION('',(0.,-1.,0.));
#6893 = PLANE('',#6894);
#6894 = AXIS2_PLACEMENT_3D('',#6895,#6896,#6897);
#6895 = CARTESIAN_POINT('',(0.85,0.175,0.675));
#6896 = DIRECTION('',(0.,0.,-1.));
#6897 = DIRECTION('',(-1.,2.22044604925E-16,0.));
#6898 = ADVANCED_FACE('',(#6899),#6924,.F.);
#6899 = FACE_BOUND('',#6900,.F.);
#6900 = EDGE_LOOP('',(#6901,#6902,#6903,#6904,#6911,#6919));
#6901 = ORIENTED_EDGE('',*,*,#6703,.T.);
#6902 = ORIENTED_EDGE('',*,*,#6888,.T.);
#6903 = ORIENTED_EDGE('',*,*,#6448,.T.);
#6904 = ORIENTED_EDGE('',*,*,#6905,.T.);
#6905 = EDGE_CURVE('',#6441,#6906,#6908,.T.);
#6906 = VERTEX_POINT('',#6907);
#6907 = CARTESIAN_POINT('',(0.765270145251,-0.487635072626,1.1));
#6908 = B_SPLINE_CURVE_WITH_KNOTS('',1,(#6909,#6910),.UNSPECIFIED.,.F.,
  .F.,(2,2),(0.,1.),.PIECEWISE_BEZIER_KNOTS.);
#6909 = CARTESIAN_POINT('',(0.825,-0.5175,0.675));
#6910 = CARTESIAN_POINT('',(0.765270145251,-0.487635072626,1.1));
#6911 = ORIENTED_EDGE('',*,*,#6912,.F.);
#6912 = EDGE_CURVE('',#6913,#6906,#6915,.T.);
#6913 = VERTEX_POINT('',#6914);
#6914 = CARTESIAN_POINT('',(0.765270145251,0.487635072626,1.1));
#6915 = LINE('',#6916,#6917);
#6916 = CARTESIAN_POINT('',(0.765270145251,0.487635072626,1.1));
#6917 = VECTOR('',#6918,1.);
#6918 = DIRECTION('',(0.,-1.,0.));
#6919 = ORIENTED_EDGE('',*,*,#6920,.F.);
#6920 = EDGE_CURVE('',#6704,#6913,#6921,.T.);
#6921 = B_SPLINE_CURVE_WITH_KNOTS('',1,(#6922,#6923),.UNSPECIFIED.,.F.,
  .F.,(2,2),(0.,1.),.PIECEWISE_BEZIER_KNOTS.);
#6922 = CARTESIAN_POINT('',(0.825,0.5175,0.675));
#6923 = CARTESIAN_POINT('',(0.765270145251,0.487635072626,1.1));
#6924 = B_SPLINE_SURFACE_WITH_KNOTS('',1,1,(
    (#6925,#6926)
    ,(#6927,#6928
    )),.UNSPECIFIED.,.F.,.F.,.F.,(2,2),(2,2),(0.,1.035),(0.,1.),
  .PIECEWISE_BEZIER_KNOTS.);
#6925 = CARTESIAN_POINT('',(0.825,0.5175,0.675));
#6926 = CARTESIAN_POINT('',(0.765270145251,0.487635072626,1.1));
#6927 = CARTESIAN_POINT('',(0.825,-0.5175,0.675));
#6928 = CARTESIAN_POINT('',(0.765270145251,-0.487635072626,1.1));
#6929 = ADVANCED_FACE('',(#6930),#6947,.F.);
#6930 = FACE_BOUND('',#6931,.F.);
#6931 = EDGE_LOOP('',(#6932,#6933,#6940,#6946));
#6932 = ORIENTED_EDGE('',*,*,#6440,.T.);
#6933 = ORIENTED_EDGE('',*,*,#6934,.T.);
#6934 = EDGE_CURVE('',#6433,#6935,#6937,.T.);
#6935 = VERTEX_POINT('',#6936);
#6936 = CARTESIAN_POINT('',(0.712635072626,-0.540270145251,1.1));
#6937 = B_SPLINE_CURVE_WITH_KNOTS('',1,(#6938,#6939),.UNSPECIFIED.,.F.,
  .F.,(2,2),(0.,1.),.PIECEWISE_BEZIER_KNOTS.);
#6938 = CARTESIAN_POINT('',(0.7425,-0.6,0.675));
#6939 = CARTESIAN_POINT('',(0.712635072626,-0.540270145251,1.1));
#6940 = ORIENTED_EDGE('',*,*,#6941,.F.);
#6941 = EDGE_CURVE('',#6906,#6935,#6942,.T.);
#6942 = LINE('',#6943,#6944);
#6943 = CARTESIAN_POINT('',(0.765270145251,-0.487635072626,1.1));
#6944 = VECTOR('',#6945,1.);
#6945 = DIRECTION('',(-0.707106781187,-0.707106781187,0.));
#6946 = ORIENTED_EDGE('',*,*,#6905,.F.);
#6947 = B_SPLINE_SURFACE_WITH_KNOTS('',1,1,(
    (#6948,#6949)
    ,(#6950,#6951
    )),.UNSPECIFIED.,.F.,.F.,.F.,(2,2),(2,2),(0.,0.116672618896),(0.,1.)
  ,.PIECEWISE_BEZIER_KNOTS.);
#6948 = CARTESIAN_POINT('',(0.825,-0.5175,0.675));
#6949 = CARTESIAN_POINT('',(0.765270145251,-0.487635072626,1.1));
#6950 = CARTESIAN_POINT('',(0.7425,-0.6,0.675));
#6951 = CARTESIAN_POINT('',(0.712635072626,-0.540270145251,1.1));
#6952 = ADVANCED_FACE('',(#6953),#6970,.F.);
#6953 = FACE_BOUND('',#6954,.F.);
#6954 = EDGE_LOOP('',(#6955,#6956,#6963,#6969));
#6955 = ORIENTED_EDGE('',*,*,#6432,.T.);
#6956 = ORIENTED_EDGE('',*,*,#6957,.T.);
#6957 = EDGE_CURVE('',#6425,#6958,#6960,.T.);
#6958 = VERTEX_POINT('',#6959);
#6959 = CARTESIAN_POINT('',(-0.712635072626,-0.540270145251,1.1));
#6960 = B_SPLINE_CURVE_WITH_KNOTS('',1,(#6961,#6962),.UNSPECIFIED.,.F.,
  .F.,(2,2),(0.,1.),.PIECEWISE_BEZIER_KNOTS.);
#6961 = CARTESIAN_POINT('',(-0.7425,-0.6,0.675));
#6962 = CARTESIAN_POINT('',(-0.712635072626,-0.540270145251,1.1));
#6963 = ORIENTED_EDGE('',*,*,#6964,.F.);
#6964 = EDGE_CURVE('',#6935,#6958,#6965,.T.);
#6965 = LINE('',#6966,#6967);
#6966 = CARTESIAN_POINT('',(0.712635072626,-0.540270145251,1.1));
#6967 = VECTOR('',#6968,1.);
#6968 = DIRECTION('',(-1.,0.,0.));
#6969 = ORIENTED_EDGE('',*,*,#6934,.F.);
#6970 = B_SPLINE_SURFACE_WITH_KNOTS('',1,1,(
    (#6971,#6972)
    ,(#6973,#6974
    )),.UNSPECIFIED.,.F.,.F.,.F.,(2,2),(2,2),(0.,1.485),(0.,1.),
  .PIECEWISE_BEZIER_KNOTS.);
#6971 = CARTESIAN_POINT('',(0.7425,-0.6,0.675));
#6972 = CARTESIAN_POINT('',(0.712635072626,-0.540270145251,1.1));
#6973 = CARTESIAN_POINT('',(-0.7425,-0.6,0.675));
#6974 = CARTESIAN_POINT('',(-0.712635072626,-0.540270145251,1.1));
#6975 = ADVANCED_FACE('',(#6976),#6993,.F.);
#6976 = FACE_BOUND('',#6977,.F.);
#6977 = EDGE_LOOP('',(#6978,#6979,#6986,#6992));
#6978 = ORIENTED_EDGE('',*,*,#6424,.T.);
#6979 = ORIENTED_EDGE('',*,*,#6980,.T.);
#6980 = EDGE_CURVE('',#6417,#6981,#6983,.T.);
#6981 = VERTEX_POINT('',#6982);
#6982 = CARTESIAN_POINT('',(-0.765270145251,-0.487635072626,1.1));
#6983 = B_SPLINE_CURVE_WITH_KNOTS('',1,(#6984,#6985),.UNSPECIFIED.,.F.,
  .F.,(2,2),(0.,1.),.PIECEWISE_BEZIER_KNOTS.);
#6984 = CARTESIAN_POINT('',(-0.825,-0.5175,0.675));
#6985 = CARTESIAN_POINT('',(-0.765270145251,-0.487635072626,1.1));
#6986 = ORIENTED_EDGE('',*,*,#6987,.F.);
#6987 = EDGE_CURVE('',#6958,#6981,#6988,.T.);
#6988 = LINE('',#6989,#6990);
#6989 = CARTESIAN_POINT('',(-0.712635072626,-0.540270145251,1.1));
#6990 = VECTOR('',#6991,1.);
#6991 = DIRECTION('',(-0.707106781187,0.707106781187,0.));
#6992 = ORIENTED_EDGE('',*,*,#6957,.F.);
#6993 = B_SPLINE_SURFACE_WITH_KNOTS('',1,1,(
    (#6994,#6995)
    ,(#6996,#6997
    )),.UNSPECIFIED.,.F.,.F.,.F.,(2,2),(2,2),(0.,0.116672618896),(0.,1.)
  ,.PIECEWISE_BEZIER_KNOTS.);
#6994 = CARTESIAN_POINT('',(-0.7425,-0.6,0.675));
#6995 = CARTESIAN_POINT('',(-0.712635072626,-0.540270145251,1.1));
#6996 = CARTESIAN_POINT('',(-0.825,-0.5175,0.675));
#6997 = CARTESIAN_POINT('',(-0.765270145251,-0.487635072626,1.1));
#6998 = ADVANCED_FACE('',(#6999),#7023,.F.);
#6999 = FACE_BOUND('',#7000,.F.);
#7000 = EDGE_LOOP('',(#7001,#7002,#7008,#7009,#7016,#7022));
#7001 = ORIENTED_EDGE('',*,*,#6416,.T.);
#7002 = ORIENTED_EDGE('',*,*,#7003,.T.);
#7003 = EDGE_CURVE('',#6409,#6662,#7004,.T.);
#7004 = LINE('',#7005,#7006);
#7005 = CARTESIAN_POINT('',(-0.825,-0.5175,0.675));
#7006 = VECTOR('',#7007,1.);
#7007 = DIRECTION('',(0.,1.,0.));
#7008 = ORIENTED_EDGE('',*,*,#6735,.T.);
#7009 = ORIENTED_EDGE('',*,*,#7010,.T.);
#7010 = EDGE_CURVE('',#6728,#7011,#7013,.T.);
#7011 = VERTEX_POINT('',#7012);
#7012 = CARTESIAN_POINT('',(-0.765270145251,0.487635072626,1.1));
#7013 = B_SPLINE_CURVE_WITH_KNOTS('',1,(#7014,#7015),.UNSPECIFIED.,.F.,
  .F.,(2,2),(0.,1.),.PIECEWISE_BEZIER_KNOTS.);
#7014 = CARTESIAN_POINT('',(-0.825,0.5175,0.675));
#7015 = CARTESIAN_POINT('',(-0.765270145251,0.487635072626,1.1));
#7016 = ORIENTED_EDGE('',*,*,#7017,.F.);
#7017 = EDGE_CURVE('',#6981,#7011,#7018,.T.);
#7018 = LINE('',#7019,#7020);
#7019 = CARTESIAN_POINT('',(-0.765270145251,-0.487635072626,1.1));
#7020 = VECTOR('',#7021,1.);
#7021 = DIRECTION('',(0.,1.,0.));
#7022 = ORIENTED_EDGE('',*,*,#6980,.F.);
#7023 = B_SPLINE_SURFACE_WITH_KNOTS('',1,1,(
    (#7024,#7025)
    ,(#7026,#7027
    )),.UNSPECIFIED.,.F.,.F.,.F.,(2,2),(2,2),(0.,1.035),(0.,1.),
  .PIECEWISE_BEZIER_KNOTS.);
#7024 = CARTESIAN_POINT('',(-0.825,-0.5175,0.675));
#7025 = CARTESIAN_POINT('',(-0.765270145251,-0.487635072626,1.1));
#7026 = CARTESIAN_POINT('',(-0.825,0.5175,0.675));
#7027 = CARTESIAN_POINT('',(-0.765270145251,0.487635072626,1.1));
#7028 = ADVANCED_FACE('',(#7029),#7040,.F.);
#7029 = FACE_BOUND('',#7030,.F.);
#7030 = EDGE_LOOP('',(#7031,#7032,#7038,#7039));
#7031 = ORIENTED_EDGE('',*,*,#6408,.F.);
#7032 = ORIENTED_EDGE('',*,*,#7033,.T.);
#7033 = EDGE_CURVE('',#6128,#6183,#7034,.T.);
#7034 = LINE('',#7035,#7036);
#7035 = CARTESIAN_POINT('',(-0.85,-0.175,0.675));
#7036 = VECTOR('',#7037,1.);
#7037 = DIRECTION('',(1.110223024625E-16,1.,0.));
#7038 = ORIENTED_EDGE('',*,*,#6661,.T.);
#7039 = ORIENTED_EDGE('',*,*,#7003,.F.);
#7040 = PLANE('',#7041);
#7041 = AXIS2_PLACEMENT_3D('',#7042,#7043,#7044);
#7042 = CARTESIAN_POINT('',(-0.85,-0.175,0.675));
#7043 = DIRECTION('',(0.,0.,-1.));
#7044 = DIRECTION('',(1.,-1.110223024625E-16,0.));
#7045 = ADVANCED_FACE('',(#7046),#7057,.T.);
#7046 = FACE_BOUND('',#7047,.T.);
#7047 = EDGE_LOOP('',(#7048,#7049,#7050,#7051));
#7048 = ORIENTED_EDGE('',*,*,#6554,.T.);
#7049 = ORIENTED_EDGE('',*,*,#7033,.T.);
#7050 = ORIENTED_EDGE('',*,*,#6646,.F.);
#7051 = ORIENTED_EDGE('',*,*,#7052,.F.);
#7052 = EDGE_CURVE('',#6547,#6639,#7053,.T.);
#7053 = LINE('',#7054,#7055);
#7054 = CARTESIAN_POINT('',(-1.066657705663,-0.175,0.493202599087));
#7055 = VECTOR('',#7056,1.);
#7056 = DIRECTION('',(1.110223024625E-16,1.,0.));
#7057 = CYLINDRICAL_SURFACE('',#7058,0.22);
#7058 = AXIS2_PLACEMENT_3D('',#7059,#7060,#7061);
#7059 = CARTESIAN_POINT('',(-0.85,-0.175,0.455));
#7060 = DIRECTION('',(-1.110223024625E-16,-1.,-0.));
#7061 = DIRECTION('',(-0.984807753012,1.093356242223E-16,0.173648177667)
  );
#7062 = ADVANCED_FACE('',(#7063),#7074,.F.);
#7063 = FACE_BOUND('',#7064,.F.);
#7064 = EDGE_LOOP('',(#7065,#7071,#7072,#7073));
#7065 = ORIENTED_EDGE('',*,*,#7066,.T.);
#7066 = EDGE_CURVE('',#6538,#6630,#7067,.T.);
#7067 = LINE('',#7068,#7069);
#7068 = CARTESIAN_POINT('',(-1.112500297756,-0.175,0.207844627563));
#7069 = VECTOR('',#7070,1.);
#7070 = DIRECTION('',(1.110223024625E-16,1.,0.));
#7071 = ORIENTED_EDGE('',*,*,#6638,.T.);
#7072 = ORIENTED_EDGE('',*,*,#7052,.F.);
#7073 = ORIENTED_EDGE('',*,*,#6546,.F.);
#7074 = PLANE('',#7075);
#7075 = AXIS2_PLACEMENT_3D('',#7076,#7077,#7078);
#7076 = CARTESIAN_POINT('',(-1.112500297756,-0.175,0.207844627563));
#7077 = DIRECTION('',(0.987340403298,-1.096168048884E-16,-0.158615661317
    ));
#7078 = DIRECTION('',(0.158615661317,-1.760987592604E-17,0.987340403298)
  );
#7079 = ADVANCED_FACE('',(#7080),#7091,.F.);
#7080 = FACE_BOUND('',#7081,.F.);
#7081 = EDGE_LOOP('',(#7082,#7088,#7089,#7090));
#7082 = ORIENTED_EDGE('',*,*,#7083,.T.);
#7083 = EDGE_CURVE('',#6530,#6622,#7084,.T.);
#7084 = LINE('',#7085,#7086);
#7085 = CARTESIAN_POINT('',(-1.181436840466,-0.175,0.15));
#7086 = VECTOR('',#7087,1.);
#7087 = DIRECTION('',(1.110223024625E-16,1.,0.));
#7088 = ORIENTED_EDGE('',*,*,#6629,.T.);
#7089 = ORIENTED_EDGE('',*,*,#7066,.F.);
#7090 = ORIENTED_EDGE('',*,*,#6537,.F.);
#7091 = CYLINDRICAL_SURFACE('',#7092,7.E-02);
#7092 = AXIS2_PLACEMENT_3D('',#7093,#7094,#7095);
#7093 = CARTESIAN_POINT('',(-1.181436840466,-0.175,0.22));
#7094 = DIRECTION('',(-1.110223024625E-16,-1.,0.));
#7095 = DIRECTION('',(-0.,0.,-1.));
#7096 = ADVANCED_FACE('',(#7097),#7108,.F.);
#7097 = FACE_BOUND('',#7098,.F.);
#7098 = EDGE_LOOP('',(#7099,#7105,#7106,#7107));
#7099 = ORIENTED_EDGE('',*,*,#7100,.T.);
#7100 = EDGE_CURVE('',#6522,#6614,#7101,.T.);
#7101 = LINE('',#7102,#7103);
#7102 = CARTESIAN_POINT('',(-1.25,-0.175,0.15));
#7103 = VECTOR('',#7104,1.);
#7104 = DIRECTION('',(1.110223024625E-16,1.,0.));
#7105 = ORIENTED_EDGE('',*,*,#6621,.T.);
#7106 = ORIENTED_EDGE('',*,*,#7083,.F.);
#7107 = ORIENTED_EDGE('',*,*,#6529,.F.);
#7108 = PLANE('',#7109);
#7109 = AXIS2_PLACEMENT_3D('',#7110,#7111,#7112);
#7110 = CARTESIAN_POINT('',(-1.25,-0.175,0.15));
#7111 = DIRECTION('',(0.,0.,-1.));
#7112 = DIRECTION('',(1.,-1.110223024625E-16,0.));
#7113 = ADVANCED_FACE('',(#7114),#7125,.F.);
#7114 = FACE_BOUND('',#7115,.F.);
#7115 = EDGE_LOOP('',(#7116,#7122,#7123,#7124));
#7116 = ORIENTED_EDGE('',*,*,#7117,.T.);
#7117 = EDGE_CURVE('',#6514,#6606,#7118,.T.);
#7118 = LINE('',#7119,#7120);
#7119 = CARTESIAN_POINT('',(-1.25,-0.175,-5.551115123126E-17));
#7120 = VECTOR('',#7121,1.);
#7121 = DIRECTION('',(1.110223024625E-16,1.,0.));
#7122 = ORIENTED_EDGE('',*,*,#6613,.T.);
#7123 = ORIENTED_EDGE('',*,*,#7100,.F.);
#7124 = ORIENTED_EDGE('',*,*,#6521,.F.);
#7125 = PLANE('',#7126);
#7126 = AXIS2_PLACEMENT_3D('',#7127,#7128,#7129);
#7127 = CARTESIAN_POINT('',(-1.25,-0.175,-5.551115123126E-17));
#7128 = DIRECTION('',(1.,-1.110223024625E-16,0.));
#7129 = DIRECTION('',(0.,0.,1.));
#7130 = ADVANCED_FACE('',(#7131),#7142,.F.);
#7131 = FACE_BOUND('',#7132,.F.);
#7132 = EDGE_LOOP('',(#7133,#7139,#7140,#7141));
#7133 = ORIENTED_EDGE('',*,*,#7134,.T.);
#7134 = EDGE_CURVE('',#6505,#6597,#7135,.T.);
#7135 = LINE('',#7136,#7137);
#7136 = CARTESIAN_POINT('',(-1.181436840466,-0.175,-5.551115123126E-17)
  );
#7137 = VECTOR('',#7138,1.);
#7138 = DIRECTION('',(1.110223024625E-16,1.,0.));
#7139 = ORIENTED_EDGE('',*,*,#6605,.T.);
#7140 = ORIENTED_EDGE('',*,*,#7117,.F.);
#7141 = ORIENTED_EDGE('',*,*,#6513,.F.);
#7142 = PLANE('',#7143);
#7143 = AXIS2_PLACEMENT_3D('',#7144,#7145,#7146);
#7144 = CARTESIAN_POINT('',(-1.181436840466,-0.175,-5.551115123126E-17)
  );
#7145 = DIRECTION('',(0.,0.,1.));
#7146 = DIRECTION('',(-1.,1.110223024625E-16,0.));
#7147 = ADVANCED_FACE('',(#7148),#7154,.T.);
#7148 = FACE_BOUND('',#7149,.T.);
#7149 = EDGE_LOOP('',(#7150,#7151,#7152,#7153));
#7150 = ORIENTED_EDGE('',*,*,#6504,.T.);
#7151 = ORIENTED_EDGE('',*,*,#7134,.T.);
#7152 = ORIENTED_EDGE('',*,*,#6596,.F.);
#7153 = ORIENTED_EDGE('',*,*,#6578,.F.);
#7154 = CYLINDRICAL_SURFACE('',#7155,0.22);
#7155 = AXIS2_PLACEMENT_3D('',#7156,#7157,#7158);
#7156 = CARTESIAN_POINT('',(-1.181436840466,-0.175,0.22));
#7157 = DIRECTION('',(-1.110223024625E-16,-1.,-0.));
#7158 = DIRECTION('',(0.984807753012,-1.093356242223E-16,-0.173648177667
    ));
#7159 = ADVANCED_FACE('',(#7160),#7177,.F.);
#7160 = FACE_BOUND('',#7161,.F.);
#7161 = EDGE_LOOP('',(#7162,#7163,#7170,#7176));
#7162 = ORIENTED_EDGE('',*,*,#6727,.T.);
#7163 = ORIENTED_EDGE('',*,*,#7164,.T.);
#7164 = EDGE_CURVE('',#6720,#7165,#7167,.T.);
#7165 = VERTEX_POINT('',#7166);
#7166 = CARTESIAN_POINT('',(-0.712635072626,0.540270145251,1.1));
#7167 = B_SPLINE_CURVE_WITH_KNOTS('',1,(#7168,#7169),.UNSPECIFIED.,.F.,
  .F.,(2,2),(0.,1.),.PIECEWISE_BEZIER_KNOTS.);
#7168 = CARTESIAN_POINT('',(-0.7425,0.6,0.675));
#7169 = CARTESIAN_POINT('',(-0.712635072626,0.540270145251,1.1));
#7170 = ORIENTED_EDGE('',*,*,#7171,.F.);
#7171 = EDGE_CURVE('',#7011,#7165,#7172,.T.);
#7172 = LINE('',#7173,#7174);
#7173 = CARTESIAN_POINT('',(-0.765270145251,0.487635072626,1.1));
#7174 = VECTOR('',#7175,1.);
#7175 = DIRECTION('',(0.707106781187,0.707106781187,0.));
#7176 = ORIENTED_EDGE('',*,*,#7010,.F.);
#7177 = B_SPLINE_SURFACE_WITH_KNOTS('',1,1,(
    (#7178,#7179)
    ,(#7180,#7181
    )),.UNSPECIFIED.,.F.,.F.,.F.,(2,2),(2,2),(0.,0.116672618896),(0.,1.)
  ,.PIECEWISE_BEZIER_KNOTS.);
#7178 = CARTESIAN_POINT('',(-0.825,0.5175,0.675));
#7179 = CARTESIAN_POINT('',(-0.765270145251,0.487635072626,1.1));
#7180 = CARTESIAN_POINT('',(-0.7425,0.6,0.675));
#7181 = CARTESIAN_POINT('',(-0.712635072626,0.540270145251,1.1));
#7182 = ADVANCED_FACE('',(#7183),#7200,.F.);
#7183 = FACE_BOUND('',#7184,.F.);
#7184 = EDGE_LOOP('',(#7185,#7186,#7193,#7199));
#7185 = ORIENTED_EDGE('',*,*,#6719,.T.);
#7186 = ORIENTED_EDGE('',*,*,#7187,.T.);
#7187 = EDGE_CURVE('',#6712,#7188,#7190,.T.);
#7188 = VERTEX_POINT('',#7189);
#7189 = CARTESIAN_POINT('',(0.712635072626,0.540270145251,1.1));
#7190 = B_SPLINE_CURVE_WITH_KNOTS('',1,(#7191,#7192),.UNSPECIFIED.,.F.,
  .F.,(2,2),(0.,1.),.PIECEWISE_BEZIER_KNOTS.);
#7191 = CARTESIAN_POINT('',(0.7425,0.6,0.675));
#7192 = CARTESIAN_POINT('',(0.712635072626,0.540270145251,1.1));
#7193 = ORIENTED_EDGE('',*,*,#7194,.F.);
#7194 = EDGE_CURVE('',#7165,#7188,#7195,.T.);
#7195 = LINE('',#7196,#7197);
#7196 = CARTESIAN_POINT('',(-0.712635072626,0.540270145251,1.1));
#7197 = VECTOR('',#7198,1.);
#7198 = DIRECTION('',(1.,0.,0.));
#7199 = ORIENTED_EDGE('',*,*,#7164,.F.);
#7200 = B_SPLINE_SURFACE_WITH_KNOTS('',1,1,(
    (#7201,#7202)
    ,(#7203,#7204
    )),.UNSPECIFIED.,.F.,.F.,.F.,(2,2),(2,2),(0.,1.485),(0.,1.),
  .PIECEWISE_BEZIER_KNOTS.);
#7201 = CARTESIAN_POINT('',(-0.7425,0.6,0.675));
#7202 = CARTESIAN_POINT('',(-0.712635072626,0.540270145251,1.1));
#7203 = CARTESIAN_POINT('',(0.7425,0.6,0.675));
#7204 = CARTESIAN_POINT('',(0.712635072626,0.540270145251,1.1));
#7205 = ADVANCED_FACE('',(#7206),#7217,.F.);
#7206 = FACE_BOUND('',#7207,.F.);
#7207 = EDGE_LOOP('',(#7208,#7209,#7210,#7216));
#7208 = ORIENTED_EDGE('',*,*,#6711,.T.);
#7209 = ORIENTED_EDGE('',*,*,#6920,.T.);
#7210 = ORIENTED_EDGE('',*,*,#7211,.F.);
#7211 = EDGE_CURVE('',#7188,#6913,#7212,.T.);
#7212 = LINE('',#7213,#7214);
#7213 = CARTESIAN_POINT('',(0.712635072626,0.540270145251,1.1));
#7214 = VECTOR('',#7215,1.);
#7215 = DIRECTION('',(0.707106781187,-0.707106781187,0.));
#7216 = ORIENTED_EDGE('',*,*,#7187,.F.);
#7217 = B_SPLINE_SURFACE_WITH_KNOTS('',1,1,(
    (#7218,#7219)
    ,(#7220,#7221
    )),.UNSPECIFIED.,.F.,.F.,.F.,(2,2),(2,2),(0.,0.116672618896),(0.,1.)
  ,.PIECEWISE_BEZIER_KNOTS.);
#7218 = CARTESIAN_POINT('',(0.7425,0.6,0.675));
#7219 = CARTESIAN_POINT('',(0.712635072626,0.540270145251,1.1));
#7220 = CARTESIAN_POINT('',(0.825,0.5175,0.675));
#7221 = CARTESIAN_POINT('',(0.765270145251,0.487635072626,1.1));
#7222 = ADVANCED_FACE('',(#7223),#7292,.F.);
#7223 = FACE_BOUND('',#7224,.F.);
#7224 = EDGE_LOOP('',(#7225,#7226,#7227,#7235,#7244,#7252,#7260,#7268,
    #7277,#7285));
#7225 = ORIENTED_EDGE('',*,*,#6815,.F.);
#7226 = ORIENTED_EDGE('',*,*,#6848,.T.);
#7227 = ORIENTED_EDGE('',*,*,#7228,.T.);
#7228 = EDGE_CURVE('',#6841,#7229,#7231,.T.);
#7229 = VERTEX_POINT('',#7230);
#7230 = CARTESIAN_POINT('',(0.964779134804,0.175,0.181797400913));
#7231 = LINE('',#7232,#7233);
#7232 = CARTESIAN_POINT('',(0.918936542711,0.175,0.467155372437));
#7233 = VECTOR('',#7234,1.);
#7234 = DIRECTION('',(0.158615661317,-3.521975185208E-17,-0.987340403298
    ));
#7235 = ORIENTED_EDGE('',*,*,#7236,.T.);
#7236 = EDGE_CURVE('',#7229,#7237,#7239,.T.);
#7237 = VERTEX_POINT('',#7238);
#7238 = CARTESIAN_POINT('',(1.181436840466,0.175,-5.551115123126E-17));
#7239 = CIRCLE('',#7240,0.22);
#7240 = AXIS2_PLACEMENT_3D('',#7241,#7242,#7243);
#7241 = CARTESIAN_POINT('',(1.181436840466,0.175,0.22));
#7242 = DIRECTION('',(-2.22044604925E-16,-1.,0.));
#7243 = DIRECTION('',(-0.984807753012,2.186712484447E-16,-0.173648177667
    ));
#7244 = ORIENTED_EDGE('',*,*,#7245,.T.);
#7245 = EDGE_CURVE('',#7237,#7246,#7248,.T.);
#7246 = VERTEX_POINT('',#7247);
#7247 = CARTESIAN_POINT('',(1.25,0.175,-5.551115123126E-17));
#7248 = LINE('',#7249,#7250);
#7249 = CARTESIAN_POINT('',(1.181436840466,0.175,-5.551115123126E-17));
#7250 = VECTOR('',#7251,1.);
#7251 = DIRECTION('',(1.,-2.22044604925E-16,0.));
#7252 = ORIENTED_EDGE('',*,*,#7253,.T.);
#7253 = EDGE_CURVE('',#7246,#7254,#7256,.T.);
#7254 = VERTEX_POINT('',#7255);
#7255 = CARTESIAN_POINT('',(1.25,0.175,0.15));
#7256 = LINE('',#7257,#7258);
#7257 = CARTESIAN_POINT('',(1.25,0.175,-5.551115123126E-17));
#7258 = VECTOR('',#7259,1.);
#7259 = DIRECTION('',(0.,0.,1.));
#7260 = ORIENTED_EDGE('',*,*,#7261,.T.);
#7261 = EDGE_CURVE('',#7254,#7262,#7264,.T.);
#7262 = VERTEX_POINT('',#7263);
#7263 = CARTESIAN_POINT('',(1.181436840466,0.175,0.15));
#7264 = LINE('',#7265,#7266);
#7265 = CARTESIAN_POINT('',(1.25,0.175,0.15));
#7266 = VECTOR('',#7267,1.);
#7267 = DIRECTION('',(-1.,2.22044604925E-16,0.));
#7268 = ORIENTED_EDGE('',*,*,#7269,.T.);
#7269 = EDGE_CURVE('',#7262,#7270,#7272,.T.);
#7270 = VERTEX_POINT('',#7271);
#7271 = CARTESIAN_POINT('',(1.112500297756,0.175,0.207844627563));
#7272 = CIRCLE('',#7273,7.E-02);
#7273 = AXIS2_PLACEMENT_3D('',#7274,#7275,#7276);
#7274 = CARTESIAN_POINT('',(1.181436840466,0.175,0.22));
#7275 = DIRECTION('',(2.22044604925E-16,1.,0.));
#7276 = DIRECTION('',(0.,0.,-1.));
#7277 = ORIENTED_EDGE('',*,*,#7278,.T.);
#7278 = EDGE_CURVE('',#7270,#7279,#7281,.T.);
#7279 = VERTEX_POINT('',#7280);
#7280 = CARTESIAN_POINT('',(1.066657705663,0.175,0.493202599087));
#7281 = LINE('',#7282,#7283);
#7282 = CARTESIAN_POINT('',(1.112500297756,0.175,0.207844627563));
#7283 = VECTOR('',#7284,1.);
#7284 = DIRECTION('',(-0.158615661317,3.521975185208E-17,0.987340403298)
  );
#7285 = ORIENTED_EDGE('',*,*,#7286,.T.);
#7286 = EDGE_CURVE('',#7279,#6688,#7287,.T.);
#7287 = CIRCLE('',#7288,0.22);
#7288 = AXIS2_PLACEMENT_3D('',#7289,#7290,#7291);
#7289 = CARTESIAN_POINT('',(0.85,0.175,0.455));
#7290 = DIRECTION('',(-2.22044604925E-16,-1.,0.));
#7291 = DIRECTION('',(0.984807753012,-2.186712484447E-16,0.173648177667)
  );
#7292 = PLANE('',#7293);
#7293 = AXIS2_PLACEMENT_3D('',#7294,#7295,#7296);
#7294 = CARTESIAN_POINT('',(1.021526355437,0.175,0.332418056697));
#7295 = DIRECTION('',(-2.22044604925E-16,-1.,0.));
#7296 = DIRECTION('',(0.,0.,1.));
#7297 = ADVANCED_FACE('',(#7298),#7316,.F.);
#7298 = FACE_BOUND('',#7299,.F.);
#7299 = EDGE_LOOP('',(#7300,#7301,#7309,#7315));
#7300 = ORIENTED_EDGE('',*,*,#6840,.T.);
#7301 = ORIENTED_EDGE('',*,*,#7302,.T.);
#7302 = EDGE_CURVE('',#6832,#7303,#7305,.T.);
#7303 = VERTEX_POINT('',#7304);
#7304 = CARTESIAN_POINT('',(0.964779134804,-0.175,0.181797400913));
#7305 = LINE('',#7306,#7307);
#7306 = CARTESIAN_POINT('',(0.918936542711,-0.175,0.467155372437));
#7307 = VECTOR('',#7308,1.);
#7308 = DIRECTION('',(0.158615661317,-3.521975185208E-17,-0.987340403298
    ));
#7309 = ORIENTED_EDGE('',*,*,#7310,.F.);
#7310 = EDGE_CURVE('',#7229,#7303,#7311,.T.);
#7311 = LINE('',#7312,#7313);
#7312 = CARTESIAN_POINT('',(0.964779134804,0.175,0.181797400913));
#7313 = VECTOR('',#7314,1.);
#7314 = DIRECTION('',(-2.22044604925E-16,-1.,0.));
#7315 = ORIENTED_EDGE('',*,*,#7228,.F.);
#7316 = PLANE('',#7317);
#7317 = AXIS2_PLACEMENT_3D('',#7318,#7319,#7320);
#7318 = CARTESIAN_POINT('',(0.918936542711,0.175,0.467155372437));
#7319 = DIRECTION('',(0.987340403298,-2.192336097769E-16,0.158615661317)
  );
#7320 = DIRECTION('',(0.158615661317,-3.521975185208E-17,-0.987340403298
    ));
#7321 = ADVANCED_FACE('',(#7322),#7384,.T.);
#7322 = FACE_BOUND('',#7323,.T.);
#7323 = EDGE_LOOP('',(#7324,#7325,#7326,#7327,#7336,#7344,#7352,#7360,
    #7369,#7377));
#7324 = ORIENTED_EDGE('',*,*,#6863,.F.);
#7325 = ORIENTED_EDGE('',*,*,#6831,.T.);
#7326 = ORIENTED_EDGE('',*,*,#7302,.T.);
#7327 = ORIENTED_EDGE('',*,*,#7328,.T.);
#7328 = EDGE_CURVE('',#7303,#7329,#7331,.T.);
#7329 = VERTEX_POINT('',#7330);
#7330 = CARTESIAN_POINT('',(1.181436840466,-0.175,-5.551115123126E-17));
#7331 = CIRCLE('',#7332,0.22);
#7332 = AXIS2_PLACEMENT_3D('',#7333,#7334,#7335);
#7333 = CARTESIAN_POINT('',(1.181436840466,-0.175,0.22));
#7334 = DIRECTION('',(-2.22044604925E-16,-1.,0.));
#7335 = DIRECTION('',(-0.984807753012,2.186712484447E-16,-0.173648177667
    ));
#7336 = ORIENTED_EDGE('',*,*,#7337,.T.);
#7337 = EDGE_CURVE('',#7329,#7338,#7340,.T.);
#7338 = VERTEX_POINT('',#7339);
#7339 = CARTESIAN_POINT('',(1.25,-0.175,-5.551115123126E-17));
#7340 = LINE('',#7341,#7342);
#7341 = CARTESIAN_POINT('',(1.181436840466,-0.175,-5.551115123126E-17));
#7342 = VECTOR('',#7343,1.);
#7343 = DIRECTION('',(1.,-2.22044604925E-16,0.));
#7344 = ORIENTED_EDGE('',*,*,#7345,.T.);
#7345 = EDGE_CURVE('',#7338,#7346,#7348,.T.);
#7346 = VERTEX_POINT('',#7347);
#7347 = CARTESIAN_POINT('',(1.25,-0.175,0.15));
#7348 = LINE('',#7349,#7350);
#7349 = CARTESIAN_POINT('',(1.25,-0.175,-5.551115123126E-17));
#7350 = VECTOR('',#7351,1.);
#7351 = DIRECTION('',(0.,0.,1.));
#7352 = ORIENTED_EDGE('',*,*,#7353,.T.);
#7353 = EDGE_CURVE('',#7346,#7354,#7356,.T.);
#7354 = VERTEX_POINT('',#7355);
#7355 = CARTESIAN_POINT('',(1.181436840466,-0.175,0.15));
#7356 = LINE('',#7357,#7358);
#7357 = CARTESIAN_POINT('',(1.25,-0.175,0.15));
#7358 = VECTOR('',#7359,1.);
#7359 = DIRECTION('',(-1.,2.22044604925E-16,0.));
#7360 = ORIENTED_EDGE('',*,*,#7361,.T.);
#7361 = EDGE_CURVE('',#7354,#7362,#7364,.T.);
#7362 = VERTEX_POINT('',#7363);
#7363 = CARTESIAN_POINT('',(1.112500297756,-0.175,0.207844627563));
#7364 = CIRCLE('',#7365,7.E-02);
#7365 = AXIS2_PLACEMENT_3D('',#7366,#7367,#7368);
#7366 = CARTESIAN_POINT('',(1.181436840466,-0.175,0.22));
#7367 = DIRECTION('',(2.22044604925E-16,1.,0.));
#7368 = DIRECTION('',(0.,0.,-1.));
#7369 = ORIENTED_EDGE('',*,*,#7370,.T.);
#7370 = EDGE_CURVE('',#7362,#7371,#7373,.T.);
#7371 = VERTEX_POINT('',#7372);
#7372 = CARTESIAN_POINT('',(1.066657705663,-0.175,0.493202599087));
#7373 = LINE('',#7374,#7375);
#7374 = CARTESIAN_POINT('',(1.112500297756,-0.175,0.207844627563));
#7375 = VECTOR('',#7376,1.);
#7376 = DIRECTION('',(-0.158615661317,3.521975185208E-17,0.987340403298)
  );
#7377 = ORIENTED_EDGE('',*,*,#7378,.T.);
#7378 = EDGE_CURVE('',#7371,#6457,#7379,.T.);
#7379 = CIRCLE('',#7380,0.22);
#7380 = AXIS2_PLACEMENT_3D('',#7381,#7382,#7383);
#7381 = CARTESIAN_POINT('',(0.85,-0.175,0.455));
#7382 = DIRECTION('',(-2.22044604925E-16,-1.,0.));
#7383 = DIRECTION('',(0.984807753012,-2.186712484447E-16,0.173648177667)
  );
#7384 = PLANE('',#7385);
#7385 = AXIS2_PLACEMENT_3D('',#7386,#7387,#7388);
#7386 = CARTESIAN_POINT('',(1.021526355437,-0.175,0.332418056697));
#7387 = DIRECTION('',(-2.22044604925E-16,-1.,0.));
#7388 = DIRECTION('',(0.,0.,1.));
#7389 = ADVANCED_FACE('',(#7390),#7401,.T.);
#7390 = FACE_BOUND('',#7391,.T.);
#7391 = EDGE_LOOP('',(#7392,#7393,#7394,#7395));
#7392 = ORIENTED_EDGE('',*,*,#7286,.T.);
#7393 = ORIENTED_EDGE('',*,*,#6881,.T.);
#7394 = ORIENTED_EDGE('',*,*,#7378,.F.);
#7395 = ORIENTED_EDGE('',*,*,#7396,.F.);
#7396 = EDGE_CURVE('',#7279,#7371,#7397,.T.);
#7397 = LINE('',#7398,#7399);
#7398 = CARTESIAN_POINT('',(1.066657705663,0.175,0.493202599087));
#7399 = VECTOR('',#7400,1.);
#7400 = DIRECTION('',(-2.22044604925E-16,-1.,0.));
#7401 = CYLINDRICAL_SURFACE('',#7402,0.22);
#7402 = AXIS2_PLACEMENT_3D('',#7403,#7404,#7405);
#7403 = CARTESIAN_POINT('',(0.85,0.175,0.455));
#7404 = DIRECTION('',(2.22044604925E-16,1.,0.));
#7405 = DIRECTION('',(0.984807753012,-2.186712484447E-16,0.173648177667)
  );
#7406 = ADVANCED_FACE('',(#7407,#7417),#7451,.T.);
#7407 = FACE_BOUND('',#7408,.T.);
#7408 = EDGE_LOOP('',(#7409,#7410,#7411,#7412,#7413,#7414,#7415,#7416));
#7409 = ORIENTED_EDGE('',*,*,#7017,.F.);
#7410 = ORIENTED_EDGE('',*,*,#6987,.F.);
#7411 = ORIENTED_EDGE('',*,*,#6964,.F.);
#7412 = ORIENTED_EDGE('',*,*,#6941,.F.);
#7413 = ORIENTED_EDGE('',*,*,#6912,.F.);
#7414 = ORIENTED_EDGE('',*,*,#7211,.F.);
#7415 = ORIENTED_EDGE('',*,*,#7194,.F.);
#7416 = ORIENTED_EDGE('',*,*,#7171,.F.);
#7417 = FACE_BOUND('',#7418,.T.);
#7418 = EDGE_LOOP('',(#7419,#7429,#7437,#7445));
#7419 = ORIENTED_EDGE('',*,*,#7420,.T.);
#7420 = EDGE_CURVE('',#7421,#7423,#7425,.T.);
#7421 = VERTEX_POINT('',#7422);
#7422 = CARTESIAN_POINT('',(-0.315270145251,-0.490270145251,1.1));
#7423 = VERTEX_POINT('',#7424);
#7424 = CARTESIAN_POINT('',(-0.715270145251,-0.490270145251,1.1));
#7425 = LINE('',#7426,#7427);
#7426 = CARTESIAN_POINT('',(-0.740270145251,-0.490270145251,1.1));
#7427 = VECTOR('',#7428,1.);
#7428 = DIRECTION('',(-1.,0.,0.));
#7429 = ORIENTED_EDGE('',*,*,#7430,.T.);
#7430 = EDGE_CURVE('',#7423,#7431,#7433,.T.);
#7431 = VERTEX_POINT('',#7432);
#7432 = CARTESIAN_POINT('',(-0.715270145251,0.490270145251,1.1));
#7433 = LINE('',#7434,#7435);
#7434 = CARTESIAN_POINT('',(-0.715270145251,-0.488952608939,1.1));
#7435 = VECTOR('',#7436,1.);
#7436 = DIRECTION('',(0.,1.,0.));
#7437 = ORIENTED_EDGE('',*,*,#7438,.F.);
#7438 = EDGE_CURVE('',#7439,#7431,#7441,.T.);
#7439 = VERTEX_POINT('',#7440);
#7440 = CARTESIAN_POINT('',(-0.315270145251,0.490270145251,1.1));
#7441 = LINE('',#7442,#7443);
#7442 = CARTESIAN_POINT('',(-0.740270145251,0.490270145251,1.1));
#7443 = VECTOR('',#7444,1.);
#7444 = DIRECTION('',(-1.,0.,0.));
#7445 = ORIENTED_EDGE('',*,*,#7446,.F.);
#7446 = EDGE_CURVE('',#7421,#7439,#7447,.T.);
#7447 = LINE('',#7448,#7449);
#7448 = CARTESIAN_POINT('',(-0.315270145251,-0.488952608939,1.1));
#7449 = VECTOR('',#7450,1.);
#7450 = DIRECTION('',(0.,1.,0.));
#7451 = PLANE('',#7452);
#7452 = AXIS2_PLACEMENT_3D('',#7453,#7454,#7455);
#7453 = CARTESIAN_POINT('',(-0.765270145251,-0.487635072626,1.1));
#7454 = DIRECTION('',(0.,0.,1.));
#7455 = DIRECTION('',(0.84333939541,0.537381302382,-0.));
#7456 = ADVANCED_FACE('',(#7457),#7468,.F.);
#7457 = FACE_BOUND('',#7458,.F.);
#7458 = EDGE_LOOP('',(#7459,#7465,#7466,#7467));
#7459 = ORIENTED_EDGE('',*,*,#7460,.T.);
#7460 = EDGE_CURVE('',#7270,#7362,#7461,.T.);
#7461 = LINE('',#7462,#7463);
#7462 = CARTESIAN_POINT('',(1.112500297756,0.175,0.207844627563));
#7463 = VECTOR('',#7464,1.);
#7464 = DIRECTION('',(-2.22044604925E-16,-1.,0.));
#7465 = ORIENTED_EDGE('',*,*,#7370,.T.);
#7466 = ORIENTED_EDGE('',*,*,#7396,.F.);
#7467 = ORIENTED_EDGE('',*,*,#7278,.F.);
#7468 = PLANE('',#7469);
#7469 = AXIS2_PLACEMENT_3D('',#7470,#7471,#7472);
#7470 = CARTESIAN_POINT('',(1.112500297756,0.175,0.207844627563));
#7471 = DIRECTION('',(-0.987340403298,2.192336097769E-16,-0.158615661317
    ));
#7472 = DIRECTION('',(-0.158615661317,3.521975185208E-17,0.987340403298)
  );
#7473 = ADVANCED_FACE('',(#7474),#7485,.F.);
#7474 = FACE_BOUND('',#7475,.F.);
#7475 = EDGE_LOOP('',(#7476,#7482,#7483,#7484));
#7476 = ORIENTED_EDGE('',*,*,#7477,.T.);
#7477 = EDGE_CURVE('',#7262,#7354,#7478,.T.);
#7478 = LINE('',#7479,#7480);
#7479 = CARTESIAN_POINT('',(1.181436840466,0.175,0.15));
#7480 = VECTOR('',#7481,1.);
#7481 = DIRECTION('',(-2.22044604925E-16,-1.,0.));
#7482 = ORIENTED_EDGE('',*,*,#7361,.T.);
#7483 = ORIENTED_EDGE('',*,*,#7460,.F.);
#7484 = ORIENTED_EDGE('',*,*,#7269,.F.);
#7485 = CYLINDRICAL_SURFACE('',#7486,7.E-02);
#7486 = AXIS2_PLACEMENT_3D('',#7487,#7488,#7489);
#7487 = CARTESIAN_POINT('',(1.181436840466,0.175,0.22));
#7488 = DIRECTION('',(2.22044604925E-16,1.,0.));
#7489 = DIRECTION('',(0.,0.,-1.));
#7490 = ADVANCED_FACE('',(#7491),#7502,.F.);
#7491 = FACE_BOUND('',#7492,.F.);
#7492 = EDGE_LOOP('',(#7493,#7499,#7500,#7501));
#7493 = ORIENTED_EDGE('',*,*,#7494,.T.);
#7494 = EDGE_CURVE('',#7254,#7346,#7495,.T.);
#7495 = LINE('',#7496,#7497);
#7496 = CARTESIAN_POINT('',(1.25,0.175,0.15));
#7497 = VECTOR('',#7498,1.);
#7498 = DIRECTION('',(-2.22044604925E-16,-1.,0.));
#7499 = ORIENTED_EDGE('',*,*,#7353,.T.);
#7500 = ORIENTED_EDGE('',*,*,#7477,.F.);
#7501 = ORIENTED_EDGE('',*,*,#7261,.F.);
#7502 = PLANE('',#7503);
#7503 = AXIS2_PLACEMENT_3D('',#7504,#7505,#7506);
#7504 = CARTESIAN_POINT('',(1.25,0.175,0.15));
#7505 = DIRECTION('',(0.,0.,-1.));
#7506 = DIRECTION('',(-1.,2.22044604925E-16,0.));
#7507 = ADVANCED_FACE('',(#7508),#7519,.F.);
#7508 = FACE_BOUND('',#7509,.F.);
#7509 = EDGE_LOOP('',(#7510,#7516,#7517,#7518));
#7510 = ORIENTED_EDGE('',*,*,#7511,.T.);
#7511 = EDGE_CURVE('',#7246,#7338,#7512,.T.);
#7512 = LINE('',#7513,#7514);
#7513 = CARTESIAN_POINT('',(1.25,0.175,-5.551115123126E-17));
#7514 = VECTOR('',#7515,1.);
#7515 = DIRECTION('',(-2.22044604925E-16,-1.,0.));
#7516 = ORIENTED_EDGE('',*,*,#7345,.T.);
#7517 = ORIENTED_EDGE('',*,*,#7494,.F.);
#7518 = ORIENTED_EDGE('',*,*,#7253,.F.);
#7519 = PLANE('',#7520);
#7520 = AXIS2_PLACEMENT_3D('',#7521,#7522,#7523);
#7521 = CARTESIAN_POINT('',(1.25,0.175,-5.551115123126E-17));
#7522 = DIRECTION('',(-1.,2.22044604925E-16,0.));
#7523 = DIRECTION('',(0.,0.,1.));
#7524 = ADVANCED_FACE('',(#7525),#7536,.F.);
#7525 = FACE_BOUND('',#7526,.F.);
#7526 = EDGE_LOOP('',(#7527,#7533,#7534,#7535));
#7527 = ORIENTED_EDGE('',*,*,#7528,.T.);
#7528 = EDGE_CURVE('',#7237,#7329,#7529,.T.);
#7529 = LINE('',#7530,#7531);
#7530 = CARTESIAN_POINT('',(1.181436840466,0.175,-5.551115123126E-17));
#7531 = VECTOR('',#7532,1.);
#7532 = DIRECTION('',(-2.22044604925E-16,-1.,0.));
#7533 = ORIENTED_EDGE('',*,*,#7337,.T.);
#7534 = ORIENTED_EDGE('',*,*,#7511,.F.);
#7535 = ORIENTED_EDGE('',*,*,#7245,.F.);
#7536 = PLANE('',#7537);
#7537 = AXIS2_PLACEMENT_3D('',#7538,#7539,#7540);
#7538 = CARTESIAN_POINT('',(1.181436840466,0.175,-5.551115123126E-17));
#7539 = DIRECTION('',(0.,0.,1.));
#7540 = DIRECTION('',(1.,-2.22044604925E-16,0.));
#7541 = ADVANCED_FACE('',(#7542),#7548,.T.);
#7542 = FACE_BOUND('',#7543,.T.);
#7543 = EDGE_LOOP('',(#7544,#7545,#7546,#7547));
#7544 = ORIENTED_EDGE('',*,*,#7236,.T.);
#7545 = ORIENTED_EDGE('',*,*,#7528,.T.);
#7546 = ORIENTED_EDGE('',*,*,#7328,.F.);
#7547 = ORIENTED_EDGE('',*,*,#7310,.F.);
#7548 = CYLINDRICAL_SURFACE('',#7549,0.22);
#7549 = AXIS2_PLACEMENT_3D('',#7550,#7551,#7552);
#7550 = CARTESIAN_POINT('',(1.181436840466,0.175,0.22));
#7551 = DIRECTION('',(2.22044604925E-16,1.,0.));
#7552 = DIRECTION('',(-0.984807753012,2.186712484447E-16,-0.173648177667
    ));
#7553 = ADVANCED_FACE('',(#7554),#7579,.F.);
#7554 = FACE_BOUND('',#7555,.F.);
#7555 = EDGE_LOOP('',(#7556,#7557,#7565,#7573));
#7556 = ORIENTED_EDGE('',*,*,#7420,.T.);
#7557 = ORIENTED_EDGE('',*,*,#7558,.T.);
#7558 = EDGE_CURVE('',#7423,#7559,#7561,.T.);
#7559 = VERTEX_POINT('',#7560);
#7560 = CARTESIAN_POINT('',(-0.715270145251,-0.490270145251,1.11));
#7561 = LINE('',#7562,#7563);
#7562 = CARTESIAN_POINT('',(-0.715270145251,-0.490270145251,1.09));
#7563 = VECTOR('',#7564,1.);
#7564 = DIRECTION('',(0.,0.,1.));
#7565 = ORIENTED_EDGE('',*,*,#7566,.T.);
#7566 = EDGE_CURVE('',#7559,#7567,#7569,.T.);
#7567 = VERTEX_POINT('',#7568);
#7568 = CARTESIAN_POINT('',(-0.315270145251,-0.490270145251,1.11));
#7569 = LINE('',#7570,#7571);
#7570 = CARTESIAN_POINT('',(-0.715270145251,-0.490270145251,1.11));
#7571 = VECTOR('',#7572,1.);
#7572 = DIRECTION('',(1.,0.,0.));
#7573 = ORIENTED_EDGE('',*,*,#7574,.F.);
#7574 = EDGE_CURVE('',#7421,#7567,#7575,.T.);
#7575 = LINE('',#7576,#7577);
#7576 = CARTESIAN_POINT('',(-0.315270145251,-0.490270145251,1.09));
#7577 = VECTOR('',#7578,1.);
#7578 = DIRECTION('',(0.,0.,1.));
#7579 = PLANE('',#7580);
#7580 = AXIS2_PLACEMENT_3D('',#7581,#7582,#7583);
#7581 = CARTESIAN_POINT('',(-0.715270145251,-0.490270145251,1.09));
#7582 = DIRECTION('',(0.,1.,0.));
#7583 = DIRECTION('',(0.,-0.,1.));
#7584 = ADVANCED_FACE('',(#7585),#7603,.T.);
#7585 = FACE_BOUND('',#7586,.T.);
#7586 = EDGE_LOOP('',(#7587,#7588,#7589,#7597));
#7587 = ORIENTED_EDGE('',*,*,#7574,.F.);
#7588 = ORIENTED_EDGE('',*,*,#7446,.T.);
#7589 = ORIENTED_EDGE('',*,*,#7590,.T.);
#7590 = EDGE_CURVE('',#7439,#7591,#7593,.T.);
#7591 = VERTEX_POINT('',#7592);
#7592 = CARTESIAN_POINT('',(-0.315270145251,0.490270145251,1.11));
#7593 = LINE('',#7594,#7595);
#7594 = CARTESIAN_POINT('',(-0.315270145251,0.490270145251,1.09));
#7595 = VECTOR('',#7596,1.);
#7596 = DIRECTION('',(0.,0.,1.));
#7597 = ORIENTED_EDGE('',*,*,#7598,.F.);
#7598 = EDGE_CURVE('',#7567,#7591,#7599,.T.);
#7599 = LINE('',#7600,#7601);
#7600 = CARTESIAN_POINT('',(-0.315270145251,-0.490270145251,1.11));
#7601 = VECTOR('',#7602,1.);
#7602 = DIRECTION('',(0.,1.,0.));
#7603 = PLANE('',#7604);
#7604 = AXIS2_PLACEMENT_3D('',#7605,#7606,#7607);
#7605 = CARTESIAN_POINT('',(-0.315270145251,-0.490270145251,1.09));
#7606 = DIRECTION('',(1.,0.,0.));
#7607 = DIRECTION('',(0.,0.,1.));
#7608 = ADVANCED_FACE('',(#7609),#7627,.T.);
#7609 = FACE_BOUND('',#7610,.T.);
#7610 = EDGE_LOOP('',(#7611,#7612,#7620,#7626));
#7611 = ORIENTED_EDGE('',*,*,#7438,.T.);
#7612 = ORIENTED_EDGE('',*,*,#7613,.T.);
#7613 = EDGE_CURVE('',#7431,#7614,#7616,.T.);
#7614 = VERTEX_POINT('',#7615);
#7615 = CARTESIAN_POINT('',(-0.715270145251,0.490270145251,1.11));
#7616 = LINE('',#7617,#7618);
#7617 = CARTESIAN_POINT('',(-0.715270145251,0.490270145251,1.09));
#7618 = VECTOR('',#7619,1.);
#7619 = DIRECTION('',(0.,0.,1.));
#7620 = ORIENTED_EDGE('',*,*,#7621,.T.);
#7621 = EDGE_CURVE('',#7614,#7591,#7622,.T.);
#7622 = LINE('',#7623,#7624);
#7623 = CARTESIAN_POINT('',(-0.715270145251,0.490270145251,1.11));
#7624 = VECTOR('',#7625,1.);
#7625 = DIRECTION('',(1.,0.,0.));
#7626 = ORIENTED_EDGE('',*,*,#7590,.F.);
#7627 = PLANE('',#7628);
#7628 = AXIS2_PLACEMENT_3D('',#7629,#7630,#7631);
#7629 = CARTESIAN_POINT('',(-0.715270145251,0.490270145251,1.09));
#7630 = DIRECTION('',(0.,1.,0.));
#7631 = DIRECTION('',(0.,-0.,1.));
#7632 = ADVANCED_FACE('',(#7633),#7644,.F.);
#7633 = FACE_BOUND('',#7634,.F.);
#7634 = EDGE_LOOP('',(#7635,#7636,#7637,#7638));
#7635 = ORIENTED_EDGE('',*,*,#7558,.F.);
#7636 = ORIENTED_EDGE('',*,*,#7430,.T.);
#7637 = ORIENTED_EDGE('',*,*,#7613,.T.);
#7638 = ORIENTED_EDGE('',*,*,#7639,.F.);
#7639 = EDGE_CURVE('',#7559,#7614,#7640,.T.);
#7640 = LINE('',#7641,#7642);
#7641 = CARTESIAN_POINT('',(-0.715270145251,-0.490270145251,1.11));
#7642 = VECTOR('',#7643,1.);
#7643 = DIRECTION('',(0.,1.,0.));
#7644 = PLANE('',#7645);
#7645 = AXIS2_PLACEMENT_3D('',#7646,#7647,#7648);
#7646 = CARTESIAN_POINT('',(-0.715270145251,-0.490270145251,1.09));
#7647 = DIRECTION('',(1.,0.,0.));
#7648 = DIRECTION('',(0.,0.,1.));
#7649 = ADVANCED_FACE('',(#7650),#7656,.T.);
#7650 = FACE_BOUND('',#7651,.T.);
#7651 = EDGE_LOOP('',(#7652,#7653,#7654,#7655));
#7652 = ORIENTED_EDGE('',*,*,#7639,.F.);
#7653 = ORIENTED_EDGE('',*,*,#7566,.T.);
#7654 = ORIENTED_EDGE('',*,*,#7598,.T.);
#7655 = ORIENTED_EDGE('',*,*,#7621,.F.);
#7656 = PLANE('',#7657);
#7657 = AXIS2_PLACEMENT_3D('',#7658,#7659,#7660);
#7658 = CARTESIAN_POINT('',(-0.715270145251,-0.490270145251,1.11));
#7659 = DIRECTION('',(0.,0.,1.));
#7660 = DIRECTION('',(1.,0.,-0.));
#7661 = ( GEOMETRIC_REPRESENTATION_CONTEXT(3) 
GLOBAL_UNCERTAINTY_ASSIGNED_CONTEXT((#7665)) 
GLOBAL_UNIT_ASSIGNED_CONTEXT((#7662,#7663,#7664)) REPRESENTATION_CONTEXT
('Context #1','3D Context with UNIT and UNCERTAINTY') );
#7662 = ( LENGTH_UNIT() NAMED_UNIT(*) SI_UNIT(.MILLI.,.METRE.) );
#7663 = ( NAMED_UNIT(*) PLANE_ANGLE_UNIT() SI_UNIT($,.RADIAN.) );
#7664 = ( NAMED_UNIT(*) SI_UNIT($,.STERADIAN.) SOLID_ANGLE_UNIT() );
#7665 = UNCERTAINTY_MEASURE_WITH_UNIT(LENGTH_MEASURE(1.E-07),#7662,
  'distance_accuracy_value','confusion accuracy');
#7666 = CONTEXT_DEPENDENT_SHAPE_REPRESENTATION(#7667,#7669);
#7667 = ( REPRESENTATION_RELATIONSHIP('','',#5972,#5949) 
REPRESENTATION_RELATIONSHIP_WITH_TRANSFORMATION(#7668) 
SHAPE_REPRESENTATION_RELATIONSHIP() );
#7668 = ITEM_DEFINED_TRANSFORMATION('','',#11,#5950);
#7669 = PRODUCT_DEFINITION_SHAPE('Placement','Placement of an item',
  #7670);
#7670 = NEXT_ASSEMBLY_USAGE_OCCURRENCE('18','=>[0:1:1:11]','',#5944,
  #5967,$);
#7671 = PRODUCT_RELATED_PRODUCT_CATEGORY('part',$,(#5969));
#7672 = CONTEXT_DEPENDENT_SHAPE_REPRESENTATION(#7673,#7675);
#7673 = ( REPRESENTATION_RELATIONSHIP('','',#936,#10) 
REPRESENTATION_RELATIONSHIP_WITH_TRANSFORMATION(#7674) 
SHAPE_REPRESENTATION_RELATIONSHIP() );
#7674 = ITEM_DEFINED_TRANSFORMATION('','',#11,#71);
#7675 = PRODUCT_DEFINITION_SHAPE('Placement','Placement of an item',
  #7676);
#7676 = NEXT_ASSEMBLY_USAGE_OCCURRENCE('20','C37','',#5,#931,$);
#7677 = CONTEXT_DEPENDENT_SHAPE_REPRESENTATION(#7678,#7680);
#7678 = ( REPRESENTATION_RELATIONSHIP('','',#936,#10) 
REPRESENTATION_RELATIONSHIP_WITH_TRANSFORMATION(#7679) 
SHAPE_REPRESENTATION_RELATIONSHIP() );
#7679 = ITEM_DEFINED_TRANSFORMATION('','',#11,#75);
#7680 = PRODUCT_DEFINITION_SHAPE('Placement','Placement of an item',
  #7681);
#7681 = NEXT_ASSEMBLY_USAGE_OCCURRENCE('21','C35','',#5,#931,$);
#7682 = CONTEXT_DEPENDENT_SHAPE_REPRESENTATION(#7683,#7685);
#7683 = ( REPRESENTATION_RELATIONSHIP('','',#4694,#10) 
REPRESENTATION_RELATIONSHIP_WITH_TRANSFORMATION(#7684) 
SHAPE_REPRESENTATION_RELATIONSHIP() );
#7684 = ITEM_DEFINED_TRANSFORMATION('','',#11,#79);
#7685 = PRODUCT_DEFINITION_SHAPE('Placement','Placement of an item',
  #7686);
#7686 = NEXT_ASSEMBLY_USAGE_OCCURRENCE('22','D2','',#5,#4689,$);
#7687 = CONTEXT_DEPENDENT_SHAPE_REPRESENTATION(#7688,#7690);
#7688 = ( REPRESENTATION_RELATIONSHIP('','',#104,#10) 
REPRESENTATION_RELATIONSHIP_WITH_TRANSFORMATION(#7689) 
SHAPE_REPRESENTATION_RELATIONSHIP() );
#7689 = ITEM_DEFINED_TRANSFORMATION('','',#11,#83);
#7690 = PRODUCT_DEFINITION_SHAPE('Placement','Placement of an item',
  #7691);
#7691 = NEXT_ASSEMBLY_USAGE_OCCURRENCE('23','R28','',#5,#99,$);
#7692 = SHAPE_DEFINITION_REPRESENTATION(#7693,#7699);
#7693 = PRODUCT_DEFINITION_SHAPE('','',#7694);
#7694 = PRODUCT_DEFINITION('design','',#7695,#7698);
#7695 = PRODUCT_DEFINITION_FORMATION('','',#7696);
#7696 = PRODUCT('Detector-Proto-Board_PCB','Detector-Proto-Board_PCB',''
  ,(#7697));
#7697 = PRODUCT_CONTEXT('',#2,'mechanical');
#7698 = PRODUCT_DEFINITION_CONTEXT('part definition',#2,'design');
#7699 = ADVANCED_BREP_SHAPE_REPRESENTATION('',(#11,#7700),#8770);
#7700 = MANIFOLD_SOLID_BREP('',#7701);
#7701 = CLOSED_SHELL('',(#7702,#7744,#7775,#7806,#8078,#8350,#8367,#8384
    ,#8401,#8418,#8430,#8447,#8464,#8481,#8498,#8515,#8532,#8549,#8566,
    #8583,#8600,#8617,#8634,#8651,#8668,#8685,#8702,#8719,#8736,#8753));
#7702 = ADVANCED_FACE('',(#7703),#7739,.T.);
#7703 = FACE_BOUND('',#7704,.T.);
#7704 = EDGE_LOOP('',(#7705,#7715,#7724,#7732));
#7705 = ORIENTED_EDGE('',*,*,#7706,.T.);
#7706 = EDGE_CURVE('',#7707,#7709,#7711,.T.);
#7707 = VERTEX_POINT('',#7708);
#7708 = CARTESIAN_POINT('',(122.09,-65.99,0.));
#7709 = VERTEX_POINT('',#7710);
#7710 = CARTESIAN_POINT('',(122.09,-65.99,1.51));
#7711 = LINE('',#7712,#7713);
#7712 = CARTESIAN_POINT('',(122.09,-65.99,0.));
#7713 = VECTOR('',#7714,1.);
#7714 = DIRECTION('',(0.,0.,1.));
#7715 = ORIENTED_EDGE('',*,*,#7716,.T.);
#7716 = EDGE_CURVE('',#7709,#7717,#7719,.T.);
#7717 = VERTEX_POINT('',#7718);
#7718 = CARTESIAN_POINT('',(128.09,-71.99,1.51));
#7719 = CIRCLE('',#7720,5.999998931759);
#7720 = AXIS2_PLACEMENT_3D('',#7721,#7722,#7723);
#7721 = CARTESIAN_POINT('',(122.09000106824,-71.98999893175,1.51));
#7722 = DIRECTION('',(0.,0.,-1.));
#7723 = DIRECTION('',(-1.780402513026E-07,1.,0.));
#7724 = ORIENTED_EDGE('',*,*,#7725,.F.);
#7725 = EDGE_CURVE('',#7726,#7717,#7728,.T.);
#7726 = VERTEX_POINT('',#7727);
#7727 = CARTESIAN_POINT('',(128.09,-71.99,0.));
#7728 = LINE('',#7729,#7730);
#7729 = CARTESIAN_POINT('',(128.09,-71.99,0.));
#7730 = VECTOR('',#7731,1.);
#7731 = DIRECTION('',(0.,0.,1.));
#7732 = ORIENTED_EDGE('',*,*,#7733,.F.);
#7733 = EDGE_CURVE('',#7707,#7726,#7734,.T.);
#7734 = CIRCLE('',#7735,5.999998931759);
#7735 = AXIS2_PLACEMENT_3D('',#7736,#7737,#7738);
#7736 = CARTESIAN_POINT('',(122.09000106824,-71.98999893175,0.));
#7737 = DIRECTION('',(0.,0.,-1.));
#7738 = DIRECTION('',(-1.780402513026E-07,1.,0.));
#7739 = CYLINDRICAL_SURFACE('',#7740,5.999998931759);
#7740 = AXIS2_PLACEMENT_3D('',#7741,#7742,#7743);
#7741 = CARTESIAN_POINT('',(122.09000106824,-71.98999893175,0.));
#7742 = DIRECTION('',(0.,0.,-1.));
#7743 = DIRECTION('',(-1.780402513026E-07,1.,0.));
#7744 = ADVANCED_FACE('',(#7745),#7770,.T.);
#7745 = FACE_BOUND('',#7746,.T.);
#7746 = EDGE_LOOP('',(#7747,#7757,#7763,#7764));
#7747 = ORIENTED_EDGE('',*,*,#7748,.T.);
#7748 = EDGE_CURVE('',#7749,#7751,#7753,.T.);
#7749 = VERTEX_POINT('',#7750);
#7750 = CARTESIAN_POINT('',(102.29,-65.99,0.));
#7751 = VERTEX_POINT('',#7752);
#7752 = CARTESIAN_POINT('',(102.29,-65.99,1.51));
#7753 = LINE('',#7754,#7755);
#7754 = CARTESIAN_POINT('',(102.29,-65.99,0.));
#7755 = VECTOR('',#7756,1.);
#7756 = DIRECTION('',(0.,0.,1.));
#7757 = ORIENTED_EDGE('',*,*,#7758,.T.);
#7758 = EDGE_CURVE('',#7751,#7709,#7759,.T.);
#7759 = LINE('',#7760,#7761);
#7760 = CARTESIAN_POINT('',(102.29,-65.99,1.51));
#7761 = VECTOR('',#7762,1.);
#7762 = DIRECTION('',(1.,0.,0.));
#7763 = ORIENTED_EDGE('',*,*,#7706,.F.);
#7764 = ORIENTED_EDGE('',*,*,#7765,.F.);
#7765 = EDGE_CURVE('',#7749,#7707,#7766,.T.);
#7766 = LINE('',#7767,#7768);
#7767 = CARTESIAN_POINT('',(102.29,-65.99,0.));
#7768 = VECTOR('',#7769,1.);
#7769 = DIRECTION('',(1.,0.,0.));
#7770 = PLANE('',#7771);
#7771 = AXIS2_PLACEMENT_3D('',#7772,#7773,#7774);
#7772 = CARTESIAN_POINT('',(102.29,-65.99,0.));
#7773 = DIRECTION('',(0.,1.,0.));
#7774 = DIRECTION('',(1.,0.,0.));
#7775 = ADVANCED_FACE('',(#7776),#7801,.T.);
#7776 = FACE_BOUND('',#7777,.T.);
#7777 = EDGE_LOOP('',(#7778,#7779,#7787,#7795));
#7778 = ORIENTED_EDGE('',*,*,#7725,.T.);
#7779 = ORIENTED_EDGE('',*,*,#7780,.T.);
#7780 = EDGE_CURVE('',#7717,#7781,#7783,.T.);
#7781 = VERTEX_POINT('',#7782);
#7782 = CARTESIAN_POINT('',(128.09,-91.98,1.51));
#7783 = LINE('',#7784,#7785);
#7784 = CARTESIAN_POINT('',(128.09,-71.99,1.51));
#7785 = VECTOR('',#7786,1.);
#7786 = DIRECTION('',(0.,-1.,0.));
#7787 = ORIENTED_EDGE('',*,*,#7788,.F.);
#7788 = EDGE_CURVE('',#7789,#7781,#7791,.T.);
#7789 = VERTEX_POINT('',#7790);
#7790 = CARTESIAN_POINT('',(128.09,-91.98,0.));
#7791 = LINE('',#7792,#7793);
#7792 = CARTESIAN_POINT('',(128.09,-91.98,0.));
#7793 = VECTOR('',#7794,1.);
#7794 = DIRECTION('',(0.,0.,1.));
#7795 = ORIENTED_EDGE('',*,*,#7796,.F.);
#7796 = EDGE_CURVE('',#7726,#7789,#7797,.T.);
#7797 = LINE('',#7798,#7799);
#7798 = CARTESIAN_POINT('',(128.09,-71.99,0.));
#7799 = VECTOR('',#7800,1.);
#7800 = DIRECTION('',(0.,-1.,0.));
#7801 = PLANE('',#7802);
#7802 = AXIS2_PLACEMENT_3D('',#7803,#7804,#7805);
#7803 = CARTESIAN_POINT('',(128.09,-71.99,0.));
#7804 = DIRECTION('',(1.,0.,-0.));
#7805 = DIRECTION('',(0.,-1.,0.));
#7806 = ADVANCED_FACE('',(#7807,#7853,#7864,#7875,#7886,#7897,#7908,
    #7919,#7930,#7941,#7952,#7963,#7974,#7985,#7996,#8007,#8018,#8029,
    #8040,#8051,#8062),#8073,.F.);
#7807 = FACE_BOUND('',#7808,.F.);
#7808 = EDGE_LOOP('',(#7809,#7810,#7811,#7820,#7828,#7837,#7845,#7852));
#7809 = ORIENTED_EDGE('',*,*,#7733,.F.);
#7810 = ORIENTED_EDGE('',*,*,#7765,.F.);
#7811 = ORIENTED_EDGE('',*,*,#7812,.F.);
#7812 = EDGE_CURVE('',#7813,#7749,#7815,.T.);
#7813 = VERTEX_POINT('',#7814);
#7814 = CARTESIAN_POINT('',(96.29,-71.99,0.));
#7815 = CIRCLE('',#7816,5.999998931759);
#7816 = AXIS2_PLACEMENT_3D('',#7817,#7818,#7819);
#7817 = CARTESIAN_POINT('',(102.28999893175,-71.98999893175,0.));
#7818 = DIRECTION('',(0.,0.,-1.));
#7819 = DIRECTION('',(-1.,-1.780402560395E-07,-0.));
#7820 = ORIENTED_EDGE('',*,*,#7821,.F.);
#7821 = EDGE_CURVE('',#7822,#7813,#7824,.T.);
#7822 = VERTEX_POINT('',#7823);
#7823 = CARTESIAN_POINT('',(96.29,-91.98,0.));
#7824 = LINE('',#7825,#7826);
#7825 = CARTESIAN_POINT('',(96.29,-91.98,0.));
#7826 = VECTOR('',#7827,1.);
#7827 = DIRECTION('',(0.,1.,0.));
#7828 = ORIENTED_EDGE('',*,*,#7829,.F.);
#7829 = EDGE_CURVE('',#7830,#7822,#7832,.T.);
#7830 = VERTEX_POINT('',#7831);
#7831 = CARTESIAN_POINT('',(102.29,-97.98,0.));
#7832 = CIRCLE('',#7833,5.999998931759);
#7833 = AXIS2_PLACEMENT_3D('',#7834,#7835,#7836);
#7834 = CARTESIAN_POINT('',(102.28999893175,-91.98000106824,0.));
#7835 = DIRECTION('',(0.,0.,-1.));
#7836 = DIRECTION('',(1.78040258408E-07,-1.,0.));
#7837 = ORIENTED_EDGE('',*,*,#7838,.F.);
#7838 = EDGE_CURVE('',#7839,#7830,#7841,.T.);
#7839 = VERTEX_POINT('',#7840);
#7840 = CARTESIAN_POINT('',(122.09,-97.98,0.));
#7841 = LINE('',#7842,#7843);
#7842 = CARTESIAN_POINT('',(122.09,-97.98,0.));
#7843 = VECTOR('',#7844,1.);
#7844 = DIRECTION('',(-1.,0.,0.));
#7845 = ORIENTED_EDGE('',*,*,#7846,.F.);
#7846 = EDGE_CURVE('',#7789,#7839,#7847,.T.);
#7847 = CIRCLE('',#7848,5.999998931759);
#7848 = AXIS2_PLACEMENT_3D('',#7849,#7850,#7851);
#7849 = CARTESIAN_POINT('',(122.09000106824,-91.98000106824,0.));
#7850 = DIRECTION('',(0.,0.,-1.));
#7851 = DIRECTION('',(1.,1.780402513026E-07,0.));
#7852 = ORIENTED_EDGE('',*,*,#7796,.F.);
#7853 = FACE_BOUND('',#7854,.F.);
#7854 = EDGE_LOOP('',(#7855));
#7855 = ORIENTED_EDGE('',*,*,#7856,.T.);
#7856 = EDGE_CURVE('',#7857,#7857,#7859,.T.);
#7857 = VERTEX_POINT('',#7858);
#7858 = CARTESIAN_POINT('',(102.29,-93.58,0.));
#7859 = CIRCLE('',#7860,1.6);
#7860 = AXIS2_PLACEMENT_3D('',#7861,#7862,#7863);
#7861 = CARTESIAN_POINT('',(102.29,-91.98,0.));
#7862 = DIRECTION('',(-0.,0.,-1.));
#7863 = DIRECTION('',(8.881784197001E-15,-1.,-0.));
#7864 = FACE_BOUND('',#7865,.F.);
#7865 = EDGE_LOOP('',(#7866));
#7866 = ORIENTED_EDGE('',*,*,#7867,.T.);
#7867 = EDGE_CURVE('',#7868,#7868,#7870,.T.);
#7868 = VERTEX_POINT('',#7869);
#7869 = CARTESIAN_POINT('',(101.99,-86.77,0.));
#7870 = CIRCLE('',#7871,0.5);
#7871 = AXIS2_PLACEMENT_3D('',#7872,#7873,#7874);
#7872 = CARTESIAN_POINT('',(101.99,-86.27,0.));
#7873 = DIRECTION('',(-0.,0.,-1.));
#7874 = DIRECTION('',(-0.,-1.,0.));
#7875 = FACE_BOUND('',#7876,.F.);
#7876 = EDGE_LOOP('',(#7877));
#7877 = ORIENTED_EDGE('',*,*,#7878,.T.);
#7878 = EDGE_CURVE('',#7879,#7879,#7881,.T.);
#7879 = VERTEX_POINT('',#7880);
#7880 = CARTESIAN_POINT('',(101.99,-84.23,0.));
#7881 = CIRCLE('',#7882,0.5);
#7882 = AXIS2_PLACEMENT_3D('',#7883,#7884,#7885);
#7883 = CARTESIAN_POINT('',(101.99,-83.73,0.));
#7884 = DIRECTION('',(-0.,0.,-1.));
#7885 = DIRECTION('',(-0.,-1.,0.));
#7886 = FACE_BOUND('',#7887,.F.);
#7887 = EDGE_LOOP('',(#7888));
#7888 = ORIENTED_EDGE('',*,*,#7889,.T.);
#7889 = EDGE_CURVE('',#7890,#7890,#7892,.T.);
#7890 = VERTEX_POINT('',#7891);
#7891 = CARTESIAN_POINT('',(108.405,-84.745,0.));
#7892 = CIRCLE('',#7893,0.15);
#7893 = AXIS2_PLACEMENT_3D('',#7894,#7895,#7896);
#7894 = CARTESIAN_POINT('',(108.405,-84.595,0.));
#7895 = DIRECTION('',(-0.,0.,-1.));
#7896 = DIRECTION('',(-0.,-1.,0.));
#7897 = FACE_BOUND('',#7898,.F.);
#7898 = EDGE_LOOP('',(#7899));
#7899 = ORIENTED_EDGE('',*,*,#7900,.T.);
#7900 = EDGE_CURVE('',#7901,#7901,#7903,.T.);
#7901 = VERTEX_POINT('',#7902);
#7902 = CARTESIAN_POINT('',(115.5,-91.64,0.));
#7903 = CIRCLE('',#7904,0.15);
#7904 = AXIS2_PLACEMENT_3D('',#7905,#7906,#7907);
#7905 = CARTESIAN_POINT('',(115.5,-91.49,0.));
#7906 = DIRECTION('',(-0.,0.,-1.));
#7907 = DIRECTION('',(-0.,-1.,0.));
#7908 = FACE_BOUND('',#7909,.F.);
#7909 = EDGE_LOOP('',(#7910));
#7910 = ORIENTED_EDGE('',*,*,#7911,.T.);
#7911 = EDGE_CURVE('',#7912,#7912,#7914,.T.);
#7912 = VERTEX_POINT('',#7913);
#7913 = CARTESIAN_POINT('',(122.09,-93.58,0.));
#7914 = CIRCLE('',#7915,1.6);
#7915 = AXIS2_PLACEMENT_3D('',#7916,#7917,#7918);
#7916 = CARTESIAN_POINT('',(122.09,-91.98,0.));
#7917 = DIRECTION('',(-0.,0.,-1.));
#7918 = DIRECTION('',(-0.,-1.,0.));
#7919 = FACE_BOUND('',#7920,.F.);
#7920 = EDGE_LOOP('',(#7921));
#7921 = ORIENTED_EDGE('',*,*,#7922,.T.);
#7922 = EDGE_CURVE('',#7923,#7923,#7925,.T.);
#7923 = VERTEX_POINT('',#7924);
#7924 = CARTESIAN_POINT('',(115.427,-87.715,0.));
#7925 = CIRCLE('',#7926,0.15);
#7926 = AXIS2_PLACEMENT_3D('',#7927,#7928,#7929);
#7927 = CARTESIAN_POINT('',(115.427,-87.565,0.));
#7928 = DIRECTION('',(-0.,0.,-1.));
#7929 = DIRECTION('',(9.473903143468E-14,-1.,-0.));
#7930 = FACE_BOUND('',#7931,.F.);
#7931 = EDGE_LOOP('',(#7932));
#7932 = ORIENTED_EDGE('',*,*,#7933,.T.);
#7933 = EDGE_CURVE('',#7934,#7934,#7936,.T.);
#7934 = VERTEX_POINT('',#7935);
#7935 = CARTESIAN_POINT('',(116.277499,-84.115,0.));
#7936 = CIRCLE('',#7937,0.15);
#7937 = AXIS2_PLACEMENT_3D('',#7938,#7939,#7940);
#7938 = CARTESIAN_POINT('',(116.277499,-83.965,0.));
#7939 = DIRECTION('',(-0.,0.,-1.));
#7940 = DIRECTION('',(-0.,-1.,0.));
#7941 = FACE_BOUND('',#7942,.F.);
#7942 = EDGE_LOOP('',(#7943));
#7943 = ORIENTED_EDGE('',*,*,#7944,.T.);
#7944 = EDGE_CURVE('',#7945,#7945,#7947,.T.);
#7945 = VERTEX_POINT('',#7946);
#7946 = CARTESIAN_POINT('',(118.187499,-86.485,0.));
#7947 = CIRCLE('',#7948,0.15);
#7948 = AXIS2_PLACEMENT_3D('',#7949,#7950,#7951);
#7949 = CARTESIAN_POINT('',(118.187499,-86.335,0.));
#7950 = DIRECTION('',(-0.,0.,-1.));
#7951 = DIRECTION('',(-0.,-1.,0.));
#7952 = FACE_BOUND('',#7953,.F.);
#7953 = EDGE_LOOP('',(#7954));
#7954 = ORIENTED_EDGE('',*,*,#7955,.T.);
#7955 = EDGE_CURVE('',#7956,#7956,#7958,.T.);
#7956 = VERTEX_POINT('',#7957);
#7957 = CARTESIAN_POINT('',(101.99,-81.69,0.));
#7958 = CIRCLE('',#7959,0.5);
#7959 = AXIS2_PLACEMENT_3D('',#7960,#7961,#7962);
#7960 = CARTESIAN_POINT('',(101.99,-81.19,0.));
#7961 = DIRECTION('',(-0.,0.,-1.));
#7962 = DIRECTION('',(-0.,-1.,0.));
#7963 = FACE_BOUND('',#7964,.F.);
#7964 = EDGE_LOOP('',(#7965));
#7965 = ORIENTED_EDGE('',*,*,#7966,.T.);
#7966 = EDGE_CURVE('',#7967,#7967,#7969,.T.);
#7967 = VERTEX_POINT('',#7968);
#7968 = CARTESIAN_POINT('',(101.99,-79.15,0.));
#7969 = CIRCLE('',#7970,0.5);
#7970 = AXIS2_PLACEMENT_3D('',#7971,#7972,#7973);
#7971 = CARTESIAN_POINT('',(101.99,-78.65,0.));
#7972 = DIRECTION('',(-0.,0.,-1.));
#7973 = DIRECTION('',(-0.,-1.,0.));
#7974 = FACE_BOUND('',#7975,.F.);
#7975 = EDGE_LOOP('',(#7976));
#7976 = ORIENTED_EDGE('',*,*,#7977,.T.);
#7977 = EDGE_CURVE('',#7978,#7978,#7980,.T.);
#7978 = VERTEX_POINT('',#7979);
#7979 = CARTESIAN_POINT('',(109.93125,-76.58125,0.));
#7980 = CIRCLE('',#7981,0.15);
#7981 = AXIS2_PLACEMENT_3D('',#7982,#7983,#7984);
#7982 = CARTESIAN_POINT('',(109.93125,-76.43125,0.));
#7983 = DIRECTION('',(-0.,0.,-1.));
#7984 = DIRECTION('',(-0.,-1.,0.));
#7985 = FACE_BOUND('',#7986,.F.);
#7986 = EDGE_LOOP('',(#7987));
#7987 = ORIENTED_EDGE('',*,*,#7988,.T.);
#7988 = EDGE_CURVE('',#7989,#7989,#7991,.T.);
#7989 = VERTEX_POINT('',#7990);
#7990 = CARTESIAN_POINT('',(102.29,-73.59,0.));
#7991 = CIRCLE('',#7992,1.6);
#7992 = AXIS2_PLACEMENT_3D('',#7993,#7994,#7995);
#7993 = CARTESIAN_POINT('',(102.29,-71.99,0.));
#7994 = DIRECTION('',(-0.,0.,-1.));
#7995 = DIRECTION('',(8.881784197001E-15,-1.,-0.));
#7996 = FACE_BOUND('',#7997,.F.);
#7997 = EDGE_LOOP('',(#7998));
#7998 = ORIENTED_EDGE('',*,*,#7999,.T.);
#7999 = EDGE_CURVE('',#8000,#8000,#8002,.T.);
#8000 = VERTEX_POINT('',#8001);
#8001 = CARTESIAN_POINT('',(106.35,-71.68,0.));
#8002 = CIRCLE('',#8003,0.15);
#8003 = AXIS2_PLACEMENT_3D('',#8004,#8005,#8006);
#8004 = CARTESIAN_POINT('',(106.35,-71.53,0.));
#8005 = DIRECTION('',(-0.,0.,-1.));
#8006 = DIRECTION('',(-0.,-1.,0.));
#8007 = FACE_BOUND('',#8008,.F.);
#8008 = EDGE_LOOP('',(#8009));
#8009 = ORIENTED_EDGE('',*,*,#8010,.T.);
#8010 = EDGE_CURVE('',#8011,#8011,#8013,.T.);
#8011 = VERTEX_POINT('',#8012);
#8012 = CARTESIAN_POINT('',(109.027499,-71.785,0.));
#8013 = CIRCLE('',#8014,0.35);
#8014 = AXIS2_PLACEMENT_3D('',#8015,#8016,#8017);
#8015 = CARTESIAN_POINT('',(109.027499,-71.435,0.));
#8016 = DIRECTION('',(-0.,0.,-1.));
#8017 = DIRECTION('',(-0.,-1.,0.));
#8018 = FACE_BOUND('',#8019,.F.);
#8019 = EDGE_LOOP('',(#8020));
#8020 = ORIENTED_EDGE('',*,*,#8021,.T.);
#8021 = EDGE_CURVE('',#8022,#8022,#8024,.T.);
#8022 = VERTEX_POINT('',#8023);
#8023 = CARTESIAN_POINT('',(120.317499,-81.745,0.));
#8024 = CIRCLE('',#8025,0.15);
#8025 = AXIS2_PLACEMENT_3D('',#8026,#8027,#8028);
#8026 = CARTESIAN_POINT('',(120.317499,-81.595,0.));
#8027 = DIRECTION('',(-0.,0.,-1.));
#8028 = DIRECTION('',(-0.,-1.,0.));
#8029 = FACE_BOUND('',#8030,.F.);
#8030 = EDGE_LOOP('',(#8031));
#8031 = ORIENTED_EDGE('',*,*,#8032,.T.);
#8032 = EDGE_CURVE('',#8033,#8033,#8035,.T.);
#8033 = VERTEX_POINT('',#8034);
#8034 = CARTESIAN_POINT('',(119.5,-79.65,0.));
#8035 = CIRCLE('',#8036,0.15);
#8036 = AXIS2_PLACEMENT_3D('',#8037,#8038,#8039);
#8037 = CARTESIAN_POINT('',(119.5,-79.5,0.));
#8038 = DIRECTION('',(-0.,0.,-1.));
#8039 = DIRECTION('',(-0.,-1.,0.));
#8040 = FACE_BOUND('',#8041,.F.);
#8041 = EDGE_LOOP('',(#8042));
#8042 = ORIENTED_EDGE('',*,*,#8043,.T.);
#8043 = EDGE_CURVE('',#8044,#8044,#8046,.T.);
#8044 = VERTEX_POINT('',#8045);
#8045 = CARTESIAN_POINT('',(115.5325,-73.75,0.));
#8046 = CIRCLE('',#8047,0.15);
#8047 = AXIS2_PLACEMENT_3D('',#8048,#8049,#8050);
#8048 = CARTESIAN_POINT('',(115.5325,-73.6,0.));
#8049 = DIRECTION('',(-0.,0.,-1.));
#8050 = DIRECTION('',(-0.,-1.,0.));
#8051 = FACE_BOUND('',#8052,.F.);
#8052 = EDGE_LOOP('',(#8053));
#8053 = ORIENTED_EDGE('',*,*,#8054,.T.);
#8054 = EDGE_CURVE('',#8055,#8055,#8057,.T.);
#8055 = VERTEX_POINT('',#8056);
#8056 = CARTESIAN_POINT('',(114.107498,-71.785,0.));
#8057 = CIRCLE('',#8058,0.35);
#8058 = AXIS2_PLACEMENT_3D('',#8059,#8060,#8061);
#8059 = CARTESIAN_POINT('',(114.107498,-71.435,0.));
#8060 = DIRECTION('',(-0.,0.,-1.));
#8061 = DIRECTION('',(4.060244204343E-14,-1.,-0.));
#8062 = FACE_BOUND('',#8063,.F.);
#8063 = EDGE_LOOP('',(#8064));
#8064 = ORIENTED_EDGE('',*,*,#8065,.T.);
#8065 = EDGE_CURVE('',#8066,#8066,#8068,.T.);
#8066 = VERTEX_POINT('',#8067);
#8067 = CARTESIAN_POINT('',(122.09,-73.59,0.));
#8068 = CIRCLE('',#8069,1.6);
#8069 = AXIS2_PLACEMENT_3D('',#8070,#8071,#8072);
#8070 = CARTESIAN_POINT('',(122.09,-71.99,0.));
#8071 = DIRECTION('',(-0.,0.,-1.));
#8072 = DIRECTION('',(-0.,-1.,0.));
#8073 = PLANE('',#8074);
#8074 = AXIS2_PLACEMENT_3D('',#8075,#8076,#8077);
#8075 = CARTESIAN_POINT('',(0.,0.,0.));
#8076 = DIRECTION('',(0.,0.,1.));
#8077 = DIRECTION('',(1.,0.,-0.));
#8078 = ADVANCED_FACE('',(#8079,#8125,#8136,#8147,#8158,#8169,#8180,
    #8191,#8202,#8213,#8224,#8235,#8246,#8257,#8268,#8279,#8290,#8301,
    #8312,#8323,#8334),#8345,.T.);
#8079 = FACE_BOUND('',#8080,.T.);
#8080 = EDGE_LOOP('',(#8081,#8082,#8083,#8092,#8100,#8109,#8117,#8124));
#8081 = ORIENTED_EDGE('',*,*,#7716,.F.);
#8082 = ORIENTED_EDGE('',*,*,#7758,.F.);
#8083 = ORIENTED_EDGE('',*,*,#8084,.F.);
#8084 = EDGE_CURVE('',#8085,#7751,#8087,.T.);
#8085 = VERTEX_POINT('',#8086);
#8086 = CARTESIAN_POINT('',(96.29,-71.99,1.51));
#8087 = CIRCLE('',#8088,5.999998931759);
#8088 = AXIS2_PLACEMENT_3D('',#8089,#8090,#8091);
#8089 = CARTESIAN_POINT('',(102.28999893175,-71.98999893175,1.51));
#8090 = DIRECTION('',(0.,0.,-1.));
#8091 = DIRECTION('',(-1.,-1.780402560395E-07,-0.));
#8092 = ORIENTED_EDGE('',*,*,#8093,.F.);
#8093 = EDGE_CURVE('',#8094,#8085,#8096,.T.);
#8094 = VERTEX_POINT('',#8095);
#8095 = CARTESIAN_POINT('',(96.29,-91.98,1.51));
#8096 = LINE('',#8097,#8098);
#8097 = CARTESIAN_POINT('',(96.29,-91.98,1.51));
#8098 = VECTOR('',#8099,1.);
#8099 = DIRECTION('',(0.,1.,0.));
#8100 = ORIENTED_EDGE('',*,*,#8101,.F.);
#8101 = EDGE_CURVE('',#8102,#8094,#8104,.T.);
#8102 = VERTEX_POINT('',#8103);
#8103 = CARTESIAN_POINT('',(102.29,-97.98,1.51));
#8104 = CIRCLE('',#8105,5.999998931759);
#8105 = AXIS2_PLACEMENT_3D('',#8106,#8107,#8108);
#8106 = CARTESIAN_POINT('',(102.28999893175,-91.98000106824,1.51));
#8107 = DIRECTION('',(0.,0.,-1.));
#8108 = DIRECTION('',(1.78040258408E-07,-1.,0.));
#8109 = ORIENTED_EDGE('',*,*,#8110,.F.);
#8110 = EDGE_CURVE('',#8111,#8102,#8113,.T.);
#8111 = VERTEX_POINT('',#8112);
#8112 = CARTESIAN_POINT('',(122.09,-97.98,1.51));
#8113 = LINE('',#8114,#8115);
#8114 = CARTESIAN_POINT('',(122.09,-97.98,1.51));
#8115 = VECTOR('',#8116,1.);
#8116 = DIRECTION('',(-1.,0.,0.));
#8117 = ORIENTED_EDGE('',*,*,#8118,.F.);
#8118 = EDGE_CURVE('',#7781,#8111,#8119,.T.);
#8119 = CIRCLE('',#8120,5.999998931759);
#8120 = AXIS2_PLACEMENT_3D('',#8121,#8122,#8123);
#8121 = CARTESIAN_POINT('',(122.09000106824,-91.98000106824,1.51));
#8122 = DIRECTION('',(0.,0.,-1.));
#8123 = DIRECTION('',(1.,1.780402513026E-07,0.));
#8124 = ORIENTED_EDGE('',*,*,#7780,.F.);
#8125 = FACE_BOUND('',#8126,.T.);
#8126 = EDGE_LOOP('',(#8127));
#8127 = ORIENTED_EDGE('',*,*,#8128,.T.);
#8128 = EDGE_CURVE('',#8129,#8129,#8131,.T.);
#8129 = VERTEX_POINT('',#8130);
#8130 = CARTESIAN_POINT('',(102.29,-93.58,1.51));
#8131 = CIRCLE('',#8132,1.6);
#8132 = AXIS2_PLACEMENT_3D('',#8133,#8134,#8135);
#8133 = CARTESIAN_POINT('',(102.29,-91.98,1.51));
#8134 = DIRECTION('',(-0.,0.,-1.));
#8135 = DIRECTION('',(8.881784197001E-15,-1.,-0.));
#8136 = FACE_BOUND('',#8137,.T.);
#8137 = EDGE_LOOP('',(#8138));
#8138 = ORIENTED_EDGE('',*,*,#8139,.T.);
#8139 = EDGE_CURVE('',#8140,#8140,#8142,.T.);
#8140 = VERTEX_POINT('',#8141);
#8141 = CARTESIAN_POINT('',(101.99,-86.77,1.51));
#8142 = CIRCLE('',#8143,0.5);
#8143 = AXIS2_PLACEMENT_3D('',#8144,#8145,#8146);
#8144 = CARTESIAN_POINT('',(101.99,-86.27,1.51));
#8145 = DIRECTION('',(-0.,0.,-1.));
#8146 = DIRECTION('',(-0.,-1.,0.));
#8147 = FACE_BOUND('',#8148,.T.);
#8148 = EDGE_LOOP('',(#8149));
#8149 = ORIENTED_EDGE('',*,*,#8150,.T.);
#8150 = EDGE_CURVE('',#8151,#8151,#8153,.T.);
#8151 = VERTEX_POINT('',#8152);
#8152 = CARTESIAN_POINT('',(101.99,-84.23,1.51));
#8153 = CIRCLE('',#8154,0.5);
#8154 = AXIS2_PLACEMENT_3D('',#8155,#8156,#8157);
#8155 = CARTESIAN_POINT('',(101.99,-83.73,1.51));
#8156 = DIRECTION('',(-0.,0.,-1.));
#8157 = DIRECTION('',(-0.,-1.,0.));
#8158 = FACE_BOUND('',#8159,.T.);
#8159 = EDGE_LOOP('',(#8160));
#8160 = ORIENTED_EDGE('',*,*,#8161,.T.);
#8161 = EDGE_CURVE('',#8162,#8162,#8164,.T.);
#8162 = VERTEX_POINT('',#8163);
#8163 = CARTESIAN_POINT('',(108.405,-84.745,1.51));
#8164 = CIRCLE('',#8165,0.15);
#8165 = AXIS2_PLACEMENT_3D('',#8166,#8167,#8168);
#8166 = CARTESIAN_POINT('',(108.405,-84.595,1.51));
#8167 = DIRECTION('',(-0.,0.,-1.));
#8168 = DIRECTION('',(-0.,-1.,0.));
#8169 = FACE_BOUND('',#8170,.T.);
#8170 = EDGE_LOOP('',(#8171));
#8171 = ORIENTED_EDGE('',*,*,#8172,.T.);
#8172 = EDGE_CURVE('',#8173,#8173,#8175,.T.);
#8173 = VERTEX_POINT('',#8174);
#8174 = CARTESIAN_POINT('',(115.5,-91.64,1.51));
#8175 = CIRCLE('',#8176,0.15);
#8176 = AXIS2_PLACEMENT_3D('',#8177,#8178,#8179);
#8177 = CARTESIAN_POINT('',(115.5,-91.49,1.51));
#8178 = DIRECTION('',(-0.,0.,-1.));
#8179 = DIRECTION('',(-0.,-1.,0.));
#8180 = FACE_BOUND('',#8181,.T.);
#8181 = EDGE_LOOP('',(#8182));
#8182 = ORIENTED_EDGE('',*,*,#8183,.T.);
#8183 = EDGE_CURVE('',#8184,#8184,#8186,.T.);
#8184 = VERTEX_POINT('',#8185);
#8185 = CARTESIAN_POINT('',(122.09,-93.58,1.51));
#8186 = CIRCLE('',#8187,1.6);
#8187 = AXIS2_PLACEMENT_3D('',#8188,#8189,#8190);
#8188 = CARTESIAN_POINT('',(122.09,-91.98,1.51));
#8189 = DIRECTION('',(-0.,0.,-1.));
#8190 = DIRECTION('',(-0.,-1.,0.));
#8191 = FACE_BOUND('',#8192,.T.);
#8192 = EDGE_LOOP('',(#8193));
#8193 = ORIENTED_EDGE('',*,*,#8194,.T.);
#8194 = EDGE_CURVE('',#8195,#8195,#8197,.T.);
#8195 = VERTEX_POINT('',#8196);
#8196 = CARTESIAN_POINT('',(115.427,-87.715,1.51));
#8197 = CIRCLE('',#8198,0.15);
#8198 = AXIS2_PLACEMENT_3D('',#8199,#8200,#8201);
#8199 = CARTESIAN_POINT('',(115.427,-87.565,1.51));
#8200 = DIRECTION('',(-0.,0.,-1.));
#8201 = DIRECTION('',(9.473903143468E-14,-1.,-0.));
#8202 = FACE_BOUND('',#8203,.T.);
#8203 = EDGE_LOOP('',(#8204));
#8204 = ORIENTED_EDGE('',*,*,#8205,.T.);
#8205 = EDGE_CURVE('',#8206,#8206,#8208,.T.);
#8206 = VERTEX_POINT('',#8207);
#8207 = CARTESIAN_POINT('',(116.277499,-84.115,1.51));
#8208 = CIRCLE('',#8209,0.15);
#8209 = AXIS2_PLACEMENT_3D('',#8210,#8211,#8212);
#8210 = CARTESIAN_POINT('',(116.277499,-83.965,1.51));
#8211 = DIRECTION('',(-0.,0.,-1.));
#8212 = DIRECTION('',(-0.,-1.,0.));
#8213 = FACE_BOUND('',#8214,.T.);
#8214 = EDGE_LOOP('',(#8215));
#8215 = ORIENTED_EDGE('',*,*,#8216,.T.);
#8216 = EDGE_CURVE('',#8217,#8217,#8219,.T.);
#8217 = VERTEX_POINT('',#8218);
#8218 = CARTESIAN_POINT('',(118.187499,-86.485,1.51));
#8219 = CIRCLE('',#8220,0.15);
#8220 = AXIS2_PLACEMENT_3D('',#8221,#8222,#8223);
#8221 = CARTESIAN_POINT('',(118.187499,-86.335,1.51));
#8222 = DIRECTION('',(-0.,0.,-1.));
#8223 = DIRECTION('',(-0.,-1.,0.));
#8224 = FACE_BOUND('',#8225,.T.);
#8225 = EDGE_LOOP('',(#8226));
#8226 = ORIENTED_EDGE('',*,*,#8227,.T.);
#8227 = EDGE_CURVE('',#8228,#8228,#8230,.T.);
#8228 = VERTEX_POINT('',#8229);
#8229 = CARTESIAN_POINT('',(101.99,-81.69,1.51));
#8230 = CIRCLE('',#8231,0.5);
#8231 = AXIS2_PLACEMENT_3D('',#8232,#8233,#8234);
#8232 = CARTESIAN_POINT('',(101.99,-81.19,1.51));
#8233 = DIRECTION('',(-0.,0.,-1.));
#8234 = DIRECTION('',(-0.,-1.,0.));
#8235 = FACE_BOUND('',#8236,.T.);
#8236 = EDGE_LOOP('',(#8237));
#8237 = ORIENTED_EDGE('',*,*,#8238,.T.);
#8238 = EDGE_CURVE('',#8239,#8239,#8241,.T.);
#8239 = VERTEX_POINT('',#8240);
#8240 = CARTESIAN_POINT('',(101.99,-79.15,1.51));
#8241 = CIRCLE('',#8242,0.5);
#8242 = AXIS2_PLACEMENT_3D('',#8243,#8244,#8245);
#8243 = CARTESIAN_POINT('',(101.99,-78.65,1.51));
#8244 = DIRECTION('',(-0.,0.,-1.));
#8245 = DIRECTION('',(-0.,-1.,0.));
#8246 = FACE_BOUND('',#8247,.T.);
#8247 = EDGE_LOOP('',(#8248));
#8248 = ORIENTED_EDGE('',*,*,#8249,.T.);
#8249 = EDGE_CURVE('',#8250,#8250,#8252,.T.);
#8250 = VERTEX_POINT('',#8251);
#8251 = CARTESIAN_POINT('',(109.93125,-76.58125,1.51));
#8252 = CIRCLE('',#8253,0.15);
#8253 = AXIS2_PLACEMENT_3D('',#8254,#8255,#8256);
#8254 = CARTESIAN_POINT('',(109.93125,-76.43125,1.51));
#8255 = DIRECTION('',(-0.,0.,-1.));
#8256 = DIRECTION('',(-0.,-1.,0.));
#8257 = FACE_BOUND('',#8258,.T.);
#8258 = EDGE_LOOP('',(#8259));
#8259 = ORIENTED_EDGE('',*,*,#8260,.T.);
#8260 = EDGE_CURVE('',#8261,#8261,#8263,.T.);
#8261 = VERTEX_POINT('',#8262);
#8262 = CARTESIAN_POINT('',(102.29,-73.59,1.51));
#8263 = CIRCLE('',#8264,1.6);
#8264 = AXIS2_PLACEMENT_3D('',#8265,#8266,#8267);
#8265 = CARTESIAN_POINT('',(102.29,-71.99,1.51));
#8266 = DIRECTION('',(-0.,0.,-1.));
#8267 = DIRECTION('',(8.881784197001E-15,-1.,-0.));
#8268 = FACE_BOUND('',#8269,.T.);
#8269 = EDGE_LOOP('',(#8270));
#8270 = ORIENTED_EDGE('',*,*,#8271,.T.);
#8271 = EDGE_CURVE('',#8272,#8272,#8274,.T.);
#8272 = VERTEX_POINT('',#8273);
#8273 = CARTESIAN_POINT('',(106.35,-71.68,1.51));
#8274 = CIRCLE('',#8275,0.15);
#8275 = AXIS2_PLACEMENT_3D('',#8276,#8277,#8278);
#8276 = CARTESIAN_POINT('',(106.35,-71.53,1.51));
#8277 = DIRECTION('',(-0.,0.,-1.));
#8278 = DIRECTION('',(-0.,-1.,0.));
#8279 = FACE_BOUND('',#8280,.T.);
#8280 = EDGE_LOOP('',(#8281));
#8281 = ORIENTED_EDGE('',*,*,#8282,.T.);
#8282 = EDGE_CURVE('',#8283,#8283,#8285,.T.);
#8283 = VERTEX_POINT('',#8284);
#8284 = CARTESIAN_POINT('',(109.027499,-71.785,1.51));
#8285 = CIRCLE('',#8286,0.35);
#8286 = AXIS2_PLACEMENT_3D('',#8287,#8288,#8289);
#8287 = CARTESIAN_POINT('',(109.027499,-71.435,1.51));
#8288 = DIRECTION('',(-0.,0.,-1.));
#8289 = DIRECTION('',(-0.,-1.,0.));
#8290 = FACE_BOUND('',#8291,.T.);
#8291 = EDGE_LOOP('',(#8292));
#8292 = ORIENTED_EDGE('',*,*,#8293,.T.);
#8293 = EDGE_CURVE('',#8294,#8294,#8296,.T.);
#8294 = VERTEX_POINT('',#8295);
#8295 = CARTESIAN_POINT('',(120.317499,-81.745,1.51));
#8296 = CIRCLE('',#8297,0.15);
#8297 = AXIS2_PLACEMENT_3D('',#8298,#8299,#8300);
#8298 = CARTESIAN_POINT('',(120.317499,-81.595,1.51));
#8299 = DIRECTION('',(-0.,0.,-1.));
#8300 = DIRECTION('',(-0.,-1.,0.));
#8301 = FACE_BOUND('',#8302,.T.);
#8302 = EDGE_LOOP('',(#8303));
#8303 = ORIENTED_EDGE('',*,*,#8304,.T.);
#8304 = EDGE_CURVE('',#8305,#8305,#8307,.T.);
#8305 = VERTEX_POINT('',#8306);
#8306 = CARTESIAN_POINT('',(119.5,-79.65,1.51));
#8307 = CIRCLE('',#8308,0.15);
#8308 = AXIS2_PLACEMENT_3D('',#8309,#8310,#8311);
#8309 = CARTESIAN_POINT('',(119.5,-79.5,1.51));
#8310 = DIRECTION('',(-0.,0.,-1.));
#8311 = DIRECTION('',(-0.,-1.,0.));
#8312 = FACE_BOUND('',#8313,.T.);
#8313 = EDGE_LOOP('',(#8314));
#8314 = ORIENTED_EDGE('',*,*,#8315,.T.);
#8315 = EDGE_CURVE('',#8316,#8316,#8318,.T.);
#8316 = VERTEX_POINT('',#8317);
#8317 = CARTESIAN_POINT('',(115.5325,-73.75,1.51));
#8318 = CIRCLE('',#8319,0.15);
#8319 = AXIS2_PLACEMENT_3D('',#8320,#8321,#8322);
#8320 = CARTESIAN_POINT('',(115.5325,-73.6,1.51));
#8321 = DIRECTION('',(-0.,0.,-1.));
#8322 = DIRECTION('',(-0.,-1.,0.));
#8323 = FACE_BOUND('',#8324,.T.);
#8324 = EDGE_LOOP('',(#8325));
#8325 = ORIENTED_EDGE('',*,*,#8326,.T.);
#8326 = EDGE_CURVE('',#8327,#8327,#8329,.T.);
#8327 = VERTEX_POINT('',#8328);
#8328 = CARTESIAN_POINT('',(114.107498,-71.785,1.51));
#8329 = CIRCLE('',#8330,0.35);
#8330 = AXIS2_PLACEMENT_3D('',#8331,#8332,#8333);
#8331 = CARTESIAN_POINT('',(114.107498,-71.435,1.51));
#8332 = DIRECTION('',(-0.,0.,-1.));
#8333 = DIRECTION('',(4.060244204343E-14,-1.,-0.));
#8334 = FACE_BOUND('',#8335,.T.);
#8335 = EDGE_LOOP('',(#8336));
#8336 = ORIENTED_EDGE('',*,*,#8337,.T.);
#8337 = EDGE_CURVE('',#8338,#8338,#8340,.T.);
#8338 = VERTEX_POINT('',#8339);
#8339 = CARTESIAN_POINT('',(122.09,-73.59,1.51));
#8340 = CIRCLE('',#8341,1.6);
#8341 = AXIS2_PLACEMENT_3D('',#8342,#8343,#8344);
#8342 = CARTESIAN_POINT('',(122.09,-71.99,1.51));
#8343 = DIRECTION('',(-0.,0.,-1.));
#8344 = DIRECTION('',(-0.,-1.,0.));
#8345 = PLANE('',#8346);
#8346 = AXIS2_PLACEMENT_3D('',#8347,#8348,#8349);
#8347 = CARTESIAN_POINT('',(0.,0.,1.51));
#8348 = DIRECTION('',(0.,0.,1.));
#8349 = DIRECTION('',(1.,0.,-0.));
#8350 = ADVANCED_FACE('',(#8351),#8362,.T.);
#8351 = FACE_BOUND('',#8352,.T.);
#8352 = EDGE_LOOP('',(#8353,#8359,#8360,#8361));
#8353 = ORIENTED_EDGE('',*,*,#8354,.T.);
#8354 = EDGE_CURVE('',#7813,#8085,#8355,.T.);
#8355 = LINE('',#8356,#8357);
#8356 = CARTESIAN_POINT('',(96.29,-71.99,0.));
#8357 = VECTOR('',#8358,1.);
#8358 = DIRECTION('',(0.,0.,1.));
#8359 = ORIENTED_EDGE('',*,*,#8084,.T.);
#8360 = ORIENTED_EDGE('',*,*,#7748,.F.);
#8361 = ORIENTED_EDGE('',*,*,#7812,.F.);
#8362 = CYLINDRICAL_SURFACE('',#8363,5.999998931759);
#8363 = AXIS2_PLACEMENT_3D('',#8364,#8365,#8366);
#8364 = CARTESIAN_POINT('',(102.28999893175,-71.98999893175,0.));
#8365 = DIRECTION('',(0.,0.,-1.));
#8366 = DIRECTION('',(-1.,-1.780402560395E-07,-0.));
#8367 = ADVANCED_FACE('',(#8368),#8379,.T.);
#8368 = FACE_BOUND('',#8369,.T.);
#8369 = EDGE_LOOP('',(#8370,#8371,#8372,#8378));
#8370 = ORIENTED_EDGE('',*,*,#7788,.T.);
#8371 = ORIENTED_EDGE('',*,*,#8118,.T.);
#8372 = ORIENTED_EDGE('',*,*,#8373,.F.);
#8373 = EDGE_CURVE('',#7839,#8111,#8374,.T.);
#8374 = LINE('',#8375,#8376);
#8375 = CARTESIAN_POINT('',(122.09,-97.98,0.));
#8376 = VECTOR('',#8377,1.);
#8377 = DIRECTION('',(0.,0.,1.));
#8378 = ORIENTED_EDGE('',*,*,#7846,.F.);
#8379 = CYLINDRICAL_SURFACE('',#8380,5.999998931759);
#8380 = AXIS2_PLACEMENT_3D('',#8381,#8382,#8383);
#8381 = CARTESIAN_POINT('',(122.09000106824,-91.98000106824,0.));
#8382 = DIRECTION('',(0.,0.,-1.));
#8383 = DIRECTION('',(1.,1.780402513026E-07,0.));
#8384 = ADVANCED_FACE('',(#8385),#8396,.T.);
#8385 = FACE_BOUND('',#8386,.T.);
#8386 = EDGE_LOOP('',(#8387,#8393,#8394,#8395));
#8387 = ORIENTED_EDGE('',*,*,#8388,.T.);
#8388 = EDGE_CURVE('',#7822,#8094,#8389,.T.);
#8389 = LINE('',#8390,#8391);
#8390 = CARTESIAN_POINT('',(96.29,-91.98,0.));
#8391 = VECTOR('',#8392,1.);
#8392 = DIRECTION('',(0.,0.,1.));
#8393 = ORIENTED_EDGE('',*,*,#8093,.T.);
#8394 = ORIENTED_EDGE('',*,*,#8354,.F.);
#8395 = ORIENTED_EDGE('',*,*,#7821,.F.);
#8396 = PLANE('',#8397);
#8397 = AXIS2_PLACEMENT_3D('',#8398,#8399,#8400);
#8398 = CARTESIAN_POINT('',(96.29,-91.98,0.));
#8399 = DIRECTION('',(-1.,0.,0.));
#8400 = DIRECTION('',(0.,1.,0.));
#8401 = ADVANCED_FACE('',(#8402),#8413,.T.);
#8402 = FACE_BOUND('',#8403,.T.);
#8403 = EDGE_LOOP('',(#8404,#8405,#8406,#8412));
#8404 = ORIENTED_EDGE('',*,*,#8373,.T.);
#8405 = ORIENTED_EDGE('',*,*,#8110,.T.);
#8406 = ORIENTED_EDGE('',*,*,#8407,.F.);
#8407 = EDGE_CURVE('',#7830,#8102,#8408,.T.);
#8408 = LINE('',#8409,#8410);
#8409 = CARTESIAN_POINT('',(102.29,-97.98,0.));
#8410 = VECTOR('',#8411,1.);
#8411 = DIRECTION('',(0.,0.,1.));
#8412 = ORIENTED_EDGE('',*,*,#7838,.F.);
#8413 = PLANE('',#8414);
#8414 = AXIS2_PLACEMENT_3D('',#8415,#8416,#8417);
#8415 = CARTESIAN_POINT('',(122.09,-97.98,0.));
#8416 = DIRECTION('',(0.,-1.,0.));
#8417 = DIRECTION('',(-1.,0.,0.));
#8418 = ADVANCED_FACE('',(#8419),#8425,.T.);
#8419 = FACE_BOUND('',#8420,.T.);
#8420 = EDGE_LOOP('',(#8421,#8422,#8423,#8424));
#8421 = ORIENTED_EDGE('',*,*,#8407,.T.);
#8422 = ORIENTED_EDGE('',*,*,#8101,.T.);
#8423 = ORIENTED_EDGE('',*,*,#8388,.F.);
#8424 = ORIENTED_EDGE('',*,*,#7829,.F.);
#8425 = CYLINDRICAL_SURFACE('',#8426,5.999998931759);
#8426 = AXIS2_PLACEMENT_3D('',#8427,#8428,#8429);
#8427 = CARTESIAN_POINT('',(102.28999893175,-91.98000106824,0.));
#8428 = DIRECTION('',(0.,0.,-1.));
#8429 = DIRECTION('',(1.78040258408E-07,-1.,0.));
#8430 = ADVANCED_FACE('',(#8431),#8442,.F.);
#8431 = FACE_BOUND('',#8432,.T.);
#8432 = EDGE_LOOP('',(#8433,#8434,#8440,#8441));
#8433 = ORIENTED_EDGE('',*,*,#7856,.T.);
#8434 = ORIENTED_EDGE('',*,*,#8435,.T.);
#8435 = EDGE_CURVE('',#7857,#8129,#8436,.T.);
#8436 = LINE('',#8437,#8438);
#8437 = CARTESIAN_POINT('',(102.29,-93.58,-4.6E-02));
#8438 = VECTOR('',#8439,1.);
#8439 = DIRECTION('',(0.,0.,1.));
#8440 = ORIENTED_EDGE('',*,*,#8128,.F.);
#8441 = ORIENTED_EDGE('',*,*,#8435,.F.);
#8442 = CYLINDRICAL_SURFACE('',#8443,1.6);
#8443 = AXIS2_PLACEMENT_3D('',#8444,#8445,#8446);
#8444 = CARTESIAN_POINT('',(102.29,-91.98,-4.6E-02));
#8445 = DIRECTION('',(-0.,0.,-1.));
#8446 = DIRECTION('',(8.881784197001E-15,-1.,-0.));
#8447 = ADVANCED_FACE('',(#8448),#8459,.F.);
#8448 = FACE_BOUND('',#8449,.T.);
#8449 = EDGE_LOOP('',(#8450,#8451,#8457,#8458));
#8450 = ORIENTED_EDGE('',*,*,#7867,.T.);
#8451 = ORIENTED_EDGE('',*,*,#8452,.T.);
#8452 = EDGE_CURVE('',#7868,#8140,#8453,.T.);
#8453 = LINE('',#8454,#8455);
#8454 = CARTESIAN_POINT('',(101.99,-86.77,-4.6E-02));
#8455 = VECTOR('',#8456,1.);
#8456 = DIRECTION('',(0.,0.,1.));
#8457 = ORIENTED_EDGE('',*,*,#8139,.F.);
#8458 = ORIENTED_EDGE('',*,*,#8452,.F.);
#8459 = CYLINDRICAL_SURFACE('',#8460,0.5);
#8460 = AXIS2_PLACEMENT_3D('',#8461,#8462,#8463);
#8461 = CARTESIAN_POINT('',(101.99,-86.27,-4.6E-02));
#8462 = DIRECTION('',(-0.,-0.,-1.));
#8463 = DIRECTION('',(-0.,-1.,0.));
#8464 = ADVANCED_FACE('',(#8465),#8476,.F.);
#8465 = FACE_BOUND('',#8466,.T.);
#8466 = EDGE_LOOP('',(#8467,#8468,#8474,#8475));
#8467 = ORIENTED_EDGE('',*,*,#7878,.T.);
#8468 = ORIENTED_EDGE('',*,*,#8469,.T.);
#8469 = EDGE_CURVE('',#7879,#8151,#8470,.T.);
#8470 = LINE('',#8471,#8472);
#8471 = CARTESIAN_POINT('',(101.99,-84.23,-4.6E-02));
#8472 = VECTOR('',#8473,1.);
#8473 = DIRECTION('',(0.,0.,1.));
#8474 = ORIENTED_EDGE('',*,*,#8150,.F.);
#8475 = ORIENTED_EDGE('',*,*,#8469,.F.);
#8476 = CYLINDRICAL_SURFACE('',#8477,0.5);
#8477 = AXIS2_PLACEMENT_3D('',#8478,#8479,#8480);
#8478 = CARTESIAN_POINT('',(101.99,-83.73,-4.6E-02));
#8479 = DIRECTION('',(-0.,-0.,-1.));
#8480 = DIRECTION('',(-0.,-1.,0.));
#8481 = ADVANCED_FACE('',(#8482),#8493,.F.);
#8482 = FACE_BOUND('',#8483,.T.);
#8483 = EDGE_LOOP('',(#8484,#8485,#8491,#8492));
#8484 = ORIENTED_EDGE('',*,*,#7889,.T.);
#8485 = ORIENTED_EDGE('',*,*,#8486,.T.);
#8486 = EDGE_CURVE('',#7890,#8162,#8487,.T.);
#8487 = LINE('',#8488,#8489);
#8488 = CARTESIAN_POINT('',(108.405,-84.745,-3.6E-02));
#8489 = VECTOR('',#8490,1.);
#8490 = DIRECTION('',(0.,0.,1.));
#8491 = ORIENTED_EDGE('',*,*,#8161,.F.);
#8492 = ORIENTED_EDGE('',*,*,#8486,.F.);
#8493 = CYLINDRICAL_SURFACE('',#8494,0.15);
#8494 = AXIS2_PLACEMENT_3D('',#8495,#8496,#8497);
#8495 = CARTESIAN_POINT('',(108.405,-84.595,-3.6E-02));
#8496 = DIRECTION('',(-0.,-0.,-1.));
#8497 = DIRECTION('',(-0.,-1.,0.));
#8498 = ADVANCED_FACE('',(#8499),#8510,.F.);
#8499 = FACE_BOUND('',#8500,.T.);
#8500 = EDGE_LOOP('',(#8501,#8502,#8508,#8509));
#8501 = ORIENTED_EDGE('',*,*,#7900,.T.);
#8502 = ORIENTED_EDGE('',*,*,#8503,.T.);
#8503 = EDGE_CURVE('',#7901,#8173,#8504,.T.);
#8504 = LINE('',#8505,#8506);
#8505 = CARTESIAN_POINT('',(115.5,-91.64,-3.6E-02));
#8506 = VECTOR('',#8507,1.);
#8507 = DIRECTION('',(0.,0.,1.));
#8508 = ORIENTED_EDGE('',*,*,#8172,.F.);
#8509 = ORIENTED_EDGE('',*,*,#8503,.F.);
#8510 = CYLINDRICAL_SURFACE('',#8511,0.15);
#8511 = AXIS2_PLACEMENT_3D('',#8512,#8513,#8514);
#8512 = CARTESIAN_POINT('',(115.5,-91.49,-3.6E-02));
#8513 = DIRECTION('',(-0.,-0.,-1.));
#8514 = DIRECTION('',(-0.,-1.,0.));
#8515 = ADVANCED_FACE('',(#8516),#8527,.F.);
#8516 = FACE_BOUND('',#8517,.T.);
#8517 = EDGE_LOOP('',(#8518,#8519,#8525,#8526));
#8518 = ORIENTED_EDGE('',*,*,#7911,.T.);
#8519 = ORIENTED_EDGE('',*,*,#8520,.T.);
#8520 = EDGE_CURVE('',#7912,#8184,#8521,.T.);
#8521 = LINE('',#8522,#8523);
#8522 = CARTESIAN_POINT('',(122.09,-93.58,-4.6E-02));
#8523 = VECTOR('',#8524,1.);
#8524 = DIRECTION('',(0.,0.,1.));
#8525 = ORIENTED_EDGE('',*,*,#8183,.F.);
#8526 = ORIENTED_EDGE('',*,*,#8520,.F.);
#8527 = CYLINDRICAL_SURFACE('',#8528,1.6);
#8528 = AXIS2_PLACEMENT_3D('',#8529,#8530,#8531);
#8529 = CARTESIAN_POINT('',(122.09,-91.98,-4.6E-02));
#8530 = DIRECTION('',(-0.,-0.,-1.));
#8531 = DIRECTION('',(-0.,-1.,0.));
#8532 = ADVANCED_FACE('',(#8533),#8544,.F.);
#8533 = FACE_BOUND('',#8534,.T.);
#8534 = EDGE_LOOP('',(#8535,#8536,#8542,#8543));
#8535 = ORIENTED_EDGE('',*,*,#7922,.T.);
#8536 = ORIENTED_EDGE('',*,*,#8537,.T.);
#8537 = EDGE_CURVE('',#7923,#8195,#8538,.T.);
#8538 = LINE('',#8539,#8540);
#8539 = CARTESIAN_POINT('',(115.427,-87.715,-3.6E-02));
#8540 = VECTOR('',#8541,1.);
#8541 = DIRECTION('',(0.,0.,1.));
#8542 = ORIENTED_EDGE('',*,*,#8194,.F.);
#8543 = ORIENTED_EDGE('',*,*,#8537,.F.);
#8544 = CYLINDRICAL_SURFACE('',#8545,0.15);
#8545 = AXIS2_PLACEMENT_3D('',#8546,#8547,#8548);
#8546 = CARTESIAN_POINT('',(115.427,-87.565,-3.6E-02));
#8547 = DIRECTION('',(-0.,0.,-1.));
#8548 = DIRECTION('',(9.473903143468E-14,-1.,-0.));
#8549 = ADVANCED_FACE('',(#8550),#8561,.F.);
#8550 = FACE_BOUND('',#8551,.T.);
#8551 = EDGE_LOOP('',(#8552,#8553,#8559,#8560));
#8552 = ORIENTED_EDGE('',*,*,#7933,.T.);
#8553 = ORIENTED_EDGE('',*,*,#8554,.T.);
#8554 = EDGE_CURVE('',#7934,#8206,#8555,.T.);
#8555 = LINE('',#8556,#8557);
#8556 = CARTESIAN_POINT('',(116.277499,-84.115,-3.6E-02));
#8557 = VECTOR('',#8558,1.);
#8558 = DIRECTION('',(0.,0.,1.));
#8559 = ORIENTED_EDGE('',*,*,#8205,.F.);
#8560 = ORIENTED_EDGE('',*,*,#8554,.F.);
#8561 = CYLINDRICAL_SURFACE('',#8562,0.15);
#8562 = AXIS2_PLACEMENT_3D('',#8563,#8564,#8565);
#8563 = CARTESIAN_POINT('',(116.277499,-83.965,-3.6E-02));
#8564 = DIRECTION('',(-0.,-0.,-1.));
#8565 = DIRECTION('',(-0.,-1.,0.));
#8566 = ADVANCED_FACE('',(#8567),#8578,.F.);
#8567 = FACE_BOUND('',#8568,.T.);
#8568 = EDGE_LOOP('',(#8569,#8570,#8576,#8577));
#8569 = ORIENTED_EDGE('',*,*,#7944,.T.);
#8570 = ORIENTED_EDGE('',*,*,#8571,.T.);
#8571 = EDGE_CURVE('',#7945,#8217,#8572,.T.);
#8572 = LINE('',#8573,#8574);
#8573 = CARTESIAN_POINT('',(118.187499,-86.485,-3.6E-02));
#8574 = VECTOR('',#8575,1.);
#8575 = DIRECTION('',(0.,0.,1.));
#8576 = ORIENTED_EDGE('',*,*,#8216,.F.);
#8577 = ORIENTED_EDGE('',*,*,#8571,.F.);
#8578 = CYLINDRICAL_SURFACE('',#8579,0.15);
#8579 = AXIS2_PLACEMENT_3D('',#8580,#8581,#8582);
#8580 = CARTESIAN_POINT('',(118.187499,-86.335,-3.6E-02));
#8581 = DIRECTION('',(-0.,-0.,-1.));
#8582 = DIRECTION('',(-0.,-1.,0.));
#8583 = ADVANCED_FACE('',(#8584),#8595,.F.);
#8584 = FACE_BOUND('',#8585,.T.);
#8585 = EDGE_LOOP('',(#8586,#8587,#8593,#8594));
#8586 = ORIENTED_EDGE('',*,*,#7955,.T.);
#8587 = ORIENTED_EDGE('',*,*,#8588,.T.);
#8588 = EDGE_CURVE('',#7956,#8228,#8589,.T.);
#8589 = LINE('',#8590,#8591);
#8590 = CARTESIAN_POINT('',(101.99,-81.69,-4.6E-02));
#8591 = VECTOR('',#8592,1.);
#8592 = DIRECTION('',(0.,0.,1.));
#8593 = ORIENTED_EDGE('',*,*,#8227,.F.);
#8594 = ORIENTED_EDGE('',*,*,#8588,.F.);
#8595 = CYLINDRICAL_SURFACE('',#8596,0.5);
#8596 = AXIS2_PLACEMENT_3D('',#8597,#8598,#8599);
#8597 = CARTESIAN_POINT('',(101.99,-81.19,-4.6E-02));
#8598 = DIRECTION('',(-0.,-0.,-1.));
#8599 = DIRECTION('',(-0.,-1.,0.));
#8600 = ADVANCED_FACE('',(#8601),#8612,.F.);
#8601 = FACE_BOUND('',#8602,.T.);
#8602 = EDGE_LOOP('',(#8603,#8604,#8610,#8611));
#8603 = ORIENTED_EDGE('',*,*,#7966,.T.);
#8604 = ORIENTED_EDGE('',*,*,#8605,.T.);
#8605 = EDGE_CURVE('',#7967,#8239,#8606,.T.);
#8606 = LINE('',#8607,#8608);
#8607 = CARTESIAN_POINT('',(101.99,-79.15,-4.6E-02));
#8608 = VECTOR('',#8609,1.);
#8609 = DIRECTION('',(0.,0.,1.));
#8610 = ORIENTED_EDGE('',*,*,#8238,.F.);
#8611 = ORIENTED_EDGE('',*,*,#8605,.F.);
#8612 = CYLINDRICAL_SURFACE('',#8613,0.5);
#8613 = AXIS2_PLACEMENT_3D('',#8614,#8615,#8616);
#8614 = CARTESIAN_POINT('',(101.99,-78.65,-4.6E-02));
#8615 = DIRECTION('',(-0.,-0.,-1.));
#8616 = DIRECTION('',(-0.,-1.,0.));
#8617 = ADVANCED_FACE('',(#8618),#8629,.F.);
#8618 = FACE_BOUND('',#8619,.T.);
#8619 = EDGE_LOOP('',(#8620,#8621,#8627,#8628));
#8620 = ORIENTED_EDGE('',*,*,#7977,.T.);
#8621 = ORIENTED_EDGE('',*,*,#8622,.T.);
#8622 = EDGE_CURVE('',#7978,#8250,#8623,.T.);
#8623 = LINE('',#8624,#8625);
#8624 = CARTESIAN_POINT('',(109.93125,-76.58125,-3.6E-02));
#8625 = VECTOR('',#8626,1.);
#8626 = DIRECTION('',(0.,0.,1.));
#8627 = ORIENTED_EDGE('',*,*,#8249,.F.);
#8628 = ORIENTED_EDGE('',*,*,#8622,.F.);
#8629 = CYLINDRICAL_SURFACE('',#8630,0.15);
#8630 = AXIS2_PLACEMENT_3D('',#8631,#8632,#8633);
#8631 = CARTESIAN_POINT('',(109.93125,-76.43125,-3.6E-02));
#8632 = DIRECTION('',(-0.,-0.,-1.));
#8633 = DIRECTION('',(-0.,-1.,0.));
#8634 = ADVANCED_FACE('',(#8635),#8646,.F.);
#8635 = FACE_BOUND('',#8636,.T.);
#8636 = EDGE_LOOP('',(#8637,#8638,#8644,#8645));
#8637 = ORIENTED_EDGE('',*,*,#7988,.T.);
#8638 = ORIENTED_EDGE('',*,*,#8639,.T.);
#8639 = EDGE_CURVE('',#7989,#8261,#8640,.T.);
#8640 = LINE('',#8641,#8642);
#8641 = CARTESIAN_POINT('',(102.29,-73.59,-4.6E-02));
#8642 = VECTOR('',#8643,1.);
#8643 = DIRECTION('',(0.,0.,1.));
#8644 = ORIENTED_EDGE('',*,*,#8260,.F.);
#8645 = ORIENTED_EDGE('',*,*,#8639,.F.);
#8646 = CYLINDRICAL_SURFACE('',#8647,1.6);
#8647 = AXIS2_PLACEMENT_3D('',#8648,#8649,#8650);
#8648 = CARTESIAN_POINT('',(102.29,-71.99,-4.6E-02));
#8649 = DIRECTION('',(-0.,0.,-1.));
#8650 = DIRECTION('',(8.881784197001E-15,-1.,-0.));
#8651 = ADVANCED_FACE('',(#8652),#8663,.F.);
#8652 = FACE_BOUND('',#8653,.T.);
#8653 = EDGE_LOOP('',(#8654,#8655,#8661,#8662));
#8654 = ORIENTED_EDGE('',*,*,#7999,.T.);
#8655 = ORIENTED_EDGE('',*,*,#8656,.T.);
#8656 = EDGE_CURVE('',#8000,#8272,#8657,.T.);
#8657 = LINE('',#8658,#8659);
#8658 = CARTESIAN_POINT('',(106.35,-71.68,-3.6E-02));
#8659 = VECTOR('',#8660,1.);
#8660 = DIRECTION('',(0.,0.,1.));
#8661 = ORIENTED_EDGE('',*,*,#8271,.F.);
#8662 = ORIENTED_EDGE('',*,*,#8656,.F.);
#8663 = CYLINDRICAL_SURFACE('',#8664,0.15);
#8664 = AXIS2_PLACEMENT_3D('',#8665,#8666,#8667);
#8665 = CARTESIAN_POINT('',(106.35,-71.53,-3.6E-02));
#8666 = DIRECTION('',(-0.,-0.,-1.));
#8667 = DIRECTION('',(-0.,-1.,0.));
#8668 = ADVANCED_FACE('',(#8669),#8680,.F.);
#8669 = FACE_BOUND('',#8670,.T.);
#8670 = EDGE_LOOP('',(#8671,#8672,#8678,#8679));
#8671 = ORIENTED_EDGE('',*,*,#8010,.T.);
#8672 = ORIENTED_EDGE('',*,*,#8673,.T.);
#8673 = EDGE_CURVE('',#8011,#8283,#8674,.T.);
#8674 = LINE('',#8675,#8676);
#8675 = CARTESIAN_POINT('',(109.027499,-71.785,-4.6E-02));
#8676 = VECTOR('',#8677,1.);
#8677 = DIRECTION('',(0.,0.,1.));
#8678 = ORIENTED_EDGE('',*,*,#8282,.F.);
#8679 = ORIENTED_EDGE('',*,*,#8673,.F.);
#8680 = CYLINDRICAL_SURFACE('',#8681,0.35);
#8681 = AXIS2_PLACEMENT_3D('',#8682,#8683,#8684);
#8682 = CARTESIAN_POINT('',(109.027499,-71.435,-4.6E-02));
#8683 = DIRECTION('',(-0.,-0.,-1.));
#8684 = DIRECTION('',(-0.,-1.,0.));
#8685 = ADVANCED_FACE('',(#8686),#8697,.F.);
#8686 = FACE_BOUND('',#8687,.T.);
#8687 = EDGE_LOOP('',(#8688,#8689,#8695,#8696));
#8688 = ORIENTED_EDGE('',*,*,#8021,.T.);
#8689 = ORIENTED_EDGE('',*,*,#8690,.T.);
#8690 = EDGE_CURVE('',#8022,#8294,#8691,.T.);
#8691 = LINE('',#8692,#8693);
#8692 = CARTESIAN_POINT('',(120.317499,-81.745,-3.6E-02));
#8693 = VECTOR('',#8694,1.);
#8694 = DIRECTION('',(0.,0.,1.));
#8695 = ORIENTED_EDGE('',*,*,#8293,.F.);
#8696 = ORIENTED_EDGE('',*,*,#8690,.F.);
#8697 = CYLINDRICAL_SURFACE('',#8698,0.15);
#8698 = AXIS2_PLACEMENT_3D('',#8699,#8700,#8701);
#8699 = CARTESIAN_POINT('',(120.317499,-81.595,-3.6E-02));
#8700 = DIRECTION('',(-0.,-0.,-1.));
#8701 = DIRECTION('',(-0.,-1.,0.));
#8702 = ADVANCED_FACE('',(#8703),#8714,.F.);
#8703 = FACE_BOUND('',#8704,.T.);
#8704 = EDGE_LOOP('',(#8705,#8706,#8712,#8713));
#8705 = ORIENTED_EDGE('',*,*,#8032,.T.);
#8706 = ORIENTED_EDGE('',*,*,#8707,.T.);
#8707 = EDGE_CURVE('',#8033,#8305,#8708,.T.);
#8708 = LINE('',#8709,#8710);
#8709 = CARTESIAN_POINT('',(119.5,-79.65,-3.6E-02));
#8710 = VECTOR('',#8711,1.);
#8711 = DIRECTION('',(0.,0.,1.));
#8712 = ORIENTED_EDGE('',*,*,#8304,.F.);
#8713 = ORIENTED_EDGE('',*,*,#8707,.F.);
#8714 = CYLINDRICAL_SURFACE('',#8715,0.15);
#8715 = AXIS2_PLACEMENT_3D('',#8716,#8717,#8718);
#8716 = CARTESIAN_POINT('',(119.5,-79.5,-3.6E-02));
#8717 = DIRECTION('',(-0.,-0.,-1.));
#8718 = DIRECTION('',(-0.,-1.,0.));
#8719 = ADVANCED_FACE('',(#8720),#8731,.F.);
#8720 = FACE_BOUND('',#8721,.T.);
#8721 = EDGE_LOOP('',(#8722,#8723,#8729,#8730));
#8722 = ORIENTED_EDGE('',*,*,#8043,.T.);
#8723 = ORIENTED_EDGE('',*,*,#8724,.T.);
#8724 = EDGE_CURVE('',#8044,#8316,#8725,.T.);
#8725 = LINE('',#8726,#8727);
#8726 = CARTESIAN_POINT('',(115.5325,-73.75,-3.6E-02));
#8727 = VECTOR('',#8728,1.);
#8728 = DIRECTION('',(0.,0.,1.));
#8729 = ORIENTED_EDGE('',*,*,#8315,.F.);
#8730 = ORIENTED_EDGE('',*,*,#8724,.F.);
#8731 = CYLINDRICAL_SURFACE('',#8732,0.15);
#8732 = AXIS2_PLACEMENT_3D('',#8733,#8734,#8735);
#8733 = CARTESIAN_POINT('',(115.5325,-73.6,-3.6E-02));
#8734 = DIRECTION('',(-0.,-0.,-1.));
#8735 = DIRECTION('',(-0.,-1.,0.));
#8736 = ADVANCED_FACE('',(#8737),#8748,.F.);
#8737 = FACE_BOUND('',#8738,.T.);
#8738 = EDGE_LOOP('',(#8739,#8740,#8746,#8747));
#8739 = ORIENTED_EDGE('',*,*,#8054,.T.);
#8740 = ORIENTED_EDGE('',*,*,#8741,.T.);
#8741 = EDGE_CURVE('',#8055,#8327,#8742,.T.);
#8742 = LINE('',#8743,#8744);
#8743 = CARTESIAN_POINT('',(114.107498,-71.785,-4.6E-02));
#8744 = VECTOR('',#8745,1.);
#8745 = DIRECTION('',(0.,0.,1.));
#8746 = ORIENTED_EDGE('',*,*,#8326,.F.);
#8747 = ORIENTED_EDGE('',*,*,#8741,.F.);
#8748 = CYLINDRICAL_SURFACE('',#8749,0.35);
#8749 = AXIS2_PLACEMENT_3D('',#8750,#8751,#8752);
#8750 = CARTESIAN_POINT('',(114.107498,-71.435,-4.6E-02));
#8751 = DIRECTION('',(-0.,0.,-1.));
#8752 = DIRECTION('',(4.060244204343E-14,-1.,-0.));
#8753 = ADVANCED_FACE('',(#8754),#8765,.F.);
#8754 = FACE_BOUND('',#8755,.T.);
#8755 = EDGE_LOOP('',(#8756,#8757,#8763,#8764));
#8756 = ORIENTED_EDGE('',*,*,#8065,.T.);
#8757 = ORIENTED_EDGE('',*,*,#8758,.T.);
#8758 = EDGE_CURVE('',#8066,#8338,#8759,.T.);
#8759 = LINE('',#8760,#8761);
#8760 = CARTESIAN_POINT('',(122.09,-73.59,-4.6E-02));
#8761 = VECTOR('',#8762,1.);
#8762 = DIRECTION('',(0.,0.,1.));
#8763 = ORIENTED_EDGE('',*,*,#8337,.F.);
#8764 = ORIENTED_EDGE('',*,*,#8758,.F.);
#8765 = CYLINDRICAL_SURFACE('',#8766,1.6);
#8766 = AXIS2_PLACEMENT_3D('',#8767,#8768,#8769);
#8767 = CARTESIAN_POINT('',(122.09,-71.99,-4.6E-02));
#8768 = DIRECTION('',(-0.,-0.,-1.));
#8769 = DIRECTION('',(-0.,-1.,0.));
#8770 = ( GEOMETRIC_REPRESENTATION_CONTEXT(3) 
GLOBAL_UNCERTAINTY_ASSIGNED_CONTEXT((#8774)) 
GLOBAL_UNIT_ASSIGNED_CONTEXT((#8771,#8772,#8773)) REPRESENTATION_CONTEXT
('Context #1','3D Context with UNIT and UNCERTAINTY') );
#8771 = ( LENGTH_UNIT() NAMED_UNIT(*) SI_UNIT(.MILLI.,.METRE.) );
#8772 = ( NAMED_UNIT(*) PLANE_ANGLE_UNIT() SI_UNIT($,.RADIAN.) );
#8773 = ( NAMED_UNIT(*) SI_UNIT($,.STERADIAN.) SOLID_ANGLE_UNIT() );
#8774 = UNCERTAINTY_MEASURE_WITH_UNIT(LENGTH_MEASURE(1.E-07),#8771,
  'distance_accuracy_value','confusion accuracy');
#8775 = CONTEXT_DEPENDENT_SHAPE_REPRESENTATION(#8776,#8778);
#8776 = ( REPRESENTATION_RELATIONSHIP('','',#7699,#10) 
REPRESENTATION_RELATIONSHIP_WITH_TRANSFORMATION(#8777) 
SHAPE_REPRESENTATION_RELATIONSHIP() );
#8777 = ITEM_DEFINED_TRANSFORMATION('','',#11,#87);
#8778 = PRODUCT_DEFINITION_SHAPE('Placement','Placement of an item',
  #8779);
#8779 = NEXT_ASSEMBLY_USAGE_OCCURRENCE('24','=>[0:1:1:12]','',#5,#7694,$
  );
#8780 = PRODUCT_RELATED_PRODUCT_CATEGORY('part',$,(#7696));
#8781 = MECHANICAL_DESIGN_GEOMETRIC_PRESENTATION_REPRESENTATION('',(
    #8782,#8790,#8797,#8804,#8811,#8818,#8825,#8832,#8839,#8846,#8853,
    #8860,#8867,#8874,#8881,#8888,#8895,#8902,#8909,#8916,#8923,#8930,
    #8937,#8944,#8951,#8958,#8965,#8972,#8979,#8987,#8994,#9001,#9008,
    #9015,#9022,#9029,#9036,#9043,#9050,#9057,#9064,#9071,#9078,#9085,
    #9092,#9099,#9106,#9113,#9120,#9127,#9134,#9141,#9148,#9155,#9162,
    #9169,#9176,#9183,#9190,#9197,#9204,#9211,#9218,#9225,#9232,#9239,
    #9246,#9253,#9260,#9267,#9274,#9281,#9288,#9295,#9302,#9309,#9316,
    #9323,#9330,#9337,#9344,#9351,#9358,#9365,#9372,#9379,#9386,#9393,
    #9400,#9407,#9414,#9421,#9428,#9435,#9442,#9449,#9456,#9463,#9470,
    #9477),#4646);
#8782 = STYLED_ITEM('color',(#8783),#1868);
#8783 = PRESENTATION_STYLE_ASSIGNMENT((#8784));
#8784 = SURFACE_STYLE_USAGE(.BOTH.,#8785);
#8785 = SURFACE_SIDE_STYLE('',(#8786));
#8786 = SURFACE_STYLE_FILL_AREA(#8787);
#8787 = FILL_AREA_STYLE('',(#8788));
#8788 = FILL_AREA_STYLE_COLOUR('',#8789);
#8789 = COLOUR_RGB('',0.147999998088,0.144999993226,0.144999993226);
#8790 = STYLED_ITEM('color',(#8791),#1908);
#8791 = PRESENTATION_STYLE_ASSIGNMENT((#8792));
#8792 = SURFACE_STYLE_USAGE(.BOTH.,#8793);
#8793 = SURFACE_SIDE_STYLE('',(#8794));
#8794 = SURFACE_STYLE_FILL_AREA(#8795);
#8795 = FILL_AREA_STYLE('',(#8796));
#8796 = FILL_AREA_STYLE_COLOUR('',#8789);
#8797 = STYLED_ITEM('color',(#8798),#1939);
#8798 = PRESENTATION_STYLE_ASSIGNMENT((#8799));
#8799 = SURFACE_STYLE_USAGE(.BOTH.,#8800);
#8800 = SURFACE_SIDE_STYLE('',(#8801));
#8801 = SURFACE_STYLE_FILL_AREA(#8802);
#8802 = FILL_AREA_STYLE('',(#8803));
#8803 = FILL_AREA_STYLE_COLOUR('',#8789);
#8804 = STYLED_ITEM('color',(#8805),#1970);
#8805 = PRESENTATION_STYLE_ASSIGNMENT((#8806));
#8806 = SURFACE_STYLE_USAGE(.BOTH.,#8807);
#8807 = SURFACE_SIDE_STYLE('',(#8808));
#8808 = SURFACE_STYLE_FILL_AREA(#8809);
#8809 = FILL_AREA_STYLE('',(#8810));
#8810 = FILL_AREA_STYLE_COLOUR('',#8789);
#8811 = STYLED_ITEM('color',(#8812),#2299);
#8812 = PRESENTATION_STYLE_ASSIGNMENT((#8813));
#8813 = SURFACE_STYLE_USAGE(.BOTH.,#8814);
#8814 = SURFACE_SIDE_STYLE('',(#8815));
#8815 = SURFACE_STYLE_FILL_AREA(#8816);
#8816 = FILL_AREA_STYLE('',(#8817));
#8817 = FILL_AREA_STYLE_COLOUR('',#8789);
#8818 = STYLED_ITEM('color',(#8819),#2628);
#8819 = PRESENTATION_STYLE_ASSIGNMENT((#8820));
#8820 = SURFACE_STYLE_USAGE(.BOTH.,#8821);
#8821 = SURFACE_SIDE_STYLE('',(#8822));
#8822 = SURFACE_STYLE_FILL_AREA(#8823);
#8823 = FILL_AREA_STYLE('',(#8824));
#8824 = FILL_AREA_STYLE_COLOUR('',#8789);
#8825 = STYLED_ITEM('color',(#8826),#2645);
#8826 = PRESENTATION_STYLE_ASSIGNMENT((#8827));
#8827 = SURFACE_STYLE_USAGE(.BOTH.,#8828);
#8828 = SURFACE_SIDE_STYLE('',(#8829));
#8829 = SURFACE_STYLE_FILL_AREA(#8830);
#8830 = FILL_AREA_STYLE('',(#8831));
#8831 = FILL_AREA_STYLE_COLOUR('',#8789);
#8832 = STYLED_ITEM('color',(#8833),#2662);
#8833 = PRESENTATION_STYLE_ASSIGNMENT((#8834));
#8834 = SURFACE_STYLE_USAGE(.BOTH.,#8835);
#8835 = SURFACE_SIDE_STYLE('',(#8836));
#8836 = SURFACE_STYLE_FILL_AREA(#8837);
#8837 = FILL_AREA_STYLE('',(#8838));
#8838 = FILL_AREA_STYLE_COLOUR('',#8789);
#8839 = STYLED_ITEM('color',(#8840),#2679);
#8840 = PRESENTATION_STYLE_ASSIGNMENT((#8841));
#8841 = SURFACE_STYLE_USAGE(.BOTH.,#8842);
#8842 = SURFACE_SIDE_STYLE('',(#8843));
#8843 = SURFACE_STYLE_FILL_AREA(#8844);
#8844 = FILL_AREA_STYLE('',(#8845));
#8845 = FILL_AREA_STYLE_COLOUR('',#8789);
#8846 = STYLED_ITEM('color',(#8847),#2696);
#8847 = PRESENTATION_STYLE_ASSIGNMENT((#8848));
#8848 = SURFACE_STYLE_USAGE(.BOTH.,#8849);
#8849 = SURFACE_SIDE_STYLE('',(#8850));
#8850 = SURFACE_STYLE_FILL_AREA(#8851);
#8851 = FILL_AREA_STYLE('',(#8852));
#8852 = FILL_AREA_STYLE_COLOUR('',#8789);
#8853 = STYLED_ITEM('color',(#8854),#2713);
#8854 = PRESENTATION_STYLE_ASSIGNMENT((#8855));
#8855 = SURFACE_STYLE_USAGE(.BOTH.,#8856);
#8856 = SURFACE_SIDE_STYLE('',(#8857));
#8857 = SURFACE_STYLE_FILL_AREA(#8858);
#8858 = FILL_AREA_STYLE('',(#8859));
#8859 = FILL_AREA_STYLE_COLOUR('',#8789);
#8860 = STYLED_ITEM('color',(#8861),#2730);
#8861 = PRESENTATION_STYLE_ASSIGNMENT((#8862));
#8862 = SURFACE_STYLE_USAGE(.BOTH.,#8863);
#8863 = SURFACE_SIDE_STYLE('',(#8864));
#8864 = SURFACE_STYLE_FILL_AREA(#8865);
#8865 = FILL_AREA_STYLE('',(#8866));
#8866 = FILL_AREA_STYLE_COLOUR('',#8789);
#8867 = STYLED_ITEM('color',(#8868),#2747);
#8868 = PRESENTATION_STYLE_ASSIGNMENT((#8869));
#8869 = SURFACE_STYLE_USAGE(.BOTH.,#8870);
#8870 = SURFACE_SIDE_STYLE('',(#8871));
#8871 = SURFACE_STYLE_FILL_AREA(#8872);
#8872 = FILL_AREA_STYLE('',(#8873));
#8873 = FILL_AREA_STYLE_COLOUR('',#8789);
#8874 = STYLED_ITEM('color',(#8875),#2764);
#8875 = PRESENTATION_STYLE_ASSIGNMENT((#8876));
#8876 = SURFACE_STYLE_USAGE(.BOTH.,#8877);
#8877 = SURFACE_SIDE_STYLE('',(#8878));
#8878 = SURFACE_STYLE_FILL_AREA(#8879);
#8879 = FILL_AREA_STYLE('',(#8880));
#8880 = FILL_AREA_STYLE_COLOUR('',#8789);
#8881 = STYLED_ITEM('color',(#8882),#2781);
#8882 = PRESENTATION_STYLE_ASSIGNMENT((#8883));
#8883 = SURFACE_STYLE_USAGE(.BOTH.,#8884);
#8884 = SURFACE_SIDE_STYLE('',(#8885));
#8885 = SURFACE_STYLE_FILL_AREA(#8886);
#8886 = FILL_AREA_STYLE('',(#8887));
#8887 = FILL_AREA_STYLE_COLOUR('',#8789);
#8888 = STYLED_ITEM('color',(#8889),#2798);
#8889 = PRESENTATION_STYLE_ASSIGNMENT((#8890));
#8890 = SURFACE_STYLE_USAGE(.BOTH.,#8891);
#8891 = SURFACE_SIDE_STYLE('',(#8892));
#8892 = SURFACE_STYLE_FILL_AREA(#8893);
#8893 = FILL_AREA_STYLE('',(#8894));
#8894 = FILL_AREA_STYLE_COLOUR('',#8789);
#8895 = STYLED_ITEM('color',(#8896),#2815);
#8896 = PRESENTATION_STYLE_ASSIGNMENT((#8897));
#8897 = SURFACE_STYLE_USAGE(.BOTH.,#8898);
#8898 = SURFACE_SIDE_STYLE('',(#8899));
#8899 = SURFACE_STYLE_FILL_AREA(#8900);
#8900 = FILL_AREA_STYLE('',(#8901));
#8901 = FILL_AREA_STYLE_COLOUR('',#8789);
#8902 = STYLED_ITEM('color',(#8903),#2832);
#8903 = PRESENTATION_STYLE_ASSIGNMENT((#8904));
#8904 = SURFACE_STYLE_USAGE(.BOTH.,#8905);
#8905 = SURFACE_SIDE_STYLE('',(#8906));
#8906 = SURFACE_STYLE_FILL_AREA(#8907);
#8907 = FILL_AREA_STYLE('',(#8908));
#8908 = FILL_AREA_STYLE_COLOUR('',#8789);
#8909 = STYLED_ITEM('color',(#8910),#2849);
#8910 = PRESENTATION_STYLE_ASSIGNMENT((#8911));
#8911 = SURFACE_STYLE_USAGE(.BOTH.,#8912);
#8912 = SURFACE_SIDE_STYLE('',(#8913));
#8913 = SURFACE_STYLE_FILL_AREA(#8914);
#8914 = FILL_AREA_STYLE('',(#8915));
#8915 = FILL_AREA_STYLE_COLOUR('',#8789);
#8916 = STYLED_ITEM('color',(#8917),#2866);
#8917 = PRESENTATION_STYLE_ASSIGNMENT((#8918));
#8918 = SURFACE_STYLE_USAGE(.BOTH.,#8919);
#8919 = SURFACE_SIDE_STYLE('',(#8920));
#8920 = SURFACE_STYLE_FILL_AREA(#8921);
#8921 = FILL_AREA_STYLE('',(#8922));
#8922 = FILL_AREA_STYLE_COLOUR('',#8789);
#8923 = STYLED_ITEM('color',(#8924),#2883);
#8924 = PRESENTATION_STYLE_ASSIGNMENT((#8925));
#8925 = SURFACE_STYLE_USAGE(.BOTH.,#8926);
#8926 = SURFACE_SIDE_STYLE('',(#8927));
#8927 = SURFACE_STYLE_FILL_AREA(#8928);
#8928 = FILL_AREA_STYLE('',(#8929));
#8929 = FILL_AREA_STYLE_COLOUR('',#8789);
#8930 = STYLED_ITEM('color',(#8931),#2900);
#8931 = PRESENTATION_STYLE_ASSIGNMENT((#8932));
#8932 = SURFACE_STYLE_USAGE(.BOTH.,#8933);
#8933 = SURFACE_SIDE_STYLE('',(#8934));
#8934 = SURFACE_STYLE_FILL_AREA(#8935);
#8935 = FILL_AREA_STYLE('',(#8936));
#8936 = FILL_AREA_STYLE_COLOUR('',#8789);
#8937 = STYLED_ITEM('color',(#8938),#2917);
#8938 = PRESENTATION_STYLE_ASSIGNMENT((#8939));
#8939 = SURFACE_STYLE_USAGE(.BOTH.,#8940);
#8940 = SURFACE_SIDE_STYLE('',(#8941));
#8941 = SURFACE_STYLE_FILL_AREA(#8942);
#8942 = FILL_AREA_STYLE('',(#8943));
#8943 = FILL_AREA_STYLE_COLOUR('',#8789);
#8944 = STYLED_ITEM('color',(#8945),#2934);
#8945 = PRESENTATION_STYLE_ASSIGNMENT((#8946));
#8946 = SURFACE_STYLE_USAGE(.BOTH.,#8947);
#8947 = SURFACE_SIDE_STYLE('',(#8948));
#8948 = SURFACE_STYLE_FILL_AREA(#8949);
#8949 = FILL_AREA_STYLE('',(#8950));
#8950 = FILL_AREA_STYLE_COLOUR('',#8789);
#8951 = STYLED_ITEM('color',(#8952),#2951);
#8952 = PRESENTATION_STYLE_ASSIGNMENT((#8953));
#8953 = SURFACE_STYLE_USAGE(.BOTH.,#8954);
#8954 = SURFACE_SIDE_STYLE('',(#8955));
#8955 = SURFACE_STYLE_FILL_AREA(#8956);
#8956 = FILL_AREA_STYLE('',(#8957));
#8957 = FILL_AREA_STYLE_COLOUR('',#8789);
#8958 = STYLED_ITEM('color',(#8959),#2968);
#8959 = PRESENTATION_STYLE_ASSIGNMENT((#8960));
#8960 = SURFACE_STYLE_USAGE(.BOTH.,#8961);
#8961 = SURFACE_SIDE_STYLE('',(#8962));
#8962 = SURFACE_STYLE_FILL_AREA(#8963);
#8963 = FILL_AREA_STYLE('',(#8964));
#8964 = FILL_AREA_STYLE_COLOUR('',#8789);
#8965 = STYLED_ITEM('color',(#8966),#2985);
#8966 = PRESENTATION_STYLE_ASSIGNMENT((#8967));
#8967 = SURFACE_STYLE_USAGE(.BOTH.,#8968);
#8968 = SURFACE_SIDE_STYLE('',(#8969));
#8969 = SURFACE_STYLE_FILL_AREA(#8970);
#8970 = FILL_AREA_STYLE('',(#8971));
#8971 = FILL_AREA_STYLE_COLOUR('',#8789);
#8972 = STYLED_ITEM('color',(#8973),#3002);
#8973 = PRESENTATION_STYLE_ASSIGNMENT((#8974));
#8974 = SURFACE_STYLE_USAGE(.BOTH.,#8975);
#8975 = SURFACE_SIDE_STYLE('',(#8976));
#8976 = SURFACE_STYLE_FILL_AREA(#8977);
#8977 = FILL_AREA_STYLE('',(#8978));
#8978 = FILL_AREA_STYLE_COLOUR('',#8789);
#8979 = STYLED_ITEM('color',(#8980),#3014);
#8980 = PRESENTATION_STYLE_ASSIGNMENT((#8981));
#8981 = SURFACE_STYLE_USAGE(.BOTH.,#8982);
#8982 = SURFACE_SIDE_STYLE('',(#8983));
#8983 = SURFACE_STYLE_FILL_AREA(#8984);
#8984 = FILL_AREA_STYLE('',(#8985));
#8985 = FILL_AREA_STYLE_COLOUR('',#8986);
#8986 = COLOUR_RGB('',0.859000020776,0.737999965183,0.495999988746);
#8987 = STYLED_ITEM('color',(#8988),#3045);
#8988 = PRESENTATION_STYLE_ASSIGNMENT((#8989));
#8989 = SURFACE_STYLE_USAGE(.BOTH.,#8990);
#8990 = SURFACE_SIDE_STYLE('',(#8991));
#8991 = SURFACE_STYLE_FILL_AREA(#8992);
#8992 = FILL_AREA_STYLE('',(#8993));
#8993 = FILL_AREA_STYLE_COLOUR('',#8986);
#8994 = STYLED_ITEM('color',(#8995),#3069);
#8995 = PRESENTATION_STYLE_ASSIGNMENT((#8996));
#8996 = SURFACE_STYLE_USAGE(.BOTH.,#8997);
#8997 = SURFACE_SIDE_STYLE('',(#8998));
#8998 = SURFACE_STYLE_FILL_AREA(#8999);
#8999 = FILL_AREA_STYLE('',(#9000));
#9000 = FILL_AREA_STYLE_COLOUR('',#8986);
#9001 = STYLED_ITEM('color',(#9002),#3093);
#9002 = PRESENTATION_STYLE_ASSIGNMENT((#9003));
#9003 = SURFACE_STYLE_USAGE(.BOTH.,#9004);
#9004 = SURFACE_SIDE_STYLE('',(#9005));
#9005 = SURFACE_STYLE_FILL_AREA(#9006);
#9006 = FILL_AREA_STYLE('',(#9007));
#9007 = FILL_AREA_STYLE_COLOUR('',#8986);
#9008 = STYLED_ITEM('color',(#9009),#3110);
#9009 = PRESENTATION_STYLE_ASSIGNMENT((#9010));
#9010 = SURFACE_STYLE_USAGE(.BOTH.,#9011);
#9011 = SURFACE_SIDE_STYLE('',(#9012));
#9012 = SURFACE_STYLE_FILL_AREA(#9013);
#9013 = FILL_AREA_STYLE('',(#9014));
#9014 = FILL_AREA_STYLE_COLOUR('',#8986);
#9015 = STYLED_ITEM('color',(#9016),#3141);
#9016 = PRESENTATION_STYLE_ASSIGNMENT((#9017));
#9017 = SURFACE_STYLE_USAGE(.BOTH.,#9018);
#9018 = SURFACE_SIDE_STYLE('',(#9019));
#9019 = SURFACE_STYLE_FILL_AREA(#9020);
#9020 = FILL_AREA_STYLE('',(#9021));
#9021 = FILL_AREA_STYLE_COLOUR('',#8986);
#9022 = STYLED_ITEM('color',(#9023),#3165);
#9023 = PRESENTATION_STYLE_ASSIGNMENT((#9024));
#9024 = SURFACE_STYLE_USAGE(.BOTH.,#9025);
#9025 = SURFACE_SIDE_STYLE('',(#9026));
#9026 = SURFACE_STYLE_FILL_AREA(#9027);
#9027 = FILL_AREA_STYLE('',(#9028));
#9028 = FILL_AREA_STYLE_COLOUR('',#8986);
#9029 = STYLED_ITEM('color',(#9030),#3189);
#9030 = PRESENTATION_STYLE_ASSIGNMENT((#9031));
#9031 = SURFACE_STYLE_USAGE(.BOTH.,#9032);
#9032 = SURFACE_SIDE_STYLE('',(#9033));
#9033 = SURFACE_STYLE_FILL_AREA(#9034);
#9034 = FILL_AREA_STYLE('',(#9035));
#9035 = FILL_AREA_STYLE_COLOUR('',#8986);
#9036 = STYLED_ITEM('color',(#9037),#3206);
#9037 = PRESENTATION_STYLE_ASSIGNMENT((#9038));
#9038 = SURFACE_STYLE_USAGE(.BOTH.,#9039);
#9039 = SURFACE_SIDE_STYLE('',(#9040));
#9040 = SURFACE_STYLE_FILL_AREA(#9041);
#9041 = FILL_AREA_STYLE('',(#9042));
#9042 = FILL_AREA_STYLE_COLOUR('',#8986);
#9043 = STYLED_ITEM('color',(#9044),#3237);
#9044 = PRESENTATION_STYLE_ASSIGNMENT((#9045));
#9045 = SURFACE_STYLE_USAGE(.BOTH.,#9046);
#9046 = SURFACE_SIDE_STYLE('',(#9047));
#9047 = SURFACE_STYLE_FILL_AREA(#9048);
#9048 = FILL_AREA_STYLE('',(#9049));
#9049 = FILL_AREA_STYLE_COLOUR('',#8986);
#9050 = STYLED_ITEM('color',(#9051),#3261);
#9051 = PRESENTATION_STYLE_ASSIGNMENT((#9052));
#9052 = SURFACE_STYLE_USAGE(.BOTH.,#9053);
#9053 = SURFACE_SIDE_STYLE('',(#9054));
#9054 = SURFACE_STYLE_FILL_AREA(#9055);
#9055 = FILL_AREA_STYLE('',(#9056));
#9056 = FILL_AREA_STYLE_COLOUR('',#8986);
#9057 = STYLED_ITEM('color',(#9058),#3285);
#9058 = PRESENTATION_STYLE_ASSIGNMENT((#9059));
#9059 = SURFACE_STYLE_USAGE(.BOTH.,#9060);
#9060 = SURFACE_SIDE_STYLE('',(#9061));
#9061 = SURFACE_STYLE_FILL_AREA(#9062);
#9062 = FILL_AREA_STYLE('',(#9063));
#9063 = FILL_AREA_STYLE_COLOUR('',#8986);
#9064 = STYLED_ITEM('color',(#9065),#3302);
#9065 = PRESENTATION_STYLE_ASSIGNMENT((#9066));
#9066 = SURFACE_STYLE_USAGE(.BOTH.,#9067);
#9067 = SURFACE_SIDE_STYLE('',(#9068));
#9068 = SURFACE_STYLE_FILL_AREA(#9069);
#9069 = FILL_AREA_STYLE('',(#9070));
#9070 = FILL_AREA_STYLE_COLOUR('',#8986);
#9071 = STYLED_ITEM('color',(#9072),#3333);
#9072 = PRESENTATION_STYLE_ASSIGNMENT((#9073));
#9073 = SURFACE_STYLE_USAGE(.BOTH.,#9074);
#9074 = SURFACE_SIDE_STYLE('',(#9075));
#9075 = SURFACE_STYLE_FILL_AREA(#9076);
#9076 = FILL_AREA_STYLE('',(#9077));
#9077 = FILL_AREA_STYLE_COLOUR('',#8986);
#9078 = STYLED_ITEM('color',(#9079),#3357);
#9079 = PRESENTATION_STYLE_ASSIGNMENT((#9080));
#9080 = SURFACE_STYLE_USAGE(.BOTH.,#9081);
#9081 = SURFACE_SIDE_STYLE('',(#9082));
#9082 = SURFACE_STYLE_FILL_AREA(#9083);
#9083 = FILL_AREA_STYLE('',(#9084));
#9084 = FILL_AREA_STYLE_COLOUR('',#8986);
#9085 = STYLED_ITEM('color',(#9086),#3381);
#9086 = PRESENTATION_STYLE_ASSIGNMENT((#9087));
#9087 = SURFACE_STYLE_USAGE(.BOTH.,#9088);
#9088 = SURFACE_SIDE_STYLE('',(#9089));
#9089 = SURFACE_STYLE_FILL_AREA(#9090);
#9090 = FILL_AREA_STYLE('',(#9091));
#9091 = FILL_AREA_STYLE_COLOUR('',#8986);
#9092 = STYLED_ITEM('color',(#9093),#3398);
#9093 = PRESENTATION_STYLE_ASSIGNMENT((#9094));
#9094 = SURFACE_STYLE_USAGE(.BOTH.,#9095);
#9095 = SURFACE_SIDE_STYLE('',(#9096));
#9096 = SURFACE_STYLE_FILL_AREA(#9097);
#9097 = FILL_AREA_STYLE('',(#9098));
#9098 = FILL_AREA_STYLE_COLOUR('',#8986);
#9099 = STYLED_ITEM('color',(#9100),#3429);
#9100 = PRESENTATION_STYLE_ASSIGNMENT((#9101));
#9101 = SURFACE_STYLE_USAGE(.BOTH.,#9102);
#9102 = SURFACE_SIDE_STYLE('',(#9103));
#9103 = SURFACE_STYLE_FILL_AREA(#9104);
#9104 = FILL_AREA_STYLE('',(#9105));
#9105 = FILL_AREA_STYLE_COLOUR('',#8986);
#9106 = STYLED_ITEM('color',(#9107),#3453);
#9107 = PRESENTATION_STYLE_ASSIGNMENT((#9108));
#9108 = SURFACE_STYLE_USAGE(.BOTH.,#9109);
#9109 = SURFACE_SIDE_STYLE('',(#9110));
#9110 = SURFACE_STYLE_FILL_AREA(#9111);
#9111 = FILL_AREA_STYLE('',(#9112));
#9112 = FILL_AREA_STYLE_COLOUR('',#8986);
#9113 = STYLED_ITEM('color',(#9114),#3477);
#9114 = PRESENTATION_STYLE_ASSIGNMENT((#9115));
#9115 = SURFACE_STYLE_USAGE(.BOTH.,#9116);
#9116 = SURFACE_SIDE_STYLE('',(#9117));
#9117 = SURFACE_STYLE_FILL_AREA(#9118);
#9118 = FILL_AREA_STYLE('',(#9119));
#9119 = FILL_AREA_STYLE_COLOUR('',#8986);
#9120 = STYLED_ITEM('color',(#9121),#3494);
#9121 = PRESENTATION_STYLE_ASSIGNMENT((#9122));
#9122 = SURFACE_STYLE_USAGE(.BOTH.,#9123);
#9123 = SURFACE_SIDE_STYLE('',(#9124));
#9124 = SURFACE_STYLE_FILL_AREA(#9125);
#9125 = FILL_AREA_STYLE('',(#9126));
#9126 = FILL_AREA_STYLE_COLOUR('',#8986);
#9127 = STYLED_ITEM('color',(#9128),#3525);
#9128 = PRESENTATION_STYLE_ASSIGNMENT((#9129));
#9129 = SURFACE_STYLE_USAGE(.BOTH.,#9130);
#9130 = SURFACE_SIDE_STYLE('',(#9131));
#9131 = SURFACE_STYLE_FILL_AREA(#9132);
#9132 = FILL_AREA_STYLE('',(#9133));
#9133 = FILL_AREA_STYLE_COLOUR('',#8986);
#9134 = STYLED_ITEM('color',(#9135),#3549);
#9135 = PRESENTATION_STYLE_ASSIGNMENT((#9136));
#9136 = SURFACE_STYLE_USAGE(.BOTH.,#9137);
#9137 = SURFACE_SIDE_STYLE('',(#9138));
#9138 = SURFACE_STYLE_FILL_AREA(#9139);
#9139 = FILL_AREA_STYLE('',(#9140));
#9140 = FILL_AREA_STYLE_COLOUR('',#8986);
#9141 = STYLED_ITEM('color',(#9142),#3573);
#9142 = PRESENTATION_STYLE_ASSIGNMENT((#9143));
#9143 = SURFACE_STYLE_USAGE(.BOTH.,#9144);
#9144 = SURFACE_SIDE_STYLE('',(#9145));
#9145 = SURFACE_STYLE_FILL_AREA(#9146);
#9146 = FILL_AREA_STYLE('',(#9147));
#9147 = FILL_AREA_STYLE_COLOUR('',#8986);
#9148 = STYLED_ITEM('color',(#9149),#3590);
#9149 = PRESENTATION_STYLE_ASSIGNMENT((#9150));
#9150 = SURFACE_STYLE_USAGE(.BOTH.,#9151);
#9151 = SURFACE_SIDE_STYLE('',(#9152));
#9152 = SURFACE_STYLE_FILL_AREA(#9153);
#9153 = FILL_AREA_STYLE('',(#9154));
#9154 = FILL_AREA_STYLE_COLOUR('',#8986);
#9155 = STYLED_ITEM('color',(#9156),#3621);
#9156 = PRESENTATION_STYLE_ASSIGNMENT((#9157));
#9157 = SURFACE_STYLE_USAGE(.BOTH.,#9158);
#9158 = SURFACE_SIDE_STYLE('',(#9159));
#9159 = SURFACE_STYLE_FILL_AREA(#9160);
#9160 = FILL_AREA_STYLE('',(#9161));
#9161 = FILL_AREA_STYLE_COLOUR('',#8986);
#9162 = STYLED_ITEM('color',(#9163),#3645);
#9163 = PRESENTATION_STYLE_ASSIGNMENT((#9164));
#9164 = SURFACE_STYLE_USAGE(.BOTH.,#9165);
#9165 = SURFACE_SIDE_STYLE('',(#9166));
#9166 = SURFACE_STYLE_FILL_AREA(#9167);
#9167 = FILL_AREA_STYLE('',(#9168));
#9168 = FILL_AREA_STYLE_COLOUR('',#8986);
#9169 = STYLED_ITEM('color',(#9170),#3669);
#9170 = PRESENTATION_STYLE_ASSIGNMENT((#9171));
#9171 = SURFACE_STYLE_USAGE(.BOTH.,#9172);
#9172 = SURFACE_SIDE_STYLE('',(#9173));
#9173 = SURFACE_STYLE_FILL_AREA(#9174);
#9174 = FILL_AREA_STYLE('',(#9175));
#9175 = FILL_AREA_STYLE_COLOUR('',#8986);
#9176 = STYLED_ITEM('color',(#9177),#3686);
#9177 = PRESENTATION_STYLE_ASSIGNMENT((#9178));
#9178 = SURFACE_STYLE_USAGE(.BOTH.,#9179);
#9179 = SURFACE_SIDE_STYLE('',(#9180));
#9180 = SURFACE_STYLE_FILL_AREA(#9181);
#9181 = FILL_AREA_STYLE('',(#9182));
#9182 = FILL_AREA_STYLE_COLOUR('',#8986);
#9183 = STYLED_ITEM('color',(#9184),#3717);
#9184 = PRESENTATION_STYLE_ASSIGNMENT((#9185));
#9185 = SURFACE_STYLE_USAGE(.BOTH.,#9186);
#9186 = SURFACE_SIDE_STYLE('',(#9187));
#9187 = SURFACE_STYLE_FILL_AREA(#9188);
#9188 = FILL_AREA_STYLE('',(#9189));
#9189 = FILL_AREA_STYLE_COLOUR('',#8986);
#9190 = STYLED_ITEM('color',(#9191),#3741);
#9191 = PRESENTATION_STYLE_ASSIGNMENT((#9192));
#9192 = SURFACE_STYLE_USAGE(.BOTH.,#9193);
#9193 = SURFACE_SIDE_STYLE('',(#9194));
#9194 = SURFACE_STYLE_FILL_AREA(#9195);
#9195 = FILL_AREA_STYLE('',(#9196));
#9196 = FILL_AREA_STYLE_COLOUR('',#8986);
#9197 = STYLED_ITEM('color',(#9198),#3765);
#9198 = PRESENTATION_STYLE_ASSIGNMENT((#9199));
#9199 = SURFACE_STYLE_USAGE(.BOTH.,#9200);
#9200 = SURFACE_SIDE_STYLE('',(#9201));
#9201 = SURFACE_STYLE_FILL_AREA(#9202);
#9202 = FILL_AREA_STYLE('',(#9203));
#9203 = FILL_AREA_STYLE_COLOUR('',#8986);
#9204 = STYLED_ITEM('color',(#9205),#3782);
#9205 = PRESENTATION_STYLE_ASSIGNMENT((#9206));
#9206 = SURFACE_STYLE_USAGE(.BOTH.,#9207);
#9207 = SURFACE_SIDE_STYLE('',(#9208));
#9208 = SURFACE_STYLE_FILL_AREA(#9209);
#9209 = FILL_AREA_STYLE('',(#9210));
#9210 = FILL_AREA_STYLE_COLOUR('',#8986);
#9211 = STYLED_ITEM('color',(#9212),#3813);
#9212 = PRESENTATION_STYLE_ASSIGNMENT((#9213));
#9213 = SURFACE_STYLE_USAGE(.BOTH.,#9214);
#9214 = SURFACE_SIDE_STYLE('',(#9215));
#9215 = SURFACE_STYLE_FILL_AREA(#9216);
#9216 = FILL_AREA_STYLE('',(#9217));
#9217 = FILL_AREA_STYLE_COLOUR('',#8986);
#9218 = STYLED_ITEM('color',(#9219),#3837);
#9219 = PRESENTATION_STYLE_ASSIGNMENT((#9220));
#9220 = SURFACE_STYLE_USAGE(.BOTH.,#9221);
#9221 = SURFACE_SIDE_STYLE('',(#9222));
#9222 = SURFACE_STYLE_FILL_AREA(#9223);
#9223 = FILL_AREA_STYLE('',(#9224));
#9224 = FILL_AREA_STYLE_COLOUR('',#8986);
#9225 = STYLED_ITEM('color',(#9226),#3861);
#9226 = PRESENTATION_STYLE_ASSIGNMENT((#9227));
#9227 = SURFACE_STYLE_USAGE(.BOTH.,#9228);
#9228 = SURFACE_SIDE_STYLE('',(#9229));
#9229 = SURFACE_STYLE_FILL_AREA(#9230);
#9230 = FILL_AREA_STYLE('',(#9231));
#9231 = FILL_AREA_STYLE_COLOUR('',#8986);
#9232 = STYLED_ITEM('color',(#9233),#3878);
#9233 = PRESENTATION_STYLE_ASSIGNMENT((#9234));
#9234 = SURFACE_STYLE_USAGE(.BOTH.,#9235);
#9235 = SURFACE_SIDE_STYLE('',(#9236));
#9236 = SURFACE_STYLE_FILL_AREA(#9237);
#9237 = FILL_AREA_STYLE('',(#9238));
#9238 = FILL_AREA_STYLE_COLOUR('',#8986);
#9239 = STYLED_ITEM('color',(#9240),#3909);
#9240 = PRESENTATION_STYLE_ASSIGNMENT((#9241));
#9241 = SURFACE_STYLE_USAGE(.BOTH.,#9242);
#9242 = SURFACE_SIDE_STYLE('',(#9243));
#9243 = SURFACE_STYLE_FILL_AREA(#9244);
#9244 = FILL_AREA_STYLE('',(#9245));
#9245 = FILL_AREA_STYLE_COLOUR('',#8986);
#9246 = STYLED_ITEM('color',(#9247),#3933);
#9247 = PRESENTATION_STYLE_ASSIGNMENT((#9248));
#9248 = SURFACE_STYLE_USAGE(.BOTH.,#9249);
#9249 = SURFACE_SIDE_STYLE('',(#9250));
#9250 = SURFACE_STYLE_FILL_AREA(#9251);
#9251 = FILL_AREA_STYLE('',(#9252));
#9252 = FILL_AREA_STYLE_COLOUR('',#8986);
#9253 = STYLED_ITEM('color',(#9254),#3957);
#9254 = PRESENTATION_STYLE_ASSIGNMENT((#9255));
#9255 = SURFACE_STYLE_USAGE(.BOTH.,#9256);
#9256 = SURFACE_SIDE_STYLE('',(#9257));
#9257 = SURFACE_STYLE_FILL_AREA(#9258);
#9258 = FILL_AREA_STYLE('',(#9259));
#9259 = FILL_AREA_STYLE_COLOUR('',#8986);
#9260 = STYLED_ITEM('color',(#9261),#3974);
#9261 = PRESENTATION_STYLE_ASSIGNMENT((#9262));
#9262 = SURFACE_STYLE_USAGE(.BOTH.,#9263);
#9263 = SURFACE_SIDE_STYLE('',(#9264));
#9264 = SURFACE_STYLE_FILL_AREA(#9265);
#9265 = FILL_AREA_STYLE('',(#9266));
#9266 = FILL_AREA_STYLE_COLOUR('',#8986);
#9267 = STYLED_ITEM('color',(#9268),#4005);
#9268 = PRESENTATION_STYLE_ASSIGNMENT((#9269));
#9269 = SURFACE_STYLE_USAGE(.BOTH.,#9270);
#9270 = SURFACE_SIDE_STYLE('',(#9271));
#9271 = SURFACE_STYLE_FILL_AREA(#9272);
#9272 = FILL_AREA_STYLE('',(#9273));
#9273 = FILL_AREA_STYLE_COLOUR('',#8986);
#9274 = STYLED_ITEM('color',(#9275),#4029);
#9275 = PRESENTATION_STYLE_ASSIGNMENT((#9276));
#9276 = SURFACE_STYLE_USAGE(.BOTH.,#9277);
#9277 = SURFACE_SIDE_STYLE('',(#9278));
#9278 = SURFACE_STYLE_FILL_AREA(#9279);
#9279 = FILL_AREA_STYLE('',(#9280));
#9280 = FILL_AREA_STYLE_COLOUR('',#8986);
#9281 = STYLED_ITEM('color',(#9282),#4053);
#9282 = PRESENTATION_STYLE_ASSIGNMENT((#9283));
#9283 = SURFACE_STYLE_USAGE(.BOTH.,#9284);
#9284 = SURFACE_SIDE_STYLE('',(#9285));
#9285 = SURFACE_STYLE_FILL_AREA(#9286);
#9286 = FILL_AREA_STYLE('',(#9287));
#9287 = FILL_AREA_STYLE_COLOUR('',#8986);
#9288 = STYLED_ITEM('color',(#9289),#4070);
#9289 = PRESENTATION_STYLE_ASSIGNMENT((#9290));
#9290 = SURFACE_STYLE_USAGE(.BOTH.,#9291);
#9291 = SURFACE_SIDE_STYLE('',(#9292));
#9292 = SURFACE_STYLE_FILL_AREA(#9293);
#9293 = FILL_AREA_STYLE('',(#9294));
#9294 = FILL_AREA_STYLE_COLOUR('',#8986);
#9295 = STYLED_ITEM('color',(#9296),#4101);
#9296 = PRESENTATION_STYLE_ASSIGNMENT((#9297));
#9297 = SURFACE_STYLE_USAGE(.BOTH.,#9298);
#9298 = SURFACE_SIDE_STYLE('',(#9299));
#9299 = SURFACE_STYLE_FILL_AREA(#9300);
#9300 = FILL_AREA_STYLE('',(#9301));
#9301 = FILL_AREA_STYLE_COLOUR('',#8986);
#9302 = STYLED_ITEM('color',(#9303),#4125);
#9303 = PRESENTATION_STYLE_ASSIGNMENT((#9304));
#9304 = SURFACE_STYLE_USAGE(.BOTH.,#9305);
#9305 = SURFACE_SIDE_STYLE('',(#9306));
#9306 = SURFACE_STYLE_FILL_AREA(#9307);
#9307 = FILL_AREA_STYLE('',(#9308));
#9308 = FILL_AREA_STYLE_COLOUR('',#8986);
#9309 = STYLED_ITEM('color',(#9310),#4149);
#9310 = PRESENTATION_STYLE_ASSIGNMENT((#9311));
#9311 = SURFACE_STYLE_USAGE(.BOTH.,#9312);
#9312 = SURFACE_SIDE_STYLE('',(#9313));
#9313 = SURFACE_STYLE_FILL_AREA(#9314);
#9314 = FILL_AREA_STYLE('',(#9315));
#9315 = FILL_AREA_STYLE_COLOUR('',#8986);
#9316 = STYLED_ITEM('color',(#9317),#4166);
#9317 = PRESENTATION_STYLE_ASSIGNMENT((#9318));
#9318 = SURFACE_STYLE_USAGE(.BOTH.,#9319);
#9319 = SURFACE_SIDE_STYLE('',(#9320));
#9320 = SURFACE_STYLE_FILL_AREA(#9321);
#9321 = FILL_AREA_STYLE('',(#9322));
#9322 = FILL_AREA_STYLE_COLOUR('',#8986);
#9323 = STYLED_ITEM('color',(#9324),#4197);
#9324 = PRESENTATION_STYLE_ASSIGNMENT((#9325));
#9325 = SURFACE_STYLE_USAGE(.BOTH.,#9326);
#9326 = SURFACE_SIDE_STYLE('',(#9327));
#9327 = SURFACE_STYLE_FILL_AREA(#9328);
#9328 = FILL_AREA_STYLE('',(#9329));
#9329 = FILL_AREA_STYLE_COLOUR('',#8986);
#9330 = STYLED_ITEM('color',(#9331),#4221);
#9331 = PRESENTATION_STYLE_ASSIGNMENT((#9332));
#9332 = SURFACE_STYLE_USAGE(.BOTH.,#9333);
#9333 = SURFACE_SIDE_STYLE('',(#9334));
#9334 = SURFACE_STYLE_FILL_AREA(#9335);
#9335 = FILL_AREA_STYLE('',(#9336));
#9336 = FILL_AREA_STYLE_COLOUR('',#8986);
#9337 = STYLED_ITEM('color',(#9338),#4245);
#9338 = PRESENTATION_STYLE_ASSIGNMENT((#9339));
#9339 = SURFACE_STYLE_USAGE(.BOTH.,#9340);
#9340 = SURFACE_SIDE_STYLE('',(#9341));
#9341 = SURFACE_STYLE_FILL_AREA(#9342);
#9342 = FILL_AREA_STYLE('',(#9343));
#9343 = FILL_AREA_STYLE_COLOUR('',#8986);
#9344 = STYLED_ITEM('color',(#9345),#4262);
#9345 = PRESENTATION_STYLE_ASSIGNMENT((#9346));
#9346 = SURFACE_STYLE_USAGE(.BOTH.,#9347);
#9347 = SURFACE_SIDE_STYLE('',(#9348));
#9348 = SURFACE_STYLE_FILL_AREA(#9349);
#9349 = FILL_AREA_STYLE('',(#9350));
#9350 = FILL_AREA_STYLE_COLOUR('',#8986);
#9351 = STYLED_ITEM('color',(#9352),#4293);
#9352 = PRESENTATION_STYLE_ASSIGNMENT((#9353));
#9353 = SURFACE_STYLE_USAGE(.BOTH.,#9354);
#9354 = SURFACE_SIDE_STYLE('',(#9355));
#9355 = SURFACE_STYLE_FILL_AREA(#9356);
#9356 = FILL_AREA_STYLE('',(#9357));
#9357 = FILL_AREA_STYLE_COLOUR('',#8986);
#9358 = STYLED_ITEM('color',(#9359),#4317);
#9359 = PRESENTATION_STYLE_ASSIGNMENT((#9360));
#9360 = SURFACE_STYLE_USAGE(.BOTH.,#9361);
#9361 = SURFACE_SIDE_STYLE('',(#9362));
#9362 = SURFACE_STYLE_FILL_AREA(#9363);
#9363 = FILL_AREA_STYLE('',(#9364));
#9364 = FILL_AREA_STYLE_COLOUR('',#8986);
#9365 = STYLED_ITEM('color',(#9366),#4341);
#9366 = PRESENTATION_STYLE_ASSIGNMENT((#9367));
#9367 = SURFACE_STYLE_USAGE(.BOTH.,#9368);
#9368 = SURFACE_SIDE_STYLE('',(#9369));
#9369 = SURFACE_STYLE_FILL_AREA(#9370);
#9370 = FILL_AREA_STYLE('',(#9371));
#9371 = FILL_AREA_STYLE_COLOUR('',#8986);
#9372 = STYLED_ITEM('color',(#9373),#4358);
#9373 = PRESENTATION_STYLE_ASSIGNMENT((#9374));
#9374 = SURFACE_STYLE_USAGE(.BOTH.,#9375);
#9375 = SURFACE_SIDE_STYLE('',(#9376));
#9376 = SURFACE_STYLE_FILL_AREA(#9377);
#9377 = FILL_AREA_STYLE('',(#9378));
#9378 = FILL_AREA_STYLE_COLOUR('',#8986);
#9379 = STYLED_ITEM('color',(#9380),#4389);
#9380 = PRESENTATION_STYLE_ASSIGNMENT((#9381));
#9381 = SURFACE_STYLE_USAGE(.BOTH.,#9382);
#9382 = SURFACE_SIDE_STYLE('',(#9383));
#9383 = SURFACE_STYLE_FILL_AREA(#9384);
#9384 = FILL_AREA_STYLE('',(#9385));
#9385 = FILL_AREA_STYLE_COLOUR('',#8986);
#9386 = STYLED_ITEM('color',(#9387),#4413);
#9387 = PRESENTATION_STYLE_ASSIGNMENT((#9388));
#9388 = SURFACE_STYLE_USAGE(.BOTH.,#9389);
#9389 = SURFACE_SIDE_STYLE('',(#9390));
#9390 = SURFACE_STYLE_FILL_AREA(#9391);
#9391 = FILL_AREA_STYLE('',(#9392));
#9392 = FILL_AREA_STYLE_COLOUR('',#8986);
#9393 = STYLED_ITEM('color',(#9394),#4437);
#9394 = PRESENTATION_STYLE_ASSIGNMENT((#9395));
#9395 = SURFACE_STYLE_USAGE(.BOTH.,#9396);
#9396 = SURFACE_SIDE_STYLE('',(#9397));
#9397 = SURFACE_STYLE_FILL_AREA(#9398);
#9398 = FILL_AREA_STYLE('',(#9399));
#9399 = FILL_AREA_STYLE_COLOUR('',#8986);
#9400 = STYLED_ITEM('color',(#9401),#4454);
#9401 = PRESENTATION_STYLE_ASSIGNMENT((#9402));
#9402 = SURFACE_STYLE_USAGE(.BOTH.,#9403);
#9403 = SURFACE_SIDE_STYLE('',(#9404));
#9404 = SURFACE_STYLE_FILL_AREA(#9405);
#9405 = FILL_AREA_STYLE('',(#9406));
#9406 = FILL_AREA_STYLE_COLOUR('',#8986);
#9407 = STYLED_ITEM('color',(#9408),#4485);
#9408 = PRESENTATION_STYLE_ASSIGNMENT((#9409));
#9409 = SURFACE_STYLE_USAGE(.BOTH.,#9410);
#9410 = SURFACE_SIDE_STYLE('',(#9411));
#9411 = SURFACE_STYLE_FILL_AREA(#9412);
#9412 = FILL_AREA_STYLE('',(#9413));
#9413 = FILL_AREA_STYLE_COLOUR('',#8986);
#9414 = STYLED_ITEM('color',(#9415),#4509);
#9415 = PRESENTATION_STYLE_ASSIGNMENT((#9416));
#9416 = SURFACE_STYLE_USAGE(.BOTH.,#9417);
#9417 = SURFACE_SIDE_STYLE('',(#9418));
#9418 = SURFACE_STYLE_FILL_AREA(#9419);
#9419 = FILL_AREA_STYLE('',(#9420));
#9420 = FILL_AREA_STYLE_COLOUR('',#8986);
#9421 = STYLED_ITEM('color',(#9422),#4533);
#9422 = PRESENTATION_STYLE_ASSIGNMENT((#9423));
#9423 = SURFACE_STYLE_USAGE(.BOTH.,#9424);
#9424 = SURFACE_SIDE_STYLE('',(#9425));
#9425 = SURFACE_STYLE_FILL_AREA(#9426);
#9426 = FILL_AREA_STYLE('',(#9427));
#9427 = FILL_AREA_STYLE_COLOUR('',#8986);
#9428 = STYLED_ITEM('color',(#9429),#4550);
#9429 = PRESENTATION_STYLE_ASSIGNMENT((#9430));
#9430 = SURFACE_STYLE_USAGE(.BOTH.,#9431);
#9431 = SURFACE_SIDE_STYLE('',(#9432));
#9432 = SURFACE_STYLE_FILL_AREA(#9433);
#9433 = FILL_AREA_STYLE('',(#9434));
#9434 = FILL_AREA_STYLE_COLOUR('',#8986);
#9435 = STYLED_ITEM('color',(#9436),#4562);
#9436 = PRESENTATION_STYLE_ASSIGNMENT((#9437));
#9437 = SURFACE_STYLE_USAGE(.BOTH.,#9438);
#9438 = SURFACE_SIDE_STYLE('',(#9439));
#9439 = SURFACE_STYLE_FILL_AREA(#9440);
#9440 = FILL_AREA_STYLE('',(#9441));
#9441 = FILL_AREA_STYLE_COLOUR('',#8986);
#9442 = STYLED_ITEM('color',(#9443),#4574);
#9443 = PRESENTATION_STYLE_ASSIGNMENT((#9444));
#9444 = SURFACE_STYLE_USAGE(.BOTH.,#9445);
#9445 = SURFACE_SIDE_STYLE('',(#9446));
#9446 = SURFACE_STYLE_FILL_AREA(#9447);
#9447 = FILL_AREA_STYLE('',(#9448));
#9448 = FILL_AREA_STYLE_COLOUR('',#8986);
#9449 = STYLED_ITEM('color',(#9450),#4586);
#9450 = PRESENTATION_STYLE_ASSIGNMENT((#9451));
#9451 = SURFACE_STYLE_USAGE(.BOTH.,#9452);
#9452 = SURFACE_SIDE_STYLE('',(#9453));
#9453 = SURFACE_STYLE_FILL_AREA(#9454);
#9454 = FILL_AREA_STYLE('',(#9455));
#9455 = FILL_AREA_STYLE_COLOUR('',#8986);
#9456 = STYLED_ITEM('color',(#9457),#4598);
#9457 = PRESENTATION_STYLE_ASSIGNMENT((#9458));
#9458 = SURFACE_STYLE_USAGE(.BOTH.,#9459);
#9459 = SURFACE_SIDE_STYLE('',(#9460));
#9460 = SURFACE_STYLE_FILL_AREA(#9461);
#9461 = FILL_AREA_STYLE('',(#9462));
#9462 = FILL_AREA_STYLE_COLOUR('',#8986);
#9463 = STYLED_ITEM('color',(#9464),#4610);
#9464 = PRESENTATION_STYLE_ASSIGNMENT((#9465));
#9465 = SURFACE_STYLE_USAGE(.BOTH.,#9466);
#9466 = SURFACE_SIDE_STYLE('',(#9467));
#9467 = SURFACE_STYLE_FILL_AREA(#9468);
#9468 = FILL_AREA_STYLE('',(#9469));
#9469 = FILL_AREA_STYLE_COLOUR('',#8986);
#9470 = STYLED_ITEM('color',(#9471),#4622);
#9471 = PRESENTATION_STYLE_ASSIGNMENT((#9472));
#9472 = SURFACE_STYLE_USAGE(.BOTH.,#9473);
#9473 = SURFACE_SIDE_STYLE('',(#9474));
#9474 = SURFACE_STYLE_FILL_AREA(#9475);
#9475 = FILL_AREA_STYLE('',(#9476));
#9476 = FILL_AREA_STYLE_COLOUR('',#8986);
#9477 = STYLED_ITEM('color',(#9478),#4634);
#9478 = PRESENTATION_STYLE_ASSIGNMENT((#9479));
#9479 = SURFACE_STYLE_USAGE(.BOTH.,#9480);
#9480 = SURFACE_SIDE_STYLE('',(#9481));
#9481 = SURFACE_STYLE_FILL_AREA(#9482);
#9482 = FILL_AREA_STYLE('',(#9483));
#9483 = FILL_AREA_STYLE_COLOUR('',#8986);
#9484 = MECHANICAL_DESIGN_GEOMETRIC_PRESENTATION_REPRESENTATION('',(
    #9485,#9493,#9500,#9507,#9514,#9521,#9528,#9535,#9542,#9549,#9556,
    #9563,#9570,#9577,#9584,#9591,#9598,#9605,#9612,#9619,#9626,#9633,
    #9640,#9647,#9654,#9661,#9668,#9675,#9682,#9689,#9696,#9704,#9711,
    #9718,#9725,#9732,#9739,#9746,#9753,#9760,#9767),#5926);
#9485 = STYLED_ITEM('color',(#9486),#4720);
#9486 = PRESENTATION_STYLE_ASSIGNMENT((#9487));
#9487 = SURFACE_STYLE_USAGE(.BOTH.,#9488);
#9488 = SURFACE_SIDE_STYLE('',(#9489));
#9489 = SURFACE_STYLE_FILL_AREA(#9490);
#9490 = FILL_AREA_STYLE('',(#9491));
#9491 = FILL_AREA_STYLE_COLOUR('',#9492);
#9492 = COLOUR_RGB('',0.823999987314,0.819999987296,0.781000009244);
#9493 = STYLED_ITEM('color',(#9494),#4760);
#9494 = PRESENTATION_STYLE_ASSIGNMENT((#9495));
#9495 = SURFACE_STYLE_USAGE(.BOTH.,#9496);
#9496 = SURFACE_SIDE_STYLE('',(#9497));
#9497 = SURFACE_STYLE_FILL_AREA(#9498);
#9498 = FILL_AREA_STYLE('',(#9499));
#9499 = FILL_AREA_STYLE_COLOUR('',#9492);
#9500 = STYLED_ITEM('color',(#9501),#4843);
#9501 = PRESENTATION_STYLE_ASSIGNMENT((#9502));
#9502 = SURFACE_STYLE_USAGE(.BOTH.,#9503);
#9503 = SURFACE_SIDE_STYLE('',(#9504));
#9504 = SURFACE_STYLE_FILL_AREA(#9505);
#9505 = FILL_AREA_STYLE('',(#9506));
#9506 = FILL_AREA_STYLE_COLOUR('',#9492);
#9507 = STYLED_ITEM('color',(#9508),#4868);
#9508 = PRESENTATION_STYLE_ASSIGNMENT((#9509));
#9509 = SURFACE_STYLE_USAGE(.BOTH.,#9510);
#9510 = SURFACE_SIDE_STYLE('',(#9511));
#9511 = SURFACE_STYLE_FILL_AREA(#9512);
#9512 = FILL_AREA_STYLE('',(#9513));
#9513 = FILL_AREA_STYLE_COLOUR('',#9492);
#9514 = STYLED_ITEM('color',(#9515),#4943);
#9515 = PRESENTATION_STYLE_ASSIGNMENT((#9516));
#9516 = SURFACE_STYLE_USAGE(.BOTH.,#9517);
#9517 = SURFACE_SIDE_STYLE('',(#9518));
#9518 = SURFACE_STYLE_FILL_AREA(#9519);
#9519 = FILL_AREA_STYLE('',(#9520));
#9520 = FILL_AREA_STYLE_COLOUR('',#9492);
#9521 = STYLED_ITEM('color',(#9522),#4960);
#9522 = PRESENTATION_STYLE_ASSIGNMENT((#9523));
#9523 = SURFACE_STYLE_USAGE(.BOTH.,#9524);
#9524 = SURFACE_SIDE_STYLE('',(#9525));
#9525 = SURFACE_STYLE_FILL_AREA(#9526);
#9526 = FILL_AREA_STYLE('',(#9527));
#9527 = FILL_AREA_STYLE_COLOUR('',#9492);
#9528 = STYLED_ITEM('color',(#9529),#4977);
#9529 = PRESENTATION_STYLE_ASSIGNMENT((#9530));
#9530 = SURFACE_STYLE_USAGE(.BOTH.,#9531);
#9531 = SURFACE_SIDE_STYLE('',(#9532));
#9532 = SURFACE_STYLE_FILL_AREA(#9533);
#9533 = FILL_AREA_STYLE('',(#9534));
#9534 = FILL_AREA_STYLE_COLOUR('',#9492);
#9535 = STYLED_ITEM('color',(#9536),#4994);
#9536 = PRESENTATION_STYLE_ASSIGNMENT((#9537));
#9537 = SURFACE_STYLE_USAGE(.BOTH.,#9538);
#9538 = SURFACE_SIDE_STYLE('',(#9539));
#9539 = SURFACE_STYLE_FILL_AREA(#9540);
#9540 = FILL_AREA_STYLE('',(#9541));
#9541 = FILL_AREA_STYLE_COLOUR('',#9492);
#9542 = STYLED_ITEM('color',(#9543),#5011);
#9543 = PRESENTATION_STYLE_ASSIGNMENT((#9544));
#9544 = SURFACE_STYLE_USAGE(.BOTH.,#9545);
#9545 = SURFACE_SIDE_STYLE('',(#9546));
#9546 = SURFACE_STYLE_FILL_AREA(#9547);
#9547 = FILL_AREA_STYLE('',(#9548));
#9548 = FILL_AREA_STYLE_COLOUR('',#9492);
#9549 = STYLED_ITEM('color',(#9550),#5028);
#9550 = PRESENTATION_STYLE_ASSIGNMENT((#9551));
#9551 = SURFACE_STYLE_USAGE(.BOTH.,#9552);
#9552 = SURFACE_SIDE_STYLE('',(#9553));
#9553 = SURFACE_STYLE_FILL_AREA(#9554);
#9554 = FILL_AREA_STYLE('',(#9555));
#9555 = FILL_AREA_STYLE_COLOUR('',#9492);
#9556 = STYLED_ITEM('color',(#9557),#5044);
#9557 = PRESENTATION_STYLE_ASSIGNMENT((#9558));
#9558 = SURFACE_STYLE_USAGE(.BOTH.,#9559);
#9559 = SURFACE_SIDE_STYLE('',(#9560));
#9560 = SURFACE_STYLE_FILL_AREA(#9561);
#9561 = FILL_AREA_STYLE('',(#9562));
#9562 = FILL_AREA_STYLE_COLOUR('',#8789);
#9563 = STYLED_ITEM('color',(#9564),#5091);
#9564 = PRESENTATION_STYLE_ASSIGNMENT((#9565));
#9565 = SURFACE_STYLE_USAGE(.BOTH.,#9566);
#9566 = SURFACE_SIDE_STYLE('',(#9567));
#9567 = SURFACE_STYLE_FILL_AREA(#9568);
#9568 = FILL_AREA_STYLE('',(#9569));
#9569 = FILL_AREA_STYLE_COLOUR('',#8789);
#9570 = STYLED_ITEM('color',(#9571),#5126);
#9571 = PRESENTATION_STYLE_ASSIGNMENT((#9572));
#9572 = SURFACE_STYLE_USAGE(.BOTH.,#9573);
#9573 = SURFACE_SIDE_STYLE('',(#9574));
#9574 = SURFACE_STYLE_FILL_AREA(#9575);
#9575 = FILL_AREA_STYLE('',(#9576));
#9576 = FILL_AREA_STYLE_COLOUR('',#8789);
#9577 = STYLED_ITEM('color',(#9578),#5165);
#9578 = PRESENTATION_STYLE_ASSIGNMENT((#9579));
#9579 = SURFACE_STYLE_USAGE(.BOTH.,#9580);
#9580 = SURFACE_SIDE_STYLE('',(#9581));
#9581 = SURFACE_STYLE_FILL_AREA(#9582);
#9582 = FILL_AREA_STYLE('',(#9583));
#9583 = FILL_AREA_STYLE_COLOUR('',#8789);
#9584 = STYLED_ITEM('color',(#9585),#5194);
#9585 = PRESENTATION_STYLE_ASSIGNMENT((#9586));
#9586 = SURFACE_STYLE_USAGE(.BOTH.,#9587);
#9587 = SURFACE_SIDE_STYLE('',(#9588));
#9588 = SURFACE_STYLE_FILL_AREA(#9589);
#9589 = FILL_AREA_STYLE('',(#9590));
#9590 = FILL_AREA_STYLE_COLOUR('',#8789);
#9591 = STYLED_ITEM('color',(#9592),#5233);
#9592 = PRESENTATION_STYLE_ASSIGNMENT((#9593));
#9593 = SURFACE_STYLE_USAGE(.BOTH.,#9594);
#9594 = SURFACE_SIDE_STYLE('',(#9595));
#9595 = SURFACE_STYLE_FILL_AREA(#9596);
#9596 = FILL_AREA_STYLE('',(#9597));
#9597 = FILL_AREA_STYLE_COLOUR('',#8789);
#9598 = STYLED_ITEM('color',(#9599),#5262);
#9599 = PRESENTATION_STYLE_ASSIGNMENT((#9600));
#9600 = SURFACE_STYLE_USAGE(.BOTH.,#9601);
#9601 = SURFACE_SIDE_STYLE('',(#9602));
#9602 = SURFACE_STYLE_FILL_AREA(#9603);
#9603 = FILL_AREA_STYLE('',(#9604));
#9604 = FILL_AREA_STYLE_COLOUR('',#8789);
#9605 = STYLED_ITEM('color',(#9606),#5316);
#9606 = PRESENTATION_STYLE_ASSIGNMENT((#9607));
#9607 = SURFACE_STYLE_USAGE(.BOTH.,#9608);
#9608 = SURFACE_SIDE_STYLE('',(#9609));
#9609 = SURFACE_STYLE_FILL_AREA(#9610);
#9610 = FILL_AREA_STYLE('',(#9611));
#9611 = FILL_AREA_STYLE_COLOUR('',#8789);
#9612 = STYLED_ITEM('color',(#9613),#5359);
#9613 = PRESENTATION_STYLE_ASSIGNMENT((#9614));
#9614 = SURFACE_STYLE_USAGE(.BOTH.,#9615);
#9615 = SURFACE_SIDE_STYLE('',(#9616));
#9616 = SURFACE_STYLE_FILL_AREA(#9617);
#9617 = FILL_AREA_STYLE('',(#9618));
#9618 = FILL_AREA_STYLE_COLOUR('',#8789);
#9619 = STYLED_ITEM('color',(#9620),#5382);
#9620 = PRESENTATION_STYLE_ASSIGNMENT((#9621));
#9621 = SURFACE_STYLE_USAGE(.BOTH.,#9622);
#9622 = SURFACE_SIDE_STYLE('',(#9623));
#9623 = SURFACE_STYLE_FILL_AREA(#9624);
#9624 = FILL_AREA_STYLE('',(#9625));
#9625 = FILL_AREA_STYLE_COLOUR('',#8789);
#9626 = STYLED_ITEM('color',(#9627),#5405);
#9627 = PRESENTATION_STYLE_ASSIGNMENT((#9628));
#9628 = SURFACE_STYLE_USAGE(.BOTH.,#9629);
#9629 = SURFACE_SIDE_STYLE('',(#9630));
#9630 = SURFACE_STYLE_FILL_AREA(#9631);
#9631 = FILL_AREA_STYLE('',(#9632));
#9632 = FILL_AREA_STYLE_COLOUR('',#8789);
#9633 = STYLED_ITEM('color',(#9634),#5428);
#9634 = PRESENTATION_STYLE_ASSIGNMENT((#9635));
#9635 = SURFACE_STYLE_USAGE(.BOTH.,#9636);
#9636 = SURFACE_SIDE_STYLE('',(#9637));
#9637 = SURFACE_STYLE_FILL_AREA(#9638);
#9638 = FILL_AREA_STYLE('',(#9639));
#9639 = FILL_AREA_STYLE_COLOUR('',#8789);
#9640 = STYLED_ITEM('color',(#9641),#5479);
#9641 = PRESENTATION_STYLE_ASSIGNMENT((#9642));
#9642 = SURFACE_STYLE_USAGE(.BOTH.,#9643);
#9643 = SURFACE_SIDE_STYLE('',(#9644));
#9644 = SURFACE_STYLE_FILL_AREA(#9645);
#9645 = FILL_AREA_STYLE('',(#9646));
#9646 = FILL_AREA_STYLE_COLOUR('',#8789);
#9647 = STYLED_ITEM('color',(#9648),#5502);
#9648 = PRESENTATION_STYLE_ASSIGNMENT((#9649));
#9649 = SURFACE_STYLE_USAGE(.BOTH.,#9650);
#9650 = SURFACE_SIDE_STYLE('',(#9651));
#9651 = SURFACE_STYLE_FILL_AREA(#9652);
#9652 = FILL_AREA_STYLE('',(#9653));
#9653 = FILL_AREA_STYLE_COLOUR('',#8789);
#9654 = STYLED_ITEM('color',(#9655),#5519);
#9655 = PRESENTATION_STYLE_ASSIGNMENT((#9656));
#9656 = SURFACE_STYLE_USAGE(.BOTH.,#9657);
#9657 = SURFACE_SIDE_STYLE('',(#9658));
#9658 = SURFACE_STYLE_FILL_AREA(#9659);
#9659 = FILL_AREA_STYLE('',(#9660));
#9660 = FILL_AREA_STYLE_COLOUR('',#9492);
#9661 = STYLED_ITEM('color',(#9662),#5593);
#9662 = PRESENTATION_STYLE_ASSIGNMENT((#9663));
#9663 = SURFACE_STYLE_USAGE(.BOTH.,#9664);
#9664 = SURFACE_SIDE_STYLE('',(#9665));
#9665 = SURFACE_STYLE_FILL_AREA(#9666);
#9666 = FILL_AREA_STYLE('',(#9667));
#9667 = FILL_AREA_STYLE_COLOUR('',#9492);
#9668 = STYLED_ITEM('color',(#9669),#5617);
#9669 = PRESENTATION_STYLE_ASSIGNMENT((#9670));
#9670 = SURFACE_STYLE_USAGE(.BOTH.,#9671);
#9671 = SURFACE_SIDE_STYLE('',(#9672));
#9672 = SURFACE_STYLE_FILL_AREA(#9673);
#9673 = FILL_AREA_STYLE('',(#9674));
#9674 = FILL_AREA_STYLE_COLOUR('',#9492);
#9675 = STYLED_ITEM('color',(#9676),#5684);
#9676 = PRESENTATION_STYLE_ASSIGNMENT((#9677));
#9677 = SURFACE_STYLE_USAGE(.BOTH.,#9678);
#9678 = SURFACE_SIDE_STYLE('',(#9679));
#9679 = SURFACE_STYLE_FILL_AREA(#9680);
#9680 = FILL_AREA_STYLE('',(#9681));
#9681 = FILL_AREA_STYLE_COLOUR('',#8789);
#9682 = STYLED_ITEM('color',(#9683),#5696);
#9683 = PRESENTATION_STYLE_ASSIGNMENT((#9684));
#9684 = SURFACE_STYLE_USAGE(.BOTH.,#9685);
#9685 = SURFACE_SIDE_STYLE('',(#9686));
#9686 = SURFACE_STYLE_FILL_AREA(#9687);
#9687 = FILL_AREA_STYLE('',(#9688));
#9688 = FILL_AREA_STYLE_COLOUR('',#8789);
#9689 = STYLED_ITEM('color',(#9690),#5708);
#9690 = PRESENTATION_STYLE_ASSIGNMENT((#9691));
#9691 = SURFACE_STYLE_USAGE(.BOTH.,#9692);
#9692 = SURFACE_SIDE_STYLE('',(#9693));
#9693 = SURFACE_STYLE_FILL_AREA(#9694);
#9694 = FILL_AREA_STYLE('',(#9695));
#9695 = FILL_AREA_STYLE_COLOUR('',#9492);
#9696 = STYLED_ITEM('color',(#9697),#5725);
#9697 = PRESENTATION_STYLE_ASSIGNMENT((#9698));
#9698 = SURFACE_STYLE_USAGE(.BOTH.,#9699);
#9699 = SURFACE_SIDE_STYLE('',(#9700));
#9700 = SURFACE_STYLE_FILL_AREA(#9701);
#9701 = FILL_AREA_STYLE('',(#9702));
#9702 = FILL_AREA_STYLE_COLOUR('',#9703);
#9703 = COLOUR_RGB('',0.690999977303,0.663999984767,0.597999987832);
#9704 = STYLED_ITEM('color',(#9705),#5754);
#9705 = PRESENTATION_STYLE_ASSIGNMENT((#9706));
#9706 = SURFACE_STYLE_USAGE(.BOTH.,#9707);
#9707 = SURFACE_SIDE_STYLE('',(#9708));
#9708 = SURFACE_STYLE_FILL_AREA(#9709);
#9709 = FILL_AREA_STYLE('',(#9710));
#9710 = FILL_AREA_STYLE_COLOUR('',#9703);
#9711 = STYLED_ITEM('color',(#9712),#5777);
#9712 = PRESENTATION_STYLE_ASSIGNMENT((#9713));
#9713 = SURFACE_STYLE_USAGE(.BOTH.,#9714);
#9714 = SURFACE_SIDE_STYLE('',(#9715));
#9715 = SURFACE_STYLE_FILL_AREA(#9716);
#9716 = FILL_AREA_STYLE('',(#9717));
#9717 = FILL_AREA_STYLE_COLOUR('',#9703);
#9718 = STYLED_ITEM('color',(#9719),#5800);
#9719 = PRESENTATION_STYLE_ASSIGNMENT((#9720));
#9720 = SURFACE_STYLE_USAGE(.BOTH.,#9721);
#9721 = SURFACE_SIDE_STYLE('',(#9722));
#9722 = SURFACE_STYLE_FILL_AREA(#9723);
#9723 = FILL_AREA_STYLE('',(#9724));
#9724 = FILL_AREA_STYLE_COLOUR('',#9703);
#9725 = STYLED_ITEM('color',(#9726),#5817);
#9726 = PRESENTATION_STYLE_ASSIGNMENT((#9727));
#9727 = SURFACE_STYLE_USAGE(.BOTH.,#9728);
#9728 = SURFACE_SIDE_STYLE('',(#9729));
#9729 = SURFACE_STYLE_FILL_AREA(#9730);
#9730 = FILL_AREA_STYLE('',(#9731));
#9731 = FILL_AREA_STYLE_COLOUR('',#9492);
#9732 = STYLED_ITEM('color',(#9733),#5839);
#9733 = PRESENTATION_STYLE_ASSIGNMENT((#9734));
#9734 = SURFACE_STYLE_USAGE(.BOTH.,#9735);
#9735 = SURFACE_SIDE_STYLE('',(#9736));
#9736 = SURFACE_STYLE_FILL_AREA(#9737);
#9737 = FILL_AREA_STYLE('',(#9738));
#9738 = FILL_AREA_STYLE_COLOUR('',#9492);
#9739 = STYLED_ITEM('color',(#9740),#5851);
#9740 = PRESENTATION_STYLE_ASSIGNMENT((#9741));
#9741 = SURFACE_STYLE_USAGE(.BOTH.,#9742);
#9742 = SURFACE_SIDE_STYLE('',(#9743));
#9743 = SURFACE_STYLE_FILL_AREA(#9744);
#9744 = FILL_AREA_STYLE('',(#9745));
#9745 = FILL_AREA_STYLE_COLOUR('',#9492);
#9746 = STYLED_ITEM('color',(#9747),#5868);
#9747 = PRESENTATION_STYLE_ASSIGNMENT((#9748));
#9748 = SURFACE_STYLE_USAGE(.BOTH.,#9749);
#9749 = SURFACE_SIDE_STYLE('',(#9750));
#9750 = SURFACE_STYLE_FILL_AREA(#9751);
#9751 = FILL_AREA_STYLE('',(#9752));
#9752 = FILL_AREA_STYLE_COLOUR('',#9492);
#9753 = STYLED_ITEM('color',(#9754),#5885);
#9754 = PRESENTATION_STYLE_ASSIGNMENT((#9755));
#9755 = SURFACE_STYLE_USAGE(.BOTH.,#9756);
#9756 = SURFACE_SIDE_STYLE('',(#9757));
#9757 = SURFACE_STYLE_FILL_AREA(#9758);
#9758 = FILL_AREA_STYLE('',(#9759));
#9759 = FILL_AREA_STYLE_COLOUR('',#9492);
#9760 = STYLED_ITEM('color',(#9761),#5902);
#9761 = PRESENTATION_STYLE_ASSIGNMENT((#9762));
#9762 = SURFACE_STYLE_USAGE(.BOTH.,#9763);
#9763 = SURFACE_SIDE_STYLE('',(#9764));
#9764 = SURFACE_STYLE_FILL_AREA(#9765);
#9765 = FILL_AREA_STYLE('',(#9766));
#9766 = FILL_AREA_STYLE_COLOUR('',#9492);
#9767 = STYLED_ITEM('color',(#9768),#5914);
#9768 = PRESENTATION_STYLE_ASSIGNMENT((#9769));
#9769 = SURFACE_STYLE_USAGE(.BOTH.,#9770);
#9770 = SURFACE_SIDE_STYLE('',(#9771));
#9771 = SURFACE_STYLE_FILL_AREA(#9772);
#9772 = FILL_AREA_STYLE('',(#9773));
#9773 = FILL_AREA_STYLE_COLOUR('',#9703);
#9774 = MECHANICAL_DESIGN_GEOMETRIC_PRESENTATION_REPRESENTATION('',(
    #9775),#8770);
#9775 = STYLED_ITEM('color',(#9776),#7700);
#9776 = PRESENTATION_STYLE_ASSIGNMENT((#9777));
#9777 = SURFACE_STYLE_USAGE(.BOTH.,#9778);
#9778 = SURFACE_SIDE_STYLE('',(#9779));
#9779 = SURFACE_STYLE_FILL_AREA(#9780);
#9780 = FILL_AREA_STYLE('',(#9781));
#9781 = FILL_AREA_STYLE_COLOUR('',#9782);
#9782 = COLOUR_RGB('',0.313304153717,0.484529207832,0.410020903123);
#9783 = MECHANICAL_DESIGN_GEOMETRIC_PRESENTATION_REPRESENTATION('',(
    #9784,#9791,#9798,#9805,#9812,#9819,#9826,#9833,#9841,#9848,#9855,
    #9862,#9869,#9876,#9884,#9891,#9898,#9905,#9912,#9919,#9926,#9933,
    #9940,#9947,#9954,#9961),#918);
#9784 = STYLED_ITEM('color',(#9785),#130);
#9785 = PRESENTATION_STYLE_ASSIGNMENT((#9786));
#9786 = SURFACE_STYLE_USAGE(.BOTH.,#9787);
#9787 = SURFACE_SIDE_STYLE('',(#9788));
#9788 = SURFACE_STYLE_FILL_AREA(#9789);
#9789 = FILL_AREA_STYLE('',(#9790));
#9790 = FILL_AREA_STYLE_COLOUR('',#9492);
#9791 = STYLED_ITEM('color',(#9792),#170);
#9792 = PRESENTATION_STYLE_ASSIGNMENT((#9793));
#9793 = SURFACE_STYLE_USAGE(.BOTH.,#9794);
#9794 = SURFACE_SIDE_STYLE('',(#9795));
#9795 = SURFACE_STYLE_FILL_AREA(#9796);
#9796 = FILL_AREA_STYLE('',(#9797));
#9797 = FILL_AREA_STYLE_COLOUR('',#9492);
#9798 = STYLED_ITEM('color',(#9799),#253);
#9799 = PRESENTATION_STYLE_ASSIGNMENT((#9800));
#9800 = SURFACE_STYLE_USAGE(.BOTH.,#9801);
#9801 = SURFACE_SIDE_STYLE('',(#9802));
#9802 = SURFACE_STYLE_FILL_AREA(#9803);
#9803 = FILL_AREA_STYLE('',(#9804));
#9804 = FILL_AREA_STYLE_COLOUR('',#9492);
#9805 = STYLED_ITEM('color',(#9806),#278);
#9806 = PRESENTATION_STYLE_ASSIGNMENT((#9807));
#9807 = SURFACE_STYLE_USAGE(.BOTH.,#9808);
#9808 = SURFACE_SIDE_STYLE('',(#9809));
#9809 = SURFACE_STYLE_FILL_AREA(#9810);
#9810 = FILL_AREA_STYLE('',(#9811));
#9811 = FILL_AREA_STYLE_COLOUR('',#9492);
#9812 = STYLED_ITEM('color',(#9813),#303);
#9813 = PRESENTATION_STYLE_ASSIGNMENT((#9814));
#9814 = SURFACE_STYLE_USAGE(.BOTH.,#9815);
#9815 = SURFACE_SIDE_STYLE('',(#9816));
#9816 = SURFACE_STYLE_FILL_AREA(#9817);
#9817 = FILL_AREA_STYLE('',(#9818));
#9818 = FILL_AREA_STYLE_COLOUR('',#9492);
#9819 = STYLED_ITEM('color',(#9820),#370);
#9820 = PRESENTATION_STYLE_ASSIGNMENT((#9821));
#9821 = SURFACE_STYLE_USAGE(.BOTH.,#9822);
#9822 = SURFACE_SIDE_STYLE('',(#9823));
#9823 = SURFACE_STYLE_FILL_AREA(#9824);
#9824 = FILL_AREA_STYLE('',(#9825));
#9825 = FILL_AREA_STYLE_COLOUR('',#9492);
#9826 = STYLED_ITEM('color',(#9827),#387);
#9827 = PRESENTATION_STYLE_ASSIGNMENT((#9828));
#9828 = SURFACE_STYLE_USAGE(.BOTH.,#9829);
#9829 = SURFACE_SIDE_STYLE('',(#9830));
#9830 = SURFACE_STYLE_FILL_AREA(#9831);
#9831 = FILL_AREA_STYLE('',(#9832));
#9832 = FILL_AREA_STYLE_COLOUR('',#9492);
#9833 = STYLED_ITEM('color',(#9834),#404);
#9834 = PRESENTATION_STYLE_ASSIGNMENT((#9835));
#9835 = SURFACE_STYLE_USAGE(.BOTH.,#9836);
#9836 = SURFACE_SIDE_STYLE('',(#9837));
#9837 = SURFACE_STYLE_FILL_AREA(#9838);
#9838 = FILL_AREA_STYLE('',(#9839));
#9839 = FILL_AREA_STYLE_COLOUR('',#9840);
#9840 = COLOUR_RGB('',0.894999966383,0.890999961016,0.813000030345);
#9841 = STYLED_ITEM('color',(#9842),#453);
#9842 = PRESENTATION_STYLE_ASSIGNMENT((#9843));
#9843 = SURFACE_STYLE_USAGE(.BOTH.,#9844);
#9844 = SURFACE_SIDE_STYLE('',(#9845));
#9845 = SURFACE_STYLE_FILL_AREA(#9846);
#9846 = FILL_AREA_STYLE('',(#9847));
#9847 = FILL_AREA_STYLE_COLOUR('',#9492);
#9848 = STYLED_ITEM('color',(#9849),#470);
#9849 = PRESENTATION_STYLE_ASSIGNMENT((#9850));
#9850 = SURFACE_STYLE_USAGE(.BOTH.,#9851);
#9851 = SURFACE_SIDE_STYLE('',(#9852));
#9852 = SURFACE_STYLE_FILL_AREA(#9853);
#9853 = FILL_AREA_STYLE('',(#9854));
#9854 = FILL_AREA_STYLE_COLOUR('',#9492);
#9855 = STYLED_ITEM('color',(#9856),#487);
#9856 = PRESENTATION_STYLE_ASSIGNMENT((#9857));
#9857 = SURFACE_STYLE_USAGE(.BOTH.,#9858);
#9858 = SURFACE_SIDE_STYLE('',(#9859));
#9859 = SURFACE_STYLE_FILL_AREA(#9860);
#9860 = FILL_AREA_STYLE('',(#9861));
#9861 = FILL_AREA_STYLE_COLOUR('',#9840);
#9862 = STYLED_ITEM('color',(#9863),#536);
#9863 = PRESENTATION_STYLE_ASSIGNMENT((#9864));
#9864 = SURFACE_STYLE_USAGE(.BOTH.,#9865);
#9865 = SURFACE_SIDE_STYLE('',(#9866));
#9866 = SURFACE_STYLE_FILL_AREA(#9867);
#9867 = FILL_AREA_STYLE('',(#9868));
#9868 = FILL_AREA_STYLE_COLOUR('',#9840);
#9869 = STYLED_ITEM('color',(#9870),#553);
#9870 = PRESENTATION_STYLE_ASSIGNMENT((#9871));
#9871 = SURFACE_STYLE_USAGE(.BOTH.,#9872);
#9872 = SURFACE_SIDE_STYLE('',(#9873));
#9873 = SURFACE_STYLE_FILL_AREA(#9874);
#9874 = FILL_AREA_STYLE('',(#9875));
#9875 = FILL_AREA_STYLE_COLOUR('',#9492);
#9876 = STYLED_ITEM('color',(#9877),#622);
#9877 = PRESENTATION_STYLE_ASSIGNMENT((#9878));
#9878 = SURFACE_STYLE_USAGE(.BOTH.,#9879);
#9879 = SURFACE_SIDE_STYLE('',(#9880));
#9880 = SURFACE_STYLE_FILL_AREA(#9881);
#9881 = FILL_AREA_STYLE('',(#9882));
#9882 = FILL_AREA_STYLE_COLOUR('',#9883);
#9883 = COLOUR_RGB('',8.200000279077E-02,8.600000121357E-02,
  9.399999706163E-02);
#9884 = STYLED_ITEM('color',(#9885),#653);
#9885 = PRESENTATION_STYLE_ASSIGNMENT((#9886));
#9886 = SURFACE_STYLE_USAGE(.BOTH.,#9887);
#9887 = SURFACE_SIDE_STYLE('',(#9888));
#9888 = SURFACE_STYLE_FILL_AREA(#9889);
#9889 = FILL_AREA_STYLE('',(#9890));
#9890 = FILL_AREA_STYLE_COLOUR('',#9883);
#9891 = STYLED_ITEM('color',(#9892),#677);
#9892 = PRESENTATION_STYLE_ASSIGNMENT((#9893));
#9893 = SURFACE_STYLE_USAGE(.BOTH.,#9894);
#9894 = SURFACE_SIDE_STYLE('',(#9895));
#9895 = SURFACE_STYLE_FILL_AREA(#9896);
#9896 = FILL_AREA_STYLE('',(#9897));
#9897 = FILL_AREA_STYLE_COLOUR('',#9492);
#9898 = STYLED_ITEM('color',(#9899),#746);
#9899 = PRESENTATION_STYLE_ASSIGNMENT((#9900));
#9900 = SURFACE_STYLE_USAGE(.BOTH.,#9901);
#9901 = SURFACE_SIDE_STYLE('',(#9902));
#9902 = SURFACE_STYLE_FILL_AREA(#9903);
#9903 = FILL_AREA_STYLE('',(#9904));
#9904 = FILL_AREA_STYLE_COLOUR('',#9883);
#9905 = STYLED_ITEM('color',(#9906),#770);
#9906 = PRESENTATION_STYLE_ASSIGNMENT((#9907));
#9907 = SURFACE_STYLE_USAGE(.BOTH.,#9908);
#9908 = SURFACE_SIDE_STYLE('',(#9909));
#9909 = SURFACE_STYLE_FILL_AREA(#9910);
#9910 = FILL_AREA_STYLE('',(#9911));
#9911 = FILL_AREA_STYLE_COLOUR('',#9492);
#9912 = STYLED_ITEM('color',(#9913),#787);
#9913 = PRESENTATION_STYLE_ASSIGNMENT((#9914));
#9914 = SURFACE_STYLE_USAGE(.BOTH.,#9915);
#9915 = SURFACE_SIDE_STYLE('',(#9916));
#9916 = SURFACE_STYLE_FILL_AREA(#9917);
#9917 = FILL_AREA_STYLE('',(#9918));
#9918 = FILL_AREA_STYLE_COLOUR('',#9492);
#9919 = STYLED_ITEM('color',(#9920),#804);
#9920 = PRESENTATION_STYLE_ASSIGNMENT((#9921));
#9921 = SURFACE_STYLE_USAGE(.BOTH.,#9922);
#9922 = SURFACE_SIDE_STYLE('',(#9923));
#9923 = SURFACE_STYLE_FILL_AREA(#9924);
#9924 = FILL_AREA_STYLE('',(#9925));
#9925 = FILL_AREA_STYLE_COLOUR('',#9492);
#9926 = STYLED_ITEM('color',(#9927),#821);
#9927 = PRESENTATION_STYLE_ASSIGNMENT((#9928));
#9928 = SURFACE_STYLE_USAGE(.BOTH.,#9929);
#9929 = SURFACE_SIDE_STYLE('',(#9930));
#9930 = SURFACE_STYLE_FILL_AREA(#9931);
#9931 = FILL_AREA_STYLE('',(#9932));
#9932 = FILL_AREA_STYLE_COLOUR('',#9492);
#9933 = STYLED_ITEM('color',(#9934),#838);
#9934 = PRESENTATION_STYLE_ASSIGNMENT((#9935));
#9935 = SURFACE_STYLE_USAGE(.BOTH.,#9936);
#9936 = SURFACE_SIDE_STYLE('',(#9937));
#9937 = SURFACE_STYLE_FILL_AREA(#9938);
#9938 = FILL_AREA_STYLE('',(#9939));
#9939 = FILL_AREA_STYLE_COLOUR('',#9492);
#9940 = STYLED_ITEM('color',(#9941),#855);
#9941 = PRESENTATION_STYLE_ASSIGNMENT((#9942));
#9942 = SURFACE_STYLE_USAGE(.BOTH.,#9943);
#9943 = SURFACE_SIDE_STYLE('',(#9944));
#9944 = SURFACE_STYLE_FILL_AREA(#9945);
#9945 = FILL_AREA_STYLE('',(#9946));
#9946 = FILL_AREA_STYLE_COLOUR('',#9492);
#9947 = STYLED_ITEM('color',(#9948),#872);
#9948 = PRESENTATION_STYLE_ASSIGNMENT((#9949));
#9949 = SURFACE_STYLE_USAGE(.BOTH.,#9950);
#9950 = SURFACE_SIDE_STYLE('',(#9951));
#9951 = SURFACE_STYLE_FILL_AREA(#9952);
#9952 = FILL_AREA_STYLE('',(#9953));
#9953 = FILL_AREA_STYLE_COLOUR('',#9492);
#9954 = STYLED_ITEM('color',(#9955),#889);
#9955 = PRESENTATION_STYLE_ASSIGNMENT((#9956));
#9956 = SURFACE_STYLE_USAGE(.BOTH.,#9957);
#9957 = SURFACE_SIDE_STYLE('',(#9958));
#9958 = SURFACE_STYLE_FILL_AREA(#9959);
#9959 = FILL_AREA_STYLE('',(#9960));
#9960 = FILL_AREA_STYLE_COLOUR('',#9883);
#9961 = STYLED_ITEM('color',(#9962),#906);
#9962 = PRESENTATION_STYLE_ASSIGNMENT((#9963));
#9963 = SURFACE_STYLE_USAGE(.BOTH.,#9964);
#9964 = SURFACE_SIDE_STYLE('',(#9965));
#9965 = SURFACE_STYLE_FILL_AREA(#9966);
#9966 = FILL_AREA_STYLE('',(#9967));
#9967 = FILL_AREA_STYLE_COLOUR('',#9883);
#9968 = MECHANICAL_DESIGN_GEOMETRIC_PRESENTATION_REPRESENTATION('',(
    #9969,#9978,#9987,#9996,#10005,#10014,#10023,#10032,#10041,#10050,
    #10059,#10068,#10077,#10086,#10095,#10104,#10113,#10122,#10131,
    #10140,#10149,#10158,#10167,#10176,#10185,#10194,#10203,#10212,
    #10221,#10230,#10239,#10248,#10257,#10266,#10275,#10284,#10293,
    #10302,#10311,#10320,#10329,#10338,#10347,#10356,#10365,#10374,
    #10383,#10392,#10401,#10410,#10419,#10428,#10437,#10446,#10455,
    #10464,#10473,#10482,#10491),#7661);
#9969 = STYLED_ITEM('color',(#9970),#5975);
#9970 = PRESENTATION_STYLE_ASSIGNMENT((#9971,#9976));
#9971 = SURFACE_STYLE_USAGE(.BOTH.,#9972);
#9972 = SURFACE_SIDE_STYLE('',(#9973));
#9973 = SURFACE_STYLE_FILL_AREA(#9974);
#9974 = FILL_AREA_STYLE('',(#9975));
#9975 = FILL_AREA_STYLE_COLOUR('',#8789);
#9976 = CURVE_STYLE('',#9977,POSITIVE_LENGTH_MEASURE(0.1),#8789);
#9977 = DRAUGHTING_PRE_DEFINED_CURVE_FONT('continuous');
#9978 = STYLED_ITEM('color',(#9979),#6029);
#9979 = PRESENTATION_STYLE_ASSIGNMENT((#9980,#9985));
#9980 = SURFACE_STYLE_USAGE(.BOTH.,#9981);
#9981 = SURFACE_SIDE_STYLE('',(#9982));
#9982 = SURFACE_STYLE_FILL_AREA(#9983);
#9983 = FILL_AREA_STYLE('',(#9984));
#9984 = FILL_AREA_STYLE_COLOUR('',#8789);
#9985 = CURVE_STYLE('',#9986,POSITIVE_LENGTH_MEASURE(0.1),#8789);
#9986 = DRAUGHTING_PRE_DEFINED_CURVE_FONT('continuous');
#9987 = STYLED_ITEM('color',(#9988),#6092);
#9988 = PRESENTATION_STYLE_ASSIGNMENT((#9989,#9994));
#9989 = SURFACE_STYLE_USAGE(.BOTH.,#9990);
#9990 = SURFACE_SIDE_STYLE('',(#9991));
#9991 = SURFACE_STYLE_FILL_AREA(#9992);
#9992 = FILL_AREA_STYLE('',(#9993));
#9993 = FILL_AREA_STYLE_COLOUR('',#8789);
#9994 = CURVE_STYLE('',#9995,POSITIVE_LENGTH_MEASURE(0.1),#8789);
#9995 = DRAUGHTING_PRE_DEFINED_CURVE_FONT('continuous');
#9996 = STYLED_ITEM('color',(#9997),#6115);
#9997 = PRESENTATION_STYLE_ASSIGNMENT((#9998,#10003));
#9998 = SURFACE_STYLE_USAGE(.BOTH.,#9999);
#9999 = SURFACE_SIDE_STYLE('',(#10000));
#10000 = SURFACE_STYLE_FILL_AREA(#10001);
#10001 = FILL_AREA_STYLE('',(#10002));
#10002 = FILL_AREA_STYLE_COLOUR('',#8789);
#10003 = CURVE_STYLE('',#10004,POSITIVE_LENGTH_MEASURE(0.1),#8789);
#10004 = DRAUGHTING_PRE_DEFINED_CURVE_FONT('continuous');
#10005 = STYLED_ITEM('color',(#10006),#6145);
#10006 = PRESENTATION_STYLE_ASSIGNMENT((#10007,#10012));
#10007 = SURFACE_STYLE_USAGE(.BOTH.,#10008);
#10008 = SURFACE_SIDE_STYLE('',(#10009));
#10009 = SURFACE_STYLE_FILL_AREA(#10010);
#10010 = FILL_AREA_STYLE('',(#10011));
#10011 = FILL_AREA_STYLE_COLOUR('',#9492);
#10012 = CURVE_STYLE('',#10013,POSITIVE_LENGTH_MEASURE(0.1),#9492);
#10013 = DRAUGHTING_PRE_DEFINED_CURVE_FONT('continuous');
#10014 = STYLED_ITEM('color',(#10015),#6178);
#10015 = PRESENTATION_STYLE_ASSIGNMENT((#10016,#10021));
#10016 = SURFACE_STYLE_USAGE(.BOTH.,#10017);
#10017 = SURFACE_SIDE_STYLE('',(#10018));
#10018 = SURFACE_STYLE_FILL_AREA(#10019);
#10019 = FILL_AREA_STYLE('',(#10020));
#10020 = FILL_AREA_STYLE_COLOUR('',#8789);
#10021 = CURVE_STYLE('',#10022,POSITIVE_LENGTH_MEASURE(0.1),#8789);
#10022 = DRAUGHTING_PRE_DEFINED_CURVE_FONT('continuous');
#10023 = STYLED_ITEM('color',(#10024),#6208);
#10024 = PRESENTATION_STYLE_ASSIGNMENT((#10025,#10030));
#10025 = SURFACE_STYLE_USAGE(.BOTH.,#10026);
#10026 = SURFACE_SIDE_STYLE('',(#10027));
#10027 = SURFACE_STYLE_FILL_AREA(#10028);
#10028 = FILL_AREA_STYLE('',(#10029));
#10029 = FILL_AREA_STYLE_COLOUR('',#8789);
#10030 = CURVE_STYLE('',#10031,POSITIVE_LENGTH_MEASURE(0.1),#8789);
#10031 = DRAUGHTING_PRE_DEFINED_CURVE_FONT('continuous');
#10032 = STYLED_ITEM('color',(#10033),#6231);
#10033 = PRESENTATION_STYLE_ASSIGNMENT((#10034,#10039));
#10034 = SURFACE_STYLE_USAGE(.BOTH.,#10035);
#10035 = SURFACE_SIDE_STYLE('',(#10036));
#10036 = SURFACE_STYLE_FILL_AREA(#10037);
#10037 = FILL_AREA_STYLE('',(#10038));
#10038 = FILL_AREA_STYLE_COLOUR('',#8789);
#10039 = CURVE_STYLE('',#10040,POSITIVE_LENGTH_MEASURE(0.1),#8789);
#10040 = DRAUGHTING_PRE_DEFINED_CURVE_FONT('continuous');
#10041 = STYLED_ITEM('color',(#10042),#6254);
#10042 = PRESENTATION_STYLE_ASSIGNMENT((#10043,#10048));
#10043 = SURFACE_STYLE_USAGE(.BOTH.,#10044);
#10044 = SURFACE_SIDE_STYLE('',(#10045));
#10045 = SURFACE_STYLE_FILL_AREA(#10046);
#10046 = FILL_AREA_STYLE('',(#10047));
#10047 = FILL_AREA_STYLE_COLOUR('',#8789);
#10048 = CURVE_STYLE('',#10049,POSITIVE_LENGTH_MEASURE(0.1),#8789);
#10049 = DRAUGHTING_PRE_DEFINED_CURVE_FONT('continuous');
#10050 = STYLED_ITEM('color',(#10051),#6277);
#10051 = PRESENTATION_STYLE_ASSIGNMENT((#10052,#10057));
#10052 = SURFACE_STYLE_USAGE(.BOTH.,#10053);
#10053 = SURFACE_SIDE_STYLE('',(#10054));
#10054 = SURFACE_STYLE_FILL_AREA(#10055);
#10055 = FILL_AREA_STYLE('',(#10056));
#10056 = FILL_AREA_STYLE_COLOUR('',#8789);
#10057 = CURVE_STYLE('',#10058,POSITIVE_LENGTH_MEASURE(0.1),#8789);
#10058 = DRAUGHTING_PRE_DEFINED_CURVE_FONT('continuous');
#10059 = STYLED_ITEM('color',(#10060),#6300);
#10060 = PRESENTATION_STYLE_ASSIGNMENT((#10061,#10066));
#10061 = SURFACE_STYLE_USAGE(.BOTH.,#10062);
#10062 = SURFACE_SIDE_STYLE('',(#10063));
#10063 = SURFACE_STYLE_FILL_AREA(#10064);
#10064 = FILL_AREA_STYLE('',(#10065));
#10065 = FILL_AREA_STYLE_COLOUR('',#8789);
#10066 = CURVE_STYLE('',#10067,POSITIVE_LENGTH_MEASURE(0.1),#8789);
#10067 = DRAUGHTING_PRE_DEFINED_CURVE_FONT('continuous');
#10068 = STYLED_ITEM('color',(#10069),#6323);
#10069 = PRESENTATION_STYLE_ASSIGNMENT((#10070,#10075));
#10070 = SURFACE_STYLE_USAGE(.BOTH.,#10071);
#10071 = SURFACE_SIDE_STYLE('',(#10072));
#10072 = SURFACE_STYLE_FILL_AREA(#10073);
#10073 = FILL_AREA_STYLE('',(#10074));
#10074 = FILL_AREA_STYLE_COLOUR('',#8789);
#10075 = CURVE_STYLE('',#10076,POSITIVE_LENGTH_MEASURE(0.1),#8789);
#10076 = DRAUGHTING_PRE_DEFINED_CURVE_FONT('continuous');
#10077 = STYLED_ITEM('color',(#10078),#6356);
#10078 = PRESENTATION_STYLE_ASSIGNMENT((#10079,#10084));
#10079 = SURFACE_STYLE_USAGE(.BOTH.,#10080);
#10080 = SURFACE_SIDE_STYLE('',(#10081));
#10081 = SURFACE_STYLE_FILL_AREA(#10082);
#10082 = FILL_AREA_STYLE('',(#10083));
#10083 = FILL_AREA_STYLE_COLOUR('',#8789);
#10084 = CURVE_STYLE('',#10085,POSITIVE_LENGTH_MEASURE(0.1),#8789);
#10085 = DRAUGHTING_PRE_DEFINED_CURVE_FONT('continuous');
#10086 = STYLED_ITEM('color',(#10087),#6379);
#10087 = PRESENTATION_STYLE_ASSIGNMENT((#10088,#10093));
#10088 = SURFACE_STYLE_USAGE(.BOTH.,#10089);
#10089 = SURFACE_SIDE_STYLE('',(#10090));
#10090 = SURFACE_STYLE_FILL_AREA(#10091);
#10091 = FILL_AREA_STYLE('',(#10092));
#10092 = FILL_AREA_STYLE_COLOUR('',#8789);
#10093 = CURVE_STYLE('',#10094,POSITIVE_LENGTH_MEASURE(0.1),#8789);
#10094 = DRAUGHTING_PRE_DEFINED_CURVE_FONT('continuous');
#10095 = STYLED_ITEM('color',(#10096),#6402);
#10096 = PRESENTATION_STYLE_ASSIGNMENT((#10097,#10102));
#10097 = SURFACE_STYLE_USAGE(.BOTH.,#10098);
#10098 = SURFACE_SIDE_STYLE('',(#10099));
#10099 = SURFACE_STYLE_FILL_AREA(#10100);
#10100 = FILL_AREA_STYLE('',(#10101));
#10101 = FILL_AREA_STYLE_COLOUR('',#8789);
#10102 = CURVE_STYLE('',#10103,POSITIVE_LENGTH_MEASURE(0.1),#8789);
#10103 = DRAUGHTING_PRE_DEFINED_CURVE_FONT('continuous');
#10104 = STYLED_ITEM('color',(#10105),#6490);
#10105 = PRESENTATION_STYLE_ASSIGNMENT((#10106,#10111));
#10106 = SURFACE_STYLE_USAGE(.BOTH.,#10107);
#10107 = SURFACE_SIDE_STYLE('',(#10108));
#10108 = SURFACE_STYLE_FILL_AREA(#10109);
#10109 = FILL_AREA_STYLE('',(#10110));
#10110 = FILL_AREA_STYLE_COLOUR('',#9492);
#10111 = CURVE_STYLE('',#10112,POSITIVE_LENGTH_MEASURE(0.1),#9492);
#10112 = DRAUGHTING_PRE_DEFINED_CURVE_FONT('continuous');
#10113 = STYLED_ITEM('color',(#10114),#6565);
#10114 = PRESENTATION_STYLE_ASSIGNMENT((#10115,#10120));
#10115 = SURFACE_STYLE_USAGE(.BOTH.,#10116);
#10116 = SURFACE_SIDE_STYLE('',(#10117));
#10117 = SURFACE_STYLE_FILL_AREA(#10118);
#10118 = FILL_AREA_STYLE('',(#10119));
#10119 = FILL_AREA_STYLE_COLOUR('',#9492);
#10120 = CURVE_STYLE('',#10121,POSITIVE_LENGTH_MEASURE(0.1),#9492);
#10121 = DRAUGHTING_PRE_DEFINED_CURVE_FONT('continuous');
#10122 = STYLED_ITEM('color',(#10123),#6589);
#10123 = PRESENTATION_STYLE_ASSIGNMENT((#10124,#10129));
#10124 = SURFACE_STYLE_USAGE(.BOTH.,#10125);
#10125 = SURFACE_SIDE_STYLE('',(#10126));
#10126 = SURFACE_STYLE_FILL_AREA(#10127);
#10127 = FILL_AREA_STYLE('',(#10128));
#10128 = FILL_AREA_STYLE_COLOUR('',#9492);
#10129 = CURVE_STYLE('',#10130,POSITIVE_LENGTH_MEASURE(0.1),#9492);
#10130 = DRAUGHTING_PRE_DEFINED_CURVE_FONT('continuous');
#10131 = STYLED_ITEM('color',(#10132),#6657);
#10132 = PRESENTATION_STYLE_ASSIGNMENT((#10133,#10138));
#10133 = SURFACE_STYLE_USAGE(.BOTH.,#10134);
#10134 = SURFACE_SIDE_STYLE('',(#10135));
#10135 = SURFACE_STYLE_FILL_AREA(#10136);
#10136 = FILL_AREA_STYLE('',(#10137));
#10137 = FILL_AREA_STYLE_COLOUR('',#8789);
#10138 = CURVE_STYLE('',#10139,POSITIVE_LENGTH_MEASURE(0.1),#8789);
#10139 = DRAUGHTING_PRE_DEFINED_CURVE_FONT('continuous');
#10140 = STYLED_ITEM('color',(#10141),#6745);
#10141 = PRESENTATION_STYLE_ASSIGNMENT((#10142,#10147));
#10142 = SURFACE_STYLE_USAGE(.BOTH.,#10143);
#10143 = SURFACE_SIDE_STYLE('',(#10144));
#10144 = SURFACE_STYLE_FILL_AREA(#10145);
#10145 = FILL_AREA_STYLE('',(#10146));
#10146 = FILL_AREA_STYLE_COLOUR('',#8789);
#10147 = CURVE_STYLE('',#10148,POSITIVE_LENGTH_MEASURE(0.1),#8789);
#10148 = DRAUGHTING_PRE_DEFINED_CURVE_FONT('continuous');
#10149 = STYLED_ITEM('color',(#10150),#6761);
#10150 = PRESENTATION_STYLE_ASSIGNMENT((#10151,#10156));
#10151 = SURFACE_STYLE_USAGE(.BOTH.,#10152);
#10152 = SURFACE_SIDE_STYLE('',(#10153));
#10153 = SURFACE_STYLE_FILL_AREA(#10154);
#10154 = FILL_AREA_STYLE('',(#10155));
#10155 = FILL_AREA_STYLE_COLOUR('',#8789);
#10156 = CURVE_STYLE('',#10157,POSITIVE_LENGTH_MEASURE(0.1),#8789);
#10157 = DRAUGHTING_PRE_DEFINED_CURVE_FONT('continuous');
#10158 = STYLED_ITEM('color',(#10159),#6777);
#10159 = PRESENTATION_STYLE_ASSIGNMENT((#10160,#10165));
#10160 = SURFACE_STYLE_USAGE(.BOTH.,#10161);
#10161 = SURFACE_SIDE_STYLE('',(#10162));
#10162 = SURFACE_STYLE_FILL_AREA(#10163);
#10163 = FILL_AREA_STYLE('',(#10164));
#10164 = FILL_AREA_STYLE_COLOUR('',#8789);
#10165 = CURVE_STYLE('',#10166,POSITIVE_LENGTH_MEASURE(0.1),#8789);
#10166 = DRAUGHTING_PRE_DEFINED_CURVE_FONT('continuous');
#10167 = STYLED_ITEM('color',(#10168),#6793);
#10168 = PRESENTATION_STYLE_ASSIGNMENT((#10169,#10174));
#10169 = SURFACE_STYLE_USAGE(.BOTH.,#10170);
#10170 = SURFACE_SIDE_STYLE('',(#10171));
#10171 = SURFACE_STYLE_FILL_AREA(#10172);
#10172 = FILL_AREA_STYLE('',(#10173));
#10173 = FILL_AREA_STYLE_COLOUR('',#8789);
#10174 = CURVE_STYLE('',#10175,POSITIVE_LENGTH_MEASURE(0.1),#8789);
#10175 = DRAUGHTING_PRE_DEFINED_CURVE_FONT('continuous');
#10176 = STYLED_ITEM('color',(#10177),#6809);
#10177 = PRESENTATION_STYLE_ASSIGNMENT((#10178,#10183));
#10178 = SURFACE_STYLE_USAGE(.BOTH.,#10179);
#10179 = SURFACE_SIDE_STYLE('',(#10180));
#10180 = SURFACE_STYLE_FILL_AREA(#10181);
#10181 = FILL_AREA_STYLE('',(#10182));
#10182 = FILL_AREA_STYLE_COLOUR('',#8789);
#10183 = CURVE_STYLE('',#10184,POSITIVE_LENGTH_MEASURE(0.1),#8789);
#10184 = DRAUGHTING_PRE_DEFINED_CURVE_FONT('continuous');
#10185 = STYLED_ITEM('color',(#10186),#6826);
#10186 = PRESENTATION_STYLE_ASSIGNMENT((#10187,#10192));
#10187 = SURFACE_STYLE_USAGE(.BOTH.,#10188);
#10188 = SURFACE_SIDE_STYLE('',(#10189));
#10189 = SURFACE_STYLE_FILL_AREA(#10190);
#10190 = FILL_AREA_STYLE('',(#10191));
#10191 = FILL_AREA_STYLE_COLOUR('',#9492);
#10192 = CURVE_STYLE('',#10193,POSITIVE_LENGTH_MEASURE(0.1),#9492);
#10193 = DRAUGHTING_PRE_DEFINED_CURVE_FONT('continuous');
#10194 = STYLED_ITEM('color',(#10195),#6859);
#10195 = PRESENTATION_STYLE_ASSIGNMENT((#10196,#10201));
#10196 = SURFACE_STYLE_USAGE(.BOTH.,#10197);
#10197 = SURFACE_SIDE_STYLE('',(#10198));
#10198 = SURFACE_STYLE_FILL_AREA(#10199);
#10199 = FILL_AREA_STYLE('',(#10200));
#10200 = FILL_AREA_STYLE_COLOUR('',#8789);
#10201 = CURVE_STYLE('',#10202,POSITIVE_LENGTH_MEASURE(0.1),#8789);
#10202 = DRAUGHTING_PRE_DEFINED_CURVE_FONT('continuous');
#10203 = STYLED_ITEM('color',(#10204),#6876);
#10204 = PRESENTATION_STYLE_ASSIGNMENT((#10205,#10210));
#10205 = SURFACE_STYLE_USAGE(.BOTH.,#10206);
#10206 = SURFACE_SIDE_STYLE('',(#10207));
#10207 = SURFACE_STYLE_FILL_AREA(#10208);
#10208 = FILL_AREA_STYLE('',(#10209));
#10209 = FILL_AREA_STYLE_COLOUR('',#9492);
#10210 = CURVE_STYLE('',#10211,POSITIVE_LENGTH_MEASURE(0.1),#9492);
#10211 = DRAUGHTING_PRE_DEFINED_CURVE_FONT('continuous');
#10212 = STYLED_ITEM('color',(#10213),#6898);
#10213 = PRESENTATION_STYLE_ASSIGNMENT((#10214,#10219));
#10214 = SURFACE_STYLE_USAGE(.BOTH.,#10215);
#10215 = SURFACE_SIDE_STYLE('',(#10216));
#10216 = SURFACE_STYLE_FILL_AREA(#10217);
#10217 = FILL_AREA_STYLE('',(#10218));
#10218 = FILL_AREA_STYLE_COLOUR('',#8789);
#10219 = CURVE_STYLE('',#10220,POSITIVE_LENGTH_MEASURE(0.1),#8789);
#10220 = DRAUGHTING_PRE_DEFINED_CURVE_FONT('continuous');
#10221 = STYLED_ITEM('color',(#10222),#6929);
#10222 = PRESENTATION_STYLE_ASSIGNMENT((#10223,#10228));
#10223 = SURFACE_STYLE_USAGE(.BOTH.,#10224);
#10224 = SURFACE_SIDE_STYLE('',(#10225));
#10225 = SURFACE_STYLE_FILL_AREA(#10226);
#10226 = FILL_AREA_STYLE('',(#10227));
#10227 = FILL_AREA_STYLE_COLOUR('',#8789);
#10228 = CURVE_STYLE('',#10229,POSITIVE_LENGTH_MEASURE(0.1),#8789);
#10229 = DRAUGHTING_PRE_DEFINED_CURVE_FONT('continuous');
#10230 = STYLED_ITEM('color',(#10231),#6952);
#10231 = PRESENTATION_STYLE_ASSIGNMENT((#10232,#10237));
#10232 = SURFACE_STYLE_USAGE(.BOTH.,#10233);
#10233 = SURFACE_SIDE_STYLE('',(#10234));
#10234 = SURFACE_STYLE_FILL_AREA(#10235);
#10235 = FILL_AREA_STYLE('',(#10236));
#10236 = FILL_AREA_STYLE_COLOUR('',#8789);
#10237 = CURVE_STYLE('',#10238,POSITIVE_LENGTH_MEASURE(0.1),#8789);
#10238 = DRAUGHTING_PRE_DEFINED_CURVE_FONT('continuous');
#10239 = STYLED_ITEM('color',(#10240),#6975);
#10240 = PRESENTATION_STYLE_ASSIGNMENT((#10241,#10246));
#10241 = SURFACE_STYLE_USAGE(.BOTH.,#10242);
#10242 = SURFACE_SIDE_STYLE('',(#10243));
#10243 = SURFACE_STYLE_FILL_AREA(#10244);
#10244 = FILL_AREA_STYLE('',(#10245));
#10245 = FILL_AREA_STYLE_COLOUR('',#8789);
#10246 = CURVE_STYLE('',#10247,POSITIVE_LENGTH_MEASURE(0.1),#8789);
#10247 = DRAUGHTING_PRE_DEFINED_CURVE_FONT('continuous');
#10248 = STYLED_ITEM('color',(#10249),#6998);
#10249 = PRESENTATION_STYLE_ASSIGNMENT((#10250,#10255));
#10250 = SURFACE_STYLE_USAGE(.BOTH.,#10251);
#10251 = SURFACE_SIDE_STYLE('',(#10252));
#10252 = SURFACE_STYLE_FILL_AREA(#10253);
#10253 = FILL_AREA_STYLE('',(#10254));
#10254 = FILL_AREA_STYLE_COLOUR('',#8789);
#10255 = CURVE_STYLE('',#10256,POSITIVE_LENGTH_MEASURE(0.1),#8789);
#10256 = DRAUGHTING_PRE_DEFINED_CURVE_FONT('continuous');
#10257 = STYLED_ITEM('color',(#10258),#7028);
#10258 = PRESENTATION_STYLE_ASSIGNMENT((#10259,#10264));
#10259 = SURFACE_STYLE_USAGE(.BOTH.,#10260);
#10260 = SURFACE_SIDE_STYLE('',(#10261));
#10261 = SURFACE_STYLE_FILL_AREA(#10262);
#10262 = FILL_AREA_STYLE('',(#10263));
#10263 = FILL_AREA_STYLE_COLOUR('',#9492);
#10264 = CURVE_STYLE('',#10265,POSITIVE_LENGTH_MEASURE(0.1),#9492);
#10265 = DRAUGHTING_PRE_DEFINED_CURVE_FONT('continuous');
#10266 = STYLED_ITEM('color',(#10267),#7045);
#10267 = PRESENTATION_STYLE_ASSIGNMENT((#10268,#10273));
#10268 = SURFACE_STYLE_USAGE(.BOTH.,#10269);
#10269 = SURFACE_SIDE_STYLE('',(#10270));
#10270 = SURFACE_STYLE_FILL_AREA(#10271);
#10271 = FILL_AREA_STYLE('',(#10272));
#10272 = FILL_AREA_STYLE_COLOUR('',#9492);
#10273 = CURVE_STYLE('',#10274,POSITIVE_LENGTH_MEASURE(0.1),#9492);
#10274 = DRAUGHTING_PRE_DEFINED_CURVE_FONT('continuous');
#10275 = STYLED_ITEM('color',(#10276),#7062);
#10276 = PRESENTATION_STYLE_ASSIGNMENT((#10277,#10282));
#10277 = SURFACE_STYLE_USAGE(.BOTH.,#10278);
#10278 = SURFACE_SIDE_STYLE('',(#10279));
#10279 = SURFACE_STYLE_FILL_AREA(#10280);
#10280 = FILL_AREA_STYLE('',(#10281));
#10281 = FILL_AREA_STYLE_COLOUR('',#9492);
#10282 = CURVE_STYLE('',#10283,POSITIVE_LENGTH_MEASURE(0.1),#9492);
#10283 = DRAUGHTING_PRE_DEFINED_CURVE_FONT('continuous');
#10284 = STYLED_ITEM('color',(#10285),#7079);
#10285 = PRESENTATION_STYLE_ASSIGNMENT((#10286,#10291));
#10286 = SURFACE_STYLE_USAGE(.BOTH.,#10287);
#10287 = SURFACE_SIDE_STYLE('',(#10288));
#10288 = SURFACE_STYLE_FILL_AREA(#10289);
#10289 = FILL_AREA_STYLE('',(#10290));
#10290 = FILL_AREA_STYLE_COLOUR('',#9492);
#10291 = CURVE_STYLE('',#10292,POSITIVE_LENGTH_MEASURE(0.1),#9492);
#10292 = DRAUGHTING_PRE_DEFINED_CURVE_FONT('continuous');
#10293 = STYLED_ITEM('color',(#10294),#7096);
#10294 = PRESENTATION_STYLE_ASSIGNMENT((#10295,#10300));
#10295 = SURFACE_STYLE_USAGE(.BOTH.,#10296);
#10296 = SURFACE_SIDE_STYLE('',(#10297));
#10297 = SURFACE_STYLE_FILL_AREA(#10298);
#10298 = FILL_AREA_STYLE('',(#10299));
#10299 = FILL_AREA_STYLE_COLOUR('',#9492);
#10300 = CURVE_STYLE('',#10301,POSITIVE_LENGTH_MEASURE(0.1),#9492);
#10301 = DRAUGHTING_PRE_DEFINED_CURVE_FONT('continuous');
#10302 = STYLED_ITEM('color',(#10303),#7113);
#10303 = PRESENTATION_STYLE_ASSIGNMENT((#10304,#10309));
#10304 = SURFACE_STYLE_USAGE(.BOTH.,#10305);
#10305 = SURFACE_SIDE_STYLE('',(#10306));
#10306 = SURFACE_STYLE_FILL_AREA(#10307);
#10307 = FILL_AREA_STYLE('',(#10308));
#10308 = FILL_AREA_STYLE_COLOUR('',#9492);
#10309 = CURVE_STYLE('',#10310,POSITIVE_LENGTH_MEASURE(0.1),#9492);
#10310 = DRAUGHTING_PRE_DEFINED_CURVE_FONT('continuous');
#10311 = STYLED_ITEM('color',(#10312),#7130);
#10312 = PRESENTATION_STYLE_ASSIGNMENT((#10313,#10318));
#10313 = SURFACE_STYLE_USAGE(.BOTH.,#10314);
#10314 = SURFACE_SIDE_STYLE('',(#10315));
#10315 = SURFACE_STYLE_FILL_AREA(#10316);
#10316 = FILL_AREA_STYLE('',(#10317));
#10317 = FILL_AREA_STYLE_COLOUR('',#9492);
#10318 = CURVE_STYLE('',#10319,POSITIVE_LENGTH_MEASURE(0.1),#9492);
#10319 = DRAUGHTING_PRE_DEFINED_CURVE_FONT('continuous');
#10320 = STYLED_ITEM('color',(#10321),#7147);
#10321 = PRESENTATION_STYLE_ASSIGNMENT((#10322,#10327));
#10322 = SURFACE_STYLE_USAGE(.BOTH.,#10323);
#10323 = SURFACE_SIDE_STYLE('',(#10324));
#10324 = SURFACE_STYLE_FILL_AREA(#10325);
#10325 = FILL_AREA_STYLE('',(#10326));
#10326 = FILL_AREA_STYLE_COLOUR('',#9492);
#10327 = CURVE_STYLE('',#10328,POSITIVE_LENGTH_MEASURE(0.1),#9492);
#10328 = DRAUGHTING_PRE_DEFINED_CURVE_FONT('continuous');
#10329 = STYLED_ITEM('color',(#10330),#7159);
#10330 = PRESENTATION_STYLE_ASSIGNMENT((#10331,#10336));
#10331 = SURFACE_STYLE_USAGE(.BOTH.,#10332);
#10332 = SURFACE_SIDE_STYLE('',(#10333));
#10333 = SURFACE_STYLE_FILL_AREA(#10334);
#10334 = FILL_AREA_STYLE('',(#10335));
#10335 = FILL_AREA_STYLE_COLOUR('',#8789);
#10336 = CURVE_STYLE('',#10337,POSITIVE_LENGTH_MEASURE(0.1),#8789);
#10337 = DRAUGHTING_PRE_DEFINED_CURVE_FONT('continuous');
#10338 = STYLED_ITEM('color',(#10339),#7182);
#10339 = PRESENTATION_STYLE_ASSIGNMENT((#10340,#10345));
#10340 = SURFACE_STYLE_USAGE(.BOTH.,#10341);
#10341 = SURFACE_SIDE_STYLE('',(#10342));
#10342 = SURFACE_STYLE_FILL_AREA(#10343);
#10343 = FILL_AREA_STYLE('',(#10344));
#10344 = FILL_AREA_STYLE_COLOUR('',#8789);
#10345 = CURVE_STYLE('',#10346,POSITIVE_LENGTH_MEASURE(0.1),#8789);
#10346 = DRAUGHTING_PRE_DEFINED_CURVE_FONT('continuous');
#10347 = STYLED_ITEM('color',(#10348),#7205);
#10348 = PRESENTATION_STYLE_ASSIGNMENT((#10349,#10354));
#10349 = SURFACE_STYLE_USAGE(.BOTH.,#10350);
#10350 = SURFACE_SIDE_STYLE('',(#10351));
#10351 = SURFACE_STYLE_FILL_AREA(#10352);
#10352 = FILL_AREA_STYLE('',(#10353));
#10353 = FILL_AREA_STYLE_COLOUR('',#8789);
#10354 = CURVE_STYLE('',#10355,POSITIVE_LENGTH_MEASURE(0.1),#8789);
#10355 = DRAUGHTING_PRE_DEFINED_CURVE_FONT('continuous');
#10356 = STYLED_ITEM('color',(#10357),#7222);
#10357 = PRESENTATION_STYLE_ASSIGNMENT((#10358,#10363));
#10358 = SURFACE_STYLE_USAGE(.BOTH.,#10359);
#10359 = SURFACE_SIDE_STYLE('',(#10360));
#10360 = SURFACE_STYLE_FILL_AREA(#10361);
#10361 = FILL_AREA_STYLE('',(#10362));
#10362 = FILL_AREA_STYLE_COLOUR('',#9492);
#10363 = CURVE_STYLE('',#10364,POSITIVE_LENGTH_MEASURE(0.1),#9492);
#10364 = DRAUGHTING_PRE_DEFINED_CURVE_FONT('continuous');
#10365 = STYLED_ITEM('color',(#10366),#7297);
#10366 = PRESENTATION_STYLE_ASSIGNMENT((#10367,#10372));
#10367 = SURFACE_STYLE_USAGE(.BOTH.,#10368);
#10368 = SURFACE_SIDE_STYLE('',(#10369));
#10369 = SURFACE_STYLE_FILL_AREA(#10370);
#10370 = FILL_AREA_STYLE('',(#10371));
#10371 = FILL_AREA_STYLE_COLOUR('',#9492);
#10372 = CURVE_STYLE('',#10373,POSITIVE_LENGTH_MEASURE(0.1),#9492);
#10373 = DRAUGHTING_PRE_DEFINED_CURVE_FONT('continuous');
#10374 = STYLED_ITEM('color',(#10375),#7321);
#10375 = PRESENTATION_STYLE_ASSIGNMENT((#10376,#10381));
#10376 = SURFACE_STYLE_USAGE(.BOTH.,#10377);
#10377 = SURFACE_SIDE_STYLE('',(#10378));
#10378 = SURFACE_STYLE_FILL_AREA(#10379);
#10379 = FILL_AREA_STYLE('',(#10380));
#10380 = FILL_AREA_STYLE_COLOUR('',#9492);
#10381 = CURVE_STYLE('',#10382,POSITIVE_LENGTH_MEASURE(0.1),#9492);
#10382 = DRAUGHTING_PRE_DEFINED_CURVE_FONT('continuous');
#10383 = STYLED_ITEM('color',(#10384),#7389);
#10384 = PRESENTATION_STYLE_ASSIGNMENT((#10385,#10390));
#10385 = SURFACE_STYLE_USAGE(.BOTH.,#10386);
#10386 = SURFACE_SIDE_STYLE('',(#10387));
#10387 = SURFACE_STYLE_FILL_AREA(#10388);
#10388 = FILL_AREA_STYLE('',(#10389));
#10389 = FILL_AREA_STYLE_COLOUR('',#9492);
#10390 = CURVE_STYLE('',#10391,POSITIVE_LENGTH_MEASURE(0.1),#9492);
#10391 = DRAUGHTING_PRE_DEFINED_CURVE_FONT('continuous');
#10392 = STYLED_ITEM('color',(#10393),#7406);
#10393 = PRESENTATION_STYLE_ASSIGNMENT((#10394,#10399));
#10394 = SURFACE_STYLE_USAGE(.BOTH.,#10395);
#10395 = SURFACE_SIDE_STYLE('',(#10396));
#10396 = SURFACE_STYLE_FILL_AREA(#10397);
#10397 = FILL_AREA_STYLE('',(#10398));
#10398 = FILL_AREA_STYLE_COLOUR('',#8789);
#10399 = CURVE_STYLE('',#10400,POSITIVE_LENGTH_MEASURE(0.1),#8789);
#10400 = DRAUGHTING_PRE_DEFINED_CURVE_FONT('continuous');
#10401 = STYLED_ITEM('color',(#10402),#7456);
#10402 = PRESENTATION_STYLE_ASSIGNMENT((#10403,#10408));
#10403 = SURFACE_STYLE_USAGE(.BOTH.,#10404);
#10404 = SURFACE_SIDE_STYLE('',(#10405));
#10405 = SURFACE_STYLE_FILL_AREA(#10406);
#10406 = FILL_AREA_STYLE('',(#10407));
#10407 = FILL_AREA_STYLE_COLOUR('',#9492);
#10408 = CURVE_STYLE('',#10409,POSITIVE_LENGTH_MEASURE(0.1),#9492);
#10409 = DRAUGHTING_PRE_DEFINED_CURVE_FONT('continuous');
#10410 = STYLED_ITEM('color',(#10411),#7473);
#10411 = PRESENTATION_STYLE_ASSIGNMENT((#10412,#10417));
#10412 = SURFACE_STYLE_USAGE(.BOTH.,#10413);
#10413 = SURFACE_SIDE_STYLE('',(#10414));
#10414 = SURFACE_STYLE_FILL_AREA(#10415);
#10415 = FILL_AREA_STYLE('',(#10416));
#10416 = FILL_AREA_STYLE_COLOUR('',#9492);
#10417 = CURVE_STYLE('',#10418,POSITIVE_LENGTH_MEASURE(0.1),#9492);
#10418 = DRAUGHTING_PRE_DEFINED_CURVE_FONT('continuous');
#10419 = STYLED_ITEM('color',(#10420),#7490);
#10420 = PRESENTATION_STYLE_ASSIGNMENT((#10421,#10426));
#10421 = SURFACE_STYLE_USAGE(.BOTH.,#10422);
#10422 = SURFACE_SIDE_STYLE('',(#10423));
#10423 = SURFACE_STYLE_FILL_AREA(#10424);
#10424 = FILL_AREA_STYLE('',(#10425));
#10425 = FILL_AREA_STYLE_COLOUR('',#9492);
#10426 = CURVE_STYLE('',#10427,POSITIVE_LENGTH_MEASURE(0.1),#9492);
#10427 = DRAUGHTING_PRE_DEFINED_CURVE_FONT('continuous');
#10428 = STYLED_ITEM('color',(#10429),#7507);
#10429 = PRESENTATION_STYLE_ASSIGNMENT((#10430,#10435));
#10430 = SURFACE_STYLE_USAGE(.BOTH.,#10431);
#10431 = SURFACE_SIDE_STYLE('',(#10432));
#10432 = SURFACE_STYLE_FILL_AREA(#10433);
#10433 = FILL_AREA_STYLE('',(#10434));
#10434 = FILL_AREA_STYLE_COLOUR('',#9492);
#10435 = CURVE_STYLE('',#10436,POSITIVE_LENGTH_MEASURE(0.1),#9492);
#10436 = DRAUGHTING_PRE_DEFINED_CURVE_FONT('continuous');
#10437 = STYLED_ITEM('color',(#10438),#7524);
#10438 = PRESENTATION_STYLE_ASSIGNMENT((#10439,#10444));
#10439 = SURFACE_STYLE_USAGE(.BOTH.,#10440);
#10440 = SURFACE_SIDE_STYLE('',(#10441));
#10441 = SURFACE_STYLE_FILL_AREA(#10442);
#10442 = FILL_AREA_STYLE('',(#10443));
#10443 = FILL_AREA_STYLE_COLOUR('',#9492);
#10444 = CURVE_STYLE('',#10445,POSITIVE_LENGTH_MEASURE(0.1),#9492);
#10445 = DRAUGHTING_PRE_DEFINED_CURVE_FONT('continuous');
#10446 = STYLED_ITEM('color',(#10447),#7541);
#10447 = PRESENTATION_STYLE_ASSIGNMENT((#10448,#10453));
#10448 = SURFACE_STYLE_USAGE(.BOTH.,#10449);
#10449 = SURFACE_SIDE_STYLE('',(#10450));
#10450 = SURFACE_STYLE_FILL_AREA(#10451);
#10451 = FILL_AREA_STYLE('',(#10452));
#10452 = FILL_AREA_STYLE_COLOUR('',#9492);
#10453 = CURVE_STYLE('',#10454,POSITIVE_LENGTH_MEASURE(0.1),#9492);
#10454 = DRAUGHTING_PRE_DEFINED_CURVE_FONT('continuous');
#10455 = STYLED_ITEM('color',(#10456),#7553);
#10456 = PRESENTATION_STYLE_ASSIGNMENT((#10457,#10462));
#10457 = SURFACE_STYLE_USAGE(.BOTH.,#10458);
#10458 = SURFACE_SIDE_STYLE('',(#10459));
#10459 = SURFACE_STYLE_FILL_AREA(#10460);
#10460 = FILL_AREA_STYLE('',(#10461));
#10461 = FILL_AREA_STYLE_COLOUR('',#9703);
#10462 = CURVE_STYLE('',#10463,POSITIVE_LENGTH_MEASURE(0.1),#9703);
#10463 = DRAUGHTING_PRE_DEFINED_CURVE_FONT('continuous');
#10464 = STYLED_ITEM('color',(#10465),#7584);
#10465 = PRESENTATION_STYLE_ASSIGNMENT((#10466,#10471));
#10466 = SURFACE_STYLE_USAGE(.BOTH.,#10467);
#10467 = SURFACE_SIDE_STYLE('',(#10468));
#10468 = SURFACE_STYLE_FILL_AREA(#10469);
#10469 = FILL_AREA_STYLE('',(#10470));
#10470 = FILL_AREA_STYLE_COLOUR('',#9703);
#10471 = CURVE_STYLE('',#10472,POSITIVE_LENGTH_MEASURE(0.1),#9703);
#10472 = DRAUGHTING_PRE_DEFINED_CURVE_FONT('continuous');
#10473 = STYLED_ITEM('color',(#10474),#7608);
#10474 = PRESENTATION_STYLE_ASSIGNMENT((#10475,#10480));
#10475 = SURFACE_STYLE_USAGE(.BOTH.,#10476);
#10476 = SURFACE_SIDE_STYLE('',(#10477));
#10477 = SURFACE_STYLE_FILL_AREA(#10478);
#10478 = FILL_AREA_STYLE('',(#10479));
#10479 = FILL_AREA_STYLE_COLOUR('',#9703);
#10480 = CURVE_STYLE('',#10481,POSITIVE_LENGTH_MEASURE(0.1),#9703);
#10481 = DRAUGHTING_PRE_DEFINED_CURVE_FONT('continuous');
#10482 = STYLED_ITEM('color',(#10483),#7632);
#10483 = PRESENTATION_STYLE_ASSIGNMENT((#10484,#10489));
#10484 = SURFACE_STYLE_USAGE(.BOTH.,#10485);
#10485 = SURFACE_SIDE_STYLE('',(#10486));
#10486 = SURFACE_STYLE_FILL_AREA(#10487);
#10487 = FILL_AREA_STYLE('',(#10488));
#10488 = FILL_AREA_STYLE_COLOUR('',#9703);
#10489 = CURVE_STYLE('',#10490,POSITIVE_LENGTH_MEASURE(0.1),#9703);
#10490 = DRAUGHTING_PRE_DEFINED_CURVE_FONT('continuous');
#10491 = STYLED_ITEM('color',(#10492),#7649);
#10492 = PRESENTATION_STYLE_ASSIGNMENT((#10493,#10498));
#10493 = SURFACE_STYLE_USAGE(.BOTH.,#10494);
#10494 = SURFACE_SIDE_STYLE('',(#10495));
#10495 = SURFACE_STYLE_FILL_AREA(#10496);
#10496 = FILL_AREA_STYLE('',(#10497));
#10497 = FILL_AREA_STYLE_COLOUR('',#9703);
#10498 = CURVE_STYLE('',#10499,POSITIVE_LENGTH_MEASURE(0.1),#9703);
#10499 = DRAUGHTING_PRE_DEFINED_CURVE_FONT('continuous');
#10500 = MECHANICAL_DESIGN_GEOMETRIC_PRESENTATION_REPRESENTATION('',(
    #10501,#10508,#10515,#10522,#10529,#10536,#10543,#10550,#10557,
    #10564,#10571,#10579,#10586,#10593,#10600,#10607,#10614,#10621,
    #10628,#10635,#10642,#10649,#10656,#10663,#10670,#10677,#10684,
    #10691),#1814);
#10501 = STYLED_ITEM('color',(#10502),#962);
#10502 = PRESENTATION_STYLE_ASSIGNMENT((#10503));
#10503 = SURFACE_STYLE_USAGE(.BOTH.,#10504);
#10504 = SURFACE_SIDE_STYLE('',(#10505));
#10505 = SURFACE_STYLE_FILL_AREA(#10506);
#10506 = FILL_AREA_STYLE('',(#10507));
#10507 = FILL_AREA_STYLE_COLOUR('',#9492);
#10508 = STYLED_ITEM('color',(#10509),#1038);
#10509 = PRESENTATION_STYLE_ASSIGNMENT((#10510));
#10510 = SURFACE_STYLE_USAGE(.BOTH.,#10511);
#10511 = SURFACE_SIDE_STYLE('',(#10512));
#10512 = SURFACE_STYLE_FILL_AREA(#10513);
#10513 = FILL_AREA_STYLE('',(#10514));
#10514 = FILL_AREA_STYLE_COLOUR('',#9492);
#10515 = STYLED_ITEM('color',(#10516),#1069);
#10516 = PRESENTATION_STYLE_ASSIGNMENT((#10517));
#10517 = SURFACE_STYLE_USAGE(.BOTH.,#10518);
#10518 = SURFACE_SIDE_STYLE('',(#10519));
#10519 = SURFACE_STYLE_FILL_AREA(#10520);
#10520 = FILL_AREA_STYLE('',(#10521));
#10521 = FILL_AREA_STYLE_COLOUR('',#9492);
#10522 = STYLED_ITEM('color',(#10523),#1094);
#10523 = PRESENTATION_STYLE_ASSIGNMENT((#10524));
#10524 = SURFACE_STYLE_USAGE(.BOTH.,#10525);
#10525 = SURFACE_SIDE_STYLE('',(#10526));
#10526 = SURFACE_STYLE_FILL_AREA(#10527);
#10527 = FILL_AREA_STYLE('',(#10528));
#10528 = FILL_AREA_STYLE_COLOUR('',#9492);
#10529 = STYLED_ITEM('color',(#10530),#1119);
#10530 = PRESENTATION_STYLE_ASSIGNMENT((#10531));
#10531 = SURFACE_STYLE_USAGE(.BOTH.,#10532);
#10532 = SURFACE_SIDE_STYLE('',(#10533));
#10533 = SURFACE_STYLE_FILL_AREA(#10534);
#10534 = FILL_AREA_STYLE('',(#10535));
#10535 = FILL_AREA_STYLE_COLOUR('',#9492);
#10536 = STYLED_ITEM('color',(#10537),#1143);
#10537 = PRESENTATION_STYLE_ASSIGNMENT((#10538));
#10538 = SURFACE_STYLE_USAGE(.BOTH.,#10539);
#10539 = SURFACE_SIDE_STYLE('',(#10540));
#10540 = SURFACE_STYLE_FILL_AREA(#10541);
#10541 = FILL_AREA_STYLE('',(#10542));
#10542 = FILL_AREA_STYLE_COLOUR('',#9492);
#10543 = STYLED_ITEM('color',(#10544),#1167);
#10544 = PRESENTATION_STYLE_ASSIGNMENT((#10545));
#10545 = SURFACE_STYLE_USAGE(.BOTH.,#10546);
#10546 = SURFACE_SIDE_STYLE('',(#10547));
#10547 = SURFACE_STYLE_FILL_AREA(#10548);
#10548 = FILL_AREA_STYLE('',(#10549));
#10549 = FILL_AREA_STYLE_COLOUR('',#9492);
#10550 = STYLED_ITEM('color',(#10551),#1192);
#10551 = PRESENTATION_STYLE_ASSIGNMENT((#10552));
#10552 = SURFACE_STYLE_USAGE(.BOTH.,#10553);
#10553 = SURFACE_SIDE_STYLE('',(#10554));
#10554 = SURFACE_STYLE_FILL_AREA(#10555);
#10555 = FILL_AREA_STYLE('',(#10556));
#10556 = FILL_AREA_STYLE_COLOUR('',#9492);
#10557 = STYLED_ITEM('color',(#10558),#1217);
#10558 = PRESENTATION_STYLE_ASSIGNMENT((#10559));
#10559 = SURFACE_STYLE_USAGE(.BOTH.,#10560);
#10560 = SURFACE_SIDE_STYLE('',(#10561));
#10561 = SURFACE_STYLE_FILL_AREA(#10562);
#10562 = FILL_AREA_STYLE('',(#10563));
#10563 = FILL_AREA_STYLE_COLOUR('',#9492);
#10564 = STYLED_ITEM('color',(#10565),#1234);
#10565 = PRESENTATION_STYLE_ASSIGNMENT((#10566));
#10566 = SURFACE_STYLE_USAGE(.BOTH.,#10567);
#10567 = SURFACE_SIDE_STYLE('',(#10568));
#10568 = SURFACE_STYLE_FILL_AREA(#10569);
#10569 = FILL_AREA_STYLE('',(#10570));
#10570 = FILL_AREA_STYLE_COLOUR('',#9492);
#10571 = STYLED_ITEM('color',(#10572),#1320);
#10572 = PRESENTATION_STYLE_ASSIGNMENT((#10573));
#10573 = SURFACE_STYLE_USAGE(.BOTH.,#10574);
#10574 = SURFACE_SIDE_STYLE('',(#10575));
#10575 = SURFACE_STYLE_FILL_AREA(#10576);
#10576 = FILL_AREA_STYLE('',(#10577));
#10577 = FILL_AREA_STYLE_COLOUR('',#10578);
#10578 = COLOUR_RGB('',0.379000005575,0.270000008848,0.214999999939);
#10579 = STYLED_ITEM('color',(#10580),#1352);
#10580 = PRESENTATION_STYLE_ASSIGNMENT((#10581));
#10581 = SURFACE_STYLE_USAGE(.BOTH.,#10582);
#10582 = SURFACE_SIDE_STYLE('',(#10583));
#10583 = SURFACE_STYLE_FILL_AREA(#10584);
#10584 = FILL_AREA_STYLE('',(#10585));
#10585 = FILL_AREA_STYLE_COLOUR('',#10578);
#10586 = STYLED_ITEM('color',(#10587),#1376);
#10587 = PRESENTATION_STYLE_ASSIGNMENT((#10588));
#10588 = SURFACE_STYLE_USAGE(.BOTH.,#10589);
#10589 = SURFACE_SIDE_STYLE('',(#10590));
#10590 = SURFACE_STYLE_FILL_AREA(#10591);
#10591 = FILL_AREA_STYLE('',(#10592));
#10592 = FILL_AREA_STYLE_COLOUR('',#10578);
#10593 = STYLED_ITEM('color',(#10594),#1401);
#10594 = PRESENTATION_STYLE_ASSIGNMENT((#10595));
#10595 = SURFACE_STYLE_USAGE(.BOTH.,#10596);
#10596 = SURFACE_SIDE_STYLE('',(#10597));
#10597 = SURFACE_STYLE_FILL_AREA(#10598);
#10598 = FILL_AREA_STYLE('',(#10599));
#10599 = FILL_AREA_STYLE_COLOUR('',#10578);
#10600 = STYLED_ITEM('color',(#10601),#1425);
#10601 = PRESENTATION_STYLE_ASSIGNMENT((#10602));
#10602 = SURFACE_STYLE_USAGE(.BOTH.,#10603);
#10603 = SURFACE_SIDE_STYLE('',(#10604));
#10604 = SURFACE_STYLE_FILL_AREA(#10605);
#10605 = FILL_AREA_STYLE('',(#10606));
#10606 = FILL_AREA_STYLE_COLOUR('',#10578);
#10607 = STYLED_ITEM('color',(#10608),#1450);
#10608 = PRESENTATION_STYLE_ASSIGNMENT((#10609));
#10609 = SURFACE_STYLE_USAGE(.BOTH.,#10610);
#10610 = SURFACE_SIDE_STYLE('',(#10611));
#10611 = SURFACE_STYLE_FILL_AREA(#10612);
#10612 = FILL_AREA_STYLE('',(#10613));
#10613 = FILL_AREA_STYLE_COLOUR('',#10578);
#10614 = STYLED_ITEM('color',(#10615),#1474);
#10615 = PRESENTATION_STYLE_ASSIGNMENT((#10616));
#10616 = SURFACE_STYLE_USAGE(.BOTH.,#10617);
#10617 = SURFACE_SIDE_STYLE('',(#10618));
#10618 = SURFACE_STYLE_FILL_AREA(#10619);
#10619 = FILL_AREA_STYLE('',(#10620));
#10620 = FILL_AREA_STYLE_COLOUR('',#10578);
#10621 = STYLED_ITEM('color',(#10622),#1499);
#10622 = PRESENTATION_STYLE_ASSIGNMENT((#10623));
#10623 = SURFACE_STYLE_USAGE(.BOTH.,#10624);
#10624 = SURFACE_SIDE_STYLE('',(#10625));
#10625 = SURFACE_STYLE_FILL_AREA(#10626);
#10626 = FILL_AREA_STYLE('',(#10627));
#10627 = FILL_AREA_STYLE_COLOUR('',#10578);
#10628 = STYLED_ITEM('color',(#10629),#1516);
#10629 = PRESENTATION_STYLE_ASSIGNMENT((#10630));
#10630 = SURFACE_STYLE_USAGE(.BOTH.,#10631);
#10631 = SURFACE_SIDE_STYLE('',(#10632));
#10632 = SURFACE_STYLE_FILL_AREA(#10633);
#10633 = FILL_AREA_STYLE('',(#10634));
#10634 = FILL_AREA_STYLE_COLOUR('',#9492);
#10635 = STYLED_ITEM('color',(#10636),#1602);
#10636 = PRESENTATION_STYLE_ASSIGNMENT((#10637));
#10637 = SURFACE_STYLE_USAGE(.BOTH.,#10638);
#10638 = SURFACE_SIDE_STYLE('',(#10639));
#10639 = SURFACE_STYLE_FILL_AREA(#10640);
#10640 = FILL_AREA_STYLE('',(#10641));
#10641 = FILL_AREA_STYLE_COLOUR('',#9492);
#10642 = STYLED_ITEM('color',(#10643),#1633);
#10643 = PRESENTATION_STYLE_ASSIGNMENT((#10644));
#10644 = SURFACE_STYLE_USAGE(.BOTH.,#10645);
#10645 = SURFACE_SIDE_STYLE('',(#10646));
#10646 = SURFACE_STYLE_FILL_AREA(#10647);
#10647 = FILL_AREA_STYLE('',(#10648));
#10648 = FILL_AREA_STYLE_COLOUR('',#9492);
#10649 = STYLED_ITEM('color',(#10650),#1658);
#10650 = PRESENTATION_STYLE_ASSIGNMENT((#10651));
#10651 = SURFACE_STYLE_USAGE(.BOTH.,#10652);
#10652 = SURFACE_SIDE_STYLE('',(#10653));
#10653 = SURFACE_STYLE_FILL_AREA(#10654);
#10654 = FILL_AREA_STYLE('',(#10655));
#10655 = FILL_AREA_STYLE_COLOUR('',#9492);
#10656 = STYLED_ITEM('color',(#10657),#1683);
#10657 = PRESENTATION_STYLE_ASSIGNMENT((#10658));
#10658 = SURFACE_STYLE_USAGE(.BOTH.,#10659);
#10659 = SURFACE_SIDE_STYLE('',(#10660));
#10660 = SURFACE_STYLE_FILL_AREA(#10661);
#10661 = FILL_AREA_STYLE('',(#10662));
#10662 = FILL_AREA_STYLE_COLOUR('',#9492);
#10663 = STYLED_ITEM('color',(#10664),#1707);
#10664 = PRESENTATION_STYLE_ASSIGNMENT((#10665));
#10665 = SURFACE_STYLE_USAGE(.BOTH.,#10666);
#10666 = SURFACE_SIDE_STYLE('',(#10667));
#10667 = SURFACE_STYLE_FILL_AREA(#10668);
#10668 = FILL_AREA_STYLE('',(#10669));
#10669 = FILL_AREA_STYLE_COLOUR('',#9492);
#10670 = STYLED_ITEM('color',(#10671),#1731);
#10671 = PRESENTATION_STYLE_ASSIGNMENT((#10672));
#10672 = SURFACE_STYLE_USAGE(.BOTH.,#10673);
#10673 = SURFACE_SIDE_STYLE('',(#10674));
#10674 = SURFACE_STYLE_FILL_AREA(#10675);
#10675 = FILL_AREA_STYLE('',(#10676));
#10676 = FILL_AREA_STYLE_COLOUR('',#9492);
#10677 = STYLED_ITEM('color',(#10678),#1756);
#10678 = PRESENTATION_STYLE_ASSIGNMENT((#10679));
#10679 = SURFACE_STYLE_USAGE(.BOTH.,#10680);
#10680 = SURFACE_SIDE_STYLE('',(#10681));
#10681 = SURFACE_STYLE_FILL_AREA(#10682);
#10682 = FILL_AREA_STYLE('',(#10683));
#10683 = FILL_AREA_STYLE_COLOUR('',#9492);
#10684 = STYLED_ITEM('color',(#10685),#1781);
#10685 = PRESENTATION_STYLE_ASSIGNMENT((#10686));
#10686 = SURFACE_STYLE_USAGE(.BOTH.,#10687);
#10687 = SURFACE_SIDE_STYLE('',(#10688));
#10688 = SURFACE_STYLE_FILL_AREA(#10689);
#10689 = FILL_AREA_STYLE('',(#10690));
#10690 = FILL_AREA_STYLE_COLOUR('',#9492);
#10691 = STYLED_ITEM('color',(#10692),#1798);
#10692 = PRESENTATION_STYLE_ASSIGNMENT((#10693));
#10693 = SURFACE_STYLE_USAGE(.BOTH.,#10694);
#10694 = SURFACE_SIDE_STYLE('',(#10695));
#10695 = SURFACE_STYLE_FILL_AREA(#10696);
#10696 = FILL_AREA_STYLE('',(#10697));
#10697 = FILL_AREA_STYLE_COLOUR('',#9492);
ENDSEC;
END-ISO-10303-21;
