ISO-10303-21;
HEADER;
FILE_DESCRIPTION(('KiCad electronic assembly'),'2;1');
FILE_NAME('.step','2026-07-30T18:08:44',('Pcbnew'),('Kicad'),
  'Open CASCADE STEP processor 7.9','KiCad to STEP converter','Unknown'
  );
FILE_SCHEMA(('AUTOMOTIVE_DESIGN { 1 0 10303 214 1 1 1 1 }'));
ENDSEC;
DATA;
#1 = APPLICATION_PROTOCOL_DEFINITION('international standard',
  'automotive_design',2000,#2);
#2 = APPLICATION_CONTEXT(
  'core data for automotive mechanical design processes');
#3 = SHAPE_DEFINITION_REPRESENTATION(#4,#10);
#4 = PRODUCT_DEFINITION_SHAPE('','',#5);
#5 = PRODUCT_DEFINITION('design','',#6,#9);
#6 = PRODUCT_DEFINITION_FORMATION('','',#7);
#7 = PRODUCT('.step 1','.step 1','',(#8));
#8 = PRODUCT_CONTEXT('',#2,'mechanical');
#9 = PRODUCT_DEFINITION_CONTEXT('part definition',#2,'design');
#10 = SHAPE_REPRESENTATION('',(#11,#15,#19,#23,#27,#31,#35,#39,#43,#47,
    #51,#55,#59,#63,#67,#71,#75,#79,#83,#87,#91,#95,#99,#103,#107,#111,
    #115,#119,#123),#127);
#11 = AXIS2_PLACEMENT_3D('',#12,#13,#14);
#12 = CARTESIAN_POINT('',(0.,0.,0.));
#13 = DIRECTION('',(0.,0.,1.));
#14 = DIRECTION('',(1.,0.,-0.));
#15 = AXIS2_PLACEMENT_3D('',#16,#17,#18);
#16 = CARTESIAN_POINT('',(134.,-89.,1.595));
#17 = DIRECTION('',(0.,-0.,1.));
#18 = DIRECTION('',(1.110223024625E-16,1.,0.));
#19 = AXIS2_PLACEMENT_3D('',#20,#21,#22);
#20 = CARTESIAN_POINT('',(133.5,-72.5,1.595));
#21 = DIRECTION('',(0.,0.,1.));
#22 = DIRECTION('',(-1.,1.224646799147E-16,0.));
#23 = AXIS2_PLACEMENT_3D('',#24,#25,#26);
#24 = CARTESIAN_POINT('',(124.,-70.48,1.595));
#25 = DIRECTION('',(0.,-0.,1.));
#26 = DIRECTION('',(1.110223024625E-16,1.,0.));
#27 = AXIS2_PLACEMENT_3D('',#28,#29,#30);
#28 = CARTESIAN_POINT('',(143.54,-90.33,1.595));
#29 = DIRECTION('',(-0.,0.,1.));
#30 = DIRECTION('',(1.110223024625E-16,-1.,0.));
#31 = AXIS2_PLACEMENT_3D('',#32,#33,#34);
#32 = CARTESIAN_POINT('',(122.5,-72.48,1.595));
#33 = DIRECTION('',(0.,0.,1.));
#34 = DIRECTION('',(1.,0.,0.));
#35 = AXIS2_PLACEMENT_3D('',#36,#37,#38);
#36 = CARTESIAN_POINT('',(126.21,-75.19,1.595));
#37 = DIRECTION('',(0.,-0.,1.));
#38 = DIRECTION('',(1.110223024625E-16,1.,0.));
#39 = AXIS2_PLACEMENT_3D('',#40,#41,#42);
#40 = CARTESIAN_POINT('',(130.8625,-83.3,1.595));
#41 = DIRECTION('',(0.,0.,1.));
#42 = DIRECTION('',(1.,0.,0.));
#43 = AXIS2_PLACEMENT_3D('',#44,#45,#46);
#44 = CARTESIAN_POINT('',(122.,-60.5,1.595));
#45 = DIRECTION('',(0.,0.,1.));
#46 = DIRECTION('',(1.,0.,0.));
#47 = AXIS2_PLACEMENT_3D('',#48,#49,#50);
#48 = CARTESIAN_POINT('',(136.5,-89.5,1.595));
#49 = DIRECTION('',(0.,0.,1.));
#50 = DIRECTION('',(1.,0.,0.));
#51 = AXIS2_PLACEMENT_3D('',#52,#53,#54);
#52 = CARTESIAN_POINT('',(136.48,-84.,1.595));
#53 = DIRECTION('',(0.,0.,1.));
#54 = DIRECTION('',(1.,0.,0.));
#55 = AXIS2_PLACEMENT_3D('',#56,#57,#58);
#56 = CARTESIAN_POINT('',(130.5,-77.,1.595));
#57 = DIRECTION('',(0.,0.,1.));
#58 = DIRECTION('',(-1.,1.224646799147E-16,0.));
#59 = AXIS2_PLACEMENT_3D('',#60,#61,#62);
#60 = CARTESIAN_POINT('',(124.,-72.98,1.595));
#61 = DIRECTION('',(-0.,0.,1.));
#62 = DIRECTION('',(1.110223024625E-16,-1.,0.));
#63 = AXIS2_PLACEMENT_3D('',#64,#65,#66);
#64 = CARTESIAN_POINT('',(130.5,-72.5,1.595));
#65 = DIRECTION('',(0.,0.,1.));
#66 = DIRECTION('',(-1.,1.224646799147E-16,0.));
#67 = AXIS2_PLACEMENT_3D('',#68,#69,#70);
#68 = CARTESIAN_POINT('',(133.27,-77.,1.595));
#69 = DIRECTION('',(0.,0.,1.));
#70 = DIRECTION('',(-1.,1.224646799147E-16,0.));
#71 = AXIS2_PLACEMENT_3D('',#72,#73,#74);
#72 = CARTESIAN_POINT('',(142.59125,-95.77125,1.595));
#73 = DIRECTION('',(0.,0.,1.));
#74 = DIRECTION('',(1.,0.,0.));
#75 = AXIS2_PLACEMENT_3D('',#76,#77,#78);
#76 = CARTESIAN_POINT('',(132.,-89.5,1.595));
#77 = DIRECTION('',(0.,0.,1.));
#78 = DIRECTION('',(1.,0.,0.));
#79 = AXIS2_PLACEMENT_3D('',#80,#81,#82);
#80 = CARTESIAN_POINT('',(129.,-88.5,1.595));
#81 = DIRECTION('',(0.,-0.,1.));
#82 = DIRECTION('',(1.110223024625E-16,1.,0.));
#83 = AXIS2_PLACEMENT_3D('',#84,#85,#86);
#84 = CARTESIAN_POINT('',(136.51,-86.,1.595));
#85 = DIRECTION('',(0.,0.,1.));
#86 = DIRECTION('',(1.,0.,0.));
#87 = AXIS2_PLACEMENT_3D('',#88,#89,#90);
#88 = CARTESIAN_POINT('',(125.5,-73.5,1.595));
#89 = DIRECTION('',(0.,0.,1.));
#90 = DIRECTION('',(1.,0.,0.));
#91 = AXIS2_PLACEMENT_3D('',#92,#93,#94);
#92 = CARTESIAN_POINT('',(145.67,-90.35,1.595));
#93 = DIRECTION('',(0.,-0.,1.));
#94 = DIRECTION('',(1.110223024625E-16,1.,0.));
#95 = AXIS2_PLACEMENT_3D('',#96,#97,#98);
#96 = CARTESIAN_POINT('',(133.27,-75.,1.595));
#97 = DIRECTION('',(0.,0.,1.));
#98 = DIRECTION('',(-1.,1.224646799147E-16,0.));
#99 = AXIS2_PLACEMENT_3D('',#100,#101,#102);
#100 = CARTESIAN_POINT('',(144.65,-90.35,1.595));
#101 = DIRECTION('',(0.,-0.,1.));
#102 = DIRECTION('',(1.110223024625E-16,1.,0.));
#103 = AXIS2_PLACEMENT_3D('',#104,#105,#106);
#104 = CARTESIAN_POINT('',(132.,-88.,1.595));
#105 = DIRECTION('',(0.,0.,1.));
#106 = DIRECTION('',(1.,0.,0.));
#107 = AXIS2_PLACEMENT_3D('',#108,#109,#110);
#108 = CARTESIAN_POINT('',(136.52,-87.5,1.595));
#109 = DIRECTION('',(0.,0.,1.));
#110 = DIRECTION('',(1.,0.,0.));
#111 = AXIS2_PLACEMENT_3D('',#112,#113,#114);
#112 = CARTESIAN_POINT('',(129.,-90.77,1.595));
#113 = DIRECTION('',(0.,0.,1.));
#114 = DIRECTION('',(-1.,1.224646799147E-16,0.));
#115 = AXIS2_PLACEMENT_3D('',#116,#117,#118);
#116 = CARTESIAN_POINT('',(130.5,-75.,1.595));
#117 = DIRECTION('',(0.,0.,1.));
#118 = DIRECTION('',(-1.,1.224646799147E-16,0.));
#119 = AXIS2_PLACEMENT_3D('',#120,#121,#122);
#120 = CARTESIAN_POINT('',(129.92,-64.5,1.595));
#121 = DIRECTION('',(0.,0.,1.));
#122 = DIRECTION('',(1.,0.,0.));
#123 = AXIS2_PLACEMENT_3D('',#124,#125,#126);
#124 = CARTESIAN_POINT('',(0.,0.,0.));
#125 = DIRECTION('',(0.,0.,1.));
#126 = DIRECTION('',(1.,0.,-0.));
#127 = ( GEOMETRIC_REPRESENTATION_CONTEXT(3) 
GLOBAL_UNCERTAINTY_ASSIGNED_CONTEXT((#131)) GLOBAL_UNIT_ASSIGNED_CONTEXT
((#128,#129,#130)) REPRESENTATION_CONTEXT('Context #1',
  '3D Context with UNIT and UNCERTAINTY') );
#128 = ( LENGTH_UNIT() NAMED_UNIT(*) SI_UNIT(.MILLI.,.METRE.) );
#129 = ( NAMED_UNIT(*) PLANE_ANGLE_UNIT() SI_UNIT($,.RADIAN.) );
#130 = ( NAMED_UNIT(*) SI_UNIT($,.STERADIAN.) SOLID_ANGLE_UNIT() );
#131 = UNCERTAINTY_MEASURE_WITH_UNIT(LENGTH_MEASURE(1.E-07),#128,
  'distance_accuracy_value','confusion accuracy');
#132 = PRODUCT_RELATED_PRODUCT_CATEGORY('part',$,(#7));
#133 = SHAPE_DEFINITION_REPRESENTATION(#134,#140);
#134 = PRODUCT_DEFINITION_SHAPE('','',#135);
#135 = PRODUCT_DEFINITION('design','',#136,#139);
#136 = PRODUCT_DEFINITION_FORMATION('','',#137);
#137 = PRODUCT('C_0402_1005Metric','C_0402_1005Metric','',(#138));
#138 = PRODUCT_CONTEXT('',#2,'mechanical');
#139 = PRODUCT_DEFINITION_CONTEXT('part definition',#2,'design');
#140 = SHAPE_REPRESENTATION('',(#11,#141),#145);
#141 = AXIS2_PLACEMENT_3D('',#142,#143,#144);
#142 = CARTESIAN_POINT('',(0.,0.,0.));
#143 = DIRECTION('',(0.,0.,1.));
#144 = DIRECTION('',(1.,0.,-0.));
#145 = ( GEOMETRIC_REPRESENTATION_CONTEXT(3) 
GLOBAL_UNCERTAINTY_ASSIGNED_CONTEXT((#149)) GLOBAL_UNIT_ASSIGNED_CONTEXT
((#146,#147,#148)) REPRESENTATION_CONTEXT('Context #1',
  '3D Context with UNIT and UNCERTAINTY') );
#146 = ( LENGTH_UNIT() NAMED_UNIT(*) SI_UNIT(.MILLI.,.METRE.) );
#147 = ( NAMED_UNIT(*) PLANE_ANGLE_UNIT() SI_UNIT($,.RADIAN.) );
#148 = ( NAMED_UNIT(*) SI_UNIT($,.STERADIAN.) SOLID_ANGLE_UNIT() );
#149 = UNCERTAINTY_MEASURE_WITH_UNIT(LENGTH_MEASURE(1.E-07),#146,
  'distance_accuracy_value','confusion accuracy');
#150 = CONTEXT_DEPENDENT_SHAPE_REPRESENTATION(#151,#153);
#151 = ( REPRESENTATION_RELATIONSHIP('','',#140,#10) 
REPRESENTATION_RELATIONSHIP_WITH_TRANSFORMATION(#152) 
SHAPE_REPRESENTATION_RELATIONSHIP() );
#152 = ITEM_DEFINED_TRANSFORMATION('','',#11,#15);
#153 = PRODUCT_DEFINITION_SHAPE('Placement','Placement of an item',#154
  );
#154 = NEXT_ASSEMBLY_USAGE_OCCURRENCE('2','C47','',#5,#135,$);
#155 = PRODUCT_RELATED_PRODUCT_CATEGORY('part',$,(#137));
#156 = SHAPE_DEFINITION_REPRESENTATION(#157,#163);
#157 = PRODUCT_DEFINITION_SHAPE('','',#158);
#158 = PRODUCT_DEFINITION('design','',#159,#162);
#159 = PRODUCT_DEFINITION_FORMATION('','',#160);
#160 = PRODUCT('C_0402_1005Metric','C_0402_1005Metric','',(#161));
#161 = PRODUCT_CONTEXT('',#2,'mechanical');
#162 = PRODUCT_DEFINITION_CONTEXT('part definition',#2,'design');
#163 = ADVANCED_BREP_SHAPE_REPRESENTATION('',(#11,#164),#1018);
#164 = MANIFOLD_SOLID_BREP('',#165);
#165 = CLOSED_SHELL('',(#166,#242,#273,#298,#323,#347,#371,#396,#421,
    #438,#524,#556,#580,#605,#629,#654,#678,#703,#720,#806,#837,#862,
    #887,#911,#935,#960,#985,#1002));
#166 = ADVANCED_FACE('',(#167),#237,.F.);
#167 = FACE_BOUND('',#168,.F.);
#168 = EDGE_LOOP('',(#169,#179,#188,#196,#205,#213,#222,#230));
#169 = ORIENTED_EDGE('',*,*,#170,.F.);
#170 = EDGE_CURVE('',#171,#173,#175,.T.);
#171 = VERTEX_POINT('',#172);
#172 = CARTESIAN_POINT('',(-0.5,-0.25,2.E-02));
#173 = VERTEX_POINT('',#174);
#174 = CARTESIAN_POINT('',(-0.5,-0.25,0.48));
#175 = LINE('',#176,#177);
#176 = CARTESIAN_POINT('',(-0.5,-0.25,0.));
#177 = VECTOR('',#178,1.);
#178 = DIRECTION('',(0.,0.,1.));
#179 = ORIENTED_EDGE('',*,*,#180,.T.);
#180 = EDGE_CURVE('',#171,#181,#183,.T.);
#181 = VERTEX_POINT('',#182);
#182 = CARTESIAN_POINT('',(-0.5,-0.23,0.));
#183 = CIRCLE('',#184,2.E-02);
#184 = AXIS2_PLACEMENT_3D('',#185,#186,#187);
#185 = CARTESIAN_POINT('',(-0.5,-0.23,2.E-02));
#186 = DIRECTION('',(1.,0.,-0.));
#187 = DIRECTION('',(0.,0.,1.));
#188 = ORIENTED_EDGE('',*,*,#189,.T.);
#189 = EDGE_CURVE('',#181,#190,#192,.T.);
#190 = VERTEX_POINT('',#191);
#191 = CARTESIAN_POINT('',(-0.5,0.23,0.));
#192 = LINE('',#193,#194);
#193 = CARTESIAN_POINT('',(-0.5,-0.25,0.));
#194 = VECTOR('',#195,1.);
#195 = DIRECTION('',(0.,1.,0.));
#196 = ORIENTED_EDGE('',*,*,#197,.F.);
#197 = EDGE_CURVE('',#198,#190,#200,.T.);
#198 = VERTEX_POINT('',#199);
#199 = CARTESIAN_POINT('',(-0.5,0.25,2.E-02));
#200 = CIRCLE('',#201,2.E-02);
#201 = AXIS2_PLACEMENT_3D('',#202,#203,#204);
#202 = CARTESIAN_POINT('',(-0.5,0.23,2.E-02));
#203 = DIRECTION('',(-1.,0.,0.));
#204 = DIRECTION('',(0.,0.,1.));
#205 = ORIENTED_EDGE('',*,*,#206,.T.);
#206 = EDGE_CURVE('',#198,#207,#209,.T.);
#207 = VERTEX_POINT('',#208);
#208 = CARTESIAN_POINT('',(-0.5,0.25,0.48));
#209 = LINE('',#210,#211);
#210 = CARTESIAN_POINT('',(-0.5,0.25,0.));
#211 = VECTOR('',#212,1.);
#212 = DIRECTION('',(0.,0.,1.));
#213 = ORIENTED_EDGE('',*,*,#214,.T.);
#214 = EDGE_CURVE('',#207,#215,#217,.T.);
#215 = VERTEX_POINT('',#216);
#216 = CARTESIAN_POINT('',(-0.5,0.23,0.5));
#217 = CIRCLE('',#218,2.E-02);
#218 = AXIS2_PLACEMENT_3D('',#219,#220,#221);
#219 = CARTESIAN_POINT('',(-0.5,0.23,0.48));
#220 = DIRECTION('',(1.,0.,-0.));
#221 = DIRECTION('',(0.,0.,1.));
#222 = ORIENTED_EDGE('',*,*,#223,.F.);
#223 = EDGE_CURVE('',#224,#215,#226,.T.);
#224 = VERTEX_POINT('',#225);
#225 = CARTESIAN_POINT('',(-0.5,-0.23,0.5));
#226 = LINE('',#227,#228);
#227 = CARTESIAN_POINT('',(-0.5,-0.25,0.5));
#228 = VECTOR('',#229,1.);
#229 = DIRECTION('',(0.,1.,0.));
#230 = ORIENTED_EDGE('',*,*,#231,.F.);
#231 = EDGE_CURVE('',#173,#224,#232,.T.);
#232 = CIRCLE('',#233,2.E-02);
#233 = AXIS2_PLACEMENT_3D('',#234,#235,#236);
#234 = CARTESIAN_POINT('',(-0.5,-0.23,0.48));
#235 = DIRECTION('',(-1.,0.,0.));
#236 = DIRECTION('',(0.,0.,1.));
#237 = PLANE('',#238);
#238 = AXIS2_PLACEMENT_3D('',#239,#240,#241);
#239 = CARTESIAN_POINT('',(-0.5,-0.25,0.));
#240 = DIRECTION('',(1.,0.,0.));
#241 = DIRECTION('',(0.,0.,1.));
#242 = ADVANCED_FACE('',(#243),#268,.F.);
#243 = FACE_BOUND('',#244,.F.);
#244 = EDGE_LOOP('',(#245,#255,#261,#262));
#245 = ORIENTED_EDGE('',*,*,#246,.F.);
#246 = EDGE_CURVE('',#247,#249,#251,.T.);
#247 = VERTEX_POINT('',#248);
#248 = CARTESIAN_POINT('',(-0.3,-0.25,2.E-02));
#249 = VERTEX_POINT('',#250);
#250 = CARTESIAN_POINT('',(-0.3,-0.25,0.48));
#251 = LINE('',#252,#253);
#252 = CARTESIAN_POINT('',(-0.3,-0.25,0.));
#253 = VECTOR('',#254,1.);
#254 = DIRECTION('',(0.,0.,1.));
#255 = ORIENTED_EDGE('',*,*,#256,.F.);
#256 = EDGE_CURVE('',#171,#247,#257,.T.);
#257 = LINE('',#258,#259);
#258 = CARTESIAN_POINT('',(-0.5,-0.25,2.E-02));
#259 = VECTOR('',#260,1.);
#260 = DIRECTION('',(1.,0.,0.));
#261 = ORIENTED_EDGE('',*,*,#170,.T.);
#262 = ORIENTED_EDGE('',*,*,#263,.T.);
#263 = EDGE_CURVE('',#173,#249,#264,.T.);
#264 = LINE('',#265,#266);
#265 = CARTESIAN_POINT('',(-0.5,-0.25,0.48));
#266 = VECTOR('',#267,1.);
#267 = DIRECTION('',(1.,0.,0.));
#268 = PLANE('',#269);
#269 = AXIS2_PLACEMENT_3D('',#270,#271,#272);
#270 = CARTESIAN_POINT('',(-0.5,-0.25,0.));
#271 = DIRECTION('',(0.,1.,0.));
#272 = DIRECTION('',(0.,-0.,1.));
#273 = ADVANCED_FACE('',(#274),#293,.T.);
#274 = FACE_BOUND('',#275,.T.);
#275 = EDGE_LOOP('',(#276,#277,#285,#292));
#276 = ORIENTED_EDGE('',*,*,#180,.T.);
#277 = ORIENTED_EDGE('',*,*,#278,.T.);
#278 = EDGE_CURVE('',#181,#279,#281,.T.);
#279 = VERTEX_POINT('',#280);
#280 = CARTESIAN_POINT('',(-0.3,-0.23,0.));
#281 = LINE('',#282,#283);
#282 = CARTESIAN_POINT('',(-0.5,-0.23,0.));
#283 = VECTOR('',#284,1.);
#284 = DIRECTION('',(1.,0.,0.));
#285 = ORIENTED_EDGE('',*,*,#286,.F.);
#286 = EDGE_CURVE('',#247,#279,#287,.T.);
#287 = CIRCLE('',#288,2.E-02);
#288 = AXIS2_PLACEMENT_3D('',#289,#290,#291);
#289 = CARTESIAN_POINT('',(-0.3,-0.23,2.E-02));
#290 = DIRECTION('',(1.,0.,-0.));
#291 = DIRECTION('',(0.,0.,1.));
#292 = ORIENTED_EDGE('',*,*,#256,.F.);
#293 = CYLINDRICAL_SURFACE('',#294,2.E-02);
#294 = AXIS2_PLACEMENT_3D('',#295,#296,#297);
#295 = CARTESIAN_POINT('',(-0.5,-0.23,2.E-02));
#296 = DIRECTION('',(1.,0.,0.));
#297 = DIRECTION('',(0.,-1.,0.));
#298 = ADVANCED_FACE('',(#299),#318,.T.);
#299 = FACE_BOUND('',#300,.T.);
#300 = EDGE_LOOP('',(#301,#302,#311,#317));
#301 = ORIENTED_EDGE('',*,*,#263,.T.);
#302 = ORIENTED_EDGE('',*,*,#303,.T.);
#303 = EDGE_CURVE('',#249,#304,#306,.T.);
#304 = VERTEX_POINT('',#305);
#305 = CARTESIAN_POINT('',(-0.3,-0.23,0.5));
#306 = CIRCLE('',#307,2.E-02);
#307 = AXIS2_PLACEMENT_3D('',#308,#309,#310);
#308 = CARTESIAN_POINT('',(-0.3,-0.23,0.48));
#309 = DIRECTION('',(-1.,0.,0.));
#310 = DIRECTION('',(0.,0.,1.));
#311 = ORIENTED_EDGE('',*,*,#312,.F.);
#312 = EDGE_CURVE('',#224,#304,#313,.T.);
#313 = LINE('',#314,#315);
#314 = CARTESIAN_POINT('',(-0.5,-0.23,0.5));
#315 = VECTOR('',#316,1.);
#316 = DIRECTION('',(1.,0.,0.));
#317 = ORIENTED_EDGE('',*,*,#231,.F.);
#318 = CYLINDRICAL_SURFACE('',#319,2.E-02);
#319 = AXIS2_PLACEMENT_3D('',#320,#321,#322);
#320 = CARTESIAN_POINT('',(-0.5,-0.23,0.48));
#321 = DIRECTION('',(1.,0.,0.));
#322 = DIRECTION('',(0.,-1.,0.));
#323 = ADVANCED_FACE('',(#324),#342,.F.);
#324 = FACE_BOUND('',#325,.F.);
#325 = EDGE_LOOP('',(#326,#327,#328,#336));
#326 = ORIENTED_EDGE('',*,*,#189,.F.);
#327 = ORIENTED_EDGE('',*,*,#278,.T.);
#328 = ORIENTED_EDGE('',*,*,#329,.T.);
#329 = EDGE_CURVE('',#279,#330,#332,.T.);
#330 = VERTEX_POINT('',#331);
#331 = CARTESIAN_POINT('',(-0.3,0.23,0.));
#332 = LINE('',#333,#334);
#333 = CARTESIAN_POINT('',(-0.3,-0.25,0.));
#334 = VECTOR('',#335,1.);
#335 = DIRECTION('',(0.,1.,0.));
#336 = ORIENTED_EDGE('',*,*,#337,.F.);
#337 = EDGE_CURVE('',#190,#330,#338,.T.);
#338 = LINE('',#339,#340);
#339 = CARTESIAN_POINT('',(-0.5,0.23,0.));
#340 = VECTOR('',#341,1.);
#341 = DIRECTION('',(1.,0.,0.));
#342 = PLANE('',#343);
#343 = AXIS2_PLACEMENT_3D('',#344,#345,#346);
#344 = CARTESIAN_POINT('',(-0.5,-0.25,0.));
#345 = DIRECTION('',(0.,0.,1.));
#346 = DIRECTION('',(1.,0.,-0.));
#347 = ADVANCED_FACE('',(#348),#366,.T.);
#348 = FACE_BOUND('',#349,.T.);
#349 = EDGE_LOOP('',(#350,#351,#352,#360));
#350 = ORIENTED_EDGE('',*,*,#223,.F.);
#351 = ORIENTED_EDGE('',*,*,#312,.T.);
#352 = ORIENTED_EDGE('',*,*,#353,.T.);
#353 = EDGE_CURVE('',#304,#354,#356,.T.);
#354 = VERTEX_POINT('',#355);
#355 = CARTESIAN_POINT('',(-0.3,0.23,0.5));
#356 = LINE('',#357,#358);
#357 = CARTESIAN_POINT('',(-0.3,-0.25,0.5));
#358 = VECTOR('',#359,1.);
#359 = DIRECTION('',(0.,1.,0.));
#360 = ORIENTED_EDGE('',*,*,#361,.F.);
#361 = EDGE_CURVE('',#215,#354,#362,.T.);
#362 = LINE('',#363,#364);
#363 = CARTESIAN_POINT('',(-0.5,0.23,0.5));
#364 = VECTOR('',#365,1.);
#365 = DIRECTION('',(1.,0.,0.));
#366 = PLANE('',#367);
#367 = AXIS2_PLACEMENT_3D('',#368,#369,#370);
#368 = CARTESIAN_POINT('',(-0.5,-0.25,0.5));
#369 = DIRECTION('',(0.,0.,1.));
#370 = DIRECTION('',(1.,0.,-0.));
#371 = ADVANCED_FACE('',(#372),#391,.T.);
#372 = FACE_BOUND('',#373,.T.);
#373 = EDGE_LOOP('',(#374,#382,#389,#390));
#374 = ORIENTED_EDGE('',*,*,#375,.T.);
#375 = EDGE_CURVE('',#198,#376,#378,.T.);
#376 = VERTEX_POINT('',#377);
#377 = CARTESIAN_POINT('',(-0.3,0.25,2.E-02));
#378 = LINE('',#379,#380);
#379 = CARTESIAN_POINT('',(-0.5,0.25,2.E-02));
#380 = VECTOR('',#381,1.);
#381 = DIRECTION('',(1.,0.,0.));
#382 = ORIENTED_EDGE('',*,*,#383,.T.);
#383 = EDGE_CURVE('',#376,#330,#384,.T.);
#384 = CIRCLE('',#385,2.E-02);
#385 = AXIS2_PLACEMENT_3D('',#386,#387,#388);
#386 = CARTESIAN_POINT('',(-0.3,0.23,2.E-02));
#387 = DIRECTION('',(-1.,0.,0.));
#388 = DIRECTION('',(0.,0.,1.));
#389 = ORIENTED_EDGE('',*,*,#337,.F.);
#390 = ORIENTED_EDGE('',*,*,#197,.F.);
#391 = CYLINDRICAL_SURFACE('',#392,2.E-02);
#392 = AXIS2_PLACEMENT_3D('',#393,#394,#395);
#393 = CARTESIAN_POINT('',(-0.5,0.23,2.E-02));
#394 = DIRECTION('',(1.,0.,0.));
#395 = DIRECTION('',(-0.,1.,0.));
#396 = ADVANCED_FACE('',(#397),#416,.T.);
#397 = FACE_BOUND('',#398,.T.);
#398 = EDGE_LOOP('',(#399,#400,#401,#410));
#399 = ORIENTED_EDGE('',*,*,#214,.T.);
#400 = ORIENTED_EDGE('',*,*,#361,.T.);
#401 = ORIENTED_EDGE('',*,*,#402,.F.);
#402 = EDGE_CURVE('',#403,#354,#405,.T.);
#403 = VERTEX_POINT('',#404);
#404 = CARTESIAN_POINT('',(-0.3,0.25,0.48));
#405 = CIRCLE('',#406,2.E-02);
#406 = AXIS2_PLACEMENT_3D('',#407,#408,#409);
#407 = CARTESIAN_POINT('',(-0.3,0.23,0.48));
#408 = DIRECTION('',(1.,0.,-0.));
#409 = DIRECTION('',(0.,0.,1.));
#410 = ORIENTED_EDGE('',*,*,#411,.F.);
#411 = EDGE_CURVE('',#207,#403,#412,.T.);
#412 = LINE('',#413,#414);
#413 = CARTESIAN_POINT('',(-0.5,0.25,0.48));
#414 = VECTOR('',#415,1.);
#415 = DIRECTION('',(1.,0.,0.));
#416 = CYLINDRICAL_SURFACE('',#417,2.E-02);
#417 = AXIS2_PLACEMENT_3D('',#418,#419,#420);
#418 = CARTESIAN_POINT('',(-0.5,0.23,0.48));
#419 = DIRECTION('',(1.,0.,0.));
#420 = DIRECTION('',(-0.,1.,0.));
#421 = ADVANCED_FACE('',(#422),#433,.T.);
#422 = FACE_BOUND('',#423,.T.);
#423 = EDGE_LOOP('',(#424,#430,#431,#432));
#424 = ORIENTED_EDGE('',*,*,#425,.F.);
#425 = EDGE_CURVE('',#376,#403,#426,.T.);
#426 = LINE('',#427,#428);
#427 = CARTESIAN_POINT('',(-0.3,0.25,0.));
#428 = VECTOR('',#429,1.);
#429 = DIRECTION('',(0.,0.,1.));
#430 = ORIENTED_EDGE('',*,*,#375,.F.);
#431 = ORIENTED_EDGE('',*,*,#206,.T.);
#432 = ORIENTED_EDGE('',*,*,#411,.T.);
#433 = PLANE('',#434);
#434 = AXIS2_PLACEMENT_3D('',#435,#436,#437);
#435 = CARTESIAN_POINT('',(-0.5,0.25,0.));
#436 = DIRECTION('',(0.,1.,0.));
#437 = DIRECTION('',(0.,-0.,1.));
#438 = ADVANCED_FACE('',(#439,#449),#519,.T.);
#439 = FACE_BOUND('',#440,.T.);
#440 = EDGE_LOOP('',(#441,#442,#443,#444,#445,#446,#447,#448));
#441 = ORIENTED_EDGE('',*,*,#246,.F.);
#442 = ORIENTED_EDGE('',*,*,#286,.T.);
#443 = ORIENTED_EDGE('',*,*,#329,.T.);
#444 = ORIENTED_EDGE('',*,*,#383,.F.);
#445 = ORIENTED_EDGE('',*,*,#425,.T.);
#446 = ORIENTED_EDGE('',*,*,#402,.T.);
#447 = ORIENTED_EDGE('',*,*,#353,.F.);
#448 = ORIENTED_EDGE('',*,*,#303,.F.);
#449 = FACE_BOUND('',#450,.T.);
#450 = EDGE_LOOP('',(#451,#462,#470,#479,#487,#496,#504,#513));
#451 = ORIENTED_EDGE('',*,*,#452,.F.);
#452 = EDGE_CURVE('',#453,#455,#457,.T.);
#453 = VERTEX_POINT('',#454);
#454 = CARTESIAN_POINT('',(-0.3,-0.23,4.E-02));
#455 = VERTEX_POINT('',#456);
#456 = CARTESIAN_POINT('',(-0.3,-0.21,2.E-02));
#457 = CIRCLE('',#458,2.E-02);
#458 = AXIS2_PLACEMENT_3D('',#459,#460,#461);
#459 = CARTESIAN_POINT('',(-0.3,-0.21,4.E-02));
#460 = DIRECTION('',(1.,0.,-0.));
#461 = DIRECTION('',(0.,0.,1.));
#462 = ORIENTED_EDGE('',*,*,#463,.T.);
#463 = EDGE_CURVE('',#453,#464,#466,.T.);
#464 = VERTEX_POINT('',#465);
#465 = CARTESIAN_POINT('',(-0.3,-0.23,0.46));
#466 = LINE('',#467,#468);
#467 = CARTESIAN_POINT('',(-0.3,-0.23,2.E-02));
#468 = VECTOR('',#469,1.);
#469 = DIRECTION('',(0.,0.,1.));
#470 = ORIENTED_EDGE('',*,*,#471,.T.);
#471 = EDGE_CURVE('',#464,#472,#474,.T.);
#472 = VERTEX_POINT('',#473);
#473 = CARTESIAN_POINT('',(-0.3,-0.21,0.48));
#474 = CIRCLE('',#475,2.E-02);
#475 = AXIS2_PLACEMENT_3D('',#476,#477,#478);
#476 = CARTESIAN_POINT('',(-0.3,-0.21,0.46));
#477 = DIRECTION('',(-1.,0.,0.));
#478 = DIRECTION('',(0.,0.,1.));
#479 = ORIENTED_EDGE('',*,*,#480,.T.);
#480 = EDGE_CURVE('',#472,#481,#483,.T.);
#481 = VERTEX_POINT('',#482);
#482 = CARTESIAN_POINT('',(-0.3,0.21,0.48));
#483 = LINE('',#484,#485);
#484 = CARTESIAN_POINT('',(-0.3,-0.23,0.48));
#485 = VECTOR('',#486,1.);
#486 = DIRECTION('',(0.,1.,0.));
#487 = ORIENTED_EDGE('',*,*,#488,.F.);
#488 = EDGE_CURVE('',#489,#481,#491,.T.);
#489 = VERTEX_POINT('',#490);
#490 = CARTESIAN_POINT('',(-0.3,0.23,0.46));
#491 = CIRCLE('',#492,2.E-02);
#492 = AXIS2_PLACEMENT_3D('',#493,#494,#495);
#493 = CARTESIAN_POINT('',(-0.3,0.21,0.46));
#494 = DIRECTION('',(1.,0.,-0.));
#495 = DIRECTION('',(0.,0.,1.));
#496 = ORIENTED_EDGE('',*,*,#497,.F.);
#497 = EDGE_CURVE('',#498,#489,#500,.T.);
#498 = VERTEX_POINT('',#499);
#499 = CARTESIAN_POINT('',(-0.3,0.23,4.E-02));
#500 = LINE('',#501,#502);
#501 = CARTESIAN_POINT('',(-0.3,0.23,2.E-02));
#502 = VECTOR('',#503,1.);
#503 = DIRECTION('',(0.,0.,1.));
#504 = ORIENTED_EDGE('',*,*,#505,.T.);
#505 = EDGE_CURVE('',#498,#506,#508,.T.);
#506 = VERTEX_POINT('',#507);
#507 = CARTESIAN_POINT('',(-0.3,0.21,2.E-02));
#508 = CIRCLE('',#509,2.E-02);
#509 = AXIS2_PLACEMENT_3D('',#510,#511,#512);
#510 = CARTESIAN_POINT('',(-0.3,0.21,4.E-02));
#511 = DIRECTION('',(-1.,0.,0.));
#512 = DIRECTION('',(0.,0.,1.));
#513 = ORIENTED_EDGE('',*,*,#514,.F.);
#514 = EDGE_CURVE('',#455,#506,#515,.T.);
#515 = LINE('',#516,#517);
#516 = CARTESIAN_POINT('',(-0.3,-0.23,2.E-02));
#517 = VECTOR('',#518,1.);
#518 = DIRECTION('',(0.,1.,0.));
#519 = PLANE('',#520);
#520 = AXIS2_PLACEMENT_3D('',#521,#522,#523);
#521 = CARTESIAN_POINT('',(-0.3,-0.25,0.));
#522 = DIRECTION('',(1.,0.,0.));
#523 = DIRECTION('',(0.,0.,1.));
#524 = ADVANCED_FACE('',(#525),#551,.T.);
#525 = FACE_BOUND('',#526,.T.);
#526 = EDGE_LOOP('',(#527,#528,#536,#545));
#527 = ORIENTED_EDGE('',*,*,#452,.T.);
#528 = ORIENTED_EDGE('',*,*,#529,.T.);
#529 = EDGE_CURVE('',#455,#530,#532,.T.);
#530 = VERTEX_POINT('',#531);
#531 = CARTESIAN_POINT('',(0.3,-0.21,2.E-02));
#532 = LINE('',#533,#534);
#533 = CARTESIAN_POINT('',(-0.3,-0.21,2.E-02));
#534 = VECTOR('',#535,1.);
#535 = DIRECTION('',(1.,0.,0.));
#536 = ORIENTED_EDGE('',*,*,#537,.F.);
#537 = EDGE_CURVE('',#538,#530,#540,.T.);
#538 = VERTEX_POINT('',#539);
#539 = CARTESIAN_POINT('',(0.3,-0.23,4.E-02));
#540 = CIRCLE('',#541,2.E-02);
#541 = AXIS2_PLACEMENT_3D('',#542,#543,#544);
#542 = CARTESIAN_POINT('',(0.3,-0.21,4.E-02));
#543 = DIRECTION('',(1.,0.,-0.));
#544 = DIRECTION('',(0.,0.,1.));
#545 = ORIENTED_EDGE('',*,*,#546,.F.);
#546 = EDGE_CURVE('',#453,#538,#547,.T.);
#547 = LINE('',#548,#549);
#548 = CARTESIAN_POINT('',(-0.3,-0.23,4.E-02));
#549 = VECTOR('',#550,1.);
#550 = DIRECTION('',(1.,0.,0.));
#551 = CYLINDRICAL_SURFACE('',#552,2.E-02);
#552 = AXIS2_PLACEMENT_3D('',#553,#554,#555);
#553 = CARTESIAN_POINT('',(-0.3,-0.21,4.E-02));
#554 = DIRECTION('',(1.,0.,0.));
#555 = DIRECTION('',(0.,-1.,0.));
#556 = ADVANCED_FACE('',(#557),#575,.F.);
#557 = FACE_BOUND('',#558,.F.);
#558 = EDGE_LOOP('',(#559,#560,#561,#569));
#559 = ORIENTED_EDGE('',*,*,#514,.F.);
#560 = ORIENTED_EDGE('',*,*,#529,.T.);
#561 = ORIENTED_EDGE('',*,*,#562,.T.);
#562 = EDGE_CURVE('',#530,#563,#565,.T.);
#563 = VERTEX_POINT('',#564);
#564 = CARTESIAN_POINT('',(0.3,0.21,2.E-02));
#565 = LINE('',#566,#567);
#566 = CARTESIAN_POINT('',(0.3,-0.23,2.E-02));
#567 = VECTOR('',#568,1.);
#568 = DIRECTION('',(0.,1.,0.));
#569 = ORIENTED_EDGE('',*,*,#570,.F.);
#570 = EDGE_CURVE('',#506,#563,#571,.T.);
#571 = LINE('',#572,#573);
#572 = CARTESIAN_POINT('',(-0.3,0.21,2.E-02));
#573 = VECTOR('',#574,1.);
#574 = DIRECTION('',(1.,0.,0.));
#575 = PLANE('',#576);
#576 = AXIS2_PLACEMENT_3D('',#577,#578,#579);
#577 = CARTESIAN_POINT('',(-0.3,-0.23,2.E-02));
#578 = DIRECTION('',(0.,0.,1.));
#579 = DIRECTION('',(1.,0.,-0.));
#580 = ADVANCED_FACE('',(#581),#600,.T.);
#581 = FACE_BOUND('',#582,.T.);
#582 = EDGE_LOOP('',(#583,#591,#598,#599));
#583 = ORIENTED_EDGE('',*,*,#584,.T.);
#584 = EDGE_CURVE('',#498,#585,#587,.T.);
#585 = VERTEX_POINT('',#586);
#586 = CARTESIAN_POINT('',(0.3,0.23,4.E-02));
#587 = LINE('',#588,#589);
#588 = CARTESIAN_POINT('',(-0.3,0.23,4.E-02));
#589 = VECTOR('',#590,1.);
#590 = DIRECTION('',(1.,0.,0.));
#591 = ORIENTED_EDGE('',*,*,#592,.T.);
#592 = EDGE_CURVE('',#585,#563,#593,.T.);
#593 = CIRCLE('',#594,2.E-02);
#594 = AXIS2_PLACEMENT_3D('',#595,#596,#597);
#595 = CARTESIAN_POINT('',(0.3,0.21,4.E-02));
#596 = DIRECTION('',(-1.,0.,0.));
#597 = DIRECTION('',(0.,0.,1.));
#598 = ORIENTED_EDGE('',*,*,#570,.F.);
#599 = ORIENTED_EDGE('',*,*,#505,.F.);
#600 = CYLINDRICAL_SURFACE('',#601,2.E-02);
#601 = AXIS2_PLACEMENT_3D('',#602,#603,#604);
#602 = CARTESIAN_POINT('',(-0.3,0.21,4.E-02));
#603 = DIRECTION('',(1.,0.,0.));
#604 = DIRECTION('',(-0.,1.,0.));
#605 = ADVANCED_FACE('',(#606),#624,.T.);
#606 = FACE_BOUND('',#607,.T.);
#607 = EDGE_LOOP('',(#608,#616,#617,#618));
#608 = ORIENTED_EDGE('',*,*,#609,.F.);
#609 = EDGE_CURVE('',#585,#610,#612,.T.);
#610 = VERTEX_POINT('',#611);
#611 = CARTESIAN_POINT('',(0.3,0.23,0.46));
#612 = LINE('',#613,#614);
#613 = CARTESIAN_POINT('',(0.3,0.23,2.E-02));
#614 = VECTOR('',#615,1.);
#615 = DIRECTION('',(0.,0.,1.));
#616 = ORIENTED_EDGE('',*,*,#584,.F.);
#617 = ORIENTED_EDGE('',*,*,#497,.T.);
#618 = ORIENTED_EDGE('',*,*,#619,.T.);
#619 = EDGE_CURVE('',#489,#610,#620,.T.);
#620 = LINE('',#621,#622);
#621 = CARTESIAN_POINT('',(-0.3,0.23,0.46));
#622 = VECTOR('',#623,1.);
#623 = DIRECTION('',(1.,0.,0.));
#624 = PLANE('',#625);
#625 = AXIS2_PLACEMENT_3D('',#626,#627,#628);
#626 = CARTESIAN_POINT('',(-0.3,0.23,2.E-02));
#627 = DIRECTION('',(0.,1.,0.));
#628 = DIRECTION('',(0.,-0.,1.));
#629 = ADVANCED_FACE('',(#630),#649,.T.);
#630 = FACE_BOUND('',#631,.T.);
#631 = EDGE_LOOP('',(#632,#633,#641,#648));
#632 = ORIENTED_EDGE('',*,*,#488,.T.);
#633 = ORIENTED_EDGE('',*,*,#634,.T.);
#634 = EDGE_CURVE('',#481,#635,#637,.T.);
#635 = VERTEX_POINT('',#636);
#636 = CARTESIAN_POINT('',(0.3,0.21,0.48));
#637 = LINE('',#638,#639);
#638 = CARTESIAN_POINT('',(-0.3,0.21,0.48));
#639 = VECTOR('',#640,1.);
#640 = DIRECTION('',(1.,0.,0.));
#641 = ORIENTED_EDGE('',*,*,#642,.F.);
#642 = EDGE_CURVE('',#610,#635,#643,.T.);
#643 = CIRCLE('',#644,2.E-02);
#644 = AXIS2_PLACEMENT_3D('',#645,#646,#647);
#645 = CARTESIAN_POINT('',(0.3,0.21,0.46));
#646 = DIRECTION('',(1.,0.,-0.));
#647 = DIRECTION('',(0.,0.,1.));
#648 = ORIENTED_EDGE('',*,*,#619,.F.);
#649 = CYLINDRICAL_SURFACE('',#650,2.E-02);
#650 = AXIS2_PLACEMENT_3D('',#651,#652,#653);
#651 = CARTESIAN_POINT('',(-0.3,0.21,0.46));
#652 = DIRECTION('',(1.,0.,0.));
#653 = DIRECTION('',(-0.,1.,0.));
#654 = ADVANCED_FACE('',(#655),#673,.T.);
#655 = FACE_BOUND('',#656,.T.);
#656 = EDGE_LOOP('',(#657,#658,#666,#672));
#657 = ORIENTED_EDGE('',*,*,#480,.F.);
#658 = ORIENTED_EDGE('',*,*,#659,.T.);
#659 = EDGE_CURVE('',#472,#660,#662,.T.);
#660 = VERTEX_POINT('',#661);
#661 = CARTESIAN_POINT('',(0.3,-0.21,0.48));
#662 = LINE('',#663,#664);
#663 = CARTESIAN_POINT('',(-0.3,-0.21,0.48));
#664 = VECTOR('',#665,1.);
#665 = DIRECTION('',(1.,0.,0.));
#666 = ORIENTED_EDGE('',*,*,#667,.T.);
#667 = EDGE_CURVE('',#660,#635,#668,.T.);
#668 = LINE('',#669,#670);
#669 = CARTESIAN_POINT('',(0.3,-0.23,0.48));
#670 = VECTOR('',#671,1.);
#671 = DIRECTION('',(0.,1.,0.));
#672 = ORIENTED_EDGE('',*,*,#634,.F.);
#673 = PLANE('',#674);
#674 = AXIS2_PLACEMENT_3D('',#675,#676,#677);
#675 = CARTESIAN_POINT('',(-0.3,-0.23,0.48));
#676 = DIRECTION('',(0.,0.,1.));
#677 = DIRECTION('',(1.,0.,-0.));
#678 = ADVANCED_FACE('',(#679),#698,.T.);
#679 = FACE_BOUND('',#680,.T.);
#680 = EDGE_LOOP('',(#681,#689,#696,#697));
#681 = ORIENTED_EDGE('',*,*,#682,.T.);
#682 = EDGE_CURVE('',#464,#683,#685,.T.);
#683 = VERTEX_POINT('',#684);
#684 = CARTESIAN_POINT('',(0.3,-0.23,0.46));
#685 = LINE('',#686,#687);
#686 = CARTESIAN_POINT('',(-0.3,-0.23,0.46));
#687 = VECTOR('',#688,1.);
#688 = DIRECTION('',(1.,0.,0.));
#689 = ORIENTED_EDGE('',*,*,#690,.T.);
#690 = EDGE_CURVE('',#683,#660,#691,.T.);
#691 = CIRCLE('',#692,2.E-02);
#692 = AXIS2_PLACEMENT_3D('',#693,#694,#695);
#693 = CARTESIAN_POINT('',(0.3,-0.21,0.46));
#694 = DIRECTION('',(-1.,0.,0.));
#695 = DIRECTION('',(0.,0.,1.));
#696 = ORIENTED_EDGE('',*,*,#659,.F.);
#697 = ORIENTED_EDGE('',*,*,#471,.F.);
#698 = CYLINDRICAL_SURFACE('',#699,2.E-02);
#699 = AXIS2_PLACEMENT_3D('',#700,#701,#702);
#700 = CARTESIAN_POINT('',(-0.3,-0.21,0.46));
#701 = DIRECTION('',(1.,0.,0.));
#702 = DIRECTION('',(0.,-1.,0.));
#703 = ADVANCED_FACE('',(#704),#715,.F.);
#704 = FACE_BOUND('',#705,.F.);
#705 = EDGE_LOOP('',(#706,#712,#713,#714));
#706 = ORIENTED_EDGE('',*,*,#707,.F.);
#707 = EDGE_CURVE('',#538,#683,#708,.T.);
#708 = LINE('',#709,#710);
#709 = CARTESIAN_POINT('',(0.3,-0.23,2.E-02));
#710 = VECTOR('',#711,1.);
#711 = DIRECTION('',(0.,0.,1.));
#712 = ORIENTED_EDGE('',*,*,#546,.F.);
#713 = ORIENTED_EDGE('',*,*,#463,.T.);
#714 = ORIENTED_EDGE('',*,*,#682,.T.);
#715 = PLANE('',#716);
#716 = AXIS2_PLACEMENT_3D('',#717,#718,#719);
#717 = CARTESIAN_POINT('',(-0.3,-0.23,2.E-02));
#718 = DIRECTION('',(0.,1.,0.));
#719 = DIRECTION('',(0.,-0.,1.));
#720 = ADVANCED_FACE('',(#721,#791),#801,.F.);
#721 = FACE_BOUND('',#722,.F.);
#722 = EDGE_LOOP('',(#723,#733,#742,#750,#759,#767,#776,#784));
#723 = ORIENTED_EDGE('',*,*,#724,.F.);
#724 = EDGE_CURVE('',#725,#727,#729,.T.);
#725 = VERTEX_POINT('',#726);
#726 = CARTESIAN_POINT('',(0.3,-0.25,2.E-02));
#727 = VERTEX_POINT('',#728);
#728 = CARTESIAN_POINT('',(0.3,-0.25,0.48));
#729 = LINE('',#730,#731);
#730 = CARTESIAN_POINT('',(0.3,-0.25,0.));
#731 = VECTOR('',#732,1.);
#732 = DIRECTION('',(0.,0.,1.));
#733 = ORIENTED_EDGE('',*,*,#734,.T.);
#734 = EDGE_CURVE('',#725,#735,#737,.T.);
#735 = VERTEX_POINT('',#736);
#736 = CARTESIAN_POINT('',(0.3,-0.23,0.));
#737 = CIRCLE('',#738,2.E-02);
#738 = AXIS2_PLACEMENT_3D('',#739,#740,#741);
#739 = CARTESIAN_POINT('',(0.3,-0.23,2.E-02));
#740 = DIRECTION('',(1.,0.,-0.));
#741 = DIRECTION('',(0.,0.,1.));
#742 = ORIENTED_EDGE('',*,*,#743,.T.);
#743 = EDGE_CURVE('',#735,#744,#746,.T.);
#744 = VERTEX_POINT('',#745);
#745 = CARTESIAN_POINT('',(0.3,0.23,0.));
#746 = LINE('',#747,#748);
#747 = CARTESIAN_POINT('',(0.3,-0.25,0.));
#748 = VECTOR('',#749,1.);
#749 = DIRECTION('',(0.,1.,0.));
#750 = ORIENTED_EDGE('',*,*,#751,.F.);
#751 = EDGE_CURVE('',#752,#744,#754,.T.);
#752 = VERTEX_POINT('',#753);
#753 = CARTESIAN_POINT('',(0.3,0.25,2.E-02));
#754 = CIRCLE('',#755,2.E-02);
#755 = AXIS2_PLACEMENT_3D('',#756,#757,#758);
#756 = CARTESIAN_POINT('',(0.3,0.23,2.E-02));
#757 = DIRECTION('',(-1.,0.,0.));
#758 = DIRECTION('',(0.,0.,1.));
#759 = ORIENTED_EDGE('',*,*,#760,.T.);
#760 = EDGE_CURVE('',#752,#761,#763,.T.);
#761 = VERTEX_POINT('',#762);
#762 = CARTESIAN_POINT('',(0.3,0.25,0.48));
#763 = LINE('',#764,#765);
#764 = CARTESIAN_POINT('',(0.3,0.25,0.));
#765 = VECTOR('',#766,1.);
#766 = DIRECTION('',(0.,0.,1.));
#767 = ORIENTED_EDGE('',*,*,#768,.T.);
#768 = EDGE_CURVE('',#761,#769,#771,.T.);
#769 = VERTEX_POINT('',#770);
#770 = CARTESIAN_POINT('',(0.3,0.23,0.5));
#771 = CIRCLE('',#772,2.E-02);
#772 = AXIS2_PLACEMENT_3D('',#773,#774,#775);
#773 = CARTESIAN_POINT('',(0.3,0.23,0.48));
#774 = DIRECTION('',(1.,0.,-0.));
#775 = DIRECTION('',(0.,0.,1.));
#776 = ORIENTED_EDGE('',*,*,#777,.F.);
#777 = EDGE_CURVE('',#778,#769,#780,.T.);
#778 = VERTEX_POINT('',#779);
#779 = CARTESIAN_POINT('',(0.3,-0.23,0.5));
#780 = LINE('',#781,#782);
#781 = CARTESIAN_POINT('',(0.3,-0.25,0.5));
#782 = VECTOR('',#783,1.);
#783 = DIRECTION('',(0.,1.,0.));
#784 = ORIENTED_EDGE('',*,*,#785,.F.);
#785 = EDGE_CURVE('',#727,#778,#786,.T.);
#786 = CIRCLE('',#787,2.E-02);
#787 = AXIS2_PLACEMENT_3D('',#788,#789,#790);
#788 = CARTESIAN_POINT('',(0.3,-0.23,0.48));
#789 = DIRECTION('',(-1.,0.,0.));
#790 = DIRECTION('',(0.,0.,1.));
#791 = FACE_BOUND('',#792,.F.);
#792 = EDGE_LOOP('',(#793,#794,#795,#796,#797,#798,#799,#800));
#793 = ORIENTED_EDGE('',*,*,#537,.F.);
#794 = ORIENTED_EDGE('',*,*,#707,.T.);
#795 = ORIENTED_EDGE('',*,*,#690,.T.);
#796 = ORIENTED_EDGE('',*,*,#667,.T.);
#797 = ORIENTED_EDGE('',*,*,#642,.F.);
#798 = ORIENTED_EDGE('',*,*,#609,.F.);
#799 = ORIENTED_EDGE('',*,*,#592,.T.);
#800 = ORIENTED_EDGE('',*,*,#562,.F.);
#801 = PLANE('',#802);
#802 = AXIS2_PLACEMENT_3D('',#803,#804,#805);
#803 = CARTESIAN_POINT('',(0.3,-0.25,0.));
#804 = DIRECTION('',(1.,0.,0.));
#805 = DIRECTION('',(0.,0.,1.));
#806 = ADVANCED_FACE('',(#807),#832,.F.);
#807 = FACE_BOUND('',#808,.F.);
#808 = EDGE_LOOP('',(#809,#819,#825,#826));
#809 = ORIENTED_EDGE('',*,*,#810,.F.);
#810 = EDGE_CURVE('',#811,#813,#815,.T.);
#811 = VERTEX_POINT('',#812);
#812 = CARTESIAN_POINT('',(0.5,-0.25,2.E-02));
#813 = VERTEX_POINT('',#814);
#814 = CARTESIAN_POINT('',(0.5,-0.25,0.48));
#815 = LINE('',#816,#817);
#816 = CARTESIAN_POINT('',(0.5,-0.25,0.));
#817 = VECTOR('',#818,1.);
#818 = DIRECTION('',(0.,0.,1.));
#819 = ORIENTED_EDGE('',*,*,#820,.F.);
#820 = EDGE_CURVE('',#725,#811,#821,.T.);
#821 = LINE('',#822,#823);
#822 = CARTESIAN_POINT('',(0.3,-0.25,2.E-02));
#823 = VECTOR('',#824,1.);
#824 = DIRECTION('',(1.,0.,0.));
#825 = ORIENTED_EDGE('',*,*,#724,.T.);
#826 = ORIENTED_EDGE('',*,*,#827,.T.);
#827 = EDGE_CURVE('',#727,#813,#828,.T.);
#828 = LINE('',#829,#830);
#829 = CARTESIAN_POINT('',(0.3,-0.25,0.48));
#830 = VECTOR('',#831,1.);
#831 = DIRECTION('',(1.,0.,0.));
#832 = PLANE('',#833);
#833 = AXIS2_PLACEMENT_3D('',#834,#835,#836);
#834 = CARTESIAN_POINT('',(0.3,-0.25,0.));
#835 = DIRECTION('',(0.,1.,0.));
#836 = DIRECTION('',(0.,-0.,1.));
#837 = ADVANCED_FACE('',(#838),#857,.T.);
#838 = FACE_BOUND('',#839,.T.);
#839 = EDGE_LOOP('',(#840,#841,#849,#856));
#840 = ORIENTED_EDGE('',*,*,#734,.T.);
#841 = ORIENTED_EDGE('',*,*,#842,.T.);
#842 = EDGE_CURVE('',#735,#843,#845,.T.);
#843 = VERTEX_POINT('',#844);
#844 = CARTESIAN_POINT('',(0.5,-0.23,0.));
#845 = LINE('',#846,#847);
#846 = CARTESIAN_POINT('',(0.3,-0.23,0.));
#847 = VECTOR('',#848,1.);
#848 = DIRECTION('',(1.,0.,0.));
#849 = ORIENTED_EDGE('',*,*,#850,.F.);
#850 = EDGE_CURVE('',#811,#843,#851,.T.);
#851 = CIRCLE('',#852,2.E-02);
#852 = AXIS2_PLACEMENT_3D('',#853,#854,#855);
#853 = CARTESIAN_POINT('',(0.5,-0.23,2.E-02));
#854 = DIRECTION('',(1.,0.,-0.));
#855 = DIRECTION('',(0.,0.,1.));
#856 = ORIENTED_EDGE('',*,*,#820,.F.);
#857 = CYLINDRICAL_SURFACE('',#858,2.E-02);
#858 = AXIS2_PLACEMENT_3D('',#859,#860,#861);
#859 = CARTESIAN_POINT('',(0.3,-0.23,2.E-02));
#860 = DIRECTION('',(1.,0.,0.));
#861 = DIRECTION('',(0.,-1.,0.));
#862 = ADVANCED_FACE('',(#863),#882,.T.);
#863 = FACE_BOUND('',#864,.T.);
#864 = EDGE_LOOP('',(#865,#866,#875,#881));
#865 = ORIENTED_EDGE('',*,*,#827,.T.);
#866 = ORIENTED_EDGE('',*,*,#867,.T.);
#867 = EDGE_CURVE('',#813,#868,#870,.T.);
#868 = VERTEX_POINT('',#869);
#869 = CARTESIAN_POINT('',(0.5,-0.23,0.5));
#870 = CIRCLE('',#871,2.E-02);
#871 = AXIS2_PLACEMENT_3D('',#872,#873,#874);
#872 = CARTESIAN_POINT('',(0.5,-0.23,0.48));
#873 = DIRECTION('',(-1.,0.,0.));
#874 = DIRECTION('',(0.,0.,1.));
#875 = ORIENTED_EDGE('',*,*,#876,.F.);
#876 = EDGE_CURVE('',#778,#868,#877,.T.);
#877 = LINE('',#878,#879);
#878 = CARTESIAN_POINT('',(0.3,-0.23,0.5));
#879 = VECTOR('',#880,1.);
#880 = DIRECTION('',(1.,0.,0.));
#881 = ORIENTED_EDGE('',*,*,#785,.F.);
#882 = CYLINDRICAL_SURFACE('',#883,2.E-02);
#883 = AXIS2_PLACEMENT_3D('',#884,#885,#886);
#884 = CARTESIAN_POINT('',(0.3,-0.23,0.48));
#885 = DIRECTION('',(1.,0.,0.));
#886 = DIRECTION('',(0.,-1.,0.));
#887 = ADVANCED_FACE('',(#888),#906,.F.);
#888 = FACE_BOUND('',#889,.F.);
#889 = EDGE_LOOP('',(#890,#891,#892,#900));
#890 = ORIENTED_EDGE('',*,*,#743,.F.);
#891 = ORIENTED_EDGE('',*,*,#842,.T.);
#892 = ORIENTED_EDGE('',*,*,#893,.T.);
#893 = EDGE_CURVE('',#843,#894,#896,.T.);
#894 = VERTEX_POINT('',#895);
#895 = CARTESIAN_POINT('',(0.5,0.23,0.));
#896 = LINE('',#897,#898);
#897 = CARTESIAN_POINT('',(0.5,-0.25,0.));
#898 = VECTOR('',#899,1.);
#899 = DIRECTION('',(0.,1.,0.));
#900 = ORIENTED_EDGE('',*,*,#901,.F.);
#901 = EDGE_CURVE('',#744,#894,#902,.T.);
#902 = LINE('',#903,#904);
#903 = CARTESIAN_POINT('',(0.3,0.23,0.));
#904 = VECTOR('',#905,1.);
#905 = DIRECTION('',(1.,0.,0.));
#906 = PLANE('',#907);
#907 = AXIS2_PLACEMENT_3D('',#908,#909,#910);
#908 = CARTESIAN_POINT('',(0.3,-0.25,0.));
#909 = DIRECTION('',(0.,0.,1.));
#910 = DIRECTION('',(1.,0.,-0.));
#911 = ADVANCED_FACE('',(#912),#930,.T.);
#912 = FACE_BOUND('',#913,.T.);
#913 = EDGE_LOOP('',(#914,#915,#916,#924));
#914 = ORIENTED_EDGE('',*,*,#777,.F.);
#915 = ORIENTED_EDGE('',*,*,#876,.T.);
#916 = ORIENTED_EDGE('',*,*,#917,.T.);
#917 = EDGE_CURVE('',#868,#918,#920,.T.);
#918 = VERTEX_POINT('',#919);
#919 = CARTESIAN_POINT('',(0.5,0.23,0.5));
#920 = LINE('',#921,#922);
#921 = CARTESIAN_POINT('',(0.5,-0.25,0.5));
#922 = VECTOR('',#923,1.);
#923 = DIRECTION('',(0.,1.,0.));
#924 = ORIENTED_EDGE('',*,*,#925,.F.);
#925 = EDGE_CURVE('',#769,#918,#926,.T.);
#926 = LINE('',#927,#928);
#927 = CARTESIAN_POINT('',(0.3,0.23,0.5));
#928 = VECTOR('',#929,1.);
#929 = DIRECTION('',(1.,0.,0.));
#930 = PLANE('',#931);
#931 = AXIS2_PLACEMENT_3D('',#932,#933,#934);
#932 = CARTESIAN_POINT('',(0.3,-0.25,0.5));
#933 = DIRECTION('',(0.,0.,1.));
#934 = DIRECTION('',(1.,0.,-0.));
#935 = ADVANCED_FACE('',(#936),#955,.T.);
#936 = FACE_BOUND('',#937,.T.);
#937 = EDGE_LOOP('',(#938,#946,#953,#954));
#938 = ORIENTED_EDGE('',*,*,#939,.T.);
#939 = EDGE_CURVE('',#752,#940,#942,.T.);
#940 = VERTEX_POINT('',#941);
#941 = CARTESIAN_POINT('',(0.5,0.25,2.E-02));
#942 = LINE('',#943,#944);
#943 = CARTESIAN_POINT('',(0.3,0.25,2.E-02));
#944 = VECTOR('',#945,1.);
#945 = DIRECTION('',(1.,0.,0.));
#946 = ORIENTED_EDGE('',*,*,#947,.T.);
#947 = EDGE_CURVE('',#940,#894,#948,.T.);
#948 = CIRCLE('',#949,2.E-02);
#949 = AXIS2_PLACEMENT_3D('',#950,#951,#952);
#950 = CARTESIAN_POINT('',(0.5,0.23,2.E-02));
#951 = DIRECTION('',(-1.,0.,0.));
#952 = DIRECTION('',(0.,0.,1.));
#953 = ORIENTED_EDGE('',*,*,#901,.F.);
#954 = ORIENTED_EDGE('',*,*,#751,.F.);
#955 = CYLINDRICAL_SURFACE('',#956,2.E-02);
#956 = AXIS2_PLACEMENT_3D('',#957,#958,#959);
#957 = CARTESIAN_POINT('',(0.3,0.23,2.E-02));
#958 = DIRECTION('',(1.,0.,0.));
#959 = DIRECTION('',(-0.,1.,0.));
#960 = ADVANCED_FACE('',(#961),#980,.T.);
#961 = FACE_BOUND('',#962,.T.);
#962 = EDGE_LOOP('',(#963,#964,#965,#974));
#963 = ORIENTED_EDGE('',*,*,#768,.T.);
#964 = ORIENTED_EDGE('',*,*,#925,.T.);
#965 = ORIENTED_EDGE('',*,*,#966,.F.);
#966 = EDGE_CURVE('',#967,#918,#969,.T.);
#967 = VERTEX_POINT('',#968);
#968 = CARTESIAN_POINT('',(0.5,0.25,0.48));
#969 = CIRCLE('',#970,2.E-02);
#970 = AXIS2_PLACEMENT_3D('',#971,#972,#973);
#971 = CARTESIAN_POINT('',(0.5,0.23,0.48));
#972 = DIRECTION('',(1.,0.,-0.));
#973 = DIRECTION('',(0.,0.,1.));
#974 = ORIENTED_EDGE('',*,*,#975,.F.);
#975 = EDGE_CURVE('',#761,#967,#976,.T.);
#976 = LINE('',#977,#978);
#977 = CARTESIAN_POINT('',(0.3,0.25,0.48));
#978 = VECTOR('',#979,1.);
#979 = DIRECTION('',(1.,0.,0.));
#980 = CYLINDRICAL_SURFACE('',#981,2.E-02);
#981 = AXIS2_PLACEMENT_3D('',#982,#983,#984);
#982 = CARTESIAN_POINT('',(0.3,0.23,0.48));
#983 = DIRECTION('',(1.,0.,0.));
#984 = DIRECTION('',(-0.,1.,0.));
#985 = ADVANCED_FACE('',(#986),#997,.T.);
#986 = FACE_BOUND('',#987,.T.);
#987 = EDGE_LOOP('',(#988,#994,#995,#996));
#988 = ORIENTED_EDGE('',*,*,#989,.F.);
#989 = EDGE_CURVE('',#940,#967,#990,.T.);
#990 = LINE('',#991,#992);
#991 = CARTESIAN_POINT('',(0.5,0.25,0.));
#992 = VECTOR('',#993,1.);
#993 = DIRECTION('',(0.,0.,1.));
#994 = ORIENTED_EDGE('',*,*,#939,.F.);
#995 = ORIENTED_EDGE('',*,*,#760,.T.);
#996 = ORIENTED_EDGE('',*,*,#975,.T.);
#997 = PLANE('',#998);
#998 = AXIS2_PLACEMENT_3D('',#999,#1000,#1001);
#999 = CARTESIAN_POINT('',(0.3,0.25,0.));
#1000 = DIRECTION('',(0.,1.,0.));
#1001 = DIRECTION('',(0.,-0.,1.));
#1002 = ADVANCED_FACE('',(#1003),#1013,.T.);
#1003 = FACE_BOUND('',#1004,.T.);
#1004 = EDGE_LOOP('',(#1005,#1006,#1007,#1008,#1009,#1010,#1011,#1012));
#1005 = ORIENTED_EDGE('',*,*,#810,.F.);
#1006 = ORIENTED_EDGE('',*,*,#850,.T.);
#1007 = ORIENTED_EDGE('',*,*,#893,.T.);
#1008 = ORIENTED_EDGE('',*,*,#947,.F.);
#1009 = ORIENTED_EDGE('',*,*,#989,.T.);
#1010 = ORIENTED_EDGE('',*,*,#966,.T.);
#1011 = ORIENTED_EDGE('',*,*,#917,.F.);
#1012 = ORIENTED_EDGE('',*,*,#867,.F.);
#1013 = PLANE('',#1014);
#1014 = AXIS2_PLACEMENT_3D('',#1015,#1016,#1017);
#1015 = CARTESIAN_POINT('',(0.5,-0.25,0.));
#1016 = DIRECTION('',(1.,0.,0.));
#1017 = DIRECTION('',(0.,0.,1.));
#1018 = ( GEOMETRIC_REPRESENTATION_CONTEXT(3) 
GLOBAL_UNCERTAINTY_ASSIGNED_CONTEXT((#1022)) 
GLOBAL_UNIT_ASSIGNED_CONTEXT((#1019,#1020,#1021)) REPRESENTATION_CONTEXT
('Context #1','3D Context with UNIT and UNCERTAINTY') );
#1019 = ( LENGTH_UNIT() NAMED_UNIT(*) SI_UNIT(.MILLI.,.METRE.) );
#1020 = ( NAMED_UNIT(*) PLANE_ANGLE_UNIT() SI_UNIT($,.RADIAN.) );
#1021 = ( NAMED_UNIT(*) SI_UNIT($,.STERADIAN.) SOLID_ANGLE_UNIT() );
#1022 = UNCERTAINTY_MEASURE_WITH_UNIT(LENGTH_MEASURE(1.E-07),#1019,
  'distance_accuracy_value','confusion accuracy');
#1023 = CONTEXT_DEPENDENT_SHAPE_REPRESENTATION(#1024,#1026);
#1024 = ( REPRESENTATION_RELATIONSHIP('','',#163,#140) 
REPRESENTATION_RELATIONSHIP_WITH_TRANSFORMATION(#1025) 
SHAPE_REPRESENTATION_RELATIONSHIP() );
#1025 = ITEM_DEFINED_TRANSFORMATION('','',#11,#141);
#1026 = PRODUCT_DEFINITION_SHAPE('Placement','Placement of an item',
  #1027);
#1027 = NEXT_ASSEMBLY_USAGE_OCCURRENCE('1','=>[0:1:1:3]','',#135,#158,$
  );
#1028 = PRODUCT_RELATED_PRODUCT_CATEGORY('part',$,(#160));
#1029 = CONTEXT_DEPENDENT_SHAPE_REPRESENTATION(#1030,#1032);
#1030 = ( REPRESENTATION_RELATIONSHIP('','',#140,#10) 
REPRESENTATION_RELATIONSHIP_WITH_TRANSFORMATION(#1031) 
SHAPE_REPRESENTATION_RELATIONSHIP() );
#1031 = ITEM_DEFINED_TRANSFORMATION('','',#11,#19);
#1032 = PRODUCT_DEFINITION_SHAPE('Placement','Placement of an item',
  #1033);
#1033 = NEXT_ASSEMBLY_USAGE_OCCURRENCE('3','C32','',#5,#135,$);
#1034 = SHAPE_DEFINITION_REPRESENTATION(#1035,#1041);
#1035 = PRODUCT_DEFINITION_SHAPE('','',#1036);
#1036 = PRODUCT_DEFINITION('design','',#1037,#1040);
#1037 = PRODUCT_DEFINITION_FORMATION('','',#1038);
#1038 = PRODUCT('R_0402_1005Metric','R_0402_1005Metric','',(#1039));
#1039 = PRODUCT_CONTEXT('',#2,'mechanical');
#1040 = PRODUCT_DEFINITION_CONTEXT('part definition',#2,'design');
#1041 = SHAPE_REPRESENTATION('',(#11,#1042),#1046);
#1042 = AXIS2_PLACEMENT_3D('',#1043,#1044,#1045);
#1043 = CARTESIAN_POINT('',(0.,0.,0.));
#1044 = DIRECTION('',(0.,0.,1.));
#1045 = DIRECTION('',(1.,0.,-0.));
#1046 = ( GEOMETRIC_REPRESENTATION_CONTEXT(3) 
GLOBAL_UNCERTAINTY_ASSIGNED_CONTEXT((#1050)) 
GLOBAL_UNIT_ASSIGNED_CONTEXT((#1047,#1048,#1049)) REPRESENTATION_CONTEXT
('Context #1','3D Context with UNIT and UNCERTAINTY') );
#1047 = ( LENGTH_UNIT() NAMED_UNIT(*) SI_UNIT(.MILLI.,.METRE.) );
#1048 = ( NAMED_UNIT(*) PLANE_ANGLE_UNIT() SI_UNIT($,.RADIAN.) );
#1049 = ( NAMED_UNIT(*) SI_UNIT($,.STERADIAN.) SOLID_ANGLE_UNIT() );
#1050 = UNCERTAINTY_MEASURE_WITH_UNIT(LENGTH_MEASURE(1.E-07),#1047,
  'distance_accuracy_value','confusion accuracy');
#1051 = CONTEXT_DEPENDENT_SHAPE_REPRESENTATION(#1052,#1054);
#1052 = ( REPRESENTATION_RELATIONSHIP('','',#1041,#10) 
REPRESENTATION_RELATIONSHIP_WITH_TRANSFORMATION(#1053) 
SHAPE_REPRESENTATION_RELATIONSHIP() );
#1053 = ITEM_DEFINED_TRANSFORMATION('','',#11,#23);
#1054 = PRODUCT_DEFINITION_SHAPE('Placement','Placement of an item',
  #1055);
#1055 = NEXT_ASSEMBLY_USAGE_OCCURRENCE('5','R20','',#5,#1036,$);
#1056 = PRODUCT_RELATED_PRODUCT_CATEGORY('part',$,(#1038));
#1057 = SHAPE_DEFINITION_REPRESENTATION(#1058,#1064);
#1058 = PRODUCT_DEFINITION_SHAPE('','',#1059);
#1059 = PRODUCT_DEFINITION('design','',#1060,#1063);
#1060 = PRODUCT_DEFINITION_FORMATION('','',#1061);
#1061 = PRODUCT('R_0402_1005Metric','R_0402_1005Metric','',(#1062));
#1062 = PRODUCT_CONTEXT('',#2,'mechanical');
#1063 = PRODUCT_DEFINITION_CONTEXT('part definition',#2,'design');
#1064 = ADVANCED_BREP_SHAPE_REPRESENTATION('',(#11,#1065),#1855);
#1065 = MANIFOLD_SOLID_BREP('',#1066);
#1066 = CLOSED_SHELL('',(#1067,#1107,#1190,#1215,#1240,#1307,#1324,#1341
    ,#1390,#1407,#1424,#1473,#1490,#1559,#1590,#1614,#1683,#1707,#1724,
    #1741,#1758,#1775,#1792,#1809,#1826,#1843));
#1067 = ADVANCED_FACE('',(#1068),#1102,.F.);
#1068 = FACE_BOUND('',#1069,.F.);
#1069 = EDGE_LOOP('',(#1070,#1080,#1088,#1096));
#1070 = ORIENTED_EDGE('',*,*,#1071,.F.);
#1071 = EDGE_CURVE('',#1072,#1074,#1076,.T.);
#1072 = VERTEX_POINT('',#1073);
#1073 = CARTESIAN_POINT('',(-0.5,-0.25,3.5E-02));
#1074 = VERTEX_POINT('',#1075);
#1075 = CARTESIAN_POINT('',(-0.5,-0.25,0.315));
#1076 = LINE('',#1077,#1078);
#1077 = CARTESIAN_POINT('',(-0.5,-0.25,0.));
#1078 = VECTOR('',#1079,1.);
#1079 = DIRECTION('',(0.,0.,1.));
#1080 = ORIENTED_EDGE('',*,*,#1081,.T.);
#1081 = EDGE_CURVE('',#1072,#1082,#1084,.T.);
#1082 = VERTEX_POINT('',#1083);
#1083 = CARTESIAN_POINT('',(-0.5,0.25,3.5E-02));
#1084 = LINE('',#1085,#1086);
#1085 = CARTESIAN_POINT('',(-0.5,-0.25,3.5E-02));
#1086 = VECTOR('',#1087,1.);
#1087 = DIRECTION('',(0.,1.,0.));
#1088 = ORIENTED_EDGE('',*,*,#1089,.T.);
#1089 = EDGE_CURVE('',#1082,#1090,#1092,.T.);
#1090 = VERTEX_POINT('',#1091);
#1091 = CARTESIAN_POINT('',(-0.5,0.25,0.315));
#1092 = LINE('',#1093,#1094);
#1093 = CARTESIAN_POINT('',(-0.5,0.25,0.));
#1094 = VECTOR('',#1095,1.);
#1095 = DIRECTION('',(0.,0.,1.));
#1096 = ORIENTED_EDGE('',*,*,#1097,.F.);
#1097 = EDGE_CURVE('',#1074,#1090,#1098,.T.);
#1098 = LINE('',#1099,#1100);
#1099 = CARTESIAN_POINT('',(-0.5,-0.25,0.315));
#1100 = VECTOR('',#1101,1.);
#1101 = DIRECTION('',(0.,1.,0.));
#1102 = PLANE('',#1103);
#1103 = AXIS2_PLACEMENT_3D('',#1104,#1105,#1106);
#1104 = CARTESIAN_POINT('',(-0.5,-0.25,0.));
#1105 = DIRECTION('',(1.,0.,0.));
#1106 = DIRECTION('',(0.,0.,1.));
#1107 = ADVANCED_FACE('',(#1108),#1185,.F.);
#1108 = FACE_BOUND('',#1109,.F.);
#1109 = EDGE_LOOP('',(#1110,#1120,#1127,#1128,#1137,#1145,#1154,#1162,
    #1170,#1178));
#1110 = ORIENTED_EDGE('',*,*,#1111,.F.);
#1111 = EDGE_CURVE('',#1112,#1114,#1116,.T.);
#1112 = VERTEX_POINT('',#1113);
#1113 = CARTESIAN_POINT('',(-0.465,-0.25,-2.775557561563E-17));
#1114 = VERTEX_POINT('',#1115);
#1115 = CARTESIAN_POINT('',(-0.335,-0.25,-2.775557561563E-17));
#1116 = LINE('',#1117,#1118);
#1117 = CARTESIAN_POINT('',(-0.5,-0.25,0.));
#1118 = VECTOR('',#1119,1.);
#1119 = DIRECTION('',(1.,0.,0.));
#1120 = ORIENTED_EDGE('',*,*,#1121,.F.);
#1121 = EDGE_CURVE('',#1072,#1112,#1122,.T.);
#1122 = CIRCLE('',#1123,3.5E-02);
#1123 = AXIS2_PLACEMENT_3D('',#1124,#1125,#1126);
#1124 = CARTESIAN_POINT('',(-0.465,-0.25,3.5E-02));
#1125 = DIRECTION('',(0.,-1.,0.));
#1126 = DIRECTION('',(0.,0.,1.));
#1127 = ORIENTED_EDGE('',*,*,#1071,.T.);
#1128 = ORIENTED_EDGE('',*,*,#1129,.T.);
#1129 = EDGE_CURVE('',#1074,#1130,#1132,.T.);
#1130 = VERTEX_POINT('',#1131);
#1131 = CARTESIAN_POINT('',(-0.465,-0.25,0.35));
#1132 = CIRCLE('',#1133,3.5E-02);
#1133 = AXIS2_PLACEMENT_3D('',#1134,#1135,#1136);
#1134 = CARTESIAN_POINT('',(-0.465,-0.25,0.315));
#1135 = DIRECTION('',(0.,1.,0.));
#1136 = DIRECTION('',(0.,-0.,1.));
#1137 = ORIENTED_EDGE('',*,*,#1138,.T.);
#1138 = EDGE_CURVE('',#1130,#1139,#1141,.T.);
#1139 = VERTEX_POINT('',#1140);
#1140 = CARTESIAN_POINT('',(-0.335,-0.25,0.35));
#1141 = LINE('',#1142,#1143);
#1142 = CARTESIAN_POINT('',(-0.5,-0.25,0.35));
#1143 = VECTOR('',#1144,1.);
#1144 = DIRECTION('',(1.,0.,0.));
#1145 = ORIENTED_EDGE('',*,*,#1146,.F.);
#1146 = EDGE_CURVE('',#1147,#1139,#1149,.T.);
#1147 = VERTEX_POINT('',#1148);
#1148 = CARTESIAN_POINT('',(-0.3,-0.25,0.315));
#1149 = CIRCLE('',#1150,3.5E-02);
#1150 = AXIS2_PLACEMENT_3D('',#1151,#1152,#1153);
#1151 = CARTESIAN_POINT('',(-0.335,-0.25,0.315));
#1152 = DIRECTION('',(0.,-1.,0.));
#1153 = DIRECTION('',(0.,0.,1.));
#1154 = ORIENTED_EDGE('',*,*,#1155,.F.);
#1155 = EDGE_CURVE('',#1156,#1147,#1158,.T.);
#1156 = VERTEX_POINT('',#1157);
#1157 = CARTESIAN_POINT('',(-0.465,-0.25,0.315));
#1158 = LINE('',#1159,#1160);
#1159 = CARTESIAN_POINT('',(-0.465,-0.25,0.315));
#1160 = VECTOR('',#1161,1.);
#1161 = DIRECTION('',(1.,0.,0.));
#1162 = ORIENTED_EDGE('',*,*,#1163,.F.);
#1163 = EDGE_CURVE('',#1164,#1156,#1166,.T.);
#1164 = VERTEX_POINT('',#1165);
#1165 = CARTESIAN_POINT('',(-0.465,-0.25,3.5E-02));
#1166 = LINE('',#1167,#1168);
#1167 = CARTESIAN_POINT('',(-0.465,-0.25,3.5E-02));
#1168 = VECTOR('',#1169,1.);
#1169 = DIRECTION('',(0.,0.,1.));
#1170 = ORIENTED_EDGE('',*,*,#1171,.T.);
#1171 = EDGE_CURVE('',#1164,#1172,#1174,.T.);
#1172 = VERTEX_POINT('',#1173);
#1173 = CARTESIAN_POINT('',(-0.3,-0.25,3.5E-02));
#1174 = LINE('',#1175,#1176);
#1175 = CARTESIAN_POINT('',(-0.465,-0.25,3.5E-02));
#1176 = VECTOR('',#1177,1.);
#1177 = DIRECTION('',(1.,0.,0.));
#1178 = ORIENTED_EDGE('',*,*,#1179,.T.);
#1179 = EDGE_CURVE('',#1172,#1114,#1180,.T.);
#1180 = CIRCLE('',#1181,3.5E-02);
#1181 = AXIS2_PLACEMENT_3D('',#1182,#1183,#1184);
#1182 = CARTESIAN_POINT('',(-0.335,-0.25,3.5E-02));
#1183 = DIRECTION('',(0.,1.,0.));
#1184 = DIRECTION('',(0.,-0.,1.));
#1185 = PLANE('',#1186);
#1186 = AXIS2_PLACEMENT_3D('',#1187,#1188,#1189);
#1187 = CARTESIAN_POINT('',(-0.5,-0.25,0.));
#1188 = DIRECTION('',(0.,1.,0.));
#1189 = DIRECTION('',(0.,-0.,1.));
#1190 = ADVANCED_FACE('',(#1191),#1210,.T.);
#1191 = FACE_BOUND('',#1192,.T.);
#1192 = EDGE_LOOP('',(#1193,#1194,#1203,#1209));
#1193 = ORIENTED_EDGE('',*,*,#1081,.T.);
#1194 = ORIENTED_EDGE('',*,*,#1195,.T.);
#1195 = EDGE_CURVE('',#1082,#1196,#1198,.T.);
#1196 = VERTEX_POINT('',#1197);
#1197 = CARTESIAN_POINT('',(-0.465,0.25,-2.775557561563E-17));
#1198 = CIRCLE('',#1199,3.5E-02);
#1199 = AXIS2_PLACEMENT_3D('',#1200,#1201,#1202);
#1200 = CARTESIAN_POINT('',(-0.465,0.25,3.5E-02));
#1201 = DIRECTION('',(0.,-1.,0.));
#1202 = DIRECTION('',(0.,0.,1.));
#1203 = ORIENTED_EDGE('',*,*,#1204,.F.);
#1204 = EDGE_CURVE('',#1112,#1196,#1205,.T.);
#1205 = LINE('',#1206,#1207);
#1206 = CARTESIAN_POINT('',(-0.465,-0.25,-2.775557561563E-17));
#1207 = VECTOR('',#1208,1.);
#1208 = DIRECTION('',(0.,1.,0.));
#1209 = ORIENTED_EDGE('',*,*,#1121,.F.);
#1210 = CYLINDRICAL_SURFACE('',#1211,3.5E-02);
#1211 = AXIS2_PLACEMENT_3D('',#1212,#1213,#1214);
#1212 = CARTESIAN_POINT('',(-0.465,-0.25,3.5E-02));
#1213 = DIRECTION('',(0.,1.,0.));
#1214 = DIRECTION('',(-1.,0.,0.));
#1215 = ADVANCED_FACE('',(#1216),#1235,.T.);
#1216 = FACE_BOUND('',#1217,.T.);
#1217 = EDGE_LOOP('',(#1218,#1219,#1227,#1234));
#1218 = ORIENTED_EDGE('',*,*,#1129,.T.);
#1219 = ORIENTED_EDGE('',*,*,#1220,.T.);
#1220 = EDGE_CURVE('',#1130,#1221,#1223,.T.);
#1221 = VERTEX_POINT('',#1222);
#1222 = CARTESIAN_POINT('',(-0.465,0.25,0.35));
#1223 = LINE('',#1224,#1225);
#1224 = CARTESIAN_POINT('',(-0.465,-0.25,0.35));
#1225 = VECTOR('',#1226,1.);
#1226 = DIRECTION('',(0.,1.,0.));
#1227 = ORIENTED_EDGE('',*,*,#1228,.F.);
#1228 = EDGE_CURVE('',#1090,#1221,#1229,.T.);
#1229 = CIRCLE('',#1230,3.5E-02);
#1230 = AXIS2_PLACEMENT_3D('',#1231,#1232,#1233);
#1231 = CARTESIAN_POINT('',(-0.465,0.25,0.315));
#1232 = DIRECTION('',(0.,1.,0.));
#1233 = DIRECTION('',(0.,-0.,1.));
#1234 = ORIENTED_EDGE('',*,*,#1097,.F.);
#1235 = CYLINDRICAL_SURFACE('',#1236,3.5E-02);
#1236 = AXIS2_PLACEMENT_3D('',#1237,#1238,#1239);
#1237 = CARTESIAN_POINT('',(-0.465,-0.25,0.315));
#1238 = DIRECTION('',(0.,1.,0.));
#1239 = DIRECTION('',(-1.,0.,0.));
#1240 = ADVANCED_FACE('',(#1241),#1302,.T.);
#1241 = FACE_BOUND('',#1242,.T.);
#1242 = EDGE_LOOP('',(#1243,#1251,#1252,#1253,#1254,#1262,#1271,#1279,
    #1287,#1295));
#1243 = ORIENTED_EDGE('',*,*,#1244,.F.);
#1244 = EDGE_CURVE('',#1196,#1245,#1247,.T.);
#1245 = VERTEX_POINT('',#1246);
#1246 = CARTESIAN_POINT('',(-0.335,0.25,-2.775557561563E-17));
#1247 = LINE('',#1248,#1249);
#1248 = CARTESIAN_POINT('',(-0.5,0.25,0.));
#1249 = VECTOR('',#1250,1.);
#1250 = DIRECTION('',(1.,0.,0.));
#1251 = ORIENTED_EDGE('',*,*,#1195,.F.);
#1252 = ORIENTED_EDGE('',*,*,#1089,.T.);
#1253 = ORIENTED_EDGE('',*,*,#1228,.T.);
#1254 = ORIENTED_EDGE('',*,*,#1255,.T.);
#1255 = EDGE_CURVE('',#1221,#1256,#1258,.T.);
#1256 = VERTEX_POINT('',#1257);
#1257 = CARTESIAN_POINT('',(-0.335,0.25,0.35));
#1258 = LINE('',#1259,#1260);
#1259 = CARTESIAN_POINT('',(-0.5,0.25,0.35));
#1260 = VECTOR('',#1261,1.);
#1261 = DIRECTION('',(1.,0.,0.));
#1262 = ORIENTED_EDGE('',*,*,#1263,.F.);
#1263 = EDGE_CURVE('',#1264,#1256,#1266,.T.);
#1264 = VERTEX_POINT('',#1265);
#1265 = CARTESIAN_POINT('',(-0.3,0.25,0.315));
#1266 = CIRCLE('',#1267,3.5E-02);
#1267 = AXIS2_PLACEMENT_3D('',#1268,#1269,#1270);
#1268 = CARTESIAN_POINT('',(-0.335,0.25,0.315));
#1269 = DIRECTION('',(0.,-1.,0.));
#1270 = DIRECTION('',(0.,0.,1.));
#1271 = ORIENTED_EDGE('',*,*,#1272,.F.);
#1272 = EDGE_CURVE('',#1273,#1264,#1275,.T.);
#1273 = VERTEX_POINT('',#1274);
#1274 = CARTESIAN_POINT('',(-0.465,0.25,0.315));
#1275 = LINE('',#1276,#1277);
#1276 = CARTESIAN_POINT('',(-0.465,0.25,0.315));
#1277 = VECTOR('',#1278,1.);
#1278 = DIRECTION('',(1.,0.,0.));
#1279 = ORIENTED_EDGE('',*,*,#1280,.F.);
#1280 = EDGE_CURVE('',#1281,#1273,#1283,.T.);
#1281 = VERTEX_POINT('',#1282);
#1282 = CARTESIAN_POINT('',(-0.465,0.25,3.5E-02));
#1283 = LINE('',#1284,#1285);
#1284 = CARTESIAN_POINT('',(-0.465,0.25,3.5E-02));
#1285 = VECTOR('',#1286,1.);
#1286 = DIRECTION('',(0.,0.,1.));
#1287 = ORIENTED_EDGE('',*,*,#1288,.T.);
#1288 = EDGE_CURVE('',#1281,#1289,#1291,.T.);
#1289 = VERTEX_POINT('',#1290);
#1290 = CARTESIAN_POINT('',(-0.3,0.25,3.5E-02));
#1291 = LINE('',#1292,#1293);
#1292 = CARTESIAN_POINT('',(-0.465,0.25,3.5E-02));
#1293 = VECTOR('',#1294,1.);
#1294 = DIRECTION('',(1.,0.,0.));
#1295 = ORIENTED_EDGE('',*,*,#1296,.T.);
#1296 = EDGE_CURVE('',#1289,#1245,#1297,.T.);
#1297 = CIRCLE('',#1298,3.5E-02);
#1298 = AXIS2_PLACEMENT_3D('',#1299,#1300,#1301);
#1299 = CARTESIAN_POINT('',(-0.335,0.25,3.5E-02));
#1300 = DIRECTION('',(0.,1.,0.));
#1301 = DIRECTION('',(0.,-0.,1.));
#1302 = PLANE('',#1303);
#1303 = AXIS2_PLACEMENT_3D('',#1304,#1305,#1306);
#1304 = CARTESIAN_POINT('',(-0.5,0.25,0.));
#1305 = DIRECTION('',(0.,1.,0.));
#1306 = DIRECTION('',(0.,-0.,1.));
#1307 = ADVANCED_FACE('',(#1308),#1319,.F.);
#1308 = FACE_BOUND('',#1309,.F.);
#1309 = EDGE_LOOP('',(#1310,#1311,#1312,#1313));
#1310 = ORIENTED_EDGE('',*,*,#1244,.F.);
#1311 = ORIENTED_EDGE('',*,*,#1204,.F.);
#1312 = ORIENTED_EDGE('',*,*,#1111,.T.);
#1313 = ORIENTED_EDGE('',*,*,#1314,.T.);
#1314 = EDGE_CURVE('',#1114,#1245,#1315,.T.);
#1315 = LINE('',#1316,#1317);
#1316 = CARTESIAN_POINT('',(-0.335,-0.25,-2.775557561563E-17));
#1317 = VECTOR('',#1318,1.);
#1318 = DIRECTION('',(0.,1.,0.));
#1319 = PLANE('',#1320);
#1320 = AXIS2_PLACEMENT_3D('',#1321,#1322,#1323);
#1321 = CARTESIAN_POINT('',(-0.5,-0.25,0.));
#1322 = DIRECTION('',(0.,0.,1.));
#1323 = DIRECTION('',(1.,0.,-0.));
#1324 = ADVANCED_FACE('',(#1325),#1336,.T.);
#1325 = FACE_BOUND('',#1326,.T.);
#1326 = EDGE_LOOP('',(#1327,#1328,#1329,#1330));
#1327 = ORIENTED_EDGE('',*,*,#1179,.T.);
#1328 = ORIENTED_EDGE('',*,*,#1314,.T.);
#1329 = ORIENTED_EDGE('',*,*,#1296,.F.);
#1330 = ORIENTED_EDGE('',*,*,#1331,.F.);
#1331 = EDGE_CURVE('',#1172,#1289,#1332,.T.);
#1332 = LINE('',#1333,#1334);
#1333 = CARTESIAN_POINT('',(-0.3,-0.25,3.5E-02));
#1334 = VECTOR('',#1335,1.);
#1335 = DIRECTION('',(0.,1.,0.));
#1336 = CYLINDRICAL_SURFACE('',#1337,3.5E-02);
#1337 = AXIS2_PLACEMENT_3D('',#1338,#1339,#1340);
#1338 = CARTESIAN_POINT('',(-0.335,-0.25,3.5E-02));
#1339 = DIRECTION('',(0.,1.,0.));
#1340 = DIRECTION('',(1.,0.,0.));
#1341 = ADVANCED_FACE('',(#1342),#1385,.F.);
#1342 = FACE_BOUND('',#1343,.F.);
#1343 = EDGE_LOOP('',(#1344,#1345,#1346,#1347,#1355,#1363,#1371,#1379));
#1344 = ORIENTED_EDGE('',*,*,#1171,.F.);
#1345 = ORIENTED_EDGE('',*,*,#1163,.T.);
#1346 = ORIENTED_EDGE('',*,*,#1155,.T.);
#1347 = ORIENTED_EDGE('',*,*,#1348,.T.);
#1348 = EDGE_CURVE('',#1147,#1349,#1351,.T.);
#1349 = VERTEX_POINT('',#1350);
#1350 = CARTESIAN_POINT('',(0.3,-0.25,0.315));
#1351 = LINE('',#1352,#1353);
#1352 = CARTESIAN_POINT('',(-0.3,-0.25,0.315));
#1353 = VECTOR('',#1354,1.);
#1354 = DIRECTION('',(1.,0.,0.));
#1355 = ORIENTED_EDGE('',*,*,#1356,.T.);
#1356 = EDGE_CURVE('',#1349,#1357,#1359,.T.);
#1357 = VERTEX_POINT('',#1358);
#1358 = CARTESIAN_POINT('',(0.465,-0.25,0.315));
#1359 = LINE('',#1360,#1361);
#1360 = CARTESIAN_POINT('',(-0.465,-0.25,0.315));
#1361 = VECTOR('',#1362,1.);
#1362 = DIRECTION('',(1.,0.,0.));
#1363 = ORIENTED_EDGE('',*,*,#1364,.F.);
#1364 = EDGE_CURVE('',#1365,#1357,#1367,.T.);
#1365 = VERTEX_POINT('',#1366);
#1366 = CARTESIAN_POINT('',(0.465,-0.25,3.5E-02));
#1367 = LINE('',#1368,#1369);
#1368 = CARTESIAN_POINT('',(0.465,-0.25,3.5E-02));
#1369 = VECTOR('',#1370,1.);
#1370 = DIRECTION('',(0.,0.,1.));
#1371 = ORIENTED_EDGE('',*,*,#1372,.F.);
#1372 = EDGE_CURVE('',#1373,#1365,#1375,.T.);
#1373 = VERTEX_POINT('',#1374);
#1374 = CARTESIAN_POINT('',(0.3,-0.25,3.5E-02));
#1375 = LINE('',#1376,#1377);
#1376 = CARTESIAN_POINT('',(-0.465,-0.25,3.5E-02));
#1377 = VECTOR('',#1378,1.);
#1378 = DIRECTION('',(1.,0.,0.));
#1379 = ORIENTED_EDGE('',*,*,#1380,.F.);
#1380 = EDGE_CURVE('',#1172,#1373,#1381,.T.);
#1381 = LINE('',#1382,#1383);
#1382 = CARTESIAN_POINT('',(-0.465,-0.25,3.5E-02));
#1383 = VECTOR('',#1384,1.);
#1384 = DIRECTION('',(1.,0.,0.));
#1385 = PLANE('',#1386);
#1386 = AXIS2_PLACEMENT_3D('',#1387,#1388,#1389);
#1387 = CARTESIAN_POINT('',(-0.465,-0.25,3.5E-02));
#1388 = DIRECTION('',(0.,1.,0.));
#1389 = DIRECTION('',(0.,-0.,1.));
#1390 = ADVANCED_FACE('',(#1391),#1402,.T.);
#1391 = FACE_BOUND('',#1392,.T.);
#1392 = EDGE_LOOP('',(#1393,#1394,#1395,#1396));
#1393 = ORIENTED_EDGE('',*,*,#1255,.F.);
#1394 = ORIENTED_EDGE('',*,*,#1220,.F.);
#1395 = ORIENTED_EDGE('',*,*,#1138,.T.);
#1396 = ORIENTED_EDGE('',*,*,#1397,.T.);
#1397 = EDGE_CURVE('',#1139,#1256,#1398,.T.);
#1398 = LINE('',#1399,#1400);
#1399 = CARTESIAN_POINT('',(-0.335,-0.25,0.35));
#1400 = VECTOR('',#1401,1.);
#1401 = DIRECTION('',(0.,1.,0.));
#1402 = PLANE('',#1403);
#1403 = AXIS2_PLACEMENT_3D('',#1404,#1405,#1406);
#1404 = CARTESIAN_POINT('',(-0.5,-0.25,0.35));
#1405 = DIRECTION('',(0.,0.,1.));
#1406 = DIRECTION('',(1.,0.,-0.));
#1407 = ADVANCED_FACE('',(#1408),#1419,.T.);
#1408 = FACE_BOUND('',#1409,.T.);
#1409 = EDGE_LOOP('',(#1410,#1416,#1417,#1418));
#1410 = ORIENTED_EDGE('',*,*,#1411,.T.);
#1411 = EDGE_CURVE('',#1147,#1264,#1412,.T.);
#1412 = LINE('',#1413,#1414);
#1413 = CARTESIAN_POINT('',(-0.3,-0.25,0.315));
#1414 = VECTOR('',#1415,1.);
#1415 = DIRECTION('',(0.,1.,0.));
#1416 = ORIENTED_EDGE('',*,*,#1263,.T.);
#1417 = ORIENTED_EDGE('',*,*,#1397,.F.);
#1418 = ORIENTED_EDGE('',*,*,#1146,.F.);
#1419 = CYLINDRICAL_SURFACE('',#1420,3.5E-02);
#1420 = AXIS2_PLACEMENT_3D('',#1421,#1422,#1423);
#1421 = CARTESIAN_POINT('',(-0.335,-0.25,0.315));
#1422 = DIRECTION('',(0.,1.,0.));
#1423 = DIRECTION('',(1.,0.,0.));
#1424 = ADVANCED_FACE('',(#1425),#1468,.T.);
#1425 = FACE_BOUND('',#1426,.T.);
#1426 = EDGE_LOOP('',(#1427,#1428,#1429,#1430,#1438,#1446,#1454,#1462));
#1427 = ORIENTED_EDGE('',*,*,#1288,.F.);
#1428 = ORIENTED_EDGE('',*,*,#1280,.T.);
#1429 = ORIENTED_EDGE('',*,*,#1272,.T.);
#1430 = ORIENTED_EDGE('',*,*,#1431,.T.);
#1431 = EDGE_CURVE('',#1264,#1432,#1434,.T.);
#1432 = VERTEX_POINT('',#1433);
#1433 = CARTESIAN_POINT('',(0.3,0.25,0.315));
#1434 = LINE('',#1435,#1436);
#1435 = CARTESIAN_POINT('',(-0.3,0.25,0.315));
#1436 = VECTOR('',#1437,1.);
#1437 = DIRECTION('',(1.,0.,0.));
#1438 = ORIENTED_EDGE('',*,*,#1439,.T.);
#1439 = EDGE_CURVE('',#1432,#1440,#1442,.T.);
#1440 = VERTEX_POINT('',#1441);
#1441 = CARTESIAN_POINT('',(0.465,0.25,0.315));
#1442 = LINE('',#1443,#1444);
#1443 = CARTESIAN_POINT('',(-0.465,0.25,0.315));
#1444 = VECTOR('',#1445,1.);
#1445 = DIRECTION('',(1.,0.,0.));
#1446 = ORIENTED_EDGE('',*,*,#1447,.F.);
#1447 = EDGE_CURVE('',#1448,#1440,#1450,.T.);
#1448 = VERTEX_POINT('',#1449);
#1449 = CARTESIAN_POINT('',(0.465,0.25,3.5E-02));
#1450 = LINE('',#1451,#1452);
#1451 = CARTESIAN_POINT('',(0.465,0.25,3.5E-02));
#1452 = VECTOR('',#1453,1.);
#1453 = DIRECTION('',(0.,0.,1.));
#1454 = ORIENTED_EDGE('',*,*,#1455,.F.);
#1455 = EDGE_CURVE('',#1456,#1448,#1458,.T.);
#1456 = VERTEX_POINT('',#1457);
#1457 = CARTESIAN_POINT('',(0.3,0.25,3.5E-02));
#1458 = LINE('',#1459,#1460);
#1459 = CARTESIAN_POINT('',(-0.465,0.25,3.5E-02));
#1460 = VECTOR('',#1461,1.);
#1461 = DIRECTION('',(1.,0.,0.));
#1462 = ORIENTED_EDGE('',*,*,#1463,.F.);
#1463 = EDGE_CURVE('',#1289,#1456,#1464,.T.);
#1464 = LINE('',#1465,#1466);
#1465 = CARTESIAN_POINT('',(-0.465,0.25,3.5E-02));
#1466 = VECTOR('',#1467,1.);
#1467 = DIRECTION('',(1.,0.,0.));
#1468 = PLANE('',#1469);
#1469 = AXIS2_PLACEMENT_3D('',#1470,#1471,#1472);
#1470 = CARTESIAN_POINT('',(-0.465,0.25,3.5E-02));
#1471 = DIRECTION('',(0.,1.,0.));
#1472 = DIRECTION('',(0.,-0.,1.));
#1473 = ADVANCED_FACE('',(#1474),#1485,.F.);
#1474 = FACE_BOUND('',#1475,.F.);
#1475 = EDGE_LOOP('',(#1476,#1477,#1478,#1484));
#1476 = ORIENTED_EDGE('',*,*,#1331,.F.);
#1477 = ORIENTED_EDGE('',*,*,#1380,.T.);
#1478 = ORIENTED_EDGE('',*,*,#1479,.T.);
#1479 = EDGE_CURVE('',#1373,#1456,#1480,.T.);
#1480 = LINE('',#1481,#1482);
#1481 = CARTESIAN_POINT('',(0.3,-0.25,3.5E-02));
#1482 = VECTOR('',#1483,1.);
#1483 = DIRECTION('',(0.,1.,0.));
#1484 = ORIENTED_EDGE('',*,*,#1463,.F.);
#1485 = PLANE('',#1486);
#1486 = AXIS2_PLACEMENT_3D('',#1487,#1488,#1489);
#1487 = CARTESIAN_POINT('',(-0.465,-0.25,3.5E-02));
#1488 = DIRECTION('',(0.,0.,1.));
#1489 = DIRECTION('',(1.,0.,-0.));
#1490 = ADVANCED_FACE('',(#1491),#1554,.F.);
#1491 = FACE_BOUND('',#1492,.F.);
#1492 = EDGE_LOOP('',(#1493,#1503,#1510,#1511,#1512,#1513,#1522,#1530,
    #1539,#1547));
#1493 = ORIENTED_EDGE('',*,*,#1494,.F.);
#1494 = EDGE_CURVE('',#1495,#1497,#1499,.T.);
#1495 = VERTEX_POINT('',#1496);
#1496 = CARTESIAN_POINT('',(0.335,-0.25,-2.775557561563E-17));
#1497 = VERTEX_POINT('',#1498);
#1498 = CARTESIAN_POINT('',(0.465,-0.25,-2.775557561563E-17));
#1499 = LINE('',#1500,#1501);
#1500 = CARTESIAN_POINT('',(0.3,-0.25,0.));
#1501 = VECTOR('',#1502,1.);
#1502 = DIRECTION('',(1.,0.,0.));
#1503 = ORIENTED_EDGE('',*,*,#1504,.F.);
#1504 = EDGE_CURVE('',#1373,#1495,#1505,.T.);
#1505 = CIRCLE('',#1506,3.5E-02);
#1506 = AXIS2_PLACEMENT_3D('',#1507,#1508,#1509);
#1507 = CARTESIAN_POINT('',(0.335,-0.25,3.5E-02));
#1508 = DIRECTION('',(0.,-1.,0.));
#1509 = DIRECTION('',(0.,0.,1.));
#1510 = ORIENTED_EDGE('',*,*,#1372,.T.);
#1511 = ORIENTED_EDGE('',*,*,#1364,.T.);
#1512 = ORIENTED_EDGE('',*,*,#1356,.F.);
#1513 = ORIENTED_EDGE('',*,*,#1514,.T.);
#1514 = EDGE_CURVE('',#1349,#1515,#1517,.T.);
#1515 = VERTEX_POINT('',#1516);
#1516 = CARTESIAN_POINT('',(0.335,-0.25,0.35));
#1517 = CIRCLE('',#1518,3.5E-02);
#1518 = AXIS2_PLACEMENT_3D('',#1519,#1520,#1521);
#1519 = CARTESIAN_POINT('',(0.335,-0.25,0.315));
#1520 = DIRECTION('',(0.,1.,0.));
#1521 = DIRECTION('',(0.,-0.,1.));
#1522 = ORIENTED_EDGE('',*,*,#1523,.T.);
#1523 = EDGE_CURVE('',#1515,#1524,#1526,.T.);
#1524 = VERTEX_POINT('',#1525);
#1525 = CARTESIAN_POINT('',(0.465,-0.25,0.35));
#1526 = LINE('',#1527,#1528);
#1527 = CARTESIAN_POINT('',(0.3,-0.25,0.35));
#1528 = VECTOR('',#1529,1.);
#1529 = DIRECTION('',(1.,0.,0.));
#1530 = ORIENTED_EDGE('',*,*,#1531,.F.);
#1531 = EDGE_CURVE('',#1532,#1524,#1534,.T.);
#1532 = VERTEX_POINT('',#1533);
#1533 = CARTESIAN_POINT('',(0.5,-0.25,0.315));
#1534 = CIRCLE('',#1535,3.5E-02);
#1535 = AXIS2_PLACEMENT_3D('',#1536,#1537,#1538);
#1536 = CARTESIAN_POINT('',(0.465,-0.25,0.315));
#1537 = DIRECTION('',(0.,-1.,0.));
#1538 = DIRECTION('',(0.,0.,1.));
#1539 = ORIENTED_EDGE('',*,*,#1540,.F.);
#1540 = EDGE_CURVE('',#1541,#1532,#1543,.T.);
#1541 = VERTEX_POINT('',#1542);
#1542 = CARTESIAN_POINT('',(0.5,-0.25,3.5E-02));
#1543 = LINE('',#1544,#1545);
#1544 = CARTESIAN_POINT('',(0.5,-0.25,0.));
#1545 = VECTOR('',#1546,1.);
#1546 = DIRECTION('',(0.,0.,1.));
#1547 = ORIENTED_EDGE('',*,*,#1548,.T.);
#1548 = EDGE_CURVE('',#1541,#1497,#1549,.T.);
#1549 = CIRCLE('',#1550,3.5E-02);
#1550 = AXIS2_PLACEMENT_3D('',#1551,#1552,#1553);
#1551 = CARTESIAN_POINT('',(0.465,-0.25,3.5E-02));
#1552 = DIRECTION('',(0.,1.,0.));
#1553 = DIRECTION('',(0.,-0.,1.));
#1554 = PLANE('',#1555);
#1555 = AXIS2_PLACEMENT_3D('',#1556,#1557,#1558);
#1556 = CARTESIAN_POINT('',(0.3,-0.25,0.));
#1557 = DIRECTION('',(0.,1.,0.));
#1558 = DIRECTION('',(0.,-0.,1.));
#1559 = ADVANCED_FACE('',(#1560),#1585,.F.);
#1560 = FACE_BOUND('',#1561,.F.);
#1561 = EDGE_LOOP('',(#1562,#1563,#1571,#1579));
#1562 = ORIENTED_EDGE('',*,*,#1348,.F.);
#1563 = ORIENTED_EDGE('',*,*,#1564,.T.);
#1564 = EDGE_CURVE('',#1147,#1565,#1567,.T.);
#1565 = VERTEX_POINT('',#1566);
#1566 = CARTESIAN_POINT('',(-0.3,-0.25,0.35));
#1567 = LINE('',#1568,#1569);
#1568 = CARTESIAN_POINT('',(-0.3,-0.25,0.315));
#1569 = VECTOR('',#1570,1.);
#1570 = DIRECTION('',(0.,0.,1.));
#1571 = ORIENTED_EDGE('',*,*,#1572,.T.);
#1572 = EDGE_CURVE('',#1565,#1573,#1575,.T.);
#1573 = VERTEX_POINT('',#1574);
#1574 = CARTESIAN_POINT('',(0.3,-0.25,0.35));
#1575 = LINE('',#1576,#1577);
#1576 = CARTESIAN_POINT('',(-0.3,-0.25,0.35));
#1577 = VECTOR('',#1578,1.);
#1578 = DIRECTION('',(1.,0.,0.));
#1579 = ORIENTED_EDGE('',*,*,#1580,.F.);
#1580 = EDGE_CURVE('',#1349,#1573,#1581,.T.);
#1581 = LINE('',#1582,#1583);
#1582 = CARTESIAN_POINT('',(0.3,-0.25,0.315));
#1583 = VECTOR('',#1584,1.);
#1584 = DIRECTION('',(0.,0.,1.));
#1585 = PLANE('',#1586);
#1586 = AXIS2_PLACEMENT_3D('',#1587,#1588,#1589);
#1587 = CARTESIAN_POINT('',(-0.3,-0.25,0.315));
#1588 = DIRECTION('',(0.,1.,0.));
#1589 = DIRECTION('',(0.,-0.,1.));
#1590 = ADVANCED_FACE('',(#1591),#1609,.F.);
#1591 = FACE_BOUND('',#1592,.F.);
#1592 = EDGE_LOOP('',(#1593,#1594,#1595,#1603));
#1593 = ORIENTED_EDGE('',*,*,#1564,.F.);
#1594 = ORIENTED_EDGE('',*,*,#1411,.T.);
#1595 = ORIENTED_EDGE('',*,*,#1596,.T.);
#1596 = EDGE_CURVE('',#1264,#1597,#1599,.T.);
#1597 = VERTEX_POINT('',#1598);
#1598 = CARTESIAN_POINT('',(-0.3,0.25,0.35));
#1599 = LINE('',#1600,#1601);
#1600 = CARTESIAN_POINT('',(-0.3,0.25,0.315));
#1601 = VECTOR('',#1602,1.);
#1602 = DIRECTION('',(0.,0.,1.));
#1603 = ORIENTED_EDGE('',*,*,#1604,.F.);
#1604 = EDGE_CURVE('',#1565,#1597,#1605,.T.);
#1605 = LINE('',#1606,#1607);
#1606 = CARTESIAN_POINT('',(-0.3,-0.25,0.35));
#1607 = VECTOR('',#1608,1.);
#1608 = DIRECTION('',(0.,1.,0.));
#1609 = PLANE('',#1610);
#1610 = AXIS2_PLACEMENT_3D('',#1611,#1612,#1613);
#1611 = CARTESIAN_POINT('',(-0.3,-0.25,0.315));
#1612 = DIRECTION('',(1.,0.,0.));
#1613 = DIRECTION('',(0.,0.,1.));
#1614 = ADVANCED_FACE('',(#1615),#1678,.T.);
#1615 = FACE_BOUND('',#1616,.T.);
#1616 = EDGE_LOOP('',(#1617,#1627,#1634,#1635,#1636,#1637,#1646,#1654,
    #1663,#1671));
#1617 = ORIENTED_EDGE('',*,*,#1618,.F.);
#1618 = EDGE_CURVE('',#1619,#1621,#1623,.T.);
#1619 = VERTEX_POINT('',#1620);
#1620 = CARTESIAN_POINT('',(0.335,0.25,-2.775557561563E-17));
#1621 = VERTEX_POINT('',#1622);
#1622 = CARTESIAN_POINT('',(0.465,0.25,-2.775557561563E-17));
#1623 = LINE('',#1624,#1625);
#1624 = CARTESIAN_POINT('',(0.3,0.25,0.));
#1625 = VECTOR('',#1626,1.);
#1626 = DIRECTION('',(1.,0.,0.));
#1627 = ORIENTED_EDGE('',*,*,#1628,.F.);
#1628 = EDGE_CURVE('',#1456,#1619,#1629,.T.);
#1629 = CIRCLE('',#1630,3.5E-02);
#1630 = AXIS2_PLACEMENT_3D('',#1631,#1632,#1633);
#1631 = CARTESIAN_POINT('',(0.335,0.25,3.5E-02));
#1632 = DIRECTION('',(0.,-1.,0.));
#1633 = DIRECTION('',(0.,0.,1.));
#1634 = ORIENTED_EDGE('',*,*,#1455,.T.);
#1635 = ORIENTED_EDGE('',*,*,#1447,.T.);
#1636 = ORIENTED_EDGE('',*,*,#1439,.F.);
#1637 = ORIENTED_EDGE('',*,*,#1638,.T.);
#1638 = EDGE_CURVE('',#1432,#1639,#1641,.T.);
#1639 = VERTEX_POINT('',#1640);
#1640 = CARTESIAN_POINT('',(0.335,0.25,0.35));
#1641 = CIRCLE('',#1642,3.5E-02);
#1642 = AXIS2_PLACEMENT_3D('',#1643,#1644,#1645);
#1643 = CARTESIAN_POINT('',(0.335,0.25,0.315));
#1644 = DIRECTION('',(0.,1.,0.));
#1645 = DIRECTION('',(0.,-0.,1.));
#1646 = ORIENTED_EDGE('',*,*,#1647,.T.);
#1647 = EDGE_CURVE('',#1639,#1648,#1650,.T.);
#1648 = VERTEX_POINT('',#1649);
#1649 = CARTESIAN_POINT('',(0.465,0.25,0.35));
#1650 = LINE('',#1651,#1652);
#1651 = CARTESIAN_POINT('',(0.3,0.25,0.35));
#1652 = VECTOR('',#1653,1.);
#1653 = DIRECTION('',(1.,0.,0.));
#1654 = ORIENTED_EDGE('',*,*,#1655,.F.);
#1655 = EDGE_CURVE('',#1656,#1648,#1658,.T.);
#1656 = VERTEX_POINT('',#1657);
#1657 = CARTESIAN_POINT('',(0.5,0.25,0.315));
#1658 = CIRCLE('',#1659,3.5E-02);
#1659 = AXIS2_PLACEMENT_3D('',#1660,#1661,#1662);
#1660 = CARTESIAN_POINT('',(0.465,0.25,0.315));
#1661 = DIRECTION('',(0.,-1.,0.));
#1662 = DIRECTION('',(0.,0.,1.));
#1663 = ORIENTED_EDGE('',*,*,#1664,.F.);
#1664 = EDGE_CURVE('',#1665,#1656,#1667,.T.);
#1665 = VERTEX_POINT('',#1666);
#1666 = CARTESIAN_POINT('',(0.5,0.25,3.5E-02));
#1667 = LINE('',#1668,#1669);
#1668 = CARTESIAN_POINT('',(0.5,0.25,0.));
#1669 = VECTOR('',#1670,1.);
#1670 = DIRECTION('',(0.,0.,1.));
#1671 = ORIENTED_EDGE('',*,*,#1672,.T.);
#1672 = EDGE_CURVE('',#1665,#1621,#1673,.T.);
#1673 = CIRCLE('',#1674,3.5E-02);
#1674 = AXIS2_PLACEMENT_3D('',#1675,#1676,#1677);
#1675 = CARTESIAN_POINT('',(0.465,0.25,3.5E-02));
#1676 = DIRECTION('',(0.,1.,0.));
#1677 = DIRECTION('',(0.,-0.,1.));
#1678 = PLANE('',#1679);
#1679 = AXIS2_PLACEMENT_3D('',#1680,#1681,#1682);
#1680 = CARTESIAN_POINT('',(0.3,0.25,0.));
#1681 = DIRECTION('',(0.,1.,0.));
#1682 = DIRECTION('',(0.,-0.,1.));
#1683 = ADVANCED_FACE('',(#1684),#1702,.T.);
#1684 = FACE_BOUND('',#1685,.T.);
#1685 = EDGE_LOOP('',(#1686,#1687,#1688,#1696));
#1686 = ORIENTED_EDGE('',*,*,#1431,.F.);
#1687 = ORIENTED_EDGE('',*,*,#1596,.T.);
#1688 = ORIENTED_EDGE('',*,*,#1689,.T.);
#1689 = EDGE_CURVE('',#1597,#1690,#1692,.T.);
#1690 = VERTEX_POINT('',#1691);
#1691 = CARTESIAN_POINT('',(0.3,0.25,0.35));
#1692 = LINE('',#1693,#1694);
#1693 = CARTESIAN_POINT('',(-0.3,0.25,0.35));
#1694 = VECTOR('',#1695,1.);
#1695 = DIRECTION('',(1.,0.,0.));
#1696 = ORIENTED_EDGE('',*,*,#1697,.F.);
#1697 = EDGE_CURVE('',#1432,#1690,#1698,.T.);
#1698 = LINE('',#1699,#1700);
#1699 = CARTESIAN_POINT('',(0.3,0.25,0.315));
#1700 = VECTOR('',#1701,1.);
#1701 = DIRECTION('',(0.,0.,1.));
#1702 = PLANE('',#1703);
#1703 = AXIS2_PLACEMENT_3D('',#1704,#1705,#1706);
#1704 = CARTESIAN_POINT('',(-0.3,0.25,0.315));
#1705 = DIRECTION('',(0.,1.,0.));
#1706 = DIRECTION('',(0.,-0.,1.));
#1707 = ADVANCED_FACE('',(#1708),#1719,.T.);
#1708 = FACE_BOUND('',#1709,.T.);
#1709 = EDGE_LOOP('',(#1710,#1711,#1712,#1718));
#1710 = ORIENTED_EDGE('',*,*,#1479,.T.);
#1711 = ORIENTED_EDGE('',*,*,#1628,.T.);
#1712 = ORIENTED_EDGE('',*,*,#1713,.F.);
#1713 = EDGE_CURVE('',#1495,#1619,#1714,.T.);
#1714 = LINE('',#1715,#1716);
#1715 = CARTESIAN_POINT('',(0.335,-0.25,-2.775557561563E-17));
#1716 = VECTOR('',#1717,1.);
#1717 = DIRECTION('',(0.,1.,0.));
#1718 = ORIENTED_EDGE('',*,*,#1504,.F.);
#1719 = CYLINDRICAL_SURFACE('',#1720,3.5E-02);
#1720 = AXIS2_PLACEMENT_3D('',#1721,#1722,#1723);
#1721 = CARTESIAN_POINT('',(0.335,-0.25,3.5E-02));
#1722 = DIRECTION('',(0.,1.,0.));
#1723 = DIRECTION('',(-1.,0.,0.));
#1724 = ADVANCED_FACE('',(#1725),#1736,.F.);
#1725 = FACE_BOUND('',#1726,.F.);
#1726 = EDGE_LOOP('',(#1727,#1728,#1729,#1730));
#1727 = ORIENTED_EDGE('',*,*,#1618,.F.);
#1728 = ORIENTED_EDGE('',*,*,#1713,.F.);
#1729 = ORIENTED_EDGE('',*,*,#1494,.T.);
#1730 = ORIENTED_EDGE('',*,*,#1731,.T.);
#1731 = EDGE_CURVE('',#1497,#1621,#1732,.T.);
#1732 = LINE('',#1733,#1734);
#1733 = CARTESIAN_POINT('',(0.465,-0.25,-2.775557561563E-17));
#1734 = VECTOR('',#1735,1.);
#1735 = DIRECTION('',(0.,1.,0.));
#1736 = PLANE('',#1737);
#1737 = AXIS2_PLACEMENT_3D('',#1738,#1739,#1740);
#1738 = CARTESIAN_POINT('',(0.3,-0.25,0.));
#1739 = DIRECTION('',(0.,0.,1.));
#1740 = DIRECTION('',(1.,0.,-0.));
#1741 = ADVANCED_FACE('',(#1742),#1753,.T.);
#1742 = FACE_BOUND('',#1743,.T.);
#1743 = EDGE_LOOP('',(#1744,#1745,#1746,#1747));
#1744 = ORIENTED_EDGE('',*,*,#1548,.T.);
#1745 = ORIENTED_EDGE('',*,*,#1731,.T.);
#1746 = ORIENTED_EDGE('',*,*,#1672,.F.);
#1747 = ORIENTED_EDGE('',*,*,#1748,.F.);
#1748 = EDGE_CURVE('',#1541,#1665,#1749,.T.);
#1749 = LINE('',#1750,#1751);
#1750 = CARTESIAN_POINT('',(0.5,-0.25,3.5E-02));
#1751 = VECTOR('',#1752,1.);
#1752 = DIRECTION('',(0.,1.,0.));
#1753 = CYLINDRICAL_SURFACE('',#1754,3.5E-02);
#1754 = AXIS2_PLACEMENT_3D('',#1755,#1756,#1757);
#1755 = CARTESIAN_POINT('',(0.465,-0.25,3.5E-02));
#1756 = DIRECTION('',(0.,1.,0.));
#1757 = DIRECTION('',(1.,0.,0.));
#1758 = ADVANCED_FACE('',(#1759),#1770,.T.);
#1759 = FACE_BOUND('',#1760,.T.);
#1760 = EDGE_LOOP('',(#1761,#1762,#1763,#1764));
#1761 = ORIENTED_EDGE('',*,*,#1540,.F.);
#1762 = ORIENTED_EDGE('',*,*,#1748,.T.);
#1763 = ORIENTED_EDGE('',*,*,#1664,.T.);
#1764 = ORIENTED_EDGE('',*,*,#1765,.F.);
#1765 = EDGE_CURVE('',#1532,#1656,#1766,.T.);
#1766 = LINE('',#1767,#1768);
#1767 = CARTESIAN_POINT('',(0.5,-0.25,0.315));
#1768 = VECTOR('',#1769,1.);
#1769 = DIRECTION('',(0.,1.,0.));
#1770 = PLANE('',#1771);
#1771 = AXIS2_PLACEMENT_3D('',#1772,#1773,#1774);
#1772 = CARTESIAN_POINT('',(0.5,-0.25,0.));
#1773 = DIRECTION('',(1.,0.,0.));
#1774 = DIRECTION('',(0.,0.,1.));
#1775 = ADVANCED_FACE('',(#1776),#1787,.T.);
#1776 = FACE_BOUND('',#1777,.T.);
#1777 = EDGE_LOOP('',(#1778,#1779,#1780,#1786));
#1778 = ORIENTED_EDGE('',*,*,#1765,.T.);
#1779 = ORIENTED_EDGE('',*,*,#1655,.T.);
#1780 = ORIENTED_EDGE('',*,*,#1781,.F.);
#1781 = EDGE_CURVE('',#1524,#1648,#1782,.T.);
#1782 = LINE('',#1783,#1784);
#1783 = CARTESIAN_POINT('',(0.465,-0.25,0.35));
#1784 = VECTOR('',#1785,1.);
#1785 = DIRECTION('',(0.,1.,0.));
#1786 = ORIENTED_EDGE('',*,*,#1531,.F.);
#1787 = CYLINDRICAL_SURFACE('',#1788,3.5E-02);
#1788 = AXIS2_PLACEMENT_3D('',#1789,#1790,#1791);
#1789 = CARTESIAN_POINT('',(0.465,-0.25,0.315));
#1790 = DIRECTION('',(0.,1.,0.));
#1791 = DIRECTION('',(1.,0.,0.));
#1792 = ADVANCED_FACE('',(#1793),#1804,.T.);
#1793 = FACE_BOUND('',#1794,.T.);
#1794 = EDGE_LOOP('',(#1795,#1796,#1802,#1803));
#1795 = ORIENTED_EDGE('',*,*,#1647,.F.);
#1796 = ORIENTED_EDGE('',*,*,#1797,.F.);
#1797 = EDGE_CURVE('',#1515,#1639,#1798,.T.);
#1798 = LINE('',#1799,#1800);
#1799 = CARTESIAN_POINT('',(0.335,-0.25,0.35));
#1800 = VECTOR('',#1801,1.);
#1801 = DIRECTION('',(0.,1.,0.));
#1802 = ORIENTED_EDGE('',*,*,#1523,.T.);
#1803 = ORIENTED_EDGE('',*,*,#1781,.T.);
#1804 = PLANE('',#1805);
#1805 = AXIS2_PLACEMENT_3D('',#1806,#1807,#1808);
#1806 = CARTESIAN_POINT('',(0.3,-0.25,0.35));
#1807 = DIRECTION('',(0.,0.,1.));
#1808 = DIRECTION('',(1.,0.,-0.));
#1809 = ADVANCED_FACE('',(#1810),#1821,.T.);
#1810 = FACE_BOUND('',#1811,.T.);
#1811 = EDGE_LOOP('',(#1812,#1813,#1814,#1815));
#1812 = ORIENTED_EDGE('',*,*,#1514,.T.);
#1813 = ORIENTED_EDGE('',*,*,#1797,.T.);
#1814 = ORIENTED_EDGE('',*,*,#1638,.F.);
#1815 = ORIENTED_EDGE('',*,*,#1816,.F.);
#1816 = EDGE_CURVE('',#1349,#1432,#1817,.T.);
#1817 = LINE('',#1818,#1819);
#1818 = CARTESIAN_POINT('',(0.3,-0.25,0.315));
#1819 = VECTOR('',#1820,1.);
#1820 = DIRECTION('',(0.,1.,0.));
#1821 = CYLINDRICAL_SURFACE('',#1822,3.5E-02);
#1822 = AXIS2_PLACEMENT_3D('',#1823,#1824,#1825);
#1823 = CARTESIAN_POINT('',(0.335,-0.25,0.315));
#1824 = DIRECTION('',(0.,1.,0.));
#1825 = DIRECTION('',(-1.,0.,0.));
#1826 = ADVANCED_FACE('',(#1827),#1838,.T.);
#1827 = FACE_BOUND('',#1828,.T.);
#1828 = EDGE_LOOP('',(#1829,#1830,#1831,#1832));
#1829 = ORIENTED_EDGE('',*,*,#1580,.F.);
#1830 = ORIENTED_EDGE('',*,*,#1816,.T.);
#1831 = ORIENTED_EDGE('',*,*,#1697,.T.);
#1832 = ORIENTED_EDGE('',*,*,#1833,.F.);
#1833 = EDGE_CURVE('',#1573,#1690,#1834,.T.);
#1834 = LINE('',#1835,#1836);
#1835 = CARTESIAN_POINT('',(0.3,-0.25,0.35));
#1836 = VECTOR('',#1837,1.);
#1837 = DIRECTION('',(0.,1.,0.));
#1838 = PLANE('',#1839);
#1839 = AXIS2_PLACEMENT_3D('',#1840,#1841,#1842);
#1840 = CARTESIAN_POINT('',(0.3,-0.25,0.315));
#1841 = DIRECTION('',(1.,0.,0.));
#1842 = DIRECTION('',(0.,0.,1.));
#1843 = ADVANCED_FACE('',(#1844),#1850,.T.);
#1844 = FACE_BOUND('',#1845,.T.);
#1845 = EDGE_LOOP('',(#1846,#1847,#1848,#1849));
#1846 = ORIENTED_EDGE('',*,*,#1604,.F.);
#1847 = ORIENTED_EDGE('',*,*,#1572,.T.);
#1848 = ORIENTED_EDGE('',*,*,#1833,.T.);
#1849 = ORIENTED_EDGE('',*,*,#1689,.F.);
#1850 = PLANE('',#1851);
#1851 = AXIS2_PLACEMENT_3D('',#1852,#1853,#1854);
#1852 = CARTESIAN_POINT('',(-0.3,-0.25,0.35));
#1853 = DIRECTION('',(0.,0.,1.));
#1854 = DIRECTION('',(1.,0.,-0.));
#1855 = ( GEOMETRIC_REPRESENTATION_CONTEXT(3) 
GLOBAL_UNCERTAINTY_ASSIGNED_CONTEXT((#1859)) 
GLOBAL_UNIT_ASSIGNED_CONTEXT((#1856,#1857,#1858)) REPRESENTATION_CONTEXT
('Context #1','3D Context with UNIT and UNCERTAINTY') );
#1856 = ( LENGTH_UNIT() NAMED_UNIT(*) SI_UNIT(.MILLI.,.METRE.) );
#1857 = ( NAMED_UNIT(*) PLANE_ANGLE_UNIT() SI_UNIT($,.RADIAN.) );
#1858 = ( NAMED_UNIT(*) SI_UNIT($,.STERADIAN.) SOLID_ANGLE_UNIT() );
#1859 = UNCERTAINTY_MEASURE_WITH_UNIT(LENGTH_MEASURE(1.E-07),#1856,
  'distance_accuracy_value','confusion accuracy');
#1860 = CONTEXT_DEPENDENT_SHAPE_REPRESENTATION(#1861,#1863);
#1861 = ( REPRESENTATION_RELATIONSHIP('','',#1064,#1041) 
REPRESENTATION_RELATIONSHIP_WITH_TRANSFORMATION(#1862) 
SHAPE_REPRESENTATION_RELATIONSHIP() );
#1862 = ITEM_DEFINED_TRANSFORMATION('','',#11,#1042);
#1863 = PRODUCT_DEFINITION_SHAPE('Placement','Placement of an item',
  #1864);
#1864 = NEXT_ASSEMBLY_USAGE_OCCURRENCE('4','=>[0:1:1:5]','',#1036,#1059,
  $);
#1865 = PRODUCT_RELATED_PRODUCT_CATEGORY('part',$,(#1061));
#1866 = CONTEXT_DEPENDENT_SHAPE_REPRESENTATION(#1867,#1869);
#1867 = ( REPRESENTATION_RELATIONSHIP('','',#1041,#10) 
REPRESENTATION_RELATIONSHIP_WITH_TRANSFORMATION(#1868) 
SHAPE_REPRESENTATION_RELATIONSHIP() );
#1868 = ITEM_DEFINED_TRANSFORMATION('','',#11,#27);
#1869 = PRODUCT_DEFINITION_SHAPE('Placement','Placement of an item',
  #1870);
#1870 = NEXT_ASSEMBLY_USAGE_OCCURRENCE('6','R38','',#5,#1036,$);
#1871 = CONTEXT_DEPENDENT_SHAPE_REPRESENTATION(#1872,#1874);
#1872 = ( REPRESENTATION_RELATIONSHIP('','',#140,#10) 
REPRESENTATION_RELATIONSHIP_WITH_TRANSFORMATION(#1873) 
SHAPE_REPRESENTATION_RELATIONSHIP() );
#1873 = ITEM_DEFINED_TRANSFORMATION('','',#11,#31);
#1874 = PRODUCT_DEFINITION_SHAPE('Placement','Placement of an item',
  #1875);
#1875 = NEXT_ASSEMBLY_USAGE_OCCURRENCE('7','C18','',#5,#135,$);
#1876 = CONTEXT_DEPENDENT_SHAPE_REPRESENTATION(#1877,#1879);
#1877 = ( REPRESENTATION_RELATIONSHIP('','',#140,#10) 
REPRESENTATION_RELATIONSHIP_WITH_TRANSFORMATION(#1878) 
SHAPE_REPRESENTATION_RELATIONSHIP() );
#1878 = ITEM_DEFINED_TRANSFORMATION('','',#11,#35);
#1879 = PRODUCT_DEFINITION_SHAPE('Placement','Placement of an item',
  #1880);
#1880 = NEXT_ASSEMBLY_USAGE_OCCURRENCE('8','C12','',#5,#135,$);
#1881 = SHAPE_DEFINITION_REPRESENTATION(#1882,#1888);
#1882 = PRODUCT_DEFINITION_SHAPE('','',#1883);
#1883 = PRODUCT_DEFINITION('design','',#1884,#1887);
#1884 = PRODUCT_DEFINITION_FORMATION('','',#1885);
#1885 = PRODUCT('Texas_RGW0020A_VQFN-20-1EP_5x5mm_P0.65mm_EP3.15x3.15mm'
  ,'Texas_RGW0020A_VQFN-20-1EP_5x5mm_P0.65mm_EP3.15x3.15mm','',(#1886));
#1886 = PRODUCT_CONTEXT('',#2,'mechanical');
#1887 = PRODUCT_DEFINITION_CONTEXT('part definition',#2,'design');
#1888 = SHAPE_REPRESENTATION('',(#11,#1889),#1893);
#1889 = AXIS2_PLACEMENT_3D('',#1890,#1891,#1892);
#1890 = CARTESIAN_POINT('',(0.,0.,0.));
#1891 = DIRECTION('',(0.,0.,1.));
#1892 = DIRECTION('',(1.,0.,-0.));
#1893 = ( GEOMETRIC_REPRESENTATION_CONTEXT(3) 
GLOBAL_UNCERTAINTY_ASSIGNED_CONTEXT((#1897)) 
GLOBAL_UNIT_ASSIGNED_CONTEXT((#1894,#1895,#1896)) REPRESENTATION_CONTEXT
('Context #1','3D Context with UNIT and UNCERTAINTY') );
#1894 = ( LENGTH_UNIT() NAMED_UNIT(*) SI_UNIT(.MILLI.,.METRE.) );
#1895 = ( NAMED_UNIT(*) PLANE_ANGLE_UNIT() SI_UNIT($,.RADIAN.) );
#1896 = ( NAMED_UNIT(*) SI_UNIT($,.STERADIAN.) SOLID_ANGLE_UNIT() );
#1897 = UNCERTAINTY_MEASURE_WITH_UNIT(LENGTH_MEASURE(1.E-07),#1894,
  'distance_accuracy_value','confusion accuracy');
#1898 = CONTEXT_DEPENDENT_SHAPE_REPRESENTATION(#1899,#1901);
#1899 = ( REPRESENTATION_RELATIONSHIP('','',#1888,#10) 
REPRESENTATION_RELATIONSHIP_WITH_TRANSFORMATION(#1900) 
SHAPE_REPRESENTATION_RELATIONSHIP() );
#1900 = ITEM_DEFINED_TRANSFORMATION('','',#11,#39);
#1901 = PRODUCT_DEFINITION_SHAPE('Placement','Placement of an item',
  #1902);
#1902 = NEXT_ASSEMBLY_USAGE_OCCURRENCE('10','U7','',#5,#1883,$);
#1903 = PRODUCT_RELATED_PRODUCT_CATEGORY('part',$,(#1885));
#1904 = SHAPE_DEFINITION_REPRESENTATION(#1905,#1911);
#1905 = PRODUCT_DEFINITION_SHAPE('','',#1906);
#1906 = PRODUCT_DEFINITION('design','',#1907,#1910);
#1907 = PRODUCT_DEFINITION_FORMATION('','',#1908);
#1908 = PRODUCT('Texas_RGW0020A_VQFN-20-1EP_5x5mm_P0.65mm_EP3.15x3.15mm'
  ,'Texas_RGW0020A_VQFN-20-1EP_5x5mm_P0.65mm_EP3.15x3.15mm','',(#1909));
#1909 = PRODUCT_CONTEXT('',#2,'mechanical');
#1910 = PRODUCT_DEFINITION_CONTEXT('part definition',#2,'design');
#1911 = ADVANCED_BREP_SHAPE_REPRESENTATION('',(#11,#1912),#6242);
#1912 = MANIFOLD_SOLID_BREP('',#1913);
#1913 = CLOSED_SHELL('',(#1914,#1931,#1956,#1999,#2190,#2374,#2558,#2735
    ,#3249,#3289,#3313,#3346,#3386,#3410,#3443,#3483,#3507,#3540,#3580,
    #3604,#3637,#3677,#3701,#3734,#3774,#3798,#3831,#3871,#3895,#3928,
    #3968,#3992,#4025,#4065,#4089,#4122,#4162,#4186,#4219,#4259,#4283,
    #4316,#4356,#4380,#4413,#4453,#4477,#4510,#4550,#4574,#4607,#4647,
    #4671,#4704,#4744,#4768,#4801,#4841,#4865,#4898,#4938,#4962,#4995,
    #5035,#5059,#5092,#5132,#5156,#5189,#5206,#5223,#5240,#5257,#5274,
    #5291,#5308,#5325,#5342,#5359,#5376,#5393,#5410,#5427,#5444,#5461,
    #5478,#5495,#5512,#5529,#5560,#5584,#5608,#5632,#5649,#5666,#5678,
    #5695,#5707,#5724,#5736,#5753,#5765,#5782,#5794,#5811,#5823,#5840,
    #5852,#5869,#5881,#5898,#5910,#5927,#5939,#5956,#5968,#5985,#5997,
    #6014,#6026,#6043,#6055,#6072,#6084,#6101,#6113,#6130,#6142,#6159,
    #6171,#6188,#6200,#6217,#6229));
#1914 = ADVANCED_FACE('',(#1915),#1926,.F.);
#1915 = FACE_BOUND('',#1916,.T.);
#1916 = EDGE_LOOP('',(#1917));
#1917 = ORIENTED_EDGE('',*,*,#1918,.F.);
#1918 = EDGE_CURVE('',#1919,#1919,#1921,.T.);
#1919 = VERTEX_POINT('',#1920);
#1920 = CARTESIAN_POINT('',(-1.6,1.4,0.8));
#1921 = CIRCLE('',#1922,0.2);
#1922 = AXIS2_PLACEMENT_3D('',#1923,#1924,#1925);
#1923 = CARTESIAN_POINT('',(-1.6,1.6,0.8));
#1924 = DIRECTION('',(0.,-0.,-1.));
#1925 = DIRECTION('',(1.110223024625E-16,-1.,0.));
#1926 = PLANE('',#1927);
#1927 = AXIS2_PLACEMENT_3D('',#1928,#1929,#1930);
#1928 = CARTESIAN_POINT('',(-1.6,1.6,0.8));
#1929 = DIRECTION('',(0.,0.,-1.));
#1930 = DIRECTION('',(1.110223024625E-16,-1.,0.));
#1931 = ADVANCED_FACE('',(#1932),#1951,.T.);
#1932 = FACE_BOUND('',#1933,.T.);
#1933 = EDGE_LOOP('',(#1934,#1942,#1943,#1944));
#1934 = ORIENTED_EDGE('',*,*,#1935,.F.);
#1935 = EDGE_CURVE('',#1919,#1936,#1938,.T.);
#1936 = VERTEX_POINT('',#1937);
#1937 = CARTESIAN_POINT('',(-1.6,1.4,0.78));
#1938 = LINE('',#1939,#1940);
#1939 = CARTESIAN_POINT('',(-1.6,1.4,0.8));
#1940 = VECTOR('',#1941,1.);
#1941 = DIRECTION('',(0.,0.,-1.));
#1942 = ORIENTED_EDGE('',*,*,#1918,.T.);
#1943 = ORIENTED_EDGE('',*,*,#1935,.T.);
#1944 = ORIENTED_EDGE('',*,*,#1945,.F.);
#1945 = EDGE_CURVE('',#1936,#1936,#1946,.T.);
#1946 = CIRCLE('',#1947,0.2);
#1947 = AXIS2_PLACEMENT_3D('',#1948,#1949,#1950);
#1948 = CARTESIAN_POINT('',(-1.6,1.6,0.78));
#1949 = DIRECTION('',(0.,0.,-1.));
#1950 = DIRECTION('',(1.110223024625E-16,-1.,0.));
#1951 = CYLINDRICAL_SURFACE('',#1952,0.2);
#1952 = AXIS2_PLACEMENT_3D('',#1953,#1954,#1955);
#1953 = CARTESIAN_POINT('',(-1.6,1.6,0.8));
#1954 = DIRECTION('',(0.,0.,-1.));
#1955 = DIRECTION('',(1.110223024625E-16,-1.,0.));
#1956 = ADVANCED_FACE('',(#1957,#1991),#1994,.T.);
#1957 = FACE_BOUND('',#1958,.T.);
#1958 = EDGE_LOOP('',(#1959,#1969,#1977,#1985));
#1959 = ORIENTED_EDGE('',*,*,#1960,.F.);
#1960 = EDGE_CURVE('',#1961,#1963,#1965,.T.);
#1961 = VERTEX_POINT('',#1962);
#1962 = CARTESIAN_POINT('',(-2.485,2.485,0.78));
#1963 = VERTEX_POINT('',#1964);
#1964 = CARTESIAN_POINT('',(2.485,2.485,0.78));
#1965 = LINE('',#1966,#1967);
#1966 = CARTESIAN_POINT('',(-2.485,2.485,0.78));
#1967 = VECTOR('',#1968,1.);
#1968 = DIRECTION('',(1.,1.110223024625E-16,0.));
#1969 = ORIENTED_EDGE('',*,*,#1970,.T.);
#1970 = EDGE_CURVE('',#1961,#1971,#1973,.T.);
#1971 = VERTEX_POINT('',#1972);
#1972 = CARTESIAN_POINT('',(-2.485,-2.485,0.78));
#1973 = LINE('',#1974,#1975);
#1974 = CARTESIAN_POINT('',(-2.485,2.485,0.78));
#1975 = VECTOR('',#1976,1.);
#1976 = DIRECTION('',(1.110223024625E-16,-1.,0.));
#1977 = ORIENTED_EDGE('',*,*,#1978,.T.);
#1978 = EDGE_CURVE('',#1971,#1979,#1981,.T.);
#1979 = VERTEX_POINT('',#1980);
#1980 = CARTESIAN_POINT('',(2.485,-2.485,0.78));
#1981 = LINE('',#1982,#1983);
#1982 = CARTESIAN_POINT('',(-2.485,-2.485,0.78));
#1983 = VECTOR('',#1984,1.);
#1984 = DIRECTION('',(1.,1.110223024625E-16,0.));
#1985 = ORIENTED_EDGE('',*,*,#1986,.F.);
#1986 = EDGE_CURVE('',#1963,#1979,#1987,.T.);
#1987 = LINE('',#1988,#1989);
#1988 = CARTESIAN_POINT('',(2.485,2.485,0.78));
#1989 = VECTOR('',#1990,1.);
#1990 = DIRECTION('',(1.110223024625E-16,-1.,0.));
#1991 = FACE_BOUND('',#1992,.T.);
#1992 = EDGE_LOOP('',(#1993));
#1993 = ORIENTED_EDGE('',*,*,#1945,.T.);
#1994 = PLANE('',#1995);
#1995 = AXIS2_PLACEMENT_3D('',#1996,#1997,#1998);
#1996 = CARTESIAN_POINT('',(-2.485,2.485,0.78));
#1997 = DIRECTION('',(0.,0.,1.));
#1998 = DIRECTION('',(1.110223024625E-16,-1.,0.));
#1999 = ADVANCED_FACE('',(#2000),#2185,.F.);
#2000 = FACE_BOUND('',#2001,.F.);
#2001 = EDGE_LOOP('',(#2002,#2003,#2011,#2019,#2027,#2035,#2043,#2051,
    #2059,#2067,#2075,#2083,#2091,#2099,#2107,#2115,#2123,#2131,#2139,
    #2147,#2155,#2163,#2171,#2179));
#2002 = ORIENTED_EDGE('',*,*,#1960,.F.);
#2003 = ORIENTED_EDGE('',*,*,#2004,.F.);
#2004 = EDGE_CURVE('',#2005,#1961,#2007,.T.);
#2005 = VERTEX_POINT('',#2006);
#2006 = CARTESIAN_POINT('',(-2.485,2.485,3.E-02));
#2007 = LINE('',#2008,#2009);
#2008 = CARTESIAN_POINT('',(-2.485,2.485,3.E-02));
#2009 = VECTOR('',#2010,1.);
#2010 = DIRECTION('',(0.,0.,1.));
#2011 = ORIENTED_EDGE('',*,*,#2012,.T.);
#2012 = EDGE_CURVE('',#2005,#2013,#2015,.T.);
#2013 = VERTEX_POINT('',#2014);
#2014 = CARTESIAN_POINT('',(-1.45,2.485,3.E-02));
#2015 = LINE('',#2016,#2017);
#2016 = CARTESIAN_POINT('',(-2.485,2.485,3.E-02));
#2017 = VECTOR('',#2018,1.);
#2018 = DIRECTION('',(1.,1.110223024625E-16,0.));
#2019 = ORIENTED_EDGE('',*,*,#2020,.T.);
#2020 = EDGE_CURVE('',#2013,#2021,#2023,.T.);
#2021 = VERTEX_POINT('',#2022);
#2022 = CARTESIAN_POINT('',(-1.45,2.485,0.1));
#2023 = LINE('',#2024,#2025);
#2024 = CARTESIAN_POINT('',(-1.45,2.485,1.5E-02));
#2025 = VECTOR('',#2026,1.);
#2026 = DIRECTION('',(0.,0.,1.));
#2027 = ORIENTED_EDGE('',*,*,#2028,.F.);
#2028 = EDGE_CURVE('',#2029,#2021,#2031,.T.);
#2029 = VERTEX_POINT('',#2030);
#2030 = CARTESIAN_POINT('',(-1.15,2.485,0.1));
#2031 = LINE('',#2032,#2033);
#2032 = CARTESIAN_POINT('',(-1.8925,2.485,0.1));
#2033 = VECTOR('',#2034,1.);
#2034 = DIRECTION('',(-1.,-1.110223024625E-16,0.));
#2035 = ORIENTED_EDGE('',*,*,#2036,.T.);
#2036 = EDGE_CURVE('',#2029,#2037,#2039,.T.);
#2037 = VERTEX_POINT('',#2038);
#2038 = CARTESIAN_POINT('',(-1.15,2.485,3.E-02));
#2039 = LINE('',#2040,#2041);
#2040 = CARTESIAN_POINT('',(-1.15,2.485,1.5E-02));
#2041 = VECTOR('',#2042,1.);
#2042 = DIRECTION('',(0.,0.,-1.));
#2043 = ORIENTED_EDGE('',*,*,#2044,.T.);
#2044 = EDGE_CURVE('',#2037,#2045,#2047,.T.);
#2045 = VERTEX_POINT('',#2046);
#2046 = CARTESIAN_POINT('',(-0.8,2.485,3.E-02));
#2047 = LINE('',#2048,#2049);
#2048 = CARTESIAN_POINT('',(-2.485,2.485,3.E-02));
#2049 = VECTOR('',#2050,1.);
#2050 = DIRECTION('',(1.,1.110223024625E-16,0.));
#2051 = ORIENTED_EDGE('',*,*,#2052,.T.);
#2052 = EDGE_CURVE('',#2045,#2053,#2055,.T.);
#2053 = VERTEX_POINT('',#2054);
#2054 = CARTESIAN_POINT('',(-0.8,2.485,0.1));
#2055 = LINE('',#2056,#2057);
#2056 = CARTESIAN_POINT('',(-0.8,2.485,1.5E-02));
#2057 = VECTOR('',#2058,1.);
#2058 = DIRECTION('',(0.,0.,1.));
#2059 = ORIENTED_EDGE('',*,*,#2060,.F.);
#2060 = EDGE_CURVE('',#2061,#2053,#2063,.T.);
#2061 = VERTEX_POINT('',#2062);
#2062 = CARTESIAN_POINT('',(-0.5,2.485,0.1));
#2063 = LINE('',#2064,#2065);
#2064 = CARTESIAN_POINT('',(-1.5675,2.485,0.1));
#2065 = VECTOR('',#2066,1.);
#2066 = DIRECTION('',(-1.,-1.110223024625E-16,0.));
#2067 = ORIENTED_EDGE('',*,*,#2068,.T.);
#2068 = EDGE_CURVE('',#2061,#2069,#2071,.T.);
#2069 = VERTEX_POINT('',#2070);
#2070 = CARTESIAN_POINT('',(-0.5,2.485,3.E-02));
#2071 = LINE('',#2072,#2073);
#2072 = CARTESIAN_POINT('',(-0.5,2.485,1.5E-02));
#2073 = VECTOR('',#2074,1.);
#2074 = DIRECTION('',(0.,0.,-1.));
#2075 = ORIENTED_EDGE('',*,*,#2076,.T.);
#2076 = EDGE_CURVE('',#2069,#2077,#2079,.T.);
#2077 = VERTEX_POINT('',#2078);
#2078 = CARTESIAN_POINT('',(-0.15,2.485,3.E-02));
#2079 = LINE('',#2080,#2081);
#2080 = CARTESIAN_POINT('',(-2.485,2.485,3.E-02));
#2081 = VECTOR('',#2082,1.);
#2082 = DIRECTION('',(1.,1.110223024625E-16,0.));
#2083 = ORIENTED_EDGE('',*,*,#2084,.T.);
#2084 = EDGE_CURVE('',#2077,#2085,#2087,.T.);
#2085 = VERTEX_POINT('',#2086);
#2086 = CARTESIAN_POINT('',(-0.15,2.485,0.1));
#2087 = LINE('',#2088,#2089);
#2088 = CARTESIAN_POINT('',(-0.15,2.485,1.5E-02));
#2089 = VECTOR('',#2090,1.);
#2090 = DIRECTION('',(0.,0.,1.));
#2091 = ORIENTED_EDGE('',*,*,#2092,.F.);
#2092 = EDGE_CURVE('',#2093,#2085,#2095,.T.);
#2093 = VERTEX_POINT('',#2094);
#2094 = CARTESIAN_POINT('',(0.15,2.485,0.1));
#2095 = LINE('',#2096,#2097);
#2096 = CARTESIAN_POINT('',(-1.2425,2.485,0.1));
#2097 = VECTOR('',#2098,1.);
#2098 = DIRECTION('',(-1.,-1.110223024625E-16,0.));
#2099 = ORIENTED_EDGE('',*,*,#2100,.T.);
#2100 = EDGE_CURVE('',#2093,#2101,#2103,.T.);
#2101 = VERTEX_POINT('',#2102);
#2102 = CARTESIAN_POINT('',(0.15,2.485,3.E-02));
#2103 = LINE('',#2104,#2105);
#2104 = CARTESIAN_POINT('',(0.15,2.485,1.5E-02));
#2105 = VECTOR('',#2106,1.);
#2106 = DIRECTION('',(0.,0.,-1.));
#2107 = ORIENTED_EDGE('',*,*,#2108,.T.);
#2108 = EDGE_CURVE('',#2101,#2109,#2111,.T.);
#2109 = VERTEX_POINT('',#2110);
#2110 = CARTESIAN_POINT('',(0.5,2.485,3.E-02));
#2111 = LINE('',#2112,#2113);
#2112 = CARTESIAN_POINT('',(-2.485,2.485,3.E-02));
#2113 = VECTOR('',#2114,1.);
#2114 = DIRECTION('',(1.,1.110223024625E-16,0.));
#2115 = ORIENTED_EDGE('',*,*,#2116,.T.);
#2116 = EDGE_CURVE('',#2109,#2117,#2119,.T.);
#2117 = VERTEX_POINT('',#2118);
#2118 = CARTESIAN_POINT('',(0.5,2.485,0.1));
#2119 = LINE('',#2120,#2121);
#2120 = CARTESIAN_POINT('',(0.5,2.485,1.5E-02));
#2121 = VECTOR('',#2122,1.);
#2122 = DIRECTION('',(0.,0.,1.));
#2123 = ORIENTED_EDGE('',*,*,#2124,.F.);
#2124 = EDGE_CURVE('',#2125,#2117,#2127,.T.);
#2125 = VERTEX_POINT('',#2126);
#2126 = CARTESIAN_POINT('',(0.8,2.485,0.1));
#2127 = LINE('',#2128,#2129);
#2128 = CARTESIAN_POINT('',(-0.9175,2.485,0.1));
#2129 = VECTOR('',#2130,1.);
#2130 = DIRECTION('',(-1.,-1.110223024625E-16,0.));
#2131 = ORIENTED_EDGE('',*,*,#2132,.T.);
#2132 = EDGE_CURVE('',#2125,#2133,#2135,.T.);
#2133 = VERTEX_POINT('',#2134);
#2134 = CARTESIAN_POINT('',(0.8,2.485,3.E-02));
#2135 = LINE('',#2136,#2137);
#2136 = CARTESIAN_POINT('',(0.8,2.485,1.5E-02));
#2137 = VECTOR('',#2138,1.);
#2138 = DIRECTION('',(0.,0.,-1.));
#2139 = ORIENTED_EDGE('',*,*,#2140,.T.);
#2140 = EDGE_CURVE('',#2133,#2141,#2143,.T.);
#2141 = VERTEX_POINT('',#2142);
#2142 = CARTESIAN_POINT('',(1.15,2.485,3.E-02));
#2143 = LINE('',#2144,#2145);
#2144 = CARTESIAN_POINT('',(-2.485,2.485,3.E-02));
#2145 = VECTOR('',#2146,1.);
#2146 = DIRECTION('',(1.,1.110223024625E-16,0.));
#2147 = ORIENTED_EDGE('',*,*,#2148,.T.);
#2148 = EDGE_CURVE('',#2141,#2149,#2151,.T.);
#2149 = VERTEX_POINT('',#2150);
#2150 = CARTESIAN_POINT('',(1.15,2.485,0.1));
#2151 = LINE('',#2152,#2153);
#2152 = CARTESIAN_POINT('',(1.15,2.485,1.5E-02));
#2153 = VECTOR('',#2154,1.);
#2154 = DIRECTION('',(0.,0.,1.));
#2155 = ORIENTED_EDGE('',*,*,#2156,.F.);
#2156 = EDGE_CURVE('',#2157,#2149,#2159,.T.);
#2157 = VERTEX_POINT('',#2158);
#2158 = CARTESIAN_POINT('',(1.45,2.485,0.1));
#2159 = LINE('',#2160,#2161);
#2160 = CARTESIAN_POINT('',(-0.5925,2.485,0.1));
#2161 = VECTOR('',#2162,1.);
#2162 = DIRECTION('',(-1.,-1.110223024625E-16,0.));
#2163 = ORIENTED_EDGE('',*,*,#2164,.T.);
#2164 = EDGE_CURVE('',#2157,#2165,#2167,.T.);
#2165 = VERTEX_POINT('',#2166);
#2166 = CARTESIAN_POINT('',(1.45,2.485,3.E-02));
#2167 = LINE('',#2168,#2169);
#2168 = CARTESIAN_POINT('',(1.45,2.485,1.5E-02));
#2169 = VECTOR('',#2170,1.);
#2170 = DIRECTION('',(0.,0.,-1.));
#2171 = ORIENTED_EDGE('',*,*,#2172,.T.);
#2172 = EDGE_CURVE('',#2165,#2173,#2175,.T.);
#2173 = VERTEX_POINT('',#2174);
#2174 = CARTESIAN_POINT('',(2.485,2.485,3.E-02));
#2175 = LINE('',#2176,#2177);
#2176 = CARTESIAN_POINT('',(-2.485,2.485,3.E-02));
#2177 = VECTOR('',#2178,1.);
#2178 = DIRECTION('',(1.,1.110223024625E-16,0.));
#2179 = ORIENTED_EDGE('',*,*,#2180,.T.);
#2180 = EDGE_CURVE('',#2173,#1963,#2181,.T.);
#2181 = LINE('',#2182,#2183);
#2182 = CARTESIAN_POINT('',(2.485,2.485,3.E-02));
#2183 = VECTOR('',#2184,1.);
#2184 = DIRECTION('',(0.,0.,1.));
#2185 = PLANE('',#2186);
#2186 = AXIS2_PLACEMENT_3D('',#2187,#2188,#2189);
#2187 = CARTESIAN_POINT('',(-2.485,2.485,3.E-02));
#2188 = DIRECTION('',(1.110223024625E-16,-1.,0.));
#2189 = DIRECTION('',(0.,0.,1.));
#2190 = ADVANCED_FACE('',(#2191),#2369,.T.);
#2191 = FACE_BOUND('',#2192,.T.);
#2192 = EDGE_LOOP('',(#2193,#2201,#2202,#2203,#2211,#2219,#2227,#2235,
    #2243,#2251,#2259,#2267,#2275,#2283,#2291,#2299,#2307,#2315,#2323,
    #2331,#2339,#2347,#2355,#2363));
#2193 = ORIENTED_EDGE('',*,*,#2194,.F.);
#2194 = EDGE_CURVE('',#2173,#2195,#2197,.T.);
#2195 = VERTEX_POINT('',#2196);
#2196 = CARTESIAN_POINT('',(2.485,1.45,3.E-02));
#2197 = LINE('',#2198,#2199);
#2198 = CARTESIAN_POINT('',(2.485,2.485,3.E-02));
#2199 = VECTOR('',#2200,1.);
#2200 = DIRECTION('',(1.110223024625E-16,-1.,0.));
#2201 = ORIENTED_EDGE('',*,*,#2180,.T.);
#2202 = ORIENTED_EDGE('',*,*,#1986,.T.);
#2203 = ORIENTED_EDGE('',*,*,#2204,.F.);
#2204 = EDGE_CURVE('',#2205,#1979,#2207,.T.);
#2205 = VERTEX_POINT('',#2206);
#2206 = CARTESIAN_POINT('',(2.485,-2.485,3.E-02));
#2207 = LINE('',#2208,#2209);
#2208 = CARTESIAN_POINT('',(2.485,-2.485,3.E-02));
#2209 = VECTOR('',#2210,1.);
#2210 = DIRECTION('',(0.,0.,1.));
#2211 = ORIENTED_EDGE('',*,*,#2212,.F.);
#2212 = EDGE_CURVE('',#2213,#2205,#2215,.T.);
#2213 = VERTEX_POINT('',#2214);
#2214 = CARTESIAN_POINT('',(2.485,-1.45,3.E-02));
#2215 = LINE('',#2216,#2217);
#2216 = CARTESIAN_POINT('',(2.485,2.485,3.E-02));
#2217 = VECTOR('',#2218,1.);
#2218 = DIRECTION('',(1.110223024625E-16,-1.,0.));
#2219 = ORIENTED_EDGE('',*,*,#2220,.T.);
#2220 = EDGE_CURVE('',#2213,#2221,#2223,.T.);
#2221 = VERTEX_POINT('',#2222);
#2222 = CARTESIAN_POINT('',(2.485,-1.45,0.1));
#2223 = LINE('',#2224,#2225);
#2224 = CARTESIAN_POINT('',(2.485,-1.45,1.5E-02));
#2225 = VECTOR('',#2226,1.);
#2226 = DIRECTION('',(0.,0.,1.));
#2227 = ORIENTED_EDGE('',*,*,#2228,.F.);
#2228 = EDGE_CURVE('',#2229,#2221,#2231,.T.);
#2229 = VERTEX_POINT('',#2230);
#2230 = CARTESIAN_POINT('',(2.485,-1.15,0.1));
#2231 = LINE('',#2232,#2233);
#2232 = CARTESIAN_POINT('',(2.485,0.5925,0.1));
#2233 = VECTOR('',#2234,1.);
#2234 = DIRECTION('',(1.110223024625E-16,-1.,0.));
#2235 = ORIENTED_EDGE('',*,*,#2236,.T.);
#2236 = EDGE_CURVE('',#2229,#2237,#2239,.T.);
#2237 = VERTEX_POINT('',#2238);
#2238 = CARTESIAN_POINT('',(2.485,-1.15,3.E-02));
#2239 = LINE('',#2240,#2241);
#2240 = CARTESIAN_POINT('',(2.485,-1.15,1.5E-02));
#2241 = VECTOR('',#2242,1.);
#2242 = DIRECTION('',(0.,0.,-1.));
#2243 = ORIENTED_EDGE('',*,*,#2244,.F.);
#2244 = EDGE_CURVE('',#2245,#2237,#2247,.T.);
#2245 = VERTEX_POINT('',#2246);
#2246 = CARTESIAN_POINT('',(2.485,-0.8,3.E-02));
#2247 = LINE('',#2248,#2249);
#2248 = CARTESIAN_POINT('',(2.485,2.485,3.E-02));
#2249 = VECTOR('',#2250,1.);
#2250 = DIRECTION('',(1.110223024625E-16,-1.,0.));
#2251 = ORIENTED_EDGE('',*,*,#2252,.T.);
#2252 = EDGE_CURVE('',#2245,#2253,#2255,.T.);
#2253 = VERTEX_POINT('',#2254);
#2254 = CARTESIAN_POINT('',(2.485,-0.8,0.1));
#2255 = LINE('',#2256,#2257);
#2256 = CARTESIAN_POINT('',(2.485,-0.8,1.5E-02));
#2257 = VECTOR('',#2258,1.);
#2258 = DIRECTION('',(0.,0.,1.));
#2259 = ORIENTED_EDGE('',*,*,#2260,.F.);
#2260 = EDGE_CURVE('',#2261,#2253,#2263,.T.);
#2261 = VERTEX_POINT('',#2262);
#2262 = CARTESIAN_POINT('',(2.485,-0.5,0.1));
#2263 = LINE('',#2264,#2265);
#2264 = CARTESIAN_POINT('',(2.485,0.9175,0.1));
#2265 = VECTOR('',#2266,1.);
#2266 = DIRECTION('',(1.110223024625E-16,-1.,0.));
#2267 = ORIENTED_EDGE('',*,*,#2268,.T.);
#2268 = EDGE_CURVE('',#2261,#2269,#2271,.T.);
#2269 = VERTEX_POINT('',#2270);
#2270 = CARTESIAN_POINT('',(2.485,-0.5,3.E-02));
#2271 = LINE('',#2272,#2273);
#2272 = CARTESIAN_POINT('',(2.485,-0.5,1.5E-02));
#2273 = VECTOR('',#2274,1.);
#2274 = DIRECTION('',(0.,0.,-1.));
#2275 = ORIENTED_EDGE('',*,*,#2276,.F.);
#2276 = EDGE_CURVE('',#2277,#2269,#2279,.T.);
#2277 = VERTEX_POINT('',#2278);
#2278 = CARTESIAN_POINT('',(2.485,-0.15,3.E-02));
#2279 = LINE('',#2280,#2281);
#2280 = CARTESIAN_POINT('',(2.485,2.485,3.E-02));
#2281 = VECTOR('',#2282,1.);
#2282 = DIRECTION('',(1.110223024625E-16,-1.,0.));
#2283 = ORIENTED_EDGE('',*,*,#2284,.T.);
#2284 = EDGE_CURVE('',#2277,#2285,#2287,.T.);
#2285 = VERTEX_POINT('',#2286);
#2286 = CARTESIAN_POINT('',(2.485,-0.15,0.1));
#2287 = LINE('',#2288,#2289);
#2288 = CARTESIAN_POINT('',(2.485,-0.15,1.5E-02));
#2289 = VECTOR('',#2290,1.);
#2290 = DIRECTION('',(0.,0.,1.));
#2291 = ORIENTED_EDGE('',*,*,#2292,.F.);
#2292 = EDGE_CURVE('',#2293,#2285,#2295,.T.);
#2293 = VERTEX_POINT('',#2294);
#2294 = CARTESIAN_POINT('',(2.485,0.15,0.1));
#2295 = LINE('',#2296,#2297);
#2296 = CARTESIAN_POINT('',(2.485,1.2425,0.1));
#2297 = VECTOR('',#2298,1.);
#2298 = DIRECTION('',(1.110223024625E-16,-1.,0.));
#2299 = ORIENTED_EDGE('',*,*,#2300,.T.);
#2300 = EDGE_CURVE('',#2293,#2301,#2303,.T.);
#2301 = VERTEX_POINT('',#2302);
#2302 = CARTESIAN_POINT('',(2.485,0.15,3.E-02));
#2303 = LINE('',#2304,#2305);
#2304 = CARTESIAN_POINT('',(2.485,0.15,1.5E-02));
#2305 = VECTOR('',#2306,1.);
#2306 = DIRECTION('',(0.,0.,-1.));
#2307 = ORIENTED_EDGE('',*,*,#2308,.F.);
#2308 = EDGE_CURVE('',#2309,#2301,#2311,.T.);
#2309 = VERTEX_POINT('',#2310);
#2310 = CARTESIAN_POINT('',(2.485,0.5,3.E-02));
#2311 = LINE('',#2312,#2313);
#2312 = CARTESIAN_POINT('',(2.485,2.485,3.E-02));
#2313 = VECTOR('',#2314,1.);
#2314 = DIRECTION('',(1.110223024625E-16,-1.,0.));
#2315 = ORIENTED_EDGE('',*,*,#2316,.T.);
#2316 = EDGE_CURVE('',#2309,#2317,#2319,.T.);
#2317 = VERTEX_POINT('',#2318);
#2318 = CARTESIAN_POINT('',(2.485,0.5,0.1));
#2319 = LINE('',#2320,#2321);
#2320 = CARTESIAN_POINT('',(2.485,0.5,1.5E-02));
#2321 = VECTOR('',#2322,1.);
#2322 = DIRECTION('',(0.,0.,1.));
#2323 = ORIENTED_EDGE('',*,*,#2324,.F.);
#2324 = EDGE_CURVE('',#2325,#2317,#2327,.T.);
#2325 = VERTEX_POINT('',#2326);
#2326 = CARTESIAN_POINT('',(2.485,0.8,0.1));
#2327 = LINE('',#2328,#2329);
#2328 = CARTESIAN_POINT('',(2.485,1.5675,0.1));
#2329 = VECTOR('',#2330,1.);
#2330 = DIRECTION('',(1.110223024625E-16,-1.,0.));
#2331 = ORIENTED_EDGE('',*,*,#2332,.T.);
#2332 = EDGE_CURVE('',#2325,#2333,#2335,.T.);
#2333 = VERTEX_POINT('',#2334);
#2334 = CARTESIAN_POINT('',(2.485,0.8,3.E-02));
#2335 = LINE('',#2336,#2337);
#2336 = CARTESIAN_POINT('',(2.485,0.8,1.5E-02));
#2337 = VECTOR('',#2338,1.);
#2338 = DIRECTION('',(0.,0.,-1.));
#2339 = ORIENTED_EDGE('',*,*,#2340,.F.);
#2340 = EDGE_CURVE('',#2341,#2333,#2343,.T.);
#2341 = VERTEX_POINT('',#2342);
#2342 = CARTESIAN_POINT('',(2.485,1.15,3.E-02));
#2343 = LINE('',#2344,#2345);
#2344 = CARTESIAN_POINT('',(2.485,2.485,3.E-02));
#2345 = VECTOR('',#2346,1.);
#2346 = DIRECTION('',(1.110223024625E-16,-1.,0.));
#2347 = ORIENTED_EDGE('',*,*,#2348,.T.);
#2348 = EDGE_CURVE('',#2341,#2349,#2351,.T.);
#2349 = VERTEX_POINT('',#2350);
#2350 = CARTESIAN_POINT('',(2.485,1.15,0.1));
#2351 = LINE('',#2352,#2353);
#2352 = CARTESIAN_POINT('',(2.485,1.15,1.5E-02));
#2353 = VECTOR('',#2354,1.);
#2354 = DIRECTION('',(0.,0.,1.));
#2355 = ORIENTED_EDGE('',*,*,#2356,.F.);
#2356 = EDGE_CURVE('',#2357,#2349,#2359,.T.);
#2357 = VERTEX_POINT('',#2358);
#2358 = CARTESIAN_POINT('',(2.485,1.45,0.1));
#2359 = LINE('',#2360,#2361);
#2360 = CARTESIAN_POINT('',(2.485,1.8925,0.1));
#2361 = VECTOR('',#2362,1.);
#2362 = DIRECTION('',(1.110223024625E-16,-1.,0.));
#2363 = ORIENTED_EDGE('',*,*,#2364,.T.);
#2364 = EDGE_CURVE('',#2357,#2195,#2365,.T.);
#2365 = LINE('',#2366,#2367);
#2366 = CARTESIAN_POINT('',(2.485,1.45,1.5E-02));
#2367 = VECTOR('',#2368,1.);
#2368 = DIRECTION('',(0.,0.,-1.));
#2369 = PLANE('',#2370);
#2370 = AXIS2_PLACEMENT_3D('',#2371,#2372,#2373);
#2371 = CARTESIAN_POINT('',(2.485,2.485,3.E-02));
#2372 = DIRECTION('',(1.,1.110223024625E-16,0.));
#2373 = DIRECTION('',(0.,-0.,1.));
#2374 = ADVANCED_FACE('',(#2375),#2553,.F.);
#2375 = FACE_BOUND('',#2376,.F.);
#2376 = EDGE_LOOP('',(#2377,#2385,#2386,#2387,#2395,#2403,#2411,#2419,
    #2427,#2435,#2443,#2451,#2459,#2467,#2475,#2483,#2491,#2499,#2507,
    #2515,#2523,#2531,#2539,#2547));
#2377 = ORIENTED_EDGE('',*,*,#2378,.F.);
#2378 = EDGE_CURVE('',#2005,#2379,#2381,.T.);
#2379 = VERTEX_POINT('',#2380);
#2380 = CARTESIAN_POINT('',(-2.485,1.45,3.E-02));
#2381 = LINE('',#2382,#2383);
#2382 = CARTESIAN_POINT('',(-2.485,2.485,3.E-02));
#2383 = VECTOR('',#2384,1.);
#2384 = DIRECTION('',(1.110223024625E-16,-1.,0.));
#2385 = ORIENTED_EDGE('',*,*,#2004,.T.);
#2386 = ORIENTED_EDGE('',*,*,#1970,.T.);
#2387 = ORIENTED_EDGE('',*,*,#2388,.F.);
#2388 = EDGE_CURVE('',#2389,#1971,#2391,.T.);
#2389 = VERTEX_POINT('',#2390);
#2390 = CARTESIAN_POINT('',(-2.485,-2.485,3.E-02));
#2391 = LINE('',#2392,#2393);
#2392 = CARTESIAN_POINT('',(-2.485,-2.485,3.E-02));
#2393 = VECTOR('',#2394,1.);
#2394 = DIRECTION('',(0.,0.,1.));
#2395 = ORIENTED_EDGE('',*,*,#2396,.F.);
#2396 = EDGE_CURVE('',#2397,#2389,#2399,.T.);
#2397 = VERTEX_POINT('',#2398);
#2398 = CARTESIAN_POINT('',(-2.485,-1.45,3.E-02));
#2399 = LINE('',#2400,#2401);
#2400 = CARTESIAN_POINT('',(-2.485,2.485,3.E-02));
#2401 = VECTOR('',#2402,1.);
#2402 = DIRECTION('',(1.110223024625E-16,-1.,0.));
#2403 = ORIENTED_EDGE('',*,*,#2404,.T.);
#2404 = EDGE_CURVE('',#2397,#2405,#2407,.T.);
#2405 = VERTEX_POINT('',#2406);
#2406 = CARTESIAN_POINT('',(-2.485,-1.45,0.1));
#2407 = LINE('',#2408,#2409);
#2408 = CARTESIAN_POINT('',(-2.485,-1.45,1.5E-02));
#2409 = VECTOR('',#2410,1.);
#2410 = DIRECTION('',(0.,0.,1.));
#2411 = ORIENTED_EDGE('',*,*,#2412,.F.);
#2412 = EDGE_CURVE('',#2413,#2405,#2415,.T.);
#2413 = VERTEX_POINT('',#2414);
#2414 = CARTESIAN_POINT('',(-2.485,-1.15,0.1));
#2415 = LINE('',#2416,#2417);
#2416 = CARTESIAN_POINT('',(-2.485,0.5925,0.1));
#2417 = VECTOR('',#2418,1.);
#2418 = DIRECTION('',(1.110223024625E-16,-1.,0.));
#2419 = ORIENTED_EDGE('',*,*,#2420,.T.);
#2420 = EDGE_CURVE('',#2413,#2421,#2423,.T.);
#2421 = VERTEX_POINT('',#2422);
#2422 = CARTESIAN_POINT('',(-2.485,-1.15,3.E-02));
#2423 = LINE('',#2424,#2425);
#2424 = CARTESIAN_POINT('',(-2.485,-1.15,1.5E-02));
#2425 = VECTOR('',#2426,1.);
#2426 = DIRECTION('',(0.,0.,-1.));
#2427 = ORIENTED_EDGE('',*,*,#2428,.F.);
#2428 = EDGE_CURVE('',#2429,#2421,#2431,.T.);
#2429 = VERTEX_POINT('',#2430);
#2430 = CARTESIAN_POINT('',(-2.485,-0.8,3.E-02));
#2431 = LINE('',#2432,#2433);
#2432 = CARTESIAN_POINT('',(-2.485,2.485,3.E-02));
#2433 = VECTOR('',#2434,1.);
#2434 = DIRECTION('',(1.110223024625E-16,-1.,0.));
#2435 = ORIENTED_EDGE('',*,*,#2436,.T.);
#2436 = EDGE_CURVE('',#2429,#2437,#2439,.T.);
#2437 = VERTEX_POINT('',#2438);
#2438 = CARTESIAN_POINT('',(-2.485,-0.8,0.1));
#2439 = LINE('',#2440,#2441);
#2440 = CARTESIAN_POINT('',(-2.485,-0.8,1.5E-02));
#2441 = VECTOR('',#2442,1.);
#2442 = DIRECTION('',(0.,0.,1.));
#2443 = ORIENTED_EDGE('',*,*,#2444,.F.);
#2444 = EDGE_CURVE('',#2445,#2437,#2447,.T.);
#2445 = VERTEX_POINT('',#2446);
#2446 = CARTESIAN_POINT('',(-2.485,-0.5,0.1));
#2447 = LINE('',#2448,#2449);
#2448 = CARTESIAN_POINT('',(-2.485,0.9175,0.1));
#2449 = VECTOR('',#2450,1.);
#2450 = DIRECTION('',(1.110223024625E-16,-1.,0.));
#2451 = ORIENTED_EDGE('',*,*,#2452,.T.);
#2452 = EDGE_CURVE('',#2445,#2453,#2455,.T.);
#2453 = VERTEX_POINT('',#2454);
#2454 = CARTESIAN_POINT('',(-2.485,-0.5,3.E-02));
#2455 = LINE('',#2456,#2457);
#2456 = CARTESIAN_POINT('',(-2.485,-0.5,1.5E-02));
#2457 = VECTOR('',#2458,1.);
#2458 = DIRECTION('',(0.,0.,-1.));
#2459 = ORIENTED_EDGE('',*,*,#2460,.F.);
#2460 = EDGE_CURVE('',#2461,#2453,#2463,.T.);
#2461 = VERTEX_POINT('',#2462);
#2462 = CARTESIAN_POINT('',(-2.485,-0.15,3.E-02));
#2463 = LINE('',#2464,#2465);
#2464 = CARTESIAN_POINT('',(-2.485,2.485,3.E-02));
#2465 = VECTOR('',#2466,1.);
#2466 = DIRECTION('',(1.110223024625E-16,-1.,0.));
#2467 = ORIENTED_EDGE('',*,*,#2468,.T.);
#2468 = EDGE_CURVE('',#2461,#2469,#2471,.T.);
#2469 = VERTEX_POINT('',#2470);
#2470 = CARTESIAN_POINT('',(-2.485,-0.15,0.1));
#2471 = LINE('',#2472,#2473);
#2472 = CARTESIAN_POINT('',(-2.485,-0.15,1.5E-02));
#2473 = VECTOR('',#2474,1.);
#2474 = DIRECTION('',(0.,0.,1.));
#2475 = ORIENTED_EDGE('',*,*,#2476,.F.);
#2476 = EDGE_CURVE('',#2477,#2469,#2479,.T.);
#2477 = VERTEX_POINT('',#2478);
#2478 = CARTESIAN_POINT('',(-2.485,0.15,0.1));
#2479 = LINE('',#2480,#2481);
#2480 = CARTESIAN_POINT('',(-2.485,1.2425,0.1));
#2481 = VECTOR('',#2482,1.);
#2482 = DIRECTION('',(1.110223024625E-16,-1.,0.));
#2483 = ORIENTED_EDGE('',*,*,#2484,.T.);
#2484 = EDGE_CURVE('',#2477,#2485,#2487,.T.);
#2485 = VERTEX_POINT('',#2486);
#2486 = CARTESIAN_POINT('',(-2.485,0.15,3.E-02));
#2487 = LINE('',#2488,#2489);
#2488 = CARTESIAN_POINT('',(-2.485,0.15,1.5E-02));
#2489 = VECTOR('',#2490,1.);
#2490 = DIRECTION('',(0.,0.,-1.));
#2491 = ORIENTED_EDGE('',*,*,#2492,.F.);
#2492 = EDGE_CURVE('',#2493,#2485,#2495,.T.);
#2493 = VERTEX_POINT('',#2494);
#2494 = CARTESIAN_POINT('',(-2.485,0.5,3.E-02));
#2495 = LINE('',#2496,#2497);
#2496 = CARTESIAN_POINT('',(-2.485,2.485,3.E-02));
#2497 = VECTOR('',#2498,1.);
#2498 = DIRECTION('',(1.110223024625E-16,-1.,0.));
#2499 = ORIENTED_EDGE('',*,*,#2500,.T.);
#2500 = EDGE_CURVE('',#2493,#2501,#2503,.T.);
#2501 = VERTEX_POINT('',#2502);
#2502 = CARTESIAN_POINT('',(-2.485,0.5,0.1));
#2503 = LINE('',#2504,#2505);
#2504 = CARTESIAN_POINT('',(-2.485,0.5,1.5E-02));
#2505 = VECTOR('',#2506,1.);
#2506 = DIRECTION('',(0.,0.,1.));
#2507 = ORIENTED_EDGE('',*,*,#2508,.F.);
#2508 = EDGE_CURVE('',#2509,#2501,#2511,.T.);
#2509 = VERTEX_POINT('',#2510);
#2510 = CARTESIAN_POINT('',(-2.485,0.8,0.1));
#2511 = LINE('',#2512,#2513);
#2512 = CARTESIAN_POINT('',(-2.485,1.5675,0.1));
#2513 = VECTOR('',#2514,1.);
#2514 = DIRECTION('',(1.110223024625E-16,-1.,0.));
#2515 = ORIENTED_EDGE('',*,*,#2516,.T.);
#2516 = EDGE_CURVE('',#2509,#2517,#2519,.T.);
#2517 = VERTEX_POINT('',#2518);
#2518 = CARTESIAN_POINT('',(-2.485,0.8,3.E-02));
#2519 = LINE('',#2520,#2521);
#2520 = CARTESIAN_POINT('',(-2.485,0.8,1.5E-02));
#2521 = VECTOR('',#2522,1.);
#2522 = DIRECTION('',(0.,0.,-1.));
#2523 = ORIENTED_EDGE('',*,*,#2524,.F.);
#2524 = EDGE_CURVE('',#2525,#2517,#2527,.T.);
#2525 = VERTEX_POINT('',#2526);
#2526 = CARTESIAN_POINT('',(-2.485,1.15,3.E-02));
#2527 = LINE('',#2528,#2529);
#2528 = CARTESIAN_POINT('',(-2.485,2.485,3.E-02));
#2529 = VECTOR('',#2530,1.);
#2530 = DIRECTION('',(1.110223024625E-16,-1.,0.));
#2531 = ORIENTED_EDGE('',*,*,#2532,.T.);
#2532 = EDGE_CURVE('',#2525,#2533,#2535,.T.);
#2533 = VERTEX_POINT('',#2534);
#2534 = CARTESIAN_POINT('',(-2.485,1.15,0.1));
#2535 = LINE('',#2536,#2537);
#2536 = CARTESIAN_POINT('',(-2.485,1.15,1.5E-02));
#2537 = VECTOR('',#2538,1.);
#2538 = DIRECTION('',(0.,0.,1.));
#2539 = ORIENTED_EDGE('',*,*,#2540,.F.);
#2540 = EDGE_CURVE('',#2541,#2533,#2543,.T.);
#2541 = VERTEX_POINT('',#2542);
#2542 = CARTESIAN_POINT('',(-2.485,1.45,0.1));
#2543 = LINE('',#2544,#2545);
#2544 = CARTESIAN_POINT('',(-2.485,1.8925,0.1));
#2545 = VECTOR('',#2546,1.);
#2546 = DIRECTION('',(1.110223024625E-16,-1.,0.));
#2547 = ORIENTED_EDGE('',*,*,#2548,.T.);
#2548 = EDGE_CURVE('',#2541,#2379,#2549,.T.);
#2549 = LINE('',#2550,#2551);
#2550 = CARTESIAN_POINT('',(-2.485,1.45,1.5E-02));
#2551 = VECTOR('',#2552,1.);
#2552 = DIRECTION('',(0.,0.,-1.));
#2553 = PLANE('',#2554);
#2554 = AXIS2_PLACEMENT_3D('',#2555,#2556,#2557);
#2555 = CARTESIAN_POINT('',(-2.485,2.485,3.E-02));
#2556 = DIRECTION('',(1.,1.110223024625E-16,0.));
#2557 = DIRECTION('',(0.,-0.,1.));
#2558 = ADVANCED_FACE('',(#2559),#2730,.T.);
#2559 = FACE_BOUND('',#2560,.T.);
#2560 = EDGE_LOOP('',(#2561,#2562,#2563,#2571,#2579,#2587,#2595,#2603,
    #2611,#2619,#2627,#2635,#2643,#2651,#2659,#2667,#2675,#2683,#2691,
    #2699,#2707,#2715,#2723,#2729));
#2561 = ORIENTED_EDGE('',*,*,#1978,.F.);
#2562 = ORIENTED_EDGE('',*,*,#2388,.F.);
#2563 = ORIENTED_EDGE('',*,*,#2564,.T.);
#2564 = EDGE_CURVE('',#2389,#2565,#2567,.T.);
#2565 = VERTEX_POINT('',#2566);
#2566 = CARTESIAN_POINT('',(-1.45,-2.485,3.E-02));
#2567 = LINE('',#2568,#2569);
#2568 = CARTESIAN_POINT('',(-2.485,-2.485,3.E-02));
#2569 = VECTOR('',#2570,1.);
#2570 = DIRECTION('',(1.,1.110223024625E-16,0.));
#2571 = ORIENTED_EDGE('',*,*,#2572,.T.);
#2572 = EDGE_CURVE('',#2565,#2573,#2575,.T.);
#2573 = VERTEX_POINT('',#2574);
#2574 = CARTESIAN_POINT('',(-1.45,-2.485,0.1));
#2575 = LINE('',#2576,#2577);
#2576 = CARTESIAN_POINT('',(-1.45,-2.485,1.5E-02));
#2577 = VECTOR('',#2578,1.);
#2578 = DIRECTION('',(0.,0.,1.));
#2579 = ORIENTED_EDGE('',*,*,#2580,.F.);
#2580 = EDGE_CURVE('',#2581,#2573,#2583,.T.);
#2581 = VERTEX_POINT('',#2582);
#2582 = CARTESIAN_POINT('',(-1.15,-2.485,0.1));
#2583 = LINE('',#2584,#2585);
#2584 = CARTESIAN_POINT('',(-1.8925,-2.485,0.1));
#2585 = VECTOR('',#2586,1.);
#2586 = DIRECTION('',(-1.,-1.110223024625E-16,0.));
#2587 = ORIENTED_EDGE('',*,*,#2588,.T.);
#2588 = EDGE_CURVE('',#2581,#2589,#2591,.T.);
#2589 = VERTEX_POINT('',#2590);
#2590 = CARTESIAN_POINT('',(-1.15,-2.485,3.E-02));
#2591 = LINE('',#2592,#2593);
#2592 = CARTESIAN_POINT('',(-1.15,-2.485,1.5E-02));
#2593 = VECTOR('',#2594,1.);
#2594 = DIRECTION('',(0.,-0.,-1.));
#2595 = ORIENTED_EDGE('',*,*,#2596,.T.);
#2596 = EDGE_CURVE('',#2589,#2597,#2599,.T.);
#2597 = VERTEX_POINT('',#2598);
#2598 = CARTESIAN_POINT('',(-0.8,-2.485,3.E-02));
#2599 = LINE('',#2600,#2601);
#2600 = CARTESIAN_POINT('',(-2.485,-2.485,3.E-02));
#2601 = VECTOR('',#2602,1.);
#2602 = DIRECTION('',(1.,1.110223024625E-16,0.));
#2603 = ORIENTED_EDGE('',*,*,#2604,.T.);
#2604 = EDGE_CURVE('',#2597,#2605,#2607,.T.);
#2605 = VERTEX_POINT('',#2606);
#2606 = CARTESIAN_POINT('',(-0.8,-2.485,0.1));
#2607 = LINE('',#2608,#2609);
#2608 = CARTESIAN_POINT('',(-0.8,-2.485,1.5E-02));
#2609 = VECTOR('',#2610,1.);
#2610 = DIRECTION('',(0.,0.,1.));
#2611 = ORIENTED_EDGE('',*,*,#2612,.F.);
#2612 = EDGE_CURVE('',#2613,#2605,#2615,.T.);
#2613 = VERTEX_POINT('',#2614);
#2614 = CARTESIAN_POINT('',(-0.5,-2.485,0.1));
#2615 = LINE('',#2616,#2617);
#2616 = CARTESIAN_POINT('',(-1.5675,-2.485,0.1));
#2617 = VECTOR('',#2618,1.);
#2618 = DIRECTION('',(-1.,-1.110223024625E-16,0.));
#2619 = ORIENTED_EDGE('',*,*,#2620,.T.);
#2620 = EDGE_CURVE('',#2613,#2621,#2623,.T.);
#2621 = VERTEX_POINT('',#2622);
#2622 = CARTESIAN_POINT('',(-0.5,-2.485,3.E-02));
#2623 = LINE('',#2624,#2625);
#2624 = CARTESIAN_POINT('',(-0.5,-2.485,1.5E-02));
#2625 = VECTOR('',#2626,1.);
#2626 = DIRECTION('',(0.,-0.,-1.));
#2627 = ORIENTED_EDGE('',*,*,#2628,.T.);
#2628 = EDGE_CURVE('',#2621,#2629,#2631,.T.);
#2629 = VERTEX_POINT('',#2630);
#2630 = CARTESIAN_POINT('',(-0.15,-2.485,3.E-02));
#2631 = LINE('',#2632,#2633);
#2632 = CARTESIAN_POINT('',(-2.485,-2.485,3.E-02));
#2633 = VECTOR('',#2634,1.);
#2634 = DIRECTION('',(1.,1.110223024625E-16,0.));
#2635 = ORIENTED_EDGE('',*,*,#2636,.T.);
#2636 = EDGE_CURVE('',#2629,#2637,#2639,.T.);
#2637 = VERTEX_POINT('',#2638);
#2638 = CARTESIAN_POINT('',(-0.15,-2.485,0.1));
#2639 = LINE('',#2640,#2641);
#2640 = CARTESIAN_POINT('',(-0.15,-2.485,1.5E-02));
#2641 = VECTOR('',#2642,1.);
#2642 = DIRECTION('',(0.,0.,1.));
#2643 = ORIENTED_EDGE('',*,*,#2644,.F.);
#2644 = EDGE_CURVE('',#2645,#2637,#2647,.T.);
#2645 = VERTEX_POINT('',#2646);
#2646 = CARTESIAN_POINT('',(0.15,-2.485,0.1));
#2647 = LINE('',#2648,#2649);
#2648 = CARTESIAN_POINT('',(-1.2425,-2.485,0.1));
#2649 = VECTOR('',#2650,1.);
#2650 = DIRECTION('',(-1.,-1.110223024625E-16,0.));
#2651 = ORIENTED_EDGE('',*,*,#2652,.T.);
#2652 = EDGE_CURVE('',#2645,#2653,#2655,.T.);
#2653 = VERTEX_POINT('',#2654);
#2654 = CARTESIAN_POINT('',(0.15,-2.485,3.E-02));
#2655 = LINE('',#2656,#2657);
#2656 = CARTESIAN_POINT('',(0.15,-2.485,1.5E-02));
#2657 = VECTOR('',#2658,1.);
#2658 = DIRECTION('',(0.,-0.,-1.));
#2659 = ORIENTED_EDGE('',*,*,#2660,.T.);
#2660 = EDGE_CURVE('',#2653,#2661,#2663,.T.);
#2661 = VERTEX_POINT('',#2662);
#2662 = CARTESIAN_POINT('',(0.5,-2.485,3.E-02));
#2663 = LINE('',#2664,#2665);
#2664 = CARTESIAN_POINT('',(-2.485,-2.485,3.E-02));
#2665 = VECTOR('',#2666,1.);
#2666 = DIRECTION('',(1.,1.110223024625E-16,0.));
#2667 = ORIENTED_EDGE('',*,*,#2668,.T.);
#2668 = EDGE_CURVE('',#2661,#2669,#2671,.T.);
#2669 = VERTEX_POINT('',#2670);
#2670 = CARTESIAN_POINT('',(0.5,-2.485,0.1));
#2671 = LINE('',#2672,#2673);
#2672 = CARTESIAN_POINT('',(0.5,-2.485,1.5E-02));
#2673 = VECTOR('',#2674,1.);
#2674 = DIRECTION('',(0.,0.,1.));
#2675 = ORIENTED_EDGE('',*,*,#2676,.F.);
#2676 = EDGE_CURVE('',#2677,#2669,#2679,.T.);
#2677 = VERTEX_POINT('',#2678);
#2678 = CARTESIAN_POINT('',(0.8,-2.485,0.1));
#2679 = LINE('',#2680,#2681);
#2680 = CARTESIAN_POINT('',(-0.9175,-2.485,0.1));
#2681 = VECTOR('',#2682,1.);
#2682 = DIRECTION('',(-1.,-1.110223024625E-16,0.));
#2683 = ORIENTED_EDGE('',*,*,#2684,.T.);
#2684 = EDGE_CURVE('',#2677,#2685,#2687,.T.);
#2685 = VERTEX_POINT('',#2686);
#2686 = CARTESIAN_POINT('',(0.8,-2.485,3.E-02));
#2687 = LINE('',#2688,#2689);
#2688 = CARTESIAN_POINT('',(0.8,-2.485,1.5E-02));
#2689 = VECTOR('',#2690,1.);
#2690 = DIRECTION('',(0.,-0.,-1.));
#2691 = ORIENTED_EDGE('',*,*,#2692,.T.);
#2692 = EDGE_CURVE('',#2685,#2693,#2695,.T.);
#2693 = VERTEX_POINT('',#2694);
#2694 = CARTESIAN_POINT('',(1.15,-2.485,3.E-02));
#2695 = LINE('',#2696,#2697);
#2696 = CARTESIAN_POINT('',(-2.485,-2.485,3.E-02));
#2697 = VECTOR('',#2698,1.);
#2698 = DIRECTION('',(1.,1.110223024625E-16,0.));
#2699 = ORIENTED_EDGE('',*,*,#2700,.T.);
#2700 = EDGE_CURVE('',#2693,#2701,#2703,.T.);
#2701 = VERTEX_POINT('',#2702);
#2702 = CARTESIAN_POINT('',(1.15,-2.485,0.1));
#2703 = LINE('',#2704,#2705);
#2704 = CARTESIAN_POINT('',(1.15,-2.485,1.5E-02));
#2705 = VECTOR('',#2706,1.);
#2706 = DIRECTION('',(0.,0.,1.));
#2707 = ORIENTED_EDGE('',*,*,#2708,.F.);
#2708 = EDGE_CURVE('',#2709,#2701,#2711,.T.);
#2709 = VERTEX_POINT('',#2710);
#2710 = CARTESIAN_POINT('',(1.45,-2.485,0.1));
#2711 = LINE('',#2712,#2713);
#2712 = CARTESIAN_POINT('',(-0.5925,-2.485,0.1));
#2713 = VECTOR('',#2714,1.);
#2714 = DIRECTION('',(-1.,-1.110223024625E-16,0.));
#2715 = ORIENTED_EDGE('',*,*,#2716,.T.);
#2716 = EDGE_CURVE('',#2709,#2717,#2719,.T.);
#2717 = VERTEX_POINT('',#2718);
#2718 = CARTESIAN_POINT('',(1.45,-2.485,3.E-02));
#2719 = LINE('',#2720,#2721);
#2720 = CARTESIAN_POINT('',(1.45,-2.485,1.5E-02));
#2721 = VECTOR('',#2722,1.);
#2722 = DIRECTION('',(0.,-0.,-1.));
#2723 = ORIENTED_EDGE('',*,*,#2724,.T.);
#2724 = EDGE_CURVE('',#2717,#2205,#2725,.T.);
#2725 = LINE('',#2726,#2727);
#2726 = CARTESIAN_POINT('',(-2.485,-2.485,3.E-02));
#2727 = VECTOR('',#2728,1.);
#2728 = DIRECTION('',(1.,1.110223024625E-16,0.));
#2729 = ORIENTED_EDGE('',*,*,#2204,.T.);
#2730 = PLANE('',#2731);
#2731 = AXIS2_PLACEMENT_3D('',#2732,#2733,#2734);
#2732 = CARTESIAN_POINT('',(-2.485,-2.485,3.E-02));
#2733 = DIRECTION('',(1.110223024625E-16,-1.,0.));
#2734 = DIRECTION('',(0.,0.,1.));
#2735 = ADVANCED_FACE('',(#2736,#3202),#3244,.F.);
#2736 = FACE_BOUND('',#2737,.F.);
#2737 = EDGE_LOOP('',(#2738,#2739,#2740,#2748,#2756,#2762,#2763,#2771,
    #2779,#2785,#2786,#2794,#2802,#2808,#2809,#2817,#2825,#2831,#2832,
    #2840,#2848,#2854,#2855,#2856,#2864,#2872,#2878,#2879,#2887,#2895,
    #2901,#2902,#2910,#2918,#2924,#2925,#2933,#2941,#2947,#2948,#2956,
    #2964,#2970,#2971,#2972,#2980,#2988,#2994,#2995,#3003,#3011,#3017,
    #3018,#3026,#3034,#3040,#3041,#3049,#3057,#3063,#3064,#3072,#3080,
    #3086,#3087,#3088,#3096,#3104,#3110,#3111,#3119,#3127,#3133,#3134,
    #3142,#3150,#3156,#3157,#3165,#3173,#3179,#3180,#3188,#3196));
#2738 = ORIENTED_EDGE('',*,*,#2012,.F.);
#2739 = ORIENTED_EDGE('',*,*,#2378,.T.);
#2740 = ORIENTED_EDGE('',*,*,#2741,.T.);
#2741 = EDGE_CURVE('',#2379,#2742,#2744,.T.);
#2742 = VERTEX_POINT('',#2743);
#2743 = CARTESIAN_POINT('',(-2.3,1.45,3.E-02));
#2744 = LINE('',#2745,#2746);
#2745 = CARTESIAN_POINT('',(-2.3925,1.45,3.E-02));
#2746 = VECTOR('',#2747,1.);
#2747 = DIRECTION('',(1.,1.110223024625E-16,0.));
#2748 = ORIENTED_EDGE('',*,*,#2749,.T.);
#2749 = EDGE_CURVE('',#2742,#2750,#2752,.T.);
#2750 = VERTEX_POINT('',#2751);
#2751 = CARTESIAN_POINT('',(-2.3,1.15,3.E-02));
#2752 = LINE('',#2753,#2754);
#2753 = CARTESIAN_POINT('',(-2.3,1.8175,3.E-02));
#2754 = VECTOR('',#2755,1.);
#2755 = DIRECTION('',(1.110223024625E-16,-1.,0.));
#2756 = ORIENTED_EDGE('',*,*,#2757,.T.);
#2757 = EDGE_CURVE('',#2750,#2525,#2758,.T.);
#2758 = LINE('',#2759,#2760);
#2759 = CARTESIAN_POINT('',(-2.4925,1.15,3.E-02));
#2760 = VECTOR('',#2761,1.);
#2761 = DIRECTION('',(-1.,-1.110223024625E-16,0.));
#2762 = ORIENTED_EDGE('',*,*,#2524,.T.);
#2763 = ORIENTED_EDGE('',*,*,#2764,.T.);
#2764 = EDGE_CURVE('',#2517,#2765,#2767,.T.);
#2765 = VERTEX_POINT('',#2766);
#2766 = CARTESIAN_POINT('',(-2.3,0.8,3.E-02));
#2767 = LINE('',#2768,#2769);
#2768 = CARTESIAN_POINT('',(-2.3925,0.8,3.E-02));
#2769 = VECTOR('',#2770,1.);
#2770 = DIRECTION('',(1.,1.110223024625E-16,0.));
#2771 = ORIENTED_EDGE('',*,*,#2772,.T.);
#2772 = EDGE_CURVE('',#2765,#2773,#2775,.T.);
#2773 = VERTEX_POINT('',#2774);
#2774 = CARTESIAN_POINT('',(-2.3,0.5,3.E-02));
#2775 = LINE('',#2776,#2777);
#2776 = CARTESIAN_POINT('',(-2.3,1.4925,3.E-02));
#2777 = VECTOR('',#2778,1.);
#2778 = DIRECTION('',(1.110223024625E-16,-1.,0.));
#2779 = ORIENTED_EDGE('',*,*,#2780,.T.);
#2780 = EDGE_CURVE('',#2773,#2493,#2781,.T.);
#2781 = LINE('',#2782,#2783);
#2782 = CARTESIAN_POINT('',(-2.4925,0.5,3.E-02));
#2783 = VECTOR('',#2784,1.);
#2784 = DIRECTION('',(-1.,-1.110223024625E-16,0.));
#2785 = ORIENTED_EDGE('',*,*,#2492,.T.);
#2786 = ORIENTED_EDGE('',*,*,#2787,.T.);
#2787 = EDGE_CURVE('',#2485,#2788,#2790,.T.);
#2788 = VERTEX_POINT('',#2789);
#2789 = CARTESIAN_POINT('',(-2.3,0.15,3.E-02));
#2790 = LINE('',#2791,#2792);
#2791 = CARTESIAN_POINT('',(-2.3925,0.15,3.E-02));
#2792 = VECTOR('',#2793,1.);
#2793 = DIRECTION('',(1.,1.110223024625E-16,0.));
#2794 = ORIENTED_EDGE('',*,*,#2795,.T.);
#2795 = EDGE_CURVE('',#2788,#2796,#2798,.T.);
#2796 = VERTEX_POINT('',#2797);
#2797 = CARTESIAN_POINT('',(-2.3,-0.15,3.E-02));
#2798 = LINE('',#2799,#2800);
#2799 = CARTESIAN_POINT('',(-2.3,1.1675,3.E-02));
#2800 = VECTOR('',#2801,1.);
#2801 = DIRECTION('',(1.110223024625E-16,-1.,0.));
#2802 = ORIENTED_EDGE('',*,*,#2803,.T.);
#2803 = EDGE_CURVE('',#2796,#2461,#2804,.T.);
#2804 = LINE('',#2805,#2806);
#2805 = CARTESIAN_POINT('',(-2.4925,-0.15,3.E-02));
#2806 = VECTOR('',#2807,1.);
#2807 = DIRECTION('',(-1.,-1.110223024625E-16,0.));
#2808 = ORIENTED_EDGE('',*,*,#2460,.T.);
#2809 = ORIENTED_EDGE('',*,*,#2810,.T.);
#2810 = EDGE_CURVE('',#2453,#2811,#2813,.T.);
#2811 = VERTEX_POINT('',#2812);
#2812 = CARTESIAN_POINT('',(-2.3,-0.5,3.E-02));
#2813 = LINE('',#2814,#2815);
#2814 = CARTESIAN_POINT('',(-2.3925,-0.5,3.E-02));
#2815 = VECTOR('',#2816,1.);
#2816 = DIRECTION('',(1.,1.110223024625E-16,0.));
#2817 = ORIENTED_EDGE('',*,*,#2818,.T.);
#2818 = EDGE_CURVE('',#2811,#2819,#2821,.T.);
#2819 = VERTEX_POINT('',#2820);
#2820 = CARTESIAN_POINT('',(-2.3,-0.8,3.E-02));
#2821 = LINE('',#2822,#2823);
#2822 = CARTESIAN_POINT('',(-2.3,0.8425,3.E-02));
#2823 = VECTOR('',#2824,1.);
#2824 = DIRECTION('',(1.110223024625E-16,-1.,0.));
#2825 = ORIENTED_EDGE('',*,*,#2826,.T.);
#2826 = EDGE_CURVE('',#2819,#2429,#2827,.T.);
#2827 = LINE('',#2828,#2829);
#2828 = CARTESIAN_POINT('',(-2.4925,-0.8,3.E-02));
#2829 = VECTOR('',#2830,1.);
#2830 = DIRECTION('',(-1.,-1.110223024625E-16,0.));
#2831 = ORIENTED_EDGE('',*,*,#2428,.T.);
#2832 = ORIENTED_EDGE('',*,*,#2833,.T.);
#2833 = EDGE_CURVE('',#2421,#2834,#2836,.T.);
#2834 = VERTEX_POINT('',#2835);
#2835 = CARTESIAN_POINT('',(-2.3,-1.15,3.E-02));
#2836 = LINE('',#2837,#2838);
#2837 = CARTESIAN_POINT('',(-2.3925,-1.15,3.E-02));
#2838 = VECTOR('',#2839,1.);
#2839 = DIRECTION('',(1.,1.110223024625E-16,0.));
#2840 = ORIENTED_EDGE('',*,*,#2841,.T.);
#2841 = EDGE_CURVE('',#2834,#2842,#2844,.T.);
#2842 = VERTEX_POINT('',#2843);
#2843 = CARTESIAN_POINT('',(-2.3,-1.45,3.E-02));
#2844 = LINE('',#2845,#2846);
#2845 = CARTESIAN_POINT('',(-2.3,0.5175,3.E-02));
#2846 = VECTOR('',#2847,1.);
#2847 = DIRECTION('',(1.110223024625E-16,-1.,0.));
#2848 = ORIENTED_EDGE('',*,*,#2849,.T.);
#2849 = EDGE_CURVE('',#2842,#2397,#2850,.T.);
#2850 = LINE('',#2851,#2852);
#2851 = CARTESIAN_POINT('',(-2.4925,-1.45,3.E-02));
#2852 = VECTOR('',#2853,1.);
#2853 = DIRECTION('',(-1.,-1.110223024625E-16,0.));
#2854 = ORIENTED_EDGE('',*,*,#2396,.T.);
#2855 = ORIENTED_EDGE('',*,*,#2564,.T.);
#2856 = ORIENTED_EDGE('',*,*,#2857,.T.);
#2857 = EDGE_CURVE('',#2565,#2858,#2860,.T.);
#2858 = VERTEX_POINT('',#2859);
#2859 = CARTESIAN_POINT('',(-1.45,-2.3,3.E-02));
#2860 = LINE('',#2861,#2862);
#2861 = CARTESIAN_POINT('',(-1.45,9.25E-02,3.E-02));
#2862 = VECTOR('',#2863,1.);
#2863 = DIRECTION('',(-1.144237745222E-17,1.,0.));
#2864 = ORIENTED_EDGE('',*,*,#2865,.T.);
#2865 = EDGE_CURVE('',#2858,#2866,#2868,.T.);
#2866 = VERTEX_POINT('',#2867);
#2867 = CARTESIAN_POINT('',(-1.15,-2.3,3.E-02));
#2868 = LINE('',#2869,#2870);
#2869 = CARTESIAN_POINT('',(-1.8175,-2.3,3.E-02));
#2870 = VECTOR('',#2871,1.);
#2871 = DIRECTION('',(1.,1.144237745222E-17,0.));
#2872 = ORIENTED_EDGE('',*,*,#2873,.T.);
#2873 = EDGE_CURVE('',#2866,#2589,#2874,.T.);
#2874 = LINE('',#2875,#2876);
#2875 = CARTESIAN_POINT('',(-1.15,-7.5E-03,3.E-02));
#2876 = VECTOR('',#2877,1.);
#2877 = DIRECTION('',(1.144237745222E-17,-1.,0.));
#2878 = ORIENTED_EDGE('',*,*,#2596,.T.);
#2879 = ORIENTED_EDGE('',*,*,#2880,.T.);
#2880 = EDGE_CURVE('',#2597,#2881,#2883,.T.);
#2881 = VERTEX_POINT('',#2882);
#2882 = CARTESIAN_POINT('',(-0.8,-2.3,3.E-02));
#2883 = LINE('',#2884,#2885);
#2884 = CARTESIAN_POINT('',(-0.8,9.25E-02,3.E-02));
#2885 = VECTOR('',#2886,1.);
#2886 = DIRECTION('',(-1.144237745222E-17,1.,0.));
#2887 = ORIENTED_EDGE('',*,*,#2888,.T.);
#2888 = EDGE_CURVE('',#2881,#2889,#2891,.T.);
#2889 = VERTEX_POINT('',#2890);
#2890 = CARTESIAN_POINT('',(-0.5,-2.3,3.E-02));
#2891 = LINE('',#2892,#2893);
#2892 = CARTESIAN_POINT('',(-1.4925,-2.3,3.E-02));
#2893 = VECTOR('',#2894,1.);
#2894 = DIRECTION('',(1.,1.144237745222E-17,0.));
#2895 = ORIENTED_EDGE('',*,*,#2896,.T.);
#2896 = EDGE_CURVE('',#2889,#2621,#2897,.T.);
#2897 = LINE('',#2898,#2899);
#2898 = CARTESIAN_POINT('',(-0.5,-7.5E-03,3.E-02));
#2899 = VECTOR('',#2900,1.);
#2900 = DIRECTION('',(1.144237745222E-17,-1.,0.));
#2901 = ORIENTED_EDGE('',*,*,#2628,.T.);
#2902 = ORIENTED_EDGE('',*,*,#2903,.T.);
#2903 = EDGE_CURVE('',#2629,#2904,#2906,.T.);
#2904 = VERTEX_POINT('',#2905);
#2905 = CARTESIAN_POINT('',(-0.15,-2.3,3.E-02));
#2906 = LINE('',#2907,#2908);
#2907 = CARTESIAN_POINT('',(-0.15,9.25E-02,3.E-02));
#2908 = VECTOR('',#2909,1.);
#2909 = DIRECTION('',(-1.144237745222E-17,1.,0.));
#2910 = ORIENTED_EDGE('',*,*,#2911,.T.);
#2911 = EDGE_CURVE('',#2904,#2912,#2914,.T.);
#2912 = VERTEX_POINT('',#2913);
#2913 = CARTESIAN_POINT('',(0.15,-2.3,3.E-02));
#2914 = LINE('',#2915,#2916);
#2915 = CARTESIAN_POINT('',(-1.1675,-2.3,3.E-02));
#2916 = VECTOR('',#2917,1.);
#2917 = DIRECTION('',(1.,1.144237745222E-17,0.));
#2918 = ORIENTED_EDGE('',*,*,#2919,.T.);
#2919 = EDGE_CURVE('',#2912,#2653,#2920,.T.);
#2920 = LINE('',#2921,#2922);
#2921 = CARTESIAN_POINT('',(0.15,-7.5E-03,3.E-02));
#2922 = VECTOR('',#2923,1.);
#2923 = DIRECTION('',(1.144237745222E-17,-1.,0.));
#2924 = ORIENTED_EDGE('',*,*,#2660,.T.);
#2925 = ORIENTED_EDGE('',*,*,#2926,.T.);
#2926 = EDGE_CURVE('',#2661,#2927,#2929,.T.);
#2927 = VERTEX_POINT('',#2928);
#2928 = CARTESIAN_POINT('',(0.5,-2.3,3.E-02));
#2929 = LINE('',#2930,#2931);
#2930 = CARTESIAN_POINT('',(0.5,9.25E-02,3.E-02));
#2931 = VECTOR('',#2932,1.);
#2932 = DIRECTION('',(-1.144237745222E-17,1.,0.));
#2933 = ORIENTED_EDGE('',*,*,#2934,.T.);
#2934 = EDGE_CURVE('',#2927,#2935,#2937,.T.);
#2935 = VERTEX_POINT('',#2936);
#2936 = CARTESIAN_POINT('',(0.8,-2.3,3.E-02));
#2937 = LINE('',#2938,#2939);
#2938 = CARTESIAN_POINT('',(-0.8425,-2.3,3.E-02));
#2939 = VECTOR('',#2940,1.);
#2940 = DIRECTION('',(1.,1.144237745222E-17,0.));
#2941 = ORIENTED_EDGE('',*,*,#2942,.T.);
#2942 = EDGE_CURVE('',#2935,#2685,#2943,.T.);
#2943 = LINE('',#2944,#2945);
#2944 = CARTESIAN_POINT('',(0.8,-7.5E-03,3.E-02));
#2945 = VECTOR('',#2946,1.);
#2946 = DIRECTION('',(1.144237745222E-17,-1.,0.));
#2947 = ORIENTED_EDGE('',*,*,#2692,.T.);
#2948 = ORIENTED_EDGE('',*,*,#2949,.T.);
#2949 = EDGE_CURVE('',#2693,#2950,#2952,.T.);
#2950 = VERTEX_POINT('',#2951);
#2951 = CARTESIAN_POINT('',(1.15,-2.3,3.E-02));
#2952 = LINE('',#2953,#2954);
#2953 = CARTESIAN_POINT('',(1.15,9.25E-02,3.E-02));
#2954 = VECTOR('',#2955,1.);
#2955 = DIRECTION('',(-1.144237745222E-17,1.,0.));
#2956 = ORIENTED_EDGE('',*,*,#2957,.T.);
#2957 = EDGE_CURVE('',#2950,#2958,#2960,.T.);
#2958 = VERTEX_POINT('',#2959);
#2959 = CARTESIAN_POINT('',(1.45,-2.3,3.E-02));
#2960 = LINE('',#2961,#2962);
#2961 = CARTESIAN_POINT('',(-0.5175,-2.3,3.E-02));
#2962 = VECTOR('',#2963,1.);
#2963 = DIRECTION('',(1.,1.144237745222E-17,0.));
#2964 = ORIENTED_EDGE('',*,*,#2965,.T.);
#2965 = EDGE_CURVE('',#2958,#2717,#2966,.T.);
#2966 = LINE('',#2967,#2968);
#2967 = CARTESIAN_POINT('',(1.45,-7.5E-03,3.E-02));
#2968 = VECTOR('',#2969,1.);
#2969 = DIRECTION('',(1.144237745222E-17,-1.,0.));
#2970 = ORIENTED_EDGE('',*,*,#2724,.T.);
#2971 = ORIENTED_EDGE('',*,*,#2212,.F.);
#2972 = ORIENTED_EDGE('',*,*,#2973,.T.);
#2973 = EDGE_CURVE('',#2213,#2974,#2976,.T.);
#2974 = VERTEX_POINT('',#2975);
#2975 = CARTESIAN_POINT('',(2.3,-1.45,3.E-02));
#2976 = LINE('',#2977,#2978);
#2977 = CARTESIAN_POINT('',(-9.25E-02,-1.45,3.E-02));
#2978 = VECTOR('',#2979,1.);
#2979 = DIRECTION('',(-1.,-2.334869823773E-16,0.));
#2980 = ORIENTED_EDGE('',*,*,#2981,.T.);
#2981 = EDGE_CURVE('',#2974,#2982,#2984,.T.);
#2982 = VERTEX_POINT('',#2983);
#2983 = CARTESIAN_POINT('',(2.3,-1.15,3.E-02));
#2984 = LINE('',#2985,#2986);
#2985 = CARTESIAN_POINT('',(2.3,0.6675,3.E-02));
#2986 = VECTOR('',#2987,1.);
#2987 = DIRECTION('',(-2.334869823773E-16,1.,0.));
#2988 = ORIENTED_EDGE('',*,*,#2989,.T.);
#2989 = EDGE_CURVE('',#2982,#2237,#2990,.T.);
#2990 = LINE('',#2991,#2992);
#2991 = CARTESIAN_POINT('',(7.5E-03,-1.15,3.E-02));
#2992 = VECTOR('',#2993,1.);
#2993 = DIRECTION('',(1.,2.334869823773E-16,0.));
#2994 = ORIENTED_EDGE('',*,*,#2244,.F.);
#2995 = ORIENTED_EDGE('',*,*,#2996,.T.);
#2996 = EDGE_CURVE('',#2245,#2997,#2999,.T.);
#2997 = VERTEX_POINT('',#2998);
#2998 = CARTESIAN_POINT('',(2.3,-0.8,3.E-02));
#2999 = LINE('',#3000,#3001);
#3000 = CARTESIAN_POINT('',(-9.25E-02,-0.8,3.E-02));
#3001 = VECTOR('',#3002,1.);
#3002 = DIRECTION('',(-1.,-2.334869823773E-16,0.));
#3003 = ORIENTED_EDGE('',*,*,#3004,.T.);
#3004 = EDGE_CURVE('',#2997,#3005,#3007,.T.);
#3005 = VERTEX_POINT('',#3006);
#3006 = CARTESIAN_POINT('',(2.3,-0.5,3.E-02));
#3007 = LINE('',#3008,#3009);
#3008 = CARTESIAN_POINT('',(2.3,0.9925,3.E-02));
#3009 = VECTOR('',#3010,1.);
#3010 = DIRECTION('',(-2.334869823773E-16,1.,0.));
#3011 = ORIENTED_EDGE('',*,*,#3012,.T.);
#3012 = EDGE_CURVE('',#3005,#2269,#3013,.T.);
#3013 = LINE('',#3014,#3015);
#3014 = CARTESIAN_POINT('',(7.5E-03,-0.5,3.E-02));
#3015 = VECTOR('',#3016,1.);
#3016 = DIRECTION('',(1.,2.334869823773E-16,0.));
#3017 = ORIENTED_EDGE('',*,*,#2276,.F.);
#3018 = ORIENTED_EDGE('',*,*,#3019,.T.);
#3019 = EDGE_CURVE('',#2277,#3020,#3022,.T.);
#3020 = VERTEX_POINT('',#3021);
#3021 = CARTESIAN_POINT('',(2.3,-0.15,3.E-02));
#3022 = LINE('',#3023,#3024);
#3023 = CARTESIAN_POINT('',(-9.25E-02,-0.15,3.E-02));
#3024 = VECTOR('',#3025,1.);
#3025 = DIRECTION('',(-1.,-2.334869823773E-16,0.));
#3026 = ORIENTED_EDGE('',*,*,#3027,.T.);
#3027 = EDGE_CURVE('',#3020,#3028,#3030,.T.);
#3028 = VERTEX_POINT('',#3029);
#3029 = CARTESIAN_POINT('',(2.3,0.15,3.E-02));
#3030 = LINE('',#3031,#3032);
#3031 = CARTESIAN_POINT('',(2.3,1.3175,3.E-02));
#3032 = VECTOR('',#3033,1.);
#3033 = DIRECTION('',(-2.334869823773E-16,1.,0.));
#3034 = ORIENTED_EDGE('',*,*,#3035,.T.);
#3035 = EDGE_CURVE('',#3028,#2301,#3036,.T.);
#3036 = LINE('',#3037,#3038);
#3037 = CARTESIAN_POINT('',(7.5E-03,0.15,3.E-02));
#3038 = VECTOR('',#3039,1.);
#3039 = DIRECTION('',(1.,2.334869823773E-16,0.));
#3040 = ORIENTED_EDGE('',*,*,#2308,.F.);
#3041 = ORIENTED_EDGE('',*,*,#3042,.T.);
#3042 = EDGE_CURVE('',#2309,#3043,#3045,.T.);
#3043 = VERTEX_POINT('',#3044);
#3044 = CARTESIAN_POINT('',(2.3,0.5,3.E-02));
#3045 = LINE('',#3046,#3047);
#3046 = CARTESIAN_POINT('',(-9.25E-02,0.5,3.E-02));
#3047 = VECTOR('',#3048,1.);
#3048 = DIRECTION('',(-1.,-2.334869823773E-16,0.));
#3049 = ORIENTED_EDGE('',*,*,#3050,.T.);
#3050 = EDGE_CURVE('',#3043,#3051,#3053,.T.);
#3051 = VERTEX_POINT('',#3052);
#3052 = CARTESIAN_POINT('',(2.3,0.8,3.E-02));
#3053 = LINE('',#3054,#3055);
#3054 = CARTESIAN_POINT('',(2.3,1.6425,3.E-02));
#3055 = VECTOR('',#3056,1.);
#3056 = DIRECTION('',(-2.334869823773E-16,1.,0.));
#3057 = ORIENTED_EDGE('',*,*,#3058,.T.);
#3058 = EDGE_CURVE('',#3051,#2333,#3059,.T.);
#3059 = LINE('',#3060,#3061);
#3060 = CARTESIAN_POINT('',(7.5E-03,0.8,3.E-02));
#3061 = VECTOR('',#3062,1.);
#3062 = DIRECTION('',(1.,2.334869823773E-16,0.));
#3063 = ORIENTED_EDGE('',*,*,#2340,.F.);
#3064 = ORIENTED_EDGE('',*,*,#3065,.T.);
#3065 = EDGE_CURVE('',#2341,#3066,#3068,.T.);
#3066 = VERTEX_POINT('',#3067);
#3067 = CARTESIAN_POINT('',(2.3,1.15,3.E-02));
#3068 = LINE('',#3069,#3070);
#3069 = CARTESIAN_POINT('',(-9.25E-02,1.15,3.E-02));
#3070 = VECTOR('',#3071,1.);
#3071 = DIRECTION('',(-1.,-2.334869823773E-16,0.));
#3072 = ORIENTED_EDGE('',*,*,#3073,.T.);
#3073 = EDGE_CURVE('',#3066,#3074,#3076,.T.);
#3074 = VERTEX_POINT('',#3075);
#3075 = CARTESIAN_POINT('',(2.3,1.45,3.E-02));
#3076 = LINE('',#3077,#3078);
#3077 = CARTESIAN_POINT('',(2.3,1.9675,3.E-02));
#3078 = VECTOR('',#3079,1.);
#3079 = DIRECTION('',(-2.334869823773E-16,1.,0.));
#3080 = ORIENTED_EDGE('',*,*,#3081,.T.);
#3081 = EDGE_CURVE('',#3074,#2195,#3082,.T.);
#3082 = LINE('',#3083,#3084);
#3083 = CARTESIAN_POINT('',(7.5E-03,1.45,3.E-02));
#3084 = VECTOR('',#3085,1.);
#3085 = DIRECTION('',(1.,2.334869823773E-16,0.));
#3086 = ORIENTED_EDGE('',*,*,#2194,.F.);
#3087 = ORIENTED_EDGE('',*,*,#2172,.F.);
#3088 = ORIENTED_EDGE('',*,*,#3089,.T.);
#3089 = EDGE_CURVE('',#2165,#3090,#3092,.T.);
#3090 = VERTEX_POINT('',#3091);
#3091 = CARTESIAN_POINT('',(1.45,2.3,3.E-02));
#3092 = LINE('',#3093,#3094);
#3093 = CARTESIAN_POINT('',(1.45,2.3925,3.E-02));
#3094 = VECTOR('',#3095,1.);
#3095 = DIRECTION('',(1.224646799147E-16,-1.,0.));
#3096 = ORIENTED_EDGE('',*,*,#3097,.T.);
#3097 = EDGE_CURVE('',#3090,#3098,#3100,.T.);
#3098 = VERTEX_POINT('',#3099);
#3099 = CARTESIAN_POINT('',(1.15,2.3,3.E-02));
#3100 = LINE('',#3101,#3102);
#3101 = CARTESIAN_POINT('',(-0.6675,2.3,3.E-02));
#3102 = VECTOR('',#3103,1.);
#3103 = DIRECTION('',(-1.,-1.224646799147E-16,0.));
#3104 = ORIENTED_EDGE('',*,*,#3105,.T.);
#3105 = EDGE_CURVE('',#3098,#2141,#3106,.T.);
#3106 = LINE('',#3107,#3108);
#3107 = CARTESIAN_POINT('',(1.15,2.4925,3.E-02));
#3108 = VECTOR('',#3109,1.);
#3109 = DIRECTION('',(-1.224646799147E-16,1.,0.));
#3110 = ORIENTED_EDGE('',*,*,#2140,.F.);
#3111 = ORIENTED_EDGE('',*,*,#3112,.T.);
#3112 = EDGE_CURVE('',#2133,#3113,#3115,.T.);
#3113 = VERTEX_POINT('',#3114);
#3114 = CARTESIAN_POINT('',(0.8,2.3,3.E-02));
#3115 = LINE('',#3116,#3117);
#3116 = CARTESIAN_POINT('',(0.8,2.3925,3.E-02));
#3117 = VECTOR('',#3118,1.);
#3118 = DIRECTION('',(1.224646799147E-16,-1.,0.));
#3119 = ORIENTED_EDGE('',*,*,#3120,.T.);
#3120 = EDGE_CURVE('',#3113,#3121,#3123,.T.);
#3121 = VERTEX_POINT('',#3122);
#3122 = CARTESIAN_POINT('',(0.5,2.3,3.E-02));
#3123 = LINE('',#3124,#3125);
#3124 = CARTESIAN_POINT('',(-0.9925,2.3,3.E-02));
#3125 = VECTOR('',#3126,1.);
#3126 = DIRECTION('',(-1.,-1.224646799147E-16,0.));
#3127 = ORIENTED_EDGE('',*,*,#3128,.T.);
#3128 = EDGE_CURVE('',#3121,#2109,#3129,.T.);
#3129 = LINE('',#3130,#3131);
#3130 = CARTESIAN_POINT('',(0.5,2.4925,3.E-02));
#3131 = VECTOR('',#3132,1.);
#3132 = DIRECTION('',(-1.224646799147E-16,1.,0.));
#3133 = ORIENTED_EDGE('',*,*,#2108,.F.);
#3134 = ORIENTED_EDGE('',*,*,#3135,.T.);
#3135 = EDGE_CURVE('',#2101,#3136,#3138,.T.);
#3136 = VERTEX_POINT('',#3137);
#3137 = CARTESIAN_POINT('',(0.15,2.3,3.E-02));
#3138 = LINE('',#3139,#3140);
#3139 = CARTESIAN_POINT('',(0.15,2.3925,3.E-02));
#3140 = VECTOR('',#3141,1.);
#3141 = DIRECTION('',(1.224646799147E-16,-1.,0.));
#3142 = ORIENTED_EDGE('',*,*,#3143,.T.);
#3143 = EDGE_CURVE('',#3136,#3144,#3146,.T.);
#3144 = VERTEX_POINT('',#3145);
#3145 = CARTESIAN_POINT('',(-0.15,2.3,3.E-02));
#3146 = LINE('',#3147,#3148);
#3147 = CARTESIAN_POINT('',(-1.3175,2.3,3.E-02));
#3148 = VECTOR('',#3149,1.);
#3149 = DIRECTION('',(-1.,-1.224646799147E-16,0.));
#3150 = ORIENTED_EDGE('',*,*,#3151,.T.);
#3151 = EDGE_CURVE('',#3144,#2077,#3152,.T.);
#3152 = LINE('',#3153,#3154);
#3153 = CARTESIAN_POINT('',(-0.15,2.4925,3.E-02));
#3154 = VECTOR('',#3155,1.);
#3155 = DIRECTION('',(-1.224646799147E-16,1.,0.));
#3156 = ORIENTED_EDGE('',*,*,#2076,.F.);
#3157 = ORIENTED_EDGE('',*,*,#3158,.T.);
#3158 = EDGE_CURVE('',#2069,#3159,#3161,.T.);
#3159 = VERTEX_POINT('',#3160);
#3160 = CARTESIAN_POINT('',(-0.5,2.3,3.E-02));
#3161 = LINE('',#3162,#3163);
#3162 = CARTESIAN_POINT('',(-0.5,2.3925,3.E-02));
#3163 = VECTOR('',#3164,1.);
#3164 = DIRECTION('',(1.224646799147E-16,-1.,0.));
#3165 = ORIENTED_EDGE('',*,*,#3166,.T.);
#3166 = EDGE_CURVE('',#3159,#3167,#3169,.T.);
#3167 = VERTEX_POINT('',#3168);
#3168 = CARTESIAN_POINT('',(-0.8,2.3,3.E-02));
#3169 = LINE('',#3170,#3171);
#3170 = CARTESIAN_POINT('',(-1.6425,2.3,3.E-02));
#3171 = VECTOR('',#3172,1.);
#3172 = DIRECTION('',(-1.,-1.224646799147E-16,0.));
#3173 = ORIENTED_EDGE('',*,*,#3174,.T.);
#3174 = EDGE_CURVE('',#3167,#2045,#3175,.T.);
#3175 = LINE('',#3176,#3177);
#3176 = CARTESIAN_POINT('',(-0.8,2.4925,3.E-02));
#3177 = VECTOR('',#3178,1.);
#3178 = DIRECTION('',(-1.224646799147E-16,1.,0.));
#3179 = ORIENTED_EDGE('',*,*,#2044,.F.);
#3180 = ORIENTED_EDGE('',*,*,#3181,.T.);
#3181 = EDGE_CURVE('',#2037,#3182,#3184,.T.);
#3182 = VERTEX_POINT('',#3183);
#3183 = CARTESIAN_POINT('',(-1.15,2.3,3.E-02));
#3184 = LINE('',#3185,#3186);
#3185 = CARTESIAN_POINT('',(-1.15,2.3925,3.E-02));
#3186 = VECTOR('',#3187,1.);
#3187 = DIRECTION('',(1.224646799147E-16,-1.,0.));
#3188 = ORIENTED_EDGE('',*,*,#3189,.T.);
#3189 = EDGE_CURVE('',#3182,#3190,#3192,.T.);
#3190 = VERTEX_POINT('',#3191);
#3191 = CARTESIAN_POINT('',(-1.45,2.3,3.E-02));
#3192 = LINE('',#3193,#3194);
#3193 = CARTESIAN_POINT('',(-1.9675,2.3,3.E-02));
#3194 = VECTOR('',#3195,1.);
#3195 = DIRECTION('',(-1.,-1.224646799147E-16,0.));
#3196 = ORIENTED_EDGE('',*,*,#3197,.T.);
#3197 = EDGE_CURVE('',#3190,#2013,#3198,.T.);
#3198 = LINE('',#3199,#3200);
#3199 = CARTESIAN_POINT('',(-1.45,2.4925,3.E-02));
#3200 = VECTOR('',#3201,1.);
#3201 = DIRECTION('',(-1.224646799147E-16,1.,0.));
#3202 = FACE_BOUND('',#3203,.F.);
#3203 = EDGE_LOOP('',(#3204,#3214,#3222,#3230,#3238));
#3204 = ORIENTED_EDGE('',*,*,#3205,.T.);
#3205 = EDGE_CURVE('',#3206,#3208,#3210,.T.);
#3206 = VERTEX_POINT('',#3207);
#3207 = CARTESIAN_POINT('',(1.575,-1.575,3.E-02));
#3208 = VERTEX_POINT('',#3209);
#3209 = CARTESIAN_POINT('',(-1.575,-1.575,3.E-02));
#3210 = LINE('',#3211,#3212);
#3211 = CARTESIAN_POINT('',(-2.03,-1.575,3.E-02));
#3212 = VECTOR('',#3213,1.);
#3213 = DIRECTION('',(-1.,-1.110223024625E-16,0.));
#3214 = ORIENTED_EDGE('',*,*,#3215,.T.);
#3215 = EDGE_CURVE('',#3208,#3216,#3218,.T.);
#3216 = VERTEX_POINT('',#3217);
#3217 = CARTESIAN_POINT('',(-1.575,1.325,3.E-02));
#3218 = LINE('',#3219,#3220);
#3219 = CARTESIAN_POINT('',(-1.575,1.905,3.E-02));
#3220 = VECTOR('',#3221,1.);
#3221 = DIRECTION('',(-1.110223024625E-16,1.,0.));
#3222 = ORIENTED_EDGE('',*,*,#3223,.T.);
#3223 = EDGE_CURVE('',#3216,#3224,#3226,.T.);
#3224 = VERTEX_POINT('',#3225);
#3225 = CARTESIAN_POINT('',(-1.325,1.575,3.E-02));
#3226 = LINE('',#3227,#3228);
#3227 = CARTESIAN_POINT('',(-1.3875,1.5125,3.E-02));
#3228 = VECTOR('',#3229,1.);
#3229 = DIRECTION('',(0.707106781187,0.707106781187,0.));
#3230 = ORIENTED_EDGE('',*,*,#3231,.T.);
#3231 = EDGE_CURVE('',#3224,#3232,#3234,.T.);
#3232 = VERTEX_POINT('',#3233);
#3233 = CARTESIAN_POINT('',(1.575,1.575,3.E-02));
#3234 = LINE('',#3235,#3236);
#3235 = CARTESIAN_POINT('',(-0.455,1.575,3.E-02));
#3236 = VECTOR('',#3237,1.);
#3237 = DIRECTION('',(1.,1.110223024625E-16,0.));
#3238 = ORIENTED_EDGE('',*,*,#3239,.T.);
#3239 = EDGE_CURVE('',#3232,#3206,#3240,.T.);
#3240 = LINE('',#3241,#3242);
#3241 = CARTESIAN_POINT('',(1.575,0.455,3.E-02));
#3242 = VECTOR('',#3243,1.);
#3243 = DIRECTION('',(1.110223024625E-16,-1.,0.));
#3244 = PLANE('',#3245);
#3245 = AXIS2_PLACEMENT_3D('',#3246,#3247,#3248);
#3246 = CARTESIAN_POINT('',(-2.485,2.485,3.E-02));
#3247 = DIRECTION('',(0.,0.,1.));
#3248 = DIRECTION('',(1.110223024625E-16,-1.,0.));
#3249 = ADVANCED_FACE('',(#3250),#3284,.F.);
#3250 = FACE_BOUND('',#3251,.F.);
#3251 = EDGE_LOOP('',(#3252,#3262,#3268,#3269,#3270,#3278));
#3252 = ORIENTED_EDGE('',*,*,#3253,.F.);
#3253 = EDGE_CURVE('',#3254,#3256,#3258,.T.);
#3254 = VERTEX_POINT('',#3255);
#3255 = CARTESIAN_POINT('',(1.45,2.3,0.));
#3256 = VERTEX_POINT('',#3257);
#3257 = CARTESIAN_POINT('',(1.45,2.5,0.));
#3258 = LINE('',#3259,#3260);
#3259 = CARTESIAN_POINT('',(1.45,2.3,0.));
#3260 = VECTOR('',#3261,1.);
#3261 = DIRECTION('',(-1.224646799147E-16,1.,0.));
#3262 = ORIENTED_EDGE('',*,*,#3263,.T.);
#3263 = EDGE_CURVE('',#3254,#3090,#3264,.T.);
#3264 = LINE('',#3265,#3266);
#3265 = CARTESIAN_POINT('',(1.45,2.3,0.));
#3266 = VECTOR('',#3267,1.);
#3267 = DIRECTION('',(0.,0.,1.));
#3268 = ORIENTED_EDGE('',*,*,#3089,.F.);
#3269 = ORIENTED_EDGE('',*,*,#2164,.F.);
#3270 = ORIENTED_EDGE('',*,*,#3271,.T.);
#3271 = EDGE_CURVE('',#2157,#3272,#3274,.T.);
#3272 = VERTEX_POINT('',#3273);
#3273 = CARTESIAN_POINT('',(1.45,2.5,0.1));
#3274 = LINE('',#3275,#3276);
#3275 = CARTESIAN_POINT('',(1.45,2.3,0.1));
#3276 = VECTOR('',#3277,1.);
#3277 = DIRECTION('',(-1.224646799147E-16,1.,0.));
#3278 = ORIENTED_EDGE('',*,*,#3279,.F.);
#3279 = EDGE_CURVE('',#3256,#3272,#3280,.T.);
#3280 = LINE('',#3281,#3282);
#3281 = CARTESIAN_POINT('',(1.45,2.5,0.));
#3282 = VECTOR('',#3283,1.);
#3283 = DIRECTION('',(0.,0.,1.));
#3284 = PLANE('',#3285);
#3285 = AXIS2_PLACEMENT_3D('',#3286,#3287,#3288);
#3286 = CARTESIAN_POINT('',(1.45,2.3,0.));
#3287 = DIRECTION('',(-1.,-1.224646799147E-16,0.));
#3288 = DIRECTION('',(-1.224646799147E-16,1.,0.));
#3289 = ADVANCED_FACE('',(#3290),#3308,.T.);
#3290 = FACE_BOUND('',#3291,.T.);
#3291 = EDGE_LOOP('',(#3292,#3300,#3306,#3307));
#3292 = ORIENTED_EDGE('',*,*,#3293,.T.);
#3293 = EDGE_CURVE('',#3272,#3294,#3296,.T.);
#3294 = VERTEX_POINT('',#3295);
#3295 = CARTESIAN_POINT('',(1.15,2.5,0.1));
#3296 = LINE('',#3297,#3298);
#3297 = CARTESIAN_POINT('',(1.45,2.5,0.1));
#3298 = VECTOR('',#3299,1.);
#3299 = DIRECTION('',(-1.,-1.224646799147E-16,0.));
#3300 = ORIENTED_EDGE('',*,*,#3301,.T.);
#3301 = EDGE_CURVE('',#3294,#2149,#3302,.T.);
#3302 = LINE('',#3303,#3304);
#3303 = CARTESIAN_POINT('',(1.15,2.5,0.1));
#3304 = VECTOR('',#3305,1.);
#3305 = DIRECTION('',(1.224646799147E-16,-1.,0.));
#3306 = ORIENTED_EDGE('',*,*,#2156,.F.);
#3307 = ORIENTED_EDGE('',*,*,#3271,.T.);
#3308 = PLANE('',#3309);
#3309 = AXIS2_PLACEMENT_3D('',#3310,#3311,#3312);
#3310 = CARTESIAN_POINT('',(1.3,2.4,0.1));
#3311 = DIRECTION('',(0.,0.,1.));
#3312 = DIRECTION('',(-1.,-1.224646799147E-16,0.));
#3313 = ADVANCED_FACE('',(#3314),#3341,.F.);
#3314 = FACE_BOUND('',#3315,.F.);
#3315 = EDGE_LOOP('',(#3316,#3326,#3332,#3333,#3334,#3335));
#3316 = ORIENTED_EDGE('',*,*,#3317,.F.);
#3317 = EDGE_CURVE('',#3318,#3320,#3322,.T.);
#3318 = VERTEX_POINT('',#3319);
#3319 = CARTESIAN_POINT('',(1.15,2.5,0.));
#3320 = VERTEX_POINT('',#3321);
#3321 = CARTESIAN_POINT('',(1.15,2.3,0.));
#3322 = LINE('',#3323,#3324);
#3323 = CARTESIAN_POINT('',(1.15,2.5,0.));
#3324 = VECTOR('',#3325,1.);
#3325 = DIRECTION('',(1.224646799147E-16,-1.,0.));
#3326 = ORIENTED_EDGE('',*,*,#3327,.T.);
#3327 = EDGE_CURVE('',#3318,#3294,#3328,.T.);
#3328 = LINE('',#3329,#3330);
#3329 = CARTESIAN_POINT('',(1.15,2.5,0.));
#3330 = VECTOR('',#3331,1.);
#3331 = DIRECTION('',(0.,0.,1.));
#3332 = ORIENTED_EDGE('',*,*,#3301,.T.);
#3333 = ORIENTED_EDGE('',*,*,#2148,.F.);
#3334 = ORIENTED_EDGE('',*,*,#3105,.F.);
#3335 = ORIENTED_EDGE('',*,*,#3336,.F.);
#3336 = EDGE_CURVE('',#3320,#3098,#3337,.T.);
#3337 = LINE('',#3338,#3339);
#3338 = CARTESIAN_POINT('',(1.15,2.3,0.));
#3339 = VECTOR('',#3340,1.);
#3340 = DIRECTION('',(0.,0.,1.));
#3341 = PLANE('',#3342);
#3342 = AXIS2_PLACEMENT_3D('',#3343,#3344,#3345);
#3343 = CARTESIAN_POINT('',(1.15,2.5,0.));
#3344 = DIRECTION('',(1.,1.224646799147E-16,0.));
#3345 = DIRECTION('',(1.224646799147E-16,-1.,0.));
#3346 = ADVANCED_FACE('',(#3347),#3381,.F.);
#3347 = FACE_BOUND('',#3348,.F.);
#3348 = EDGE_LOOP('',(#3349,#3359,#3365,#3366,#3367,#3375));
#3349 = ORIENTED_EDGE('',*,*,#3350,.F.);
#3350 = EDGE_CURVE('',#3351,#3353,#3355,.T.);
#3351 = VERTEX_POINT('',#3352);
#3352 = CARTESIAN_POINT('',(0.8,2.3,0.));
#3353 = VERTEX_POINT('',#3354);
#3354 = CARTESIAN_POINT('',(0.8,2.5,0.));
#3355 = LINE('',#3356,#3357);
#3356 = CARTESIAN_POINT('',(0.8,2.3,0.));
#3357 = VECTOR('',#3358,1.);
#3358 = DIRECTION('',(-1.224646799147E-16,1.,0.));
#3359 = ORIENTED_EDGE('',*,*,#3360,.T.);
#3360 = EDGE_CURVE('',#3351,#3113,#3361,.T.);
#3361 = LINE('',#3362,#3363);
#3362 = CARTESIAN_POINT('',(0.8,2.3,0.));
#3363 = VECTOR('',#3364,1.);
#3364 = DIRECTION('',(0.,0.,1.));
#3365 = ORIENTED_EDGE('',*,*,#3112,.F.);
#3366 = ORIENTED_EDGE('',*,*,#2132,.F.);
#3367 = ORIENTED_EDGE('',*,*,#3368,.T.);
#3368 = EDGE_CURVE('',#2125,#3369,#3371,.T.);
#3369 = VERTEX_POINT('',#3370);
#3370 = CARTESIAN_POINT('',(0.8,2.5,0.1));
#3371 = LINE('',#3372,#3373);
#3372 = CARTESIAN_POINT('',(0.8,2.3,0.1));
#3373 = VECTOR('',#3374,1.);
#3374 = DIRECTION('',(-1.224646799147E-16,1.,0.));
#3375 = ORIENTED_EDGE('',*,*,#3376,.F.);
#3376 = EDGE_CURVE('',#3353,#3369,#3377,.T.);
#3377 = LINE('',#3378,#3379);
#3378 = CARTESIAN_POINT('',(0.8,2.5,0.));
#3379 = VECTOR('',#3380,1.);
#3380 = DIRECTION('',(0.,0.,1.));
#3381 = PLANE('',#3382);
#3382 = AXIS2_PLACEMENT_3D('',#3383,#3384,#3385);
#3383 = CARTESIAN_POINT('',(0.8,2.3,0.));
#3384 = DIRECTION('',(-1.,-1.224646799147E-16,0.));
#3385 = DIRECTION('',(-1.224646799147E-16,1.,0.));
#3386 = ADVANCED_FACE('',(#3387),#3405,.T.);
#3387 = FACE_BOUND('',#3388,.T.);
#3388 = EDGE_LOOP('',(#3389,#3397,#3403,#3404));
#3389 = ORIENTED_EDGE('',*,*,#3390,.T.);
#3390 = EDGE_CURVE('',#3369,#3391,#3393,.T.);
#3391 = VERTEX_POINT('',#3392);
#3392 = CARTESIAN_POINT('',(0.5,2.5,0.1));
#3393 = LINE('',#3394,#3395);
#3394 = CARTESIAN_POINT('',(0.8,2.5,0.1));
#3395 = VECTOR('',#3396,1.);
#3396 = DIRECTION('',(-1.,-1.224646799147E-16,0.));
#3397 = ORIENTED_EDGE('',*,*,#3398,.T.);
#3398 = EDGE_CURVE('',#3391,#2117,#3399,.T.);
#3399 = LINE('',#3400,#3401);
#3400 = CARTESIAN_POINT('',(0.5,2.5,0.1));
#3401 = VECTOR('',#3402,1.);
#3402 = DIRECTION('',(1.224646799147E-16,-1.,0.));
#3403 = ORIENTED_EDGE('',*,*,#2124,.F.);
#3404 = ORIENTED_EDGE('',*,*,#3368,.T.);
#3405 = PLANE('',#3406);
#3406 = AXIS2_PLACEMENT_3D('',#3407,#3408,#3409);
#3407 = CARTESIAN_POINT('',(0.65,2.4,0.1));
#3408 = DIRECTION('',(0.,0.,1.));
#3409 = DIRECTION('',(-1.,-1.224646799147E-16,0.));
#3410 = ADVANCED_FACE('',(#3411),#3438,.F.);
#3411 = FACE_BOUND('',#3412,.F.);
#3412 = EDGE_LOOP('',(#3413,#3423,#3429,#3430,#3431,#3432));
#3413 = ORIENTED_EDGE('',*,*,#3414,.F.);
#3414 = EDGE_CURVE('',#3415,#3417,#3419,.T.);
#3415 = VERTEX_POINT('',#3416);
#3416 = CARTESIAN_POINT('',(0.5,2.5,0.));
#3417 = VERTEX_POINT('',#3418);
#3418 = CARTESIAN_POINT('',(0.5,2.3,0.));
#3419 = LINE('',#3420,#3421);
#3420 = CARTESIAN_POINT('',(0.5,2.5,0.));
#3421 = VECTOR('',#3422,1.);
#3422 = DIRECTION('',(1.224646799147E-16,-1.,0.));
#3423 = ORIENTED_EDGE('',*,*,#3424,.T.);
#3424 = EDGE_CURVE('',#3415,#3391,#3425,.T.);
#3425 = LINE('',#3426,#3427);
#3426 = CARTESIAN_POINT('',(0.5,2.5,0.));
#3427 = VECTOR('',#3428,1.);
#3428 = DIRECTION('',(0.,0.,1.));
#3429 = ORIENTED_EDGE('',*,*,#3398,.T.);
#3430 = ORIENTED_EDGE('',*,*,#2116,.F.);
#3431 = ORIENTED_EDGE('',*,*,#3128,.F.);
#3432 = ORIENTED_EDGE('',*,*,#3433,.F.);
#3433 = EDGE_CURVE('',#3417,#3121,#3434,.T.);
#3434 = LINE('',#3435,#3436);
#3435 = CARTESIAN_POINT('',(0.5,2.3,0.));
#3436 = VECTOR('',#3437,1.);
#3437 = DIRECTION('',(0.,0.,1.));
#3438 = PLANE('',#3439);
#3439 = AXIS2_PLACEMENT_3D('',#3440,#3441,#3442);
#3440 = CARTESIAN_POINT('',(0.5,2.5,0.));
#3441 = DIRECTION('',(1.,1.224646799147E-16,0.));
#3442 = DIRECTION('',(1.224646799147E-16,-1.,0.));
#3443 = ADVANCED_FACE('',(#3444),#3478,.F.);
#3444 = FACE_BOUND('',#3445,.F.);
#3445 = EDGE_LOOP('',(#3446,#3456,#3462,#3463,#3464,#3472));
#3446 = ORIENTED_EDGE('',*,*,#3447,.F.);
#3447 = EDGE_CURVE('',#3448,#3450,#3452,.T.);
#3448 = VERTEX_POINT('',#3449);
#3449 = CARTESIAN_POINT('',(0.15,2.3,0.));
#3450 = VERTEX_POINT('',#3451);
#3451 = CARTESIAN_POINT('',(0.15,2.5,0.));
#3452 = LINE('',#3453,#3454);
#3453 = CARTESIAN_POINT('',(0.15,2.3,0.));
#3454 = VECTOR('',#3455,1.);
#3455 = DIRECTION('',(-1.224646799147E-16,1.,0.));
#3456 = ORIENTED_EDGE('',*,*,#3457,.T.);
#3457 = EDGE_CURVE('',#3448,#3136,#3458,.T.);
#3458 = LINE('',#3459,#3460);
#3459 = CARTESIAN_POINT('',(0.15,2.3,0.));
#3460 = VECTOR('',#3461,1.);
#3461 = DIRECTION('',(0.,0.,1.));
#3462 = ORIENTED_EDGE('',*,*,#3135,.F.);
#3463 = ORIENTED_EDGE('',*,*,#2100,.F.);
#3464 = ORIENTED_EDGE('',*,*,#3465,.T.);
#3465 = EDGE_CURVE('',#2093,#3466,#3468,.T.);
#3466 = VERTEX_POINT('',#3467);
#3467 = CARTESIAN_POINT('',(0.15,2.5,0.1));
#3468 = LINE('',#3469,#3470);
#3469 = CARTESIAN_POINT('',(0.15,2.3,0.1));
#3470 = VECTOR('',#3471,1.);
#3471 = DIRECTION('',(-1.224646799147E-16,1.,0.));
#3472 = ORIENTED_EDGE('',*,*,#3473,.F.);
#3473 = EDGE_CURVE('',#3450,#3466,#3474,.T.);
#3474 = LINE('',#3475,#3476);
#3475 = CARTESIAN_POINT('',(0.15,2.5,0.));
#3476 = VECTOR('',#3477,1.);
#3477 = DIRECTION('',(0.,0.,1.));
#3478 = PLANE('',#3479);
#3479 = AXIS2_PLACEMENT_3D('',#3480,#3481,#3482);
#3480 = CARTESIAN_POINT('',(0.15,2.3,0.));
#3481 = DIRECTION('',(-1.,-1.224646799147E-16,0.));
#3482 = DIRECTION('',(-1.224646799147E-16,1.,0.));
#3483 = ADVANCED_FACE('',(#3484),#3502,.T.);
#3484 = FACE_BOUND('',#3485,.T.);
#3485 = EDGE_LOOP('',(#3486,#3494,#3500,#3501));
#3486 = ORIENTED_EDGE('',*,*,#3487,.T.);
#3487 = EDGE_CURVE('',#3466,#3488,#3490,.T.);
#3488 = VERTEX_POINT('',#3489);
#3489 = CARTESIAN_POINT('',(-0.15,2.5,0.1));
#3490 = LINE('',#3491,#3492);
#3491 = CARTESIAN_POINT('',(0.15,2.5,0.1));
#3492 = VECTOR('',#3493,1.);
#3493 = DIRECTION('',(-1.,-1.224646799147E-16,0.));
#3494 = ORIENTED_EDGE('',*,*,#3495,.T.);
#3495 = EDGE_CURVE('',#3488,#2085,#3496,.T.);
#3496 = LINE('',#3497,#3498);
#3497 = CARTESIAN_POINT('',(-0.15,2.5,0.1));
#3498 = VECTOR('',#3499,1.);
#3499 = DIRECTION('',(1.224646799147E-16,-1.,0.));
#3500 = ORIENTED_EDGE('',*,*,#2092,.F.);
#3501 = ORIENTED_EDGE('',*,*,#3465,.T.);
#3502 = PLANE('',#3503);
#3503 = AXIS2_PLACEMENT_3D('',#3504,#3505,#3506);
#3504 = CARTESIAN_POINT('',(-2.939152317954E-16,2.4,0.1));
#3505 = DIRECTION('',(0.,0.,1.));
#3506 = DIRECTION('',(-1.,-1.224646799147E-16,0.));
#3507 = ADVANCED_FACE('',(#3508),#3535,.F.);
#3508 = FACE_BOUND('',#3509,.F.);
#3509 = EDGE_LOOP('',(#3510,#3520,#3526,#3527,#3528,#3529));
#3510 = ORIENTED_EDGE('',*,*,#3511,.F.);
#3511 = EDGE_CURVE('',#3512,#3514,#3516,.T.);
#3512 = VERTEX_POINT('',#3513);
#3513 = CARTESIAN_POINT('',(-0.15,2.5,0.));
#3514 = VERTEX_POINT('',#3515);
#3515 = CARTESIAN_POINT('',(-0.15,2.3,0.));
#3516 = LINE('',#3517,#3518);
#3517 = CARTESIAN_POINT('',(-0.15,2.5,0.));
#3518 = VECTOR('',#3519,1.);
#3519 = DIRECTION('',(1.224646799147E-16,-1.,0.));
#3520 = ORIENTED_EDGE('',*,*,#3521,.T.);
#3521 = EDGE_CURVE('',#3512,#3488,#3522,.T.);
#3522 = LINE('',#3523,#3524);
#3523 = CARTESIAN_POINT('',(-0.15,2.5,0.));
#3524 = VECTOR('',#3525,1.);
#3525 = DIRECTION('',(0.,0.,1.));
#3526 = ORIENTED_EDGE('',*,*,#3495,.T.);
#3527 = ORIENTED_EDGE('',*,*,#2084,.F.);
#3528 = ORIENTED_EDGE('',*,*,#3151,.F.);
#3529 = ORIENTED_EDGE('',*,*,#3530,.F.);
#3530 = EDGE_CURVE('',#3514,#3144,#3531,.T.);
#3531 = LINE('',#3532,#3533);
#3532 = CARTESIAN_POINT('',(-0.15,2.3,0.));
#3533 = VECTOR('',#3534,1.);
#3534 = DIRECTION('',(0.,0.,1.));
#3535 = PLANE('',#3536);
#3536 = AXIS2_PLACEMENT_3D('',#3537,#3538,#3539);
#3537 = CARTESIAN_POINT('',(-0.15,2.5,0.));
#3538 = DIRECTION('',(1.,1.224646799147E-16,0.));
#3539 = DIRECTION('',(1.224646799147E-16,-1.,0.));
#3540 = ADVANCED_FACE('',(#3541),#3575,.F.);
#3541 = FACE_BOUND('',#3542,.F.);
#3542 = EDGE_LOOP('',(#3543,#3553,#3559,#3560,#3561,#3569));
#3543 = ORIENTED_EDGE('',*,*,#3544,.F.);
#3544 = EDGE_CURVE('',#3545,#3547,#3549,.T.);
#3545 = VERTEX_POINT('',#3546);
#3546 = CARTESIAN_POINT('',(-0.5,2.3,0.));
#3547 = VERTEX_POINT('',#3548);
#3548 = CARTESIAN_POINT('',(-0.5,2.5,0.));
#3549 = LINE('',#3550,#3551);
#3550 = CARTESIAN_POINT('',(-0.5,2.3,0.));
#3551 = VECTOR('',#3552,1.);
#3552 = DIRECTION('',(-1.224646799147E-16,1.,0.));
#3553 = ORIENTED_EDGE('',*,*,#3554,.T.);
#3554 = EDGE_CURVE('',#3545,#3159,#3555,.T.);
#3555 = LINE('',#3556,#3557);
#3556 = CARTESIAN_POINT('',(-0.5,2.3,0.));
#3557 = VECTOR('',#3558,1.);
#3558 = DIRECTION('',(0.,0.,1.));
#3559 = ORIENTED_EDGE('',*,*,#3158,.F.);
#3560 = ORIENTED_EDGE('',*,*,#2068,.F.);
#3561 = ORIENTED_EDGE('',*,*,#3562,.T.);
#3562 = EDGE_CURVE('',#2061,#3563,#3565,.T.);
#3563 = VERTEX_POINT('',#3564);
#3564 = CARTESIAN_POINT('',(-0.5,2.5,0.1));
#3565 = LINE('',#3566,#3567);
#3566 = CARTESIAN_POINT('',(-0.5,2.3,0.1));
#3567 = VECTOR('',#3568,1.);
#3568 = DIRECTION('',(-1.224646799147E-16,1.,0.));
#3569 = ORIENTED_EDGE('',*,*,#3570,.F.);
#3570 = EDGE_CURVE('',#3547,#3563,#3571,.T.);
#3571 = LINE('',#3572,#3573);
#3572 = CARTESIAN_POINT('',(-0.5,2.5,0.));
#3573 = VECTOR('',#3574,1.);
#3574 = DIRECTION('',(0.,0.,1.));
#3575 = PLANE('',#3576);
#3576 = AXIS2_PLACEMENT_3D('',#3577,#3578,#3579);
#3577 = CARTESIAN_POINT('',(-0.5,2.3,0.));
#3578 = DIRECTION('',(-1.,-1.224646799147E-16,0.));
#3579 = DIRECTION('',(-1.224646799147E-16,1.,0.));
#3580 = ADVANCED_FACE('',(#3581),#3599,.T.);
#3581 = FACE_BOUND('',#3582,.T.);
#3582 = EDGE_LOOP('',(#3583,#3591,#3597,#3598));
#3583 = ORIENTED_EDGE('',*,*,#3584,.T.);
#3584 = EDGE_CURVE('',#3563,#3585,#3587,.T.);
#3585 = VERTEX_POINT('',#3586);
#3586 = CARTESIAN_POINT('',(-0.8,2.5,0.1));
#3587 = LINE('',#3588,#3589);
#3588 = CARTESIAN_POINT('',(-0.5,2.5,0.1));
#3589 = VECTOR('',#3590,1.);
#3590 = DIRECTION('',(-1.,-1.224646799147E-16,0.));
#3591 = ORIENTED_EDGE('',*,*,#3592,.T.);
#3592 = EDGE_CURVE('',#3585,#2053,#3593,.T.);
#3593 = LINE('',#3594,#3595);
#3594 = CARTESIAN_POINT('',(-0.8,2.5,0.1));
#3595 = VECTOR('',#3596,1.);
#3596 = DIRECTION('',(1.224646799147E-16,-1.,0.));
#3597 = ORIENTED_EDGE('',*,*,#2060,.F.);
#3598 = ORIENTED_EDGE('',*,*,#3562,.T.);
#3599 = PLANE('',#3600);
#3600 = AXIS2_PLACEMENT_3D('',#3601,#3602,#3603);
#3601 = CARTESIAN_POINT('',(-0.65,2.4,0.1));
#3602 = DIRECTION('',(0.,0.,1.));
#3603 = DIRECTION('',(-1.,-1.224646799147E-16,0.));
#3604 = ADVANCED_FACE('',(#3605),#3632,.F.);
#3605 = FACE_BOUND('',#3606,.F.);
#3606 = EDGE_LOOP('',(#3607,#3617,#3623,#3624,#3625,#3626));
#3607 = ORIENTED_EDGE('',*,*,#3608,.F.);
#3608 = EDGE_CURVE('',#3609,#3611,#3613,.T.);
#3609 = VERTEX_POINT('',#3610);
#3610 = CARTESIAN_POINT('',(-0.8,2.5,0.));
#3611 = VERTEX_POINT('',#3612);
#3612 = CARTESIAN_POINT('',(-0.8,2.3,0.));
#3613 = LINE('',#3614,#3615);
#3614 = CARTESIAN_POINT('',(-0.8,2.5,0.));
#3615 = VECTOR('',#3616,1.);
#3616 = DIRECTION('',(1.224646799147E-16,-1.,0.));
#3617 = ORIENTED_EDGE('',*,*,#3618,.T.);
#3618 = EDGE_CURVE('',#3609,#3585,#3619,.T.);
#3619 = LINE('',#3620,#3621);
#3620 = CARTESIAN_POINT('',(-0.8,2.5,0.));
#3621 = VECTOR('',#3622,1.);
#3622 = DIRECTION('',(0.,0.,1.));
#3623 = ORIENTED_EDGE('',*,*,#3592,.T.);
#3624 = ORIENTED_EDGE('',*,*,#2052,.F.);
#3625 = ORIENTED_EDGE('',*,*,#3174,.F.);
#3626 = ORIENTED_EDGE('',*,*,#3627,.F.);
#3627 = EDGE_CURVE('',#3611,#3167,#3628,.T.);
#3628 = LINE('',#3629,#3630);
#3629 = CARTESIAN_POINT('',(-0.8,2.3,0.));
#3630 = VECTOR('',#3631,1.);
#3631 = DIRECTION('',(0.,0.,1.));
#3632 = PLANE('',#3633);
#3633 = AXIS2_PLACEMENT_3D('',#3634,#3635,#3636);
#3634 = CARTESIAN_POINT('',(-0.8,2.5,0.));
#3635 = DIRECTION('',(1.,1.224646799147E-16,0.));
#3636 = DIRECTION('',(1.224646799147E-16,-1.,0.));
#3637 = ADVANCED_FACE('',(#3638),#3672,.F.);
#3638 = FACE_BOUND('',#3639,.F.);
#3639 = EDGE_LOOP('',(#3640,#3650,#3656,#3657,#3658,#3666));
#3640 = ORIENTED_EDGE('',*,*,#3641,.F.);
#3641 = EDGE_CURVE('',#3642,#3644,#3646,.T.);
#3642 = VERTEX_POINT('',#3643);
#3643 = CARTESIAN_POINT('',(-1.15,2.3,0.));
#3644 = VERTEX_POINT('',#3645);
#3645 = CARTESIAN_POINT('',(-1.15,2.5,0.));
#3646 = LINE('',#3647,#3648);
#3647 = CARTESIAN_POINT('',(-1.15,2.3,0.));
#3648 = VECTOR('',#3649,1.);
#3649 = DIRECTION('',(-1.224646799147E-16,1.,0.));
#3650 = ORIENTED_EDGE('',*,*,#3651,.T.);
#3651 = EDGE_CURVE('',#3642,#3182,#3652,.T.);
#3652 = LINE('',#3653,#3654);
#3653 = CARTESIAN_POINT('',(-1.15,2.3,0.));
#3654 = VECTOR('',#3655,1.);
#3655 = DIRECTION('',(0.,0.,1.));
#3656 = ORIENTED_EDGE('',*,*,#3181,.F.);
#3657 = ORIENTED_EDGE('',*,*,#2036,.F.);
#3658 = ORIENTED_EDGE('',*,*,#3659,.T.);
#3659 = EDGE_CURVE('',#2029,#3660,#3662,.T.);
#3660 = VERTEX_POINT('',#3661);
#3661 = CARTESIAN_POINT('',(-1.15,2.5,0.1));
#3662 = LINE('',#3663,#3664);
#3663 = CARTESIAN_POINT('',(-1.15,2.3,0.1));
#3664 = VECTOR('',#3665,1.);
#3665 = DIRECTION('',(-1.224646799147E-16,1.,0.));
#3666 = ORIENTED_EDGE('',*,*,#3667,.F.);
#3667 = EDGE_CURVE('',#3644,#3660,#3668,.T.);
#3668 = LINE('',#3669,#3670);
#3669 = CARTESIAN_POINT('',(-1.15,2.5,0.));
#3670 = VECTOR('',#3671,1.);
#3671 = DIRECTION('',(0.,0.,1.));
#3672 = PLANE('',#3673);
#3673 = AXIS2_PLACEMENT_3D('',#3674,#3675,#3676);
#3674 = CARTESIAN_POINT('',(-1.15,2.3,0.));
#3675 = DIRECTION('',(-1.,-1.224646799147E-16,0.));
#3676 = DIRECTION('',(-1.224646799147E-16,1.,0.));
#3677 = ADVANCED_FACE('',(#3678),#3696,.T.);
#3678 = FACE_BOUND('',#3679,.T.);
#3679 = EDGE_LOOP('',(#3680,#3688,#3694,#3695));
#3680 = ORIENTED_EDGE('',*,*,#3681,.T.);
#3681 = EDGE_CURVE('',#3660,#3682,#3684,.T.);
#3682 = VERTEX_POINT('',#3683);
#3683 = CARTESIAN_POINT('',(-1.45,2.5,0.1));
#3684 = LINE('',#3685,#3686);
#3685 = CARTESIAN_POINT('',(-1.15,2.5,0.1));
#3686 = VECTOR('',#3687,1.);
#3687 = DIRECTION('',(-1.,-1.224646799147E-16,0.));
#3688 = ORIENTED_EDGE('',*,*,#3689,.T.);
#3689 = EDGE_CURVE('',#3682,#2021,#3690,.T.);
#3690 = LINE('',#3691,#3692);
#3691 = CARTESIAN_POINT('',(-1.45,2.5,0.1));
#3692 = VECTOR('',#3693,1.);
#3693 = DIRECTION('',(1.224646799147E-16,-1.,0.));
#3694 = ORIENTED_EDGE('',*,*,#2028,.F.);
#3695 = ORIENTED_EDGE('',*,*,#3659,.T.);
#3696 = PLANE('',#3697);
#3697 = AXIS2_PLACEMENT_3D('',#3698,#3699,#3700);
#3698 = CARTESIAN_POINT('',(-1.3,2.4,0.1));
#3699 = DIRECTION('',(0.,0.,1.));
#3700 = DIRECTION('',(-1.,-1.224646799147E-16,0.));
#3701 = ADVANCED_FACE('',(#3702),#3729,.F.);
#3702 = FACE_BOUND('',#3703,.F.);
#3703 = EDGE_LOOP('',(#3704,#3714,#3720,#3721,#3722,#3723));
#3704 = ORIENTED_EDGE('',*,*,#3705,.F.);
#3705 = EDGE_CURVE('',#3706,#3708,#3710,.T.);
#3706 = VERTEX_POINT('',#3707);
#3707 = CARTESIAN_POINT('',(-1.45,2.5,0.));
#3708 = VERTEX_POINT('',#3709);
#3709 = CARTESIAN_POINT('',(-1.45,2.3,0.));
#3710 = LINE('',#3711,#3712);
#3711 = CARTESIAN_POINT('',(-1.45,2.5,0.));
#3712 = VECTOR('',#3713,1.);
#3713 = DIRECTION('',(1.224646799147E-16,-1.,0.));
#3714 = ORIENTED_EDGE('',*,*,#3715,.T.);
#3715 = EDGE_CURVE('',#3706,#3682,#3716,.T.);
#3716 = LINE('',#3717,#3718);
#3717 = CARTESIAN_POINT('',(-1.45,2.5,0.));
#3718 = VECTOR('',#3719,1.);
#3719 = DIRECTION('',(0.,0.,1.));
#3720 = ORIENTED_EDGE('',*,*,#3689,.T.);
#3721 = ORIENTED_EDGE('',*,*,#2020,.F.);
#3722 = ORIENTED_EDGE('',*,*,#3197,.F.);
#3723 = ORIENTED_EDGE('',*,*,#3724,.F.);
#3724 = EDGE_CURVE('',#3708,#3190,#3725,.T.);
#3725 = LINE('',#3726,#3727);
#3726 = CARTESIAN_POINT('',(-1.45,2.3,0.));
#3727 = VECTOR('',#3728,1.);
#3728 = DIRECTION('',(0.,0.,1.));
#3729 = PLANE('',#3730);
#3730 = AXIS2_PLACEMENT_3D('',#3731,#3732,#3733);
#3731 = CARTESIAN_POINT('',(-1.45,2.5,0.));
#3732 = DIRECTION('',(1.,1.224646799147E-16,0.));
#3733 = DIRECTION('',(1.224646799147E-16,-1.,0.));
#3734 = ADVANCED_FACE('',(#3735),#3769,.F.);
#3735 = FACE_BOUND('',#3736,.F.);
#3736 = EDGE_LOOP('',(#3737,#3747,#3755,#3761,#3762,#3763));
#3737 = ORIENTED_EDGE('',*,*,#3738,.F.);
#3738 = EDGE_CURVE('',#3739,#3741,#3743,.T.);
#3739 = VERTEX_POINT('',#3740);
#3740 = CARTESIAN_POINT('',(2.5,1.45,0.));
#3741 = VERTEX_POINT('',#3742);
#3742 = CARTESIAN_POINT('',(2.3,1.45,0.));
#3743 = LINE('',#3744,#3745);
#3744 = CARTESIAN_POINT('',(2.5,1.45,0.));
#3745 = VECTOR('',#3746,1.);
#3746 = DIRECTION('',(-1.,-2.334869823773E-16,0.));
#3747 = ORIENTED_EDGE('',*,*,#3748,.T.);
#3748 = EDGE_CURVE('',#3739,#3749,#3751,.T.);
#3749 = VERTEX_POINT('',#3750);
#3750 = CARTESIAN_POINT('',(2.5,1.45,0.1));
#3751 = LINE('',#3752,#3753);
#3752 = CARTESIAN_POINT('',(2.5,1.45,0.));
#3753 = VECTOR('',#3754,1.);
#3754 = DIRECTION('',(0.,0.,1.));
#3755 = ORIENTED_EDGE('',*,*,#3756,.T.);
#3756 = EDGE_CURVE('',#3749,#2357,#3757,.T.);
#3757 = LINE('',#3758,#3759);
#3758 = CARTESIAN_POINT('',(2.5,1.45,0.1));
#3759 = VECTOR('',#3760,1.);
#3760 = DIRECTION('',(-1.,-2.334869823773E-16,0.));
#3761 = ORIENTED_EDGE('',*,*,#2364,.T.);
#3762 = ORIENTED_EDGE('',*,*,#3081,.F.);
#3763 = ORIENTED_EDGE('',*,*,#3764,.F.);
#3764 = EDGE_CURVE('',#3741,#3074,#3765,.T.);
#3765 = LINE('',#3766,#3767);
#3766 = CARTESIAN_POINT('',(2.3,1.45,0.));
#3767 = VECTOR('',#3768,1.);
#3768 = DIRECTION('',(0.,0.,1.));
#3769 = PLANE('',#3770);
#3770 = AXIS2_PLACEMENT_3D('',#3771,#3772,#3773);
#3771 = CARTESIAN_POINT('',(2.5,1.45,0.));
#3772 = DIRECTION('',(2.334869823773E-16,-1.,0.));
#3773 = DIRECTION('',(-1.,-2.334869823773E-16,0.));
#3774 = ADVANCED_FACE('',(#3775),#3793,.T.);
#3775 = FACE_BOUND('',#3776,.T.);
#3776 = EDGE_LOOP('',(#3777,#3785,#3786,#3787));
#3777 = ORIENTED_EDGE('',*,*,#3778,.T.);
#3778 = EDGE_CURVE('',#3779,#3749,#3781,.T.);
#3779 = VERTEX_POINT('',#3780);
#3780 = CARTESIAN_POINT('',(2.5,1.15,0.1));
#3781 = LINE('',#3782,#3783);
#3782 = CARTESIAN_POINT('',(2.5,1.15,0.1));
#3783 = VECTOR('',#3784,1.);
#3784 = DIRECTION('',(-2.334869823773E-16,1.,0.));
#3785 = ORIENTED_EDGE('',*,*,#3756,.T.);
#3786 = ORIENTED_EDGE('',*,*,#2356,.T.);
#3787 = ORIENTED_EDGE('',*,*,#3788,.T.);
#3788 = EDGE_CURVE('',#2349,#3779,#3789,.T.);
#3789 = LINE('',#3790,#3791);
#3790 = CARTESIAN_POINT('',(2.3,1.15,0.1));
#3791 = VECTOR('',#3792,1.);
#3792 = DIRECTION('',(1.,2.334869823773E-16,0.));
#3793 = PLANE('',#3794);
#3794 = AXIS2_PLACEMENT_3D('',#3795,#3796,#3797);
#3795 = CARTESIAN_POINT('',(2.4,1.3,0.1));
#3796 = DIRECTION('',(0.,0.,1.));
#3797 = DIRECTION('',(-2.334869823773E-16,1.,0.));
#3798 = ADVANCED_FACE('',(#3799),#3826,.F.);
#3799 = FACE_BOUND('',#3800,.F.);
#3800 = EDGE_LOOP('',(#3801,#3811,#3817,#3818,#3819,#3820));
#3801 = ORIENTED_EDGE('',*,*,#3802,.F.);
#3802 = EDGE_CURVE('',#3803,#3805,#3807,.T.);
#3803 = VERTEX_POINT('',#3804);
#3804 = CARTESIAN_POINT('',(2.3,1.15,0.));
#3805 = VERTEX_POINT('',#3806);
#3806 = CARTESIAN_POINT('',(2.5,1.15,0.));
#3807 = LINE('',#3808,#3809);
#3808 = CARTESIAN_POINT('',(2.3,1.15,0.));
#3809 = VECTOR('',#3810,1.);
#3810 = DIRECTION('',(1.,2.334869823773E-16,0.));
#3811 = ORIENTED_EDGE('',*,*,#3812,.T.);
#3812 = EDGE_CURVE('',#3803,#3066,#3813,.T.);
#3813 = LINE('',#3814,#3815);
#3814 = CARTESIAN_POINT('',(2.3,1.15,0.));
#3815 = VECTOR('',#3816,1.);
#3816 = DIRECTION('',(0.,0.,1.));
#3817 = ORIENTED_EDGE('',*,*,#3065,.F.);
#3818 = ORIENTED_EDGE('',*,*,#2348,.T.);
#3819 = ORIENTED_EDGE('',*,*,#3788,.T.);
#3820 = ORIENTED_EDGE('',*,*,#3821,.F.);
#3821 = EDGE_CURVE('',#3805,#3779,#3822,.T.);
#3822 = LINE('',#3823,#3824);
#3823 = CARTESIAN_POINT('',(2.5,1.15,0.));
#3824 = VECTOR('',#3825,1.);
#3825 = DIRECTION('',(0.,0.,1.));
#3826 = PLANE('',#3827);
#3827 = AXIS2_PLACEMENT_3D('',#3828,#3829,#3830);
#3828 = CARTESIAN_POINT('',(2.3,1.15,0.));
#3829 = DIRECTION('',(-2.334869823773E-16,1.,0.));
#3830 = DIRECTION('',(1.,2.334869823773E-16,0.));
#3831 = ADVANCED_FACE('',(#3832),#3866,.F.);
#3832 = FACE_BOUND('',#3833,.F.);
#3833 = EDGE_LOOP('',(#3834,#3844,#3852,#3858,#3859,#3860));
#3834 = ORIENTED_EDGE('',*,*,#3835,.F.);
#3835 = EDGE_CURVE('',#3836,#3838,#3840,.T.);
#3836 = VERTEX_POINT('',#3837);
#3837 = CARTESIAN_POINT('',(2.5,0.8,0.));
#3838 = VERTEX_POINT('',#3839);
#3839 = CARTESIAN_POINT('',(2.3,0.8,0.));
#3840 = LINE('',#3841,#3842);
#3841 = CARTESIAN_POINT('',(2.5,0.8,0.));
#3842 = VECTOR('',#3843,1.);
#3843 = DIRECTION('',(-1.,-2.334869823773E-16,0.));
#3844 = ORIENTED_EDGE('',*,*,#3845,.T.);
#3845 = EDGE_CURVE('',#3836,#3846,#3848,.T.);
#3846 = VERTEX_POINT('',#3847);
#3847 = CARTESIAN_POINT('',(2.5,0.8,0.1));
#3848 = LINE('',#3849,#3850);
#3849 = CARTESIAN_POINT('',(2.5,0.8,0.));
#3850 = VECTOR('',#3851,1.);
#3851 = DIRECTION('',(0.,0.,1.));
#3852 = ORIENTED_EDGE('',*,*,#3853,.T.);
#3853 = EDGE_CURVE('',#3846,#2325,#3854,.T.);
#3854 = LINE('',#3855,#3856);
#3855 = CARTESIAN_POINT('',(2.5,0.8,0.1));
#3856 = VECTOR('',#3857,1.);
#3857 = DIRECTION('',(-1.,-2.334869823773E-16,0.));
#3858 = ORIENTED_EDGE('',*,*,#2332,.T.);
#3859 = ORIENTED_EDGE('',*,*,#3058,.F.);
#3860 = ORIENTED_EDGE('',*,*,#3861,.F.);
#3861 = EDGE_CURVE('',#3838,#3051,#3862,.T.);
#3862 = LINE('',#3863,#3864);
#3863 = CARTESIAN_POINT('',(2.3,0.8,0.));
#3864 = VECTOR('',#3865,1.);
#3865 = DIRECTION('',(0.,0.,1.));
#3866 = PLANE('',#3867);
#3867 = AXIS2_PLACEMENT_3D('',#3868,#3869,#3870);
#3868 = CARTESIAN_POINT('',(2.5,0.8,0.));
#3869 = DIRECTION('',(2.334869823773E-16,-1.,0.));
#3870 = DIRECTION('',(-1.,-2.334869823773E-16,0.));
#3871 = ADVANCED_FACE('',(#3872),#3890,.T.);
#3872 = FACE_BOUND('',#3873,.T.);
#3873 = EDGE_LOOP('',(#3874,#3882,#3883,#3884));
#3874 = ORIENTED_EDGE('',*,*,#3875,.T.);
#3875 = EDGE_CURVE('',#3876,#3846,#3878,.T.);
#3876 = VERTEX_POINT('',#3877);
#3877 = CARTESIAN_POINT('',(2.5,0.5,0.1));
#3878 = LINE('',#3879,#3880);
#3879 = CARTESIAN_POINT('',(2.5,0.5,0.1));
#3880 = VECTOR('',#3881,1.);
#3881 = DIRECTION('',(-2.334869823773E-16,1.,0.));
#3882 = ORIENTED_EDGE('',*,*,#3853,.T.);
#3883 = ORIENTED_EDGE('',*,*,#2324,.T.);
#3884 = ORIENTED_EDGE('',*,*,#3885,.T.);
#3885 = EDGE_CURVE('',#2317,#3876,#3886,.T.);
#3886 = LINE('',#3887,#3888);
#3887 = CARTESIAN_POINT('',(2.3,0.5,0.1));
#3888 = VECTOR('',#3889,1.);
#3889 = DIRECTION('',(1.,2.334869823773E-16,0.));
#3890 = PLANE('',#3891);
#3891 = AXIS2_PLACEMENT_3D('',#3892,#3893,#3894);
#3892 = CARTESIAN_POINT('',(2.4,0.65,0.1));
#3893 = DIRECTION('',(0.,0.,1.));
#3894 = DIRECTION('',(-2.334869823773E-16,1.,0.));
#3895 = ADVANCED_FACE('',(#3896),#3923,.F.);
#3896 = FACE_BOUND('',#3897,.F.);
#3897 = EDGE_LOOP('',(#3898,#3908,#3914,#3915,#3916,#3917));
#3898 = ORIENTED_EDGE('',*,*,#3899,.F.);
#3899 = EDGE_CURVE('',#3900,#3902,#3904,.T.);
#3900 = VERTEX_POINT('',#3901);
#3901 = CARTESIAN_POINT('',(2.3,0.5,0.));
#3902 = VERTEX_POINT('',#3903);
#3903 = CARTESIAN_POINT('',(2.5,0.5,0.));
#3904 = LINE('',#3905,#3906);
#3905 = CARTESIAN_POINT('',(2.3,0.5,0.));
#3906 = VECTOR('',#3907,1.);
#3907 = DIRECTION('',(1.,2.334869823773E-16,0.));
#3908 = ORIENTED_EDGE('',*,*,#3909,.T.);
#3909 = EDGE_CURVE('',#3900,#3043,#3910,.T.);
#3910 = LINE('',#3911,#3912);
#3911 = CARTESIAN_POINT('',(2.3,0.5,0.));
#3912 = VECTOR('',#3913,1.);
#3913 = DIRECTION('',(0.,0.,1.));
#3914 = ORIENTED_EDGE('',*,*,#3042,.F.);
#3915 = ORIENTED_EDGE('',*,*,#2316,.T.);
#3916 = ORIENTED_EDGE('',*,*,#3885,.T.);
#3917 = ORIENTED_EDGE('',*,*,#3918,.F.);
#3918 = EDGE_CURVE('',#3902,#3876,#3919,.T.);
#3919 = LINE('',#3920,#3921);
#3920 = CARTESIAN_POINT('',(2.5,0.5,0.));
#3921 = VECTOR('',#3922,1.);
#3922 = DIRECTION('',(0.,0.,1.));
#3923 = PLANE('',#3924);
#3924 = AXIS2_PLACEMENT_3D('',#3925,#3926,#3927);
#3925 = CARTESIAN_POINT('',(2.3,0.5,0.));
#3926 = DIRECTION('',(-2.334869823773E-16,1.,0.));
#3927 = DIRECTION('',(1.,2.334869823773E-16,0.));
#3928 = ADVANCED_FACE('',(#3929),#3963,.F.);
#3929 = FACE_BOUND('',#3930,.F.);
#3930 = EDGE_LOOP('',(#3931,#3941,#3949,#3955,#3956,#3957));
#3931 = ORIENTED_EDGE('',*,*,#3932,.F.);
#3932 = EDGE_CURVE('',#3933,#3935,#3937,.T.);
#3933 = VERTEX_POINT('',#3934);
#3934 = CARTESIAN_POINT('',(2.5,0.15,0.));
#3935 = VERTEX_POINT('',#3936);
#3936 = CARTESIAN_POINT('',(2.3,0.15,0.));
#3937 = LINE('',#3938,#3939);
#3938 = CARTESIAN_POINT('',(2.5,0.15,0.));
#3939 = VECTOR('',#3940,1.);
#3940 = DIRECTION('',(-1.,-2.334869823773E-16,0.));
#3941 = ORIENTED_EDGE('',*,*,#3942,.T.);
#3942 = EDGE_CURVE('',#3933,#3943,#3945,.T.);
#3943 = VERTEX_POINT('',#3944);
#3944 = CARTESIAN_POINT('',(2.5,0.15,0.1));
#3945 = LINE('',#3946,#3947);
#3946 = CARTESIAN_POINT('',(2.5,0.15,0.));
#3947 = VECTOR('',#3948,1.);
#3948 = DIRECTION('',(0.,0.,1.));
#3949 = ORIENTED_EDGE('',*,*,#3950,.T.);
#3950 = EDGE_CURVE('',#3943,#2293,#3951,.T.);
#3951 = LINE('',#3952,#3953);
#3952 = CARTESIAN_POINT('',(2.5,0.15,0.1));
#3953 = VECTOR('',#3954,1.);
#3954 = DIRECTION('',(-1.,-2.334869823773E-16,0.));
#3955 = ORIENTED_EDGE('',*,*,#2300,.T.);
#3956 = ORIENTED_EDGE('',*,*,#3035,.F.);
#3957 = ORIENTED_EDGE('',*,*,#3958,.F.);
#3958 = EDGE_CURVE('',#3935,#3028,#3959,.T.);
#3959 = LINE('',#3960,#3961);
#3960 = CARTESIAN_POINT('',(2.3,0.15,0.));
#3961 = VECTOR('',#3962,1.);
#3962 = DIRECTION('',(0.,0.,1.));
#3963 = PLANE('',#3964);
#3964 = AXIS2_PLACEMENT_3D('',#3965,#3966,#3967);
#3965 = CARTESIAN_POINT('',(2.5,0.15,0.));
#3966 = DIRECTION('',(2.334869823773E-16,-1.,0.));
#3967 = DIRECTION('',(-1.,-2.334869823773E-16,0.));
#3968 = ADVANCED_FACE('',(#3969),#3987,.T.);
#3969 = FACE_BOUND('',#3970,.T.);
#3970 = EDGE_LOOP('',(#3971,#3979,#3980,#3981));
#3971 = ORIENTED_EDGE('',*,*,#3972,.T.);
#3972 = EDGE_CURVE('',#3973,#3943,#3975,.T.);
#3973 = VERTEX_POINT('',#3974);
#3974 = CARTESIAN_POINT('',(2.5,-0.15,0.1));
#3975 = LINE('',#3976,#3977);
#3976 = CARTESIAN_POINT('',(2.5,-0.15,0.1));
#3977 = VECTOR('',#3978,1.);
#3978 = DIRECTION('',(-2.334869823773E-16,1.,0.));
#3979 = ORIENTED_EDGE('',*,*,#3950,.T.);
#3980 = ORIENTED_EDGE('',*,*,#2292,.T.);
#3981 = ORIENTED_EDGE('',*,*,#3982,.T.);
#3982 = EDGE_CURVE('',#2285,#3973,#3983,.T.);
#3983 = LINE('',#3984,#3985);
#3984 = CARTESIAN_POINT('',(2.3,-0.15,0.1));
#3985 = VECTOR('',#3986,1.);
#3986 = DIRECTION('',(1.,2.334869823773E-16,0.));
#3987 = PLANE('',#3988);
#3988 = AXIS2_PLACEMENT_3D('',#3989,#3990,#3991);
#3989 = CARTESIAN_POINT('',(2.4,5.603687577054E-16,0.1));
#3990 = DIRECTION('',(0.,0.,1.));
#3991 = DIRECTION('',(-2.334869823773E-16,1.,0.));
#3992 = ADVANCED_FACE('',(#3993),#4020,.F.);
#3993 = FACE_BOUND('',#3994,.F.);
#3994 = EDGE_LOOP('',(#3995,#4005,#4011,#4012,#4013,#4014));
#3995 = ORIENTED_EDGE('',*,*,#3996,.F.);
#3996 = EDGE_CURVE('',#3997,#3999,#4001,.T.);
#3997 = VERTEX_POINT('',#3998);
#3998 = CARTESIAN_POINT('',(2.3,-0.15,0.));
#3999 = VERTEX_POINT('',#4000);
#4000 = CARTESIAN_POINT('',(2.5,-0.15,0.));
#4001 = LINE('',#4002,#4003);
#4002 = CARTESIAN_POINT('',(2.3,-0.15,0.));
#4003 = VECTOR('',#4004,1.);
#4004 = DIRECTION('',(1.,2.334869823773E-16,0.));
#4005 = ORIENTED_EDGE('',*,*,#4006,.T.);
#4006 = EDGE_CURVE('',#3997,#3020,#4007,.T.);
#4007 = LINE('',#4008,#4009);
#4008 = CARTESIAN_POINT('',(2.3,-0.15,0.));
#4009 = VECTOR('',#4010,1.);
#4010 = DIRECTION('',(0.,0.,1.));
#4011 = ORIENTED_EDGE('',*,*,#3019,.F.);
#4012 = ORIENTED_EDGE('',*,*,#2284,.T.);
#4013 = ORIENTED_EDGE('',*,*,#3982,.T.);
#4014 = ORIENTED_EDGE('',*,*,#4015,.F.);
#4015 = EDGE_CURVE('',#3999,#3973,#4016,.T.);
#4016 = LINE('',#4017,#4018);
#4017 = CARTESIAN_POINT('',(2.5,-0.15,0.));
#4018 = VECTOR('',#4019,1.);
#4019 = DIRECTION('',(0.,0.,1.));
#4020 = PLANE('',#4021);
#4021 = AXIS2_PLACEMENT_3D('',#4022,#4023,#4024);
#4022 = CARTESIAN_POINT('',(2.3,-0.15,0.));
#4023 = DIRECTION('',(-2.334869823773E-16,1.,0.));
#4024 = DIRECTION('',(1.,2.334869823773E-16,0.));
#4025 = ADVANCED_FACE('',(#4026),#4060,.F.);
#4026 = FACE_BOUND('',#4027,.F.);
#4027 = EDGE_LOOP('',(#4028,#4038,#4046,#4052,#4053,#4054));
#4028 = ORIENTED_EDGE('',*,*,#4029,.F.);
#4029 = EDGE_CURVE('',#4030,#4032,#4034,.T.);
#4030 = VERTEX_POINT('',#4031);
#4031 = CARTESIAN_POINT('',(2.5,-0.5,0.));
#4032 = VERTEX_POINT('',#4033);
#4033 = CARTESIAN_POINT('',(2.3,-0.5,0.));
#4034 = LINE('',#4035,#4036);
#4035 = CARTESIAN_POINT('',(2.5,-0.5,0.));
#4036 = VECTOR('',#4037,1.);
#4037 = DIRECTION('',(-1.,-2.334869823773E-16,0.));
#4038 = ORIENTED_EDGE('',*,*,#4039,.T.);
#4039 = EDGE_CURVE('',#4030,#4040,#4042,.T.);
#4040 = VERTEX_POINT('',#4041);
#4041 = CARTESIAN_POINT('',(2.5,-0.5,0.1));
#4042 = LINE('',#4043,#4044);
#4043 = CARTESIAN_POINT('',(2.5,-0.5,0.));
#4044 = VECTOR('',#4045,1.);
#4045 = DIRECTION('',(0.,0.,1.));
#4046 = ORIENTED_EDGE('',*,*,#4047,.T.);
#4047 = EDGE_CURVE('',#4040,#2261,#4048,.T.);
#4048 = LINE('',#4049,#4050);
#4049 = CARTESIAN_POINT('',(2.5,-0.5,0.1));
#4050 = VECTOR('',#4051,1.);
#4051 = DIRECTION('',(-1.,-2.334869823773E-16,0.));
#4052 = ORIENTED_EDGE('',*,*,#2268,.T.);
#4053 = ORIENTED_EDGE('',*,*,#3012,.F.);
#4054 = ORIENTED_EDGE('',*,*,#4055,.F.);
#4055 = EDGE_CURVE('',#4032,#3005,#4056,.T.);
#4056 = LINE('',#4057,#4058);
#4057 = CARTESIAN_POINT('',(2.3,-0.5,0.));
#4058 = VECTOR('',#4059,1.);
#4059 = DIRECTION('',(0.,0.,1.));
#4060 = PLANE('',#4061);
#4061 = AXIS2_PLACEMENT_3D('',#4062,#4063,#4064);
#4062 = CARTESIAN_POINT('',(2.5,-0.5,0.));
#4063 = DIRECTION('',(2.334869823773E-16,-1.,0.));
#4064 = DIRECTION('',(-1.,-2.334869823773E-16,0.));
#4065 = ADVANCED_FACE('',(#4066),#4084,.T.);
#4066 = FACE_BOUND('',#4067,.T.);
#4067 = EDGE_LOOP('',(#4068,#4076,#4077,#4078));
#4068 = ORIENTED_EDGE('',*,*,#4069,.T.);
#4069 = EDGE_CURVE('',#4070,#4040,#4072,.T.);
#4070 = VERTEX_POINT('',#4071);
#4071 = CARTESIAN_POINT('',(2.5,-0.8,0.1));
#4072 = LINE('',#4073,#4074);
#4073 = CARTESIAN_POINT('',(2.5,-0.8,0.1));
#4074 = VECTOR('',#4075,1.);
#4075 = DIRECTION('',(-2.334869823773E-16,1.,0.));
#4076 = ORIENTED_EDGE('',*,*,#4047,.T.);
#4077 = ORIENTED_EDGE('',*,*,#2260,.T.);
#4078 = ORIENTED_EDGE('',*,*,#4079,.T.);
#4079 = EDGE_CURVE('',#2253,#4070,#4080,.T.);
#4080 = LINE('',#4081,#4082);
#4081 = CARTESIAN_POINT('',(2.3,-0.8,0.1));
#4082 = VECTOR('',#4083,1.);
#4083 = DIRECTION('',(1.,2.334869823773E-16,0.));
#4084 = PLANE('',#4085);
#4085 = AXIS2_PLACEMENT_3D('',#4086,#4087,#4088);
#4086 = CARTESIAN_POINT('',(2.4,-0.65,0.1));
#4087 = DIRECTION('',(0.,0.,1.));
#4088 = DIRECTION('',(-2.334869823773E-16,1.,0.));
#4089 = ADVANCED_FACE('',(#4090),#4117,.F.);
#4090 = FACE_BOUND('',#4091,.F.);
#4091 = EDGE_LOOP('',(#4092,#4102,#4108,#4109,#4110,#4111));
#4092 = ORIENTED_EDGE('',*,*,#4093,.F.);
#4093 = EDGE_CURVE('',#4094,#4096,#4098,.T.);
#4094 = VERTEX_POINT('',#4095);
#4095 = CARTESIAN_POINT('',(2.3,-0.8,0.));
#4096 = VERTEX_POINT('',#4097);
#4097 = CARTESIAN_POINT('',(2.5,-0.8,0.));
#4098 = LINE('',#4099,#4100);
#4099 = CARTESIAN_POINT('',(2.3,-0.8,0.));
#4100 = VECTOR('',#4101,1.);
#4101 = DIRECTION('',(1.,2.334869823773E-16,0.));
#4102 = ORIENTED_EDGE('',*,*,#4103,.T.);
#4103 = EDGE_CURVE('',#4094,#2997,#4104,.T.);
#4104 = LINE('',#4105,#4106);
#4105 = CARTESIAN_POINT('',(2.3,-0.8,0.));
#4106 = VECTOR('',#4107,1.);
#4107 = DIRECTION('',(0.,0.,1.));
#4108 = ORIENTED_EDGE('',*,*,#2996,.F.);
#4109 = ORIENTED_EDGE('',*,*,#2252,.T.);
#4110 = ORIENTED_EDGE('',*,*,#4079,.T.);
#4111 = ORIENTED_EDGE('',*,*,#4112,.F.);
#4112 = EDGE_CURVE('',#4096,#4070,#4113,.T.);
#4113 = LINE('',#4114,#4115);
#4114 = CARTESIAN_POINT('',(2.5,-0.8,0.));
#4115 = VECTOR('',#4116,1.);
#4116 = DIRECTION('',(0.,0.,1.));
#4117 = PLANE('',#4118);
#4118 = AXIS2_PLACEMENT_3D('',#4119,#4120,#4121);
#4119 = CARTESIAN_POINT('',(2.3,-0.8,0.));
#4120 = DIRECTION('',(-2.334869823773E-16,1.,0.));
#4121 = DIRECTION('',(1.,2.334869823773E-16,0.));
#4122 = ADVANCED_FACE('',(#4123),#4157,.F.);
#4123 = FACE_BOUND('',#4124,.F.);
#4124 = EDGE_LOOP('',(#4125,#4135,#4143,#4149,#4150,#4151));
#4125 = ORIENTED_EDGE('',*,*,#4126,.F.);
#4126 = EDGE_CURVE('',#4127,#4129,#4131,.T.);
#4127 = VERTEX_POINT('',#4128);
#4128 = CARTESIAN_POINT('',(2.5,-1.15,0.));
#4129 = VERTEX_POINT('',#4130);
#4130 = CARTESIAN_POINT('',(2.3,-1.15,0.));
#4131 = LINE('',#4132,#4133);
#4132 = CARTESIAN_POINT('',(2.5,-1.15,0.));
#4133 = VECTOR('',#4134,1.);
#4134 = DIRECTION('',(-1.,-2.334869823773E-16,0.));
#4135 = ORIENTED_EDGE('',*,*,#4136,.T.);
#4136 = EDGE_CURVE('',#4127,#4137,#4139,.T.);
#4137 = VERTEX_POINT('',#4138);
#4138 = CARTESIAN_POINT('',(2.5,-1.15,0.1));
#4139 = LINE('',#4140,#4141);
#4140 = CARTESIAN_POINT('',(2.5,-1.15,0.));
#4141 = VECTOR('',#4142,1.);
#4142 = DIRECTION('',(0.,0.,1.));
#4143 = ORIENTED_EDGE('',*,*,#4144,.T.);
#4144 = EDGE_CURVE('',#4137,#2229,#4145,.T.);
#4145 = LINE('',#4146,#4147);
#4146 = CARTESIAN_POINT('',(2.5,-1.15,0.1));
#4147 = VECTOR('',#4148,1.);
#4148 = DIRECTION('',(-1.,-2.334869823773E-16,0.));
#4149 = ORIENTED_EDGE('',*,*,#2236,.T.);
#4150 = ORIENTED_EDGE('',*,*,#2989,.F.);
#4151 = ORIENTED_EDGE('',*,*,#4152,.F.);
#4152 = EDGE_CURVE('',#4129,#2982,#4153,.T.);
#4153 = LINE('',#4154,#4155);
#4154 = CARTESIAN_POINT('',(2.3,-1.15,0.));
#4155 = VECTOR('',#4156,1.);
#4156 = DIRECTION('',(0.,0.,1.));
#4157 = PLANE('',#4158);
#4158 = AXIS2_PLACEMENT_3D('',#4159,#4160,#4161);
#4159 = CARTESIAN_POINT('',(2.5,-1.15,0.));
#4160 = DIRECTION('',(2.334869823773E-16,-1.,0.));
#4161 = DIRECTION('',(-1.,-2.334869823773E-16,0.));
#4162 = ADVANCED_FACE('',(#4163),#4181,.T.);
#4163 = FACE_BOUND('',#4164,.T.);
#4164 = EDGE_LOOP('',(#4165,#4173,#4174,#4175));
#4165 = ORIENTED_EDGE('',*,*,#4166,.T.);
#4166 = EDGE_CURVE('',#4167,#4137,#4169,.T.);
#4167 = VERTEX_POINT('',#4168);
#4168 = CARTESIAN_POINT('',(2.5,-1.45,0.1));
#4169 = LINE('',#4170,#4171);
#4170 = CARTESIAN_POINT('',(2.5,-1.45,0.1));
#4171 = VECTOR('',#4172,1.);
#4172 = DIRECTION('',(-2.334869823773E-16,1.,0.));
#4173 = ORIENTED_EDGE('',*,*,#4144,.T.);
#4174 = ORIENTED_EDGE('',*,*,#2228,.T.);
#4175 = ORIENTED_EDGE('',*,*,#4176,.T.);
#4176 = EDGE_CURVE('',#2221,#4167,#4177,.T.);
#4177 = LINE('',#4178,#4179);
#4178 = CARTESIAN_POINT('',(2.3,-1.45,0.1));
#4179 = VECTOR('',#4180,1.);
#4180 = DIRECTION('',(1.,2.334869823773E-16,0.));
#4181 = PLANE('',#4182);
#4182 = AXIS2_PLACEMENT_3D('',#4183,#4184,#4185);
#4183 = CARTESIAN_POINT('',(2.4,-1.3,0.1));
#4184 = DIRECTION('',(0.,0.,1.));
#4185 = DIRECTION('',(-2.334869823773E-16,1.,0.));
#4186 = ADVANCED_FACE('',(#4187),#4214,.F.);
#4187 = FACE_BOUND('',#4188,.F.);
#4188 = EDGE_LOOP('',(#4189,#4199,#4205,#4206,#4207,#4208));
#4189 = ORIENTED_EDGE('',*,*,#4190,.F.);
#4190 = EDGE_CURVE('',#4191,#4193,#4195,.T.);
#4191 = VERTEX_POINT('',#4192);
#4192 = CARTESIAN_POINT('',(2.3,-1.45,0.));
#4193 = VERTEX_POINT('',#4194);
#4194 = CARTESIAN_POINT('',(2.5,-1.45,0.));
#4195 = LINE('',#4196,#4197);
#4196 = CARTESIAN_POINT('',(2.3,-1.45,0.));
#4197 = VECTOR('',#4198,1.);
#4198 = DIRECTION('',(1.,2.334869823773E-16,0.));
#4199 = ORIENTED_EDGE('',*,*,#4200,.T.);
#4200 = EDGE_CURVE('',#4191,#2974,#4201,.T.);
#4201 = LINE('',#4202,#4203);
#4202 = CARTESIAN_POINT('',(2.3,-1.45,0.));
#4203 = VECTOR('',#4204,1.);
#4204 = DIRECTION('',(0.,0.,1.));
#4205 = ORIENTED_EDGE('',*,*,#2973,.F.);
#4206 = ORIENTED_EDGE('',*,*,#2220,.T.);
#4207 = ORIENTED_EDGE('',*,*,#4176,.T.);
#4208 = ORIENTED_EDGE('',*,*,#4209,.F.);
#4209 = EDGE_CURVE('',#4193,#4167,#4210,.T.);
#4210 = LINE('',#4211,#4212);
#4211 = CARTESIAN_POINT('',(2.5,-1.45,0.));
#4212 = VECTOR('',#4213,1.);
#4213 = DIRECTION('',(0.,0.,1.));
#4214 = PLANE('',#4215);
#4215 = AXIS2_PLACEMENT_3D('',#4216,#4217,#4218);
#4216 = CARTESIAN_POINT('',(2.3,-1.45,0.));
#4217 = DIRECTION('',(-2.334869823773E-16,1.,0.));
#4218 = DIRECTION('',(1.,2.334869823773E-16,0.));
#4219 = ADVANCED_FACE('',(#4220),#4254,.F.);
#4220 = FACE_BOUND('',#4221,.F.);
#4221 = EDGE_LOOP('',(#4222,#4232,#4238,#4239,#4240,#4248));
#4222 = ORIENTED_EDGE('',*,*,#4223,.F.);
#4223 = EDGE_CURVE('',#4224,#4226,#4228,.T.);
#4224 = VERTEX_POINT('',#4225);
#4225 = CARTESIAN_POINT('',(-2.3,1.45,0.));
#4226 = VERTEX_POINT('',#4227);
#4227 = CARTESIAN_POINT('',(-2.5,1.45,0.));
#4228 = LINE('',#4229,#4230);
#4229 = CARTESIAN_POINT('',(-2.3,1.45,0.));
#4230 = VECTOR('',#4231,1.);
#4231 = DIRECTION('',(-1.,-1.110223024625E-16,0.));
#4232 = ORIENTED_EDGE('',*,*,#4233,.T.);
#4233 = EDGE_CURVE('',#4224,#2742,#4234,.T.);
#4234 = LINE('',#4235,#4236);
#4235 = CARTESIAN_POINT('',(-2.3,1.45,0.));
#4236 = VECTOR('',#4237,1.);
#4237 = DIRECTION('',(0.,0.,1.));
#4238 = ORIENTED_EDGE('',*,*,#2741,.F.);
#4239 = ORIENTED_EDGE('',*,*,#2548,.F.);
#4240 = ORIENTED_EDGE('',*,*,#4241,.T.);
#4241 = EDGE_CURVE('',#2541,#4242,#4244,.T.);
#4242 = VERTEX_POINT('',#4243);
#4243 = CARTESIAN_POINT('',(-2.5,1.45,0.1));
#4244 = LINE('',#4245,#4246);
#4245 = CARTESIAN_POINT('',(-2.3,1.45,0.1));
#4246 = VECTOR('',#4247,1.);
#4247 = DIRECTION('',(-1.,-1.110223024625E-16,0.));
#4248 = ORIENTED_EDGE('',*,*,#4249,.F.);
#4249 = EDGE_CURVE('',#4226,#4242,#4250,.T.);
#4250 = LINE('',#4251,#4252);
#4251 = CARTESIAN_POINT('',(-2.5,1.45,0.));
#4252 = VECTOR('',#4253,1.);
#4253 = DIRECTION('',(0.,0.,1.));
#4254 = PLANE('',#4255);
#4255 = AXIS2_PLACEMENT_3D('',#4256,#4257,#4258);
#4256 = CARTESIAN_POINT('',(-2.3,1.45,0.));
#4257 = DIRECTION('',(1.110223024625E-16,-1.,0.));
#4258 = DIRECTION('',(-1.,-1.110223024625E-16,0.));
#4259 = ADVANCED_FACE('',(#4260),#4278,.T.);
#4260 = FACE_BOUND('',#4261,.T.);
#4261 = EDGE_LOOP('',(#4262,#4270,#4276,#4277));
#4262 = ORIENTED_EDGE('',*,*,#4263,.T.);
#4263 = EDGE_CURVE('',#4242,#4264,#4266,.T.);
#4264 = VERTEX_POINT('',#4265);
#4265 = CARTESIAN_POINT('',(-2.5,1.15,0.1));
#4266 = LINE('',#4267,#4268);
#4267 = CARTESIAN_POINT('',(-2.5,1.45,0.1));
#4268 = VECTOR('',#4269,1.);
#4269 = DIRECTION('',(1.110223024625E-16,-1.,0.));
#4270 = ORIENTED_EDGE('',*,*,#4271,.T.);
#4271 = EDGE_CURVE('',#4264,#2533,#4272,.T.);
#4272 = LINE('',#4273,#4274);
#4273 = CARTESIAN_POINT('',(-2.5,1.15,0.1));
#4274 = VECTOR('',#4275,1.);
#4275 = DIRECTION('',(1.,1.110223024625E-16,0.));
#4276 = ORIENTED_EDGE('',*,*,#2540,.F.);
#4277 = ORIENTED_EDGE('',*,*,#4241,.T.);
#4278 = PLANE('',#4279);
#4279 = AXIS2_PLACEMENT_3D('',#4280,#4281,#4282);
#4280 = CARTESIAN_POINT('',(-2.4,1.3,0.1));
#4281 = DIRECTION('',(0.,0.,1.));
#4282 = DIRECTION('',(1.110223024625E-16,-1.,0.));
#4283 = ADVANCED_FACE('',(#4284),#4311,.F.);
#4284 = FACE_BOUND('',#4285,.F.);
#4285 = EDGE_LOOP('',(#4286,#4296,#4302,#4303,#4304,#4305));
#4286 = ORIENTED_EDGE('',*,*,#4287,.F.);
#4287 = EDGE_CURVE('',#4288,#4290,#4292,.T.);
#4288 = VERTEX_POINT('',#4289);
#4289 = CARTESIAN_POINT('',(-2.5,1.15,0.));
#4290 = VERTEX_POINT('',#4291);
#4291 = CARTESIAN_POINT('',(-2.3,1.15,0.));
#4292 = LINE('',#4293,#4294);
#4293 = CARTESIAN_POINT('',(-2.5,1.15,0.));
#4294 = VECTOR('',#4295,1.);
#4295 = DIRECTION('',(1.,1.110223024625E-16,0.));
#4296 = ORIENTED_EDGE('',*,*,#4297,.T.);
#4297 = EDGE_CURVE('',#4288,#4264,#4298,.T.);
#4298 = LINE('',#4299,#4300);
#4299 = CARTESIAN_POINT('',(-2.5,1.15,0.));
#4300 = VECTOR('',#4301,1.);
#4301 = DIRECTION('',(0.,0.,1.));
#4302 = ORIENTED_EDGE('',*,*,#4271,.T.);
#4303 = ORIENTED_EDGE('',*,*,#2532,.F.);
#4304 = ORIENTED_EDGE('',*,*,#2757,.F.);
#4305 = ORIENTED_EDGE('',*,*,#4306,.F.);
#4306 = EDGE_CURVE('',#4290,#2750,#4307,.T.);
#4307 = LINE('',#4308,#4309);
#4308 = CARTESIAN_POINT('',(-2.3,1.15,0.));
#4309 = VECTOR('',#4310,1.);
#4310 = DIRECTION('',(0.,0.,1.));
#4311 = PLANE('',#4312);
#4312 = AXIS2_PLACEMENT_3D('',#4313,#4314,#4315);
#4313 = CARTESIAN_POINT('',(-2.5,1.15,0.));
#4314 = DIRECTION('',(-1.110223024625E-16,1.,0.));
#4315 = DIRECTION('',(1.,1.110223024625E-16,0.));
#4316 = ADVANCED_FACE('',(#4317),#4351,.F.);
#4317 = FACE_BOUND('',#4318,.F.);
#4318 = EDGE_LOOP('',(#4319,#4329,#4335,#4336,#4337,#4345));
#4319 = ORIENTED_EDGE('',*,*,#4320,.F.);
#4320 = EDGE_CURVE('',#4321,#4323,#4325,.T.);
#4321 = VERTEX_POINT('',#4322);
#4322 = CARTESIAN_POINT('',(-2.3,0.8,0.));
#4323 = VERTEX_POINT('',#4324);
#4324 = CARTESIAN_POINT('',(-2.5,0.8,0.));
#4325 = LINE('',#4326,#4327);
#4326 = CARTESIAN_POINT('',(-2.3,0.8,0.));
#4327 = VECTOR('',#4328,1.);
#4328 = DIRECTION('',(-1.,-1.110223024625E-16,0.));
#4329 = ORIENTED_EDGE('',*,*,#4330,.T.);
#4330 = EDGE_CURVE('',#4321,#2765,#4331,.T.);
#4331 = LINE('',#4332,#4333);
#4332 = CARTESIAN_POINT('',(-2.3,0.8,0.));
#4333 = VECTOR('',#4334,1.);
#4334 = DIRECTION('',(0.,0.,1.));
#4335 = ORIENTED_EDGE('',*,*,#2764,.F.);
#4336 = ORIENTED_EDGE('',*,*,#2516,.F.);
#4337 = ORIENTED_EDGE('',*,*,#4338,.T.);
#4338 = EDGE_CURVE('',#2509,#4339,#4341,.T.);
#4339 = VERTEX_POINT('',#4340);
#4340 = CARTESIAN_POINT('',(-2.5,0.8,0.1));
#4341 = LINE('',#4342,#4343);
#4342 = CARTESIAN_POINT('',(-2.3,0.8,0.1));
#4343 = VECTOR('',#4344,1.);
#4344 = DIRECTION('',(-1.,-1.110223024625E-16,0.));
#4345 = ORIENTED_EDGE('',*,*,#4346,.F.);
#4346 = EDGE_CURVE('',#4323,#4339,#4347,.T.);
#4347 = LINE('',#4348,#4349);
#4348 = CARTESIAN_POINT('',(-2.5,0.8,0.));
#4349 = VECTOR('',#4350,1.);
#4350 = DIRECTION('',(0.,0.,1.));
#4351 = PLANE('',#4352);
#4352 = AXIS2_PLACEMENT_3D('',#4353,#4354,#4355);
#4353 = CARTESIAN_POINT('',(-2.3,0.8,0.));
#4354 = DIRECTION('',(1.110223024625E-16,-1.,0.));
#4355 = DIRECTION('',(-1.,-1.110223024625E-16,0.));
#4356 = ADVANCED_FACE('',(#4357),#4375,.T.);
#4357 = FACE_BOUND('',#4358,.T.);
#4358 = EDGE_LOOP('',(#4359,#4367,#4373,#4374));
#4359 = ORIENTED_EDGE('',*,*,#4360,.T.);
#4360 = EDGE_CURVE('',#4339,#4361,#4363,.T.);
#4361 = VERTEX_POINT('',#4362);
#4362 = CARTESIAN_POINT('',(-2.5,0.5,0.1));
#4363 = LINE('',#4364,#4365);
#4364 = CARTESIAN_POINT('',(-2.5,0.8,0.1));
#4365 = VECTOR('',#4366,1.);
#4366 = DIRECTION('',(1.110223024625E-16,-1.,0.));
#4367 = ORIENTED_EDGE('',*,*,#4368,.T.);
#4368 = EDGE_CURVE('',#4361,#2501,#4369,.T.);
#4369 = LINE('',#4370,#4371);
#4370 = CARTESIAN_POINT('',(-2.5,0.5,0.1));
#4371 = VECTOR('',#4372,1.);
#4372 = DIRECTION('',(1.,1.110223024625E-16,0.));
#4373 = ORIENTED_EDGE('',*,*,#2508,.F.);
#4374 = ORIENTED_EDGE('',*,*,#4338,.T.);
#4375 = PLANE('',#4376);
#4376 = AXIS2_PLACEMENT_3D('',#4377,#4378,#4379);
#4377 = CARTESIAN_POINT('',(-2.4,0.65,0.1));
#4378 = DIRECTION('',(0.,0.,1.));
#4379 = DIRECTION('',(1.110223024625E-16,-1.,0.));
#4380 = ADVANCED_FACE('',(#4381),#4408,.F.);
#4381 = FACE_BOUND('',#4382,.F.);
#4382 = EDGE_LOOP('',(#4383,#4393,#4399,#4400,#4401,#4402));
#4383 = ORIENTED_EDGE('',*,*,#4384,.F.);
#4384 = EDGE_CURVE('',#4385,#4387,#4389,.T.);
#4385 = VERTEX_POINT('',#4386);
#4386 = CARTESIAN_POINT('',(-2.5,0.5,0.));
#4387 = VERTEX_POINT('',#4388);
#4388 = CARTESIAN_POINT('',(-2.3,0.5,0.));
#4389 = LINE('',#4390,#4391);
#4390 = CARTESIAN_POINT('',(-2.5,0.5,0.));
#4391 = VECTOR('',#4392,1.);
#4392 = DIRECTION('',(1.,1.110223024625E-16,0.));
#4393 = ORIENTED_EDGE('',*,*,#4394,.T.);
#4394 = EDGE_CURVE('',#4385,#4361,#4395,.T.);
#4395 = LINE('',#4396,#4397);
#4396 = CARTESIAN_POINT('',(-2.5,0.5,0.));
#4397 = VECTOR('',#4398,1.);
#4398 = DIRECTION('',(0.,0.,1.));
#4399 = ORIENTED_EDGE('',*,*,#4368,.T.);
#4400 = ORIENTED_EDGE('',*,*,#2500,.F.);
#4401 = ORIENTED_EDGE('',*,*,#2780,.F.);
#4402 = ORIENTED_EDGE('',*,*,#4403,.F.);
#4403 = EDGE_CURVE('',#4387,#2773,#4404,.T.);
#4404 = LINE('',#4405,#4406);
#4405 = CARTESIAN_POINT('',(-2.3,0.5,0.));
#4406 = VECTOR('',#4407,1.);
#4407 = DIRECTION('',(0.,0.,1.));
#4408 = PLANE('',#4409);
#4409 = AXIS2_PLACEMENT_3D('',#4410,#4411,#4412);
#4410 = CARTESIAN_POINT('',(-2.5,0.5,0.));
#4411 = DIRECTION('',(-1.110223024625E-16,1.,0.));
#4412 = DIRECTION('',(1.,1.110223024625E-16,0.));
#4413 = ADVANCED_FACE('',(#4414),#4448,.F.);
#4414 = FACE_BOUND('',#4415,.F.);
#4415 = EDGE_LOOP('',(#4416,#4426,#4432,#4433,#4434,#4442));
#4416 = ORIENTED_EDGE('',*,*,#4417,.F.);
#4417 = EDGE_CURVE('',#4418,#4420,#4422,.T.);
#4418 = VERTEX_POINT('',#4419);
#4419 = CARTESIAN_POINT('',(-2.3,0.15,0.));
#4420 = VERTEX_POINT('',#4421);
#4421 = CARTESIAN_POINT('',(-2.5,0.15,0.));
#4422 = LINE('',#4423,#4424);
#4423 = CARTESIAN_POINT('',(-2.3,0.15,0.));
#4424 = VECTOR('',#4425,1.);
#4425 = DIRECTION('',(-1.,-1.110223024625E-16,0.));
#4426 = ORIENTED_EDGE('',*,*,#4427,.T.);
#4427 = EDGE_CURVE('',#4418,#2788,#4428,.T.);
#4428 = LINE('',#4429,#4430);
#4429 = CARTESIAN_POINT('',(-2.3,0.15,0.));
#4430 = VECTOR('',#4431,1.);
#4431 = DIRECTION('',(0.,0.,1.));
#4432 = ORIENTED_EDGE('',*,*,#2787,.F.);
#4433 = ORIENTED_EDGE('',*,*,#2484,.F.);
#4434 = ORIENTED_EDGE('',*,*,#4435,.T.);
#4435 = EDGE_CURVE('',#2477,#4436,#4438,.T.);
#4436 = VERTEX_POINT('',#4437);
#4437 = CARTESIAN_POINT('',(-2.5,0.15,0.1));
#4438 = LINE('',#4439,#4440);
#4439 = CARTESIAN_POINT('',(-2.3,0.15,0.1));
#4440 = VECTOR('',#4441,1.);
#4441 = DIRECTION('',(-1.,-1.110223024625E-16,0.));
#4442 = ORIENTED_EDGE('',*,*,#4443,.F.);
#4443 = EDGE_CURVE('',#4420,#4436,#4444,.T.);
#4444 = LINE('',#4445,#4446);
#4445 = CARTESIAN_POINT('',(-2.5,0.15,0.));
#4446 = VECTOR('',#4447,1.);
#4447 = DIRECTION('',(0.,0.,1.));
#4448 = PLANE('',#4449);
#4449 = AXIS2_PLACEMENT_3D('',#4450,#4451,#4452);
#4450 = CARTESIAN_POINT('',(-2.3,0.15,0.));
#4451 = DIRECTION('',(1.110223024625E-16,-1.,0.));
#4452 = DIRECTION('',(-1.,-1.110223024625E-16,0.));
#4453 = ADVANCED_FACE('',(#4454),#4472,.T.);
#4454 = FACE_BOUND('',#4455,.T.);
#4455 = EDGE_LOOP('',(#4456,#4464,#4470,#4471));
#4456 = ORIENTED_EDGE('',*,*,#4457,.T.);
#4457 = EDGE_CURVE('',#4436,#4458,#4460,.T.);
#4458 = VERTEX_POINT('',#4459);
#4459 = CARTESIAN_POINT('',(-2.5,-0.15,0.1));
#4460 = LINE('',#4461,#4462);
#4461 = CARTESIAN_POINT('',(-2.5,0.15,0.1));
#4462 = VECTOR('',#4463,1.);
#4463 = DIRECTION('',(1.110223024625E-16,-1.,0.));
#4464 = ORIENTED_EDGE('',*,*,#4465,.T.);
#4465 = EDGE_CURVE('',#4458,#2469,#4466,.T.);
#4466 = LINE('',#4467,#4468);
#4467 = CARTESIAN_POINT('',(-2.5,-0.15,0.1));
#4468 = VECTOR('',#4469,1.);
#4469 = DIRECTION('',(1.,1.110223024625E-16,0.));
#4470 = ORIENTED_EDGE('',*,*,#2476,.F.);
#4471 = ORIENTED_EDGE('',*,*,#4435,.T.);
#4472 = PLANE('',#4473);
#4473 = AXIS2_PLACEMENT_3D('',#4474,#4475,#4476);
#4474 = CARTESIAN_POINT('',(-2.4,-2.6645352591E-16,0.1));
#4475 = DIRECTION('',(0.,0.,1.));
#4476 = DIRECTION('',(1.110223024625E-16,-1.,0.));
#4477 = ADVANCED_FACE('',(#4478),#4505,.F.);
#4478 = FACE_BOUND('',#4479,.F.);
#4479 = EDGE_LOOP('',(#4480,#4490,#4496,#4497,#4498,#4499));
#4480 = ORIENTED_EDGE('',*,*,#4481,.F.);
#4481 = EDGE_CURVE('',#4482,#4484,#4486,.T.);
#4482 = VERTEX_POINT('',#4483);
#4483 = CARTESIAN_POINT('',(-2.5,-0.15,0.));
#4484 = VERTEX_POINT('',#4485);
#4485 = CARTESIAN_POINT('',(-2.3,-0.15,0.));
#4486 = LINE('',#4487,#4488);
#4487 = CARTESIAN_POINT('',(-2.5,-0.15,0.));
#4488 = VECTOR('',#4489,1.);
#4489 = DIRECTION('',(1.,1.110223024625E-16,0.));
#4490 = ORIENTED_EDGE('',*,*,#4491,.T.);
#4491 = EDGE_CURVE('',#4482,#4458,#4492,.T.);
#4492 = LINE('',#4493,#4494);
#4493 = CARTESIAN_POINT('',(-2.5,-0.15,0.));
#4494 = VECTOR('',#4495,1.);
#4495 = DIRECTION('',(0.,0.,1.));
#4496 = ORIENTED_EDGE('',*,*,#4465,.T.);
#4497 = ORIENTED_EDGE('',*,*,#2468,.F.);
#4498 = ORIENTED_EDGE('',*,*,#2803,.F.);
#4499 = ORIENTED_EDGE('',*,*,#4500,.F.);
#4500 = EDGE_CURVE('',#4484,#2796,#4501,.T.);
#4501 = LINE('',#4502,#4503);
#4502 = CARTESIAN_POINT('',(-2.3,-0.15,0.));
#4503 = VECTOR('',#4504,1.);
#4504 = DIRECTION('',(0.,0.,1.));
#4505 = PLANE('',#4506);
#4506 = AXIS2_PLACEMENT_3D('',#4507,#4508,#4509);
#4507 = CARTESIAN_POINT('',(-2.5,-0.15,0.));
#4508 = DIRECTION('',(-1.110223024625E-16,1.,0.));
#4509 = DIRECTION('',(1.,1.110223024625E-16,0.));
#4510 = ADVANCED_FACE('',(#4511),#4545,.F.);
#4511 = FACE_BOUND('',#4512,.F.);
#4512 = EDGE_LOOP('',(#4513,#4523,#4529,#4530,#4531,#4539));
#4513 = ORIENTED_EDGE('',*,*,#4514,.F.);
#4514 = EDGE_CURVE('',#4515,#4517,#4519,.T.);
#4515 = VERTEX_POINT('',#4516);
#4516 = CARTESIAN_POINT('',(-2.3,-0.5,0.));
#4517 = VERTEX_POINT('',#4518);
#4518 = CARTESIAN_POINT('',(-2.5,-0.5,0.));
#4519 = LINE('',#4520,#4521);
#4520 = CARTESIAN_POINT('',(-2.3,-0.5,0.));
#4521 = VECTOR('',#4522,1.);
#4522 = DIRECTION('',(-1.,-1.110223024625E-16,0.));
#4523 = ORIENTED_EDGE('',*,*,#4524,.T.);
#4524 = EDGE_CURVE('',#4515,#2811,#4525,.T.);
#4525 = LINE('',#4526,#4527);
#4526 = CARTESIAN_POINT('',(-2.3,-0.5,0.));
#4527 = VECTOR('',#4528,1.);
#4528 = DIRECTION('',(0.,0.,1.));
#4529 = ORIENTED_EDGE('',*,*,#2810,.F.);
#4530 = ORIENTED_EDGE('',*,*,#2452,.F.);
#4531 = ORIENTED_EDGE('',*,*,#4532,.T.);
#4532 = EDGE_CURVE('',#2445,#4533,#4535,.T.);
#4533 = VERTEX_POINT('',#4534);
#4534 = CARTESIAN_POINT('',(-2.5,-0.5,0.1));
#4535 = LINE('',#4536,#4537);
#4536 = CARTESIAN_POINT('',(-2.3,-0.5,0.1));
#4537 = VECTOR('',#4538,1.);
#4538 = DIRECTION('',(-1.,-1.110223024625E-16,0.));
#4539 = ORIENTED_EDGE('',*,*,#4540,.F.);
#4540 = EDGE_CURVE('',#4517,#4533,#4541,.T.);
#4541 = LINE('',#4542,#4543);
#4542 = CARTESIAN_POINT('',(-2.5,-0.5,0.));
#4543 = VECTOR('',#4544,1.);
#4544 = DIRECTION('',(0.,0.,1.));
#4545 = PLANE('',#4546);
#4546 = AXIS2_PLACEMENT_3D('',#4547,#4548,#4549);
#4547 = CARTESIAN_POINT('',(-2.3,-0.5,0.));
#4548 = DIRECTION('',(1.110223024625E-16,-1.,0.));
#4549 = DIRECTION('',(-1.,-1.110223024625E-16,0.));
#4550 = ADVANCED_FACE('',(#4551),#4569,.T.);
#4551 = FACE_BOUND('',#4552,.T.);
#4552 = EDGE_LOOP('',(#4553,#4561,#4567,#4568));
#4553 = ORIENTED_EDGE('',*,*,#4554,.T.);
#4554 = EDGE_CURVE('',#4533,#4555,#4557,.T.);
#4555 = VERTEX_POINT('',#4556);
#4556 = CARTESIAN_POINT('',(-2.5,-0.8,0.1));
#4557 = LINE('',#4558,#4559);
#4558 = CARTESIAN_POINT('',(-2.5,-0.5,0.1));
#4559 = VECTOR('',#4560,1.);
#4560 = DIRECTION('',(1.110223024625E-16,-1.,0.));
#4561 = ORIENTED_EDGE('',*,*,#4562,.T.);
#4562 = EDGE_CURVE('',#4555,#2437,#4563,.T.);
#4563 = LINE('',#4564,#4565);
#4564 = CARTESIAN_POINT('',(-2.5,-0.8,0.1));
#4565 = VECTOR('',#4566,1.);
#4566 = DIRECTION('',(1.,1.110223024625E-16,0.));
#4567 = ORIENTED_EDGE('',*,*,#2444,.F.);
#4568 = ORIENTED_EDGE('',*,*,#4532,.T.);
#4569 = PLANE('',#4570);
#4570 = AXIS2_PLACEMENT_3D('',#4571,#4572,#4573);
#4571 = CARTESIAN_POINT('',(-2.4,-0.65,0.1));
#4572 = DIRECTION('',(0.,0.,1.));
#4573 = DIRECTION('',(1.110223024625E-16,-1.,0.));
#4574 = ADVANCED_FACE('',(#4575),#4602,.F.);
#4575 = FACE_BOUND('',#4576,.F.);
#4576 = EDGE_LOOP('',(#4577,#4587,#4593,#4594,#4595,#4596));
#4577 = ORIENTED_EDGE('',*,*,#4578,.F.);
#4578 = EDGE_CURVE('',#4579,#4581,#4583,.T.);
#4579 = VERTEX_POINT('',#4580);
#4580 = CARTESIAN_POINT('',(-2.5,-0.8,0.));
#4581 = VERTEX_POINT('',#4582);
#4582 = CARTESIAN_POINT('',(-2.3,-0.8,0.));
#4583 = LINE('',#4584,#4585);
#4584 = CARTESIAN_POINT('',(-2.5,-0.8,0.));
#4585 = VECTOR('',#4586,1.);
#4586 = DIRECTION('',(1.,1.110223024625E-16,0.));
#4587 = ORIENTED_EDGE('',*,*,#4588,.T.);
#4588 = EDGE_CURVE('',#4579,#4555,#4589,.T.);
#4589 = LINE('',#4590,#4591);
#4590 = CARTESIAN_POINT('',(-2.5,-0.8,0.));
#4591 = VECTOR('',#4592,1.);
#4592 = DIRECTION('',(0.,0.,1.));
#4593 = ORIENTED_EDGE('',*,*,#4562,.T.);
#4594 = ORIENTED_EDGE('',*,*,#2436,.F.);
#4595 = ORIENTED_EDGE('',*,*,#2826,.F.);
#4596 = ORIENTED_EDGE('',*,*,#4597,.F.);
#4597 = EDGE_CURVE('',#4581,#2819,#4598,.T.);
#4598 = LINE('',#4599,#4600);
#4599 = CARTESIAN_POINT('',(-2.3,-0.8,0.));
#4600 = VECTOR('',#4601,1.);
#4601 = DIRECTION('',(0.,0.,1.));
#4602 = PLANE('',#4603);
#4603 = AXIS2_PLACEMENT_3D('',#4604,#4605,#4606);
#4604 = CARTESIAN_POINT('',(-2.5,-0.8,0.));
#4605 = DIRECTION('',(-1.110223024625E-16,1.,0.));
#4606 = DIRECTION('',(1.,1.110223024625E-16,0.));
#4607 = ADVANCED_FACE('',(#4608),#4642,.F.);
#4608 = FACE_BOUND('',#4609,.F.);
#4609 = EDGE_LOOP('',(#4610,#4620,#4626,#4627,#4628,#4636));
#4610 = ORIENTED_EDGE('',*,*,#4611,.F.);
#4611 = EDGE_CURVE('',#4612,#4614,#4616,.T.);
#4612 = VERTEX_POINT('',#4613);
#4613 = CARTESIAN_POINT('',(-2.3,-1.15,0.));
#4614 = VERTEX_POINT('',#4615);
#4615 = CARTESIAN_POINT('',(-2.5,-1.15,0.));
#4616 = LINE('',#4617,#4618);
#4617 = CARTESIAN_POINT('',(-2.3,-1.15,0.));
#4618 = VECTOR('',#4619,1.);
#4619 = DIRECTION('',(-1.,-1.110223024625E-16,0.));
#4620 = ORIENTED_EDGE('',*,*,#4621,.T.);
#4621 = EDGE_CURVE('',#4612,#2834,#4622,.T.);
#4622 = LINE('',#4623,#4624);
#4623 = CARTESIAN_POINT('',(-2.3,-1.15,0.));
#4624 = VECTOR('',#4625,1.);
#4625 = DIRECTION('',(0.,0.,1.));
#4626 = ORIENTED_EDGE('',*,*,#2833,.F.);
#4627 = ORIENTED_EDGE('',*,*,#2420,.F.);
#4628 = ORIENTED_EDGE('',*,*,#4629,.T.);
#4629 = EDGE_CURVE('',#2413,#4630,#4632,.T.);
#4630 = VERTEX_POINT('',#4631);
#4631 = CARTESIAN_POINT('',(-2.5,-1.15,0.1));
#4632 = LINE('',#4633,#4634);
#4633 = CARTESIAN_POINT('',(-2.3,-1.15,0.1));
#4634 = VECTOR('',#4635,1.);
#4635 = DIRECTION('',(-1.,-1.110223024625E-16,0.));
#4636 = ORIENTED_EDGE('',*,*,#4637,.F.);
#4637 = EDGE_CURVE('',#4614,#4630,#4638,.T.);
#4638 = LINE('',#4639,#4640);
#4639 = CARTESIAN_POINT('',(-2.5,-1.15,0.));
#4640 = VECTOR('',#4641,1.);
#4641 = DIRECTION('',(0.,0.,1.));
#4642 = PLANE('',#4643);
#4643 = AXIS2_PLACEMENT_3D('',#4644,#4645,#4646);
#4644 = CARTESIAN_POINT('',(-2.3,-1.15,0.));
#4645 = DIRECTION('',(1.110223024625E-16,-1.,0.));
#4646 = DIRECTION('',(-1.,-1.110223024625E-16,0.));
#4647 = ADVANCED_FACE('',(#4648),#4666,.T.);
#4648 = FACE_BOUND('',#4649,.T.);
#4649 = EDGE_LOOP('',(#4650,#4658,#4664,#4665));
#4650 = ORIENTED_EDGE('',*,*,#4651,.T.);
#4651 = EDGE_CURVE('',#4630,#4652,#4654,.T.);
#4652 = VERTEX_POINT('',#4653);
#4653 = CARTESIAN_POINT('',(-2.5,-1.45,0.1));
#4654 = LINE('',#4655,#4656);
#4655 = CARTESIAN_POINT('',(-2.5,-1.15,0.1));
#4656 = VECTOR('',#4657,1.);
#4657 = DIRECTION('',(1.110223024625E-16,-1.,0.));
#4658 = ORIENTED_EDGE('',*,*,#4659,.T.);
#4659 = EDGE_CURVE('',#4652,#2405,#4660,.T.);
#4660 = LINE('',#4661,#4662);
#4661 = CARTESIAN_POINT('',(-2.5,-1.45,0.1));
#4662 = VECTOR('',#4663,1.);
#4663 = DIRECTION('',(1.,1.110223024625E-16,0.));
#4664 = ORIENTED_EDGE('',*,*,#2412,.F.);
#4665 = ORIENTED_EDGE('',*,*,#4629,.T.);
#4666 = PLANE('',#4667);
#4667 = AXIS2_PLACEMENT_3D('',#4668,#4669,#4670);
#4668 = CARTESIAN_POINT('',(-2.4,-1.3,0.1));
#4669 = DIRECTION('',(0.,0.,1.));
#4670 = DIRECTION('',(1.110223024625E-16,-1.,0.));
#4671 = ADVANCED_FACE('',(#4672),#4699,.F.);
#4672 = FACE_BOUND('',#4673,.F.);
#4673 = EDGE_LOOP('',(#4674,#4684,#4690,#4691,#4692,#4693));
#4674 = ORIENTED_EDGE('',*,*,#4675,.F.);
#4675 = EDGE_CURVE('',#4676,#4678,#4680,.T.);
#4676 = VERTEX_POINT('',#4677);
#4677 = CARTESIAN_POINT('',(-2.5,-1.45,0.));
#4678 = VERTEX_POINT('',#4679);
#4679 = CARTESIAN_POINT('',(-2.3,-1.45,0.));
#4680 = LINE('',#4681,#4682);
#4681 = CARTESIAN_POINT('',(-2.5,-1.45,0.));
#4682 = VECTOR('',#4683,1.);
#4683 = DIRECTION('',(1.,1.110223024625E-16,0.));
#4684 = ORIENTED_EDGE('',*,*,#4685,.T.);
#4685 = EDGE_CURVE('',#4676,#4652,#4686,.T.);
#4686 = LINE('',#4687,#4688);
#4687 = CARTESIAN_POINT('',(-2.5,-1.45,0.));
#4688 = VECTOR('',#4689,1.);
#4689 = DIRECTION('',(0.,0.,1.));
#4690 = ORIENTED_EDGE('',*,*,#4659,.T.);
#4691 = ORIENTED_EDGE('',*,*,#2404,.F.);
#4692 = ORIENTED_EDGE('',*,*,#2849,.F.);
#4693 = ORIENTED_EDGE('',*,*,#4694,.F.);
#4694 = EDGE_CURVE('',#4678,#2842,#4695,.T.);
#4695 = LINE('',#4696,#4697);
#4696 = CARTESIAN_POINT('',(-2.3,-1.45,0.));
#4697 = VECTOR('',#4698,1.);
#4698 = DIRECTION('',(0.,0.,1.));
#4699 = PLANE('',#4700);
#4700 = AXIS2_PLACEMENT_3D('',#4701,#4702,#4703);
#4701 = CARTESIAN_POINT('',(-2.5,-1.45,0.));
#4702 = DIRECTION('',(-1.110223024625E-16,1.,0.));
#4703 = DIRECTION('',(1.,1.110223024625E-16,0.));
#4704 = ADVANCED_FACE('',(#4705),#4739,.F.);
#4705 = FACE_BOUND('',#4706,.F.);
#4706 = EDGE_LOOP('',(#4707,#4717,#4725,#4731,#4732,#4733));
#4707 = ORIENTED_EDGE('',*,*,#4708,.F.);
#4708 = EDGE_CURVE('',#4709,#4711,#4713,.T.);
#4709 = VERTEX_POINT('',#4710);
#4710 = CARTESIAN_POINT('',(1.45,-2.5,0.));
#4711 = VERTEX_POINT('',#4712);
#4712 = CARTESIAN_POINT('',(1.45,-2.3,0.));
#4713 = LINE('',#4714,#4715);
#4714 = CARTESIAN_POINT('',(1.45,-2.5,0.));
#4715 = VECTOR('',#4716,1.);
#4716 = DIRECTION('',(-1.144237745222E-17,1.,0.));
#4717 = ORIENTED_EDGE('',*,*,#4718,.T.);
#4718 = EDGE_CURVE('',#4709,#4719,#4721,.T.);
#4719 = VERTEX_POINT('',#4720);
#4720 = CARTESIAN_POINT('',(1.45,-2.5,0.1));
#4721 = LINE('',#4722,#4723);
#4722 = CARTESIAN_POINT('',(1.45,-2.5,0.));
#4723 = VECTOR('',#4724,1.);
#4724 = DIRECTION('',(0.,0.,1.));
#4725 = ORIENTED_EDGE('',*,*,#4726,.T.);
#4726 = EDGE_CURVE('',#4719,#2709,#4727,.T.);
#4727 = LINE('',#4728,#4729);
#4728 = CARTESIAN_POINT('',(1.45,-2.5,0.1));
#4729 = VECTOR('',#4730,1.);
#4730 = DIRECTION('',(-1.144237745222E-17,1.,0.));
#4731 = ORIENTED_EDGE('',*,*,#2716,.T.);
#4732 = ORIENTED_EDGE('',*,*,#2965,.F.);
#4733 = ORIENTED_EDGE('',*,*,#4734,.F.);
#4734 = EDGE_CURVE('',#4711,#2958,#4735,.T.);
#4735 = LINE('',#4736,#4737);
#4736 = CARTESIAN_POINT('',(1.45,-2.3,0.));
#4737 = VECTOR('',#4738,1.);
#4738 = DIRECTION('',(0.,0.,1.));
#4739 = PLANE('',#4740);
#4740 = AXIS2_PLACEMENT_3D('',#4741,#4742,#4743);
#4741 = CARTESIAN_POINT('',(1.45,-2.5,0.));
#4742 = DIRECTION('',(-1.,-1.144237745222E-17,0.));
#4743 = DIRECTION('',(-1.144237745222E-17,1.,0.));
#4744 = ADVANCED_FACE('',(#4745),#4763,.T.);
#4745 = FACE_BOUND('',#4746,.T.);
#4746 = EDGE_LOOP('',(#4747,#4755,#4756,#4757));
#4747 = ORIENTED_EDGE('',*,*,#4748,.T.);
#4748 = EDGE_CURVE('',#4749,#4719,#4751,.T.);
#4749 = VERTEX_POINT('',#4750);
#4750 = CARTESIAN_POINT('',(1.15,-2.5,0.1));
#4751 = LINE('',#4752,#4753);
#4752 = CARTESIAN_POINT('',(1.15,-2.5,0.1));
#4753 = VECTOR('',#4754,1.);
#4754 = DIRECTION('',(1.,1.144237745222E-17,0.));
#4755 = ORIENTED_EDGE('',*,*,#4726,.T.);
#4756 = ORIENTED_EDGE('',*,*,#2708,.T.);
#4757 = ORIENTED_EDGE('',*,*,#4758,.T.);
#4758 = EDGE_CURVE('',#2701,#4749,#4759,.T.);
#4759 = LINE('',#4760,#4761);
#4760 = CARTESIAN_POINT('',(1.15,-2.3,0.1));
#4761 = VECTOR('',#4762,1.);
#4762 = DIRECTION('',(1.144237745222E-17,-1.,0.));
#4763 = PLANE('',#4764);
#4764 = AXIS2_PLACEMENT_3D('',#4765,#4766,#4767);
#4765 = CARTESIAN_POINT('',(1.3,-2.4,0.1));
#4766 = DIRECTION('',(0.,0.,1.));
#4767 = DIRECTION('',(1.,1.144237745222E-17,-0.));
#4768 = ADVANCED_FACE('',(#4769),#4796,.F.);
#4769 = FACE_BOUND('',#4770,.F.);
#4770 = EDGE_LOOP('',(#4771,#4781,#4787,#4788,#4789,#4790));
#4771 = ORIENTED_EDGE('',*,*,#4772,.F.);
#4772 = EDGE_CURVE('',#4773,#4775,#4777,.T.);
#4773 = VERTEX_POINT('',#4774);
#4774 = CARTESIAN_POINT('',(1.15,-2.3,0.));
#4775 = VERTEX_POINT('',#4776);
#4776 = CARTESIAN_POINT('',(1.15,-2.5,0.));
#4777 = LINE('',#4778,#4779);
#4778 = CARTESIAN_POINT('',(1.15,-2.3,0.));
#4779 = VECTOR('',#4780,1.);
#4780 = DIRECTION('',(1.144237745222E-17,-1.,0.));
#4781 = ORIENTED_EDGE('',*,*,#4782,.T.);
#4782 = EDGE_CURVE('',#4773,#2950,#4783,.T.);
#4783 = LINE('',#4784,#4785);
#4784 = CARTESIAN_POINT('',(1.15,-2.3,0.));
#4785 = VECTOR('',#4786,1.);
#4786 = DIRECTION('',(0.,0.,1.));
#4787 = ORIENTED_EDGE('',*,*,#2949,.F.);
#4788 = ORIENTED_EDGE('',*,*,#2700,.T.);
#4789 = ORIENTED_EDGE('',*,*,#4758,.T.);
#4790 = ORIENTED_EDGE('',*,*,#4791,.F.);
#4791 = EDGE_CURVE('',#4775,#4749,#4792,.T.);
#4792 = LINE('',#4793,#4794);
#4793 = CARTESIAN_POINT('',(1.15,-2.5,0.));
#4794 = VECTOR('',#4795,1.);
#4795 = DIRECTION('',(0.,0.,1.));
#4796 = PLANE('',#4797);
#4797 = AXIS2_PLACEMENT_3D('',#4798,#4799,#4800);
#4798 = CARTESIAN_POINT('',(1.15,-2.3,0.));
#4799 = DIRECTION('',(1.,1.144237745222E-17,0.));
#4800 = DIRECTION('',(1.144237745222E-17,-1.,0.));
#4801 = ADVANCED_FACE('',(#4802),#4836,.F.);
#4802 = FACE_BOUND('',#4803,.F.);
#4803 = EDGE_LOOP('',(#4804,#4814,#4822,#4828,#4829,#4830));
#4804 = ORIENTED_EDGE('',*,*,#4805,.F.);
#4805 = EDGE_CURVE('',#4806,#4808,#4810,.T.);
#4806 = VERTEX_POINT('',#4807);
#4807 = CARTESIAN_POINT('',(0.8,-2.5,0.));
#4808 = VERTEX_POINT('',#4809);
#4809 = CARTESIAN_POINT('',(0.8,-2.3,0.));
#4810 = LINE('',#4811,#4812);
#4811 = CARTESIAN_POINT('',(0.8,-2.5,0.));
#4812 = VECTOR('',#4813,1.);
#4813 = DIRECTION('',(-1.144237745222E-17,1.,0.));
#4814 = ORIENTED_EDGE('',*,*,#4815,.T.);
#4815 = EDGE_CURVE('',#4806,#4816,#4818,.T.);
#4816 = VERTEX_POINT('',#4817);
#4817 = CARTESIAN_POINT('',(0.8,-2.5,0.1));
#4818 = LINE('',#4819,#4820);
#4819 = CARTESIAN_POINT('',(0.8,-2.5,0.));
#4820 = VECTOR('',#4821,1.);
#4821 = DIRECTION('',(0.,0.,1.));
#4822 = ORIENTED_EDGE('',*,*,#4823,.T.);
#4823 = EDGE_CURVE('',#4816,#2677,#4824,.T.);
#4824 = LINE('',#4825,#4826);
#4825 = CARTESIAN_POINT('',(0.8,-2.5,0.1));
#4826 = VECTOR('',#4827,1.);
#4827 = DIRECTION('',(-1.144237745222E-17,1.,0.));
#4828 = ORIENTED_EDGE('',*,*,#2684,.T.);
#4829 = ORIENTED_EDGE('',*,*,#2942,.F.);
#4830 = ORIENTED_EDGE('',*,*,#4831,.F.);
#4831 = EDGE_CURVE('',#4808,#2935,#4832,.T.);
#4832 = LINE('',#4833,#4834);
#4833 = CARTESIAN_POINT('',(0.8,-2.3,0.));
#4834 = VECTOR('',#4835,1.);
#4835 = DIRECTION('',(0.,0.,1.));
#4836 = PLANE('',#4837);
#4837 = AXIS2_PLACEMENT_3D('',#4838,#4839,#4840);
#4838 = CARTESIAN_POINT('',(0.8,-2.5,0.));
#4839 = DIRECTION('',(-1.,-1.144237745222E-17,0.));
#4840 = DIRECTION('',(-1.144237745222E-17,1.,0.));
#4841 = ADVANCED_FACE('',(#4842),#4860,.T.);
#4842 = FACE_BOUND('',#4843,.T.);
#4843 = EDGE_LOOP('',(#4844,#4852,#4853,#4854));
#4844 = ORIENTED_EDGE('',*,*,#4845,.T.);
#4845 = EDGE_CURVE('',#4846,#4816,#4848,.T.);
#4846 = VERTEX_POINT('',#4847);
#4847 = CARTESIAN_POINT('',(0.5,-2.5,0.1));
#4848 = LINE('',#4849,#4850);
#4849 = CARTESIAN_POINT('',(0.5,-2.5,0.1));
#4850 = VECTOR('',#4851,1.);
#4851 = DIRECTION('',(1.,1.144237745222E-17,0.));
#4852 = ORIENTED_EDGE('',*,*,#4823,.T.);
#4853 = ORIENTED_EDGE('',*,*,#2676,.T.);
#4854 = ORIENTED_EDGE('',*,*,#4855,.T.);
#4855 = EDGE_CURVE('',#2669,#4846,#4856,.T.);
#4856 = LINE('',#4857,#4858);
#4857 = CARTESIAN_POINT('',(0.5,-2.3,0.1));
#4858 = VECTOR('',#4859,1.);
#4859 = DIRECTION('',(1.144237745222E-17,-1.,0.));
#4860 = PLANE('',#4861);
#4861 = AXIS2_PLACEMENT_3D('',#4862,#4863,#4864);
#4862 = CARTESIAN_POINT('',(0.65,-2.4,0.1));
#4863 = DIRECTION('',(0.,0.,1.));
#4864 = DIRECTION('',(1.,1.144237745222E-17,-0.));
#4865 = ADVANCED_FACE('',(#4866),#4893,.F.);
#4866 = FACE_BOUND('',#4867,.F.);
#4867 = EDGE_LOOP('',(#4868,#4878,#4884,#4885,#4886,#4887));
#4868 = ORIENTED_EDGE('',*,*,#4869,.F.);
#4869 = EDGE_CURVE('',#4870,#4872,#4874,.T.);
#4870 = VERTEX_POINT('',#4871);
#4871 = CARTESIAN_POINT('',(0.5,-2.3,0.));
#4872 = VERTEX_POINT('',#4873);
#4873 = CARTESIAN_POINT('',(0.5,-2.5,0.));
#4874 = LINE('',#4875,#4876);
#4875 = CARTESIAN_POINT('',(0.5,-2.3,0.));
#4876 = VECTOR('',#4877,1.);
#4877 = DIRECTION('',(1.144237745222E-17,-1.,0.));
#4878 = ORIENTED_EDGE('',*,*,#4879,.T.);
#4879 = EDGE_CURVE('',#4870,#2927,#4880,.T.);
#4880 = LINE('',#4881,#4882);
#4881 = CARTESIAN_POINT('',(0.5,-2.3,0.));
#4882 = VECTOR('',#4883,1.);
#4883 = DIRECTION('',(0.,0.,1.));
#4884 = ORIENTED_EDGE('',*,*,#2926,.F.);
#4885 = ORIENTED_EDGE('',*,*,#2668,.T.);
#4886 = ORIENTED_EDGE('',*,*,#4855,.T.);
#4887 = ORIENTED_EDGE('',*,*,#4888,.F.);
#4888 = EDGE_CURVE('',#4872,#4846,#4889,.T.);
#4889 = LINE('',#4890,#4891);
#4890 = CARTESIAN_POINT('',(0.5,-2.5,0.));
#4891 = VECTOR('',#4892,1.);
#4892 = DIRECTION('',(0.,0.,1.));
#4893 = PLANE('',#4894);
#4894 = AXIS2_PLACEMENT_3D('',#4895,#4896,#4897);
#4895 = CARTESIAN_POINT('',(0.5,-2.3,0.));
#4896 = DIRECTION('',(1.,1.144237745222E-17,0.));
#4897 = DIRECTION('',(1.144237745222E-17,-1.,0.));
#4898 = ADVANCED_FACE('',(#4899),#4933,.F.);
#4899 = FACE_BOUND('',#4900,.F.);
#4900 = EDGE_LOOP('',(#4901,#4911,#4919,#4925,#4926,#4927));
#4901 = ORIENTED_EDGE('',*,*,#4902,.F.);
#4902 = EDGE_CURVE('',#4903,#4905,#4907,.T.);
#4903 = VERTEX_POINT('',#4904);
#4904 = CARTESIAN_POINT('',(0.15,-2.5,0.));
#4905 = VERTEX_POINT('',#4906);
#4906 = CARTESIAN_POINT('',(0.15,-2.3,0.));
#4907 = LINE('',#4908,#4909);
#4908 = CARTESIAN_POINT('',(0.15,-2.5,0.));
#4909 = VECTOR('',#4910,1.);
#4910 = DIRECTION('',(-1.144237745222E-17,1.,0.));
#4911 = ORIENTED_EDGE('',*,*,#4912,.T.);
#4912 = EDGE_CURVE('',#4903,#4913,#4915,.T.);
#4913 = VERTEX_POINT('',#4914);
#4914 = CARTESIAN_POINT('',(0.15,-2.5,0.1));
#4915 = LINE('',#4916,#4917);
#4916 = CARTESIAN_POINT('',(0.15,-2.5,0.));
#4917 = VECTOR('',#4918,1.);
#4918 = DIRECTION('',(0.,0.,1.));
#4919 = ORIENTED_EDGE('',*,*,#4920,.T.);
#4920 = EDGE_CURVE('',#4913,#2645,#4921,.T.);
#4921 = LINE('',#4922,#4923);
#4922 = CARTESIAN_POINT('',(0.15,-2.5,0.1));
#4923 = VECTOR('',#4924,1.);
#4924 = DIRECTION('',(-1.144237745222E-17,1.,0.));
#4925 = ORIENTED_EDGE('',*,*,#2652,.T.);
#4926 = ORIENTED_EDGE('',*,*,#2919,.F.);
#4927 = ORIENTED_EDGE('',*,*,#4928,.F.);
#4928 = EDGE_CURVE('',#4905,#2912,#4929,.T.);
#4929 = LINE('',#4930,#4931);
#4930 = CARTESIAN_POINT('',(0.15,-2.3,0.));
#4931 = VECTOR('',#4932,1.);
#4932 = DIRECTION('',(0.,0.,1.));
#4933 = PLANE('',#4934);
#4934 = AXIS2_PLACEMENT_3D('',#4935,#4936,#4937);
#4935 = CARTESIAN_POINT('',(0.15,-2.5,0.));
#4936 = DIRECTION('',(-1.,-1.144237745222E-17,0.));
#4937 = DIRECTION('',(-1.144237745222E-17,1.,0.));
#4938 = ADVANCED_FACE('',(#4939),#4957,.T.);
#4939 = FACE_BOUND('',#4940,.T.);
#4940 = EDGE_LOOP('',(#4941,#4949,#4950,#4951));
#4941 = ORIENTED_EDGE('',*,*,#4942,.T.);
#4942 = EDGE_CURVE('',#4943,#4913,#4945,.T.);
#4943 = VERTEX_POINT('',#4944);
#4944 = CARTESIAN_POINT('',(-0.15,-2.5,0.1));
#4945 = LINE('',#4946,#4947);
#4946 = CARTESIAN_POINT('',(-0.15,-2.5,0.1));
#4947 = VECTOR('',#4948,1.);
#4948 = DIRECTION('',(1.,1.144237745222E-17,0.));
#4949 = ORIENTED_EDGE('',*,*,#4920,.T.);
#4950 = ORIENTED_EDGE('',*,*,#2644,.T.);
#4951 = ORIENTED_EDGE('',*,*,#4952,.T.);
#4952 = EDGE_CURVE('',#2637,#4943,#4953,.T.);
#4953 = LINE('',#4954,#4955);
#4954 = CARTESIAN_POINT('',(-0.15,-2.3,0.1));
#4955 = VECTOR('',#4956,1.);
#4956 = DIRECTION('',(1.144237745222E-17,-1.,0.));
#4957 = PLANE('',#4958);
#4958 = AXIS2_PLACEMENT_3D('',#4959,#4960,#4961);
#4959 = CARTESIAN_POINT('',(2.746170588533E-17,-2.4,0.1));
#4960 = DIRECTION('',(0.,0.,1.));
#4961 = DIRECTION('',(1.,1.144237745222E-17,-0.));
#4962 = ADVANCED_FACE('',(#4963),#4990,.F.);
#4963 = FACE_BOUND('',#4964,.F.);
#4964 = EDGE_LOOP('',(#4965,#4975,#4981,#4982,#4983,#4984));
#4965 = ORIENTED_EDGE('',*,*,#4966,.F.);
#4966 = EDGE_CURVE('',#4967,#4969,#4971,.T.);
#4967 = VERTEX_POINT('',#4968);
#4968 = CARTESIAN_POINT('',(-0.15,-2.3,0.));
#4969 = VERTEX_POINT('',#4970);
#4970 = CARTESIAN_POINT('',(-0.15,-2.5,0.));
#4971 = LINE('',#4972,#4973);
#4972 = CARTESIAN_POINT('',(-0.15,-2.3,0.));
#4973 = VECTOR('',#4974,1.);
#4974 = DIRECTION('',(1.144237745222E-17,-1.,0.));
#4975 = ORIENTED_EDGE('',*,*,#4976,.T.);
#4976 = EDGE_CURVE('',#4967,#2904,#4977,.T.);
#4977 = LINE('',#4978,#4979);
#4978 = CARTESIAN_POINT('',(-0.15,-2.3,0.));
#4979 = VECTOR('',#4980,1.);
#4980 = DIRECTION('',(0.,0.,1.));
#4981 = ORIENTED_EDGE('',*,*,#2903,.F.);
#4982 = ORIENTED_EDGE('',*,*,#2636,.T.);
#4983 = ORIENTED_EDGE('',*,*,#4952,.T.);
#4984 = ORIENTED_EDGE('',*,*,#4985,.F.);
#4985 = EDGE_CURVE('',#4969,#4943,#4986,.T.);
#4986 = LINE('',#4987,#4988);
#4987 = CARTESIAN_POINT('',(-0.15,-2.5,0.));
#4988 = VECTOR('',#4989,1.);
#4989 = DIRECTION('',(0.,0.,1.));
#4990 = PLANE('',#4991);
#4991 = AXIS2_PLACEMENT_3D('',#4992,#4993,#4994);
#4992 = CARTESIAN_POINT('',(-0.15,-2.3,0.));
#4993 = DIRECTION('',(1.,1.144237745222E-17,0.));
#4994 = DIRECTION('',(1.144237745222E-17,-1.,0.));
#4995 = ADVANCED_FACE('',(#4996),#5030,.F.);
#4996 = FACE_BOUND('',#4997,.F.);
#4997 = EDGE_LOOP('',(#4998,#5008,#5016,#5022,#5023,#5024));
#4998 = ORIENTED_EDGE('',*,*,#4999,.F.);
#4999 = EDGE_CURVE('',#5000,#5002,#5004,.T.);
#5000 = VERTEX_POINT('',#5001);
#5001 = CARTESIAN_POINT('',(-0.5,-2.5,0.));
#5002 = VERTEX_POINT('',#5003);
#5003 = CARTESIAN_POINT('',(-0.5,-2.3,0.));
#5004 = LINE('',#5005,#5006);
#5005 = CARTESIAN_POINT('',(-0.5,-2.5,0.));
#5006 = VECTOR('',#5007,1.);
#5007 = DIRECTION('',(-1.144237745222E-17,1.,0.));
#5008 = ORIENTED_EDGE('',*,*,#5009,.T.);
#5009 = EDGE_CURVE('',#5000,#5010,#5012,.T.);
#5010 = VERTEX_POINT('',#5011);
#5011 = CARTESIAN_POINT('',(-0.5,-2.5,0.1));
#5012 = LINE('',#5013,#5014);
#5013 = CARTESIAN_POINT('',(-0.5,-2.5,0.));
#5014 = VECTOR('',#5015,1.);
#5015 = DIRECTION('',(0.,0.,1.));
#5016 = ORIENTED_EDGE('',*,*,#5017,.T.);
#5017 = EDGE_CURVE('',#5010,#2613,#5018,.T.);
#5018 = LINE('',#5019,#5020);
#5019 = CARTESIAN_POINT('',(-0.5,-2.5,0.1));
#5020 = VECTOR('',#5021,1.);
#5021 = DIRECTION('',(-1.144237745222E-17,1.,0.));
#5022 = ORIENTED_EDGE('',*,*,#2620,.T.);
#5023 = ORIENTED_EDGE('',*,*,#2896,.F.);
#5024 = ORIENTED_EDGE('',*,*,#5025,.F.);
#5025 = EDGE_CURVE('',#5002,#2889,#5026,.T.);
#5026 = LINE('',#5027,#5028);
#5027 = CARTESIAN_POINT('',(-0.5,-2.3,0.));
#5028 = VECTOR('',#5029,1.);
#5029 = DIRECTION('',(0.,0.,1.));
#5030 = PLANE('',#5031);
#5031 = AXIS2_PLACEMENT_3D('',#5032,#5033,#5034);
#5032 = CARTESIAN_POINT('',(-0.5,-2.5,0.));
#5033 = DIRECTION('',(-1.,-1.144237745222E-17,0.));
#5034 = DIRECTION('',(-1.144237745222E-17,1.,0.));
#5035 = ADVANCED_FACE('',(#5036),#5054,.T.);
#5036 = FACE_BOUND('',#5037,.T.);
#5037 = EDGE_LOOP('',(#5038,#5046,#5047,#5048));
#5038 = ORIENTED_EDGE('',*,*,#5039,.T.);
#5039 = EDGE_CURVE('',#5040,#5010,#5042,.T.);
#5040 = VERTEX_POINT('',#5041);
#5041 = CARTESIAN_POINT('',(-0.8,-2.5,0.1));
#5042 = LINE('',#5043,#5044);
#5043 = CARTESIAN_POINT('',(-0.8,-2.5,0.1));
#5044 = VECTOR('',#5045,1.);
#5045 = DIRECTION('',(1.,1.144237745222E-17,0.));
#5046 = ORIENTED_EDGE('',*,*,#5017,.T.);
#5047 = ORIENTED_EDGE('',*,*,#2612,.T.);
#5048 = ORIENTED_EDGE('',*,*,#5049,.T.);
#5049 = EDGE_CURVE('',#2605,#5040,#5050,.T.);
#5050 = LINE('',#5051,#5052);
#5051 = CARTESIAN_POINT('',(-0.8,-2.3,0.1));
#5052 = VECTOR('',#5053,1.);
#5053 = DIRECTION('',(1.144237745222E-17,-1.,0.));
#5054 = PLANE('',#5055);
#5055 = AXIS2_PLACEMENT_3D('',#5056,#5057,#5058);
#5056 = CARTESIAN_POINT('',(-0.65,-2.4,0.1));
#5057 = DIRECTION('',(0.,0.,1.));
#5058 = DIRECTION('',(1.,1.144237745222E-17,-0.));
#5059 = ADVANCED_FACE('',(#5060),#5087,.F.);
#5060 = FACE_BOUND('',#5061,.F.);
#5061 = EDGE_LOOP('',(#5062,#5072,#5078,#5079,#5080,#5081));
#5062 = ORIENTED_EDGE('',*,*,#5063,.F.);
#5063 = EDGE_CURVE('',#5064,#5066,#5068,.T.);
#5064 = VERTEX_POINT('',#5065);
#5065 = CARTESIAN_POINT('',(-0.8,-2.3,0.));
#5066 = VERTEX_POINT('',#5067);
#5067 = CARTESIAN_POINT('',(-0.8,-2.5,0.));
#5068 = LINE('',#5069,#5070);
#5069 = CARTESIAN_POINT('',(-0.8,-2.3,0.));
#5070 = VECTOR('',#5071,1.);
#5071 = DIRECTION('',(1.144237745222E-17,-1.,0.));
#5072 = ORIENTED_EDGE('',*,*,#5073,.T.);
#5073 = EDGE_CURVE('',#5064,#2881,#5074,.T.);
#5074 = LINE('',#5075,#5076);
#5075 = CARTESIAN_POINT('',(-0.8,-2.3,0.));
#5076 = VECTOR('',#5077,1.);
#5077 = DIRECTION('',(0.,0.,1.));
#5078 = ORIENTED_EDGE('',*,*,#2880,.F.);
#5079 = ORIENTED_EDGE('',*,*,#2604,.T.);
#5080 = ORIENTED_EDGE('',*,*,#5049,.T.);
#5081 = ORIENTED_EDGE('',*,*,#5082,.F.);
#5082 = EDGE_CURVE('',#5066,#5040,#5083,.T.);
#5083 = LINE('',#5084,#5085);
#5084 = CARTESIAN_POINT('',(-0.8,-2.5,0.));
#5085 = VECTOR('',#5086,1.);
#5086 = DIRECTION('',(0.,0.,1.));
#5087 = PLANE('',#5088);
#5088 = AXIS2_PLACEMENT_3D('',#5089,#5090,#5091);
#5089 = CARTESIAN_POINT('',(-0.8,-2.3,0.));
#5090 = DIRECTION('',(1.,1.144237745222E-17,0.));
#5091 = DIRECTION('',(1.144237745222E-17,-1.,0.));
#5092 = ADVANCED_FACE('',(#5093),#5127,.F.);
#5093 = FACE_BOUND('',#5094,.F.);
#5094 = EDGE_LOOP('',(#5095,#5105,#5113,#5119,#5120,#5121));
#5095 = ORIENTED_EDGE('',*,*,#5096,.F.);
#5096 = EDGE_CURVE('',#5097,#5099,#5101,.T.);
#5097 = VERTEX_POINT('',#5098);
#5098 = CARTESIAN_POINT('',(-1.15,-2.5,0.));
#5099 = VERTEX_POINT('',#5100);
#5100 = CARTESIAN_POINT('',(-1.15,-2.3,0.));
#5101 = LINE('',#5102,#5103);
#5102 = CARTESIAN_POINT('',(-1.15,-2.5,0.));
#5103 = VECTOR('',#5104,1.);
#5104 = DIRECTION('',(-1.144237745222E-17,1.,0.));
#5105 = ORIENTED_EDGE('',*,*,#5106,.T.);
#5106 = EDGE_CURVE('',#5097,#5107,#5109,.T.);
#5107 = VERTEX_POINT('',#5108);
#5108 = CARTESIAN_POINT('',(-1.15,-2.5,0.1));
#5109 = LINE('',#5110,#5111);
#5110 = CARTESIAN_POINT('',(-1.15,-2.5,0.));
#5111 = VECTOR('',#5112,1.);
#5112 = DIRECTION('',(0.,0.,1.));
#5113 = ORIENTED_EDGE('',*,*,#5114,.T.);
#5114 = EDGE_CURVE('',#5107,#2581,#5115,.T.);
#5115 = LINE('',#5116,#5117);
#5116 = CARTESIAN_POINT('',(-1.15,-2.5,0.1));
#5117 = VECTOR('',#5118,1.);
#5118 = DIRECTION('',(-1.144237745222E-17,1.,0.));
#5119 = ORIENTED_EDGE('',*,*,#2588,.T.);
#5120 = ORIENTED_EDGE('',*,*,#2873,.F.);
#5121 = ORIENTED_EDGE('',*,*,#5122,.F.);
#5122 = EDGE_CURVE('',#5099,#2866,#5123,.T.);
#5123 = LINE('',#5124,#5125);
#5124 = CARTESIAN_POINT('',(-1.15,-2.3,0.));
#5125 = VECTOR('',#5126,1.);
#5126 = DIRECTION('',(0.,0.,1.));
#5127 = PLANE('',#5128);
#5128 = AXIS2_PLACEMENT_3D('',#5129,#5130,#5131);
#5129 = CARTESIAN_POINT('',(-1.15,-2.5,0.));
#5130 = DIRECTION('',(-1.,-1.144237745222E-17,0.));
#5131 = DIRECTION('',(-1.144237745222E-17,1.,0.));
#5132 = ADVANCED_FACE('',(#5133),#5151,.T.);
#5133 = FACE_BOUND('',#5134,.T.);
#5134 = EDGE_LOOP('',(#5135,#5143,#5144,#5145));
#5135 = ORIENTED_EDGE('',*,*,#5136,.T.);
#5136 = EDGE_CURVE('',#5137,#5107,#5139,.T.);
#5137 = VERTEX_POINT('',#5138);
#5138 = CARTESIAN_POINT('',(-1.45,-2.5,0.1));
#5139 = LINE('',#5140,#5141);
#5140 = CARTESIAN_POINT('',(-1.45,-2.5,0.1));
#5141 = VECTOR('',#5142,1.);
#5142 = DIRECTION('',(1.,1.144237745222E-17,0.));
#5143 = ORIENTED_EDGE('',*,*,#5114,.T.);
#5144 = ORIENTED_EDGE('',*,*,#2580,.T.);
#5145 = ORIENTED_EDGE('',*,*,#5146,.T.);
#5146 = EDGE_CURVE('',#2573,#5137,#5147,.T.);
#5147 = LINE('',#5148,#5149);
#5148 = CARTESIAN_POINT('',(-1.45,-2.3,0.1));
#5149 = VECTOR('',#5150,1.);
#5150 = DIRECTION('',(1.144237745222E-17,-1.,0.));
#5151 = PLANE('',#5152);
#5152 = AXIS2_PLACEMENT_3D('',#5153,#5154,#5155);
#5153 = CARTESIAN_POINT('',(-1.3,-2.4,0.1));
#5154 = DIRECTION('',(0.,0.,1.));
#5155 = DIRECTION('',(1.,1.144237745222E-17,-0.));
#5156 = ADVANCED_FACE('',(#5157),#5184,.F.);
#5157 = FACE_BOUND('',#5158,.F.);
#5158 = EDGE_LOOP('',(#5159,#5169,#5175,#5176,#5177,#5178));
#5159 = ORIENTED_EDGE('',*,*,#5160,.F.);
#5160 = EDGE_CURVE('',#5161,#5163,#5165,.T.);
#5161 = VERTEX_POINT('',#5162);
#5162 = CARTESIAN_POINT('',(-1.45,-2.3,0.));
#5163 = VERTEX_POINT('',#5164);
#5164 = CARTESIAN_POINT('',(-1.45,-2.5,0.));
#5165 = LINE('',#5166,#5167);
#5166 = CARTESIAN_POINT('',(-1.45,-2.3,0.));
#5167 = VECTOR('',#5168,1.);
#5168 = DIRECTION('',(1.144237745222E-17,-1.,0.));
#5169 = ORIENTED_EDGE('',*,*,#5170,.T.);
#5170 = EDGE_CURVE('',#5161,#2858,#5171,.T.);
#5171 = LINE('',#5172,#5173);
#5172 = CARTESIAN_POINT('',(-1.45,-2.3,0.));
#5173 = VECTOR('',#5174,1.);
#5174 = DIRECTION('',(0.,0.,1.));
#5175 = ORIENTED_EDGE('',*,*,#2857,.F.);
#5176 = ORIENTED_EDGE('',*,*,#2572,.T.);
#5177 = ORIENTED_EDGE('',*,*,#5146,.T.);
#5178 = ORIENTED_EDGE('',*,*,#5179,.F.);
#5179 = EDGE_CURVE('',#5163,#5137,#5180,.T.);
#5180 = LINE('',#5181,#5182);
#5181 = CARTESIAN_POINT('',(-1.45,-2.5,0.));
#5182 = VECTOR('',#5183,1.);
#5183 = DIRECTION('',(0.,0.,1.));
#5184 = PLANE('',#5185);
#5185 = AXIS2_PLACEMENT_3D('',#5186,#5187,#5188);
#5186 = CARTESIAN_POINT('',(-1.45,-2.3,0.));
#5187 = DIRECTION('',(1.,1.144237745222E-17,0.));
#5188 = DIRECTION('',(1.144237745222E-17,-1.,0.));
#5189 = ADVANCED_FACE('',(#5190),#5201,.F.);
#5190 = FACE_BOUND('',#5191,.F.);
#5191 = EDGE_LOOP('',(#5192,#5198,#5199,#5200));
#5192 = ORIENTED_EDGE('',*,*,#5193,.F.);
#5193 = EDGE_CURVE('',#3708,#3642,#5194,.T.);
#5194 = LINE('',#5195,#5196);
#5195 = CARTESIAN_POINT('',(-1.45,2.3,0.));
#5196 = VECTOR('',#5197,1.);
#5197 = DIRECTION('',(1.,1.224646799147E-16,0.));
#5198 = ORIENTED_EDGE('',*,*,#3724,.T.);
#5199 = ORIENTED_EDGE('',*,*,#3189,.F.);
#5200 = ORIENTED_EDGE('',*,*,#3651,.F.);
#5201 = PLANE('',#5202);
#5202 = AXIS2_PLACEMENT_3D('',#5203,#5204,#5205);
#5203 = CARTESIAN_POINT('',(-1.45,2.3,0.));
#5204 = DIRECTION('',(-1.224646799147E-16,1.,0.));
#5205 = DIRECTION('',(1.,1.224646799147E-16,0.));
#5206 = ADVANCED_FACE('',(#5207),#5218,.F.);
#5207 = FACE_BOUND('',#5208,.F.);
#5208 = EDGE_LOOP('',(#5209,#5215,#5216,#5217));
#5209 = ORIENTED_EDGE('',*,*,#5210,.F.);
#5210 = EDGE_CURVE('',#3611,#3545,#5211,.T.);
#5211 = LINE('',#5212,#5213);
#5212 = CARTESIAN_POINT('',(-0.8,2.3,0.));
#5213 = VECTOR('',#5214,1.);
#5214 = DIRECTION('',(1.,1.224646799147E-16,0.));
#5215 = ORIENTED_EDGE('',*,*,#3627,.T.);
#5216 = ORIENTED_EDGE('',*,*,#3166,.F.);
#5217 = ORIENTED_EDGE('',*,*,#3554,.F.);
#5218 = PLANE('',#5219);
#5219 = AXIS2_PLACEMENT_3D('',#5220,#5221,#5222);
#5220 = CARTESIAN_POINT('',(-0.8,2.3,0.));
#5221 = DIRECTION('',(-1.224646799147E-16,1.,0.));
#5222 = DIRECTION('',(1.,1.224646799147E-16,0.));
#5223 = ADVANCED_FACE('',(#5224),#5235,.F.);
#5224 = FACE_BOUND('',#5225,.F.);
#5225 = EDGE_LOOP('',(#5226,#5232,#5233,#5234));
#5226 = ORIENTED_EDGE('',*,*,#5227,.F.);
#5227 = EDGE_CURVE('',#3514,#3448,#5228,.T.);
#5228 = LINE('',#5229,#5230);
#5229 = CARTESIAN_POINT('',(-0.15,2.3,0.));
#5230 = VECTOR('',#5231,1.);
#5231 = DIRECTION('',(1.,1.224646799147E-16,0.));
#5232 = ORIENTED_EDGE('',*,*,#3530,.T.);
#5233 = ORIENTED_EDGE('',*,*,#3143,.F.);
#5234 = ORIENTED_EDGE('',*,*,#3457,.F.);
#5235 = PLANE('',#5236);
#5236 = AXIS2_PLACEMENT_3D('',#5237,#5238,#5239);
#5237 = CARTESIAN_POINT('',(-0.15,2.3,0.));
#5238 = DIRECTION('',(-1.224646799147E-16,1.,0.));
#5239 = DIRECTION('',(1.,1.224646799147E-16,0.));
#5240 = ADVANCED_FACE('',(#5241),#5252,.F.);
#5241 = FACE_BOUND('',#5242,.F.);
#5242 = EDGE_LOOP('',(#5243,#5249,#5250,#5251));
#5243 = ORIENTED_EDGE('',*,*,#5244,.F.);
#5244 = EDGE_CURVE('',#3417,#3351,#5245,.T.);
#5245 = LINE('',#5246,#5247);
#5246 = CARTESIAN_POINT('',(0.5,2.3,0.));
#5247 = VECTOR('',#5248,1.);
#5248 = DIRECTION('',(1.,1.224646799147E-16,0.));
#5249 = ORIENTED_EDGE('',*,*,#3433,.T.);
#5250 = ORIENTED_EDGE('',*,*,#3120,.F.);
#5251 = ORIENTED_EDGE('',*,*,#3360,.F.);
#5252 = PLANE('',#5253);
#5253 = AXIS2_PLACEMENT_3D('',#5254,#5255,#5256);
#5254 = CARTESIAN_POINT('',(0.5,2.3,0.));
#5255 = DIRECTION('',(-1.224646799147E-16,1.,0.));
#5256 = DIRECTION('',(1.,1.224646799147E-16,0.));
#5257 = ADVANCED_FACE('',(#5258),#5269,.F.);
#5258 = FACE_BOUND('',#5259,.F.);
#5259 = EDGE_LOOP('',(#5260,#5266,#5267,#5268));
#5260 = ORIENTED_EDGE('',*,*,#5261,.F.);
#5261 = EDGE_CURVE('',#3320,#3254,#5262,.T.);
#5262 = LINE('',#5263,#5264);
#5263 = CARTESIAN_POINT('',(1.15,2.3,0.));
#5264 = VECTOR('',#5265,1.);
#5265 = DIRECTION('',(1.,1.224646799147E-16,0.));
#5266 = ORIENTED_EDGE('',*,*,#3336,.T.);
#5267 = ORIENTED_EDGE('',*,*,#3097,.F.);
#5268 = ORIENTED_EDGE('',*,*,#3263,.F.);
#5269 = PLANE('',#5270);
#5270 = AXIS2_PLACEMENT_3D('',#5271,#5272,#5273);
#5271 = CARTESIAN_POINT('',(1.15,2.3,0.));
#5272 = DIRECTION('',(-1.224646799147E-16,1.,0.));
#5273 = DIRECTION('',(1.,1.224646799147E-16,0.));
#5274 = ADVANCED_FACE('',(#5275),#5286,.F.);
#5275 = FACE_BOUND('',#5276,.F.);
#5276 = EDGE_LOOP('',(#5277,#5283,#5284,#5285));
#5277 = ORIENTED_EDGE('',*,*,#5278,.F.);
#5278 = EDGE_CURVE('',#3741,#3803,#5279,.T.);
#5279 = LINE('',#5280,#5281);
#5280 = CARTESIAN_POINT('',(2.3,1.45,0.));
#5281 = VECTOR('',#5282,1.);
#5282 = DIRECTION('',(2.334869823773E-16,-1.,0.));
#5283 = ORIENTED_EDGE('',*,*,#3764,.T.);
#5284 = ORIENTED_EDGE('',*,*,#3073,.F.);
#5285 = ORIENTED_EDGE('',*,*,#3812,.F.);
#5286 = PLANE('',#5287);
#5287 = AXIS2_PLACEMENT_3D('',#5288,#5289,#5290);
#5288 = CARTESIAN_POINT('',(2.3,1.45,0.));
#5289 = DIRECTION('',(1.,2.334869823773E-16,0.));
#5290 = DIRECTION('',(2.334869823773E-16,-1.,0.));
#5291 = ADVANCED_FACE('',(#5292),#5303,.F.);
#5292 = FACE_BOUND('',#5293,.F.);
#5293 = EDGE_LOOP('',(#5294,#5300,#5301,#5302));
#5294 = ORIENTED_EDGE('',*,*,#5295,.F.);
#5295 = EDGE_CURVE('',#3838,#3900,#5296,.T.);
#5296 = LINE('',#5297,#5298);
#5297 = CARTESIAN_POINT('',(2.3,0.8,0.));
#5298 = VECTOR('',#5299,1.);
#5299 = DIRECTION('',(2.334869823773E-16,-1.,0.));
#5300 = ORIENTED_EDGE('',*,*,#3861,.T.);
#5301 = ORIENTED_EDGE('',*,*,#3050,.F.);
#5302 = ORIENTED_EDGE('',*,*,#3909,.F.);
#5303 = PLANE('',#5304);
#5304 = AXIS2_PLACEMENT_3D('',#5305,#5306,#5307);
#5305 = CARTESIAN_POINT('',(2.3,0.8,0.));
#5306 = DIRECTION('',(1.,2.334869823773E-16,0.));
#5307 = DIRECTION('',(2.334869823773E-16,-1.,0.));
#5308 = ADVANCED_FACE('',(#5309),#5320,.F.);
#5309 = FACE_BOUND('',#5310,.F.);
#5310 = EDGE_LOOP('',(#5311,#5317,#5318,#5319));
#5311 = ORIENTED_EDGE('',*,*,#5312,.F.);
#5312 = EDGE_CURVE('',#3935,#3997,#5313,.T.);
#5313 = LINE('',#5314,#5315);
#5314 = CARTESIAN_POINT('',(2.3,0.15,0.));
#5315 = VECTOR('',#5316,1.);
#5316 = DIRECTION('',(2.334869823773E-16,-1.,0.));
#5317 = ORIENTED_EDGE('',*,*,#3958,.T.);
#5318 = ORIENTED_EDGE('',*,*,#3027,.F.);
#5319 = ORIENTED_EDGE('',*,*,#4006,.F.);
#5320 = PLANE('',#5321);
#5321 = AXIS2_PLACEMENT_3D('',#5322,#5323,#5324);
#5322 = CARTESIAN_POINT('',(2.3,0.15,0.));
#5323 = DIRECTION('',(1.,2.334869823773E-16,0.));
#5324 = DIRECTION('',(2.334869823773E-16,-1.,0.));
#5325 = ADVANCED_FACE('',(#5326),#5337,.F.);
#5326 = FACE_BOUND('',#5327,.F.);
#5327 = EDGE_LOOP('',(#5328,#5334,#5335,#5336));
#5328 = ORIENTED_EDGE('',*,*,#5329,.F.);
#5329 = EDGE_CURVE('',#4032,#4094,#5330,.T.);
#5330 = LINE('',#5331,#5332);
#5331 = CARTESIAN_POINT('',(2.3,-0.5,0.));
#5332 = VECTOR('',#5333,1.);
#5333 = DIRECTION('',(2.334869823773E-16,-1.,0.));
#5334 = ORIENTED_EDGE('',*,*,#4055,.T.);
#5335 = ORIENTED_EDGE('',*,*,#3004,.F.);
#5336 = ORIENTED_EDGE('',*,*,#4103,.F.);
#5337 = PLANE('',#5338);
#5338 = AXIS2_PLACEMENT_3D('',#5339,#5340,#5341);
#5339 = CARTESIAN_POINT('',(2.3,-0.5,0.));
#5340 = DIRECTION('',(1.,2.334869823773E-16,0.));
#5341 = DIRECTION('',(2.334869823773E-16,-1.,0.));
#5342 = ADVANCED_FACE('',(#5343),#5354,.F.);
#5343 = FACE_BOUND('',#5344,.F.);
#5344 = EDGE_LOOP('',(#5345,#5351,#5352,#5353));
#5345 = ORIENTED_EDGE('',*,*,#5346,.F.);
#5346 = EDGE_CURVE('',#4129,#4191,#5347,.T.);
#5347 = LINE('',#5348,#5349);
#5348 = CARTESIAN_POINT('',(2.3,-1.15,0.));
#5349 = VECTOR('',#5350,1.);
#5350 = DIRECTION('',(2.334869823773E-16,-1.,0.));
#5351 = ORIENTED_EDGE('',*,*,#4152,.T.);
#5352 = ORIENTED_EDGE('',*,*,#2981,.F.);
#5353 = ORIENTED_EDGE('',*,*,#4200,.F.);
#5354 = PLANE('',#5355);
#5355 = AXIS2_PLACEMENT_3D('',#5356,#5357,#5358);
#5356 = CARTESIAN_POINT('',(2.3,-1.15,0.));
#5357 = DIRECTION('',(1.,2.334869823773E-16,0.));
#5358 = DIRECTION('',(2.334869823773E-16,-1.,0.));
#5359 = ADVANCED_FACE('',(#5360),#5371,.F.);
#5360 = FACE_BOUND('',#5361,.F.);
#5361 = EDGE_LOOP('',(#5362,#5368,#5369,#5370));
#5362 = ORIENTED_EDGE('',*,*,#5363,.F.);
#5363 = EDGE_CURVE('',#4711,#4773,#5364,.T.);
#5364 = LINE('',#5365,#5366);
#5365 = CARTESIAN_POINT('',(1.45,-2.3,0.));
#5366 = VECTOR('',#5367,1.);
#5367 = DIRECTION('',(-1.,-1.144237745222E-17,0.));
#5368 = ORIENTED_EDGE('',*,*,#4734,.T.);
#5369 = ORIENTED_EDGE('',*,*,#2957,.F.);
#5370 = ORIENTED_EDGE('',*,*,#4782,.F.);
#5371 = PLANE('',#5372);
#5372 = AXIS2_PLACEMENT_3D('',#5373,#5374,#5375);
#5373 = CARTESIAN_POINT('',(1.45,-2.3,0.));
#5374 = DIRECTION('',(1.144237745222E-17,-1.,0.));
#5375 = DIRECTION('',(-1.,-1.144237745222E-17,0.));
#5376 = ADVANCED_FACE('',(#5377),#5388,.F.);
#5377 = FACE_BOUND('',#5378,.F.);
#5378 = EDGE_LOOP('',(#5379,#5385,#5386,#5387));
#5379 = ORIENTED_EDGE('',*,*,#5380,.F.);
#5380 = EDGE_CURVE('',#4808,#4870,#5381,.T.);
#5381 = LINE('',#5382,#5383);
#5382 = CARTESIAN_POINT('',(0.8,-2.3,0.));
#5383 = VECTOR('',#5384,1.);
#5384 = DIRECTION('',(-1.,-1.144237745222E-17,0.));
#5385 = ORIENTED_EDGE('',*,*,#4831,.T.);
#5386 = ORIENTED_EDGE('',*,*,#2934,.F.);
#5387 = ORIENTED_EDGE('',*,*,#4879,.F.);
#5388 = PLANE('',#5389);
#5389 = AXIS2_PLACEMENT_3D('',#5390,#5391,#5392);
#5390 = CARTESIAN_POINT('',(0.8,-2.3,0.));
#5391 = DIRECTION('',(1.144237745222E-17,-1.,0.));
#5392 = DIRECTION('',(-1.,-1.144237745222E-17,0.));
#5393 = ADVANCED_FACE('',(#5394),#5405,.F.);
#5394 = FACE_BOUND('',#5395,.F.);
#5395 = EDGE_LOOP('',(#5396,#5402,#5403,#5404));
#5396 = ORIENTED_EDGE('',*,*,#5397,.F.);
#5397 = EDGE_CURVE('',#4905,#4967,#5398,.T.);
#5398 = LINE('',#5399,#5400);
#5399 = CARTESIAN_POINT('',(0.15,-2.3,0.));
#5400 = VECTOR('',#5401,1.);
#5401 = DIRECTION('',(-1.,-1.144237745222E-17,0.));
#5402 = ORIENTED_EDGE('',*,*,#4928,.T.);
#5403 = ORIENTED_EDGE('',*,*,#2911,.F.);
#5404 = ORIENTED_EDGE('',*,*,#4976,.F.);
#5405 = PLANE('',#5406);
#5406 = AXIS2_PLACEMENT_3D('',#5407,#5408,#5409);
#5407 = CARTESIAN_POINT('',(0.15,-2.3,0.));
#5408 = DIRECTION('',(1.144237745222E-17,-1.,0.));
#5409 = DIRECTION('',(-1.,-1.144237745222E-17,0.));
#5410 = ADVANCED_FACE('',(#5411),#5422,.F.);
#5411 = FACE_BOUND('',#5412,.F.);
#5412 = EDGE_LOOP('',(#5413,#5419,#5420,#5421));
#5413 = ORIENTED_EDGE('',*,*,#5414,.F.);
#5414 = EDGE_CURVE('',#5002,#5064,#5415,.T.);
#5415 = LINE('',#5416,#5417);
#5416 = CARTESIAN_POINT('',(-0.5,-2.3,0.));
#5417 = VECTOR('',#5418,1.);
#5418 = DIRECTION('',(-1.,-1.144237745222E-17,0.));
#5419 = ORIENTED_EDGE('',*,*,#5025,.T.);
#5420 = ORIENTED_EDGE('',*,*,#2888,.F.);
#5421 = ORIENTED_EDGE('',*,*,#5073,.F.);
#5422 = PLANE('',#5423);
#5423 = AXIS2_PLACEMENT_3D('',#5424,#5425,#5426);
#5424 = CARTESIAN_POINT('',(-0.5,-2.3,0.));
#5425 = DIRECTION('',(1.144237745222E-17,-1.,0.));
#5426 = DIRECTION('',(-1.,-1.144237745222E-17,0.));
#5427 = ADVANCED_FACE('',(#5428),#5439,.F.);
#5428 = FACE_BOUND('',#5429,.F.);
#5429 = EDGE_LOOP('',(#5430,#5436,#5437,#5438));
#5430 = ORIENTED_EDGE('',*,*,#5431,.F.);
#5431 = EDGE_CURVE('',#5099,#5161,#5432,.T.);
#5432 = LINE('',#5433,#5434);
#5433 = CARTESIAN_POINT('',(-1.15,-2.3,0.));
#5434 = VECTOR('',#5435,1.);
#5435 = DIRECTION('',(-1.,-1.144237745222E-17,0.));
#5436 = ORIENTED_EDGE('',*,*,#5122,.T.);
#5437 = ORIENTED_EDGE('',*,*,#2865,.F.);
#5438 = ORIENTED_EDGE('',*,*,#5170,.F.);
#5439 = PLANE('',#5440);
#5440 = AXIS2_PLACEMENT_3D('',#5441,#5442,#5443);
#5441 = CARTESIAN_POINT('',(-1.15,-2.3,0.));
#5442 = DIRECTION('',(1.144237745222E-17,-1.,0.));
#5443 = DIRECTION('',(-1.,-1.144237745222E-17,0.));
#5444 = ADVANCED_FACE('',(#5445),#5456,.F.);
#5445 = FACE_BOUND('',#5446,.F.);
#5446 = EDGE_LOOP('',(#5447,#5453,#5454,#5455));
#5447 = ORIENTED_EDGE('',*,*,#5448,.F.);
#5448 = EDGE_CURVE('',#4678,#4612,#5449,.T.);
#5449 = LINE('',#5450,#5451);
#5450 = CARTESIAN_POINT('',(-2.3,-1.45,0.));
#5451 = VECTOR('',#5452,1.);
#5452 = DIRECTION('',(-1.110223024625E-16,1.,0.));
#5453 = ORIENTED_EDGE('',*,*,#4694,.T.);
#5454 = ORIENTED_EDGE('',*,*,#2841,.F.);
#5455 = ORIENTED_EDGE('',*,*,#4621,.F.);
#5456 = PLANE('',#5457);
#5457 = AXIS2_PLACEMENT_3D('',#5458,#5459,#5460);
#5458 = CARTESIAN_POINT('',(-2.3,-1.45,0.));
#5459 = DIRECTION('',(-1.,-1.110223024625E-16,0.));
#5460 = DIRECTION('',(-1.110223024625E-16,1.,0.));
#5461 = ADVANCED_FACE('',(#5462),#5473,.F.);
#5462 = FACE_BOUND('',#5463,.F.);
#5463 = EDGE_LOOP('',(#5464,#5470,#5471,#5472));
#5464 = ORIENTED_EDGE('',*,*,#5465,.F.);
#5465 = EDGE_CURVE('',#4581,#4515,#5466,.T.);
#5466 = LINE('',#5467,#5468);
#5467 = CARTESIAN_POINT('',(-2.3,-0.8,0.));
#5468 = VECTOR('',#5469,1.);
#5469 = DIRECTION('',(-1.110223024625E-16,1.,0.));
#5470 = ORIENTED_EDGE('',*,*,#4597,.T.);
#5471 = ORIENTED_EDGE('',*,*,#2818,.F.);
#5472 = ORIENTED_EDGE('',*,*,#4524,.F.);
#5473 = PLANE('',#5474);
#5474 = AXIS2_PLACEMENT_3D('',#5475,#5476,#5477);
#5475 = CARTESIAN_POINT('',(-2.3,-0.8,0.));
#5476 = DIRECTION('',(-1.,-1.110223024625E-16,0.));
#5477 = DIRECTION('',(-1.110223024625E-16,1.,0.));
#5478 = ADVANCED_FACE('',(#5479),#5490,.F.);
#5479 = FACE_BOUND('',#5480,.F.);
#5480 = EDGE_LOOP('',(#5481,#5487,#5488,#5489));
#5481 = ORIENTED_EDGE('',*,*,#5482,.F.);
#5482 = EDGE_CURVE('',#4484,#4418,#5483,.T.);
#5483 = LINE('',#5484,#5485);
#5484 = CARTESIAN_POINT('',(-2.3,-0.15,0.));
#5485 = VECTOR('',#5486,1.);
#5486 = DIRECTION('',(-1.110223024625E-16,1.,0.));
#5487 = ORIENTED_EDGE('',*,*,#4500,.T.);
#5488 = ORIENTED_EDGE('',*,*,#2795,.F.);
#5489 = ORIENTED_EDGE('',*,*,#4427,.F.);
#5490 = PLANE('',#5491);
#5491 = AXIS2_PLACEMENT_3D('',#5492,#5493,#5494);
#5492 = CARTESIAN_POINT('',(-2.3,-0.15,0.));
#5493 = DIRECTION('',(-1.,-1.110223024625E-16,0.));
#5494 = DIRECTION('',(-1.110223024625E-16,1.,0.));
#5495 = ADVANCED_FACE('',(#5496),#5507,.F.);
#5496 = FACE_BOUND('',#5497,.F.);
#5497 = EDGE_LOOP('',(#5498,#5504,#5505,#5506));
#5498 = ORIENTED_EDGE('',*,*,#5499,.F.);
#5499 = EDGE_CURVE('',#4387,#4321,#5500,.T.);
#5500 = LINE('',#5501,#5502);
#5501 = CARTESIAN_POINT('',(-2.3,0.5,0.));
#5502 = VECTOR('',#5503,1.);
#5503 = DIRECTION('',(-1.110223024625E-16,1.,0.));
#5504 = ORIENTED_EDGE('',*,*,#4403,.T.);
#5505 = ORIENTED_EDGE('',*,*,#2772,.F.);
#5506 = ORIENTED_EDGE('',*,*,#4330,.F.);
#5507 = PLANE('',#5508);
#5508 = AXIS2_PLACEMENT_3D('',#5509,#5510,#5511);
#5509 = CARTESIAN_POINT('',(-2.3,0.5,0.));
#5510 = DIRECTION('',(-1.,-1.110223024625E-16,0.));
#5511 = DIRECTION('',(-1.110223024625E-16,1.,0.));
#5512 = ADVANCED_FACE('',(#5513),#5524,.F.);
#5513 = FACE_BOUND('',#5514,.F.);
#5514 = EDGE_LOOP('',(#5515,#5521,#5522,#5523));
#5515 = ORIENTED_EDGE('',*,*,#5516,.F.);
#5516 = EDGE_CURVE('',#4290,#4224,#5517,.T.);
#5517 = LINE('',#5518,#5519);
#5518 = CARTESIAN_POINT('',(-2.3,1.15,0.));
#5519 = VECTOR('',#5520,1.);
#5520 = DIRECTION('',(-1.110223024625E-16,1.,0.));
#5521 = ORIENTED_EDGE('',*,*,#4306,.T.);
#5522 = ORIENTED_EDGE('',*,*,#2749,.F.);
#5523 = ORIENTED_EDGE('',*,*,#4233,.F.);
#5524 = PLANE('',#5525);
#5525 = AXIS2_PLACEMENT_3D('',#5526,#5527,#5528);
#5526 = CARTESIAN_POINT('',(-2.3,1.15,0.));
#5527 = DIRECTION('',(-1.,-1.110223024625E-16,0.));
#5528 = DIRECTION('',(-1.110223024625E-16,1.,0.));
#5529 = ADVANCED_FACE('',(#5530),#5555,.F.);
#5530 = FACE_BOUND('',#5531,.F.);
#5531 = EDGE_LOOP('',(#5532,#5542,#5548,#5549));
#5532 = ORIENTED_EDGE('',*,*,#5533,.F.);
#5533 = EDGE_CURVE('',#5534,#5536,#5538,.T.);
#5534 = VERTEX_POINT('',#5535);
#5535 = CARTESIAN_POINT('',(-1.575,-1.575,0.));
#5536 = VERTEX_POINT('',#5537);
#5537 = CARTESIAN_POINT('',(1.575,-1.575,0.));
#5538 = LINE('',#5539,#5540);
#5539 = CARTESIAN_POINT('',(-1.575,-1.575,0.));
#5540 = VECTOR('',#5541,1.);
#5541 = DIRECTION('',(1.,1.110223024625E-16,0.));
#5542 = ORIENTED_EDGE('',*,*,#5543,.T.);
#5543 = EDGE_CURVE('',#5534,#3208,#5544,.T.);
#5544 = LINE('',#5545,#5546);
#5545 = CARTESIAN_POINT('',(-1.575,-1.575,0.));
#5546 = VECTOR('',#5547,1.);
#5547 = DIRECTION('',(0.,0.,1.));
#5548 = ORIENTED_EDGE('',*,*,#3205,.F.);
#5549 = ORIENTED_EDGE('',*,*,#5550,.F.);
#5550 = EDGE_CURVE('',#5536,#3206,#5551,.T.);
#5551 = LINE('',#5552,#5553);
#5552 = CARTESIAN_POINT('',(1.575,-1.575,0.));
#5553 = VECTOR('',#5554,1.);
#5554 = DIRECTION('',(0.,0.,1.));
#5555 = PLANE('',#5556);
#5556 = AXIS2_PLACEMENT_3D('',#5557,#5558,#5559);
#5557 = CARTESIAN_POINT('',(-1.575,-1.575,0.));
#5558 = DIRECTION('',(-1.110223024625E-16,1.,0.));
#5559 = DIRECTION('',(1.,1.110223024625E-16,0.));
#5560 = ADVANCED_FACE('',(#5561),#5579,.F.);
#5561 = FACE_BOUND('',#5562,.F.);
#5562 = EDGE_LOOP('',(#5563,#5571,#5572,#5573));
#5563 = ORIENTED_EDGE('',*,*,#5564,.F.);
#5564 = EDGE_CURVE('',#5536,#5565,#5567,.T.);
#5565 = VERTEX_POINT('',#5566);
#5566 = CARTESIAN_POINT('',(1.575,1.575,0.));
#5567 = LINE('',#5568,#5569);
#5568 = CARTESIAN_POINT('',(1.575,-1.575,0.));
#5569 = VECTOR('',#5570,1.);
#5570 = DIRECTION('',(-1.110223024625E-16,1.,0.));
#5571 = ORIENTED_EDGE('',*,*,#5550,.T.);
#5572 = ORIENTED_EDGE('',*,*,#3239,.F.);
#5573 = ORIENTED_EDGE('',*,*,#5574,.F.);
#5574 = EDGE_CURVE('',#5565,#3232,#5575,.T.);
#5575 = LINE('',#5576,#5577);
#5576 = CARTESIAN_POINT('',(1.575,1.575,0.));
#5577 = VECTOR('',#5578,1.);
#5578 = DIRECTION('',(0.,0.,1.));
#5579 = PLANE('',#5580);
#5580 = AXIS2_PLACEMENT_3D('',#5581,#5582,#5583);
#5581 = CARTESIAN_POINT('',(1.575,-1.575,0.));
#5582 = DIRECTION('',(-1.,-1.110223024625E-16,0.));
#5583 = DIRECTION('',(-1.110223024625E-16,1.,0.));
#5584 = ADVANCED_FACE('',(#5585),#5603,.F.);
#5585 = FACE_BOUND('',#5586,.F.);
#5586 = EDGE_LOOP('',(#5587,#5595,#5596,#5597));
#5587 = ORIENTED_EDGE('',*,*,#5588,.F.);
#5588 = EDGE_CURVE('',#5565,#5589,#5591,.T.);
#5589 = VERTEX_POINT('',#5590);
#5590 = CARTESIAN_POINT('',(-1.325,1.575,0.));
#5591 = LINE('',#5592,#5593);
#5592 = CARTESIAN_POINT('',(1.575,1.575,0.));
#5593 = VECTOR('',#5594,1.);
#5594 = DIRECTION('',(-1.,-1.110223024625E-16,0.));
#5595 = ORIENTED_EDGE('',*,*,#5574,.T.);
#5596 = ORIENTED_EDGE('',*,*,#3231,.F.);
#5597 = ORIENTED_EDGE('',*,*,#5598,.F.);
#5598 = EDGE_CURVE('',#5589,#3224,#5599,.T.);
#5599 = LINE('',#5600,#5601);
#5600 = CARTESIAN_POINT('',(-1.325,1.575,0.));
#5601 = VECTOR('',#5602,1.);
#5602 = DIRECTION('',(0.,0.,1.));
#5603 = PLANE('',#5604);
#5604 = AXIS2_PLACEMENT_3D('',#5605,#5606,#5607);
#5605 = CARTESIAN_POINT('',(1.575,1.575,0.));
#5606 = DIRECTION('',(1.110223024625E-16,-1.,0.));
#5607 = DIRECTION('',(-1.,-1.110223024625E-16,0.));
#5608 = ADVANCED_FACE('',(#5609),#5627,.F.);
#5609 = FACE_BOUND('',#5610,.F.);
#5610 = EDGE_LOOP('',(#5611,#5619,#5620,#5621));
#5611 = ORIENTED_EDGE('',*,*,#5612,.F.);
#5612 = EDGE_CURVE('',#5589,#5613,#5615,.T.);
#5613 = VERTEX_POINT('',#5614);
#5614 = CARTESIAN_POINT('',(-1.575,1.325,0.));
#5615 = LINE('',#5616,#5617);
#5616 = CARTESIAN_POINT('',(-1.325,1.575,0.));
#5617 = VECTOR('',#5618,1.);
#5618 = DIRECTION('',(-0.707106781187,-0.707106781187,0.));
#5619 = ORIENTED_EDGE('',*,*,#5598,.T.);
#5620 = ORIENTED_EDGE('',*,*,#3223,.F.);
#5621 = ORIENTED_EDGE('',*,*,#5622,.F.);
#5622 = EDGE_CURVE('',#5613,#3216,#5623,.T.);
#5623 = LINE('',#5624,#5625);
#5624 = CARTESIAN_POINT('',(-1.575,1.325,0.));
#5625 = VECTOR('',#5626,1.);
#5626 = DIRECTION('',(0.,0.,1.));
#5627 = PLANE('',#5628);
#5628 = AXIS2_PLACEMENT_3D('',#5629,#5630,#5631);
#5629 = CARTESIAN_POINT('',(-1.325,1.575,0.));
#5630 = DIRECTION('',(0.707106781187,-0.707106781187,0.));
#5631 = DIRECTION('',(-0.707106781187,-0.707106781187,0.));
#5632 = ADVANCED_FACE('',(#5633),#5644,.F.);
#5633 = FACE_BOUND('',#5634,.F.);
#5634 = EDGE_LOOP('',(#5635,#5641,#5642,#5643));
#5635 = ORIENTED_EDGE('',*,*,#5636,.F.);
#5636 = EDGE_CURVE('',#5613,#5534,#5637,.T.);
#5637 = LINE('',#5638,#5639);
#5638 = CARTESIAN_POINT('',(-1.575,1.325,0.));
#5639 = VECTOR('',#5640,1.);
#5640 = DIRECTION('',(1.110223024625E-16,-1.,0.));
#5641 = ORIENTED_EDGE('',*,*,#5622,.T.);
#5642 = ORIENTED_EDGE('',*,*,#3215,.F.);
#5643 = ORIENTED_EDGE('',*,*,#5543,.F.);
#5644 = PLANE('',#5645);
#5645 = AXIS2_PLACEMENT_3D('',#5646,#5647,#5648);
#5646 = CARTESIAN_POINT('',(-1.575,1.325,0.));
#5647 = DIRECTION('',(1.,1.110223024625E-16,0.));
#5648 = DIRECTION('',(1.110223024625E-16,-1.,0.));
#5649 = ADVANCED_FACE('',(#5650),#5661,.F.);
#5650 = FACE_BOUND('',#5651,.F.);
#5651 = EDGE_LOOP('',(#5652,#5653,#5654,#5655));
#5652 = ORIENTED_EDGE('',*,*,#3317,.T.);
#5653 = ORIENTED_EDGE('',*,*,#5261,.T.);
#5654 = ORIENTED_EDGE('',*,*,#3253,.T.);
#5655 = ORIENTED_EDGE('',*,*,#5656,.T.);
#5656 = EDGE_CURVE('',#3256,#3318,#5657,.T.);
#5657 = LINE('',#5658,#5659);
#5658 = CARTESIAN_POINT('',(1.45,2.5,0.));
#5659 = VECTOR('',#5660,1.);
#5660 = DIRECTION('',(-1.,-1.224646799147E-16,0.));
#5661 = PLANE('',#5662);
#5662 = AXIS2_PLACEMENT_3D('',#5663,#5664,#5665);
#5663 = CARTESIAN_POINT('',(1.3,2.4,0.));
#5664 = DIRECTION('',(0.,0.,1.));
#5665 = DIRECTION('',(-1.,-1.224646799147E-16,0.));
#5666 = ADVANCED_FACE('',(#5667),#5673,.F.);
#5667 = FACE_BOUND('',#5668,.F.);
#5668 = EDGE_LOOP('',(#5669,#5670,#5671,#5672));
#5669 = ORIENTED_EDGE('',*,*,#3279,.T.);
#5670 = ORIENTED_EDGE('',*,*,#3293,.T.);
#5671 = ORIENTED_EDGE('',*,*,#3327,.F.);
#5672 = ORIENTED_EDGE('',*,*,#5656,.F.);
#5673 = PLANE('',#5674);
#5674 = AXIS2_PLACEMENT_3D('',#5675,#5676,#5677);
#5675 = CARTESIAN_POINT('',(1.45,2.5,0.));
#5676 = DIRECTION('',(1.224646799147E-16,-1.,0.));
#5677 = DIRECTION('',(-1.,-1.224646799147E-16,0.));
#5678 = ADVANCED_FACE('',(#5679),#5690,.F.);
#5679 = FACE_BOUND('',#5680,.F.);
#5680 = EDGE_LOOP('',(#5681,#5682,#5683,#5684));
#5681 = ORIENTED_EDGE('',*,*,#3414,.T.);
#5682 = ORIENTED_EDGE('',*,*,#5244,.T.);
#5683 = ORIENTED_EDGE('',*,*,#3350,.T.);
#5684 = ORIENTED_EDGE('',*,*,#5685,.T.);
#5685 = EDGE_CURVE('',#3353,#3415,#5686,.T.);
#5686 = LINE('',#5687,#5688);
#5687 = CARTESIAN_POINT('',(0.8,2.5,0.));
#5688 = VECTOR('',#5689,1.);
#5689 = DIRECTION('',(-1.,-1.224646799147E-16,0.));
#5690 = PLANE('',#5691);
#5691 = AXIS2_PLACEMENT_3D('',#5692,#5693,#5694);
#5692 = CARTESIAN_POINT('',(0.65,2.4,0.));
#5693 = DIRECTION('',(0.,0.,1.));
#5694 = DIRECTION('',(-1.,-1.224646799147E-16,0.));
#5695 = ADVANCED_FACE('',(#5696),#5702,.F.);
#5696 = FACE_BOUND('',#5697,.F.);
#5697 = EDGE_LOOP('',(#5698,#5699,#5700,#5701));
#5698 = ORIENTED_EDGE('',*,*,#3376,.T.);
#5699 = ORIENTED_EDGE('',*,*,#3390,.T.);
#5700 = ORIENTED_EDGE('',*,*,#3424,.F.);
#5701 = ORIENTED_EDGE('',*,*,#5685,.F.);
#5702 = PLANE('',#5703);
#5703 = AXIS2_PLACEMENT_3D('',#5704,#5705,#5706);
#5704 = CARTESIAN_POINT('',(0.8,2.5,0.));
#5705 = DIRECTION('',(1.224646799147E-16,-1.,0.));
#5706 = DIRECTION('',(-1.,-1.224646799147E-16,0.));
#5707 = ADVANCED_FACE('',(#5708),#5719,.F.);
#5708 = FACE_BOUND('',#5709,.F.);
#5709 = EDGE_LOOP('',(#5710,#5711,#5712,#5713));
#5710 = ORIENTED_EDGE('',*,*,#3511,.T.);
#5711 = ORIENTED_EDGE('',*,*,#5227,.T.);
#5712 = ORIENTED_EDGE('',*,*,#3447,.T.);
#5713 = ORIENTED_EDGE('',*,*,#5714,.T.);
#5714 = EDGE_CURVE('',#3450,#3512,#5715,.T.);
#5715 = LINE('',#5716,#5717);
#5716 = CARTESIAN_POINT('',(0.15,2.5,0.));
#5717 = VECTOR('',#5718,1.);
#5718 = DIRECTION('',(-1.,-1.224646799147E-16,0.));
#5719 = PLANE('',#5720);
#5720 = AXIS2_PLACEMENT_3D('',#5721,#5722,#5723);
#5721 = CARTESIAN_POINT('',(-2.939152317954E-16,2.4,0.));
#5722 = DIRECTION('',(0.,0.,1.));
#5723 = DIRECTION('',(-1.,-1.224646799147E-16,0.));
#5724 = ADVANCED_FACE('',(#5725),#5731,.F.);
#5725 = FACE_BOUND('',#5726,.F.);
#5726 = EDGE_LOOP('',(#5727,#5728,#5729,#5730));
#5727 = ORIENTED_EDGE('',*,*,#3473,.T.);
#5728 = ORIENTED_EDGE('',*,*,#3487,.T.);
#5729 = ORIENTED_EDGE('',*,*,#3521,.F.);
#5730 = ORIENTED_EDGE('',*,*,#5714,.F.);
#5731 = PLANE('',#5732);
#5732 = AXIS2_PLACEMENT_3D('',#5733,#5734,#5735);
#5733 = CARTESIAN_POINT('',(0.15,2.5,0.));
#5734 = DIRECTION('',(1.224646799147E-16,-1.,0.));
#5735 = DIRECTION('',(-1.,-1.224646799147E-16,0.));
#5736 = ADVANCED_FACE('',(#5737),#5748,.F.);
#5737 = FACE_BOUND('',#5738,.F.);
#5738 = EDGE_LOOP('',(#5739,#5740,#5741,#5742));
#5739 = ORIENTED_EDGE('',*,*,#3608,.T.);
#5740 = ORIENTED_EDGE('',*,*,#5210,.T.);
#5741 = ORIENTED_EDGE('',*,*,#3544,.T.);
#5742 = ORIENTED_EDGE('',*,*,#5743,.T.);
#5743 = EDGE_CURVE('',#3547,#3609,#5744,.T.);
#5744 = LINE('',#5745,#5746);
#5745 = CARTESIAN_POINT('',(-0.5,2.5,0.));
#5746 = VECTOR('',#5747,1.);
#5747 = DIRECTION('',(-1.,-1.224646799147E-16,0.));
#5748 = PLANE('',#5749);
#5749 = AXIS2_PLACEMENT_3D('',#5750,#5751,#5752);
#5750 = CARTESIAN_POINT('',(-0.65,2.4,0.));
#5751 = DIRECTION('',(0.,0.,1.));
#5752 = DIRECTION('',(-1.,-1.224646799147E-16,0.));
#5753 = ADVANCED_FACE('',(#5754),#5760,.F.);
#5754 = FACE_BOUND('',#5755,.F.);
#5755 = EDGE_LOOP('',(#5756,#5757,#5758,#5759));
#5756 = ORIENTED_EDGE('',*,*,#3570,.T.);
#5757 = ORIENTED_EDGE('',*,*,#3584,.T.);
#5758 = ORIENTED_EDGE('',*,*,#3618,.F.);
#5759 = ORIENTED_EDGE('',*,*,#5743,.F.);
#5760 = PLANE('',#5761);
#5761 = AXIS2_PLACEMENT_3D('',#5762,#5763,#5764);
#5762 = CARTESIAN_POINT('',(-0.5,2.5,0.));
#5763 = DIRECTION('',(1.224646799147E-16,-1.,0.));
#5764 = DIRECTION('',(-1.,-1.224646799147E-16,0.));
#5765 = ADVANCED_FACE('',(#5766),#5777,.F.);
#5766 = FACE_BOUND('',#5767,.F.);
#5767 = EDGE_LOOP('',(#5768,#5769,#5770,#5771));
#5768 = ORIENTED_EDGE('',*,*,#3705,.T.);
#5769 = ORIENTED_EDGE('',*,*,#5193,.T.);
#5770 = ORIENTED_EDGE('',*,*,#3641,.T.);
#5771 = ORIENTED_EDGE('',*,*,#5772,.T.);
#5772 = EDGE_CURVE('',#3644,#3706,#5773,.T.);
#5773 = LINE('',#5774,#5775);
#5774 = CARTESIAN_POINT('',(-1.15,2.5,0.));
#5775 = VECTOR('',#5776,1.);
#5776 = DIRECTION('',(-1.,-1.224646799147E-16,0.));
#5777 = PLANE('',#5778);
#5778 = AXIS2_PLACEMENT_3D('',#5779,#5780,#5781);
#5779 = CARTESIAN_POINT('',(-1.3,2.4,0.));
#5780 = DIRECTION('',(0.,0.,1.));
#5781 = DIRECTION('',(-1.,-1.224646799147E-16,0.));
#5782 = ADVANCED_FACE('',(#5783),#5789,.F.);
#5783 = FACE_BOUND('',#5784,.F.);
#5784 = EDGE_LOOP('',(#5785,#5786,#5787,#5788));
#5785 = ORIENTED_EDGE('',*,*,#3667,.T.);
#5786 = ORIENTED_EDGE('',*,*,#3681,.T.);
#5787 = ORIENTED_EDGE('',*,*,#3715,.F.);
#5788 = ORIENTED_EDGE('',*,*,#5772,.F.);
#5789 = PLANE('',#5790);
#5790 = AXIS2_PLACEMENT_3D('',#5791,#5792,#5793);
#5791 = CARTESIAN_POINT('',(-1.15,2.5,0.));
#5792 = DIRECTION('',(1.224646799147E-16,-1.,0.));
#5793 = DIRECTION('',(-1.,-1.224646799147E-16,0.));
#5794 = ADVANCED_FACE('',(#5795),#5806,.F.);
#5795 = FACE_BOUND('',#5796,.F.);
#5796 = EDGE_LOOP('',(#5797,#5798,#5799,#5800));
#5797 = ORIENTED_EDGE('',*,*,#3738,.T.);
#5798 = ORIENTED_EDGE('',*,*,#5278,.T.);
#5799 = ORIENTED_EDGE('',*,*,#3802,.T.);
#5800 = ORIENTED_EDGE('',*,*,#5801,.T.);
#5801 = EDGE_CURVE('',#3805,#3739,#5802,.T.);
#5802 = LINE('',#5803,#5804);
#5803 = CARTESIAN_POINT('',(2.5,1.15,0.));
#5804 = VECTOR('',#5805,1.);
#5805 = DIRECTION('',(-2.334869823773E-16,1.,0.));
#5806 = PLANE('',#5807);
#5807 = AXIS2_PLACEMENT_3D('',#5808,#5809,#5810);
#5808 = CARTESIAN_POINT('',(2.4,1.3,0.));
#5809 = DIRECTION('',(0.,0.,1.));
#5810 = DIRECTION('',(-2.334869823773E-16,1.,0.));
#5811 = ADVANCED_FACE('',(#5812),#5818,.F.);
#5812 = FACE_BOUND('',#5813,.F.);
#5813 = EDGE_LOOP('',(#5814,#5815,#5816,#5817));
#5814 = ORIENTED_EDGE('',*,*,#3821,.T.);
#5815 = ORIENTED_EDGE('',*,*,#3778,.T.);
#5816 = ORIENTED_EDGE('',*,*,#3748,.F.);
#5817 = ORIENTED_EDGE('',*,*,#5801,.F.);
#5818 = PLANE('',#5819);
#5819 = AXIS2_PLACEMENT_3D('',#5820,#5821,#5822);
#5820 = CARTESIAN_POINT('',(2.5,1.15,0.));
#5821 = DIRECTION('',(-1.,-2.334869823773E-16,0.));
#5822 = DIRECTION('',(-2.334869823773E-16,1.,0.));
#5823 = ADVANCED_FACE('',(#5824),#5835,.F.);
#5824 = FACE_BOUND('',#5825,.F.);
#5825 = EDGE_LOOP('',(#5826,#5827,#5828,#5829));
#5826 = ORIENTED_EDGE('',*,*,#3835,.T.);
#5827 = ORIENTED_EDGE('',*,*,#5295,.T.);
#5828 = ORIENTED_EDGE('',*,*,#3899,.T.);
#5829 = ORIENTED_EDGE('',*,*,#5830,.T.);
#5830 = EDGE_CURVE('',#3902,#3836,#5831,.T.);
#5831 = LINE('',#5832,#5833);
#5832 = CARTESIAN_POINT('',(2.5,0.5,0.));
#5833 = VECTOR('',#5834,1.);
#5834 = DIRECTION('',(-2.334869823773E-16,1.,0.));
#5835 = PLANE('',#5836);
#5836 = AXIS2_PLACEMENT_3D('',#5837,#5838,#5839);
#5837 = CARTESIAN_POINT('',(2.4,0.65,0.));
#5838 = DIRECTION('',(0.,0.,1.));
#5839 = DIRECTION('',(-2.334869823773E-16,1.,0.));
#5840 = ADVANCED_FACE('',(#5841),#5847,.F.);
#5841 = FACE_BOUND('',#5842,.F.);
#5842 = EDGE_LOOP('',(#5843,#5844,#5845,#5846));
#5843 = ORIENTED_EDGE('',*,*,#3918,.T.);
#5844 = ORIENTED_EDGE('',*,*,#3875,.T.);
#5845 = ORIENTED_EDGE('',*,*,#3845,.F.);
#5846 = ORIENTED_EDGE('',*,*,#5830,.F.);
#5847 = PLANE('',#5848);
#5848 = AXIS2_PLACEMENT_3D('',#5849,#5850,#5851);
#5849 = CARTESIAN_POINT('',(2.5,0.5,0.));
#5850 = DIRECTION('',(-1.,-2.334869823773E-16,0.));
#5851 = DIRECTION('',(-2.334869823773E-16,1.,0.));
#5852 = ADVANCED_FACE('',(#5853),#5864,.F.);
#5853 = FACE_BOUND('',#5854,.F.);
#5854 = EDGE_LOOP('',(#5855,#5856,#5857,#5858));
#5855 = ORIENTED_EDGE('',*,*,#3932,.T.);
#5856 = ORIENTED_EDGE('',*,*,#5312,.T.);
#5857 = ORIENTED_EDGE('',*,*,#3996,.T.);
#5858 = ORIENTED_EDGE('',*,*,#5859,.T.);
#5859 = EDGE_CURVE('',#3999,#3933,#5860,.T.);
#5860 = LINE('',#5861,#5862);
#5861 = CARTESIAN_POINT('',(2.5,-0.15,0.));
#5862 = VECTOR('',#5863,1.);
#5863 = DIRECTION('',(-2.334869823773E-16,1.,0.));
#5864 = PLANE('',#5865);
#5865 = AXIS2_PLACEMENT_3D('',#5866,#5867,#5868);
#5866 = CARTESIAN_POINT('',(2.4,5.603687577054E-16,0.));
#5867 = DIRECTION('',(0.,0.,1.));
#5868 = DIRECTION('',(-2.334869823773E-16,1.,0.));
#5869 = ADVANCED_FACE('',(#5870),#5876,.F.);
#5870 = FACE_BOUND('',#5871,.F.);
#5871 = EDGE_LOOP('',(#5872,#5873,#5874,#5875));
#5872 = ORIENTED_EDGE('',*,*,#4015,.T.);
#5873 = ORIENTED_EDGE('',*,*,#3972,.T.);
#5874 = ORIENTED_EDGE('',*,*,#3942,.F.);
#5875 = ORIENTED_EDGE('',*,*,#5859,.F.);
#5876 = PLANE('',#5877);
#5877 = AXIS2_PLACEMENT_3D('',#5878,#5879,#5880);
#5878 = CARTESIAN_POINT('',(2.5,-0.15,0.));
#5879 = DIRECTION('',(-1.,-2.334869823773E-16,0.));
#5880 = DIRECTION('',(-2.334869823773E-16,1.,0.));
#5881 = ADVANCED_FACE('',(#5882),#5893,.F.);
#5882 = FACE_BOUND('',#5883,.F.);
#5883 = EDGE_LOOP('',(#5884,#5885,#5886,#5887));
#5884 = ORIENTED_EDGE('',*,*,#4029,.T.);
#5885 = ORIENTED_EDGE('',*,*,#5329,.T.);
#5886 = ORIENTED_EDGE('',*,*,#4093,.T.);
#5887 = ORIENTED_EDGE('',*,*,#5888,.T.);
#5888 = EDGE_CURVE('',#4096,#4030,#5889,.T.);
#5889 = LINE('',#5890,#5891);
#5890 = CARTESIAN_POINT('',(2.5,-0.8,0.));
#5891 = VECTOR('',#5892,1.);
#5892 = DIRECTION('',(-2.334869823773E-16,1.,0.));
#5893 = PLANE('',#5894);
#5894 = AXIS2_PLACEMENT_3D('',#5895,#5896,#5897);
#5895 = CARTESIAN_POINT('',(2.4,-0.65,0.));
#5896 = DIRECTION('',(0.,0.,1.));
#5897 = DIRECTION('',(-2.334869823773E-16,1.,0.));
#5898 = ADVANCED_FACE('',(#5899),#5905,.F.);
#5899 = FACE_BOUND('',#5900,.F.);
#5900 = EDGE_LOOP('',(#5901,#5902,#5903,#5904));
#5901 = ORIENTED_EDGE('',*,*,#4112,.T.);
#5902 = ORIENTED_EDGE('',*,*,#4069,.T.);
#5903 = ORIENTED_EDGE('',*,*,#4039,.F.);
#5904 = ORIENTED_EDGE('',*,*,#5888,.F.);
#5905 = PLANE('',#5906);
#5906 = AXIS2_PLACEMENT_3D('',#5907,#5908,#5909);
#5907 = CARTESIAN_POINT('',(2.5,-0.8,0.));
#5908 = DIRECTION('',(-1.,-2.334869823773E-16,0.));
#5909 = DIRECTION('',(-2.334869823773E-16,1.,0.));
#5910 = ADVANCED_FACE('',(#5911),#5922,.F.);
#5911 = FACE_BOUND('',#5912,.F.);
#5912 = EDGE_LOOP('',(#5913,#5914,#5915,#5916));
#5913 = ORIENTED_EDGE('',*,*,#4126,.T.);
#5914 = ORIENTED_EDGE('',*,*,#5346,.T.);
#5915 = ORIENTED_EDGE('',*,*,#4190,.T.);
#5916 = ORIENTED_EDGE('',*,*,#5917,.T.);
#5917 = EDGE_CURVE('',#4193,#4127,#5918,.T.);
#5918 = LINE('',#5919,#5920);
#5919 = CARTESIAN_POINT('',(2.5,-1.45,0.));
#5920 = VECTOR('',#5921,1.);
#5921 = DIRECTION('',(-2.334869823773E-16,1.,0.));
#5922 = PLANE('',#5923);
#5923 = AXIS2_PLACEMENT_3D('',#5924,#5925,#5926);
#5924 = CARTESIAN_POINT('',(2.4,-1.3,0.));
#5925 = DIRECTION('',(0.,0.,1.));
#5926 = DIRECTION('',(-2.334869823773E-16,1.,0.));
#5927 = ADVANCED_FACE('',(#5928),#5934,.F.);
#5928 = FACE_BOUND('',#5929,.F.);
#5929 = EDGE_LOOP('',(#5930,#5931,#5932,#5933));
#5930 = ORIENTED_EDGE('',*,*,#4209,.T.);
#5931 = ORIENTED_EDGE('',*,*,#4166,.T.);
#5932 = ORIENTED_EDGE('',*,*,#4136,.F.);
#5933 = ORIENTED_EDGE('',*,*,#5917,.F.);
#5934 = PLANE('',#5935);
#5935 = AXIS2_PLACEMENT_3D('',#5936,#5937,#5938);
#5936 = CARTESIAN_POINT('',(2.5,-1.45,0.));
#5937 = DIRECTION('',(-1.,-2.334869823773E-16,0.));
#5938 = DIRECTION('',(-2.334869823773E-16,1.,0.));
#5939 = ADVANCED_FACE('',(#5940),#5951,.F.);
#5940 = FACE_BOUND('',#5941,.F.);
#5941 = EDGE_LOOP('',(#5942,#5943,#5944,#5945));
#5942 = ORIENTED_EDGE('',*,*,#4287,.T.);
#5943 = ORIENTED_EDGE('',*,*,#5516,.T.);
#5944 = ORIENTED_EDGE('',*,*,#4223,.T.);
#5945 = ORIENTED_EDGE('',*,*,#5946,.T.);
#5946 = EDGE_CURVE('',#4226,#4288,#5947,.T.);
#5947 = LINE('',#5948,#5949);
#5948 = CARTESIAN_POINT('',(-2.5,1.45,0.));
#5949 = VECTOR('',#5950,1.);
#5950 = DIRECTION('',(1.110223024625E-16,-1.,0.));
#5951 = PLANE('',#5952);
#5952 = AXIS2_PLACEMENT_3D('',#5953,#5954,#5955);
#5953 = CARTESIAN_POINT('',(-2.4,1.3,0.));
#5954 = DIRECTION('',(0.,0.,1.));
#5955 = DIRECTION('',(1.110223024625E-16,-1.,0.));
#5956 = ADVANCED_FACE('',(#5957),#5963,.F.);
#5957 = FACE_BOUND('',#5958,.F.);
#5958 = EDGE_LOOP('',(#5959,#5960,#5961,#5962));
#5959 = ORIENTED_EDGE('',*,*,#4249,.T.);
#5960 = ORIENTED_EDGE('',*,*,#4263,.T.);
#5961 = ORIENTED_EDGE('',*,*,#4297,.F.);
#5962 = ORIENTED_EDGE('',*,*,#5946,.F.);
#5963 = PLANE('',#5964);
#5964 = AXIS2_PLACEMENT_3D('',#5965,#5966,#5967);
#5965 = CARTESIAN_POINT('',(-2.5,1.45,0.));
#5966 = DIRECTION('',(1.,1.110223024625E-16,0.));
#5967 = DIRECTION('',(1.110223024625E-16,-1.,0.));
#5968 = ADVANCED_FACE('',(#5969),#5980,.F.);
#5969 = FACE_BOUND('',#5970,.F.);
#5970 = EDGE_LOOP('',(#5971,#5972,#5973,#5974));
#5971 = ORIENTED_EDGE('',*,*,#4384,.T.);
#5972 = ORIENTED_EDGE('',*,*,#5499,.T.);
#5973 = ORIENTED_EDGE('',*,*,#4320,.T.);
#5974 = ORIENTED_EDGE('',*,*,#5975,.T.);
#5975 = EDGE_CURVE('',#4323,#4385,#5976,.T.);
#5976 = LINE('',#5977,#5978);
#5977 = CARTESIAN_POINT('',(-2.5,0.8,0.));
#5978 = VECTOR('',#5979,1.);
#5979 = DIRECTION('',(1.110223024625E-16,-1.,0.));
#5980 = PLANE('',#5981);
#5981 = AXIS2_PLACEMENT_3D('',#5982,#5983,#5984);
#5982 = CARTESIAN_POINT('',(-2.4,0.65,0.));
#5983 = DIRECTION('',(0.,0.,1.));
#5984 = DIRECTION('',(1.110223024625E-16,-1.,0.));
#5985 = ADVANCED_FACE('',(#5986),#5992,.F.);
#5986 = FACE_BOUND('',#5987,.F.);
#5987 = EDGE_LOOP('',(#5988,#5989,#5990,#5991));
#5988 = ORIENTED_EDGE('',*,*,#4346,.T.);
#5989 = ORIENTED_EDGE('',*,*,#4360,.T.);
#5990 = ORIENTED_EDGE('',*,*,#4394,.F.);
#5991 = ORIENTED_EDGE('',*,*,#5975,.F.);
#5992 = PLANE('',#5993);
#5993 = AXIS2_PLACEMENT_3D('',#5994,#5995,#5996);
#5994 = CARTESIAN_POINT('',(-2.5,0.8,0.));
#5995 = DIRECTION('',(1.,1.110223024625E-16,0.));
#5996 = DIRECTION('',(1.110223024625E-16,-1.,0.));
#5997 = ADVANCED_FACE('',(#5998),#6009,.F.);
#5998 = FACE_BOUND('',#5999,.F.);
#5999 = EDGE_LOOP('',(#6000,#6001,#6002,#6003));
#6000 = ORIENTED_EDGE('',*,*,#4481,.T.);
#6001 = ORIENTED_EDGE('',*,*,#5482,.T.);
#6002 = ORIENTED_EDGE('',*,*,#4417,.T.);
#6003 = ORIENTED_EDGE('',*,*,#6004,.T.);
#6004 = EDGE_CURVE('',#4420,#4482,#6005,.T.);
#6005 = LINE('',#6006,#6007);
#6006 = CARTESIAN_POINT('',(-2.5,0.15,0.));
#6007 = VECTOR('',#6008,1.);
#6008 = DIRECTION('',(1.110223024625E-16,-1.,0.));
#6009 = PLANE('',#6010);
#6010 = AXIS2_PLACEMENT_3D('',#6011,#6012,#6013);
#6011 = CARTESIAN_POINT('',(-2.4,-2.6645352591E-16,0.));
#6012 = DIRECTION('',(0.,0.,1.));
#6013 = DIRECTION('',(1.110223024625E-16,-1.,0.));
#6014 = ADVANCED_FACE('',(#6015),#6021,.F.);
#6015 = FACE_BOUND('',#6016,.F.);
#6016 = EDGE_LOOP('',(#6017,#6018,#6019,#6020));
#6017 = ORIENTED_EDGE('',*,*,#4443,.T.);
#6018 = ORIENTED_EDGE('',*,*,#4457,.T.);
#6019 = ORIENTED_EDGE('',*,*,#4491,.F.);
#6020 = ORIENTED_EDGE('',*,*,#6004,.F.);
#6021 = PLANE('',#6022);
#6022 = AXIS2_PLACEMENT_3D('',#6023,#6024,#6025);
#6023 = CARTESIAN_POINT('',(-2.5,0.15,0.));
#6024 = DIRECTION('',(1.,1.110223024625E-16,0.));
#6025 = DIRECTION('',(1.110223024625E-16,-1.,0.));
#6026 = ADVANCED_FACE('',(#6027),#6038,.F.);
#6027 = FACE_BOUND('',#6028,.F.);
#6028 = EDGE_LOOP('',(#6029,#6030,#6031,#6032));
#6029 = ORIENTED_EDGE('',*,*,#4578,.T.);
#6030 = ORIENTED_EDGE('',*,*,#5465,.T.);
#6031 = ORIENTED_EDGE('',*,*,#4514,.T.);
#6032 = ORIENTED_EDGE('',*,*,#6033,.T.);
#6033 = EDGE_CURVE('',#4517,#4579,#6034,.T.);
#6034 = LINE('',#6035,#6036);
#6035 = CARTESIAN_POINT('',(-2.5,-0.5,0.));
#6036 = VECTOR('',#6037,1.);
#6037 = DIRECTION('',(1.110223024625E-16,-1.,0.));
#6038 = PLANE('',#6039);
#6039 = AXIS2_PLACEMENT_3D('',#6040,#6041,#6042);
#6040 = CARTESIAN_POINT('',(-2.4,-0.65,0.));
#6041 = DIRECTION('',(0.,0.,1.));
#6042 = DIRECTION('',(1.110223024625E-16,-1.,0.));
#6043 = ADVANCED_FACE('',(#6044),#6050,.F.);
#6044 = FACE_BOUND('',#6045,.F.);
#6045 = EDGE_LOOP('',(#6046,#6047,#6048,#6049));
#6046 = ORIENTED_EDGE('',*,*,#4540,.T.);
#6047 = ORIENTED_EDGE('',*,*,#4554,.T.);
#6048 = ORIENTED_EDGE('',*,*,#4588,.F.);
#6049 = ORIENTED_EDGE('',*,*,#6033,.F.);
#6050 = PLANE('',#6051);
#6051 = AXIS2_PLACEMENT_3D('',#6052,#6053,#6054);
#6052 = CARTESIAN_POINT('',(-2.5,-0.5,0.));
#6053 = DIRECTION('',(1.,1.110223024625E-16,0.));
#6054 = DIRECTION('',(1.110223024625E-16,-1.,0.));
#6055 = ADVANCED_FACE('',(#6056),#6067,.F.);
#6056 = FACE_BOUND('',#6057,.F.);
#6057 = EDGE_LOOP('',(#6058,#6059,#6060,#6061));
#6058 = ORIENTED_EDGE('',*,*,#4675,.T.);
#6059 = ORIENTED_EDGE('',*,*,#5448,.T.);
#6060 = ORIENTED_EDGE('',*,*,#4611,.T.);
#6061 = ORIENTED_EDGE('',*,*,#6062,.T.);
#6062 = EDGE_CURVE('',#4614,#4676,#6063,.T.);
#6063 = LINE('',#6064,#6065);
#6064 = CARTESIAN_POINT('',(-2.5,-1.15,0.));
#6065 = VECTOR('',#6066,1.);
#6066 = DIRECTION('',(1.110223024625E-16,-1.,0.));
#6067 = PLANE('',#6068);
#6068 = AXIS2_PLACEMENT_3D('',#6069,#6070,#6071);
#6069 = CARTESIAN_POINT('',(-2.4,-1.3,0.));
#6070 = DIRECTION('',(0.,0.,1.));
#6071 = DIRECTION('',(1.110223024625E-16,-1.,0.));
#6072 = ADVANCED_FACE('',(#6073),#6079,.F.);
#6073 = FACE_BOUND('',#6074,.F.);
#6074 = EDGE_LOOP('',(#6075,#6076,#6077,#6078));
#6075 = ORIENTED_EDGE('',*,*,#4637,.T.);
#6076 = ORIENTED_EDGE('',*,*,#4651,.T.);
#6077 = ORIENTED_EDGE('',*,*,#4685,.F.);
#6078 = ORIENTED_EDGE('',*,*,#6062,.F.);
#6079 = PLANE('',#6080);
#6080 = AXIS2_PLACEMENT_3D('',#6081,#6082,#6083);
#6081 = CARTESIAN_POINT('',(-2.5,-1.15,0.));
#6082 = DIRECTION('',(1.,1.110223024625E-16,0.));
#6083 = DIRECTION('',(1.110223024625E-16,-1.,0.));
#6084 = ADVANCED_FACE('',(#6085),#6096,.F.);
#6085 = FACE_BOUND('',#6086,.F.);
#6086 = EDGE_LOOP('',(#6087,#6088,#6089,#6090));
#6087 = ORIENTED_EDGE('',*,*,#4708,.T.);
#6088 = ORIENTED_EDGE('',*,*,#5363,.T.);
#6089 = ORIENTED_EDGE('',*,*,#4772,.T.);
#6090 = ORIENTED_EDGE('',*,*,#6091,.T.);
#6091 = EDGE_CURVE('',#4775,#4709,#6092,.T.);
#6092 = LINE('',#6093,#6094);
#6093 = CARTESIAN_POINT('',(1.15,-2.5,0.));
#6094 = VECTOR('',#6095,1.);
#6095 = DIRECTION('',(1.,1.144237745222E-17,0.));
#6096 = PLANE('',#6097);
#6097 = AXIS2_PLACEMENT_3D('',#6098,#6099,#6100);
#6098 = CARTESIAN_POINT('',(1.3,-2.4,0.));
#6099 = DIRECTION('',(0.,0.,1.));
#6100 = DIRECTION('',(1.,1.144237745222E-17,-0.));
#6101 = ADVANCED_FACE('',(#6102),#6108,.F.);
#6102 = FACE_BOUND('',#6103,.F.);
#6103 = EDGE_LOOP('',(#6104,#6105,#6106,#6107));
#6104 = ORIENTED_EDGE('',*,*,#4791,.T.);
#6105 = ORIENTED_EDGE('',*,*,#4748,.T.);
#6106 = ORIENTED_EDGE('',*,*,#4718,.F.);
#6107 = ORIENTED_EDGE('',*,*,#6091,.F.);
#6108 = PLANE('',#6109);
#6109 = AXIS2_PLACEMENT_3D('',#6110,#6111,#6112);
#6110 = CARTESIAN_POINT('',(1.15,-2.5,0.));
#6111 = DIRECTION('',(-1.144237745222E-17,1.,0.));
#6112 = DIRECTION('',(1.,1.144237745222E-17,0.));
#6113 = ADVANCED_FACE('',(#6114),#6125,.F.);
#6114 = FACE_BOUND('',#6115,.F.);
#6115 = EDGE_LOOP('',(#6116,#6117,#6118,#6119));
#6116 = ORIENTED_EDGE('',*,*,#4805,.T.);
#6117 = ORIENTED_EDGE('',*,*,#5380,.T.);
#6118 = ORIENTED_EDGE('',*,*,#4869,.T.);
#6119 = ORIENTED_EDGE('',*,*,#6120,.T.);
#6120 = EDGE_CURVE('',#4872,#4806,#6121,.T.);
#6121 = LINE('',#6122,#6123);
#6122 = CARTESIAN_POINT('',(0.5,-2.5,0.));
#6123 = VECTOR('',#6124,1.);
#6124 = DIRECTION('',(1.,1.144237745222E-17,0.));
#6125 = PLANE('',#6126);
#6126 = AXIS2_PLACEMENT_3D('',#6127,#6128,#6129);
#6127 = CARTESIAN_POINT('',(0.65,-2.4,0.));
#6128 = DIRECTION('',(0.,0.,1.));
#6129 = DIRECTION('',(1.,1.144237745222E-17,-0.));
#6130 = ADVANCED_FACE('',(#6131),#6137,.F.);
#6131 = FACE_BOUND('',#6132,.F.);
#6132 = EDGE_LOOP('',(#6133,#6134,#6135,#6136));
#6133 = ORIENTED_EDGE('',*,*,#4888,.T.);
#6134 = ORIENTED_EDGE('',*,*,#4845,.T.);
#6135 = ORIENTED_EDGE('',*,*,#4815,.F.);
#6136 = ORIENTED_EDGE('',*,*,#6120,.F.);
#6137 = PLANE('',#6138);
#6138 = AXIS2_PLACEMENT_3D('',#6139,#6140,#6141);
#6139 = CARTESIAN_POINT('',(0.5,-2.5,0.));
#6140 = DIRECTION('',(-1.144237745222E-17,1.,0.));
#6141 = DIRECTION('',(1.,1.144237745222E-17,0.));
#6142 = ADVANCED_FACE('',(#6143),#6154,.F.);
#6143 = FACE_BOUND('',#6144,.F.);
#6144 = EDGE_LOOP('',(#6145,#6146,#6147,#6148));
#6145 = ORIENTED_EDGE('',*,*,#4902,.T.);
#6146 = ORIENTED_EDGE('',*,*,#5397,.T.);
#6147 = ORIENTED_EDGE('',*,*,#4966,.T.);
#6148 = ORIENTED_EDGE('',*,*,#6149,.T.);
#6149 = EDGE_CURVE('',#4969,#4903,#6150,.T.);
#6150 = LINE('',#6151,#6152);
#6151 = CARTESIAN_POINT('',(-0.15,-2.5,0.));
#6152 = VECTOR('',#6153,1.);
#6153 = DIRECTION('',(1.,1.144237745222E-17,0.));
#6154 = PLANE('',#6155);
#6155 = AXIS2_PLACEMENT_3D('',#6156,#6157,#6158);
#6156 = CARTESIAN_POINT('',(2.746170588533E-17,-2.4,0.));
#6157 = DIRECTION('',(0.,0.,1.));
#6158 = DIRECTION('',(1.,1.144237745222E-17,-0.));
#6159 = ADVANCED_FACE('',(#6160),#6166,.F.);
#6160 = FACE_BOUND('',#6161,.F.);
#6161 = EDGE_LOOP('',(#6162,#6163,#6164,#6165));
#6162 = ORIENTED_EDGE('',*,*,#4985,.T.);
#6163 = ORIENTED_EDGE('',*,*,#4942,.T.);
#6164 = ORIENTED_EDGE('',*,*,#4912,.F.);
#6165 = ORIENTED_EDGE('',*,*,#6149,.F.);
#6166 = PLANE('',#6167);
#6167 = AXIS2_PLACEMENT_3D('',#6168,#6169,#6170);
#6168 = CARTESIAN_POINT('',(-0.15,-2.5,0.));
#6169 = DIRECTION('',(-1.144237745222E-17,1.,0.));
#6170 = DIRECTION('',(1.,1.144237745222E-17,0.));
#6171 = ADVANCED_FACE('',(#6172),#6183,.F.);
#6172 = FACE_BOUND('',#6173,.F.);
#6173 = EDGE_LOOP('',(#6174,#6175,#6176,#6177));
#6174 = ORIENTED_EDGE('',*,*,#4999,.T.);
#6175 = ORIENTED_EDGE('',*,*,#5414,.T.);
#6176 = ORIENTED_EDGE('',*,*,#5063,.T.);
#6177 = ORIENTED_EDGE('',*,*,#6178,.T.);
#6178 = EDGE_CURVE('',#5066,#5000,#6179,.T.);
#6179 = LINE('',#6180,#6181);
#6180 = CARTESIAN_POINT('',(-0.8,-2.5,0.));
#6181 = VECTOR('',#6182,1.);
#6182 = DIRECTION('',(1.,1.144237745222E-17,0.));
#6183 = PLANE('',#6184);
#6184 = AXIS2_PLACEMENT_3D('',#6185,#6186,#6187);
#6185 = CARTESIAN_POINT('',(-0.65,-2.4,0.));
#6186 = DIRECTION('',(0.,0.,1.));
#6187 = DIRECTION('',(1.,1.144237745222E-17,-0.));
#6188 = ADVANCED_FACE('',(#6189),#6195,.F.);
#6189 = FACE_BOUND('',#6190,.F.);
#6190 = EDGE_LOOP('',(#6191,#6192,#6193,#6194));
#6191 = ORIENTED_EDGE('',*,*,#5082,.T.);
#6192 = ORIENTED_EDGE('',*,*,#5039,.T.);
#6193 = ORIENTED_EDGE('',*,*,#5009,.F.);
#6194 = ORIENTED_EDGE('',*,*,#6178,.F.);
#6195 = PLANE('',#6196);
#6196 = AXIS2_PLACEMENT_3D('',#6197,#6198,#6199);
#6197 = CARTESIAN_POINT('',(-0.8,-2.5,0.));
#6198 = DIRECTION('',(-1.144237745222E-17,1.,0.));
#6199 = DIRECTION('',(1.,1.144237745222E-17,0.));
#6200 = ADVANCED_FACE('',(#6201),#6212,.F.);
#6201 = FACE_BOUND('',#6202,.F.);
#6202 = EDGE_LOOP('',(#6203,#6204,#6205,#6206));
#6203 = ORIENTED_EDGE('',*,*,#5096,.T.);
#6204 = ORIENTED_EDGE('',*,*,#5431,.T.);
#6205 = ORIENTED_EDGE('',*,*,#5160,.T.);
#6206 = ORIENTED_EDGE('',*,*,#6207,.T.);
#6207 = EDGE_CURVE('',#5163,#5097,#6208,.T.);
#6208 = LINE('',#6209,#6210);
#6209 = CARTESIAN_POINT('',(-1.45,-2.5,0.));
#6210 = VECTOR('',#6211,1.);
#6211 = DIRECTION('',(1.,1.144237745222E-17,0.));
#6212 = PLANE('',#6213);
#6213 = AXIS2_PLACEMENT_3D('',#6214,#6215,#6216);
#6214 = CARTESIAN_POINT('',(-1.3,-2.4,0.));
#6215 = DIRECTION('',(0.,0.,1.));
#6216 = DIRECTION('',(1.,1.144237745222E-17,-0.));
#6217 = ADVANCED_FACE('',(#6218),#6224,.F.);
#6218 = FACE_BOUND('',#6219,.F.);
#6219 = EDGE_LOOP('',(#6220,#6221,#6222,#6223));
#6220 = ORIENTED_EDGE('',*,*,#5179,.T.);
#6221 = ORIENTED_EDGE('',*,*,#5136,.T.);
#6222 = ORIENTED_EDGE('',*,*,#5106,.F.);
#6223 = ORIENTED_EDGE('',*,*,#6207,.F.);
#6224 = PLANE('',#6225);
#6225 = AXIS2_PLACEMENT_3D('',#6226,#6227,#6228);
#6226 = CARTESIAN_POINT('',(-1.45,-2.5,0.));
#6227 = DIRECTION('',(-1.144237745222E-17,1.,0.));
#6228 = DIRECTION('',(1.,1.144237745222E-17,0.));
#6229 = ADVANCED_FACE('',(#6230),#6237,.F.);
#6230 = FACE_BOUND('',#6231,.F.);
#6231 = EDGE_LOOP('',(#6232,#6233,#6234,#6235,#6236));
#6232 = ORIENTED_EDGE('',*,*,#5636,.T.);
#6233 = ORIENTED_EDGE('',*,*,#5533,.T.);
#6234 = ORIENTED_EDGE('',*,*,#5564,.T.);
#6235 = ORIENTED_EDGE('',*,*,#5588,.T.);
#6236 = ORIENTED_EDGE('',*,*,#5612,.T.);
#6237 = PLANE('',#6238);
#6238 = AXIS2_PLACEMENT_3D('',#6239,#6240,#6241);
#6239 = CARTESIAN_POINT('',(1.956048815945E-02,-1.956048815945E-02,0.));
#6240 = DIRECTION('',(0.,0.,1.));
#6241 = DIRECTION('',(1.110223024625E-16,-1.,0.));
#6242 = ( GEOMETRIC_REPRESENTATION_CONTEXT(3) 
GLOBAL_UNCERTAINTY_ASSIGNED_CONTEXT((#6246)) 
GLOBAL_UNIT_ASSIGNED_CONTEXT((#6243,#6244,#6245)) REPRESENTATION_CONTEXT
('Context #1','3D Context with UNIT and UNCERTAINTY') );
#6243 = ( LENGTH_UNIT() NAMED_UNIT(*) SI_UNIT(.MILLI.,.METRE.) );
#6244 = ( NAMED_UNIT(*) PLANE_ANGLE_UNIT() SI_UNIT($,.RADIAN.) );
#6245 = ( NAMED_UNIT(*) SI_UNIT($,.STERADIAN.) SOLID_ANGLE_UNIT() );
#6246 = UNCERTAINTY_MEASURE_WITH_UNIT(LENGTH_MEASURE(1.E-07),#6243,
  'distance_accuracy_value','confusion accuracy');
#6247 = CONTEXT_DEPENDENT_SHAPE_REPRESENTATION(#6248,#6250);
#6248 = ( REPRESENTATION_RELATIONSHIP('','',#1911,#1888) 
REPRESENTATION_RELATIONSHIP_WITH_TRANSFORMATION(#6249) 
SHAPE_REPRESENTATION_RELATIONSHIP() );
#6249 = ITEM_DEFINED_TRANSFORMATION('','',#11,#1889);
#6250 = PRODUCT_DEFINITION_SHAPE('Placement','Placement of an item',
  #6251);
#6251 = NEXT_ASSEMBLY_USAGE_OCCURRENCE('9','=>[0:1:1:7]','',#1883,#1906,
  $);
#6252 = PRODUCT_RELATED_PRODUCT_CATEGORY('part',$,(#1908));
#6253 = SHAPE_DEFINITION_REPRESENTATION(#6254,#6260);
#6254 = PRODUCT_DEFINITION_SHAPE('','',#6255);
#6255 = PRODUCT_DEFINITION('design','',#6256,#6259);
#6256 = PRODUCT_DEFINITION_FORMATION('','',#6257);
#6257 = PRODUCT('JST_PH_B2B-PH-K_1x02_P2.00mm_Vertical',
  'JST_PH_B2B-PH-K_1x02_P2.00mm_Vertical','',(#6258));
#6258 = PRODUCT_CONTEXT('',#2,'mechanical');
#6259 = PRODUCT_DEFINITION_CONTEXT('part definition',#2,'design');
#6260 = SHAPE_REPRESENTATION('',(#11,#6261),#6265);
#6261 = AXIS2_PLACEMENT_3D('',#6262,#6263,#6264);
#6262 = CARTESIAN_POINT('',(0.,0.,0.));
#6263 = DIRECTION('',(0.,0.,1.));
#6264 = DIRECTION('',(1.,0.,-0.));
#6265 = ( GEOMETRIC_REPRESENTATION_CONTEXT(3) 
GLOBAL_UNCERTAINTY_ASSIGNED_CONTEXT((#6269)) 
GLOBAL_UNIT_ASSIGNED_CONTEXT((#6266,#6267,#6268)) REPRESENTATION_CONTEXT
('Context #1','3D Context with UNIT and UNCERTAINTY') );
#6266 = ( LENGTH_UNIT() NAMED_UNIT(*) SI_UNIT(.MILLI.,.METRE.) );
#6267 = ( NAMED_UNIT(*) PLANE_ANGLE_UNIT() SI_UNIT($,.RADIAN.) );
#6268 = ( NAMED_UNIT(*) SI_UNIT($,.STERADIAN.) SOLID_ANGLE_UNIT() );
#6269 = UNCERTAINTY_MEASURE_WITH_UNIT(LENGTH_MEASURE(1.E-07),#6266,
  'distance_accuracy_value','confusion accuracy');
#6270 = CONTEXT_DEPENDENT_SHAPE_REPRESENTATION(#6271,#6273);
#6271 = ( REPRESENTATION_RELATIONSHIP('','',#6260,#10) 
REPRESENTATION_RELATIONSHIP_WITH_TRANSFORMATION(#6272) 
SHAPE_REPRESENTATION_RELATIONSHIP() );
#6272 = ITEM_DEFINED_TRANSFORMATION('','',#11,#43);
#6273 = PRODUCT_DEFINITION_SHAPE('Placement','Placement of an item',
  #6274);
#6274 = NEXT_ASSEMBLY_USAGE_OCCURRENCE('12','J9','',#5,#6255,$);
#6275 = PRODUCT_RELATED_PRODUCT_CATEGORY('part',$,(#6257));
#6276 = SHAPE_DEFINITION_REPRESENTATION(#6277,#6283);
#6277 = PRODUCT_DEFINITION_SHAPE('','',#6278);
#6278 = PRODUCT_DEFINITION('design','',#6279,#6282);
#6279 = PRODUCT_DEFINITION_FORMATION('','',#6280);
#6280 = PRODUCT('JST_B2B_PH_K','JST_B2B_PH_K','',(#6281));
#6281 = PRODUCT_CONTEXT('',#2,'mechanical');
#6282 = PRODUCT_DEFINITION_CONTEXT('part definition',#2,'design');
#6283 = ADVANCED_BREP_SHAPE_REPRESENTATION('',(#11,#6284),#9176);
#6284 = MANIFOLD_SOLID_BREP('',#6285);
#6285 = CLOSED_SHELL('',(#6286,#6326,#6390,#6478,#6518,#6729,#6769,#6793
    ,#6818,#6842,#6891,#6913,#6946,#6970,#7001,#7018,#7051,#7068,#7111,
    #7128,#7174,#7191,#7254,#7278,#7325,#7349,#7373,#7390,#7407,#7431,
    #7455,#7472,#7503,#7527,#7551,#7568,#7603,#7643,#7667,#7708,#7757,
    #7803,#7820,#7832,#7863,#7919,#7943,#7992,#8004,#8107,#8131,#8155,
    #8172,#8203,#8259,#8283,#8332,#8349,#8396,#8422,#8439,#8465,#8498,
    #8510,#8541,#8565,#8589,#8606,#8637,#8661,#8685,#8702,#8719,#8766,
    #8792,#8809,#8835,#8868,#8885,#8902,#8914,#8945,#8969,#8993,#9010,
    #9041,#9065,#9089,#9106,#9123,#9140,#9152,#9164));
#6286 = ADVANCED_FACE('',(#6287),#6321,.F.);
#6287 = FACE_BOUND('',#6288,.F.);
#6288 = EDGE_LOOP('',(#6289,#6299,#6307,#6315));
#6289 = ORIENTED_EDGE('',*,*,#6290,.T.);
#6290 = EDGE_CURVE('',#6291,#6293,#6295,.T.);
#6291 = VERTEX_POINT('',#6292);
#6292 = CARTESIAN_POINT('',(3.95,-2.8,0.));
#6293 = VERTEX_POINT('',#6294);
#6294 = CARTESIAN_POINT('',(3.95,1.7,0.));
#6295 = LINE('',#6296,#6297);
#6296 = CARTESIAN_POINT('',(3.95,-2.8,0.));
#6297 = VECTOR('',#6298,1.);
#6298 = DIRECTION('',(1.224646799147E-16,1.,0.));
#6299 = ORIENTED_EDGE('',*,*,#6300,.T.);
#6300 = EDGE_CURVE('',#6293,#6301,#6303,.T.);
#6301 = VERTEX_POINT('',#6302);
#6302 = CARTESIAN_POINT('',(2.75,1.7,0.));
#6303 = LINE('',#6304,#6305);
#6304 = CARTESIAN_POINT('',(3.95,1.7,0.));
#6305 = VECTOR('',#6306,1.);
#6306 = DIRECTION('',(-1.,1.224646799147E-16,0.));
#6307 = ORIENTED_EDGE('',*,*,#6308,.F.);
#6308 = EDGE_CURVE('',#6309,#6301,#6311,.T.);
#6309 = VERTEX_POINT('',#6310);
#6310 = CARTESIAN_POINT('',(2.75,-2.8,0.));
#6311 = LINE('',#6312,#6313);
#6312 = CARTESIAN_POINT('',(2.75,-2.8,0.));
#6313 = VECTOR('',#6314,1.);
#6314 = DIRECTION('',(1.224646799147E-16,1.,0.));
#6315 = ORIENTED_EDGE('',*,*,#6316,.T.);
#6316 = EDGE_CURVE('',#6309,#6291,#6317,.T.);
#6317 = LINE('',#6318,#6319);
#6318 = CARTESIAN_POINT('',(-1.95,-2.8,0.));
#6319 = VECTOR('',#6320,1.);
#6320 = DIRECTION('',(1.,-1.224646799147E-16,0.));
#6321 = PLANE('',#6322);
#6322 = AXIS2_PLACEMENT_3D('',#6323,#6324,#6325);
#6323 = CARTESIAN_POINT('',(1.,-0.55,0.));
#6324 = DIRECTION('',(0.,0.,1.));
#6325 = DIRECTION('',(-1.,1.224646799147E-16,0.));
#6326 = ADVANCED_FACE('',(#6327),#6385,.F.);
#6327 = FACE_BOUND('',#6328,.F.);
#6328 = EDGE_LOOP('',(#6329,#6330,#6338,#6346,#6354,#6363,#6371,#6379));
#6329 = ORIENTED_EDGE('',*,*,#6290,.F.);
#6330 = ORIENTED_EDGE('',*,*,#6331,.T.);
#6331 = EDGE_CURVE('',#6291,#6332,#6334,.T.);
#6332 = VERTEX_POINT('',#6333);
#6333 = CARTESIAN_POINT('',(3.95,-2.8,6.));
#6334 = LINE('',#6335,#6336);
#6335 = CARTESIAN_POINT('',(3.95,-2.8,0.));
#6336 = VECTOR('',#6337,1.);
#6337 = DIRECTION('',(0.,0.,1.));
#6338 = ORIENTED_EDGE('',*,*,#6339,.T.);
#6339 = EDGE_CURVE('',#6332,#6340,#6342,.T.);
#6340 = VERTEX_POINT('',#6341);
#6341 = CARTESIAN_POINT('',(3.95,-0.6,6.));
#6342 = LINE('',#6343,#6344);
#6343 = CARTESIAN_POINT('',(3.95,-2.8,6.));
#6344 = VECTOR('',#6345,1.);
#6345 = DIRECTION('',(1.224646799147E-16,1.,0.));
#6346 = ORIENTED_EDGE('',*,*,#6347,.F.);
#6347 = EDGE_CURVE('',#6348,#6340,#6350,.T.);
#6348 = VERTEX_POINT('',#6349);
#6349 = CARTESIAN_POINT('',(3.95,-0.6,4.4));
#6350 = LINE('',#6351,#6352);
#6351 = CARTESIAN_POINT('',(3.95,-0.6,4.4));
#6352 = VECTOR('',#6353,1.);
#6353 = DIRECTION('',(0.,0.,1.));
#6354 = ORIENTED_EDGE('',*,*,#6355,.F.);
#6355 = EDGE_CURVE('',#6356,#6348,#6358,.T.);
#6356 = VERTEX_POINT('',#6357);
#6357 = CARTESIAN_POINT('',(3.95,0.2,4.4));
#6358 = CIRCLE('',#6359,0.4);
#6359 = AXIS2_PLACEMENT_3D('',#6360,#6361,#6362);
#6360 = CARTESIAN_POINT('',(3.95,-0.2,4.4));
#6361 = DIRECTION('',(-1.,1.224646799147E-16,0.));
#6362 = DIRECTION('',(1.224646799147E-16,1.,0.));
#6363 = ORIENTED_EDGE('',*,*,#6364,.F.);
#6364 = EDGE_CURVE('',#6365,#6356,#6367,.T.);
#6365 = VERTEX_POINT('',#6366);
#6366 = CARTESIAN_POINT('',(3.95,0.2,6.));
#6367 = LINE('',#6368,#6369);
#6368 = CARTESIAN_POINT('',(3.95,0.2,6.));
#6369 = VECTOR('',#6370,1.);
#6370 = DIRECTION('',(-0.,0.,-1.));
#6371 = ORIENTED_EDGE('',*,*,#6372,.T.);
#6372 = EDGE_CURVE('',#6365,#6373,#6375,.T.);
#6373 = VERTEX_POINT('',#6374);
#6374 = CARTESIAN_POINT('',(3.95,1.7,6.));
#6375 = LINE('',#6376,#6377);
#6376 = CARTESIAN_POINT('',(3.95,-2.8,6.));
#6377 = VECTOR('',#6378,1.);
#6378 = DIRECTION('',(1.224646799147E-16,1.,0.));
#6379 = ORIENTED_EDGE('',*,*,#6380,.F.);
#6380 = EDGE_CURVE('',#6293,#6373,#6381,.T.);
#6381 = LINE('',#6382,#6383);
#6382 = CARTESIAN_POINT('',(3.95,1.7,0.));
#6383 = VECTOR('',#6384,1.);
#6384 = DIRECTION('',(0.,0.,1.));
#6385 = PLANE('',#6386);
#6386 = AXIS2_PLACEMENT_3D('',#6387,#6388,#6389);
#6387 = CARTESIAN_POINT('',(3.95,-2.8,0.));
#6388 = DIRECTION('',(-1.,1.224646799147E-16,0.));
#6389 = DIRECTION('',(1.224646799147E-16,1.,0.));
#6390 = ADVANCED_FACE('',(#6391),#6473,.F.);
#6391 = FACE_BOUND('',#6392,.F.);
#6392 = EDGE_LOOP('',(#6393,#6403,#6411,#6417,#6418,#6419,#6427,#6435,
    #6443,#6451,#6459,#6467));
#6393 = ORIENTED_EDGE('',*,*,#6394,.F.);
#6394 = EDGE_CURVE('',#6395,#6397,#6399,.T.);
#6395 = VERTEX_POINT('',#6396);
#6396 = CARTESIAN_POINT('',(-1.95,-2.8,0.));
#6397 = VERTEX_POINT('',#6398);
#6398 = CARTESIAN_POINT('',(-0.75,-2.8,0.));
#6399 = LINE('',#6400,#6401);
#6400 = CARTESIAN_POINT('',(-1.95,-2.8,0.));
#6401 = VECTOR('',#6402,1.);
#6402 = DIRECTION('',(1.,-1.224646799147E-16,0.));
#6403 = ORIENTED_EDGE('',*,*,#6404,.T.);
#6404 = EDGE_CURVE('',#6395,#6405,#6407,.T.);
#6405 = VERTEX_POINT('',#6406);
#6406 = CARTESIAN_POINT('',(-1.95,-2.8,6.));
#6407 = LINE('',#6408,#6409);
#6408 = CARTESIAN_POINT('',(-1.95,-2.8,0.));
#6409 = VECTOR('',#6410,1.);
#6410 = DIRECTION('',(0.,0.,1.));
#6411 = ORIENTED_EDGE('',*,*,#6412,.T.);
#6412 = EDGE_CURVE('',#6405,#6332,#6413,.T.);
#6413 = LINE('',#6414,#6415);
#6414 = CARTESIAN_POINT('',(-1.95,-2.8,6.));
#6415 = VECTOR('',#6416,1.);
#6416 = DIRECTION('',(1.,-1.224646799147E-16,0.));
#6417 = ORIENTED_EDGE('',*,*,#6331,.F.);
#6418 = ORIENTED_EDGE('',*,*,#6316,.F.);
#6419 = ORIENTED_EDGE('',*,*,#6420,.F.);
#6420 = EDGE_CURVE('',#6421,#6309,#6423,.T.);
#6421 = VERTEX_POINT('',#6422);
#6422 = CARTESIAN_POINT('',(2.75,-2.8,0.2));
#6423 = LINE('',#6424,#6425);
#6424 = CARTESIAN_POINT('',(2.75,-2.8,0.2));
#6425 = VECTOR('',#6426,1.);
#6426 = DIRECTION('',(-0.,0.,-1.));
#6427 = ORIENTED_EDGE('',*,*,#6428,.T.);
#6428 = EDGE_CURVE('',#6421,#6429,#6431,.T.);
#6429 = VERTEX_POINT('',#6430);
#6430 = CARTESIAN_POINT('',(1.25,-2.8,0.2));
#6431 = LINE('',#6432,#6433);
#6432 = CARTESIAN_POINT('',(2.75,-2.8,0.2));
#6433 = VECTOR('',#6434,1.);
#6434 = DIRECTION('',(-1.,1.224646799147E-16,0.));
#6435 = ORIENTED_EDGE('',*,*,#6436,.T.);
#6436 = EDGE_CURVE('',#6429,#6437,#6439,.T.);
#6437 = VERTEX_POINT('',#6438);
#6438 = CARTESIAN_POINT('',(1.25,-2.8,0.));
#6439 = LINE('',#6440,#6441);
#6440 = CARTESIAN_POINT('',(1.25,-2.8,0.2));
#6441 = VECTOR('',#6442,1.);
#6442 = DIRECTION('',(-0.,0.,-1.));
#6443 = ORIENTED_EDGE('',*,*,#6444,.F.);
#6444 = EDGE_CURVE('',#6445,#6437,#6447,.T.);
#6445 = VERTEX_POINT('',#6446);
#6446 = CARTESIAN_POINT('',(0.75,-2.8,0.));
#6447 = LINE('',#6448,#6449);
#6448 = CARTESIAN_POINT('',(-1.95,-2.8,0.));
#6449 = VECTOR('',#6450,1.);
#6450 = DIRECTION('',(1.,-1.224646799147E-16,0.));
#6451 = ORIENTED_EDGE('',*,*,#6452,.F.);
#6452 = EDGE_CURVE('',#6453,#6445,#6455,.T.);
#6453 = VERTEX_POINT('',#6454);
#6454 = CARTESIAN_POINT('',(0.75,-2.8,0.2));
#6455 = LINE('',#6456,#6457);
#6456 = CARTESIAN_POINT('',(0.75,-2.8,0.2));
#6457 = VECTOR('',#6458,1.);
#6458 = DIRECTION('',(-0.,0.,-1.));
#6459 = ORIENTED_EDGE('',*,*,#6460,.T.);
#6460 = EDGE_CURVE('',#6453,#6461,#6463,.T.);
#6461 = VERTEX_POINT('',#6462);
#6462 = CARTESIAN_POINT('',(-0.75,-2.8,0.2));
#6463 = LINE('',#6464,#6465);
#6464 = CARTESIAN_POINT('',(0.75,-2.8,0.2));
#6465 = VECTOR('',#6466,1.);
#6466 = DIRECTION('',(-1.,1.224646799147E-16,0.));
#6467 = ORIENTED_EDGE('',*,*,#6468,.T.);
#6468 = EDGE_CURVE('',#6461,#6397,#6469,.T.);
#6469 = LINE('',#6470,#6471);
#6470 = CARTESIAN_POINT('',(-0.75,-2.8,0.2));
#6471 = VECTOR('',#6472,1.);
#6472 = DIRECTION('',(-0.,0.,-1.));
#6473 = PLANE('',#6474);
#6474 = AXIS2_PLACEMENT_3D('',#6475,#6476,#6477);
#6475 = CARTESIAN_POINT('',(-1.95,-2.8,0.));
#6476 = DIRECTION('',(1.224646799147E-16,1.,0.));
#6477 = DIRECTION('',(1.,-1.224646799147E-16,0.));
#6478 = ADVANCED_FACE('',(#6479),#6513,.F.);
#6479 = FACE_BOUND('',#6480,.F.);
#6480 = EDGE_LOOP('',(#6481,#6489,#6497,#6505,#6511,#6512));
#6481 = ORIENTED_EDGE('',*,*,#6482,.T.);
#6482 = EDGE_CURVE('',#6301,#6483,#6485,.T.);
#6483 = VERTEX_POINT('',#6484);
#6484 = CARTESIAN_POINT('',(2.75,1.7,0.2));
#6485 = LINE('',#6486,#6487);
#6486 = CARTESIAN_POINT('',(2.75,1.7,0.));
#6487 = VECTOR('',#6488,1.);
#6488 = DIRECTION('',(0.,0.,1.));
#6489 = ORIENTED_EDGE('',*,*,#6490,.T.);
#6490 = EDGE_CURVE('',#6483,#6491,#6493,.T.);
#6491 = VERTEX_POINT('',#6492);
#6492 = CARTESIAN_POINT('',(2.75,0.5,0.1));
#6493 = LINE('',#6494,#6495);
#6494 = CARTESIAN_POINT('',(2.75,1.7,0.2));
#6495 = VECTOR('',#6496,1.);
#6496 = DIRECTION('',(-1.220416573038E-16,-0.996545758245,
    -8.304547985373E-02));
#6497 = ORIENTED_EDGE('',*,*,#6498,.T.);
#6498 = EDGE_CURVE('',#6491,#6499,#6501,.T.);
#6499 = VERTEX_POINT('',#6500);
#6500 = CARTESIAN_POINT('',(2.75,-0.5,0.1));
#6501 = LINE('',#6502,#6503);
#6502 = CARTESIAN_POINT('',(2.75,0.5,0.1));
#6503 = VECTOR('',#6504,1.);
#6504 = DIRECTION('',(-1.224646799147E-16,-1.,0.));
#6505 = ORIENTED_EDGE('',*,*,#6506,.T.);
#6506 = EDGE_CURVE('',#6499,#6421,#6507,.T.);
#6507 = LINE('',#6508,#6509);
#6508 = CARTESIAN_POINT('',(2.75,-0.5,0.1));
#6509 = VECTOR('',#6510,1.);
#6510 = DIRECTION('',(-1.223490926498E-16,-0.999056158355,
    4.343722427631E-02));
#6511 = ORIENTED_EDGE('',*,*,#6420,.T.);
#6512 = ORIENTED_EDGE('',*,*,#6308,.T.);
#6513 = PLANE('',#6514);
#6514 = AXIS2_PLACEMENT_3D('',#6515,#6516,#6517);
#6515 = CARTESIAN_POINT('',(2.75,-0.549524476701,7.07980355453E-02));
#6516 = DIRECTION('',(1.,-1.224646799147E-16,-0.));
#6517 = DIRECTION('',(-0.,0.,-1.));
#6518 = ADVANCED_FACE('',(#6519,#6690),#6724,.F.);
#6519 = FACE_BOUND('',#6520,.F.);
#6520 = EDGE_LOOP('',(#6521,#6522,#6523,#6531,#6539,#6547,#6555,#6563,
    #6571,#6579,#6587,#6595,#6603,#6611,#6619,#6627,#6635,#6643,#6651,
    #6659,#6667,#6675,#6683,#6689));
#6521 = ORIENTED_EDGE('',*,*,#6300,.F.);
#6522 = ORIENTED_EDGE('',*,*,#6380,.T.);
#6523 = ORIENTED_EDGE('',*,*,#6524,.T.);
#6524 = EDGE_CURVE('',#6373,#6525,#6527,.T.);
#6525 = VERTEX_POINT('',#6526);
#6526 = CARTESIAN_POINT('',(1.45,1.7,6.));
#6527 = LINE('',#6528,#6529);
#6528 = CARTESIAN_POINT('',(3.95,1.7,6.));
#6529 = VECTOR('',#6530,1.);
#6530 = DIRECTION('',(-1.,1.224646799147E-16,0.));
#6531 = ORIENTED_EDGE('',*,*,#6532,.T.);
#6532 = EDGE_CURVE('',#6525,#6533,#6535,.T.);
#6533 = VERTEX_POINT('',#6534);
#6534 = CARTESIAN_POINT('',(1.45,1.7,2.1));
#6535 = LINE('',#6536,#6537);
#6536 = CARTESIAN_POINT('',(1.45,1.7,6.));
#6537 = VECTOR('',#6538,1.);
#6538 = DIRECTION('',(-0.,0.,-1.));
#6539 = ORIENTED_EDGE('',*,*,#6540,.T.);
#6540 = EDGE_CURVE('',#6533,#6541,#6543,.T.);
#6541 = VERTEX_POINT('',#6542);
#6542 = CARTESIAN_POINT('',(0.55,1.7,2.1));
#6543 = LINE('',#6544,#6545);
#6544 = CARTESIAN_POINT('',(1.45,1.7,2.1));
#6545 = VECTOR('',#6546,1.);
#6546 = DIRECTION('',(-1.,1.224646799147E-16,0.));
#6547 = ORIENTED_EDGE('',*,*,#6548,.T.);
#6548 = EDGE_CURVE('',#6541,#6549,#6551,.T.);
#6549 = VERTEX_POINT('',#6550);
#6550 = CARTESIAN_POINT('',(0.55,1.7,6.));
#6551 = LINE('',#6552,#6553);
#6552 = CARTESIAN_POINT('',(0.55,1.7,2.1));
#6553 = VECTOR('',#6554,1.);
#6554 = DIRECTION('',(0.,0.,1.));
#6555 = ORIENTED_EDGE('',*,*,#6556,.T.);
#6556 = EDGE_CURVE('',#6549,#6557,#6559,.T.);
#6557 = VERTEX_POINT('',#6558);
#6558 = CARTESIAN_POINT('',(-0.45,1.7,6.));
#6559 = LINE('',#6560,#6561);
#6560 = CARTESIAN_POINT('',(3.95,1.7,6.));
#6561 = VECTOR('',#6562,1.);
#6562 = DIRECTION('',(-1.,1.224646799147E-16,0.));
#6563 = ORIENTED_EDGE('',*,*,#6564,.F.);
#6564 = EDGE_CURVE('',#6565,#6557,#6567,.T.);
#6565 = VERTEX_POINT('',#6566);
#6566 = CARTESIAN_POINT('',(-0.45,1.7,4.2));
#6567 = LINE('',#6568,#6569);
#6568 = CARTESIAN_POINT('',(-0.45,1.7,4.2));
#6569 = VECTOR('',#6570,1.);
#6570 = DIRECTION('',(0.,0.,1.));
#6571 = ORIENTED_EDGE('',*,*,#6572,.F.);
#6572 = EDGE_CURVE('',#6573,#6565,#6575,.T.);
#6573 = VERTEX_POINT('',#6574);
#6574 = CARTESIAN_POINT('',(-0.4,1.7,4.2));
#6575 = LINE('',#6576,#6577);
#6576 = CARTESIAN_POINT('',(-0.4,1.7,4.2));
#6577 = VECTOR('',#6578,1.);
#6578 = DIRECTION('',(-1.,1.224646799147E-16,0.));
#6579 = ORIENTED_EDGE('',*,*,#6580,.F.);
#6580 = EDGE_CURVE('',#6581,#6573,#6583,.T.);
#6581 = VERTEX_POINT('',#6582);
#6582 = CARTESIAN_POINT('',(-0.4,1.7,2.4));
#6583 = LINE('',#6584,#6585);
#6584 = CARTESIAN_POINT('',(-0.4,1.7,2.4));
#6585 = VECTOR('',#6586,1.);
#6586 = DIRECTION('',(0.,0.,1.));
#6587 = ORIENTED_EDGE('',*,*,#6588,.F.);
#6588 = EDGE_CURVE('',#6589,#6581,#6591,.T.);
#6589 = VERTEX_POINT('',#6590);
#6590 = CARTESIAN_POINT('',(-1.4,1.7,2.4));
#6591 = LINE('',#6592,#6593);
#6592 = CARTESIAN_POINT('',(-1.4,1.7,2.4));
#6593 = VECTOR('',#6594,1.);
#6594 = DIRECTION('',(1.,-1.224646799147E-16,0.));
#6595 = ORIENTED_EDGE('',*,*,#6596,.F.);
#6596 = EDGE_CURVE('',#6597,#6589,#6599,.T.);
#6597 = VERTEX_POINT('',#6598);
#6598 = CARTESIAN_POINT('',(-1.4,1.7,4.2));
#6599 = LINE('',#6600,#6601);
#6600 = CARTESIAN_POINT('',(-1.4,1.7,4.2));
#6601 = VECTOR('',#6602,1.);
#6602 = DIRECTION('',(-0.,0.,-1.));
#6603 = ORIENTED_EDGE('',*,*,#6604,.F.);
#6604 = EDGE_CURVE('',#6605,#6597,#6607,.T.);
#6605 = VERTEX_POINT('',#6606);
#6606 = CARTESIAN_POINT('',(-0.95,1.7,4.2));
#6607 = LINE('',#6608,#6609);
#6608 = CARTESIAN_POINT('',(-0.4,1.7,4.2));
#6609 = VECTOR('',#6610,1.);
#6610 = DIRECTION('',(-1.,1.224646799147E-16,0.));
#6611 = ORIENTED_EDGE('',*,*,#6612,.T.);
#6612 = EDGE_CURVE('',#6605,#6613,#6615,.T.);
#6613 = VERTEX_POINT('',#6614);
#6614 = CARTESIAN_POINT('',(-0.95,1.7,6.));
#6615 = LINE('',#6616,#6617);
#6616 = CARTESIAN_POINT('',(-0.95,1.7,4.2));
#6617 = VECTOR('',#6618,1.);
#6618 = DIRECTION('',(0.,0.,1.));
#6619 = ORIENTED_EDGE('',*,*,#6620,.T.);
#6620 = EDGE_CURVE('',#6613,#6621,#6623,.T.);
#6621 = VERTEX_POINT('',#6622);
#6622 = CARTESIAN_POINT('',(-1.95,1.7,6.));
#6623 = LINE('',#6624,#6625);
#6624 = CARTESIAN_POINT('',(3.95,1.7,6.));
#6625 = VECTOR('',#6626,1.);
#6626 = DIRECTION('',(-1.,1.224646799147E-16,0.));
#6627 = ORIENTED_EDGE('',*,*,#6628,.F.);
#6628 = EDGE_CURVE('',#6629,#6621,#6631,.T.);
#6629 = VERTEX_POINT('',#6630);
#6630 = CARTESIAN_POINT('',(-1.95,1.7,0.));
#6631 = LINE('',#6632,#6633);
#6632 = CARTESIAN_POINT('',(-1.95,1.7,0.));
#6633 = VECTOR('',#6634,1.);
#6634 = DIRECTION('',(0.,0.,1.));
#6635 = ORIENTED_EDGE('',*,*,#6636,.F.);
#6636 = EDGE_CURVE('',#6637,#6629,#6639,.T.);
#6637 = VERTEX_POINT('',#6638);
#6638 = CARTESIAN_POINT('',(-0.75,1.7,0.));
#6639 = LINE('',#6640,#6641);
#6640 = CARTESIAN_POINT('',(3.95,1.7,0.));
#6641 = VECTOR('',#6642,1.);
#6642 = DIRECTION('',(-1.,1.224646799147E-16,0.));
#6643 = ORIENTED_EDGE('',*,*,#6644,.T.);
#6644 = EDGE_CURVE('',#6637,#6645,#6647,.T.);
#6645 = VERTEX_POINT('',#6646);
#6646 = CARTESIAN_POINT('',(-0.75,1.7,0.2));
#6647 = LINE('',#6648,#6649);
#6648 = CARTESIAN_POINT('',(-0.75,1.7,0.));
#6649 = VECTOR('',#6650,1.);
#6650 = DIRECTION('',(0.,0.,1.));
#6651 = ORIENTED_EDGE('',*,*,#6652,.F.);
#6652 = EDGE_CURVE('',#6653,#6645,#6655,.T.);
#6653 = VERTEX_POINT('',#6654);
#6654 = CARTESIAN_POINT('',(0.75,1.7,0.2));
#6655 = LINE('',#6656,#6657);
#6656 = CARTESIAN_POINT('',(0.75,1.7,0.2));
#6657 = VECTOR('',#6658,1.);
#6658 = DIRECTION('',(-1.,1.224646799147E-16,0.));
#6659 = ORIENTED_EDGE('',*,*,#6660,.F.);
#6660 = EDGE_CURVE('',#6661,#6653,#6663,.T.);
#6661 = VERTEX_POINT('',#6662);
#6662 = CARTESIAN_POINT('',(0.75,1.7,0.));
#6663 = LINE('',#6664,#6665);
#6664 = CARTESIAN_POINT('',(0.75,1.7,0.));
#6665 = VECTOR('',#6666,1.);
#6666 = DIRECTION('',(0.,0.,1.));
#6667 = ORIENTED_EDGE('',*,*,#6668,.F.);
#6668 = EDGE_CURVE('',#6669,#6661,#6671,.T.);
#6669 = VERTEX_POINT('',#6670);
#6670 = CARTESIAN_POINT('',(1.25,1.7,0.));
#6671 = LINE('',#6672,#6673);
#6672 = CARTESIAN_POINT('',(3.95,1.7,0.));
#6673 = VECTOR('',#6674,1.);
#6674 = DIRECTION('',(-1.,1.224646799147E-16,0.));
#6675 = ORIENTED_EDGE('',*,*,#6676,.T.);
#6676 = EDGE_CURVE('',#6669,#6677,#6679,.T.);
#6677 = VERTEX_POINT('',#6678);
#6678 = CARTESIAN_POINT('',(1.25,1.7,0.2));
#6679 = LINE('',#6680,#6681);
#6680 = CARTESIAN_POINT('',(1.25,1.7,0.));
#6681 = VECTOR('',#6682,1.);
#6682 = DIRECTION('',(0.,0.,1.));
#6683 = ORIENTED_EDGE('',*,*,#6684,.F.);
#6684 = EDGE_CURVE('',#6483,#6677,#6685,.T.);
#6685 = LINE('',#6686,#6687);
#6686 = CARTESIAN_POINT('',(2.75,1.7,0.2));
#6687 = VECTOR('',#6688,1.);
#6688 = DIRECTION('',(-1.,1.224646799147E-16,0.));
#6689 = ORIENTED_EDGE('',*,*,#6482,.F.);
#6690 = FACE_BOUND('',#6691,.F.);
#6691 = EDGE_LOOP('',(#6692,#6702,#6710,#6718));
#6692 = ORIENTED_EDGE('',*,*,#6693,.T.);
#6693 = EDGE_CURVE('',#6694,#6696,#6698,.T.);
#6694 = VERTEX_POINT('',#6695);
#6695 = CARTESIAN_POINT('',(2.4,1.7,4.2));
#6696 = VERTEX_POINT('',#6697);
#6697 = CARTESIAN_POINT('',(3.4,1.7,4.2));
#6698 = LINE('',#6699,#6700);
#6699 = CARTESIAN_POINT('',(2.4,1.7,4.2));
#6700 = VECTOR('',#6701,1.);
#6701 = DIRECTION('',(1.,-1.224646799147E-16,0.));
#6702 = ORIENTED_EDGE('',*,*,#6703,.T.);
#6703 = EDGE_CURVE('',#6696,#6704,#6706,.T.);
#6704 = VERTEX_POINT('',#6705);
#6705 = CARTESIAN_POINT('',(3.4,1.7,2.4));
#6706 = LINE('',#6707,#6708);
#6707 = CARTESIAN_POINT('',(3.4,1.7,4.2));
#6708 = VECTOR('',#6709,1.);
#6709 = DIRECTION('',(-0.,0.,-1.));
#6710 = ORIENTED_EDGE('',*,*,#6711,.T.);
#6711 = EDGE_CURVE('',#6704,#6712,#6714,.T.);
#6712 = VERTEX_POINT('',#6713);
#6713 = CARTESIAN_POINT('',(2.4,1.7,2.4));
#6714 = LINE('',#6715,#6716);
#6715 = CARTESIAN_POINT('',(3.4,1.7,2.4));
#6716 = VECTOR('',#6717,1.);
#6717 = DIRECTION('',(-1.,1.224646799147E-16,0.));
#6718 = ORIENTED_EDGE('',*,*,#6719,.T.);
#6719 = EDGE_CURVE('',#6712,#6694,#6720,.T.);
#6720 = LINE('',#6721,#6722);
#6721 = CARTESIAN_POINT('',(2.4,1.7,2.4));
#6722 = VECTOR('',#6723,1.);
#6723 = DIRECTION('',(0.,0.,1.));
#6724 = PLANE('',#6725);
#6725 = AXIS2_PLACEMENT_3D('',#6726,#6727,#6728);
#6726 = CARTESIAN_POINT('',(3.95,1.7,0.));
#6727 = DIRECTION('',(-1.224646799147E-16,-1.,0.));
#6728 = DIRECTION('',(-1.,1.224646799147E-16,0.));
#6729 = ADVANCED_FACE('',(#6730),#6764,.T.);
#6730 = FACE_BOUND('',#6731,.T.);
#6731 = EDGE_LOOP('',(#6732,#6740,#6741,#6742,#6750,#6758));
#6732 = ORIENTED_EDGE('',*,*,#6733,.F.);
#6733 = EDGE_CURVE('',#6365,#6734,#6736,.T.);
#6734 = VERTEX_POINT('',#6735);
#6735 = CARTESIAN_POINT('',(3.45,0.2,6.));
#6736 = LINE('',#6737,#6738);
#6737 = CARTESIAN_POINT('',(3.95,0.2,6.));
#6738 = VECTOR('',#6739,1.);
#6739 = DIRECTION('',(-1.,1.224646799147E-16,0.));
#6740 = ORIENTED_EDGE('',*,*,#6372,.T.);
#6741 = ORIENTED_EDGE('',*,*,#6524,.T.);
#6742 = ORIENTED_EDGE('',*,*,#6743,.T.);
#6743 = EDGE_CURVE('',#6525,#6744,#6746,.T.);
#6744 = VERTEX_POINT('',#6745);
#6745 = CARTESIAN_POINT('',(1.45,1.1,6.));
#6746 = LINE('',#6747,#6748);
#6747 = CARTESIAN_POINT('',(1.45,1.7,6.));
#6748 = VECTOR('',#6749,1.);
#6749 = DIRECTION('',(-1.224646799147E-16,-1.,0.));
#6750 = ORIENTED_EDGE('',*,*,#6751,.F.);
#6751 = EDGE_CURVE('',#6752,#6744,#6754,.T.);
#6752 = VERTEX_POINT('',#6753);
#6753 = CARTESIAN_POINT('',(3.45,1.1,6.));
#6754 = LINE('',#6755,#6756);
#6755 = CARTESIAN_POINT('',(3.45,1.1,6.));
#6756 = VECTOR('',#6757,1.);
#6757 = DIRECTION('',(-1.,1.224646799147E-16,0.));
#6758 = ORIENTED_EDGE('',*,*,#6759,.F.);
#6759 = EDGE_CURVE('',#6734,#6752,#6760,.T.);
#6760 = LINE('',#6761,#6762);
#6761 = CARTESIAN_POINT('',(3.45,-2.3,6.));
#6762 = VECTOR('',#6763,1.);
#6763 = DIRECTION('',(1.224646799147E-16,1.,0.));
#6764 = PLANE('',#6765);
#6765 = AXIS2_PLACEMENT_3D('',#6766,#6767,#6768);
#6766 = CARTESIAN_POINT('',(1.,-0.55,6.));
#6767 = DIRECTION('',(0.,0.,1.));
#6768 = DIRECTION('',(-1.,1.224646799147E-16,0.));
#6769 = ADVANCED_FACE('',(#6770),#6788,.T.);
#6770 = FACE_BOUND('',#6771,.T.);
#6771 = EDGE_LOOP('',(#6772,#6773,#6774,#6782));
#6772 = ORIENTED_EDGE('',*,*,#6364,.F.);
#6773 = ORIENTED_EDGE('',*,*,#6733,.T.);
#6774 = ORIENTED_EDGE('',*,*,#6775,.T.);
#6775 = EDGE_CURVE('',#6734,#6776,#6778,.T.);
#6776 = VERTEX_POINT('',#6777);
#6777 = CARTESIAN_POINT('',(3.45,0.2,4.4));
#6778 = LINE('',#6779,#6780);
#6779 = CARTESIAN_POINT('',(3.45,0.2,6.));
#6780 = VECTOR('',#6781,1.);
#6781 = DIRECTION('',(-0.,0.,-1.));
#6782 = ORIENTED_EDGE('',*,*,#6783,.F.);
#6783 = EDGE_CURVE('',#6356,#6776,#6784,.T.);
#6784 = LINE('',#6785,#6786);
#6785 = CARTESIAN_POINT('',(3.95,0.2,4.4));
#6786 = VECTOR('',#6787,1.);
#6787 = DIRECTION('',(-1.,1.224646799147E-16,0.));
#6788 = PLANE('',#6789);
#6789 = AXIS2_PLACEMENT_3D('',#6790,#6791,#6792);
#6790 = CARTESIAN_POINT('',(3.95,0.2,6.));
#6791 = DIRECTION('',(-1.224646799147E-16,-1.,0.));
#6792 = DIRECTION('',(-0.,0.,-1.));
#6793 = ADVANCED_FACE('',(#6794),#6813,.F.);
#6794 = FACE_BOUND('',#6795,.F.);
#6795 = EDGE_LOOP('',(#6796,#6804,#6811,#6812));
#6796 = ORIENTED_EDGE('',*,*,#6797,.T.);
#6797 = EDGE_CURVE('',#6348,#6798,#6800,.T.);
#6798 = VERTEX_POINT('',#6799);
#6799 = CARTESIAN_POINT('',(3.45,-0.6,4.4));
#6800 = LINE('',#6801,#6802);
#6801 = CARTESIAN_POINT('',(3.95,-0.6,4.4));
#6802 = VECTOR('',#6803,1.);
#6803 = DIRECTION('',(-1.,1.224646799147E-16,0.));
#6804 = ORIENTED_EDGE('',*,*,#6805,.T.);
#6805 = EDGE_CURVE('',#6798,#6776,#6806,.T.);
#6806 = CIRCLE('',#6807,0.4);
#6807 = AXIS2_PLACEMENT_3D('',#6808,#6809,#6810);
#6808 = CARTESIAN_POINT('',(3.45,-0.2,4.4));
#6809 = DIRECTION('',(1.,-1.224646799147E-16,0.));
#6810 = DIRECTION('',(1.224646799147E-16,1.,0.));
#6811 = ORIENTED_EDGE('',*,*,#6783,.F.);
#6812 = ORIENTED_EDGE('',*,*,#6355,.T.);
#6813 = CYLINDRICAL_SURFACE('',#6814,0.4);
#6814 = AXIS2_PLACEMENT_3D('',#6815,#6816,#6817);
#6815 = CARTESIAN_POINT('',(3.95,-0.2,4.4));
#6816 = DIRECTION('',(1.,-1.224646799147E-16,-0.));
#6817 = DIRECTION('',(1.224646799147E-16,1.,0.));
#6818 = ADVANCED_FACE('',(#6819),#6837,.T.);
#6819 = FACE_BOUND('',#6820,.T.);
#6820 = EDGE_LOOP('',(#6821,#6822,#6823,#6831));
#6821 = ORIENTED_EDGE('',*,*,#6347,.F.);
#6822 = ORIENTED_EDGE('',*,*,#6797,.T.);
#6823 = ORIENTED_EDGE('',*,*,#6824,.T.);
#6824 = EDGE_CURVE('',#6798,#6825,#6827,.T.);
#6825 = VERTEX_POINT('',#6826);
#6826 = CARTESIAN_POINT('',(3.45,-0.6,6.));
#6827 = LINE('',#6828,#6829);
#6828 = CARTESIAN_POINT('',(3.45,-0.6,5.2));
#6829 = VECTOR('',#6830,1.);
#6830 = DIRECTION('',(0.,0.,1.));
#6831 = ORIENTED_EDGE('',*,*,#6832,.F.);
#6832 = EDGE_CURVE('',#6340,#6825,#6833,.T.);
#6833 = LINE('',#6834,#6835);
#6834 = CARTESIAN_POINT('',(3.95,-0.6,6.));
#6835 = VECTOR('',#6836,1.);
#6836 = DIRECTION('',(-1.,1.224646799147E-16,0.));
#6837 = PLANE('',#6838);
#6838 = AXIS2_PLACEMENT_3D('',#6839,#6840,#6841);
#6839 = CARTESIAN_POINT('',(3.95,-0.6,4.4));
#6840 = DIRECTION('',(1.224646799147E-16,1.,0.));
#6841 = DIRECTION('',(0.,-0.,1.));
#6842 = ADVANCED_FACE('',(#6843),#6886,.T.);
#6843 = FACE_BOUND('',#6844,.T.);
#6844 = EDGE_LOOP('',(#6845,#6846,#6847,#6855,#6863,#6871,#6879,#6885));
#6845 = ORIENTED_EDGE('',*,*,#6339,.T.);
#6846 = ORIENTED_EDGE('',*,*,#6832,.T.);
#6847 = ORIENTED_EDGE('',*,*,#6848,.F.);
#6848 = EDGE_CURVE('',#6849,#6825,#6851,.T.);
#6849 = VERTEX_POINT('',#6850);
#6850 = CARTESIAN_POINT('',(3.45,-2.3,6.));
#6851 = LINE('',#6852,#6853);
#6852 = CARTESIAN_POINT('',(3.45,-2.3,6.));
#6853 = VECTOR('',#6854,1.);
#6854 = DIRECTION('',(1.224646799147E-16,1.,0.));
#6855 = ORIENTED_EDGE('',*,*,#6856,.F.);
#6856 = EDGE_CURVE('',#6857,#6849,#6859,.T.);
#6857 = VERTEX_POINT('',#6858);
#6858 = CARTESIAN_POINT('',(-1.45,-2.3,6.));
#6859 = LINE('',#6860,#6861);
#6860 = CARTESIAN_POINT('',(-1.45,-2.3,6.));
#6861 = VECTOR('',#6862,1.);
#6862 = DIRECTION('',(1.,-1.224646799147E-16,0.));
#6863 = ORIENTED_EDGE('',*,*,#6864,.F.);
#6864 = EDGE_CURVE('',#6865,#6857,#6867,.T.);
#6865 = VERTEX_POINT('',#6866);
#6866 = CARTESIAN_POINT('',(-1.45,-0.6,6.));
#6867 = LINE('',#6868,#6869);
#6868 = CARTESIAN_POINT('',(-1.45,1.1,6.));
#6869 = VECTOR('',#6870,1.);
#6870 = DIRECTION('',(-1.224646799147E-16,-1.,0.));
#6871 = ORIENTED_EDGE('',*,*,#6872,.T.);
#6872 = EDGE_CURVE('',#6865,#6873,#6875,.T.);
#6873 = VERTEX_POINT('',#6874);
#6874 = CARTESIAN_POINT('',(-1.95,-0.6,6.));
#6875 = LINE('',#6876,#6877);
#6876 = CARTESIAN_POINT('',(3.95,-0.6,6.));
#6877 = VECTOR('',#6878,1.);
#6878 = DIRECTION('',(-1.,1.224646799147E-16,0.));
#6879 = ORIENTED_EDGE('',*,*,#6880,.T.);
#6880 = EDGE_CURVE('',#6873,#6405,#6881,.T.);
#6881 = LINE('',#6882,#6883);
#6882 = CARTESIAN_POINT('',(-1.95,1.7,6.));
#6883 = VECTOR('',#6884,1.);
#6884 = DIRECTION('',(-1.224646799147E-16,-1.,0.));
#6885 = ORIENTED_EDGE('',*,*,#6412,.T.);
#6886 = PLANE('',#6887);
#6887 = AXIS2_PLACEMENT_3D('',#6888,#6889,#6890);
#6888 = CARTESIAN_POINT('',(1.,-0.55,6.));
#6889 = DIRECTION('',(0.,0.,1.));
#6890 = DIRECTION('',(-1.,1.224646799147E-16,0.));
#6891 = ADVANCED_FACE('',(#6892),#6908,.F.);
#6892 = FACE_BOUND('',#6893,.F.);
#6893 = EDGE_LOOP('',(#6894,#6895,#6901,#6902));
#6894 = ORIENTED_EDGE('',*,*,#6394,.T.);
#6895 = ORIENTED_EDGE('',*,*,#6896,.T.);
#6896 = EDGE_CURVE('',#6397,#6637,#6897,.T.);
#6897 = LINE('',#6898,#6899);
#6898 = CARTESIAN_POINT('',(-0.75,-2.8,0.));
#6899 = VECTOR('',#6900,1.);
#6900 = DIRECTION('',(1.224646799147E-16,1.,0.));
#6901 = ORIENTED_EDGE('',*,*,#6636,.T.);
#6902 = ORIENTED_EDGE('',*,*,#6903,.T.);
#6903 = EDGE_CURVE('',#6629,#6395,#6904,.T.);
#6904 = LINE('',#6905,#6906);
#6905 = CARTESIAN_POINT('',(-1.95,1.7,0.));
#6906 = VECTOR('',#6907,1.);
#6907 = DIRECTION('',(-1.224646799147E-16,-1.,0.));
#6908 = PLANE('',#6909);
#6909 = AXIS2_PLACEMENT_3D('',#6910,#6911,#6912);
#6910 = CARTESIAN_POINT('',(1.,-0.55,0.));
#6911 = DIRECTION('',(0.,0.,1.));
#6912 = DIRECTION('',(-1.,1.224646799147E-16,0.));
#6913 = ADVANCED_FACE('',(#6914),#6941,.T.);
#6914 = FACE_BOUND('',#6915,.T.);
#6915 = EDGE_LOOP('',(#6916,#6917,#6925,#6933,#6939,#6940));
#6916 = ORIENTED_EDGE('',*,*,#6644,.T.);
#6917 = ORIENTED_EDGE('',*,*,#6918,.T.);
#6918 = EDGE_CURVE('',#6645,#6919,#6921,.T.);
#6919 = VERTEX_POINT('',#6920);
#6920 = CARTESIAN_POINT('',(-0.75,0.5,0.1));
#6921 = LINE('',#6922,#6923);
#6922 = CARTESIAN_POINT('',(-0.75,1.7,0.2));
#6923 = VECTOR('',#6924,1.);
#6924 = DIRECTION('',(-1.220416573038E-16,-0.996545758245,
    -8.304547985373E-02));
#6925 = ORIENTED_EDGE('',*,*,#6926,.T.);
#6926 = EDGE_CURVE('',#6919,#6927,#6929,.T.);
#6927 = VERTEX_POINT('',#6928);
#6928 = CARTESIAN_POINT('',(-0.75,-0.5,0.1));
#6929 = LINE('',#6930,#6931);
#6930 = CARTESIAN_POINT('',(-0.75,0.5,0.1));
#6931 = VECTOR('',#6932,1.);
#6932 = DIRECTION('',(-1.224646799147E-16,-1.,0.));
#6933 = ORIENTED_EDGE('',*,*,#6934,.T.);
#6934 = EDGE_CURVE('',#6927,#6461,#6935,.T.);
#6935 = LINE('',#6936,#6937);
#6936 = CARTESIAN_POINT('',(-0.75,-0.5,0.1));
#6937 = VECTOR('',#6938,1.);
#6938 = DIRECTION('',(-1.223490926498E-16,-0.999056158355,
    4.343722427631E-02));
#6939 = ORIENTED_EDGE('',*,*,#6468,.T.);
#6940 = ORIENTED_EDGE('',*,*,#6896,.T.);
#6941 = PLANE('',#6942);
#6942 = AXIS2_PLACEMENT_3D('',#6943,#6944,#6945);
#6943 = CARTESIAN_POINT('',(-0.75,-0.549524476701,7.07980355453E-02));
#6944 = DIRECTION('',(1.,-1.224646799147E-16,-0.));
#6945 = DIRECTION('',(-0.,0.,-1.));
#6946 = ADVANCED_FACE('',(#6947),#6965,.F.);
#6947 = FACE_BOUND('',#6948,.F.);
#6948 = EDGE_LOOP('',(#6949,#6957,#6958,#6959));
#6949 = ORIENTED_EDGE('',*,*,#6950,.T.);
#6950 = EDGE_CURVE('',#6951,#6927,#6953,.T.);
#6951 = VERTEX_POINT('',#6952);
#6952 = CARTESIAN_POINT('',(0.75,-0.5,0.1));
#6953 = LINE('',#6954,#6955);
#6954 = CARTESIAN_POINT('',(0.75,-0.5,0.1));
#6955 = VECTOR('',#6956,1.);
#6956 = DIRECTION('',(-1.,1.224646799147E-16,0.));
#6957 = ORIENTED_EDGE('',*,*,#6934,.T.);
#6958 = ORIENTED_EDGE('',*,*,#6460,.F.);
#6959 = ORIENTED_EDGE('',*,*,#6960,.F.);
#6960 = EDGE_CURVE('',#6951,#6453,#6961,.T.);
#6961 = LINE('',#6962,#6963);
#6962 = CARTESIAN_POINT('',(0.75,-0.5,0.1));
#6963 = VECTOR('',#6964,1.);
#6964 = DIRECTION('',(-1.223490926498E-16,-0.999056158355,
    4.343722427631E-02));
#6965 = PLANE('',#6966);
#6966 = AXIS2_PLACEMENT_3D('',#6967,#6968,#6969);
#6967 = CARTESIAN_POINT('',(0.75,-0.5,0.1));
#6968 = DIRECTION('',(5.319525767383E-18,4.343722427631E-02,
    0.999056158355));
#6969 = DIRECTION('',(-1.223490926498E-16,-0.999056158355,
    4.343722427631E-02));
#6970 = ADVANCED_FACE('',(#6971),#6996,.F.);
#6971 = FACE_BOUND('',#6972,.F.);
#6972 = EDGE_LOOP('',(#6973,#6974,#6982,#6988,#6989,#6990));
#6973 = ORIENTED_EDGE('',*,*,#6660,.T.);
#6974 = ORIENTED_EDGE('',*,*,#6975,.T.);
#6975 = EDGE_CURVE('',#6653,#6976,#6978,.T.);
#6976 = VERTEX_POINT('',#6977);
#6977 = CARTESIAN_POINT('',(0.75,0.5,0.1));
#6978 = LINE('',#6979,#6980);
#6979 = CARTESIAN_POINT('',(0.75,1.7,0.2));
#6980 = VECTOR('',#6981,1.);
#6981 = DIRECTION('',(-1.220416573038E-16,-0.996545758245,
    -8.304547985373E-02));
#6982 = ORIENTED_EDGE('',*,*,#6983,.T.);
#6983 = EDGE_CURVE('',#6976,#6951,#6984,.T.);
#6984 = LINE('',#6985,#6986);
#6985 = CARTESIAN_POINT('',(0.75,0.5,0.1));
#6986 = VECTOR('',#6987,1.);
#6987 = DIRECTION('',(-1.224646799147E-16,-1.,0.));
#6988 = ORIENTED_EDGE('',*,*,#6960,.T.);
#6989 = ORIENTED_EDGE('',*,*,#6452,.T.);
#6990 = ORIENTED_EDGE('',*,*,#6991,.T.);
#6991 = EDGE_CURVE('',#6445,#6661,#6992,.T.);
#6992 = LINE('',#6993,#6994);
#6993 = CARTESIAN_POINT('',(0.75,-2.8,0.));
#6994 = VECTOR('',#6995,1.);
#6995 = DIRECTION('',(1.224646799147E-16,1.,0.));
#6996 = PLANE('',#6997);
#6997 = AXIS2_PLACEMENT_3D('',#6998,#6999,#7000);
#6998 = CARTESIAN_POINT('',(0.75,-0.549524476701,7.07980355453E-02));
#6999 = DIRECTION('',(1.,-1.224646799147E-16,-0.));
#7000 = DIRECTION('',(-0.,0.,-1.));
#7001 = ADVANCED_FACE('',(#7002),#7013,.F.);
#7002 = FACE_BOUND('',#7003,.F.);
#7003 = EDGE_LOOP('',(#7004,#7005,#7011,#7012));
#7004 = ORIENTED_EDGE('',*,*,#6444,.T.);
#7005 = ORIENTED_EDGE('',*,*,#7006,.T.);
#7006 = EDGE_CURVE('',#6437,#6669,#7007,.T.);
#7007 = LINE('',#7008,#7009);
#7008 = CARTESIAN_POINT('',(1.25,-2.8,0.));
#7009 = VECTOR('',#7010,1.);
#7010 = DIRECTION('',(1.224646799147E-16,1.,0.));
#7011 = ORIENTED_EDGE('',*,*,#6668,.T.);
#7012 = ORIENTED_EDGE('',*,*,#6991,.F.);
#7013 = PLANE('',#7014);
#7014 = AXIS2_PLACEMENT_3D('',#7015,#7016,#7017);
#7015 = CARTESIAN_POINT('',(1.,-0.55,0.));
#7016 = DIRECTION('',(0.,0.,1.));
#7017 = DIRECTION('',(-1.,1.224646799147E-16,0.));
#7018 = ADVANCED_FACE('',(#7019),#7046,.T.);
#7019 = FACE_BOUND('',#7020,.T.);
#7020 = EDGE_LOOP('',(#7021,#7022,#7030,#7038,#7044,#7045));
#7021 = ORIENTED_EDGE('',*,*,#6676,.T.);
#7022 = ORIENTED_EDGE('',*,*,#7023,.T.);
#7023 = EDGE_CURVE('',#6677,#7024,#7026,.T.);
#7024 = VERTEX_POINT('',#7025);
#7025 = CARTESIAN_POINT('',(1.25,0.5,0.1));
#7026 = LINE('',#7027,#7028);
#7027 = CARTESIAN_POINT('',(1.25,1.7,0.2));
#7028 = VECTOR('',#7029,1.);
#7029 = DIRECTION('',(-1.220416573038E-16,-0.996545758245,
    -8.304547985373E-02));
#7030 = ORIENTED_EDGE('',*,*,#7031,.T.);
#7031 = EDGE_CURVE('',#7024,#7032,#7034,.T.);
#7032 = VERTEX_POINT('',#7033);
#7033 = CARTESIAN_POINT('',(1.25,-0.5,0.1));
#7034 = LINE('',#7035,#7036);
#7035 = CARTESIAN_POINT('',(1.25,0.5,0.1));
#7036 = VECTOR('',#7037,1.);
#7037 = DIRECTION('',(-1.224646799147E-16,-1.,0.));
#7038 = ORIENTED_EDGE('',*,*,#7039,.T.);
#7039 = EDGE_CURVE('',#7032,#6429,#7040,.T.);
#7040 = LINE('',#7041,#7042);
#7041 = CARTESIAN_POINT('',(1.25,-0.5,0.1));
#7042 = VECTOR('',#7043,1.);
#7043 = DIRECTION('',(-1.223490926498E-16,-0.999056158355,
    4.343722427631E-02));
#7044 = ORIENTED_EDGE('',*,*,#6436,.T.);
#7045 = ORIENTED_EDGE('',*,*,#7006,.T.);
#7046 = PLANE('',#7047);
#7047 = AXIS2_PLACEMENT_3D('',#7048,#7049,#7050);
#7048 = CARTESIAN_POINT('',(1.25,-0.549524476701,7.07980355453E-02));
#7049 = DIRECTION('',(1.,-1.224646799147E-16,-0.));
#7050 = DIRECTION('',(-0.,0.,-1.));
#7051 = ADVANCED_FACE('',(#7052),#7063,.F.);
#7052 = FACE_BOUND('',#7053,.F.);
#7053 = EDGE_LOOP('',(#7054,#7060,#7061,#7062));
#7054 = ORIENTED_EDGE('',*,*,#7055,.T.);
#7055 = EDGE_CURVE('',#6499,#7032,#7056,.T.);
#7056 = LINE('',#7057,#7058);
#7057 = CARTESIAN_POINT('',(2.75,-0.5,0.1));
#7058 = VECTOR('',#7059,1.);
#7059 = DIRECTION('',(-1.,1.224646799147E-16,0.));
#7060 = ORIENTED_EDGE('',*,*,#7039,.T.);
#7061 = ORIENTED_EDGE('',*,*,#6428,.F.);
#7062 = ORIENTED_EDGE('',*,*,#6506,.F.);
#7063 = PLANE('',#7064);
#7064 = AXIS2_PLACEMENT_3D('',#7065,#7066,#7067);
#7065 = CARTESIAN_POINT('',(2.75,-0.5,0.1));
#7066 = DIRECTION('',(5.319525767383E-18,4.343722427631E-02,
    0.999056158355));
#7067 = DIRECTION('',(-1.223490926498E-16,-0.999056158355,
    4.343722427631E-02));
#7068 = ADVANCED_FACE('',(#7069),#7106,.F.);
#7069 = FACE_BOUND('',#7070,.F.);
#7070 = EDGE_LOOP('',(#7071,#7072,#7073,#7081,#7089,#7098,#7104,#7105));
#7071 = ORIENTED_EDGE('',*,*,#6903,.F.);
#7072 = ORIENTED_EDGE('',*,*,#6628,.T.);
#7073 = ORIENTED_EDGE('',*,*,#7074,.T.);
#7074 = EDGE_CURVE('',#6621,#7075,#7077,.T.);
#7075 = VERTEX_POINT('',#7076);
#7076 = CARTESIAN_POINT('',(-1.95,0.2,6.));
#7077 = LINE('',#7078,#7079);
#7078 = CARTESIAN_POINT('',(-1.95,1.7,6.));
#7079 = VECTOR('',#7080,1.);
#7080 = DIRECTION('',(-1.224646799147E-16,-1.,0.));
#7081 = ORIENTED_EDGE('',*,*,#7082,.T.);
#7082 = EDGE_CURVE('',#7075,#7083,#7085,.T.);
#7083 = VERTEX_POINT('',#7084);
#7084 = CARTESIAN_POINT('',(-1.95,0.2,4.4));
#7085 = LINE('',#7086,#7087);
#7086 = CARTESIAN_POINT('',(-1.95,0.2,3.));
#7087 = VECTOR('',#7088,1.);
#7088 = DIRECTION('',(-0.,0.,-1.));
#7089 = ORIENTED_EDGE('',*,*,#7090,.F.);
#7090 = EDGE_CURVE('',#7091,#7083,#7093,.T.);
#7091 = VERTEX_POINT('',#7092);
#7092 = CARTESIAN_POINT('',(-1.95,-0.6,4.4));
#7093 = CIRCLE('',#7094,0.4);
#7094 = AXIS2_PLACEMENT_3D('',#7095,#7096,#7097);
#7095 = CARTESIAN_POINT('',(-1.95,-0.2,4.4));
#7096 = DIRECTION('',(1.,-1.224646799147E-16,0.));
#7097 = DIRECTION('',(1.224646799147E-16,1.,0.));
#7098 = ORIENTED_EDGE('',*,*,#7099,.T.);
#7099 = EDGE_CURVE('',#7091,#6873,#7100,.T.);
#7100 = LINE('',#7101,#7102);
#7101 = CARTESIAN_POINT('',(-1.95,-0.6,2.2));
#7102 = VECTOR('',#7103,1.);
#7103 = DIRECTION('',(0.,0.,1.));
#7104 = ORIENTED_EDGE('',*,*,#6880,.T.);
#7105 = ORIENTED_EDGE('',*,*,#6404,.F.);
#7106 = PLANE('',#7107);
#7107 = AXIS2_PLACEMENT_3D('',#7108,#7109,#7110);
#7108 = CARTESIAN_POINT('',(-1.95,1.7,0.));
#7109 = DIRECTION('',(1.,-1.224646799147E-16,0.));
#7110 = DIRECTION('',(-1.224646799147E-16,-1.,0.));
#7111 = ADVANCED_FACE('',(#7112),#7123,.F.);
#7112 = FACE_BOUND('',#7113,.F.);
#7113 = EDGE_LOOP('',(#7114,#7115,#7116,#7122));
#7114 = ORIENTED_EDGE('',*,*,#6684,.T.);
#7115 = ORIENTED_EDGE('',*,*,#7023,.T.);
#7116 = ORIENTED_EDGE('',*,*,#7117,.F.);
#7117 = EDGE_CURVE('',#6491,#7024,#7118,.T.);
#7118 = LINE('',#7119,#7120);
#7119 = CARTESIAN_POINT('',(2.75,0.5,0.1));
#7120 = VECTOR('',#7121,1.);
#7121 = DIRECTION('',(-1.,1.224646799147E-16,0.));
#7122 = ORIENTED_EDGE('',*,*,#6490,.F.);
#7123 = PLANE('',#7124);
#7124 = AXIS2_PLACEMENT_3D('',#7125,#7126,#7127);
#7125 = CARTESIAN_POINT('',(2.75,1.7,0.2));
#7126 = DIRECTION('',(-1.017013810865E-17,-8.304547985373E-02,
    0.996545758245));
#7127 = DIRECTION('',(-1.220416573038E-16,-0.996545758245,
    -8.304547985373E-02));
#7128 = ADVANCED_FACE('',(#7129,#7135),#7169,.F.);
#7129 = FACE_BOUND('',#7130,.F.);
#7130 = EDGE_LOOP('',(#7131,#7132,#7133,#7134));
#7131 = ORIENTED_EDGE('',*,*,#7117,.T.);
#7132 = ORIENTED_EDGE('',*,*,#7031,.T.);
#7133 = ORIENTED_EDGE('',*,*,#7055,.F.);
#7134 = ORIENTED_EDGE('',*,*,#6498,.F.);
#7135 = FACE_BOUND('',#7136,.F.);
#7136 = EDGE_LOOP('',(#7137,#7147,#7155,#7163));
#7137 = ORIENTED_EDGE('',*,*,#7138,.T.);
#7138 = EDGE_CURVE('',#7139,#7141,#7143,.T.);
#7139 = VERTEX_POINT('',#7140);
#7140 = CARTESIAN_POINT('',(1.75,0.25,0.1));
#7141 = VERTEX_POINT('',#7142);
#7142 = CARTESIAN_POINT('',(2.25,0.25,0.1));
#7143 = LINE('',#7144,#7145);
#7144 = CARTESIAN_POINT('',(2.5,0.25,0.1));
#7145 = VECTOR('',#7146,1.);
#7146 = DIRECTION('',(1.,-1.224646799147E-16,0.));
#7147 = ORIENTED_EDGE('',*,*,#7148,.T.);
#7148 = EDGE_CURVE('',#7141,#7149,#7151,.T.);
#7149 = VERTEX_POINT('',#7150);
#7150 = CARTESIAN_POINT('',(2.25,-0.25,0.1));
#7151 = LINE('',#7152,#7153);
#7152 = CARTESIAN_POINT('',(2.25,0.271633216363,0.1));
#7153 = VECTOR('',#7154,1.);
#7154 = DIRECTION('',(-1.224646799147E-16,-1.,0.));
#7155 = ORIENTED_EDGE('',*,*,#7156,.T.);
#7156 = EDGE_CURVE('',#7149,#7157,#7159,.T.);
#7157 = VERTEX_POINT('',#7158);
#7158 = CARTESIAN_POINT('',(1.75,-0.25,0.1));
#7159 = LINE('',#7160,#7161);
#7160 = CARTESIAN_POINT('',(2.5,-0.25,0.1));
#7161 = VECTOR('',#7162,1.);
#7162 = DIRECTION('',(-1.,1.224646799147E-16,0.));
#7163 = ORIENTED_EDGE('',*,*,#7164,.F.);
#7164 = EDGE_CURVE('',#7139,#7157,#7165,.T.);
#7165 = LINE('',#7166,#7167);
#7166 = CARTESIAN_POINT('',(1.75,0.271633216363,0.1));
#7167 = VECTOR('',#7168,1.);
#7168 = DIRECTION('',(-1.224646799147E-16,-1.,0.));
#7169 = PLANE('',#7170);
#7170 = AXIS2_PLACEMENT_3D('',#7171,#7172,#7173);
#7171 = CARTESIAN_POINT('',(2.75,0.5,0.1));
#7172 = DIRECTION('',(0.,0.,1.));
#7173 = DIRECTION('',(-1.224646799147E-16,-1.,0.));
#7174 = ADVANCED_FACE('',(#7175),#7186,.F.);
#7175 = FACE_BOUND('',#7176,.F.);
#7176 = EDGE_LOOP('',(#7177,#7178,#7179,#7185));
#7177 = ORIENTED_EDGE('',*,*,#6652,.T.);
#7178 = ORIENTED_EDGE('',*,*,#6918,.T.);
#7179 = ORIENTED_EDGE('',*,*,#7180,.F.);
#7180 = EDGE_CURVE('',#6976,#6919,#7181,.T.);
#7181 = LINE('',#7182,#7183);
#7182 = CARTESIAN_POINT('',(0.75,0.5,0.1));
#7183 = VECTOR('',#7184,1.);
#7184 = DIRECTION('',(-1.,1.224646799147E-16,0.));
#7185 = ORIENTED_EDGE('',*,*,#6975,.F.);
#7186 = PLANE('',#7187);
#7187 = AXIS2_PLACEMENT_3D('',#7188,#7189,#7190);
#7188 = CARTESIAN_POINT('',(0.75,1.7,0.2));
#7189 = DIRECTION('',(-1.017013810865E-17,-8.304547985373E-02,
    0.996545758245));
#7190 = DIRECTION('',(-1.220416573038E-16,-0.996545758245,
    -8.304547985373E-02));
#7191 = ADVANCED_FACE('',(#7192),#7249,.T.);
#7192 = FACE_BOUND('',#7193,.T.);
#7193 = EDGE_LOOP('',(#7194,#7202,#7203,#7211,#7219,#7225,#7226,#7227,
    #7235,#7243));
#7194 = ORIENTED_EDGE('',*,*,#7195,.F.);
#7195 = EDGE_CURVE('',#6549,#7196,#7198,.T.);
#7196 = VERTEX_POINT('',#7197);
#7197 = CARTESIAN_POINT('',(0.55,1.1,6.));
#7198 = LINE('',#7199,#7200);
#7199 = CARTESIAN_POINT('',(0.55,1.7,6.));
#7200 = VECTOR('',#7201,1.);
#7201 = DIRECTION('',(-1.224646799147E-16,-1.,0.));
#7202 = ORIENTED_EDGE('',*,*,#6556,.T.);
#7203 = ORIENTED_EDGE('',*,*,#7204,.T.);
#7204 = EDGE_CURVE('',#6557,#7205,#7207,.T.);
#7205 = VERTEX_POINT('',#7206);
#7206 = CARTESIAN_POINT('',(-0.45,1.75,6.));
#7207 = LINE('',#7208,#7209);
#7208 = CARTESIAN_POINT('',(-0.45,1.7,6.));
#7209 = VECTOR('',#7210,1.);
#7210 = DIRECTION('',(1.224646799147E-16,1.,0.));
#7211 = ORIENTED_EDGE('',*,*,#7212,.T.);
#7212 = EDGE_CURVE('',#7205,#7213,#7215,.T.);
#7213 = VERTEX_POINT('',#7214);
#7214 = CARTESIAN_POINT('',(-0.95,1.75,6.));
#7215 = LINE('',#7216,#7217);
#7216 = CARTESIAN_POINT('',(-0.45,1.75,6.));
#7217 = VECTOR('',#7218,1.);
#7218 = DIRECTION('',(-1.,1.224646799147E-16,0.));
#7219 = ORIENTED_EDGE('',*,*,#7220,.T.);
#7220 = EDGE_CURVE('',#7213,#6613,#7221,.T.);
#7221 = LINE('',#7222,#7223);
#7222 = CARTESIAN_POINT('',(-0.95,1.75,6.));
#7223 = VECTOR('',#7224,1.);
#7224 = DIRECTION('',(-1.224646799147E-16,-1.,0.));
#7225 = ORIENTED_EDGE('',*,*,#6620,.T.);
#7226 = ORIENTED_EDGE('',*,*,#7074,.T.);
#7227 = ORIENTED_EDGE('',*,*,#7228,.F.);
#7228 = EDGE_CURVE('',#7229,#7075,#7231,.T.);
#7229 = VERTEX_POINT('',#7230);
#7230 = CARTESIAN_POINT('',(-1.45,0.2,6.));
#7231 = LINE('',#7232,#7233);
#7232 = CARTESIAN_POINT('',(3.95,0.2,6.));
#7233 = VECTOR('',#7234,1.);
#7234 = DIRECTION('',(-1.,1.224646799147E-16,0.));
#7235 = ORIENTED_EDGE('',*,*,#7236,.F.);
#7236 = EDGE_CURVE('',#7237,#7229,#7239,.T.);
#7237 = VERTEX_POINT('',#7238);
#7238 = CARTESIAN_POINT('',(-1.45,1.1,6.));
#7239 = LINE('',#7240,#7241);
#7240 = CARTESIAN_POINT('',(-1.45,1.1,6.));
#7241 = VECTOR('',#7242,1.);
#7242 = DIRECTION('',(-1.224646799147E-16,-1.,0.));
#7243 = ORIENTED_EDGE('',*,*,#7244,.F.);
#7244 = EDGE_CURVE('',#7196,#7237,#7245,.T.);
#7245 = LINE('',#7246,#7247);
#7246 = CARTESIAN_POINT('',(3.45,1.1,6.));
#7247 = VECTOR('',#7248,1.);
#7248 = DIRECTION('',(-1.,1.224646799147E-16,0.));
#7249 = PLANE('',#7250);
#7250 = AXIS2_PLACEMENT_3D('',#7251,#7252,#7253);
#7251 = CARTESIAN_POINT('',(-0.922222222222,1.18487654321,6.));
#7252 = DIRECTION('',(0.,0.,1.));
#7253 = DIRECTION('',(-1.,1.224646799147E-16,0.));
#7254 = ADVANCED_FACE('',(#7255),#7273,.F.);
#7255 = FACE_BOUND('',#7256,.F.);
#7256 = EDGE_LOOP('',(#7257,#7265,#7266,#7267));
#7257 = ORIENTED_EDGE('',*,*,#7258,.T.);
#7258 = EDGE_CURVE('',#7259,#7213,#7261,.T.);
#7259 = VERTEX_POINT('',#7260);
#7260 = CARTESIAN_POINT('',(-0.95,1.75,4.2));
#7261 = LINE('',#7262,#7263);
#7262 = CARTESIAN_POINT('',(-0.95,1.75,4.2));
#7263 = VECTOR('',#7264,1.);
#7264 = DIRECTION('',(0.,0.,1.));
#7265 = ORIENTED_EDGE('',*,*,#7220,.T.);
#7266 = ORIENTED_EDGE('',*,*,#6612,.F.);
#7267 = ORIENTED_EDGE('',*,*,#7268,.F.);
#7268 = EDGE_CURVE('',#7259,#6605,#7269,.T.);
#7269 = LINE('',#7270,#7271);
#7270 = CARTESIAN_POINT('',(-0.95,1.75,4.2));
#7271 = VECTOR('',#7272,1.);
#7272 = DIRECTION('',(-1.224646799147E-16,-1.,0.));
#7273 = PLANE('',#7274);
#7274 = AXIS2_PLACEMENT_3D('',#7275,#7276,#7277);
#7275 = CARTESIAN_POINT('',(-0.95,1.75,4.2));
#7276 = DIRECTION('',(1.,-1.224646799147E-16,0.));
#7277 = DIRECTION('',(-1.224646799147E-16,-1.,0.));
#7278 = ADVANCED_FACE('',(#7279),#7320,.T.);
#7279 = FACE_BOUND('',#7280,.T.);
#7280 = EDGE_LOOP('',(#7281,#7282,#7290,#7298,#7304,#7305,#7306,#7314));
#7281 = ORIENTED_EDGE('',*,*,#6572,.F.);
#7282 = ORIENTED_EDGE('',*,*,#7283,.T.);
#7283 = EDGE_CURVE('',#6573,#7284,#7286,.T.);
#7284 = VERTEX_POINT('',#7285);
#7285 = CARTESIAN_POINT('',(-0.4,1.1,4.2));
#7286 = LINE('',#7287,#7288);
#7287 = CARTESIAN_POINT('',(-0.4,1.7,4.2));
#7288 = VECTOR('',#7289,1.);
#7289 = DIRECTION('',(-1.224646799147E-16,-1.,0.));
#7290 = ORIENTED_EDGE('',*,*,#7291,.T.);
#7291 = EDGE_CURVE('',#7284,#7292,#7294,.T.);
#7292 = VERTEX_POINT('',#7293);
#7293 = CARTESIAN_POINT('',(-1.4,1.1,4.2));
#7294 = LINE('',#7295,#7296);
#7295 = CARTESIAN_POINT('',(1.525,1.1,4.2));
#7296 = VECTOR('',#7297,1.);
#7297 = DIRECTION('',(-1.,1.224646799147E-16,0.));
#7298 = ORIENTED_EDGE('',*,*,#7299,.F.);
#7299 = EDGE_CURVE('',#6597,#7292,#7300,.T.);
#7300 = LINE('',#7301,#7302);
#7301 = CARTESIAN_POINT('',(-1.4,1.7,4.2));
#7302 = VECTOR('',#7303,1.);
#7303 = DIRECTION('',(-1.224646799147E-16,-1.,0.));
#7304 = ORIENTED_EDGE('',*,*,#6604,.F.);
#7305 = ORIENTED_EDGE('',*,*,#7268,.F.);
#7306 = ORIENTED_EDGE('',*,*,#7307,.F.);
#7307 = EDGE_CURVE('',#7308,#7259,#7310,.T.);
#7308 = VERTEX_POINT('',#7309);
#7309 = CARTESIAN_POINT('',(-0.45,1.75,4.2));
#7310 = LINE('',#7311,#7312);
#7311 = CARTESIAN_POINT('',(-0.45,1.75,4.2));
#7312 = VECTOR('',#7313,1.);
#7313 = DIRECTION('',(-1.,1.224646799147E-16,0.));
#7314 = ORIENTED_EDGE('',*,*,#7315,.F.);
#7315 = EDGE_CURVE('',#6565,#7308,#7316,.T.);
#7316 = LINE('',#7317,#7318);
#7317 = CARTESIAN_POINT('',(-0.45,1.7,4.2));
#7318 = VECTOR('',#7319,1.);
#7319 = DIRECTION('',(1.224646799147E-16,1.,0.));
#7320 = PLANE('',#7321);
#7321 = AXIS2_PLACEMENT_3D('',#7322,#7323,#7324);
#7322 = CARTESIAN_POINT('',(-0.893939393939,1.417424242424,4.2));
#7323 = DIRECTION('',(-2.590322521168E-30,-2.221330562073E-31,-1.));
#7324 = DIRECTION('',(1.,-1.224646799147E-16,-2.590322521168E-30));
#7325 = ADVANCED_FACE('',(#7326),#7344,.T.);
#7326 = FACE_BOUND('',#7327,.T.);
#7327 = EDGE_LOOP('',(#7328,#7329,#7330,#7338));
#7328 = ORIENTED_EDGE('',*,*,#6596,.F.);
#7329 = ORIENTED_EDGE('',*,*,#7299,.T.);
#7330 = ORIENTED_EDGE('',*,*,#7331,.T.);
#7331 = EDGE_CURVE('',#7292,#7332,#7334,.T.);
#7332 = VERTEX_POINT('',#7333);
#7333 = CARTESIAN_POINT('',(-1.4,1.1,2.4));
#7334 = LINE('',#7335,#7336);
#7335 = CARTESIAN_POINT('',(-1.4,1.1,5.1));
#7336 = VECTOR('',#7337,1.);
#7337 = DIRECTION('',(-0.,0.,-1.));
#7338 = ORIENTED_EDGE('',*,*,#7339,.F.);
#7339 = EDGE_CURVE('',#6589,#7332,#7340,.T.);
#7340 = LINE('',#7341,#7342);
#7341 = CARTESIAN_POINT('',(-1.4,1.7,2.4));
#7342 = VECTOR('',#7343,1.);
#7343 = DIRECTION('',(-1.224646799147E-16,-1.,0.));
#7344 = PLANE('',#7345);
#7345 = AXIS2_PLACEMENT_3D('',#7346,#7347,#7348);
#7346 = CARTESIAN_POINT('',(-1.4,1.7,4.2));
#7347 = DIRECTION('',(1.,-1.224646799147E-16,-0.));
#7348 = DIRECTION('',(-0.,0.,-1.));
#7349 = ADVANCED_FACE('',(#7350),#7368,.T.);
#7350 = FACE_BOUND('',#7351,.T.);
#7351 = EDGE_LOOP('',(#7352,#7353,#7354,#7362));
#7352 = ORIENTED_EDGE('',*,*,#6588,.F.);
#7353 = ORIENTED_EDGE('',*,*,#7339,.T.);
#7354 = ORIENTED_EDGE('',*,*,#7355,.T.);
#7355 = EDGE_CURVE('',#7332,#7356,#7358,.T.);
#7356 = VERTEX_POINT('',#7357);
#7357 = CARTESIAN_POINT('',(-0.4,1.1,2.4));
#7358 = LINE('',#7359,#7360);
#7359 = CARTESIAN_POINT('',(1.025,1.1,2.4));
#7360 = VECTOR('',#7361,1.);
#7361 = DIRECTION('',(1.,-1.224646799147E-16,0.));
#7362 = ORIENTED_EDGE('',*,*,#7363,.F.);
#7363 = EDGE_CURVE('',#6581,#7356,#7364,.T.);
#7364 = LINE('',#7365,#7366);
#7365 = CARTESIAN_POINT('',(-0.4,1.7,2.4));
#7366 = VECTOR('',#7367,1.);
#7367 = DIRECTION('',(-1.224646799147E-16,-1.,0.));
#7368 = PLANE('',#7369);
#7369 = AXIS2_PLACEMENT_3D('',#7370,#7371,#7372);
#7370 = CARTESIAN_POINT('',(-1.4,1.7,2.4));
#7371 = DIRECTION('',(0.,0.,1.));
#7372 = DIRECTION('',(1.,-1.224646799147E-16,0.));
#7373 = ADVANCED_FACE('',(#7374),#7385,.T.);
#7374 = FACE_BOUND('',#7375,.T.);
#7375 = EDGE_LOOP('',(#7376,#7377,#7378,#7384));
#7376 = ORIENTED_EDGE('',*,*,#6580,.F.);
#7377 = ORIENTED_EDGE('',*,*,#7363,.T.);
#7378 = ORIENTED_EDGE('',*,*,#7379,.T.);
#7379 = EDGE_CURVE('',#7356,#7284,#7380,.T.);
#7380 = LINE('',#7381,#7382);
#7381 = CARTESIAN_POINT('',(-0.4,1.1,4.2));
#7382 = VECTOR('',#7383,1.);
#7383 = DIRECTION('',(0.,0.,1.));
#7384 = ORIENTED_EDGE('',*,*,#7283,.F.);
#7385 = PLANE('',#7386);
#7386 = AXIS2_PLACEMENT_3D('',#7387,#7388,#7389);
#7387 = CARTESIAN_POINT('',(-0.4,1.7,2.4));
#7388 = DIRECTION('',(-1.,1.224646799147E-16,0.));
#7389 = DIRECTION('',(0.,0.,1.));
#7390 = ADVANCED_FACE('',(#7391),#7402,.F.);
#7391 = FACE_BOUND('',#7392,.F.);
#7392 = EDGE_LOOP('',(#7393,#7394,#7395,#7401));
#7393 = ORIENTED_EDGE('',*,*,#6564,.T.);
#7394 = ORIENTED_EDGE('',*,*,#7204,.T.);
#7395 = ORIENTED_EDGE('',*,*,#7396,.F.);
#7396 = EDGE_CURVE('',#7308,#7205,#7397,.T.);
#7397 = LINE('',#7398,#7399);
#7398 = CARTESIAN_POINT('',(-0.45,1.75,4.2));
#7399 = VECTOR('',#7400,1.);
#7400 = DIRECTION('',(0.,0.,1.));
#7401 = ORIENTED_EDGE('',*,*,#7315,.F.);
#7402 = PLANE('',#7403);
#7403 = AXIS2_PLACEMENT_3D('',#7404,#7405,#7406);
#7404 = CARTESIAN_POINT('',(-0.45,1.7,4.2));
#7405 = DIRECTION('',(-1.,1.224646799147E-16,0.));
#7406 = DIRECTION('',(1.224646799147E-16,1.,0.));
#7407 = ADVANCED_FACE('',(#7408),#7426,.F.);
#7408 = FACE_BOUND('',#7409,.F.);
#7409 = EDGE_LOOP('',(#7410,#7411,#7419,#7425));
#7410 = ORIENTED_EDGE('',*,*,#6548,.F.);
#7411 = ORIENTED_EDGE('',*,*,#7412,.T.);
#7412 = EDGE_CURVE('',#6541,#7413,#7415,.T.);
#7413 = VERTEX_POINT('',#7414);
#7414 = CARTESIAN_POINT('',(0.55,1.1,2.1));
#7415 = LINE('',#7416,#7417);
#7416 = CARTESIAN_POINT('',(0.55,1.7,2.1));
#7417 = VECTOR('',#7418,1.);
#7418 = DIRECTION('',(-1.224646799147E-16,-1.,0.));
#7419 = ORIENTED_EDGE('',*,*,#7420,.T.);
#7420 = EDGE_CURVE('',#7413,#7196,#7421,.T.);
#7421 = LINE('',#7422,#7423);
#7422 = CARTESIAN_POINT('',(0.55,1.1,4.05));
#7423 = VECTOR('',#7424,1.);
#7424 = DIRECTION('',(0.,0.,1.));
#7425 = ORIENTED_EDGE('',*,*,#7195,.F.);
#7426 = PLANE('',#7427);
#7427 = AXIS2_PLACEMENT_3D('',#7428,#7429,#7430);
#7428 = CARTESIAN_POINT('',(0.55,1.7,2.1));
#7429 = DIRECTION('',(-1.,1.224646799147E-16,0.));
#7430 = DIRECTION('',(0.,0.,1.));
#7431 = ADVANCED_FACE('',(#7432),#7450,.F.);
#7432 = FACE_BOUND('',#7433,.F.);
#7433 = EDGE_LOOP('',(#7434,#7435,#7443,#7449));
#7434 = ORIENTED_EDGE('',*,*,#6540,.F.);
#7435 = ORIENTED_EDGE('',*,*,#7436,.T.);
#7436 = EDGE_CURVE('',#6533,#7437,#7439,.T.);
#7437 = VERTEX_POINT('',#7438);
#7438 = CARTESIAN_POINT('',(1.45,1.1,2.1));
#7439 = LINE('',#7440,#7441);
#7440 = CARTESIAN_POINT('',(1.45,1.7,2.1));
#7441 = VECTOR('',#7442,1.);
#7442 = DIRECTION('',(-1.224646799147E-16,-1.,0.));
#7443 = ORIENTED_EDGE('',*,*,#7444,.T.);
#7444 = EDGE_CURVE('',#7437,#7413,#7445,.T.);
#7445 = LINE('',#7446,#7447);
#7446 = CARTESIAN_POINT('',(2.45,1.1,2.1));
#7447 = VECTOR('',#7448,1.);
#7448 = DIRECTION('',(-1.,1.224646799147E-16,0.));
#7449 = ORIENTED_EDGE('',*,*,#7412,.F.);
#7450 = PLANE('',#7451);
#7451 = AXIS2_PLACEMENT_3D('',#7452,#7453,#7454);
#7452 = CARTESIAN_POINT('',(1.45,1.7,2.1));
#7453 = DIRECTION('',(-0.,0.,-1.));
#7454 = DIRECTION('',(-1.,1.224646799147E-16,0.));
#7455 = ADVANCED_FACE('',(#7456),#7467,.F.);
#7456 = FACE_BOUND('',#7457,.F.);
#7457 = EDGE_LOOP('',(#7458,#7459,#7460,#7466));
#7458 = ORIENTED_EDGE('',*,*,#6532,.F.);
#7459 = ORIENTED_EDGE('',*,*,#6743,.T.);
#7460 = ORIENTED_EDGE('',*,*,#7461,.T.);
#7461 = EDGE_CURVE('',#6744,#7437,#7462,.T.);
#7462 = LINE('',#7463,#7464);
#7463 = CARTESIAN_POINT('',(1.45,1.1,6.));
#7464 = VECTOR('',#7465,1.);
#7465 = DIRECTION('',(-0.,0.,-1.));
#7466 = ORIENTED_EDGE('',*,*,#7436,.F.);
#7467 = PLANE('',#7468);
#7468 = AXIS2_PLACEMENT_3D('',#7469,#7470,#7471);
#7469 = CARTESIAN_POINT('',(1.45,1.7,6.));
#7470 = DIRECTION('',(1.,-1.224646799147E-16,0.));
#7471 = DIRECTION('',(0.,-0.,-1.));
#7472 = ADVANCED_FACE('',(#7473),#7498,.F.);
#7473 = FACE_BOUND('',#7474,.F.);
#7474 = EDGE_LOOP('',(#7475,#7476,#7484,#7492));
#7475 = ORIENTED_EDGE('',*,*,#6693,.F.);
#7476 = ORIENTED_EDGE('',*,*,#7477,.T.);
#7477 = EDGE_CURVE('',#6694,#7478,#7480,.T.);
#7478 = VERTEX_POINT('',#7479);
#7479 = CARTESIAN_POINT('',(2.4,1.1,4.2));
#7480 = LINE('',#7481,#7482);
#7481 = CARTESIAN_POINT('',(2.4,1.7,4.2));
#7482 = VECTOR('',#7483,1.);
#7483 = DIRECTION('',(-1.224646799147E-16,-1.,0.));
#7484 = ORIENTED_EDGE('',*,*,#7485,.T.);
#7485 = EDGE_CURVE('',#7478,#7486,#7488,.T.);
#7486 = VERTEX_POINT('',#7487);
#7487 = CARTESIAN_POINT('',(3.4,1.1,4.2));
#7488 = LINE('',#7489,#7490);
#7489 = CARTESIAN_POINT('',(2.925,1.1,4.2));
#7490 = VECTOR('',#7491,1.);
#7491 = DIRECTION('',(1.,-1.224646799147E-16,0.));
#7492 = ORIENTED_EDGE('',*,*,#7493,.F.);
#7493 = EDGE_CURVE('',#6696,#7486,#7494,.T.);
#7494 = LINE('',#7495,#7496);
#7495 = CARTESIAN_POINT('',(3.4,1.7,4.2));
#7496 = VECTOR('',#7497,1.);
#7497 = DIRECTION('',(-1.224646799147E-16,-1.,0.));
#7498 = PLANE('',#7499);
#7499 = AXIS2_PLACEMENT_3D('',#7500,#7501,#7502);
#7500 = CARTESIAN_POINT('',(2.4,1.7,4.2));
#7501 = DIRECTION('',(0.,0.,1.));
#7502 = DIRECTION('',(1.,-1.224646799147E-16,0.));
#7503 = ADVANCED_FACE('',(#7504),#7522,.F.);
#7504 = FACE_BOUND('',#7505,.F.);
#7505 = EDGE_LOOP('',(#7506,#7507,#7515,#7521));
#7506 = ORIENTED_EDGE('',*,*,#6719,.F.);
#7507 = ORIENTED_EDGE('',*,*,#7508,.T.);
#7508 = EDGE_CURVE('',#6712,#7509,#7511,.T.);
#7509 = VERTEX_POINT('',#7510);
#7510 = CARTESIAN_POINT('',(2.4,1.1,2.4));
#7511 = LINE('',#7512,#7513);
#7512 = CARTESIAN_POINT('',(2.4,1.7,2.4));
#7513 = VECTOR('',#7514,1.);
#7514 = DIRECTION('',(-1.224646799147E-16,-1.,0.));
#7515 = ORIENTED_EDGE('',*,*,#7516,.T.);
#7516 = EDGE_CURVE('',#7509,#7478,#7517,.T.);
#7517 = LINE('',#7518,#7519);
#7518 = CARTESIAN_POINT('',(2.4,1.1,4.2));
#7519 = VECTOR('',#7520,1.);
#7520 = DIRECTION('',(0.,0.,1.));
#7521 = ORIENTED_EDGE('',*,*,#7477,.F.);
#7522 = PLANE('',#7523);
#7523 = AXIS2_PLACEMENT_3D('',#7524,#7525,#7526);
#7524 = CARTESIAN_POINT('',(2.4,1.7,2.4));
#7525 = DIRECTION('',(-1.,1.224646799147E-16,0.));
#7526 = DIRECTION('',(0.,0.,1.));
#7527 = ADVANCED_FACE('',(#7528),#7546,.F.);
#7528 = FACE_BOUND('',#7529,.F.);
#7529 = EDGE_LOOP('',(#7530,#7531,#7532,#7540));
#7530 = ORIENTED_EDGE('',*,*,#6703,.F.);
#7531 = ORIENTED_EDGE('',*,*,#7493,.T.);
#7532 = ORIENTED_EDGE('',*,*,#7533,.T.);
#7533 = EDGE_CURVE('',#7486,#7534,#7536,.T.);
#7534 = VERTEX_POINT('',#7535);
#7535 = CARTESIAN_POINT('',(3.4,1.1,2.4));
#7536 = LINE('',#7537,#7538);
#7537 = CARTESIAN_POINT('',(3.4,1.1,5.1));
#7538 = VECTOR('',#7539,1.);
#7539 = DIRECTION('',(-0.,0.,-1.));
#7540 = ORIENTED_EDGE('',*,*,#7541,.F.);
#7541 = EDGE_CURVE('',#6704,#7534,#7542,.T.);
#7542 = LINE('',#7543,#7544);
#7543 = CARTESIAN_POINT('',(3.4,1.7,2.4));
#7544 = VECTOR('',#7545,1.);
#7545 = DIRECTION('',(-1.224646799147E-16,-1.,0.));
#7546 = PLANE('',#7547);
#7547 = AXIS2_PLACEMENT_3D('',#7548,#7549,#7550);
#7548 = CARTESIAN_POINT('',(3.4,1.7,4.2));
#7549 = DIRECTION('',(1.,-1.224646799147E-16,-0.));
#7550 = DIRECTION('',(-0.,0.,-1.));
#7551 = ADVANCED_FACE('',(#7552),#7563,.F.);
#7552 = FACE_BOUND('',#7553,.F.);
#7553 = EDGE_LOOP('',(#7554,#7555,#7556,#7562));
#7554 = ORIENTED_EDGE('',*,*,#6711,.F.);
#7555 = ORIENTED_EDGE('',*,*,#7541,.T.);
#7556 = ORIENTED_EDGE('',*,*,#7557,.T.);
#7557 = EDGE_CURVE('',#7534,#7509,#7558,.T.);
#7558 = LINE('',#7559,#7560);
#7559 = CARTESIAN_POINT('',(3.425,1.1,2.4));
#7560 = VECTOR('',#7561,1.);
#7561 = DIRECTION('',(-1.,1.224646799147E-16,0.));
#7562 = ORIENTED_EDGE('',*,*,#7508,.F.);
#7563 = PLANE('',#7564);
#7564 = AXIS2_PLACEMENT_3D('',#7565,#7566,#7567);
#7565 = CARTESIAN_POINT('',(3.4,1.7,2.4));
#7566 = DIRECTION('',(-0.,0.,-1.));
#7567 = DIRECTION('',(-1.,1.224646799147E-16,0.));
#7568 = ADVANCED_FACE('',(#7569),#7598,.F.);
#7569 = FACE_BOUND('',#7570,.F.);
#7570 = EDGE_LOOP('',(#7571,#7572,#7580,#7588,#7594,#7595,#7596,#7597));
#7571 = ORIENTED_EDGE('',*,*,#6848,.F.);
#7572 = ORIENTED_EDGE('',*,*,#7573,.T.);
#7573 = EDGE_CURVE('',#6849,#7574,#7576,.T.);
#7574 = VERTEX_POINT('',#7575);
#7575 = CARTESIAN_POINT('',(3.45,-2.3,1.8));
#7576 = LINE('',#7577,#7578);
#7577 = CARTESIAN_POINT('',(3.45,-2.3,6.));
#7578 = VECTOR('',#7579,1.);
#7579 = DIRECTION('',(0.,0.,-1.));
#7580 = ORIENTED_EDGE('',*,*,#7581,.T.);
#7581 = EDGE_CURVE('',#7574,#7582,#7584,.T.);
#7582 = VERTEX_POINT('',#7583);
#7583 = CARTESIAN_POINT('',(3.45,1.1,1.8));
#7584 = LINE('',#7585,#7586);
#7585 = CARTESIAN_POINT('',(3.45,-2.3,1.8));
#7586 = VECTOR('',#7587,1.);
#7587 = DIRECTION('',(1.224646799147E-16,1.,0.));
#7588 = ORIENTED_EDGE('',*,*,#7589,.F.);
#7589 = EDGE_CURVE('',#6752,#7582,#7590,.T.);
#7590 = LINE('',#7591,#7592);
#7591 = CARTESIAN_POINT('',(3.45,1.1,6.));
#7592 = VECTOR('',#7593,1.);
#7593 = DIRECTION('',(0.,0.,-1.));
#7594 = ORIENTED_EDGE('',*,*,#6759,.F.);
#7595 = ORIENTED_EDGE('',*,*,#6775,.T.);
#7596 = ORIENTED_EDGE('',*,*,#6805,.F.);
#7597 = ORIENTED_EDGE('',*,*,#6824,.T.);
#7598 = PLANE('',#7599);
#7599 = AXIS2_PLACEMENT_3D('',#7600,#7601,#7602);
#7600 = CARTESIAN_POINT('',(3.45,-2.3,6.));
#7601 = DIRECTION('',(1.,-1.224646799147E-16,0.));
#7602 = DIRECTION('',(1.224646799147E-16,1.,0.));
#7603 = ADVANCED_FACE('',(#7604,#7626,#7632),#7638,.F.);
#7604 = FACE_BOUND('',#7605,.F.);
#7605 = EDGE_LOOP('',(#7606,#7607,#7608,#7616,#7622,#7623,#7624,#7625));
#7606 = ORIENTED_EDGE('',*,*,#6751,.F.);
#7607 = ORIENTED_EDGE('',*,*,#7589,.T.);
#7608 = ORIENTED_EDGE('',*,*,#7609,.T.);
#7609 = EDGE_CURVE('',#7582,#7610,#7612,.T.);
#7610 = VERTEX_POINT('',#7611);
#7611 = CARTESIAN_POINT('',(-1.45,1.1,1.8));
#7612 = LINE('',#7613,#7614);
#7613 = CARTESIAN_POINT('',(3.45,1.1,1.8));
#7614 = VECTOR('',#7615,1.);
#7615 = DIRECTION('',(-1.,1.224646799147E-16,0.));
#7616 = ORIENTED_EDGE('',*,*,#7617,.F.);
#7617 = EDGE_CURVE('',#7237,#7610,#7618,.T.);
#7618 = LINE('',#7619,#7620);
#7619 = CARTESIAN_POINT('',(-1.45,1.1,6.));
#7620 = VECTOR('',#7621,1.);
#7621 = DIRECTION('',(0.,0.,-1.));
#7622 = ORIENTED_EDGE('',*,*,#7244,.F.);
#7623 = ORIENTED_EDGE('',*,*,#7420,.F.);
#7624 = ORIENTED_EDGE('',*,*,#7444,.F.);
#7625 = ORIENTED_EDGE('',*,*,#7461,.F.);
#7626 = FACE_BOUND('',#7627,.F.);
#7627 = EDGE_LOOP('',(#7628,#7629,#7630,#7631));
#7628 = ORIENTED_EDGE('',*,*,#7291,.T.);
#7629 = ORIENTED_EDGE('',*,*,#7331,.T.);
#7630 = ORIENTED_EDGE('',*,*,#7355,.T.);
#7631 = ORIENTED_EDGE('',*,*,#7379,.T.);
#7632 = FACE_BOUND('',#7633,.F.);
#7633 = EDGE_LOOP('',(#7634,#7635,#7636,#7637));
#7634 = ORIENTED_EDGE('',*,*,#7557,.F.);
#7635 = ORIENTED_EDGE('',*,*,#7533,.F.);
#7636 = ORIENTED_EDGE('',*,*,#7485,.F.);
#7637 = ORIENTED_EDGE('',*,*,#7516,.F.);
#7638 = PLANE('',#7639);
#7639 = AXIS2_PLACEMENT_3D('',#7640,#7641,#7642);
#7640 = CARTESIAN_POINT('',(3.45,1.1,6.));
#7641 = DIRECTION('',(1.224646799147E-16,1.,0.));
#7642 = DIRECTION('',(-1.,1.224646799147E-16,0.));
#7643 = ADVANCED_FACE('',(#7644),#7662,.T.);
#7644 = FACE_BOUND('',#7645,.T.);
#7645 = EDGE_LOOP('',(#7646,#7654,#7660,#7661));
#7646 = ORIENTED_EDGE('',*,*,#7647,.T.);
#7647 = EDGE_CURVE('',#6865,#7648,#7650,.T.);
#7648 = VERTEX_POINT('',#7649);
#7649 = CARTESIAN_POINT('',(-1.45,-0.6,4.4));
#7650 = LINE('',#7651,#7652);
#7651 = CARTESIAN_POINT('',(-1.45,-0.6,5.2));
#7652 = VECTOR('',#7653,1.);
#7653 = DIRECTION('',(-0.,0.,-1.));
#7654 = ORIENTED_EDGE('',*,*,#7655,.T.);
#7655 = EDGE_CURVE('',#7648,#7091,#7656,.T.);
#7656 = LINE('',#7657,#7658);
#7657 = CARTESIAN_POINT('',(3.95,-0.6,4.4));
#7658 = VECTOR('',#7659,1.);
#7659 = DIRECTION('',(-1.,1.224646799147E-16,0.));
#7660 = ORIENTED_EDGE('',*,*,#7099,.T.);
#7661 = ORIENTED_EDGE('',*,*,#6872,.F.);
#7662 = PLANE('',#7663);
#7663 = AXIS2_PLACEMENT_3D('',#7664,#7665,#7666);
#7664 = CARTESIAN_POINT('',(3.95,-0.6,4.4));
#7665 = DIRECTION('',(1.224646799147E-16,1.,0.));
#7666 = DIRECTION('',(0.,-0.,1.));
#7667 = ADVANCED_FACE('',(#7668),#7703,.F.);
#7668 = FACE_BOUND('',#7669,.F.);
#7669 = EDGE_LOOP('',(#7670,#7671,#7672,#7680,#7686,#7687,#7688,#7697));
#7670 = ORIENTED_EDGE('',*,*,#7236,.F.);
#7671 = ORIENTED_EDGE('',*,*,#7617,.T.);
#7672 = ORIENTED_EDGE('',*,*,#7673,.T.);
#7673 = EDGE_CURVE('',#7610,#7674,#7676,.T.);
#7674 = VERTEX_POINT('',#7675);
#7675 = CARTESIAN_POINT('',(-1.45,-2.3,1.8));
#7676 = LINE('',#7677,#7678);
#7677 = CARTESIAN_POINT('',(-1.45,1.1,1.8));
#7678 = VECTOR('',#7679,1.);
#7679 = DIRECTION('',(-1.224646799147E-16,-1.,0.));
#7680 = ORIENTED_EDGE('',*,*,#7681,.F.);
#7681 = EDGE_CURVE('',#6857,#7674,#7682,.T.);
#7682 = LINE('',#7683,#7684);
#7683 = CARTESIAN_POINT('',(-1.45,-2.3,6.));
#7684 = VECTOR('',#7685,1.);
#7685 = DIRECTION('',(0.,0.,-1.));
#7686 = ORIENTED_EDGE('',*,*,#6864,.F.);
#7687 = ORIENTED_EDGE('',*,*,#7647,.T.);
#7688 = ORIENTED_EDGE('',*,*,#7689,.T.);
#7689 = EDGE_CURVE('',#7648,#7690,#7692,.T.);
#7690 = VERTEX_POINT('',#7691);
#7691 = CARTESIAN_POINT('',(-1.45,0.2,4.4));
#7692 = CIRCLE('',#7693,0.4);
#7693 = AXIS2_PLACEMENT_3D('',#7694,#7695,#7696);
#7694 = CARTESIAN_POINT('',(-1.45,-0.2,4.4));
#7695 = DIRECTION('',(1.,-1.224646799147E-16,0.));
#7696 = DIRECTION('',(1.224646799147E-16,1.,0.));
#7697 = ORIENTED_EDGE('',*,*,#7698,.T.);
#7698 = EDGE_CURVE('',#7690,#7229,#7699,.T.);
#7699 = LINE('',#7700,#7701);
#7700 = CARTESIAN_POINT('',(-1.45,0.2,6.));
#7701 = VECTOR('',#7702,1.);
#7702 = DIRECTION('',(0.,0.,1.));
#7703 = PLANE('',#7704);
#7704 = AXIS2_PLACEMENT_3D('',#7705,#7706,#7707);
#7705 = CARTESIAN_POINT('',(-1.45,1.1,6.));
#7706 = DIRECTION('',(-1.,1.224646799147E-16,0.));
#7707 = DIRECTION('',(-1.224646799147E-16,-1.,0.));
#7708 = ADVANCED_FACE('',(#7709),#7752,.F.);
#7709 = FACE_BOUND('',#7710,.F.);
#7710 = EDGE_LOOP('',(#7711,#7712,#7713,#7721,#7729,#7737,#7745,#7751));
#7711 = ORIENTED_EDGE('',*,*,#6856,.F.);
#7712 = ORIENTED_EDGE('',*,*,#7681,.T.);
#7713 = ORIENTED_EDGE('',*,*,#7714,.T.);
#7714 = EDGE_CURVE('',#7674,#7715,#7717,.T.);
#7715 = VERTEX_POINT('',#7716);
#7716 = CARTESIAN_POINT('',(0.8,-2.3,1.8));
#7717 = LINE('',#7718,#7719);
#7718 = CARTESIAN_POINT('',(-1.45,-2.3,1.8));
#7719 = VECTOR('',#7720,1.);
#7720 = DIRECTION('',(1.,-1.224646799147E-16,0.));
#7721 = ORIENTED_EDGE('',*,*,#7722,.T.);
#7722 = EDGE_CURVE('',#7715,#7723,#7725,.T.);
#7723 = VERTEX_POINT('',#7724);
#7724 = CARTESIAN_POINT('',(0.8,-2.3,3.7));
#7725 = LINE('',#7726,#7727);
#7726 = CARTESIAN_POINT('',(0.8,-2.3,1.8));
#7727 = VECTOR('',#7728,1.);
#7728 = DIRECTION('',(0.,0.,1.));
#7729 = ORIENTED_EDGE('',*,*,#7730,.T.);
#7730 = EDGE_CURVE('',#7723,#7731,#7733,.T.);
#7731 = VERTEX_POINT('',#7732);
#7732 = CARTESIAN_POINT('',(1.2,-2.3,3.7));
#7733 = LINE('',#7734,#7735);
#7734 = CARTESIAN_POINT('',(0.8,-2.3,3.7));
#7735 = VECTOR('',#7736,1.);
#7736 = DIRECTION('',(1.,-1.224646799147E-16,0.));
#7737 = ORIENTED_EDGE('',*,*,#7738,.F.);
#7738 = EDGE_CURVE('',#7739,#7731,#7741,.T.);
#7739 = VERTEX_POINT('',#7740);
#7740 = CARTESIAN_POINT('',(1.2,-2.3,1.8));
#7741 = LINE('',#7742,#7743);
#7742 = CARTESIAN_POINT('',(1.2,-2.3,1.8));
#7743 = VECTOR('',#7744,1.);
#7744 = DIRECTION('',(0.,0.,1.));
#7745 = ORIENTED_EDGE('',*,*,#7746,.T.);
#7746 = EDGE_CURVE('',#7739,#7574,#7747,.T.);
#7747 = LINE('',#7748,#7749);
#7748 = CARTESIAN_POINT('',(-1.45,-2.3,1.8));
#7749 = VECTOR('',#7750,1.);
#7750 = DIRECTION('',(1.,-1.224646799147E-16,0.));
#7751 = ORIENTED_EDGE('',*,*,#7573,.F.);
#7752 = PLANE('',#7753);
#7753 = AXIS2_PLACEMENT_3D('',#7754,#7755,#7756);
#7754 = CARTESIAN_POINT('',(-1.45,-2.3,6.));
#7755 = DIRECTION('',(-1.224646799147E-16,-1.,0.));
#7756 = DIRECTION('',(1.,-1.224646799147E-16,0.));
#7757 = ADVANCED_FACE('',(#7758,#7764),#7798,.F.);
#7758 = FACE_BOUND('',#7759,.F.);
#7759 = EDGE_LOOP('',(#7760,#7761,#7762,#7763));
#7760 = ORIENTED_EDGE('',*,*,#7180,.T.);
#7761 = ORIENTED_EDGE('',*,*,#6926,.T.);
#7762 = ORIENTED_EDGE('',*,*,#6950,.F.);
#7763 = ORIENTED_EDGE('',*,*,#6983,.F.);
#7764 = FACE_BOUND('',#7765,.F.);
#7765 = EDGE_LOOP('',(#7766,#7776,#7784,#7792));
#7766 = ORIENTED_EDGE('',*,*,#7767,.T.);
#7767 = EDGE_CURVE('',#7768,#7770,#7772,.T.);
#7768 = VERTEX_POINT('',#7769);
#7769 = CARTESIAN_POINT('',(-0.25,0.25,0.1));
#7770 = VERTEX_POINT('',#7771);
#7771 = CARTESIAN_POINT('',(0.25,0.25,0.1));
#7772 = LINE('',#7773,#7774);
#7773 = CARTESIAN_POINT('',(0.5,0.25,0.1));
#7774 = VECTOR('',#7775,1.);
#7775 = DIRECTION('',(1.,-1.224646799147E-16,0.));
#7776 = ORIENTED_EDGE('',*,*,#7777,.T.);
#7777 = EDGE_CURVE('',#7770,#7778,#7780,.T.);
#7778 = VERTEX_POINT('',#7779);
#7779 = CARTESIAN_POINT('',(0.25,-0.25,0.1));
#7780 = LINE('',#7781,#7782);
#7781 = CARTESIAN_POINT('',(0.25,0.271633216363,0.1));
#7782 = VECTOR('',#7783,1.);
#7783 = DIRECTION('',(-1.224646799147E-16,-1.,0.));
#7784 = ORIENTED_EDGE('',*,*,#7785,.T.);
#7785 = EDGE_CURVE('',#7778,#7786,#7788,.T.);
#7786 = VERTEX_POINT('',#7787);
#7787 = CARTESIAN_POINT('',(-0.25,-0.25,0.1));
#7788 = LINE('',#7789,#7790);
#7789 = CARTESIAN_POINT('',(0.5,-0.25,0.1));
#7790 = VECTOR('',#7791,1.);
#7791 = DIRECTION('',(-1.,1.224646799147E-16,0.));
#7792 = ORIENTED_EDGE('',*,*,#7793,.F.);
#7793 = EDGE_CURVE('',#7768,#7786,#7794,.T.);
#7794 = LINE('',#7795,#7796);
#7795 = CARTESIAN_POINT('',(-0.25,0.271633216363,0.1));
#7796 = VECTOR('',#7797,1.);
#7797 = DIRECTION('',(-1.224646799147E-16,-1.,0.));
#7798 = PLANE('',#7799);
#7799 = AXIS2_PLACEMENT_3D('',#7800,#7801,#7802);
#7800 = CARTESIAN_POINT('',(0.75,0.5,0.1));
#7801 = DIRECTION('',(0.,0.,1.));
#7802 = DIRECTION('',(-1.224646799147E-16,-1.,0.));
#7803 = ADVANCED_FACE('',(#7804),#7815,.F.);
#7804 = FACE_BOUND('',#7805,.F.);
#7805 = EDGE_LOOP('',(#7806,#7807,#7808,#7814));
#7806 = ORIENTED_EDGE('',*,*,#7655,.T.);
#7807 = ORIENTED_EDGE('',*,*,#7090,.T.);
#7808 = ORIENTED_EDGE('',*,*,#7809,.F.);
#7809 = EDGE_CURVE('',#7690,#7083,#7810,.T.);
#7810 = LINE('',#7811,#7812);
#7811 = CARTESIAN_POINT('',(3.95,0.2,4.4));
#7812 = VECTOR('',#7813,1.);
#7813 = DIRECTION('',(-1.,1.224646799147E-16,0.));
#7814 = ORIENTED_EDGE('',*,*,#7689,.F.);
#7815 = CYLINDRICAL_SURFACE('',#7816,0.4);
#7816 = AXIS2_PLACEMENT_3D('',#7817,#7818,#7819);
#7817 = CARTESIAN_POINT('',(3.95,-0.2,4.4));
#7818 = DIRECTION('',(1.,-1.224646799147E-16,-0.));
#7819 = DIRECTION('',(1.224646799147E-16,1.,0.));
#7820 = ADVANCED_FACE('',(#7821),#7827,.T.);
#7821 = FACE_BOUND('',#7822,.T.);
#7822 = EDGE_LOOP('',(#7823,#7824,#7825,#7826));
#7823 = ORIENTED_EDGE('',*,*,#7698,.T.);
#7824 = ORIENTED_EDGE('',*,*,#7228,.T.);
#7825 = ORIENTED_EDGE('',*,*,#7082,.T.);
#7826 = ORIENTED_EDGE('',*,*,#7809,.F.);
#7827 = PLANE('',#7828);
#7828 = AXIS2_PLACEMENT_3D('',#7829,#7830,#7831);
#7829 = CARTESIAN_POINT('',(3.95,0.2,6.));
#7830 = DIRECTION('',(-1.224646799147E-16,-1.,0.));
#7831 = DIRECTION('',(-0.,0.,-1.));
#7832 = ADVANCED_FACE('',(#7833),#7858,.F.);
#7833 = FACE_BOUND('',#7834,.F.);
#7834 = EDGE_LOOP('',(#7835,#7843,#7844,#7852));
#7835 = ORIENTED_EDGE('',*,*,#7836,.F.);
#7836 = EDGE_CURVE('',#7141,#7837,#7839,.T.);
#7837 = VERTEX_POINT('',#7838);
#7838 = CARTESIAN_POINT('',(2.25,0.25,-0.9));
#7839 = LINE('',#7840,#7841);
#7840 = CARTESIAN_POINT('',(2.25,0.25,5.));
#7841 = VECTOR('',#7842,1.);
#7842 = DIRECTION('',(-0.,0.,-1.));
#7843 = ORIENTED_EDGE('',*,*,#7138,.F.);
#7844 = ORIENTED_EDGE('',*,*,#7845,.T.);
#7845 = EDGE_CURVE('',#7139,#7846,#7848,.T.);
#7846 = VERTEX_POINT('',#7847);
#7847 = CARTESIAN_POINT('',(1.75,0.25,-0.9));
#7848 = LINE('',#7849,#7850);
#7849 = CARTESIAN_POINT('',(1.75,0.25,5.));
#7850 = VECTOR('',#7851,1.);
#7851 = DIRECTION('',(-0.,0.,-1.));
#7852 = ORIENTED_EDGE('',*,*,#7853,.F.);
#7853 = EDGE_CURVE('',#7837,#7846,#7854,.T.);
#7854 = LINE('',#7855,#7856);
#7855 = CARTESIAN_POINT('',(2.25,0.25,-0.9));
#7856 = VECTOR('',#7857,1.);
#7857 = DIRECTION('',(-1.,1.224646799147E-16,0.));
#7858 = PLANE('',#7859);
#7859 = AXIS2_PLACEMENT_3D('',#7860,#7861,#7862);
#7860 = CARTESIAN_POINT('',(2.25,0.25,5.));
#7861 = DIRECTION('',(-1.224646799147E-16,-1.,0.));
#7862 = DIRECTION('',(-0.,0.,-1.));
#7863 = ADVANCED_FACE('',(#7864),#7914,.T.);
#7864 = FACE_BOUND('',#7865,.T.);
#7865 = EDGE_LOOP('',(#7866,#7876,#7884,#7892,#7898,#7899,#7900,#7908));
#7866 = ORIENTED_EDGE('',*,*,#7867,.T.);
#7867 = EDGE_CURVE('',#7868,#7870,#7872,.T.);
#7868 = VERTEX_POINT('',#7869);
#7869 = CARTESIAN_POINT('',(1.75,0.281578947368,-3.2));
#7870 = VERTEX_POINT('',#7871);
#7871 = CARTESIAN_POINT('',(1.75,-0.218421052632,-3.2));
#7872 = LINE('',#7873,#7874);
#7873 = CARTESIAN_POINT('',(1.75,0.25,-3.2));
#7874 = VECTOR('',#7875,1.);
#7875 = DIRECTION('',(-1.224646799147E-16,-1.,0.));
#7876 = ORIENTED_EDGE('',*,*,#7877,.T.);
#7877 = EDGE_CURVE('',#7870,#7878,#7880,.T.);
#7878 = VERTEX_POINT('',#7879);
#7879 = CARTESIAN_POINT('',(1.75,5.E-02,-1.5));
#7880 = LINE('',#7881,#7882);
#7881 = CARTESIAN_POINT('',(1.75,-0.25,-3.4));
#7882 = VECTOR('',#7883,1.);
#7883 = DIRECTION('',(1.909990663905E-17,0.155962573473,0.987762965329)
  );
#7884 = ORIENTED_EDGE('',*,*,#7885,.T.);
#7885 = EDGE_CURVE('',#7878,#7886,#7888,.T.);
#7886 = VERTEX_POINT('',#7887);
#7887 = CARTESIAN_POINT('',(1.75,-0.25,-0.9));
#7888 = LINE('',#7889,#7890);
#7889 = CARTESIAN_POINT('',(1.75,5.E-02,-1.5));
#7890 = VECTOR('',#7891,1.);
#7891 = DIRECTION('',(-5.476786982641E-17,-0.4472135955,0.894427191));
#7892 = ORIENTED_EDGE('',*,*,#7893,.T.);
#7893 = EDGE_CURVE('',#7886,#7157,#7894,.T.);
#7894 = LINE('',#7895,#7896);
#7895 = CARTESIAN_POINT('',(1.75,-0.25,-0.9));
#7896 = VECTOR('',#7897,1.);
#7897 = DIRECTION('',(0.,0.,1.));
#7898 = ORIENTED_EDGE('',*,*,#7164,.F.);
#7899 = ORIENTED_EDGE('',*,*,#7845,.T.);
#7900 = ORIENTED_EDGE('',*,*,#7901,.T.);
#7901 = EDGE_CURVE('',#7846,#7902,#7904,.T.);
#7902 = VERTEX_POINT('',#7903);
#7903 = CARTESIAN_POINT('',(1.75,0.55,-1.5));
#7904 = LINE('',#7905,#7906);
#7905 = CARTESIAN_POINT('',(1.75,0.25,-0.9));
#7906 = VECTOR('',#7907,1.);
#7907 = DIRECTION('',(5.476786982641E-17,0.4472135955,-0.894427191));
#7908 = ORIENTED_EDGE('',*,*,#7909,.T.);
#7909 = EDGE_CURVE('',#7902,#7868,#7910,.T.);
#7910 = LINE('',#7911,#7912);
#7911 = CARTESIAN_POINT('',(1.75,0.55,-1.5));
#7912 = VECTOR('',#7913,1.);
#7913 = DIRECTION('',(-1.909990663905E-17,-0.155962573473,
    -0.987762965329));
#7914 = PLANE('',#7915);
#7915 = AXIS2_PLACEMENT_3D('',#7916,#7917,#7918);
#7916 = CARTESIAN_POINT('',(1.75,4.326643272645E-02,0.775746953017));
#7917 = DIRECTION('',(-1.,1.224646799147E-16,0.));
#7918 = DIRECTION('',(0.,0.,1.));
#7919 = ADVANCED_FACE('',(#7920),#7938,.F.);
#7920 = FACE_BOUND('',#7921,.F.);
#7921 = EDGE_LOOP('',(#7922,#7930,#7936,#7937));
#7922 = ORIENTED_EDGE('',*,*,#7923,.F.);
#7923 = EDGE_CURVE('',#7924,#7149,#7926,.T.);
#7924 = VERTEX_POINT('',#7925);
#7925 = CARTESIAN_POINT('',(2.25,-0.25,-0.9));
#7926 = LINE('',#7927,#7928);
#7927 = CARTESIAN_POINT('',(2.25,-0.25,-0.9));
#7928 = VECTOR('',#7929,1.);
#7929 = DIRECTION('',(0.,0.,1.));
#7930 = ORIENTED_EDGE('',*,*,#7931,.T.);
#7931 = EDGE_CURVE('',#7924,#7886,#7932,.T.);
#7932 = LINE('',#7933,#7934);
#7933 = CARTESIAN_POINT('',(2.25,-0.25,-0.9));
#7934 = VECTOR('',#7935,1.);
#7935 = DIRECTION('',(-1.,1.224646799147E-16,0.));
#7936 = ORIENTED_EDGE('',*,*,#7893,.T.);
#7937 = ORIENTED_EDGE('',*,*,#7156,.F.);
#7938 = PLANE('',#7939);
#7939 = AXIS2_PLACEMENT_3D('',#7940,#7941,#7942);
#7940 = CARTESIAN_POINT('',(2.25,-0.25,-0.9));
#7941 = DIRECTION('',(1.224646799147E-16,1.,0.));
#7942 = DIRECTION('',(0.,-0.,1.));
#7943 = ADVANCED_FACE('',(#7944),#7987,.F.);
#7944 = FACE_BOUND('',#7945,.F.);
#7945 = EDGE_LOOP('',(#7946,#7956,#7964,#7970,#7971,#7972,#7973,#7981));
#7946 = ORIENTED_EDGE('',*,*,#7947,.T.);
#7947 = EDGE_CURVE('',#7948,#7950,#7952,.T.);
#7948 = VERTEX_POINT('',#7949);
#7949 = CARTESIAN_POINT('',(2.25,0.281578947368,-3.2));
#7950 = VERTEX_POINT('',#7951);
#7951 = CARTESIAN_POINT('',(2.25,-0.218421052632,-3.2));
#7952 = LINE('',#7953,#7954);
#7953 = CARTESIAN_POINT('',(2.25,0.25,-3.2));
#7954 = VECTOR('',#7955,1.);
#7955 = DIRECTION('',(-1.224646799147E-16,-1.,0.));
#7956 = ORIENTED_EDGE('',*,*,#7957,.T.);
#7957 = EDGE_CURVE('',#7950,#7958,#7960,.T.);
#7958 = VERTEX_POINT('',#7959);
#7959 = CARTESIAN_POINT('',(2.25,5.E-02,-1.5));
#7960 = LINE('',#7961,#7962);
#7961 = CARTESIAN_POINT('',(2.25,-0.25,-3.4));
#7962 = VECTOR('',#7963,1.);
#7963 = DIRECTION('',(1.909990663905E-17,0.155962573473,0.987762965329)
  );
#7964 = ORIENTED_EDGE('',*,*,#7965,.T.);
#7965 = EDGE_CURVE('',#7958,#7924,#7966,.T.);
#7966 = LINE('',#7967,#7968);
#7967 = CARTESIAN_POINT('',(2.25,5.E-02,-1.5));
#7968 = VECTOR('',#7969,1.);
#7969 = DIRECTION('',(-5.476786982641E-17,-0.4472135955,0.894427191));
#7970 = ORIENTED_EDGE('',*,*,#7923,.T.);
#7971 = ORIENTED_EDGE('',*,*,#7148,.F.);
#7972 = ORIENTED_EDGE('',*,*,#7836,.T.);
#7973 = ORIENTED_EDGE('',*,*,#7974,.T.);
#7974 = EDGE_CURVE('',#7837,#7975,#7977,.T.);
#7975 = VERTEX_POINT('',#7976);
#7976 = CARTESIAN_POINT('',(2.25,0.55,-1.5));
#7977 = LINE('',#7978,#7979);
#7978 = CARTESIAN_POINT('',(2.25,0.25,-0.9));
#7979 = VECTOR('',#7980,1.);
#7980 = DIRECTION('',(5.476786982641E-17,0.4472135955,-0.894427191));
#7981 = ORIENTED_EDGE('',*,*,#7982,.T.);
#7982 = EDGE_CURVE('',#7975,#7948,#7983,.T.);
#7983 = LINE('',#7984,#7985);
#7984 = CARTESIAN_POINT('',(2.25,0.55,-1.5));
#7985 = VECTOR('',#7986,1.);
#7986 = DIRECTION('',(-1.909990663905E-17,-0.155962573473,
    -0.987762965329));
#7987 = PLANE('',#7988);
#7988 = AXIS2_PLACEMENT_3D('',#7989,#7990,#7991);
#7989 = CARTESIAN_POINT('',(2.25,4.326643272645E-02,0.775746953017));
#7990 = DIRECTION('',(-1.,1.224646799147E-16,0.));
#7991 = DIRECTION('',(0.,0.,1.));
#7992 = ADVANCED_FACE('',(#7993),#7999,.F.);
#7993 = FACE_BOUND('',#7994,.F.);
#7994 = EDGE_LOOP('',(#7995,#7996,#7997,#7998));
#7995 = ORIENTED_EDGE('',*,*,#7396,.T.);
#7996 = ORIENTED_EDGE('',*,*,#7212,.T.);
#7997 = ORIENTED_EDGE('',*,*,#7258,.F.);
#7998 = ORIENTED_EDGE('',*,*,#7307,.F.);
#7999 = PLANE('',#8000);
#8000 = AXIS2_PLACEMENT_3D('',#8001,#8002,#8003);
#8001 = CARTESIAN_POINT('',(-0.45,1.75,4.2));
#8002 = DIRECTION('',(-1.224646799147E-16,-1.,0.));
#8003 = DIRECTION('',(-1.,1.224646799147E-16,0.));
#8004 = ADVANCED_FACE('',(#8005,#8034,#8068),#8102,.T.);
#8005 = FACE_BOUND('',#8006,.T.);
#8006 = EDGE_LOOP('',(#8007,#8008,#8009,#8010,#8011,#8019,#8027,#8033));
#8007 = ORIENTED_EDGE('',*,*,#7581,.T.);
#8008 = ORIENTED_EDGE('',*,*,#7609,.T.);
#8009 = ORIENTED_EDGE('',*,*,#7673,.T.);
#8010 = ORIENTED_EDGE('',*,*,#7714,.T.);
#8011 = ORIENTED_EDGE('',*,*,#8012,.F.);
#8012 = EDGE_CURVE('',#8013,#7715,#8015,.T.);
#8013 = VERTEX_POINT('',#8014);
#8014 = CARTESIAN_POINT('',(0.8,-2.,1.8));
#8015 = LINE('',#8016,#8017);
#8016 = CARTESIAN_POINT('',(0.8,-2.,1.8));
#8017 = VECTOR('',#8018,1.);
#8018 = DIRECTION('',(-1.224646799147E-16,-1.,0.));
#8019 = ORIENTED_EDGE('',*,*,#8020,.F.);
#8020 = EDGE_CURVE('',#8021,#8013,#8023,.T.);
#8021 = VERTEX_POINT('',#8022);
#8022 = CARTESIAN_POINT('',(1.2,-2.,1.8));
#8023 = LINE('',#8024,#8025);
#8024 = CARTESIAN_POINT('',(1.2,-2.,1.8));
#8025 = VECTOR('',#8026,1.);
#8026 = DIRECTION('',(-1.,1.224646799147E-16,0.));
#8027 = ORIENTED_EDGE('',*,*,#8028,.F.);
#8028 = EDGE_CURVE('',#7739,#8021,#8029,.T.);
#8029 = LINE('',#8030,#8031);
#8030 = CARTESIAN_POINT('',(1.2,-2.3,1.8));
#8031 = VECTOR('',#8032,1.);
#8032 = DIRECTION('',(1.224646799147E-16,1.,0.));
#8033 = ORIENTED_EDGE('',*,*,#7746,.T.);
#8034 = FACE_BOUND('',#8035,.T.);
#8035 = EDGE_LOOP('',(#8036,#8046,#8054,#8062));
#8036 = ORIENTED_EDGE('',*,*,#8037,.T.);
#8037 = EDGE_CURVE('',#8038,#8040,#8042,.T.);
#8038 = VERTEX_POINT('',#8039);
#8039 = CARTESIAN_POINT('',(1.75,0.25,1.8));
#8040 = VERTEX_POINT('',#8041);
#8041 = CARTESIAN_POINT('',(2.25,0.25,1.8));
#8042 = LINE('',#8043,#8044);
#8043 = CARTESIAN_POINT('',(1.625,0.25,1.8));
#8044 = VECTOR('',#8045,1.);
#8045 = DIRECTION('',(1.,-1.224646799147E-16,0.));
#8046 = ORIENTED_EDGE('',*,*,#8047,.T.);
#8047 = EDGE_CURVE('',#8040,#8048,#8050,.T.);
#8048 = VERTEX_POINT('',#8049);
#8049 = CARTESIAN_POINT('',(2.25,-0.25,1.8));
#8050 = LINE('',#8051,#8052);
#8051 = CARTESIAN_POINT('',(2.25,-0.278366783637,1.8));
#8052 = VECTOR('',#8053,1.);
#8053 = DIRECTION('',(-1.224646799147E-16,-1.,0.));
#8054 = ORIENTED_EDGE('',*,*,#8055,.T.);
#8055 = EDGE_CURVE('',#8048,#8056,#8058,.T.);
#8056 = VERTEX_POINT('',#8057);
#8057 = CARTESIAN_POINT('',(1.75,-0.25,1.8));
#8058 = LINE('',#8059,#8060);
#8059 = CARTESIAN_POINT('',(1.625,-0.25,1.8));
#8060 = VECTOR('',#8061,1.);
#8061 = DIRECTION('',(-1.,1.224646799147E-16,0.));
#8062 = ORIENTED_EDGE('',*,*,#8063,.F.);
#8063 = EDGE_CURVE('',#8038,#8056,#8064,.T.);
#8064 = LINE('',#8065,#8066);
#8065 = CARTESIAN_POINT('',(1.75,-0.278366783637,1.8));
#8066 = VECTOR('',#8067,1.);
#8067 = DIRECTION('',(-1.224646799147E-16,-1.,0.));
#8068 = FACE_BOUND('',#8069,.T.);
#8069 = EDGE_LOOP('',(#8070,#8080,#8088,#8096));
#8070 = ORIENTED_EDGE('',*,*,#8071,.T.);
#8071 = EDGE_CURVE('',#8072,#8074,#8076,.T.);
#8072 = VERTEX_POINT('',#8073);
#8073 = CARTESIAN_POINT('',(-0.25,0.25,1.8));
#8074 = VERTEX_POINT('',#8075);
#8075 = CARTESIAN_POINT('',(0.25,0.25,1.8));
#8076 = LINE('',#8077,#8078);
#8077 = CARTESIAN_POINT('',(0.625,0.25,1.8));
#8078 = VECTOR('',#8079,1.);
#8079 = DIRECTION('',(1.,-1.224646799147E-16,0.));
#8080 = ORIENTED_EDGE('',*,*,#8081,.T.);
#8081 = EDGE_CURVE('',#8074,#8082,#8084,.T.);
#8082 = VERTEX_POINT('',#8083);
#8083 = CARTESIAN_POINT('',(0.25,-0.25,1.8));
#8084 = LINE('',#8085,#8086);
#8085 = CARTESIAN_POINT('',(0.25,-0.278366783637,1.8));
#8086 = VECTOR('',#8087,1.);
#8087 = DIRECTION('',(-1.224646799147E-16,-1.,0.));
#8088 = ORIENTED_EDGE('',*,*,#8089,.T.);
#8089 = EDGE_CURVE('',#8082,#8090,#8092,.T.);
#8090 = VERTEX_POINT('',#8091);
#8091 = CARTESIAN_POINT('',(-0.25,-0.25,1.8));
#8092 = LINE('',#8093,#8094);
#8093 = CARTESIAN_POINT('',(0.625,-0.25,1.8));
#8094 = VECTOR('',#8095,1.);
#8095 = DIRECTION('',(-1.,1.224646799147E-16,0.));
#8096 = ORIENTED_EDGE('',*,*,#8097,.F.);
#8097 = EDGE_CURVE('',#8072,#8090,#8098,.T.);
#8098 = LINE('',#8099,#8100);
#8099 = CARTESIAN_POINT('',(-0.25,-0.278366783637,1.8));
#8100 = VECTOR('',#8101,1.);
#8101 = DIRECTION('',(-1.224646799147E-16,-1.,0.));
#8102 = PLANE('',#8103);
#8103 = AXIS2_PLACEMENT_3D('',#8104,#8105,#8106);
#8104 = CARTESIAN_POINT('',(1.,-0.6,1.8));
#8105 = DIRECTION('',(0.,0.,1.));
#8106 = DIRECTION('',(-1.,1.224646799147E-16,0.));
#8107 = ADVANCED_FACE('',(#8108),#8126,.F.);
#8108 = FACE_BOUND('',#8109,.F.);
#8109 = EDGE_LOOP('',(#8110,#8111,#8119,#8125));
#8110 = ORIENTED_EDGE('',*,*,#7738,.T.);
#8111 = ORIENTED_EDGE('',*,*,#8112,.T.);
#8112 = EDGE_CURVE('',#7731,#8113,#8115,.T.);
#8113 = VERTEX_POINT('',#8114);
#8114 = CARTESIAN_POINT('',(1.2,-2.,3.7));
#8115 = LINE('',#8116,#8117);
#8116 = CARTESIAN_POINT('',(1.2,-2.3,3.7));
#8117 = VECTOR('',#8118,1.);
#8118 = DIRECTION('',(1.224646799147E-16,1.,0.));
#8119 = ORIENTED_EDGE('',*,*,#8120,.F.);
#8120 = EDGE_CURVE('',#8021,#8113,#8121,.T.);
#8121 = LINE('',#8122,#8123);
#8122 = CARTESIAN_POINT('',(1.2,-2.,1.8));
#8123 = VECTOR('',#8124,1.);
#8124 = DIRECTION('',(0.,0.,1.));
#8125 = ORIENTED_EDGE('',*,*,#8028,.F.);
#8126 = PLANE('',#8127);
#8127 = AXIS2_PLACEMENT_3D('',#8128,#8129,#8130);
#8128 = CARTESIAN_POINT('',(1.2,-2.3,1.8));
#8129 = DIRECTION('',(-1.,1.224646799147E-16,0.));
#8130 = DIRECTION('',(1.224646799147E-16,1.,0.));
#8131 = ADVANCED_FACE('',(#8132),#8150,.T.);
#8132 = FACE_BOUND('',#8133,.T.);
#8133 = EDGE_LOOP('',(#8134,#8142,#8148,#8149));
#8134 = ORIENTED_EDGE('',*,*,#8135,.T.);
#8135 = EDGE_CURVE('',#8113,#8136,#8138,.T.);
#8136 = VERTEX_POINT('',#8137);
#8137 = CARTESIAN_POINT('',(0.8,-2.,3.7));
#8138 = LINE('',#8139,#8140);
#8139 = CARTESIAN_POINT('',(1.2,-2.,3.7));
#8140 = VECTOR('',#8141,1.);
#8141 = DIRECTION('',(-1.,1.224646799147E-16,0.));
#8142 = ORIENTED_EDGE('',*,*,#8143,.T.);
#8143 = EDGE_CURVE('',#8136,#7723,#8144,.T.);
#8144 = LINE('',#8145,#8146);
#8145 = CARTESIAN_POINT('',(0.8,-2.,3.7));
#8146 = VECTOR('',#8147,1.);
#8147 = DIRECTION('',(-1.224646799147E-16,-1.,0.));
#8148 = ORIENTED_EDGE('',*,*,#7730,.T.);
#8149 = ORIENTED_EDGE('',*,*,#8112,.T.);
#8150 = PLANE('',#8151);
#8151 = AXIS2_PLACEMENT_3D('',#8152,#8153,#8154);
#8152 = CARTESIAN_POINT('',(1.,-2.15,3.7));
#8153 = DIRECTION('',(0.,0.,1.));
#8154 = DIRECTION('',(-1.,1.224646799147E-16,0.));
#8155 = ADVANCED_FACE('',(#8156),#8167,.F.);
#8156 = FACE_BOUND('',#8157,.F.);
#8157 = EDGE_LOOP('',(#8158,#8164,#8165,#8166));
#8158 = ORIENTED_EDGE('',*,*,#8159,.T.);
#8159 = EDGE_CURVE('',#8013,#8136,#8160,.T.);
#8160 = LINE('',#8161,#8162);
#8161 = CARTESIAN_POINT('',(0.8,-2.,1.8));
#8162 = VECTOR('',#8163,1.);
#8163 = DIRECTION('',(0.,0.,1.));
#8164 = ORIENTED_EDGE('',*,*,#8143,.T.);
#8165 = ORIENTED_EDGE('',*,*,#7722,.F.);
#8166 = ORIENTED_EDGE('',*,*,#8012,.F.);
#8167 = PLANE('',#8168);
#8168 = AXIS2_PLACEMENT_3D('',#8169,#8170,#8171);
#8169 = CARTESIAN_POINT('',(0.8,-2.,1.8));
#8170 = DIRECTION('',(1.,-1.224646799147E-16,0.));
#8171 = DIRECTION('',(-1.224646799147E-16,-1.,0.));
#8172 = ADVANCED_FACE('',(#8173),#8198,.F.);
#8173 = FACE_BOUND('',#8174,.F.);
#8174 = EDGE_LOOP('',(#8175,#8183,#8184,#8192));
#8175 = ORIENTED_EDGE('',*,*,#8176,.F.);
#8176 = EDGE_CURVE('',#7770,#8177,#8179,.T.);
#8177 = VERTEX_POINT('',#8178);
#8178 = CARTESIAN_POINT('',(0.25,0.25,-0.9));
#8179 = LINE('',#8180,#8181);
#8180 = CARTESIAN_POINT('',(0.25,0.25,5.));
#8181 = VECTOR('',#8182,1.);
#8182 = DIRECTION('',(-0.,0.,-1.));
#8183 = ORIENTED_EDGE('',*,*,#7767,.F.);
#8184 = ORIENTED_EDGE('',*,*,#8185,.T.);
#8185 = EDGE_CURVE('',#7768,#8186,#8188,.T.);
#8186 = VERTEX_POINT('',#8187);
#8187 = CARTESIAN_POINT('',(-0.25,0.25,-0.9));
#8188 = LINE('',#8189,#8190);
#8189 = CARTESIAN_POINT('',(-0.25,0.25,5.));
#8190 = VECTOR('',#8191,1.);
#8191 = DIRECTION('',(-0.,0.,-1.));
#8192 = ORIENTED_EDGE('',*,*,#8193,.F.);
#8193 = EDGE_CURVE('',#8177,#8186,#8194,.T.);
#8194 = LINE('',#8195,#8196);
#8195 = CARTESIAN_POINT('',(0.25,0.25,-0.9));
#8196 = VECTOR('',#8197,1.);
#8197 = DIRECTION('',(-1.,1.224646799147E-16,0.));
#8198 = PLANE('',#8199);
#8199 = AXIS2_PLACEMENT_3D('',#8200,#8201,#8202);
#8200 = CARTESIAN_POINT('',(0.25,0.25,5.));
#8201 = DIRECTION('',(-1.224646799147E-16,-1.,0.));
#8202 = DIRECTION('',(-0.,0.,-1.));
#8203 = ADVANCED_FACE('',(#8204),#8254,.T.);
#8204 = FACE_BOUND('',#8205,.T.);
#8205 = EDGE_LOOP('',(#8206,#8216,#8224,#8232,#8238,#8239,#8240,#8248));
#8206 = ORIENTED_EDGE('',*,*,#8207,.T.);
#8207 = EDGE_CURVE('',#8208,#8210,#8212,.T.);
#8208 = VERTEX_POINT('',#8209);
#8209 = CARTESIAN_POINT('',(-0.25,0.281578947368,-3.2));
#8210 = VERTEX_POINT('',#8211);
#8211 = CARTESIAN_POINT('',(-0.25,-0.218421052632,-3.2));
#8212 = LINE('',#8213,#8214);
#8213 = CARTESIAN_POINT('',(-0.25,0.25,-3.2));
#8214 = VECTOR('',#8215,1.);
#8215 = DIRECTION('',(-1.224646799147E-16,-1.,0.));
#8216 = ORIENTED_EDGE('',*,*,#8217,.T.);
#8217 = EDGE_CURVE('',#8210,#8218,#8220,.T.);
#8218 = VERTEX_POINT('',#8219);
#8219 = CARTESIAN_POINT('',(-0.25,5.E-02,-1.5));
#8220 = LINE('',#8221,#8222);
#8221 = CARTESIAN_POINT('',(-0.25,-0.25,-3.4));
#8222 = VECTOR('',#8223,1.);
#8223 = DIRECTION('',(1.909990663905E-17,0.155962573473,0.987762965329)
  );
#8224 = ORIENTED_EDGE('',*,*,#8225,.T.);
#8225 = EDGE_CURVE('',#8218,#8226,#8228,.T.);
#8226 = VERTEX_POINT('',#8227);
#8227 = CARTESIAN_POINT('',(-0.25,-0.25,-0.9));
#8228 = LINE('',#8229,#8230);
#8229 = CARTESIAN_POINT('',(-0.25,5.E-02,-1.5));
#8230 = VECTOR('',#8231,1.);
#8231 = DIRECTION('',(-5.476786982641E-17,-0.4472135955,0.894427191));
#8232 = ORIENTED_EDGE('',*,*,#8233,.T.);
#8233 = EDGE_CURVE('',#8226,#7786,#8234,.T.);
#8234 = LINE('',#8235,#8236);
#8235 = CARTESIAN_POINT('',(-0.25,-0.25,-0.9));
#8236 = VECTOR('',#8237,1.);
#8237 = DIRECTION('',(0.,0.,1.));
#8238 = ORIENTED_EDGE('',*,*,#7793,.F.);
#8239 = ORIENTED_EDGE('',*,*,#8185,.T.);
#8240 = ORIENTED_EDGE('',*,*,#8241,.T.);
#8241 = EDGE_CURVE('',#8186,#8242,#8244,.T.);
#8242 = VERTEX_POINT('',#8243);
#8243 = CARTESIAN_POINT('',(-0.25,0.55,-1.5));
#8244 = LINE('',#8245,#8246);
#8245 = CARTESIAN_POINT('',(-0.25,0.25,-0.9));
#8246 = VECTOR('',#8247,1.);
#8247 = DIRECTION('',(5.476786982641E-17,0.4472135955,-0.894427191));
#8248 = ORIENTED_EDGE('',*,*,#8249,.T.);
#8249 = EDGE_CURVE('',#8242,#8208,#8250,.T.);
#8250 = LINE('',#8251,#8252);
#8251 = CARTESIAN_POINT('',(-0.25,0.55,-1.5));
#8252 = VECTOR('',#8253,1.);
#8253 = DIRECTION('',(-1.909990663905E-17,-0.155962573473,
    -0.987762965329));
#8254 = PLANE('',#8255);
#8255 = AXIS2_PLACEMENT_3D('',#8256,#8257,#8258);
#8256 = CARTESIAN_POINT('',(-0.25,4.326643272645E-02,0.775746953017));
#8257 = DIRECTION('',(-1.,1.224646799147E-16,0.));
#8258 = DIRECTION('',(0.,0.,1.));
#8259 = ADVANCED_FACE('',(#8260),#8278,.F.);
#8260 = FACE_BOUND('',#8261,.F.);
#8261 = EDGE_LOOP('',(#8262,#8270,#8276,#8277));
#8262 = ORIENTED_EDGE('',*,*,#8263,.F.);
#8263 = EDGE_CURVE('',#8264,#7778,#8266,.T.);
#8264 = VERTEX_POINT('',#8265);
#8265 = CARTESIAN_POINT('',(0.25,-0.25,-0.9));
#8266 = LINE('',#8267,#8268);
#8267 = CARTESIAN_POINT('',(0.25,-0.25,-0.9));
#8268 = VECTOR('',#8269,1.);
#8269 = DIRECTION('',(0.,0.,1.));
#8270 = ORIENTED_EDGE('',*,*,#8271,.T.);
#8271 = EDGE_CURVE('',#8264,#8226,#8272,.T.);
#8272 = LINE('',#8273,#8274);
#8273 = CARTESIAN_POINT('',(0.25,-0.25,-0.9));
#8274 = VECTOR('',#8275,1.);
#8275 = DIRECTION('',(-1.,1.224646799147E-16,0.));
#8276 = ORIENTED_EDGE('',*,*,#8233,.T.);
#8277 = ORIENTED_EDGE('',*,*,#7785,.F.);
#8278 = PLANE('',#8279);
#8279 = AXIS2_PLACEMENT_3D('',#8280,#8281,#8282);
#8280 = CARTESIAN_POINT('',(0.25,-0.25,-0.9));
#8281 = DIRECTION('',(1.224646799147E-16,1.,0.));
#8282 = DIRECTION('',(0.,-0.,1.));
#8283 = ADVANCED_FACE('',(#8284),#8327,.F.);
#8284 = FACE_BOUND('',#8285,.F.);
#8285 = EDGE_LOOP('',(#8286,#8296,#8304,#8310,#8311,#8312,#8313,#8321));
#8286 = ORIENTED_EDGE('',*,*,#8287,.T.);
#8287 = EDGE_CURVE('',#8288,#8290,#8292,.T.);
#8288 = VERTEX_POINT('',#8289);
#8289 = CARTESIAN_POINT('',(0.25,0.281578947368,-3.2));
#8290 = VERTEX_POINT('',#8291);
#8291 = CARTESIAN_POINT('',(0.25,-0.218421052632,-3.2));
#8292 = LINE('',#8293,#8294);
#8293 = CARTESIAN_POINT('',(0.25,0.25,-3.2));
#8294 = VECTOR('',#8295,1.);
#8295 = DIRECTION('',(-1.224646799147E-16,-1.,0.));
#8296 = ORIENTED_EDGE('',*,*,#8297,.T.);
#8297 = EDGE_CURVE('',#8290,#8298,#8300,.T.);
#8298 = VERTEX_POINT('',#8299);
#8299 = CARTESIAN_POINT('',(0.25,5.E-02,-1.5));
#8300 = LINE('',#8301,#8302);
#8301 = CARTESIAN_POINT('',(0.25,-0.25,-3.4));
#8302 = VECTOR('',#8303,1.);
#8303 = DIRECTION('',(1.909990663905E-17,0.155962573473,0.987762965329)
  );
#8304 = ORIENTED_EDGE('',*,*,#8305,.T.);
#8305 = EDGE_CURVE('',#8298,#8264,#8306,.T.);
#8306 = LINE('',#8307,#8308);
#8307 = CARTESIAN_POINT('',(0.25,5.E-02,-1.5));
#8308 = VECTOR('',#8309,1.);
#8309 = DIRECTION('',(-5.476786982641E-17,-0.4472135955,0.894427191));
#8310 = ORIENTED_EDGE('',*,*,#8263,.T.);
#8311 = ORIENTED_EDGE('',*,*,#7777,.F.);
#8312 = ORIENTED_EDGE('',*,*,#8176,.T.);
#8313 = ORIENTED_EDGE('',*,*,#8314,.T.);
#8314 = EDGE_CURVE('',#8177,#8315,#8317,.T.);
#8315 = VERTEX_POINT('',#8316);
#8316 = CARTESIAN_POINT('',(0.25,0.55,-1.5));
#8317 = LINE('',#8318,#8319);
#8318 = CARTESIAN_POINT('',(0.25,0.25,-0.9));
#8319 = VECTOR('',#8320,1.);
#8320 = DIRECTION('',(5.476786982641E-17,0.4472135955,-0.894427191));
#8321 = ORIENTED_EDGE('',*,*,#8322,.T.);
#8322 = EDGE_CURVE('',#8315,#8288,#8323,.T.);
#8323 = LINE('',#8324,#8325);
#8324 = CARTESIAN_POINT('',(0.25,0.55,-1.5));
#8325 = VECTOR('',#8326,1.);
#8326 = DIRECTION('',(-1.909990663905E-17,-0.155962573473,
    -0.987762965329));
#8327 = PLANE('',#8328);
#8328 = AXIS2_PLACEMENT_3D('',#8329,#8330,#8331);
#8329 = CARTESIAN_POINT('',(0.25,4.326643272645E-02,0.775746953017));
#8330 = DIRECTION('',(-1.,1.224646799147E-16,0.));
#8331 = DIRECTION('',(0.,0.,1.));
#8332 = ADVANCED_FACE('',(#8333),#8344,.F.);
#8333 = FACE_BOUND('',#8334,.F.);
#8334 = EDGE_LOOP('',(#8335,#8336,#8337,#8343));
#8335 = ORIENTED_EDGE('',*,*,#7853,.T.);
#8336 = ORIENTED_EDGE('',*,*,#7901,.T.);
#8337 = ORIENTED_EDGE('',*,*,#8338,.F.);
#8338 = EDGE_CURVE('',#7975,#7902,#8339,.T.);
#8339 = LINE('',#8340,#8341);
#8340 = CARTESIAN_POINT('',(2.25,0.55,-1.5));
#8341 = VECTOR('',#8342,1.);
#8342 = DIRECTION('',(-1.,1.224646799147E-16,0.));
#8343 = ORIENTED_EDGE('',*,*,#7974,.F.);
#8344 = PLANE('',#8345);
#8345 = AXIS2_PLACEMENT_3D('',#8346,#8347,#8348);
#8346 = CARTESIAN_POINT('',(2.25,0.25,-0.9));
#8347 = DIRECTION('',(-1.095357396528E-16,-0.894427191,-0.4472135955));
#8348 = DIRECTION('',(5.476786982641E-17,0.4472135955,-0.894427191));
#8349 = ADVANCED_FACE('',(#8350),#8391,.F.);
#8350 = FACE_BOUND('',#8351,.T.);
#8351 = EDGE_LOOP('',(#8352,#8362,#8368,#8369,#8377,#8385));
#8352 = ORIENTED_EDGE('',*,*,#8353,.T.);
#8353 = EDGE_CURVE('',#8354,#8356,#8358,.T.);
#8354 = VERTEX_POINT('',#8355);
#8355 = CARTESIAN_POINT('',(1.95,-5.E-02,-3.4));
#8356 = VERTEX_POINT('',#8357);
#8357 = CARTESIAN_POINT('',(1.752447406934,-0.218807485305,
    -3.202447406934));
#8358 = LINE('',#8359,#8360);
#8359 = CARTESIAN_POINT('',(1.983963101414,-2.097873708559E-02,
    -3.433963101414));
#8360 = VECTOR('',#8361,1.);
#8361 = DIRECTION('',(-0.605209817607,-0.517148096144,0.605209817607));
#8362 = ORIENTED_EDGE('',*,*,#8363,.T.);
#8363 = EDGE_CURVE('',#8356,#7870,#8364,.T.);
#8364 = LINE('',#8365,#8366);
#8365 = CARTESIAN_POINT('',(1.955198358413,-0.250820793434,
    -3.405198358413));
#8366 = VECTOR('',#8367,1.);
#8367 = DIRECTION('',(-0.702740385383,0.110959008218,0.702740385383));
#8368 = ORIENTED_EDGE('',*,*,#7867,.F.);
#8369 = ORIENTED_EDGE('',*,*,#8370,.F.);
#8370 = EDGE_CURVE('',#8371,#7868,#8373,.T.);
#8371 = VERTEX_POINT('',#8372);
#8372 = CARTESIAN_POINT('',(1.752447406934,0.281192514695,
    -3.202447406934));
#8373 = LINE('',#8374,#8375);
#8374 = CARTESIAN_POINT('',(1.493844049248,0.322024623803,
    -2.943844049248));
#8375 = VECTOR('',#8376,1.);
#8376 = DIRECTION('',(-0.702740385383,0.110959008218,0.702740385383));
#8377 = ORIENTED_EDGE('',*,*,#8378,.F.);
#8378 = EDGE_CURVE('',#8379,#8371,#8381,.T.);
#8379 = VERTEX_POINT('',#8380);
#8380 = CARTESIAN_POINT('',(1.95,5.E-02,-3.4));
#8381 = LINE('',#8382,#8383);
#8382 = CARTESIAN_POINT('',(1.895376695718,0.113924744707,
    -3.345376695718));
#8383 = VECTOR('',#8384,1.);
#8384 = DIRECTION('',(-0.544770019249,0.63753529491,0.544770019249));
#8385 = ORIENTED_EDGE('',*,*,#8386,.T.);
#8386 = EDGE_CURVE('',#8379,#8354,#8387,.T.);
#8387 = LINE('',#8388,#8389);
#8388 = CARTESIAN_POINT('',(1.95,0.25,-3.4));
#8389 = VECTOR('',#8390,1.);
#8390 = DIRECTION('',(-1.224646799147E-16,-1.,0.));
#8391 = PLANE('',#8392);
#8392 = AXIS2_PLACEMENT_3D('',#8393,#8394,#8395);
#8393 = CARTESIAN_POINT('',(1.85,0.25,-3.3));
#8394 = DIRECTION('',(0.707106781187,-8.833102285013E-17,0.707106781187)
  );
#8395 = DIRECTION('',(1.236918052038E-16,1.,1.227125289097E-18));
#8396 = ADVANCED_FACE('',(#8397),#8417,.F.);
#8397 = FACE_BOUND('',#8398,.F.);
#8398 = EDGE_LOOP('',(#8399,#8400,#8401,#8402,#8403,#8411));
#8399 = ORIENTED_EDGE('',*,*,#7982,.F.);
#8400 = ORIENTED_EDGE('',*,*,#8338,.T.);
#8401 = ORIENTED_EDGE('',*,*,#7909,.T.);
#8402 = ORIENTED_EDGE('',*,*,#8370,.F.);
#8403 = ORIENTED_EDGE('',*,*,#8404,.F.);
#8404 = EDGE_CURVE('',#8405,#8371,#8407,.T.);
#8405 = VERTEX_POINT('',#8406);
#8406 = CARTESIAN_POINT('',(2.247552593066,0.281192514695,
    -3.202447406934));
#8407 = LINE('',#8408,#8409);
#8408 = CARTESIAN_POINT('',(2.25,0.281192514695,-3.202447406934));
#8409 = VECTOR('',#8410,1.);
#8410 = DIRECTION('',(-1.,1.224646799147E-16,0.));
#8411 = ORIENTED_EDGE('',*,*,#8412,.T.);
#8412 = EDGE_CURVE('',#8405,#7948,#8413,.T.);
#8413 = LINE('',#8414,#8415);
#8414 = CARTESIAN_POINT('',(2.629616963064,0.341518467852,
    -2.820383036936));
#8415 = VECTOR('',#8416,1.);
#8416 = DIRECTION('',(0.702740385383,0.110959008218,0.702740385383));
#8417 = PLANE('',#8418);
#8418 = AXIS2_PLACEMENT_3D('',#8419,#8420,#8421);
#8419 = CARTESIAN_POINT('',(2.25,0.55,-1.5));
#8420 = DIRECTION('',(-1.209660753807E-16,-0.987762965329,0.155962573473
    ));
#8421 = DIRECTION('',(-1.909990663905E-17,-0.155962573473,
    -0.987762965329));
#8422 = ADVANCED_FACE('',(#8423),#8434,.F.);
#8423 = FACE_BOUND('',#8424,.F.);
#8424 = EDGE_LOOP('',(#8425,#8431,#8432,#8433));
#8425 = ORIENTED_EDGE('',*,*,#8426,.T.);
#8426 = EDGE_CURVE('',#7958,#7878,#8427,.T.);
#8427 = LINE('',#8428,#8429);
#8428 = CARTESIAN_POINT('',(2.25,5.E-02,-1.5));
#8429 = VECTOR('',#8430,1.);
#8430 = DIRECTION('',(-1.,1.224646799147E-16,0.));
#8431 = ORIENTED_EDGE('',*,*,#7885,.T.);
#8432 = ORIENTED_EDGE('',*,*,#7931,.F.);
#8433 = ORIENTED_EDGE('',*,*,#7965,.F.);
#8434 = PLANE('',#8435);
#8435 = AXIS2_PLACEMENT_3D('',#8436,#8437,#8438);
#8436 = CARTESIAN_POINT('',(2.25,5.E-02,-1.5));
#8437 = DIRECTION('',(1.095357396528E-16,0.894427191,0.4472135955));
#8438 = DIRECTION('',(-5.476786982641E-17,-0.4472135955,0.894427191));
#8439 = ADVANCED_FACE('',(#8440),#8460,.F.);
#8440 = FACE_BOUND('',#8441,.F.);
#8441 = EDGE_LOOP('',(#8442,#8443,#8451,#8457,#8458,#8459));
#8442 = ORIENTED_EDGE('',*,*,#7957,.F.);
#8443 = ORIENTED_EDGE('',*,*,#8444,.F.);
#8444 = EDGE_CURVE('',#8445,#7950,#8447,.T.);
#8445 = VERTEX_POINT('',#8446);
#8446 = CARTESIAN_POINT('',(2.247552593066,-0.218807485305,
    -3.202447406934));
#8447 = LINE('',#8448,#8449);
#8448 = CARTESIAN_POINT('',(2.168262653899,-0.231326949384,
    -3.281737346101));
#8449 = VECTOR('',#8450,1.);
#8450 = DIRECTION('',(0.702740385383,0.110959008218,0.702740385383));
#8451 = ORIENTED_EDGE('',*,*,#8452,.T.);
#8452 = EDGE_CURVE('',#8445,#8356,#8453,.T.);
#8453 = LINE('',#8454,#8455);
#8454 = CARTESIAN_POINT('',(2.25,-0.218807485305,-3.202447406934));
#8455 = VECTOR('',#8456,1.);
#8456 = DIRECTION('',(-1.,1.224646799147E-16,0.));
#8457 = ORIENTED_EDGE('',*,*,#8363,.T.);
#8458 = ORIENTED_EDGE('',*,*,#7877,.T.);
#8459 = ORIENTED_EDGE('',*,*,#8426,.F.);
#8460 = PLANE('',#8461);
#8461 = AXIS2_PLACEMENT_3D('',#8462,#8463,#8464);
#8462 = CARTESIAN_POINT('',(2.25,-0.25,-3.4));
#8463 = DIRECTION('',(1.209660753807E-16,0.987762965329,-0.155962573473)
  );
#8464 = DIRECTION('',(1.909990663905E-17,0.155962573473,0.987762965329)
  );
#8465 = ADVANCED_FACE('',(#8466),#8493,.T.);
#8466 = FACE_BOUND('',#8467,.F.);
#8467 = EDGE_LOOP('',(#8468,#8476,#8477,#8478,#8479,#8487));
#8468 = ORIENTED_EDGE('',*,*,#8469,.T.);
#8469 = EDGE_CURVE('',#8470,#8445,#8472,.T.);
#8470 = VERTEX_POINT('',#8471);
#8471 = CARTESIAN_POINT('',(2.05,-5.E-02,-3.4));
#8472 = LINE('',#8473,#8474);
#8473 = CARTESIAN_POINT('',(2.107606629418,-9.922451332131E-02,
    -3.342393370582));
#8474 = VECTOR('',#8475,1.);
#8475 = DIRECTION('',(0.605209817607,-0.517148096144,0.605209817607));
#8476 = ORIENTED_EDGE('',*,*,#8444,.T.);
#8477 = ORIENTED_EDGE('',*,*,#7947,.F.);
#8478 = ORIENTED_EDGE('',*,*,#8412,.F.);
#8479 = ORIENTED_EDGE('',*,*,#8480,.F.);
#8480 = EDGE_CURVE('',#8481,#8405,#8483,.T.);
#8481 = VERTEX_POINT('',#8482);
#8482 = CARTESIAN_POINT('',(2.05,5.E-02,-3.4));
#8483 = LINE('',#8484,#8485);
#8484 = CARTESIAN_POINT('',(2.17881689775,0.200752273427,-3.27118310225)
  );
#8485 = VECTOR('',#8486,1.);
#8486 = DIRECTION('',(0.544770019249,0.63753529491,0.544770019249));
#8487 = ORIENTED_EDGE('',*,*,#8488,.T.);
#8488 = EDGE_CURVE('',#8481,#8470,#8489,.T.);
#8489 = LINE('',#8490,#8491);
#8490 = CARTESIAN_POINT('',(2.05,0.25,-3.4));
#8491 = VECTOR('',#8492,1.);
#8492 = DIRECTION('',(-1.224646799147E-16,-1.,0.));
#8493 = PLANE('',#8494);
#8494 = AXIS2_PLACEMENT_3D('',#8495,#8496,#8497);
#8495 = CARTESIAN_POINT('',(2.15,0.25,-3.3));
#8496 = DIRECTION('',(0.707106781187,-8.486018839685E-17,-0.707106781187
    ));
#8497 = DIRECTION('',(1.212375546256E-16,1.,1.227125289196E-18));
#8498 = ADVANCED_FACE('',(#8499),#8505,.F.);
#8499 = FACE_BOUND('',#8500,.F.);
#8500 = EDGE_LOOP('',(#8501,#8502,#8503,#8504));
#8501 = ORIENTED_EDGE('',*,*,#8120,.T.);
#8502 = ORIENTED_EDGE('',*,*,#8135,.T.);
#8503 = ORIENTED_EDGE('',*,*,#8159,.F.);
#8504 = ORIENTED_EDGE('',*,*,#8020,.F.);
#8505 = PLANE('',#8506);
#8506 = AXIS2_PLACEMENT_3D('',#8507,#8508,#8509);
#8507 = CARTESIAN_POINT('',(1.2,-2.,1.8));
#8508 = DIRECTION('',(-1.224646799147E-16,-1.,0.));
#8509 = DIRECTION('',(-1.,1.224646799147E-16,0.));
#8510 = ADVANCED_FACE('',(#8511),#8536,.F.);
#8511 = FACE_BOUND('',#8512,.F.);
#8512 = EDGE_LOOP('',(#8513,#8521,#8529,#8535));
#8513 = ORIENTED_EDGE('',*,*,#8514,.F.);
#8514 = EDGE_CURVE('',#8515,#8040,#8517,.T.);
#8515 = VERTEX_POINT('',#8516);
#8516 = CARTESIAN_POINT('',(2.25,0.25,4.8));
#8517 = LINE('',#8518,#8519);
#8518 = CARTESIAN_POINT('',(2.25,0.25,5.));
#8519 = VECTOR('',#8520,1.);
#8520 = DIRECTION('',(-0.,0.,-1.));
#8521 = ORIENTED_EDGE('',*,*,#8522,.T.);
#8522 = EDGE_CURVE('',#8515,#8523,#8525,.T.);
#8523 = VERTEX_POINT('',#8524);
#8524 = CARTESIAN_POINT('',(1.75,0.25,4.8));
#8525 = LINE('',#8526,#8527);
#8526 = CARTESIAN_POINT('',(2.25,0.25,4.8));
#8527 = VECTOR('',#8528,1.);
#8528 = DIRECTION('',(-1.,1.224646799147E-16,0.));
#8529 = ORIENTED_EDGE('',*,*,#8530,.T.);
#8530 = EDGE_CURVE('',#8523,#8038,#8531,.T.);
#8531 = LINE('',#8532,#8533);
#8532 = CARTESIAN_POINT('',(1.75,0.25,5.));
#8533 = VECTOR('',#8534,1.);
#8534 = DIRECTION('',(-0.,0.,-1.));
#8535 = ORIENTED_EDGE('',*,*,#8037,.T.);
#8536 = PLANE('',#8537);
#8537 = AXIS2_PLACEMENT_3D('',#8538,#8539,#8540);
#8538 = CARTESIAN_POINT('',(2.25,0.25,5.));
#8539 = DIRECTION('',(-1.224646799147E-16,-1.,0.));
#8540 = DIRECTION('',(-0.,0.,-1.));
#8541 = ADVANCED_FACE('',(#8542),#8560,.T.);
#8542 = FACE_BOUND('',#8543,.T.);
#8543 = EDGE_LOOP('',(#8544,#8545,#8553,#8559));
#8544 = ORIENTED_EDGE('',*,*,#8063,.T.);
#8545 = ORIENTED_EDGE('',*,*,#8546,.T.);
#8546 = EDGE_CURVE('',#8056,#8547,#8549,.T.);
#8547 = VERTEX_POINT('',#8548);
#8548 = CARTESIAN_POINT('',(1.75,-0.25,4.8));
#8549 = LINE('',#8550,#8551);
#8550 = CARTESIAN_POINT('',(1.75,-0.25,-0.9));
#8551 = VECTOR('',#8552,1.);
#8552 = DIRECTION('',(0.,0.,1.));
#8553 = ORIENTED_EDGE('',*,*,#8554,.T.);
#8554 = EDGE_CURVE('',#8547,#8523,#8555,.T.);
#8555 = LINE('',#8556,#8557);
#8556 = CARTESIAN_POINT('',(1.75,-0.25,4.8));
#8557 = VECTOR('',#8558,1.);
#8558 = DIRECTION('',(1.224646799147E-16,1.,0.));
#8559 = ORIENTED_EDGE('',*,*,#8530,.T.);
#8560 = PLANE('',#8561);
#8561 = AXIS2_PLACEMENT_3D('',#8562,#8563,#8564);
#8562 = CARTESIAN_POINT('',(1.75,4.326643272645E-02,0.775746953017));
#8563 = DIRECTION('',(-1.,1.224646799147E-16,0.));
#8564 = DIRECTION('',(0.,0.,1.));
#8565 = ADVANCED_FACE('',(#8566),#8584,.F.);
#8566 = FACE_BOUND('',#8567,.F.);
#8567 = EDGE_LOOP('',(#8568,#8576,#8577,#8578));
#8568 = ORIENTED_EDGE('',*,*,#8569,.F.);
#8569 = EDGE_CURVE('',#8048,#8570,#8572,.T.);
#8570 = VERTEX_POINT('',#8571);
#8571 = CARTESIAN_POINT('',(2.25,-0.25,4.8));
#8572 = LINE('',#8573,#8574);
#8573 = CARTESIAN_POINT('',(2.25,-0.25,-0.9));
#8574 = VECTOR('',#8575,1.);
#8575 = DIRECTION('',(0.,0.,1.));
#8576 = ORIENTED_EDGE('',*,*,#8055,.T.);
#8577 = ORIENTED_EDGE('',*,*,#8546,.T.);
#8578 = ORIENTED_EDGE('',*,*,#8579,.F.);
#8579 = EDGE_CURVE('',#8570,#8547,#8580,.T.);
#8580 = LINE('',#8581,#8582);
#8581 = CARTESIAN_POINT('',(2.25,-0.25,4.8));
#8582 = VECTOR('',#8583,1.);
#8583 = DIRECTION('',(-1.,1.224646799147E-16,0.));
#8584 = PLANE('',#8585);
#8585 = AXIS2_PLACEMENT_3D('',#8586,#8587,#8588);
#8586 = CARTESIAN_POINT('',(2.25,-0.25,-0.9));
#8587 = DIRECTION('',(1.224646799147E-16,1.,0.));
#8588 = DIRECTION('',(0.,-0.,1.));
#8589 = ADVANCED_FACE('',(#8590),#8601,.F.);
#8590 = FACE_BOUND('',#8591,.F.);
#8591 = EDGE_LOOP('',(#8592,#8593,#8594,#8600));
#8592 = ORIENTED_EDGE('',*,*,#8047,.T.);
#8593 = ORIENTED_EDGE('',*,*,#8569,.T.);
#8594 = ORIENTED_EDGE('',*,*,#8595,.T.);
#8595 = EDGE_CURVE('',#8570,#8515,#8596,.T.);
#8596 = LINE('',#8597,#8598);
#8597 = CARTESIAN_POINT('',(2.25,-0.25,4.8));
#8598 = VECTOR('',#8599,1.);
#8599 = DIRECTION('',(1.224646799147E-16,1.,0.));
#8600 = ORIENTED_EDGE('',*,*,#8514,.T.);
#8601 = PLANE('',#8602);
#8602 = AXIS2_PLACEMENT_3D('',#8603,#8604,#8605);
#8603 = CARTESIAN_POINT('',(2.25,4.326643272645E-02,0.775746953017));
#8604 = DIRECTION('',(-1.,1.224646799147E-16,0.));
#8605 = DIRECTION('',(0.,0.,1.));
#8606 = ADVANCED_FACE('',(#8607),#8632,.F.);
#8607 = FACE_BOUND('',#8608,.F.);
#8608 = EDGE_LOOP('',(#8609,#8617,#8625,#8631));
#8609 = ORIENTED_EDGE('',*,*,#8610,.F.);
#8610 = EDGE_CURVE('',#8611,#8074,#8613,.T.);
#8611 = VERTEX_POINT('',#8612);
#8612 = CARTESIAN_POINT('',(0.25,0.25,4.8));
#8613 = LINE('',#8614,#8615);
#8614 = CARTESIAN_POINT('',(0.25,0.25,5.));
#8615 = VECTOR('',#8616,1.);
#8616 = DIRECTION('',(-0.,0.,-1.));
#8617 = ORIENTED_EDGE('',*,*,#8618,.T.);
#8618 = EDGE_CURVE('',#8611,#8619,#8621,.T.);
#8619 = VERTEX_POINT('',#8620);
#8620 = CARTESIAN_POINT('',(-0.25,0.25,4.8));
#8621 = LINE('',#8622,#8623);
#8622 = CARTESIAN_POINT('',(0.25,0.25,4.8));
#8623 = VECTOR('',#8624,1.);
#8624 = DIRECTION('',(-1.,1.224646799147E-16,0.));
#8625 = ORIENTED_EDGE('',*,*,#8626,.T.);
#8626 = EDGE_CURVE('',#8619,#8072,#8627,.T.);
#8627 = LINE('',#8628,#8629);
#8628 = CARTESIAN_POINT('',(-0.25,0.25,5.));
#8629 = VECTOR('',#8630,1.);
#8630 = DIRECTION('',(-0.,0.,-1.));
#8631 = ORIENTED_EDGE('',*,*,#8071,.T.);
#8632 = PLANE('',#8633);
#8633 = AXIS2_PLACEMENT_3D('',#8634,#8635,#8636);
#8634 = CARTESIAN_POINT('',(0.25,0.25,5.));
#8635 = DIRECTION('',(-1.224646799147E-16,-1.,0.));
#8636 = DIRECTION('',(-0.,0.,-1.));
#8637 = ADVANCED_FACE('',(#8638),#8656,.T.);
#8638 = FACE_BOUND('',#8639,.T.);
#8639 = EDGE_LOOP('',(#8640,#8641,#8649,#8655));
#8640 = ORIENTED_EDGE('',*,*,#8097,.T.);
#8641 = ORIENTED_EDGE('',*,*,#8642,.T.);
#8642 = EDGE_CURVE('',#8090,#8643,#8645,.T.);
#8643 = VERTEX_POINT('',#8644);
#8644 = CARTESIAN_POINT('',(-0.25,-0.25,4.8));
#8645 = LINE('',#8646,#8647);
#8646 = CARTESIAN_POINT('',(-0.25,-0.25,-0.9));
#8647 = VECTOR('',#8648,1.);
#8648 = DIRECTION('',(0.,0.,1.));
#8649 = ORIENTED_EDGE('',*,*,#8650,.T.);
#8650 = EDGE_CURVE('',#8643,#8619,#8651,.T.);
#8651 = LINE('',#8652,#8653);
#8652 = CARTESIAN_POINT('',(-0.25,-0.25,4.8));
#8653 = VECTOR('',#8654,1.);
#8654 = DIRECTION('',(1.224646799147E-16,1.,0.));
#8655 = ORIENTED_EDGE('',*,*,#8626,.T.);
#8656 = PLANE('',#8657);
#8657 = AXIS2_PLACEMENT_3D('',#8658,#8659,#8660);
#8658 = CARTESIAN_POINT('',(-0.25,4.326643272645E-02,0.775746953017));
#8659 = DIRECTION('',(-1.,1.224646799147E-16,0.));
#8660 = DIRECTION('',(0.,0.,1.));
#8661 = ADVANCED_FACE('',(#8662),#8680,.F.);
#8662 = FACE_BOUND('',#8663,.F.);
#8663 = EDGE_LOOP('',(#8664,#8672,#8673,#8674));
#8664 = ORIENTED_EDGE('',*,*,#8665,.F.);
#8665 = EDGE_CURVE('',#8082,#8666,#8668,.T.);
#8666 = VERTEX_POINT('',#8667);
#8667 = CARTESIAN_POINT('',(0.25,-0.25,4.8));
#8668 = LINE('',#8669,#8670);
#8669 = CARTESIAN_POINT('',(0.25,-0.25,-0.9));
#8670 = VECTOR('',#8671,1.);
#8671 = DIRECTION('',(0.,0.,1.));
#8672 = ORIENTED_EDGE('',*,*,#8089,.T.);
#8673 = ORIENTED_EDGE('',*,*,#8642,.T.);
#8674 = ORIENTED_EDGE('',*,*,#8675,.F.);
#8675 = EDGE_CURVE('',#8666,#8643,#8676,.T.);
#8676 = LINE('',#8677,#8678);
#8677 = CARTESIAN_POINT('',(0.25,-0.25,4.8));
#8678 = VECTOR('',#8679,1.);
#8679 = DIRECTION('',(-1.,1.224646799147E-16,0.));
#8680 = PLANE('',#8681);
#8681 = AXIS2_PLACEMENT_3D('',#8682,#8683,#8684);
#8682 = CARTESIAN_POINT('',(0.25,-0.25,-0.9));
#8683 = DIRECTION('',(1.224646799147E-16,1.,0.));
#8684 = DIRECTION('',(0.,-0.,1.));
#8685 = ADVANCED_FACE('',(#8686),#8697,.F.);
#8686 = FACE_BOUND('',#8687,.F.);
#8687 = EDGE_LOOP('',(#8688,#8689,#8690,#8696));
#8688 = ORIENTED_EDGE('',*,*,#8081,.T.);
#8689 = ORIENTED_EDGE('',*,*,#8665,.T.);
#8690 = ORIENTED_EDGE('',*,*,#8691,.T.);
#8691 = EDGE_CURVE('',#8666,#8611,#8692,.T.);
#8692 = LINE('',#8693,#8694);
#8693 = CARTESIAN_POINT('',(0.25,-0.25,4.8));
#8694 = VECTOR('',#8695,1.);
#8695 = DIRECTION('',(1.224646799147E-16,1.,0.));
#8696 = ORIENTED_EDGE('',*,*,#8610,.T.);
#8697 = PLANE('',#8698);
#8698 = AXIS2_PLACEMENT_3D('',#8699,#8700,#8701);
#8699 = CARTESIAN_POINT('',(0.25,4.326643272645E-02,0.775746953017));
#8700 = DIRECTION('',(-1.,1.224646799147E-16,0.));
#8701 = DIRECTION('',(0.,0.,1.));
#8702 = ADVANCED_FACE('',(#8703),#8714,.F.);
#8703 = FACE_BOUND('',#8704,.F.);
#8704 = EDGE_LOOP('',(#8705,#8706,#8707,#8713));
#8705 = ORIENTED_EDGE('',*,*,#8193,.T.);
#8706 = ORIENTED_EDGE('',*,*,#8241,.T.);
#8707 = ORIENTED_EDGE('',*,*,#8708,.F.);
#8708 = EDGE_CURVE('',#8315,#8242,#8709,.T.);
#8709 = LINE('',#8710,#8711);
#8710 = CARTESIAN_POINT('',(0.25,0.55,-1.5));
#8711 = VECTOR('',#8712,1.);
#8712 = DIRECTION('',(-1.,1.224646799147E-16,0.));
#8713 = ORIENTED_EDGE('',*,*,#8314,.F.);
#8714 = PLANE('',#8715);
#8715 = AXIS2_PLACEMENT_3D('',#8716,#8717,#8718);
#8716 = CARTESIAN_POINT('',(0.25,0.25,-0.9));
#8717 = DIRECTION('',(-1.095357396528E-16,-0.894427191,-0.4472135955));
#8718 = DIRECTION('',(5.476786982641E-17,0.4472135955,-0.894427191));
#8719 = ADVANCED_FACE('',(#8720),#8761,.F.);
#8720 = FACE_BOUND('',#8721,.T.);
#8721 = EDGE_LOOP('',(#8722,#8732,#8738,#8739,#8747,#8755));
#8722 = ORIENTED_EDGE('',*,*,#8723,.T.);
#8723 = EDGE_CURVE('',#8724,#8726,#8728,.T.);
#8724 = VERTEX_POINT('',#8725);
#8725 = CARTESIAN_POINT('',(-5.E-02,-5.E-02,-3.4));
#8726 = VERTEX_POINT('',#8727);
#8727 = CARTESIAN_POINT('',(-0.247552593066,-0.218807485305,
    -3.202447406934));
#8728 = LINE('',#8729,#8730);
#8729 = CARTESIAN_POINT('',(-1.603689858649E-02,-2.097873708559E-02,
    -3.433963101414));
#8730 = VECTOR('',#8731,1.);
#8731 = DIRECTION('',(-0.605209817607,-0.517148096144,0.605209817607));
#8732 = ORIENTED_EDGE('',*,*,#8733,.T.);
#8733 = EDGE_CURVE('',#8726,#8210,#8734,.T.);
#8734 = LINE('',#8735,#8736);
#8735 = CARTESIAN_POINT('',(-4.480164158687E-02,-0.250820793434,
    -3.405198358413));
#8736 = VECTOR('',#8737,1.);
#8737 = DIRECTION('',(-0.702740385383,0.110959008218,0.702740385383));
#8738 = ORIENTED_EDGE('',*,*,#8207,.F.);
#8739 = ORIENTED_EDGE('',*,*,#8740,.F.);
#8740 = EDGE_CURVE('',#8741,#8208,#8743,.T.);
#8741 = VERTEX_POINT('',#8742);
#8742 = CARTESIAN_POINT('',(-0.247552593066,0.281192514695,
    -3.202447406934));
#8743 = LINE('',#8744,#8745);
#8744 = CARTESIAN_POINT('',(-0.506155950752,0.322024623803,
    -2.943844049248));
#8745 = VECTOR('',#8746,1.);
#8746 = DIRECTION('',(-0.702740385383,0.110959008218,0.702740385383));
#8747 = ORIENTED_EDGE('',*,*,#8748,.F.);
#8748 = EDGE_CURVE('',#8749,#8741,#8751,.T.);
#8749 = VERTEX_POINT('',#8750);
#8750 = CARTESIAN_POINT('',(-5.E-02,5.E-02,-3.4));
#8751 = LINE('',#8752,#8753);
#8752 = CARTESIAN_POINT('',(-0.104623304282,0.113924744707,
    -3.345376695718));
#8753 = VECTOR('',#8754,1.);
#8754 = DIRECTION('',(-0.544770019249,0.63753529491,0.544770019249));
#8755 = ORIENTED_EDGE('',*,*,#8756,.T.);
#8756 = EDGE_CURVE('',#8749,#8724,#8757,.T.);
#8757 = LINE('',#8758,#8759);
#8758 = CARTESIAN_POINT('',(-5.E-02,0.25,-3.4));
#8759 = VECTOR('',#8760,1.);
#8760 = DIRECTION('',(-1.224646799147E-16,-1.,0.));
#8761 = PLANE('',#8762);
#8762 = AXIS2_PLACEMENT_3D('',#8763,#8764,#8765);
#8763 = CARTESIAN_POINT('',(-0.15,0.25,-3.3));
#8764 = DIRECTION('',(0.707106781187,-8.833102285013E-17,0.707106781187)
  );
#8765 = DIRECTION('',(1.236918052038E-16,1.,1.227125289097E-18));
#8766 = ADVANCED_FACE('',(#8767),#8787,.F.);
#8767 = FACE_BOUND('',#8768,.F.);
#8768 = EDGE_LOOP('',(#8769,#8770,#8771,#8772,#8773,#8781));
#8769 = ORIENTED_EDGE('',*,*,#8322,.F.);
#8770 = ORIENTED_EDGE('',*,*,#8708,.T.);
#8771 = ORIENTED_EDGE('',*,*,#8249,.T.);
#8772 = ORIENTED_EDGE('',*,*,#8740,.F.);
#8773 = ORIENTED_EDGE('',*,*,#8774,.F.);
#8774 = EDGE_CURVE('',#8775,#8741,#8777,.T.);
#8775 = VERTEX_POINT('',#8776);
#8776 = CARTESIAN_POINT('',(0.247552593066,0.281192514695,
    -3.202447406934));
#8777 = LINE('',#8778,#8779);
#8778 = CARTESIAN_POINT('',(0.25,0.281192514695,-3.202447406934));
#8779 = VECTOR('',#8780,1.);
#8780 = DIRECTION('',(-1.,1.224646799147E-16,0.));
#8781 = ORIENTED_EDGE('',*,*,#8782,.T.);
#8782 = EDGE_CURVE('',#8775,#8288,#8783,.T.);
#8783 = LINE('',#8784,#8785);
#8784 = CARTESIAN_POINT('',(0.629616963064,0.341518467852,
    -2.820383036936));
#8785 = VECTOR('',#8786,1.);
#8786 = DIRECTION('',(0.702740385383,0.110959008218,0.702740385383));
#8787 = PLANE('',#8788);
#8788 = AXIS2_PLACEMENT_3D('',#8789,#8790,#8791);
#8789 = CARTESIAN_POINT('',(0.25,0.55,-1.5));
#8790 = DIRECTION('',(-1.209660753807E-16,-0.987762965329,0.155962573473
    ));
#8791 = DIRECTION('',(-1.909990663905E-17,-0.155962573473,
    -0.987762965329));
#8792 = ADVANCED_FACE('',(#8793),#8804,.F.);
#8793 = FACE_BOUND('',#8794,.F.);
#8794 = EDGE_LOOP('',(#8795,#8801,#8802,#8803));
#8795 = ORIENTED_EDGE('',*,*,#8796,.T.);
#8796 = EDGE_CURVE('',#8298,#8218,#8797,.T.);
#8797 = LINE('',#8798,#8799);
#8798 = CARTESIAN_POINT('',(0.25,5.E-02,-1.5));
#8799 = VECTOR('',#8800,1.);
#8800 = DIRECTION('',(-1.,1.224646799147E-16,0.));
#8801 = ORIENTED_EDGE('',*,*,#8225,.T.);
#8802 = ORIENTED_EDGE('',*,*,#8271,.F.);
#8803 = ORIENTED_EDGE('',*,*,#8305,.F.);
#8804 = PLANE('',#8805);
#8805 = AXIS2_PLACEMENT_3D('',#8806,#8807,#8808);
#8806 = CARTESIAN_POINT('',(0.25,5.E-02,-1.5));
#8807 = DIRECTION('',(1.095357396528E-16,0.894427191,0.4472135955));
#8808 = DIRECTION('',(-5.476786982641E-17,-0.4472135955,0.894427191));
#8809 = ADVANCED_FACE('',(#8810),#8830,.F.);
#8810 = FACE_BOUND('',#8811,.F.);
#8811 = EDGE_LOOP('',(#8812,#8813,#8821,#8827,#8828,#8829));
#8812 = ORIENTED_EDGE('',*,*,#8297,.F.);
#8813 = ORIENTED_EDGE('',*,*,#8814,.F.);
#8814 = EDGE_CURVE('',#8815,#8290,#8817,.T.);
#8815 = VERTEX_POINT('',#8816);
#8816 = CARTESIAN_POINT('',(0.247552593066,-0.218807485305,
    -3.202447406934));
#8817 = LINE('',#8818,#8819);
#8818 = CARTESIAN_POINT('',(0.168262653899,-0.231326949384,
    -3.281737346101));
#8819 = VECTOR('',#8820,1.);
#8820 = DIRECTION('',(0.702740385383,0.110959008218,0.702740385383));
#8821 = ORIENTED_EDGE('',*,*,#8822,.T.);
#8822 = EDGE_CURVE('',#8815,#8726,#8823,.T.);
#8823 = LINE('',#8824,#8825);
#8824 = CARTESIAN_POINT('',(0.25,-0.218807485305,-3.202447406934));
#8825 = VECTOR('',#8826,1.);
#8826 = DIRECTION('',(-1.,1.224646799147E-16,0.));
#8827 = ORIENTED_EDGE('',*,*,#8733,.T.);
#8828 = ORIENTED_EDGE('',*,*,#8217,.T.);
#8829 = ORIENTED_EDGE('',*,*,#8796,.F.);
#8830 = PLANE('',#8831);
#8831 = AXIS2_PLACEMENT_3D('',#8832,#8833,#8834);
#8832 = CARTESIAN_POINT('',(0.25,-0.25,-3.4));
#8833 = DIRECTION('',(1.209660753807E-16,0.987762965329,-0.155962573473)
  );
#8834 = DIRECTION('',(1.909990663905E-17,0.155962573473,0.987762965329)
  );
#8835 = ADVANCED_FACE('',(#8836),#8863,.T.);
#8836 = FACE_BOUND('',#8837,.F.);
#8837 = EDGE_LOOP('',(#8838,#8846,#8847,#8848,#8849,#8857));
#8838 = ORIENTED_EDGE('',*,*,#8839,.T.);
#8839 = EDGE_CURVE('',#8840,#8815,#8842,.T.);
#8840 = VERTEX_POINT('',#8841);
#8841 = CARTESIAN_POINT('',(5.E-02,-5.E-02,-3.4));
#8842 = LINE('',#8843,#8844);
#8843 = CARTESIAN_POINT('',(0.107606629418,-9.922451332131E-02,
    -3.342393370582));
#8844 = VECTOR('',#8845,1.);
#8845 = DIRECTION('',(0.605209817607,-0.517148096144,0.605209817607));
#8846 = ORIENTED_EDGE('',*,*,#8814,.T.);
#8847 = ORIENTED_EDGE('',*,*,#8287,.F.);
#8848 = ORIENTED_EDGE('',*,*,#8782,.F.);
#8849 = ORIENTED_EDGE('',*,*,#8850,.F.);
#8850 = EDGE_CURVE('',#8851,#8775,#8853,.T.);
#8851 = VERTEX_POINT('',#8852);
#8852 = CARTESIAN_POINT('',(5.E-02,5.E-02,-3.4));
#8853 = LINE('',#8854,#8855);
#8854 = CARTESIAN_POINT('',(0.17881689775,0.200752273427,-3.27118310225)
  );
#8855 = VECTOR('',#8856,1.);
#8856 = DIRECTION('',(0.544770019249,0.63753529491,0.544770019249));
#8857 = ORIENTED_EDGE('',*,*,#8858,.T.);
#8858 = EDGE_CURVE('',#8851,#8840,#8859,.T.);
#8859 = LINE('',#8860,#8861);
#8860 = CARTESIAN_POINT('',(5.E-02,0.25,-3.4));
#8861 = VECTOR('',#8862,1.);
#8862 = DIRECTION('',(-1.224646799147E-16,-1.,0.));
#8863 = PLANE('',#8864);
#8864 = AXIS2_PLACEMENT_3D('',#8865,#8866,#8867);
#8865 = CARTESIAN_POINT('',(0.15,0.25,-3.3));
#8866 = DIRECTION('',(0.707106781187,-8.486018839685E-17,-0.707106781187
    ));
#8867 = DIRECTION('',(1.212375546256E-16,1.,1.227125289196E-18));
#8868 = ADVANCED_FACE('',(#8869),#8880,.T.);
#8869 = FACE_BOUND('',#8870,.F.);
#8870 = EDGE_LOOP('',(#8871,#8872,#8878,#8879));
#8871 = ORIENTED_EDGE('',*,*,#8469,.F.);
#8872 = ORIENTED_EDGE('',*,*,#8873,.T.);
#8873 = EDGE_CURVE('',#8470,#8354,#8874,.T.);
#8874 = LINE('',#8875,#8876);
#8875 = CARTESIAN_POINT('',(2.25,-5.E-02,-3.4));
#8876 = VECTOR('',#8877,1.);
#8877 = DIRECTION('',(-1.,1.224646799147E-16,0.));
#8878 = ORIENTED_EDGE('',*,*,#8353,.T.);
#8879 = ORIENTED_EDGE('',*,*,#8452,.F.);
#8880 = PLANE('',#8881);
#8881 = AXIS2_PLACEMENT_3D('',#8882,#8883,#8884);
#8882 = CARTESIAN_POINT('',(2.25,-0.134403742653,-3.301223703467));
#8883 = DIRECTION('',(-9.136856246232E-17,-0.760250805153,-0.64962967394
    ));
#8884 = DIRECTION('',(1.,-1.211454098155E-16,1.127308249542E-18));
#8885 = ADVANCED_FACE('',(#8886),#8897,.F.);
#8886 = FACE_BOUND('',#8887,.F.);
#8887 = EDGE_LOOP('',(#8888,#8889,#8890,#8896));
#8888 = ORIENTED_EDGE('',*,*,#8873,.F.);
#8889 = ORIENTED_EDGE('',*,*,#8488,.F.);
#8890 = ORIENTED_EDGE('',*,*,#8891,.T.);
#8891 = EDGE_CURVE('',#8481,#8379,#8892,.T.);
#8892 = LINE('',#8893,#8894);
#8893 = CARTESIAN_POINT('',(2.25,5.E-02,-3.4));
#8894 = VECTOR('',#8895,1.);
#8895 = DIRECTION('',(-1.,1.224646799147E-16,0.));
#8896 = ORIENTED_EDGE('',*,*,#8386,.T.);
#8897 = PLANE('',#8898);
#8898 = AXIS2_PLACEMENT_3D('',#8899,#8900,#8901);
#8899 = CARTESIAN_POINT('',(2.25,0.25,-3.4));
#8900 = DIRECTION('',(0.,0.,1.));
#8901 = DIRECTION('',(-1.224646799147E-16,-1.,0.));
#8902 = ADVANCED_FACE('',(#8903),#8909,.T.);
#8903 = FACE_BOUND('',#8904,.T.);
#8904 = EDGE_LOOP('',(#8905,#8906,#8907,#8908));
#8905 = ORIENTED_EDGE('',*,*,#8480,.F.);
#8906 = ORIENTED_EDGE('',*,*,#8891,.T.);
#8907 = ORIENTED_EDGE('',*,*,#8378,.T.);
#8908 = ORIENTED_EDGE('',*,*,#8404,.F.);
#8909 = PLANE('',#8910);
#8910 = AXIS2_PLACEMENT_3D('',#8911,#8912,#8913);
#8911 = CARTESIAN_POINT('',(2.25,0.165596257347,-3.301223703467));
#8912 = DIRECTION('',(8.302774088379E-17,0.64962967394,-0.760250805153)
  );
#8913 = DIRECTION('',(-1.,1.247195775152E-16,-2.638869166629E-18));
#8914 = ADVANCED_FACE('',(#8915),#8940,.T.);
#8915 = FACE_BOUND('',#8916,.F.);
#8916 = EDGE_LOOP('',(#8917,#8925,#8933,#8939));
#8917 = ORIENTED_EDGE('',*,*,#8918,.F.);
#8918 = EDGE_CURVE('',#8919,#8515,#8921,.T.);
#8919 = VERTEX_POINT('',#8920);
#8920 = CARTESIAN_POINT('',(2.05,5.E-02,5.));
#8921 = LINE('',#8922,#8923);
#8922 = CARTESIAN_POINT('',(2.1,0.1,4.95));
#8923 = VECTOR('',#8924,1.);
#8924 = DIRECTION('',(0.57735026919,0.57735026919,-0.57735026919));
#8925 = ORIENTED_EDGE('',*,*,#8926,.T.);
#8926 = EDGE_CURVE('',#8919,#8927,#8929,.T.);
#8927 = VERTEX_POINT('',#8928);
#8928 = CARTESIAN_POINT('',(1.95,5.E-02,5.));
#8929 = LINE('',#8930,#8931);
#8930 = CARTESIAN_POINT('',(2.25,5.E-02,5.));
#8931 = VECTOR('',#8932,1.);
#8932 = DIRECTION('',(-1.,1.224646799147E-16,0.));
#8933 = ORIENTED_EDGE('',*,*,#8934,.T.);
#8934 = EDGE_CURVE('',#8927,#8523,#8935,.T.);
#8935 = LINE('',#8936,#8937);
#8936 = CARTESIAN_POINT('',(1.983333333333,1.666666666667E-02,
    5.033333333333));
#8937 = VECTOR('',#8938,1.);
#8938 = DIRECTION('',(-0.57735026919,0.57735026919,-0.57735026919));
#8939 = ORIENTED_EDGE('',*,*,#8522,.F.);
#8940 = PLANE('',#8941);
#8941 = AXIS2_PLACEMENT_3D('',#8942,#8943,#8944);
#8942 = CARTESIAN_POINT('',(2.25,0.15,4.9));
#8943 = DIRECTION('',(8.833102285013E-17,0.707106781187,0.707106781187)
  );
#8944 = DIRECTION('',(1.,-1.236918052038E-16,-1.227125289097E-18));
#8945 = ADVANCED_FACE('',(#8946),#8964,.F.);
#8946 = FACE_BOUND('',#8947,.T.);
#8947 = EDGE_LOOP('',(#8948,#8956,#8962,#8963));
#8948 = ORIENTED_EDGE('',*,*,#8949,.F.);
#8949 = EDGE_CURVE('',#8950,#8547,#8952,.T.);
#8950 = VERTEX_POINT('',#8951);
#8951 = CARTESIAN_POINT('',(1.95,-5.E-02,5.));
#8952 = LINE('',#8953,#8954);
#8953 = CARTESIAN_POINT('',(1.9,-0.1,4.95));
#8954 = VECTOR('',#8955,1.);
#8955 = DIRECTION('',(-0.57735026919,-0.57735026919,-0.57735026919));
#8956 = ORIENTED_EDGE('',*,*,#8957,.T.);
#8957 = EDGE_CURVE('',#8950,#8927,#8958,.T.);
#8958 = LINE('',#8959,#8960);
#8959 = CARTESIAN_POINT('',(1.95,-0.25,5.));
#8960 = VECTOR('',#8961,1.);
#8961 = DIRECTION('',(1.224646799147E-16,1.,0.));
#8962 = ORIENTED_EDGE('',*,*,#8934,.T.);
#8963 = ORIENTED_EDGE('',*,*,#8554,.F.);
#8964 = PLANE('',#8965);
#8965 = AXIS2_PLACEMENT_3D('',#8966,#8967,#8968);
#8966 = CARTESIAN_POINT('',(1.85,-0.25,4.9));
#8967 = DIRECTION('',(0.707106781187,-8.486018839685E-17,-0.707106781187
    ));
#8968 = DIRECTION('',(-1.212375546256E-16,-1.,-1.227125289196E-18));
#8969 = ADVANCED_FACE('',(#8970),#8988,.T.);
#8970 = FACE_BOUND('',#8971,.F.);
#8971 = EDGE_LOOP('',(#8972,#8980,#8981,#8982));
#8972 = ORIENTED_EDGE('',*,*,#8973,.F.);
#8973 = EDGE_CURVE('',#8570,#8974,#8976,.T.);
#8974 = VERTEX_POINT('',#8975);
#8975 = CARTESIAN_POINT('',(2.05,-5.E-02,5.));
#8976 = LINE('',#8977,#8978);
#8977 = CARTESIAN_POINT('',(2.183333333333,-0.183333333333,
    4.866666666667));
#8978 = VECTOR('',#8979,1.);
#8979 = DIRECTION('',(-0.57735026919,0.57735026919,0.57735026919));
#8980 = ORIENTED_EDGE('',*,*,#8579,.T.);
#8981 = ORIENTED_EDGE('',*,*,#8949,.F.);
#8982 = ORIENTED_EDGE('',*,*,#8983,.F.);
#8983 = EDGE_CURVE('',#8974,#8950,#8984,.T.);
#8984 = LINE('',#8985,#8986);
#8985 = CARTESIAN_POINT('',(2.25,-5.E-02,5.));
#8986 = VECTOR('',#8987,1.);
#8987 = DIRECTION('',(-1.,1.224646799147E-16,0.));
#8988 = PLANE('',#8989);
#8989 = AXIS2_PLACEMENT_3D('',#8990,#8991,#8992);
#8990 = CARTESIAN_POINT('',(2.25,-0.15,4.9));
#8991 = DIRECTION('',(-8.833102285013E-17,-0.707106781187,0.707106781187
    ));
#8992 = DIRECTION('',(1.,-1.236918052038E-16,1.227125289097E-18));
#8993 = ADVANCED_FACE('',(#8994),#9005,.T.);
#8994 = FACE_BOUND('',#8995,.F.);
#8995 = EDGE_LOOP('',(#8996,#8997,#9003,#9004));
#8996 = ORIENTED_EDGE('',*,*,#8973,.T.);
#8997 = ORIENTED_EDGE('',*,*,#8998,.T.);
#8998 = EDGE_CURVE('',#8974,#8919,#8999,.T.);
#8999 = LINE('',#9000,#9001);
#9000 = CARTESIAN_POINT('',(2.05,-0.25,5.));
#9001 = VECTOR('',#9002,1.);
#9002 = DIRECTION('',(1.224646799147E-16,1.,0.));
#9003 = ORIENTED_EDGE('',*,*,#8918,.T.);
#9004 = ORIENTED_EDGE('',*,*,#8595,.F.);
#9005 = PLANE('',#9006);
#9006 = AXIS2_PLACEMENT_3D('',#9007,#9008,#9009);
#9007 = CARTESIAN_POINT('',(2.15,-0.25,4.9));
#9008 = DIRECTION('',(0.707106781187,-8.833102285013E-17,0.707106781187)
  );
#9009 = DIRECTION('',(-1.236918052038E-16,-1.,-1.227125289097E-18));
#9010 = ADVANCED_FACE('',(#9011),#9036,.T.);
#9011 = FACE_BOUND('',#9012,.F.);
#9012 = EDGE_LOOP('',(#9013,#9021,#9029,#9035));
#9013 = ORIENTED_EDGE('',*,*,#9014,.F.);
#9014 = EDGE_CURVE('',#9015,#8611,#9017,.T.);
#9015 = VERTEX_POINT('',#9016);
#9016 = CARTESIAN_POINT('',(5.E-02,5.E-02,5.));
#9017 = LINE('',#9018,#9019);
#9018 = CARTESIAN_POINT('',(0.1,0.1,4.95));
#9019 = VECTOR('',#9020,1.);
#9020 = DIRECTION('',(0.57735026919,0.57735026919,-0.57735026919));
#9021 = ORIENTED_EDGE('',*,*,#9022,.T.);
#9022 = EDGE_CURVE('',#9015,#9023,#9025,.T.);
#9023 = VERTEX_POINT('',#9024);
#9024 = CARTESIAN_POINT('',(-5.E-02,5.E-02,5.));
#9025 = LINE('',#9026,#9027);
#9026 = CARTESIAN_POINT('',(0.25,5.E-02,5.));
#9027 = VECTOR('',#9028,1.);
#9028 = DIRECTION('',(-1.,1.224646799147E-16,0.));
#9029 = ORIENTED_EDGE('',*,*,#9030,.T.);
#9030 = EDGE_CURVE('',#9023,#8619,#9031,.T.);
#9031 = LINE('',#9032,#9033);
#9032 = CARTESIAN_POINT('',(-1.666666666667E-02,1.666666666667E-02,
    5.033333333333));
#9033 = VECTOR('',#9034,1.);
#9034 = DIRECTION('',(-0.57735026919,0.57735026919,-0.57735026919));
#9035 = ORIENTED_EDGE('',*,*,#8618,.F.);
#9036 = PLANE('',#9037);
#9037 = AXIS2_PLACEMENT_3D('',#9038,#9039,#9040);
#9038 = CARTESIAN_POINT('',(0.25,0.15,4.9));
#9039 = DIRECTION('',(8.833102285013E-17,0.707106781187,0.707106781187)
  );
#9040 = DIRECTION('',(1.,-1.236918052038E-16,-1.227125289097E-18));
#9041 = ADVANCED_FACE('',(#9042),#9060,.F.);
#9042 = FACE_BOUND('',#9043,.T.);
#9043 = EDGE_LOOP('',(#9044,#9052,#9058,#9059));
#9044 = ORIENTED_EDGE('',*,*,#9045,.F.);
#9045 = EDGE_CURVE('',#9046,#8643,#9048,.T.);
#9046 = VERTEX_POINT('',#9047);
#9047 = CARTESIAN_POINT('',(-5.E-02,-5.E-02,5.));
#9048 = LINE('',#9049,#9050);
#9049 = CARTESIAN_POINT('',(-0.1,-0.1,4.95));
#9050 = VECTOR('',#9051,1.);
#9051 = DIRECTION('',(-0.57735026919,-0.57735026919,-0.57735026919));
#9052 = ORIENTED_EDGE('',*,*,#9053,.T.);
#9053 = EDGE_CURVE('',#9046,#9023,#9054,.T.);
#9054 = LINE('',#9055,#9056);
#9055 = CARTESIAN_POINT('',(-5.E-02,-0.25,5.));
#9056 = VECTOR('',#9057,1.);
#9057 = DIRECTION('',(1.224646799147E-16,1.,0.));
#9058 = ORIENTED_EDGE('',*,*,#9030,.T.);
#9059 = ORIENTED_EDGE('',*,*,#8650,.F.);
#9060 = PLANE('',#9061);
#9061 = AXIS2_PLACEMENT_3D('',#9062,#9063,#9064);
#9062 = CARTESIAN_POINT('',(-0.15,-0.25,4.9));
#9063 = DIRECTION('',(0.707106781187,-8.486018839685E-17,-0.707106781187
    ));
#9064 = DIRECTION('',(-1.212375546256E-16,-1.,-1.227125289196E-18));
#9065 = ADVANCED_FACE('',(#9066),#9084,.T.);
#9066 = FACE_BOUND('',#9067,.F.);
#9067 = EDGE_LOOP('',(#9068,#9076,#9077,#9078));
#9068 = ORIENTED_EDGE('',*,*,#9069,.F.);
#9069 = EDGE_CURVE('',#8666,#9070,#9072,.T.);
#9070 = VERTEX_POINT('',#9071);
#9071 = CARTESIAN_POINT('',(5.E-02,-5.E-02,5.));
#9072 = LINE('',#9073,#9074);
#9073 = CARTESIAN_POINT('',(0.183333333333,-0.183333333333,
    4.866666666667));
#9074 = VECTOR('',#9075,1.);
#9075 = DIRECTION('',(-0.57735026919,0.57735026919,0.57735026919));
#9076 = ORIENTED_EDGE('',*,*,#8675,.T.);
#9077 = ORIENTED_EDGE('',*,*,#9045,.F.);
#9078 = ORIENTED_EDGE('',*,*,#9079,.F.);
#9079 = EDGE_CURVE('',#9070,#9046,#9080,.T.);
#9080 = LINE('',#9081,#9082);
#9081 = CARTESIAN_POINT('',(0.25,-5.E-02,5.));
#9082 = VECTOR('',#9083,1.);
#9083 = DIRECTION('',(-1.,1.224646799147E-16,0.));
#9084 = PLANE('',#9085);
#9085 = AXIS2_PLACEMENT_3D('',#9086,#9087,#9088);
#9086 = CARTESIAN_POINT('',(0.25,-0.15,4.9));
#9087 = DIRECTION('',(-8.833102285013E-17,-0.707106781187,0.707106781187
    ));
#9088 = DIRECTION('',(1.,-1.236918052038E-16,1.227125289097E-18));
#9089 = ADVANCED_FACE('',(#9090),#9101,.T.);
#9090 = FACE_BOUND('',#9091,.F.);
#9091 = EDGE_LOOP('',(#9092,#9093,#9099,#9100));
#9092 = ORIENTED_EDGE('',*,*,#9069,.T.);
#9093 = ORIENTED_EDGE('',*,*,#9094,.T.);
#9094 = EDGE_CURVE('',#9070,#9015,#9095,.T.);
#9095 = LINE('',#9096,#9097);
#9096 = CARTESIAN_POINT('',(5.E-02,-0.25,5.));
#9097 = VECTOR('',#9098,1.);
#9098 = DIRECTION('',(1.224646799147E-16,1.,0.));
#9099 = ORIENTED_EDGE('',*,*,#9014,.T.);
#9100 = ORIENTED_EDGE('',*,*,#8691,.F.);
#9101 = PLANE('',#9102);
#9102 = AXIS2_PLACEMENT_3D('',#9103,#9104,#9105);
#9103 = CARTESIAN_POINT('',(0.15,-0.25,4.9));
#9104 = DIRECTION('',(0.707106781187,-8.833102285013E-17,0.707106781187)
  );
#9105 = DIRECTION('',(-1.236918052038E-16,-1.,-1.227125289097E-18));
#9106 = ADVANCED_FACE('',(#9107),#9118,.T.);
#9107 = FACE_BOUND('',#9108,.F.);
#9108 = EDGE_LOOP('',(#9109,#9110,#9116,#9117));
#9109 = ORIENTED_EDGE('',*,*,#8839,.F.);
#9110 = ORIENTED_EDGE('',*,*,#9111,.T.);
#9111 = EDGE_CURVE('',#8840,#8724,#9112,.T.);
#9112 = LINE('',#9113,#9114);
#9113 = CARTESIAN_POINT('',(0.25,-5.E-02,-3.4));
#9114 = VECTOR('',#9115,1.);
#9115 = DIRECTION('',(-1.,1.224646799147E-16,0.));
#9116 = ORIENTED_EDGE('',*,*,#8723,.T.);
#9117 = ORIENTED_EDGE('',*,*,#8822,.F.);
#9118 = PLANE('',#9119);
#9119 = AXIS2_PLACEMENT_3D('',#9120,#9121,#9122);
#9120 = CARTESIAN_POINT('',(0.25,-0.134403742653,-3.301223703467));
#9121 = DIRECTION('',(-9.136856246232E-17,-0.760250805153,-0.64962967394
    ));
#9122 = DIRECTION('',(1.,-1.211454098155E-16,1.127308249542E-18));
#9123 = ADVANCED_FACE('',(#9124),#9135,.F.);
#9124 = FACE_BOUND('',#9125,.F.);
#9125 = EDGE_LOOP('',(#9126,#9127,#9128,#9134));
#9126 = ORIENTED_EDGE('',*,*,#9111,.F.);
#9127 = ORIENTED_EDGE('',*,*,#8858,.F.);
#9128 = ORIENTED_EDGE('',*,*,#9129,.T.);
#9129 = EDGE_CURVE('',#8851,#8749,#9130,.T.);
#9130 = LINE('',#9131,#9132);
#9131 = CARTESIAN_POINT('',(0.25,5.E-02,-3.4));
#9132 = VECTOR('',#9133,1.);
#9133 = DIRECTION('',(-1.,1.224646799147E-16,0.));
#9134 = ORIENTED_EDGE('',*,*,#8756,.T.);
#9135 = PLANE('',#9136);
#9136 = AXIS2_PLACEMENT_3D('',#9137,#9138,#9139);
#9137 = CARTESIAN_POINT('',(0.25,0.25,-3.4));
#9138 = DIRECTION('',(0.,0.,1.));
#9139 = DIRECTION('',(-1.224646799147E-16,-1.,0.));
#9140 = ADVANCED_FACE('',(#9141),#9147,.T.);
#9141 = FACE_BOUND('',#9142,.T.);
#9142 = EDGE_LOOP('',(#9143,#9144,#9145,#9146));
#9143 = ORIENTED_EDGE('',*,*,#8850,.F.);
#9144 = ORIENTED_EDGE('',*,*,#9129,.T.);
#9145 = ORIENTED_EDGE('',*,*,#8748,.T.);
#9146 = ORIENTED_EDGE('',*,*,#8774,.F.);
#9147 = PLANE('',#9148);
#9148 = AXIS2_PLACEMENT_3D('',#9149,#9150,#9151);
#9149 = CARTESIAN_POINT('',(0.25,0.165596257347,-3.301223703467));
#9150 = DIRECTION('',(8.302774088379E-17,0.64962967394,-0.760250805153)
  );
#9151 = DIRECTION('',(-1.,1.247195775152E-16,-2.638869166629E-18));
#9152 = ADVANCED_FACE('',(#9153),#9159,.F.);
#9153 = FACE_BOUND('',#9154,.F.);
#9154 = EDGE_LOOP('',(#9155,#9156,#9157,#9158));
#9155 = ORIENTED_EDGE('',*,*,#8957,.T.);
#9156 = ORIENTED_EDGE('',*,*,#8926,.F.);
#9157 = ORIENTED_EDGE('',*,*,#8998,.F.);
#9158 = ORIENTED_EDGE('',*,*,#8983,.T.);
#9159 = PLANE('',#9160);
#9160 = AXIS2_PLACEMENT_3D('',#9161,#9162,#9163);
#9161 = CARTESIAN_POINT('',(2.25,-0.25,5.));
#9162 = DIRECTION('',(-0.,0.,-1.));
#9163 = DIRECTION('',(1.224646799147E-16,1.,0.));
#9164 = ADVANCED_FACE('',(#9165),#9171,.F.);
#9165 = FACE_BOUND('',#9166,.F.);
#9166 = EDGE_LOOP('',(#9167,#9168,#9169,#9170));
#9167 = ORIENTED_EDGE('',*,*,#9053,.T.);
#9168 = ORIENTED_EDGE('',*,*,#9022,.F.);
#9169 = ORIENTED_EDGE('',*,*,#9094,.F.);
#9170 = ORIENTED_EDGE('',*,*,#9079,.T.);
#9171 = PLANE('',#9172);
#9172 = AXIS2_PLACEMENT_3D('',#9173,#9174,#9175);
#9173 = CARTESIAN_POINT('',(0.25,-0.25,5.));
#9174 = DIRECTION('',(-0.,0.,-1.));
#9175 = DIRECTION('',(1.224646799147E-16,1.,0.));
#9176 = ( GEOMETRIC_REPRESENTATION_CONTEXT(3) 
GLOBAL_UNCERTAINTY_ASSIGNED_CONTEXT((#9180)) 
GLOBAL_UNIT_ASSIGNED_CONTEXT((#9177,#9178,#9179)) REPRESENTATION_CONTEXT
('Context #1','3D Context with UNIT and UNCERTAINTY') );
#9177 = ( LENGTH_UNIT() NAMED_UNIT(*) SI_UNIT(.MILLI.,.METRE.) );
#9178 = ( NAMED_UNIT(*) PLANE_ANGLE_UNIT() SI_UNIT($,.RADIAN.) );
#9179 = ( NAMED_UNIT(*) SI_UNIT($,.STERADIAN.) SOLID_ANGLE_UNIT() );
#9180 = UNCERTAINTY_MEASURE_WITH_UNIT(LENGTH_MEASURE(1.E-07),#9177,
  'distance_accuracy_value','confusion accuracy');
#9181 = CONTEXT_DEPENDENT_SHAPE_REPRESENTATION(#9182,#9184);
#9182 = ( REPRESENTATION_RELATIONSHIP('','',#6283,#6260) 
REPRESENTATION_RELATIONSHIP_WITH_TRANSFORMATION(#9183) 
SHAPE_REPRESENTATION_RELATIONSHIP() );
#9183 = ITEM_DEFINED_TRANSFORMATION('','',#11,#6261);
#9184 = PRODUCT_DEFINITION_SHAPE('Placement','Placement of an item',
  #9185);
#9185 = NEXT_ASSEMBLY_USAGE_OCCURRENCE('11','=>[0:1:1:9]','',#6255,#6278
  ,$);
#9186 = PRODUCT_RELATED_PRODUCT_CATEGORY('part',$,(#6280));
#9187 = CONTEXT_DEPENDENT_SHAPE_REPRESENTATION(#9188,#9190);
#9188 = ( REPRESENTATION_RELATIONSHIP('','',#140,#10) 
REPRESENTATION_RELATIONSHIP_WITH_TRANSFORMATION(#9189) 
SHAPE_REPRESENTATION_RELATIONSHIP() );
#9189 = ITEM_DEFINED_TRANSFORMATION('','',#11,#47);
#9190 = PRODUCT_DEFINITION_SHAPE('Placement','Placement of an item',
  #9191);
#9191 = NEXT_ASSEMBLY_USAGE_OCCURRENCE('13','C30','',#5,#135,$);
#9192 = CONTEXT_DEPENDENT_SHAPE_REPRESENTATION(#9193,#9195);
#9193 = ( REPRESENTATION_RELATIONSHIP('','',#140,#10) 
REPRESENTATION_RELATIONSHIP_WITH_TRANSFORMATION(#9194) 
SHAPE_REPRESENTATION_RELATIONSHIP() );
#9194 = ITEM_DEFINED_TRANSFORMATION('','',#11,#51);
#9195 = PRODUCT_DEFINITION_SHAPE('Placement','Placement of an item',
  #9196);
#9196 = NEXT_ASSEMBLY_USAGE_OCCURRENCE('14','C31','',#5,#135,$);
#9197 = CONTEXT_DEPENDENT_SHAPE_REPRESENTATION(#9198,#9200);
#9198 = ( REPRESENTATION_RELATIONSHIP('','',#140,#10) 
REPRESENTATION_RELATIONSHIP_WITH_TRANSFORMATION(#9199) 
SHAPE_REPRESENTATION_RELATIONSHIP() );
#9199 = ITEM_DEFINED_TRANSFORMATION('','',#11,#55);
#9200 = PRODUCT_DEFINITION_SHAPE('Placement','Placement of an item',
  #9201);
#9201 = NEXT_ASSEMBLY_USAGE_OCCURRENCE('15','C29','',#5,#135,$);
#9202 = CONTEXT_DEPENDENT_SHAPE_REPRESENTATION(#9203,#9205);
#9203 = ( REPRESENTATION_RELATIONSHIP('','',#140,#10) 
REPRESENTATION_RELATIONSHIP_WITH_TRANSFORMATION(#9204) 
SHAPE_REPRESENTATION_RELATIONSHIP() );
#9204 = ITEM_DEFINED_TRANSFORMATION('','',#11,#59);
#9205 = PRODUCT_DEFINITION_SHAPE('Placement','Placement of an item',
  #9206);
#9206 = NEXT_ASSEMBLY_USAGE_OCCURRENCE('16','C19','',#5,#135,$);
#9207 = CONTEXT_DEPENDENT_SHAPE_REPRESENTATION(#9208,#9210);
#9208 = ( REPRESENTATION_RELATIONSHIP('','',#1041,#10) 
REPRESENTATION_RELATIONSHIP_WITH_TRANSFORMATION(#9209) 
SHAPE_REPRESENTATION_RELATIONSHIP() );
#9209 = ITEM_DEFINED_TRANSFORMATION('','',#11,#63);
#9210 = PRODUCT_DEFINITION_SHAPE('Placement','Placement of an item',
  #9211);
#9211 = NEXT_ASSEMBLY_USAGE_OCCURRENCE('17','R25','',#5,#1036,$);
#9212 = CONTEXT_DEPENDENT_SHAPE_REPRESENTATION(#9213,#9215);
#9213 = ( REPRESENTATION_RELATIONSHIP('','',#1041,#10) 
REPRESENTATION_RELATIONSHIP_WITH_TRANSFORMATION(#9214) 
SHAPE_REPRESENTATION_RELATIONSHIP() );
#9214 = ITEM_DEFINED_TRANSFORMATION('','',#11,#67);
#9215 = PRODUCT_DEFINITION_SHAPE('Placement','Placement of an item',
  #9216);
#9216 = NEXT_ASSEMBLY_USAGE_OCCURRENCE('18','R23','',#5,#1036,$);
#9217 = CONTEXT_DEPENDENT_SHAPE_REPRESENTATION(#9218,#9220);
#9218 = ( REPRESENTATION_RELATIONSHIP('','',#1888,#10) 
REPRESENTATION_RELATIONSHIP_WITH_TRANSFORMATION(#9219) 
SHAPE_REPRESENTATION_RELATIONSHIP() );
#9219 = ITEM_DEFINED_TRANSFORMATION('','',#11,#71);
#9220 = PRODUCT_DEFINITION_SHAPE('Placement','Placement of an item',
  #9221);
#9221 = NEXT_ASSEMBLY_USAGE_OCCURRENCE('19','U8','',#5,#1883,$);
#9222 = CONTEXT_DEPENDENT_SHAPE_REPRESENTATION(#9223,#9225);
#9223 = ( REPRESENTATION_RELATIONSHIP('','',#140,#10) 
REPRESENTATION_RELATIONSHIP_WITH_TRANSFORMATION(#9224) 
SHAPE_REPRESENTATION_RELATIONSHIP() );
#9224 = ITEM_DEFINED_TRANSFORMATION('','',#11,#75);
#9225 = PRODUCT_DEFINITION_SHAPE('Placement','Placement of an item',
  #9226);
#9226 = NEXT_ASSEMBLY_USAGE_OCCURRENCE('20','C28','',#5,#135,$);
#9227 = CONTEXT_DEPENDENT_SHAPE_REPRESENTATION(#9228,#9230);
#9228 = ( REPRESENTATION_RELATIONSHIP('','',#140,#10) 
REPRESENTATION_RELATIONSHIP_WITH_TRANSFORMATION(#9229) 
SHAPE_REPRESENTATION_RELATIONSHIP() );
#9229 = ITEM_DEFINED_TRANSFORMATION('','',#11,#79);
#9230 = PRODUCT_DEFINITION_SHAPE('Placement','Placement of an item',
  #9231);
#9231 = NEXT_ASSEMBLY_USAGE_OCCURRENCE('21','C33','',#5,#135,$);
#9232 = CONTEXT_DEPENDENT_SHAPE_REPRESENTATION(#9233,#9235);
#9233 = ( REPRESENTATION_RELATIONSHIP('','',#1041,#10) 
REPRESENTATION_RELATIONSHIP_WITH_TRANSFORMATION(#9234) 
SHAPE_REPRESENTATION_RELATIONSHIP() );
#9234 = ITEM_DEFINED_TRANSFORMATION('','',#11,#83);
#9235 = PRODUCT_DEFINITION_SHAPE('Placement','Placement of an item',
  #9236);
#9236 = NEXT_ASSEMBLY_USAGE_OCCURRENCE('22','R21','',#5,#1036,$);
#9237 = CONTEXT_DEPENDENT_SHAPE_REPRESENTATION(#9238,#9240);
#9238 = ( REPRESENTATION_RELATIONSHIP('','',#1041,#10) 
REPRESENTATION_RELATIONSHIP_WITH_TRANSFORMATION(#9239) 
SHAPE_REPRESENTATION_RELATIONSHIP() );
#9239 = ITEM_DEFINED_TRANSFORMATION('','',#11,#87);
#9240 = PRODUCT_DEFINITION_SHAPE('Placement','Placement of an item',
  #9241);
#9241 = NEXT_ASSEMBLY_USAGE_OCCURRENCE('23','R19','',#5,#1036,$);
#9242 = CONTEXT_DEPENDENT_SHAPE_REPRESENTATION(#9243,#9245);
#9243 = ( REPRESENTATION_RELATIONSHIP('','',#140,#10) 
REPRESENTATION_RELATIONSHIP_WITH_TRANSFORMATION(#9244) 
SHAPE_REPRESENTATION_RELATIONSHIP() );
#9244 = ITEM_DEFINED_TRANSFORMATION('','',#11,#91);
#9245 = PRODUCT_DEFINITION_SHAPE('Placement','Placement of an item',
  #9246);
#9246 = NEXT_ASSEMBLY_USAGE_OCCURRENCE('24','C46','',#5,#135,$);
#9247 = CONTEXT_DEPENDENT_SHAPE_REPRESENTATION(#9248,#9250);
#9248 = ( REPRESENTATION_RELATIONSHIP('','',#1041,#10) 
REPRESENTATION_RELATIONSHIP_WITH_TRANSFORMATION(#9249) 
SHAPE_REPRESENTATION_RELATIONSHIP() );
#9249 = ITEM_DEFINED_TRANSFORMATION('','',#11,#95);
#9250 = PRODUCT_DEFINITION_SHAPE('Placement','Placement of an item',
  #9251);
#9251 = NEXT_ASSEMBLY_USAGE_OCCURRENCE('25','R24','',#5,#1036,$);
#9252 = CONTEXT_DEPENDENT_SHAPE_REPRESENTATION(#9253,#9255);
#9253 = ( REPRESENTATION_RELATIONSHIP('','',#1041,#10) 
REPRESENTATION_RELATIONSHIP_WITH_TRANSFORMATION(#9254) 
SHAPE_REPRESENTATION_RELATIONSHIP() );
#9254 = ITEM_DEFINED_TRANSFORMATION('','',#11,#99);
#9255 = PRODUCT_DEFINITION_SHAPE('Placement','Placement of an item',
  #9256);
#9256 = NEXT_ASSEMBLY_USAGE_OCCURRENCE('26','R39','',#5,#1036,$);
#9257 = CONTEXT_DEPENDENT_SHAPE_REPRESENTATION(#9258,#9260);
#9258 = ( REPRESENTATION_RELATIONSHIP('','',#140,#10) 
REPRESENTATION_RELATIONSHIP_WITH_TRANSFORMATION(#9259) 
SHAPE_REPRESENTATION_RELATIONSHIP() );
#9259 = ITEM_DEFINED_TRANSFORMATION('','',#11,#103);
#9260 = PRODUCT_DEFINITION_SHAPE('Placement','Placement of an item',
  #9261);
#9261 = NEXT_ASSEMBLY_USAGE_OCCURRENCE('27','C45','',#5,#135,$);
#9262 = CONTEXT_DEPENDENT_SHAPE_REPRESENTATION(#9263,#9265);
#9263 = ( REPRESENTATION_RELATIONSHIP('','',#1041,#10) 
REPRESENTATION_RELATIONSHIP_WITH_TRANSFORMATION(#9264) 
SHAPE_REPRESENTATION_RELATIONSHIP() );
#9264 = ITEM_DEFINED_TRANSFORMATION('','',#11,#107);
#9265 = PRODUCT_DEFINITION_SHAPE('Placement','Placement of an item',
  #9266);
#9266 = NEXT_ASSEMBLY_USAGE_OCCURRENCE('28','R22','',#5,#1036,$);
#9267 = CONTEXT_DEPENDENT_SHAPE_REPRESENTATION(#9268,#9270);
#9268 = ( REPRESENTATION_RELATIONSHIP('','',#1041,#10) 
REPRESENTATION_RELATIONSHIP_WITH_TRANSFORMATION(#9269) 
SHAPE_REPRESENTATION_RELATIONSHIP() );
#9269 = ITEM_DEFINED_TRANSFORMATION('','',#11,#111);
#9270 = PRODUCT_DEFINITION_SHAPE('Placement','Placement of an item',
  #9271);
#9271 = NEXT_ASSEMBLY_USAGE_OCCURRENCE('29','R26','',#5,#1036,$);
#9272 = CONTEXT_DEPENDENT_SHAPE_REPRESENTATION(#9273,#9275);
#9273 = ( REPRESENTATION_RELATIONSHIP('','',#140,#10) 
REPRESENTATION_RELATIONSHIP_WITH_TRANSFORMATION(#9274) 
SHAPE_REPRESENTATION_RELATIONSHIP() );
#9274 = ITEM_DEFINED_TRANSFORMATION('','',#11,#115);
#9275 = PRODUCT_DEFINITION_SHAPE('Placement','Placement of an item',
  #9276);
#9276 = NEXT_ASSEMBLY_USAGE_OCCURRENCE('30','C34','',#5,#135,$);
#9277 = SHAPE_DEFINITION_REPRESENTATION(#9278,#9284);
#9278 = PRODUCT_DEFINITION_SHAPE('','',#9279);
#9279 = PRODUCT_DEFINITION('design','',#9280,#9283);
#9280 = PRODUCT_DEFINITION_FORMATION('','',#9281);
#9281 = PRODUCT(
  'TerminalBlock_Phoenix_MKDS-3-2-5.08_1x02_P5.08mm_Horizontal',
  'TerminalBlock_Phoenix_MKDS-3-2-5.08_1x02_P5.08mm_Horizontal','',(
    #9282));
#9282 = PRODUCT_CONTEXT('',#2,'mechanical');
#9283 = PRODUCT_DEFINITION_CONTEXT('part definition',#2,'design');
#9284 = SHAPE_REPRESENTATION('',(#11,#9285),#9289);
#9285 = AXIS2_PLACEMENT_3D('',#9286,#9287,#9288);
#9286 = CARTESIAN_POINT('',(0.,0.,0.));
#9287 = DIRECTION('',(0.,0.,1.));
#9288 = DIRECTION('',(1.,0.,-0.));
#9289 = ( GEOMETRIC_REPRESENTATION_CONTEXT(3) 
GLOBAL_UNCERTAINTY_ASSIGNED_CONTEXT((#9293)) 
GLOBAL_UNIT_ASSIGNED_CONTEXT((#9290,#9291,#9292)) REPRESENTATION_CONTEXT
('Context #1','3D Context with UNIT and UNCERTAINTY') );
#9290 = ( LENGTH_UNIT() NAMED_UNIT(*) SI_UNIT(.MILLI.,.METRE.) );
#9291 = ( NAMED_UNIT(*) PLANE_ANGLE_UNIT() SI_UNIT($,.RADIAN.) );
#9292 = ( NAMED_UNIT(*) SI_UNIT($,.STERADIAN.) SOLID_ANGLE_UNIT() );
#9293 = UNCERTAINTY_MEASURE_WITH_UNIT(LENGTH_MEASURE(1.E-07),#9290,
  'distance_accuracy_value','confusion accuracy');
#9294 = CONTEXT_DEPENDENT_SHAPE_REPRESENTATION(#9295,#9297);
#9295 = ( REPRESENTATION_RELATIONSHIP('','',#9284,#10) 
REPRESENTATION_RELATIONSHIP_WITH_TRANSFORMATION(#9296) 
SHAPE_REPRESENTATION_RELATIONSHIP() );
#9296 = ITEM_DEFINED_TRANSFORMATION('','',#11,#119);
#9297 = PRODUCT_DEFINITION_SHAPE('Placement','Placement of an item',
  #9298);
#9298 = NEXT_ASSEMBLY_USAGE_OCCURRENCE('32','J1','',#5,#9279,$);
#9299 = PRODUCT_RELATED_PRODUCT_CATEGORY('part',$,(#9281));
#9300 = SHAPE_DEFINITION_REPRESENTATION(#9301,#9307);
#9301 = PRODUCT_DEFINITION_SHAPE('','',#9302);
#9302 = PRODUCT_DEFINITION('design','',#9303,#9306);
#9303 = PRODUCT_DEFINITION_FORMATION('','',#9304);
#9304 = PRODUCT(
  'TerminalBlock_Phoenix_MKDS-3-2-5.08_1x02_P5.08mm_Horizontal',
  'TerminalBlock_Phoenix_MKDS-3-2-5.08_1x02_P5.08mm_Horizontal','',(
    #9305));
#9305 = PRODUCT_CONTEXT('',#2,'mechanical');
#9306 = PRODUCT_DEFINITION_CONTEXT('part definition',#2,'design');
#9307 = ADVANCED_BREP_SHAPE_REPRESENTATION('',(#11,#9308),#12160);
#9308 = MANIFOLD_SOLID_BREP('',#9309);
#9309 = CLOSED_SHELL('',(#9310,#9482,#9568,#9660,#9684,#9763,#9787,#9811
    ,#9828,#9852,#9869,#9886,#9917,#9941,#9965,#9982,#10013,#10037,
    #10061,#10078,#10100,#10139,#10156,#10168,#10180,#10192,#10221,
    #10260,#10283,#10300,#10329,#10368,#10391,#10408,#10420,#10432,
    #10444,#10603,#10762,#10786,#10810,#10861,#10873,#10897,#10921,
    #10972,#10984,#11000,#11033,#11058,#11089,#11099,#11124,#11155,
    #11186,#11208,#11218,#11249,#11267,#11283,#11316,#11341,#11372,
    #11382,#11407,#11438,#11469,#11491,#11501,#11532,#11550,#11572,
    #11591,#11608,#11622,#11644,#11663,#11680,#11694,#11719,#11830,
    #11840,#11850,#11875,#11986,#11996,#12006,#12022,#12039,#12056,
    #12073,#12083,#12099,#12116,#12133,#12150));
#9310 = ADVANCED_FACE('',(#9311,#9409,#9443),#9477,.F.);
#9311 = FACE_BOUND('',#9312,.F.);
#9312 = EDGE_LOOP('',(#9313,#9323,#9331,#9339,#9347,#9355,#9363,#9371,
    #9379,#9387,#9395,#9403));
#9313 = ORIENTED_EDGE('',*,*,#9314,.F.);
#9314 = EDGE_CURVE('',#9315,#9317,#9319,.T.);
#9315 = VERTEX_POINT('',#9316);
#9316 = CARTESIAN_POINT('',(-2.54,-5.283,0.));
#9317 = VERTEX_POINT('',#9318);
#9318 = CARTESIAN_POINT('',(-2.54,-3.5615,0.));
#9319 = LINE('',#9320,#9321);
#9320 = CARTESIAN_POINT('',(-2.54,-5.283,0.));
#9321 = VECTOR('',#9322,1.);
#9322 = DIRECTION('',(0.,1.,0.));
#9323 = ORIENTED_EDGE('',*,*,#9324,.T.);
#9324 = EDGE_CURVE('',#9315,#9325,#9327,.T.);
#9325 = VERTEX_POINT('',#9326);
#9326 = CARTESIAN_POINT('',(7.62,-5.283,0.));
#9327 = LINE('',#9328,#9329);
#9328 = CARTESIAN_POINT('',(-2.54,-5.283,0.));
#9329 = VECTOR('',#9330,1.);
#9330 = DIRECTION('',(1.,0.,0.));
#9331 = ORIENTED_EDGE('',*,*,#9332,.T.);
#9332 = EDGE_CURVE('',#9325,#9333,#9335,.T.);
#9333 = VERTEX_POINT('',#9334);
#9334 = CARTESIAN_POINT('',(7.62,-3.5615,0.));
#9335 = LINE('',#9336,#9337);
#9336 = CARTESIAN_POINT('',(7.62,-5.283,0.));
#9337 = VECTOR('',#9338,1.);
#9338 = DIRECTION('',(0.,1.,0.));
#9339 = ORIENTED_EDGE('',*,*,#9340,.F.);
#9340 = EDGE_CURVE('',#9341,#9333,#9343,.T.);
#9341 = VERTEX_POINT('',#9342);
#9342 = CARTESIAN_POINT('',(7.05,-3.74,0.));
#9343 = LINE('',#9344,#9345);
#9344 = CARTESIAN_POINT('',(7.05,-3.74,0.));
#9345 = VECTOR('',#9346,1.);
#9346 = DIRECTION('',(0.954301065121,0.298846912498,0.));
#9347 = ORIENTED_EDGE('',*,*,#9348,.F.);
#9348 = EDGE_CURVE('',#9349,#9341,#9351,.T.);
#9349 = VERTEX_POINT('',#9350);
#9350 = CARTESIAN_POINT('',(7.05,-3.026,0.));
#9351 = LINE('',#9352,#9353);
#9352 = CARTESIAN_POINT('',(7.05,-3.026,0.));
#9353 = VECTOR('',#9354,1.);
#9354 = DIRECTION('',(0.,-1.,0.));
#9355 = ORIENTED_EDGE('',*,*,#9356,.F.);
#9356 = EDGE_CURVE('',#9357,#9349,#9359,.T.);
#9357 = VERTEX_POINT('',#9358);
#9358 = CARTESIAN_POINT('',(7.62,-3.2045,0.));
#9359 = LINE('',#9360,#9361);
#9360 = CARTESIAN_POINT('',(7.62,-3.2045,0.));
#9361 = VECTOR('',#9362,1.);
#9362 = DIRECTION('',(-0.954301065121,0.298846912498,0.));
#9363 = ORIENTED_EDGE('',*,*,#9364,.T.);
#9364 = EDGE_CURVE('',#9357,#9365,#9367,.T.);
#9365 = VERTEX_POINT('',#9366);
#9366 = CARTESIAN_POINT('',(7.62,5.917,0.));
#9367 = LINE('',#9368,#9369);
#9368 = CARTESIAN_POINT('',(7.62,-5.283,0.));
#9369 = VECTOR('',#9370,1.);
#9370 = DIRECTION('',(0.,1.,0.));
#9371 = ORIENTED_EDGE('',*,*,#9372,.F.);
#9372 = EDGE_CURVE('',#9373,#9365,#9375,.T.);
#9373 = VERTEX_POINT('',#9374);
#9374 = CARTESIAN_POINT('',(-2.54,5.917,0.));
#9375 = LINE('',#9376,#9377);
#9376 = CARTESIAN_POINT('',(-2.54,5.917,0.));
#9377 = VECTOR('',#9378,1.);
#9378 = DIRECTION('',(1.,0.,0.));
#9379 = ORIENTED_EDGE('',*,*,#9380,.F.);
#9380 = EDGE_CURVE('',#9381,#9373,#9383,.T.);
#9381 = VERTEX_POINT('',#9382);
#9382 = CARTESIAN_POINT('',(-2.54,-3.2045,0.));
#9383 = LINE('',#9384,#9385);
#9384 = CARTESIAN_POINT('',(-2.54,-5.283,0.));
#9385 = VECTOR('',#9386,1.);
#9386 = DIRECTION('',(0.,1.,0.));
#9387 = ORIENTED_EDGE('',*,*,#9388,.T.);
#9388 = EDGE_CURVE('',#9381,#9389,#9391,.T.);
#9389 = VERTEX_POINT('',#9390);
#9390 = CARTESIAN_POINT('',(-3.11,-3.026,0.));
#9391 = LINE('',#9392,#9393);
#9392 = CARTESIAN_POINT('',(-2.54,-3.2045,0.));
#9393 = VECTOR('',#9394,1.);
#9394 = DIRECTION('',(-0.954301065121,0.298846912498,0.));
#9395 = ORIENTED_EDGE('',*,*,#9396,.T.);
#9396 = EDGE_CURVE('',#9389,#9397,#9399,.T.);
#9397 = VERTEX_POINT('',#9398);
#9398 = CARTESIAN_POINT('',(-3.11,-3.74,0.));
#9399 = LINE('',#9400,#9401);
#9400 = CARTESIAN_POINT('',(-3.11,-3.026,0.));
#9401 = VECTOR('',#9402,1.);
#9402 = DIRECTION('',(0.,-1.,0.));
#9403 = ORIENTED_EDGE('',*,*,#9404,.T.);
#9404 = EDGE_CURVE('',#9397,#9317,#9405,.T.);
#9405 = LINE('',#9406,#9407);
#9406 = CARTESIAN_POINT('',(-3.11,-3.74,0.));
#9407 = VECTOR('',#9408,1.);
#9408 = DIRECTION('',(0.954301065121,0.298846912498,0.));
#9409 = FACE_BOUND('',#9410,.F.);
#9410 = EDGE_LOOP('',(#9411,#9421,#9429,#9437));
#9411 = ORIENTED_EDGE('',*,*,#9412,.F.);
#9412 = EDGE_CURVE('',#9413,#9415,#9417,.T.);
#9413 = VERTEX_POINT('',#9414);
#9414 = CARTESIAN_POINT('',(4.63,-0.45,0.));
#9415 = VERTEX_POINT('',#9416);
#9416 = CARTESIAN_POINT('',(5.53,-0.45,0.));
#9417 = LINE('',#9418,#9419);
#9418 = CARTESIAN_POINT('',(1.045,-0.45,0.));
#9419 = VECTOR('',#9420,1.);
#9420 = DIRECTION('',(1.,0.,-0.));
#9421 = ORIENTED_EDGE('',*,*,#9422,.F.);
#9422 = EDGE_CURVE('',#9423,#9413,#9425,.T.);
#9423 = VERTEX_POINT('',#9424);
#9424 = CARTESIAN_POINT('',(4.63,0.45,0.));
#9425 = LINE('',#9426,#9427);
#9426 = CARTESIAN_POINT('',(4.63,-2.4165,0.));
#9427 = VECTOR('',#9428,1.);
#9428 = DIRECTION('',(0.,-1.,0.));
#9429 = ORIENTED_EDGE('',*,*,#9430,.F.);
#9430 = EDGE_CURVE('',#9431,#9423,#9433,.T.);
#9431 = VERTEX_POINT('',#9432);
#9432 = CARTESIAN_POINT('',(5.53,0.45,0.));
#9433 = LINE('',#9434,#9435);
#9434 = CARTESIAN_POINT('',(1.495,0.45,0.));
#9435 = VECTOR('',#9436,1.);
#9436 = DIRECTION('',(-1.,0.,0.));
#9437 = ORIENTED_EDGE('',*,*,#9438,.F.);
#9438 = EDGE_CURVE('',#9415,#9431,#9439,.T.);
#9439 = LINE('',#9440,#9441);
#9440 = CARTESIAN_POINT('',(5.53,-2.8665,0.));
#9441 = VECTOR('',#9442,1.);
#9442 = DIRECTION('',(0.,1.,0.));
#9443 = FACE_BOUND('',#9444,.F.);
#9444 = EDGE_LOOP('',(#9445,#9455,#9463,#9471));
#9445 = ORIENTED_EDGE('',*,*,#9446,.F.);
#9446 = EDGE_CURVE('',#9447,#9449,#9451,.T.);
#9447 = VERTEX_POINT('',#9448);
#9448 = CARTESIAN_POINT('',(-0.45,-0.45,0.));
#9449 = VERTEX_POINT('',#9450);
#9450 = CARTESIAN_POINT('',(0.45,-0.45,0.));
#9451 = LINE('',#9452,#9453);
#9452 = CARTESIAN_POINT('',(-1.495,-0.45,0.));
#9453 = VECTOR('',#9454,1.);
#9454 = DIRECTION('',(1.,0.,-0.));
#9455 = ORIENTED_EDGE('',*,*,#9456,.F.);
#9456 = EDGE_CURVE('',#9457,#9447,#9459,.T.);
#9457 = VERTEX_POINT('',#9458);
#9458 = CARTESIAN_POINT('',(-0.45,0.45,0.));
#9459 = LINE('',#9460,#9461);
#9460 = CARTESIAN_POINT('',(-0.45,-2.4165,0.));
#9461 = VECTOR('',#9462,1.);
#9462 = DIRECTION('',(0.,-1.,0.));
#9463 = ORIENTED_EDGE('',*,*,#9464,.F.);
#9464 = EDGE_CURVE('',#9465,#9457,#9467,.T.);
#9465 = VERTEX_POINT('',#9466);
#9466 = CARTESIAN_POINT('',(0.45,0.45,0.));
#9467 = LINE('',#9468,#9469);
#9468 = CARTESIAN_POINT('',(-1.045,0.45,0.));
#9469 = VECTOR('',#9470,1.);
#9470 = DIRECTION('',(-1.,0.,0.));
#9471 = ORIENTED_EDGE('',*,*,#9472,.F.);
#9472 = EDGE_CURVE('',#9449,#9465,#9473,.T.);
#9473 = LINE('',#9474,#9475);
#9474 = CARTESIAN_POINT('',(0.45,-2.8665,0.));
#9475 = VECTOR('',#9476,1.);
#9476 = DIRECTION('',(0.,1.,0.));
#9477 = PLANE('',#9478);
#9478 = AXIS2_PLACEMENT_3D('',#9479,#9480,#9481);
#9479 = CARTESIAN_POINT('',(-2.54,-5.283,0.));
#9480 = DIRECTION('',(0.,0.,1.));
#9481 = DIRECTION('',(0.,1.,0.));
#9482 = ADVANCED_FACE('',(#9483),#9563,.F.);
#9483 = FACE_BOUND('',#9484,.F.);
#9484 = EDGE_LOOP('',(#9485,#9495,#9503,#9509,#9510,#9518,#9526,#9532,
    #9533,#9541,#9549,#9557));
#9485 = ORIENTED_EDGE('',*,*,#9486,.T.);
#9486 = EDGE_CURVE('',#9487,#9489,#9491,.T.);
#9487 = VERTEX_POINT('',#9488);
#9488 = CARTESIAN_POINT('',(-2.54,-2.283,18.));
#9489 = VERTEX_POINT('',#9490);
#9490 = CARTESIAN_POINT('',(-2.54,-4.983,11.8));
#9491 = LINE('',#9492,#9493);
#9492 = CARTESIAN_POINT('',(-2.54,-2.283,18.));
#9493 = VECTOR('',#9494,1.);
#9494 = DIRECTION('',(0.,-0.39926676728,-0.916834798939));
#9495 = ORIENTED_EDGE('',*,*,#9496,.T.);
#9496 = EDGE_CURVE('',#9489,#9497,#9499,.T.);
#9497 = VERTEX_POINT('',#9498);
#9498 = CARTESIAN_POINT('',(-2.54,-5.283,11.8));
#9499 = LINE('',#9500,#9501);
#9500 = CARTESIAN_POINT('',(-2.54,-4.983,11.8));
#9501 = VECTOR('',#9502,1.);
#9502 = DIRECTION('',(0.,-1.,0.));
#9503 = ORIENTED_EDGE('',*,*,#9504,.T.);
#9504 = EDGE_CURVE('',#9497,#9315,#9505,.T.);
#9505 = LINE('',#9506,#9507);
#9506 = CARTESIAN_POINT('',(-2.54,-5.283,18.));
#9507 = VECTOR('',#9508,1.);
#9508 = DIRECTION('',(0.,0.,-1.));
#9509 = ORIENTED_EDGE('',*,*,#9314,.T.);
#9510 = ORIENTED_EDGE('',*,*,#9511,.T.);
#9511 = EDGE_CURVE('',#9317,#9512,#9514,.T.);
#9512 = VERTEX_POINT('',#9513);
#9513 = CARTESIAN_POINT('',(-2.54,-3.5615,12.));
#9514 = LINE('',#9515,#9516);
#9515 = CARTESIAN_POINT('',(-2.54,-3.5615,0.));
#9516 = VECTOR('',#9517,1.);
#9517 = DIRECTION('',(0.,0.,1.));
#9518 = ORIENTED_EDGE('',*,*,#9519,.T.);
#9519 = EDGE_CURVE('',#9512,#9520,#9522,.T.);
#9520 = VERTEX_POINT('',#9521);
#9521 = CARTESIAN_POINT('',(-2.54,-3.2045,12.));
#9522 = LINE('',#9523,#9524);
#9523 = CARTESIAN_POINT('',(-2.54,-3.5615,12.));
#9524 = VECTOR('',#9525,1.);
#9525 = DIRECTION('',(0.,1.,0.));
#9526 = ORIENTED_EDGE('',*,*,#9527,.F.);
#9527 = EDGE_CURVE('',#9381,#9520,#9528,.T.);
#9528 = LINE('',#9529,#9530);
#9529 = CARTESIAN_POINT('',(-2.54,-3.2045,0.));
#9530 = VECTOR('',#9531,1.);
#9531 = DIRECTION('',(0.,0.,1.));
#9532 = ORIENTED_EDGE('',*,*,#9380,.T.);
#9533 = ORIENTED_EDGE('',*,*,#9534,.T.);
#9534 = EDGE_CURVE('',#9373,#9535,#9537,.T.);
#9535 = VERTEX_POINT('',#9536);
#9536 = CARTESIAN_POINT('',(-2.54,5.917,9.8));
#9537 = LINE('',#9538,#9539);
#9538 = CARTESIAN_POINT('',(-2.54,5.917,0.));
#9539 = VECTOR('',#9540,1.);
#9540 = DIRECTION('',(0.,0.,1.));
#9541 = ORIENTED_EDGE('',*,*,#9542,.F.);
#9542 = EDGE_CURVE('',#9543,#9535,#9545,.T.);
#9543 = VERTEX_POINT('',#9544);
#9544 = CARTESIAN_POINT('',(-2.54,3.92,9.8));
#9545 = LINE('',#9546,#9547);
#9546 = CARTESIAN_POINT('',(-2.54,3.92,9.8));
#9547 = VECTOR('',#9548,1.);
#9548 = DIRECTION('',(0.,1.,0.));
#9549 = ORIENTED_EDGE('',*,*,#9550,.F.);
#9550 = EDGE_CURVE('',#9551,#9543,#9553,.T.);
#9551 = VERTEX_POINT('',#9552);
#9552 = CARTESIAN_POINT('',(-2.54,3.644,18.));
#9553 = LINE('',#9554,#9555);
#9554 = CARTESIAN_POINT('',(-2.54,3.644,18.));
#9555 = VECTOR('',#9556,1.);
#9556 = DIRECTION('',(0.,3.363948694083E-02,-0.999434032299));
#9557 = ORIENTED_EDGE('',*,*,#9558,.T.);
#9558 = EDGE_CURVE('',#9551,#9487,#9559,.T.);
#9559 = LINE('',#9560,#9561);
#9560 = CARTESIAN_POINT('',(-2.54,5.917,18.));
#9561 = VECTOR('',#9562,1.);
#9562 = DIRECTION('',(0.,-1.,0.));
#9563 = PLANE('',#9564);
#9564 = AXIS2_PLACEMENT_3D('',#9565,#9566,#9567);
#9565 = CARTESIAN_POINT('',(-2.54,0.317,9.));
#9566 = DIRECTION('',(1.,0.,0.));
#9567 = DIRECTION('',(-0.,0.,1.));
#9568 = ADVANCED_FACE('',(#9569,#9587,#9621),#9655,.F.);
#9569 = FACE_BOUND('',#9570,.F.);
#9570 = EDGE_LOOP('',(#9571,#9572,#9580,#9586));
#9571 = ORIENTED_EDGE('',*,*,#9504,.F.);
#9572 = ORIENTED_EDGE('',*,*,#9573,.T.);
#9573 = EDGE_CURVE('',#9497,#9574,#9576,.T.);
#9574 = VERTEX_POINT('',#9575);
#9575 = CARTESIAN_POINT('',(7.62,-5.283,11.8));
#9576 = LINE('',#9577,#9578);
#9577 = CARTESIAN_POINT('',(-2.54,-5.283,11.8));
#9578 = VECTOR('',#9579,1.);
#9579 = DIRECTION('',(1.,0.,0.));
#9580 = ORIENTED_EDGE('',*,*,#9581,.T.);
#9581 = EDGE_CURVE('',#9574,#9325,#9582,.T.);
#9582 = LINE('',#9583,#9584);
#9583 = CARTESIAN_POINT('',(7.62,-5.283,18.));
#9584 = VECTOR('',#9585,1.);
#9585 = DIRECTION('',(0.,0.,-1.));
#9586 = ORIENTED_EDGE('',*,*,#9324,.F.);
#9587 = FACE_BOUND('',#9588,.F.);
#9588 = EDGE_LOOP('',(#9589,#9599,#9607,#9615));
#9589 = ORIENTED_EDGE('',*,*,#9590,.F.);
#9590 = EDGE_CURVE('',#9591,#9593,#9595,.T.);
#9591 = VERTEX_POINT('',#9592);
#9592 = CARTESIAN_POINT('',(3.08,-5.283,3.3));
#9593 = VERTEX_POINT('',#9594);
#9594 = CARTESIAN_POINT('',(3.08,-5.283,8.8));
#9595 = LINE('',#9596,#9597);
#9596 = CARTESIAN_POINT('',(3.08,-5.283,3.3));
#9597 = VECTOR('',#9598,1.);
#9598 = DIRECTION('',(0.,0.,1.));
#9599 = ORIENTED_EDGE('',*,*,#9600,.F.);
#9600 = EDGE_CURVE('',#9601,#9591,#9603,.T.);
#9601 = VERTEX_POINT('',#9602);
#9602 = CARTESIAN_POINT('',(7.08,-5.283,3.3));
#9603 = LINE('',#9604,#9605);
#9604 = CARTESIAN_POINT('',(7.08,-5.283,3.3));
#9605 = VECTOR('',#9606,1.);
#9606 = DIRECTION('',(-1.,0.,-1.110223024625E-16));
#9607 = ORIENTED_EDGE('',*,*,#9608,.F.);
#9608 = EDGE_CURVE('',#9609,#9601,#9611,.T.);
#9609 = VERTEX_POINT('',#9610);
#9610 = CARTESIAN_POINT('',(7.08,-5.283,8.8));
#9611 = LINE('',#9612,#9613);
#9612 = CARTESIAN_POINT('',(7.08,-5.283,8.8));
#9613 = VECTOR('',#9614,1.);
#9614 = DIRECTION('',(0.,0.,-1.));
#9615 = ORIENTED_EDGE('',*,*,#9616,.F.);
#9616 = EDGE_CURVE('',#9593,#9609,#9617,.T.);
#9617 = LINE('',#9618,#9619);
#9618 = CARTESIAN_POINT('',(3.08,-5.283,8.8));
#9619 = VECTOR('',#9620,1.);
#9620 = DIRECTION('',(1.,0.,0.));
#9621 = FACE_BOUND('',#9622,.F.);
#9622 = EDGE_LOOP('',(#9623,#9633,#9641,#9649));
#9623 = ORIENTED_EDGE('',*,*,#9624,.F.);
#9624 = EDGE_CURVE('',#9625,#9627,#9629,.T.);
#9625 = VERTEX_POINT('',#9626);
#9626 = CARTESIAN_POINT('',(-2.,-5.283,3.3));
#9627 = VERTEX_POINT('',#9628);
#9628 = CARTESIAN_POINT('',(-2.,-5.283,8.8));
#9629 = LINE('',#9630,#9631);
#9630 = CARTESIAN_POINT('',(-2.,-5.283,3.3));
#9631 = VECTOR('',#9632,1.);
#9632 = DIRECTION('',(0.,0.,1.));
#9633 = ORIENTED_EDGE('',*,*,#9634,.F.);
#9634 = EDGE_CURVE('',#9635,#9625,#9637,.T.);
#9635 = VERTEX_POINT('',#9636);
#9636 = CARTESIAN_POINT('',(2.,-5.283,3.3));
#9637 = LINE('',#9638,#9639);
#9638 = CARTESIAN_POINT('',(2.,-5.283,3.3));
#9639 = VECTOR('',#9640,1.);
#9640 = DIRECTION('',(-1.,0.,-1.110223024625E-16));
#9641 = ORIENTED_EDGE('',*,*,#9642,.F.);
#9642 = EDGE_CURVE('',#9643,#9635,#9645,.T.);
#9643 = VERTEX_POINT('',#9644);
#9644 = CARTESIAN_POINT('',(2.,-5.283,8.8));
#9645 = LINE('',#9646,#9647);
#9646 = CARTESIAN_POINT('',(2.,-5.283,8.8));
#9647 = VECTOR('',#9648,1.);
#9648 = DIRECTION('',(0.,0.,-1.));
#9649 = ORIENTED_EDGE('',*,*,#9650,.F.);
#9650 = EDGE_CURVE('',#9627,#9643,#9651,.T.);
#9651 = LINE('',#9652,#9653);
#9652 = CARTESIAN_POINT('',(-2.,-5.283,8.8));
#9653 = VECTOR('',#9654,1.);
#9654 = DIRECTION('',(1.,0.,0.));
#9655 = PLANE('',#9656);
#9656 = AXIS2_PLACEMENT_3D('',#9657,#9658,#9659);
#9657 = CARTESIAN_POINT('',(-2.54,-5.283,18.));
#9658 = DIRECTION('',(-0.,1.,0.));
#9659 = DIRECTION('',(0.,0.,-1.));
#9660 = ADVANCED_FACE('',(#9661),#9679,.F.);
#9661 = FACE_BOUND('',#9662,.F.);
#9662 = EDGE_LOOP('',(#9663,#9671,#9677,#9678));
#9663 = ORIENTED_EDGE('',*,*,#9664,.T.);
#9664 = EDGE_CURVE('',#9397,#9665,#9667,.T.);
#9665 = VERTEX_POINT('',#9666);
#9666 = CARTESIAN_POINT('',(-3.11,-3.74,12.));
#9667 = LINE('',#9668,#9669);
#9668 = CARTESIAN_POINT('',(-3.11,-3.74,0.));
#9669 = VECTOR('',#9670,1.);
#9670 = DIRECTION('',(0.,0.,1.));
#9671 = ORIENTED_EDGE('',*,*,#9672,.T.);
#9672 = EDGE_CURVE('',#9665,#9512,#9673,.T.);
#9673 = LINE('',#9674,#9675);
#9674 = CARTESIAN_POINT('',(-3.11,-3.74,12.));
#9675 = VECTOR('',#9676,1.);
#9676 = DIRECTION('',(0.954301065121,0.298846912498,0.));
#9677 = ORIENTED_EDGE('',*,*,#9511,.F.);
#9678 = ORIENTED_EDGE('',*,*,#9404,.F.);
#9679 = PLANE('',#9680);
#9680 = AXIS2_PLACEMENT_3D('',#9681,#9682,#9683);
#9681 = CARTESIAN_POINT('',(-3.11,-3.74,0.));
#9682 = DIRECTION('',(-0.298846912498,0.954301065121,0.));
#9683 = DIRECTION('',(0.954301065121,0.298846912498,0.));
#9684 = ADVANCED_FACE('',(#9685),#9758,.T.);
#9685 = FACE_BOUND('',#9686,.T.);
#9686 = EDGE_LOOP('',(#9687,#9697,#9703,#9704,#9705,#9713,#9721,#9727,
    #9728,#9736,#9744,#9752));
#9687 = ORIENTED_EDGE('',*,*,#9688,.T.);
#9688 = EDGE_CURVE('',#9689,#9691,#9693,.T.);
#9689 = VERTEX_POINT('',#9690);
#9690 = CARTESIAN_POINT('',(7.62,-2.283,18.));
#9691 = VERTEX_POINT('',#9692);
#9692 = CARTESIAN_POINT('',(7.62,-4.983,11.8));
#9693 = LINE('',#9694,#9695);
#9694 = CARTESIAN_POINT('',(7.62,-2.283,18.));
#9695 = VECTOR('',#9696,1.);
#9696 = DIRECTION('',(0.,-0.39926676728,-0.916834798939));
#9697 = ORIENTED_EDGE('',*,*,#9698,.T.);
#9698 = EDGE_CURVE('',#9691,#9574,#9699,.T.);
#9699 = LINE('',#9700,#9701);
#9700 = CARTESIAN_POINT('',(7.62,-4.983,11.8));
#9701 = VECTOR('',#9702,1.);
#9702 = DIRECTION('',(0.,-1.,0.));
#9703 = ORIENTED_EDGE('',*,*,#9581,.T.);
#9704 = ORIENTED_EDGE('',*,*,#9332,.T.);
#9705 = ORIENTED_EDGE('',*,*,#9706,.T.);
#9706 = EDGE_CURVE('',#9333,#9707,#9709,.T.);
#9707 = VERTEX_POINT('',#9708);
#9708 = CARTESIAN_POINT('',(7.62,-3.5615,12.));
#9709 = LINE('',#9710,#9711);
#9710 = CARTESIAN_POINT('',(7.62,-3.5615,0.));
#9711 = VECTOR('',#9712,1.);
#9712 = DIRECTION('',(0.,0.,1.));
#9713 = ORIENTED_EDGE('',*,*,#9714,.T.);
#9714 = EDGE_CURVE('',#9707,#9715,#9717,.T.);
#9715 = VERTEX_POINT('',#9716);
#9716 = CARTESIAN_POINT('',(7.62,-3.2045,12.));
#9717 = LINE('',#9718,#9719);
#9718 = CARTESIAN_POINT('',(7.62,-3.5615,12.));
#9719 = VECTOR('',#9720,1.);
#9720 = DIRECTION('',(0.,1.,0.));
#9721 = ORIENTED_EDGE('',*,*,#9722,.F.);
#9722 = EDGE_CURVE('',#9357,#9715,#9723,.T.);
#9723 = LINE('',#9724,#9725);
#9724 = CARTESIAN_POINT('',(7.62,-3.2045,0.));
#9725 = VECTOR('',#9726,1.);
#9726 = DIRECTION('',(0.,0.,1.));
#9727 = ORIENTED_EDGE('',*,*,#9364,.T.);
#9728 = ORIENTED_EDGE('',*,*,#9729,.T.);
#9729 = EDGE_CURVE('',#9365,#9730,#9732,.T.);
#9730 = VERTEX_POINT('',#9731);
#9731 = CARTESIAN_POINT('',(7.62,5.917,9.8));
#9732 = LINE('',#9733,#9734);
#9733 = CARTESIAN_POINT('',(7.62,5.917,0.));
#9734 = VECTOR('',#9735,1.);
#9735 = DIRECTION('',(0.,0.,1.));
#9736 = ORIENTED_EDGE('',*,*,#9737,.F.);
#9737 = EDGE_CURVE('',#9738,#9730,#9740,.T.);
#9738 = VERTEX_POINT('',#9739);
#9739 = CARTESIAN_POINT('',(7.62,3.92,9.8));
#9740 = LINE('',#9741,#9742);
#9741 = CARTESIAN_POINT('',(7.62,3.92,9.8));
#9742 = VECTOR('',#9743,1.);
#9743 = DIRECTION('',(0.,1.,0.));
#9744 = ORIENTED_EDGE('',*,*,#9745,.F.);
#9745 = EDGE_CURVE('',#9746,#9738,#9748,.T.);
#9746 = VERTEX_POINT('',#9747);
#9747 = CARTESIAN_POINT('',(7.62,3.644,18.));
#9748 = LINE('',#9749,#9750);
#9749 = CARTESIAN_POINT('',(7.62,3.644,18.));
#9750 = VECTOR('',#9751,1.);
#9751 = DIRECTION('',(0.,3.363948694083E-02,-0.999434032299));
#9752 = ORIENTED_EDGE('',*,*,#9753,.T.);
#9753 = EDGE_CURVE('',#9746,#9689,#9754,.T.);
#9754 = LINE('',#9755,#9756);
#9755 = CARTESIAN_POINT('',(7.62,5.917,18.));
#9756 = VECTOR('',#9757,1.);
#9757 = DIRECTION('',(0.,-1.,0.));
#9758 = PLANE('',#9759);
#9759 = AXIS2_PLACEMENT_3D('',#9760,#9761,#9762);
#9760 = CARTESIAN_POINT('',(7.62,0.317,9.));
#9761 = DIRECTION('',(1.,0.,0.));
#9762 = DIRECTION('',(-0.,0.,1.));
#9763 = ADVANCED_FACE('',(#9764),#9782,.F.);
#9764 = FACE_BOUND('',#9765,.F.);
#9765 = EDGE_LOOP('',(#9766,#9774,#9780,#9781));
#9766 = ORIENTED_EDGE('',*,*,#9767,.T.);
#9767 = EDGE_CURVE('',#9389,#9768,#9770,.T.);
#9768 = VERTEX_POINT('',#9769);
#9769 = CARTESIAN_POINT('',(-3.11,-3.026,12.));
#9770 = LINE('',#9771,#9772);
#9771 = CARTESIAN_POINT('',(-3.11,-3.026,0.));
#9772 = VECTOR('',#9773,1.);
#9773 = DIRECTION('',(0.,0.,1.));
#9774 = ORIENTED_EDGE('',*,*,#9775,.T.);
#9775 = EDGE_CURVE('',#9768,#9665,#9776,.T.);
#9776 = LINE('',#9777,#9778);
#9777 = CARTESIAN_POINT('',(-3.11,-3.026,12.));
#9778 = VECTOR('',#9779,1.);
#9779 = DIRECTION('',(0.,-1.,0.));
#9780 = ORIENTED_EDGE('',*,*,#9664,.F.);
#9781 = ORIENTED_EDGE('',*,*,#9396,.F.);
#9782 = PLANE('',#9783);
#9783 = AXIS2_PLACEMENT_3D('',#9784,#9785,#9786);
#9784 = CARTESIAN_POINT('',(-3.11,-3.026,0.));
#9785 = DIRECTION('',(1.,0.,-0.));
#9786 = DIRECTION('',(0.,-1.,0.));
#9787 = ADVANCED_FACE('',(#9788),#9806,.T.);
#9788 = FACE_BOUND('',#9789,.T.);
#9789 = EDGE_LOOP('',(#9790,#9798,#9804,#9805));
#9790 = ORIENTED_EDGE('',*,*,#9791,.T.);
#9791 = EDGE_CURVE('',#9341,#9792,#9794,.T.);
#9792 = VERTEX_POINT('',#9793);
#9793 = CARTESIAN_POINT('',(7.05,-3.74,12.));
#9794 = LINE('',#9795,#9796);
#9795 = CARTESIAN_POINT('',(7.05,-3.74,0.));
#9796 = VECTOR('',#9797,1.);
#9797 = DIRECTION('',(0.,0.,1.));
#9798 = ORIENTED_EDGE('',*,*,#9799,.T.);
#9799 = EDGE_CURVE('',#9792,#9707,#9800,.T.);
#9800 = LINE('',#9801,#9802);
#9801 = CARTESIAN_POINT('',(7.05,-3.74,12.));
#9802 = VECTOR('',#9803,1.);
#9803 = DIRECTION('',(0.954301065121,0.298846912498,0.));
#9804 = ORIENTED_EDGE('',*,*,#9706,.F.);
#9805 = ORIENTED_EDGE('',*,*,#9340,.F.);
#9806 = PLANE('',#9807);
#9807 = AXIS2_PLACEMENT_3D('',#9808,#9809,#9810);
#9808 = CARTESIAN_POINT('',(7.05,-3.74,0.));
#9809 = DIRECTION('',(-0.298846912498,0.954301065121,0.));
#9810 = DIRECTION('',(0.954301065121,0.298846912498,0.));
#9811 = ADVANCED_FACE('',(#9812),#9823,.F.);
#9812 = FACE_BOUND('',#9813,.F.);
#9813 = EDGE_LOOP('',(#9814,#9815,#9821,#9822));
#9814 = ORIENTED_EDGE('',*,*,#9527,.T.);
#9815 = ORIENTED_EDGE('',*,*,#9816,.T.);
#9816 = EDGE_CURVE('',#9520,#9768,#9817,.T.);
#9817 = LINE('',#9818,#9819);
#9818 = CARTESIAN_POINT('',(-2.54,-3.2045,12.));
#9819 = VECTOR('',#9820,1.);
#9820 = DIRECTION('',(-0.954301065121,0.298846912498,0.));
#9821 = ORIENTED_EDGE('',*,*,#9767,.F.);
#9822 = ORIENTED_EDGE('',*,*,#9388,.F.);
#9823 = PLANE('',#9824);
#9824 = AXIS2_PLACEMENT_3D('',#9825,#9826,#9827);
#9825 = CARTESIAN_POINT('',(-2.54,-3.2045,0.));
#9826 = DIRECTION('',(-0.298846912498,-0.954301065121,0.));
#9827 = DIRECTION('',(-0.954301065121,0.298846912498,0.));
#9828 = ADVANCED_FACE('',(#9829),#9847,.T.);
#9829 = FACE_BOUND('',#9830,.T.);
#9830 = EDGE_LOOP('',(#9831,#9839,#9845,#9846));
#9831 = ORIENTED_EDGE('',*,*,#9832,.T.);
#9832 = EDGE_CURVE('',#9349,#9833,#9835,.T.);
#9833 = VERTEX_POINT('',#9834);
#9834 = CARTESIAN_POINT('',(7.05,-3.026,12.));
#9835 = LINE('',#9836,#9837);
#9836 = CARTESIAN_POINT('',(7.05,-3.026,0.));
#9837 = VECTOR('',#9838,1.);
#9838 = DIRECTION('',(0.,0.,1.));
#9839 = ORIENTED_EDGE('',*,*,#9840,.T.);
#9840 = EDGE_CURVE('',#9833,#9792,#9841,.T.);
#9841 = LINE('',#9842,#9843);
#9842 = CARTESIAN_POINT('',(7.05,-3.026,12.));
#9843 = VECTOR('',#9844,1.);
#9844 = DIRECTION('',(0.,-1.,0.));
#9845 = ORIENTED_EDGE('',*,*,#9791,.F.);
#9846 = ORIENTED_EDGE('',*,*,#9348,.F.);
#9847 = PLANE('',#9848);
#9848 = AXIS2_PLACEMENT_3D('',#9849,#9850,#9851);
#9849 = CARTESIAN_POINT('',(7.05,-3.026,0.));
#9850 = DIRECTION('',(1.,0.,-0.));
#9851 = DIRECTION('',(0.,-1.,0.));
#9852 = ADVANCED_FACE('',(#9853),#9864,.T.);
#9853 = FACE_BOUND('',#9854,.T.);
#9854 = EDGE_LOOP('',(#9855,#9856,#9862,#9863));
#9855 = ORIENTED_EDGE('',*,*,#9722,.T.);
#9856 = ORIENTED_EDGE('',*,*,#9857,.T.);
#9857 = EDGE_CURVE('',#9715,#9833,#9858,.T.);
#9858 = LINE('',#9859,#9860);
#9859 = CARTESIAN_POINT('',(7.62,-3.2045,12.));
#9860 = VECTOR('',#9861,1.);
#9861 = DIRECTION('',(-0.954301065121,0.298846912498,0.));
#9862 = ORIENTED_EDGE('',*,*,#9832,.F.);
#9863 = ORIENTED_EDGE('',*,*,#9356,.F.);
#9864 = PLANE('',#9865);
#9865 = AXIS2_PLACEMENT_3D('',#9866,#9867,#9868);
#9866 = CARTESIAN_POINT('',(7.62,-3.2045,0.));
#9867 = DIRECTION('',(-0.298846912498,-0.954301065121,0.));
#9868 = DIRECTION('',(-0.954301065121,0.298846912498,0.));
#9869 = ADVANCED_FACE('',(#9870),#9881,.F.);
#9870 = FACE_BOUND('',#9871,.F.);
#9871 = EDGE_LOOP('',(#9872,#9873,#9874,#9875));
#9872 = ORIENTED_EDGE('',*,*,#9534,.F.);
#9873 = ORIENTED_EDGE('',*,*,#9372,.T.);
#9874 = ORIENTED_EDGE('',*,*,#9729,.T.);
#9875 = ORIENTED_EDGE('',*,*,#9876,.F.);
#9876 = EDGE_CURVE('',#9535,#9730,#9877,.T.);
#9877 = LINE('',#9878,#9879);
#9878 = CARTESIAN_POINT('',(-2.54,5.917,9.8));
#9879 = VECTOR('',#9880,1.);
#9880 = DIRECTION('',(1.,0.,0.));
#9881 = PLANE('',#9882);
#9882 = AXIS2_PLACEMENT_3D('',#9883,#9884,#9885);
#9883 = CARTESIAN_POINT('',(-2.54,5.917,0.));
#9884 = DIRECTION('',(0.,-1.,0.));
#9885 = DIRECTION('',(0.,0.,1.));
#9886 = ADVANCED_FACE('',(#9887),#9912,.T.);
#9887 = FACE_BOUND('',#9888,.T.);
#9888 = EDGE_LOOP('',(#9889,#9890,#9898,#9906));
#9889 = ORIENTED_EDGE('',*,*,#9412,.F.);
#9890 = ORIENTED_EDGE('',*,*,#9891,.T.);
#9891 = EDGE_CURVE('',#9413,#9892,#9894,.T.);
#9892 = VERTEX_POINT('',#9893);
#9893 = CARTESIAN_POINT('',(4.63,-0.45,-5.));
#9894 = LINE('',#9895,#9896);
#9895 = CARTESIAN_POINT('',(4.63,-0.45,3.3));
#9896 = VECTOR('',#9897,1.);
#9897 = DIRECTION('',(-0.,-0.,-1.));
#9898 = ORIENTED_EDGE('',*,*,#9899,.T.);
#9899 = EDGE_CURVE('',#9892,#9900,#9902,.T.);
#9900 = VERTEX_POINT('',#9901);
#9901 = CARTESIAN_POINT('',(5.53,-0.45,-5.));
#9902 = LINE('',#9903,#9904);
#9903 = CARTESIAN_POINT('',(4.63,-0.45,-5.));
#9904 = VECTOR('',#9905,1.);
#9905 = DIRECTION('',(1.,0.,0.));
#9906 = ORIENTED_EDGE('',*,*,#9907,.F.);
#9907 = EDGE_CURVE('',#9415,#9900,#9908,.T.);
#9908 = LINE('',#9909,#9910);
#9909 = CARTESIAN_POINT('',(5.53,-0.45,3.3));
#9910 = VECTOR('',#9911,1.);
#9911 = DIRECTION('',(-0.,-0.,-1.));
#9912 = PLANE('',#9913);
#9913 = AXIS2_PLACEMENT_3D('',#9914,#9915,#9916);
#9914 = CARTESIAN_POINT('',(4.63,-0.45,3.3));
#9915 = DIRECTION('',(0.,-1.,0.));
#9916 = DIRECTION('',(1.,0.,0.));
#9917 = ADVANCED_FACE('',(#9918),#9936,.T.);
#9918 = FACE_BOUND('',#9919,.T.);
#9919 = EDGE_LOOP('',(#9920,#9921,#9922,#9930));
#9920 = ORIENTED_EDGE('',*,*,#9438,.F.);
#9921 = ORIENTED_EDGE('',*,*,#9907,.T.);
#9922 = ORIENTED_EDGE('',*,*,#9923,.T.);
#9923 = EDGE_CURVE('',#9900,#9924,#9926,.T.);
#9924 = VERTEX_POINT('',#9925);
#9925 = CARTESIAN_POINT('',(5.53,0.45,-5.));
#9926 = LINE('',#9927,#9928);
#9927 = CARTESIAN_POINT('',(5.53,-0.45,-5.));
#9928 = VECTOR('',#9929,1.);
#9929 = DIRECTION('',(0.,1.,0.));
#9930 = ORIENTED_EDGE('',*,*,#9931,.F.);
#9931 = EDGE_CURVE('',#9431,#9924,#9932,.T.);
#9932 = LINE('',#9933,#9934);
#9933 = CARTESIAN_POINT('',(5.53,0.45,3.3));
#9934 = VECTOR('',#9935,1.);
#9935 = DIRECTION('',(-0.,-0.,-1.));
#9936 = PLANE('',#9937);
#9937 = AXIS2_PLACEMENT_3D('',#9938,#9939,#9940);
#9938 = CARTESIAN_POINT('',(5.53,-0.45,3.3));
#9939 = DIRECTION('',(1.,0.,0.));
#9940 = DIRECTION('',(-0.,1.,0.));
#9941 = ADVANCED_FACE('',(#9942),#9960,.T.);
#9942 = FACE_BOUND('',#9943,.T.);
#9943 = EDGE_LOOP('',(#9944,#9945,#9946,#9954));
#9944 = ORIENTED_EDGE('',*,*,#9430,.F.);
#9945 = ORIENTED_EDGE('',*,*,#9931,.T.);
#9946 = ORIENTED_EDGE('',*,*,#9947,.T.);
#9947 = EDGE_CURVE('',#9924,#9948,#9950,.T.);
#9948 = VERTEX_POINT('',#9949);
#9949 = CARTESIAN_POINT('',(4.63,0.45,-5.));
#9950 = LINE('',#9951,#9952);
#9951 = CARTESIAN_POINT('',(5.53,0.45,-5.));
#9952 = VECTOR('',#9953,1.);
#9953 = DIRECTION('',(-1.,0.,0.));
#9954 = ORIENTED_EDGE('',*,*,#9955,.F.);
#9955 = EDGE_CURVE('',#9423,#9948,#9956,.T.);
#9956 = LINE('',#9957,#9958);
#9957 = CARTESIAN_POINT('',(4.63,0.45,3.3));
#9958 = VECTOR('',#9959,1.);
#9959 = DIRECTION('',(-0.,-0.,-1.));
#9960 = PLANE('',#9961);
#9961 = AXIS2_PLACEMENT_3D('',#9962,#9963,#9964);
#9962 = CARTESIAN_POINT('',(5.53,0.45,3.3));
#9963 = DIRECTION('',(0.,1.,-0.));
#9964 = DIRECTION('',(-1.,0.,0.));
#9965 = ADVANCED_FACE('',(#9966),#9977,.T.);
#9966 = FACE_BOUND('',#9967,.T.);
#9967 = EDGE_LOOP('',(#9968,#9969,#9970,#9976));
#9968 = ORIENTED_EDGE('',*,*,#9422,.F.);
#9969 = ORIENTED_EDGE('',*,*,#9955,.T.);
#9970 = ORIENTED_EDGE('',*,*,#9971,.T.);
#9971 = EDGE_CURVE('',#9948,#9892,#9972,.T.);
#9972 = LINE('',#9973,#9974);
#9973 = CARTESIAN_POINT('',(4.63,0.45,-5.));
#9974 = VECTOR('',#9975,1.);
#9975 = DIRECTION('',(0.,-1.,0.));
#9976 = ORIENTED_EDGE('',*,*,#9891,.F.);
#9977 = PLANE('',#9978);
#9978 = AXIS2_PLACEMENT_3D('',#9979,#9980,#9981);
#9979 = CARTESIAN_POINT('',(4.63,0.45,3.3));
#9980 = DIRECTION('',(-1.,0.,0.));
#9981 = DIRECTION('',(0.,-1.,0.));
#9982 = ADVANCED_FACE('',(#9983),#10008,.T.);
#9983 = FACE_BOUND('',#9984,.T.);
#9984 = EDGE_LOOP('',(#9985,#9986,#9994,#10002));
#9985 = ORIENTED_EDGE('',*,*,#9446,.F.);
#9986 = ORIENTED_EDGE('',*,*,#9987,.T.);
#9987 = EDGE_CURVE('',#9447,#9988,#9990,.T.);
#9988 = VERTEX_POINT('',#9989);
#9989 = CARTESIAN_POINT('',(-0.45,-0.45,-5.));
#9990 = LINE('',#9991,#9992);
#9991 = CARTESIAN_POINT('',(-0.45,-0.45,3.3));
#9992 = VECTOR('',#9993,1.);
#9993 = DIRECTION('',(-0.,-0.,-1.));
#9994 = ORIENTED_EDGE('',*,*,#9995,.T.);
#9995 = EDGE_CURVE('',#9988,#9996,#9998,.T.);
#9996 = VERTEX_POINT('',#9997);
#9997 = CARTESIAN_POINT('',(0.45,-0.45,-5.));
#9998 = LINE('',#9999,#10000);
#9999 = CARTESIAN_POINT('',(-0.45,-0.45,-5.));
#10000 = VECTOR('',#10001,1.);
#10001 = DIRECTION('',(1.,0.,0.));
#10002 = ORIENTED_EDGE('',*,*,#10003,.F.);
#10003 = EDGE_CURVE('',#9449,#9996,#10004,.T.);
#10004 = LINE('',#10005,#10006);
#10005 = CARTESIAN_POINT('',(0.45,-0.45,3.3));
#10006 = VECTOR('',#10007,1.);
#10007 = DIRECTION('',(-0.,-0.,-1.));
#10008 = PLANE('',#10009);
#10009 = AXIS2_PLACEMENT_3D('',#10010,#10011,#10012);
#10010 = CARTESIAN_POINT('',(-0.45,-0.45,3.3));
#10011 = DIRECTION('',(0.,-1.,0.));
#10012 = DIRECTION('',(1.,0.,0.));
#10013 = ADVANCED_FACE('',(#10014),#10032,.T.);
#10014 = FACE_BOUND('',#10015,.T.);
#10015 = EDGE_LOOP('',(#10016,#10017,#10018,#10026));
#10016 = ORIENTED_EDGE('',*,*,#9472,.F.);
#10017 = ORIENTED_EDGE('',*,*,#10003,.T.);
#10018 = ORIENTED_EDGE('',*,*,#10019,.T.);
#10019 = EDGE_CURVE('',#9996,#10020,#10022,.T.);
#10020 = VERTEX_POINT('',#10021);
#10021 = CARTESIAN_POINT('',(0.45,0.45,-5.));
#10022 = LINE('',#10023,#10024);
#10023 = CARTESIAN_POINT('',(0.45,-0.45,-5.));
#10024 = VECTOR('',#10025,1.);
#10025 = DIRECTION('',(0.,1.,0.));
#10026 = ORIENTED_EDGE('',*,*,#10027,.F.);
#10027 = EDGE_CURVE('',#9465,#10020,#10028,.T.);
#10028 = LINE('',#10029,#10030);
#10029 = CARTESIAN_POINT('',(0.45,0.45,3.3));
#10030 = VECTOR('',#10031,1.);
#10031 = DIRECTION('',(-0.,-0.,-1.));
#10032 = PLANE('',#10033);
#10033 = AXIS2_PLACEMENT_3D('',#10034,#10035,#10036);
#10034 = CARTESIAN_POINT('',(0.45,-0.45,3.3));
#10035 = DIRECTION('',(1.,0.,0.));
#10036 = DIRECTION('',(-0.,1.,0.));
#10037 = ADVANCED_FACE('',(#10038),#10056,.T.);
#10038 = FACE_BOUND('',#10039,.T.);
#10039 = EDGE_LOOP('',(#10040,#10041,#10042,#10050));
#10040 = ORIENTED_EDGE('',*,*,#9464,.F.);
#10041 = ORIENTED_EDGE('',*,*,#10027,.T.);
#10042 = ORIENTED_EDGE('',*,*,#10043,.T.);
#10043 = EDGE_CURVE('',#10020,#10044,#10046,.T.);
#10044 = VERTEX_POINT('',#10045);
#10045 = CARTESIAN_POINT('',(-0.45,0.45,-5.));
#10046 = LINE('',#10047,#10048);
#10047 = CARTESIAN_POINT('',(0.45,0.45,-5.));
#10048 = VECTOR('',#10049,1.);
#10049 = DIRECTION('',(-1.,0.,0.));
#10050 = ORIENTED_EDGE('',*,*,#10051,.F.);
#10051 = EDGE_CURVE('',#9457,#10044,#10052,.T.);
#10052 = LINE('',#10053,#10054);
#10053 = CARTESIAN_POINT('',(-0.45,0.45,3.3));
#10054 = VECTOR('',#10055,1.);
#10055 = DIRECTION('',(-0.,-0.,-1.));
#10056 = PLANE('',#10057);
#10057 = AXIS2_PLACEMENT_3D('',#10058,#10059,#10060);
#10058 = CARTESIAN_POINT('',(0.45,0.45,3.3));
#10059 = DIRECTION('',(0.,1.,-0.));
#10060 = DIRECTION('',(-1.,0.,0.));
#10061 = ADVANCED_FACE('',(#10062),#10073,.T.);
#10062 = FACE_BOUND('',#10063,.T.);
#10063 = EDGE_LOOP('',(#10064,#10065,#10066,#10072));
#10064 = ORIENTED_EDGE('',*,*,#9456,.F.);
#10065 = ORIENTED_EDGE('',*,*,#10051,.T.);
#10066 = ORIENTED_EDGE('',*,*,#10067,.T.);
#10067 = EDGE_CURVE('',#10044,#9988,#10068,.T.);
#10068 = LINE('',#10069,#10070);
#10069 = CARTESIAN_POINT('',(-0.45,0.45,-5.));
#10070 = VECTOR('',#10071,1.);
#10071 = DIRECTION('',(0.,-1.,0.));
#10072 = ORIENTED_EDGE('',*,*,#9987,.F.);
#10073 = PLANE('',#10074);
#10074 = AXIS2_PLACEMENT_3D('',#10075,#10076,#10077);
#10075 = CARTESIAN_POINT('',(-0.45,0.45,3.3));
#10076 = DIRECTION('',(-1.,0.,0.));
#10077 = DIRECTION('',(0.,-1.,0.));
#10078 = ADVANCED_FACE('',(#10079),#10095,.F.);
#10079 = FACE_BOUND('',#10080,.F.);
#10080 = EDGE_LOOP('',(#10081,#10087,#10088,#10094));
#10081 = ORIENTED_EDGE('',*,*,#10082,.T.);
#10082 = EDGE_CURVE('',#9487,#9689,#10083,.T.);
#10083 = LINE('',#10084,#10085);
#10084 = CARTESIAN_POINT('',(-2.54,-2.283,18.));
#10085 = VECTOR('',#10086,1.);
#10086 = DIRECTION('',(1.,0.,0.));
#10087 = ORIENTED_EDGE('',*,*,#9688,.T.);
#10088 = ORIENTED_EDGE('',*,*,#10089,.F.);
#10089 = EDGE_CURVE('',#9489,#9691,#10090,.T.);
#10090 = LINE('',#10091,#10092);
#10091 = CARTESIAN_POINT('',(-2.54,-4.983,11.8));
#10092 = VECTOR('',#10093,1.);
#10093 = DIRECTION('',(1.,0.,0.));
#10094 = ORIENTED_EDGE('',*,*,#9486,.F.);
#10095 = PLANE('',#10096);
#10096 = AXIS2_PLACEMENT_3D('',#10097,#10098,#10099);
#10097 = CARTESIAN_POINT('',(-2.54,-2.283,18.));
#10098 = DIRECTION('',(0.,0.916834798939,-0.39926676728));
#10099 = DIRECTION('',(0.,-0.39926676728,-0.916834798939));
#10100 = ADVANCED_FACE('',(#10101,#10112,#10123),#10134,.F.);
#10101 = FACE_BOUND('',#10102,.F.);
#10102 = EDGE_LOOP('',(#10103,#10104,#10110,#10111));
#10103 = ORIENTED_EDGE('',*,*,#9558,.F.);
#10104 = ORIENTED_EDGE('',*,*,#10105,.T.);
#10105 = EDGE_CURVE('',#9551,#9746,#10106,.T.);
#10106 = LINE('',#10107,#10108);
#10107 = CARTESIAN_POINT('',(-2.54,3.644,18.));
#10108 = VECTOR('',#10109,1.);
#10109 = DIRECTION('',(1.,0.,0.));
#10110 = ORIENTED_EDGE('',*,*,#9753,.T.);
#10111 = ORIENTED_EDGE('',*,*,#10082,.F.);
#10112 = FACE_BOUND('',#10113,.F.);
#10113 = EDGE_LOOP('',(#10114));
#10114 = ORIENTED_EDGE('',*,*,#10115,.T.);
#10115 = EDGE_CURVE('',#10116,#10116,#10118,.T.);
#10116 = VERTEX_POINT('',#10117);
#10117 = CARTESIAN_POINT('',(7.08,0.217,18.));
#10118 = CIRCLE('',#10119,2.);
#10119 = AXIS2_PLACEMENT_3D('',#10120,#10121,#10122);
#10120 = CARTESIAN_POINT('',(5.08,0.217,18.));
#10121 = DIRECTION('',(0.,0.,1.));
#10122 = DIRECTION('',(1.,0.,-0.));
#10123 = FACE_BOUND('',#10124,.F.);
#10124 = EDGE_LOOP('',(#10125));
#10125 = ORIENTED_EDGE('',*,*,#10126,.T.);
#10126 = EDGE_CURVE('',#10127,#10127,#10129,.T.);
#10127 = VERTEX_POINT('',#10128);
#10128 = CARTESIAN_POINT('',(2.,0.217,18.));
#10129 = CIRCLE('',#10130,2.);
#10130 = AXIS2_PLACEMENT_3D('',#10131,#10132,#10133);
#10131 = CARTESIAN_POINT('',(0.,0.217,18.));
#10132 = DIRECTION('',(0.,0.,1.));
#10133 = DIRECTION('',(1.,0.,-0.));
#10134 = PLANE('',#10135);
#10135 = AXIS2_PLACEMENT_3D('',#10136,#10137,#10138);
#10136 = CARTESIAN_POINT('',(-2.54,5.917,18.));
#10137 = DIRECTION('',(0.,0.,-1.));
#10138 = DIRECTION('',(0.,-1.,0.));
#10139 = ADVANCED_FACE('',(#10140),#10151,.T.);
#10140 = FACE_BOUND('',#10141,.T.);
#10141 = EDGE_LOOP('',(#10142,#10143,#10144,#10150));
#10142 = ORIENTED_EDGE('',*,*,#10105,.T.);
#10143 = ORIENTED_EDGE('',*,*,#9745,.T.);
#10144 = ORIENTED_EDGE('',*,*,#10145,.F.);
#10145 = EDGE_CURVE('',#9543,#9738,#10146,.T.);
#10146 = LINE('',#10147,#10148);
#10147 = CARTESIAN_POINT('',(-2.54,3.92,9.8));
#10148 = VECTOR('',#10149,1.);
#10149 = DIRECTION('',(1.,0.,0.));
#10150 = ORIENTED_EDGE('',*,*,#9550,.F.);
#10151 = PLANE('',#10152);
#10152 = AXIS2_PLACEMENT_3D('',#10153,#10154,#10155);
#10153 = CARTESIAN_POINT('',(-2.54,3.644,18.));
#10154 = DIRECTION('',(-0.,0.999434032299,3.363948694083E-02));
#10155 = DIRECTION('',(0.,3.363948694083E-02,-0.999434032299));
#10156 = ADVANCED_FACE('',(#10157),#10163,.T.);
#10157 = FACE_BOUND('',#10158,.T.);
#10158 = EDGE_LOOP('',(#10159,#10160,#10161,#10162));
#10159 = ORIENTED_EDGE('',*,*,#10145,.T.);
#10160 = ORIENTED_EDGE('',*,*,#9737,.T.);
#10161 = ORIENTED_EDGE('',*,*,#9876,.F.);
#10162 = ORIENTED_EDGE('',*,*,#9542,.F.);
#10163 = PLANE('',#10164);
#10164 = AXIS2_PLACEMENT_3D('',#10165,#10166,#10167);
#10165 = CARTESIAN_POINT('',(-2.54,3.92,9.8));
#10166 = DIRECTION('',(0.,0.,1.));
#10167 = DIRECTION('',(0.,1.,0.));
#10168 = ADVANCED_FACE('',(#10169),#10175,.T.);
#10169 = FACE_BOUND('',#10170,.T.);
#10170 = EDGE_LOOP('',(#10171,#10172,#10173,#10174));
#10171 = ORIENTED_EDGE('',*,*,#9816,.T.);
#10172 = ORIENTED_EDGE('',*,*,#9775,.T.);
#10173 = ORIENTED_EDGE('',*,*,#9672,.T.);
#10174 = ORIENTED_EDGE('',*,*,#9519,.T.);
#10175 = PLANE('',#10176);
#10176 = AXIS2_PLACEMENT_3D('',#10177,#10178,#10179);
#10177 = CARTESIAN_POINT('',(-2.869908800733,-3.383,12.));
#10178 = DIRECTION('',(0.,0.,1.));
#10179 = DIRECTION('',(1.,0.,-0.));
#10180 = ADVANCED_FACE('',(#10181),#10187,.F.);
#10181 = FACE_BOUND('',#10182,.F.);
#10182 = EDGE_LOOP('',(#10183,#10184,#10185,#10186));
#10183 = ORIENTED_EDGE('',*,*,#10089,.T.);
#10184 = ORIENTED_EDGE('',*,*,#9698,.T.);
#10185 = ORIENTED_EDGE('',*,*,#9573,.F.);
#10186 = ORIENTED_EDGE('',*,*,#9496,.F.);
#10187 = PLANE('',#10188);
#10188 = AXIS2_PLACEMENT_3D('',#10189,#10190,#10191);
#10189 = CARTESIAN_POINT('',(-2.54,-4.983,11.8));
#10190 = DIRECTION('',(0.,0.,-1.));
#10191 = DIRECTION('',(0.,-1.,0.));
#10192 = ADVANCED_FACE('',(#10193),#10216,.F.);
#10193 = FACE_BOUND('',#10194,.F.);
#10194 = EDGE_LOOP('',(#10195,#10205,#10210,#10211));
#10195 = ORIENTED_EDGE('',*,*,#10196,.T.);
#10196 = EDGE_CURVE('',#10197,#10199,#10201,.T.);
#10197 = VERTEX_POINT('',#10198);
#10198 = CARTESIAN_POINT('',(3.68,-3.083,8.));
#10199 = VERTEX_POINT('',#10200);
#10200 = CARTESIAN_POINT('',(3.68,-3.083,3.3));
#10201 = LINE('',#10202,#10203);
#10202 = CARTESIAN_POINT('',(3.68,-3.083,8.));
#10203 = VECTOR('',#10204,1.);
#10204 = DIRECTION('',(0.,0.,-1.));
#10205 = ORIENTED_EDGE('',*,*,#10206,.T.);
#10206 = EDGE_CURVE('',#10199,#9591,#10207,.T.);
#10207 = B_SPLINE_CURVE_WITH_KNOTS('',1,(#10208,#10209),.UNSPECIFIED.,
  .F.,.F.,(2,2),(0.,1.),.PIECEWISE_BEZIER_KNOTS.);
#10208 = CARTESIAN_POINT('',(3.68,-3.083,3.3));
#10209 = CARTESIAN_POINT('',(3.08,-5.283,3.3));
#10210 = ORIENTED_EDGE('',*,*,#9590,.T.);
#10211 = ORIENTED_EDGE('',*,*,#10212,.F.);
#10212 = EDGE_CURVE('',#10197,#9593,#10213,.T.);
#10213 = B_SPLINE_CURVE_WITH_KNOTS('',1,(#10214,#10215),.UNSPECIFIED.,
  .F.,.F.,(2,2),(0.,1.),.PIECEWISE_BEZIER_KNOTS.);
#10214 = CARTESIAN_POINT('',(3.68,-3.083,8.));
#10215 = CARTESIAN_POINT('',(3.08,-5.283,8.8));
#10216 = B_SPLINE_SURFACE_WITH_KNOTS('',1,1,(
    (#10217,#10218)
    ,(#10219,#10220
    )),.UNSPECIFIED.,.F.,.F.,.F.,(2,2),(2,2),(-5.5,0.),(0.,1.),
  .PIECEWISE_BEZIER_KNOTS.);
#10217 = CARTESIAN_POINT('',(3.68,-3.083,8.));
#10218 = CARTESIAN_POINT('',(3.08,-5.283,8.8));
#10219 = CARTESIAN_POINT('',(3.68,-3.083,3.3));
#10220 = CARTESIAN_POINT('',(3.08,-5.283,3.3));
#10221 = ADVANCED_FACE('',(#10222),#10255,.F.);
#10222 = FACE_BOUND('',#10223,.F.);
#10223 = EDGE_LOOP('',(#10224,#10225,#10233,#10241,#10249,#10254));
#10224 = ORIENTED_EDGE('',*,*,#10206,.F.);
#10225 = ORIENTED_EDGE('',*,*,#10226,.T.);
#10226 = EDGE_CURVE('',#10199,#10227,#10229,.T.);
#10227 = VERTEX_POINT('',#10228);
#10228 = CARTESIAN_POINT('',(3.68,-2.,3.3));
#10229 = LINE('',#10230,#10231);
#10230 = CARTESIAN_POINT('',(3.68,-105.283,3.3));
#10231 = VECTOR('',#10232,1.);
#10232 = DIRECTION('',(-0.,1.,-0.));
#10233 = ORIENTED_EDGE('',*,*,#10234,.T.);
#10234 = EDGE_CURVE('',#10227,#10235,#10237,.T.);
#10235 = VERTEX_POINT('',#10236);
#10236 = CARTESIAN_POINT('',(6.48,-2.,3.3));
#10237 = LINE('',#10238,#10239);
#10238 = CARTESIAN_POINT('',(3.68,-2.,3.3));
#10239 = VECTOR('',#10240,1.);
#10240 = DIRECTION('',(1.,0.,0.));
#10241 = ORIENTED_EDGE('',*,*,#10242,.F.);
#10242 = EDGE_CURVE('',#10243,#10235,#10245,.T.);
#10243 = VERTEX_POINT('',#10244);
#10244 = CARTESIAN_POINT('',(6.48,-3.083,3.3));
#10245 = LINE('',#10246,#10247);
#10246 = CARTESIAN_POINT('',(6.48,-105.283,3.3));
#10247 = VECTOR('',#10248,1.);
#10248 = DIRECTION('',(-0.,1.,-0.));
#10249 = ORIENTED_EDGE('',*,*,#10250,.T.);
#10250 = EDGE_CURVE('',#10243,#9601,#10251,.T.);
#10251 = B_SPLINE_CURVE_WITH_KNOTS('',1,(#10252,#10253),.UNSPECIFIED.,
  .F.,.F.,(2,2),(0.,1.),.PIECEWISE_BEZIER_KNOTS.);
#10252 = CARTESIAN_POINT('',(6.48,-3.083,3.3));
#10253 = CARTESIAN_POINT('',(7.08,-5.283,3.3));
#10254 = ORIENTED_EDGE('',*,*,#9600,.T.);
#10255 = PLANE('',#10256);
#10256 = AXIS2_PLACEMENT_3D('',#10257,#10258,#10259);
#10257 = CARTESIAN_POINT('',(3.68,-105.283,3.3));
#10258 = DIRECTION('',(0.,0.,-1.));
#10259 = DIRECTION('',(1.,0.,0.));
#10260 = ADVANCED_FACE('',(#10261),#10278,.F.);
#10261 = FACE_BOUND('',#10262,.F.);
#10262 = EDGE_LOOP('',(#10263,#10271,#10272,#10273));
#10263 = ORIENTED_EDGE('',*,*,#10264,.T.);
#10264 = EDGE_CURVE('',#10265,#10197,#10267,.T.);
#10265 = VERTEX_POINT('',#10266);
#10266 = CARTESIAN_POINT('',(6.48,-3.083,8.));
#10267 = LINE('',#10268,#10269);
#10268 = CARTESIAN_POINT('',(6.48,-3.083,8.));
#10269 = VECTOR('',#10270,1.);
#10270 = DIRECTION('',(-1.,0.,0.));
#10271 = ORIENTED_EDGE('',*,*,#10212,.T.);
#10272 = ORIENTED_EDGE('',*,*,#9616,.T.);
#10273 = ORIENTED_EDGE('',*,*,#10274,.F.);
#10274 = EDGE_CURVE('',#10265,#9609,#10275,.T.);
#10275 = B_SPLINE_CURVE_WITH_KNOTS('',1,(#10276,#10277),.UNSPECIFIED.,
  .F.,.F.,(2,2),(0.,1.),.PIECEWISE_BEZIER_KNOTS.);
#10276 = CARTESIAN_POINT('',(6.48,-3.083,8.));
#10277 = CARTESIAN_POINT('',(7.08,-5.283,8.8));
#10278 = B_SPLINE_SURFACE_WITH_KNOTS('',1,1,(
    (#10279,#10280)
    ,(#10281,#10282
    )),.UNSPECIFIED.,.F.,.F.,.F.,(2,2),(2,2),(-4.,0.),(0.,1.),
  .PIECEWISE_BEZIER_KNOTS.);
#10279 = CARTESIAN_POINT('',(6.48,-3.083,8.));
#10280 = CARTESIAN_POINT('',(7.08,-5.283,8.8));
#10281 = CARTESIAN_POINT('',(3.68,-3.083,8.));
#10282 = CARTESIAN_POINT('',(3.08,-5.283,8.8));
#10283 = ADVANCED_FACE('',(#10284),#10295,.F.);
#10284 = FACE_BOUND('',#10285,.F.);
#10285 = EDGE_LOOP('',(#10286,#10292,#10293,#10294));
#10286 = ORIENTED_EDGE('',*,*,#10287,.T.);
#10287 = EDGE_CURVE('',#10243,#10265,#10288,.T.);
#10288 = LINE('',#10289,#10290);
#10289 = CARTESIAN_POINT('',(6.48,-3.083,3.3));
#10290 = VECTOR('',#10291,1.);
#10291 = DIRECTION('',(0.,0.,1.));
#10292 = ORIENTED_EDGE('',*,*,#10274,.T.);
#10293 = ORIENTED_EDGE('',*,*,#9608,.T.);
#10294 = ORIENTED_EDGE('',*,*,#10250,.F.);
#10295 = B_SPLINE_SURFACE_WITH_KNOTS('',1,1,(
    (#10296,#10297)
    ,(#10298,#10299
    )),.UNSPECIFIED.,.F.,.F.,.F.,(2,2),(2,2),(-5.5,0.),(0.,1.),
  .PIECEWISE_BEZIER_KNOTS.);
#10296 = CARTESIAN_POINT('',(6.48,-3.083,3.3));
#10297 = CARTESIAN_POINT('',(7.08,-5.283,3.3));
#10298 = CARTESIAN_POINT('',(6.48,-3.083,8.));
#10299 = CARTESIAN_POINT('',(7.08,-5.283,8.8));
#10300 = ADVANCED_FACE('',(#10301),#10324,.F.);
#10301 = FACE_BOUND('',#10302,.F.);
#10302 = EDGE_LOOP('',(#10303,#10313,#10318,#10319));
#10303 = ORIENTED_EDGE('',*,*,#10304,.T.);
#10304 = EDGE_CURVE('',#10305,#10307,#10309,.T.);
#10305 = VERTEX_POINT('',#10306);
#10306 = CARTESIAN_POINT('',(-1.4,-3.083,8.));
#10307 = VERTEX_POINT('',#10308);
#10308 = CARTESIAN_POINT('',(-1.4,-3.083,3.3));
#10309 = LINE('',#10310,#10311);
#10310 = CARTESIAN_POINT('',(-1.4,-3.083,8.));
#10311 = VECTOR('',#10312,1.);
#10312 = DIRECTION('',(0.,0.,-1.));
#10313 = ORIENTED_EDGE('',*,*,#10314,.T.);
#10314 = EDGE_CURVE('',#10307,#9625,#10315,.T.);
#10315 = B_SPLINE_CURVE_WITH_KNOTS('',1,(#10316,#10317),.UNSPECIFIED.,
  .F.,.F.,(2,2),(0.,1.),.PIECEWISE_BEZIER_KNOTS.);
#10316 = CARTESIAN_POINT('',(-1.4,-3.083,3.3));
#10317 = CARTESIAN_POINT('',(-2.,-5.283,3.3));
#10318 = ORIENTED_EDGE('',*,*,#9624,.T.);
#10319 = ORIENTED_EDGE('',*,*,#10320,.F.);
#10320 = EDGE_CURVE('',#10305,#9627,#10321,.T.);
#10321 = B_SPLINE_CURVE_WITH_KNOTS('',1,(#10322,#10323),.UNSPECIFIED.,
  .F.,.F.,(2,2),(0.,1.),.PIECEWISE_BEZIER_KNOTS.);
#10322 = CARTESIAN_POINT('',(-1.4,-3.083,8.));
#10323 = CARTESIAN_POINT('',(-2.,-5.283,8.8));
#10324 = B_SPLINE_SURFACE_WITH_KNOTS('',1,1,(
    (#10325,#10326)
    ,(#10327,#10328
    )),.UNSPECIFIED.,.F.,.F.,.F.,(2,2),(2,2),(-5.5,0.),(0.,1.),
  .PIECEWISE_BEZIER_KNOTS.);
#10325 = CARTESIAN_POINT('',(-1.4,-3.083,8.));
#10326 = CARTESIAN_POINT('',(-2.,-5.283,8.8));
#10327 = CARTESIAN_POINT('',(-1.4,-3.083,3.3));
#10328 = CARTESIAN_POINT('',(-2.,-5.283,3.3));
#10329 = ADVANCED_FACE('',(#10330),#10363,.F.);
#10330 = FACE_BOUND('',#10331,.F.);
#10331 = EDGE_LOOP('',(#10332,#10333,#10341,#10349,#10357,#10362));
#10332 = ORIENTED_EDGE('',*,*,#10314,.F.);
#10333 = ORIENTED_EDGE('',*,*,#10334,.T.);
#10334 = EDGE_CURVE('',#10307,#10335,#10337,.T.);
#10335 = VERTEX_POINT('',#10336);
#10336 = CARTESIAN_POINT('',(-1.4,-2.,3.3));
#10337 = LINE('',#10338,#10339);
#10338 = CARTESIAN_POINT('',(-1.4,-105.283,3.3));
#10339 = VECTOR('',#10340,1.);
#10340 = DIRECTION('',(-0.,1.,-0.));
#10341 = ORIENTED_EDGE('',*,*,#10342,.T.);
#10342 = EDGE_CURVE('',#10335,#10343,#10345,.T.);
#10343 = VERTEX_POINT('',#10344);
#10344 = CARTESIAN_POINT('',(1.4,-2.,3.3));
#10345 = LINE('',#10346,#10347);
#10346 = CARTESIAN_POINT('',(-1.4,-2.,3.3));
#10347 = VECTOR('',#10348,1.);
#10348 = DIRECTION('',(1.,0.,0.));
#10349 = ORIENTED_EDGE('',*,*,#10350,.F.);
#10350 = EDGE_CURVE('',#10351,#10343,#10353,.T.);
#10351 = VERTEX_POINT('',#10352);
#10352 = CARTESIAN_POINT('',(1.4,-3.083,3.3));
#10353 = LINE('',#10354,#10355);
#10354 = CARTESIAN_POINT('',(1.4,-105.283,3.3));
#10355 = VECTOR('',#10356,1.);
#10356 = DIRECTION('',(-0.,1.,-0.));
#10357 = ORIENTED_EDGE('',*,*,#10358,.T.);
#10358 = EDGE_CURVE('',#10351,#9635,#10359,.T.);
#10359 = B_SPLINE_CURVE_WITH_KNOTS('',1,(#10360,#10361),.UNSPECIFIED.,
  .F.,.F.,(2,2),(0.,1.),.PIECEWISE_BEZIER_KNOTS.);
#10360 = CARTESIAN_POINT('',(1.4,-3.083,3.3));
#10361 = CARTESIAN_POINT('',(2.,-5.283,3.3));
#10362 = ORIENTED_EDGE('',*,*,#9634,.T.);
#10363 = PLANE('',#10364);
#10364 = AXIS2_PLACEMENT_3D('',#10365,#10366,#10367);
#10365 = CARTESIAN_POINT('',(-1.4,-105.283,3.3));
#10366 = DIRECTION('',(0.,0.,-1.));
#10367 = DIRECTION('',(1.,0.,0.));
#10368 = ADVANCED_FACE('',(#10369),#10386,.F.);
#10369 = FACE_BOUND('',#10370,.F.);
#10370 = EDGE_LOOP('',(#10371,#10379,#10380,#10381));
#10371 = ORIENTED_EDGE('',*,*,#10372,.T.);
#10372 = EDGE_CURVE('',#10373,#10305,#10375,.T.);
#10373 = VERTEX_POINT('',#10374);
#10374 = CARTESIAN_POINT('',(1.4,-3.083,8.));
#10375 = LINE('',#10376,#10377);
#10376 = CARTESIAN_POINT('',(1.4,-3.083,8.));
#10377 = VECTOR('',#10378,1.);
#10378 = DIRECTION('',(-1.,0.,0.));
#10379 = ORIENTED_EDGE('',*,*,#10320,.T.);
#10380 = ORIENTED_EDGE('',*,*,#9650,.T.);
#10381 = ORIENTED_EDGE('',*,*,#10382,.F.);
#10382 = EDGE_CURVE('',#10373,#9643,#10383,.T.);
#10383 = B_SPLINE_CURVE_WITH_KNOTS('',1,(#10384,#10385),.UNSPECIFIED.,
  .F.,.F.,(2,2),(0.,1.),.PIECEWISE_BEZIER_KNOTS.);
#10384 = CARTESIAN_POINT('',(1.4,-3.083,8.));
#10385 = CARTESIAN_POINT('',(2.,-5.283,8.8));
#10386 = B_SPLINE_SURFACE_WITH_KNOTS('',1,1,(
    (#10387,#10388)
    ,(#10389,#10390
    )),.UNSPECIFIED.,.F.,.F.,.F.,(2,2),(2,2),(-4.,0.),(0.,1.),
  .PIECEWISE_BEZIER_KNOTS.);
#10387 = CARTESIAN_POINT('',(1.4,-3.083,8.));
#10388 = CARTESIAN_POINT('',(2.,-5.283,8.8));
#10389 = CARTESIAN_POINT('',(-1.4,-3.083,8.));
#10390 = CARTESIAN_POINT('',(-2.,-5.283,8.8));
#10391 = ADVANCED_FACE('',(#10392),#10403,.F.);
#10392 = FACE_BOUND('',#10393,.F.);
#10393 = EDGE_LOOP('',(#10394,#10400,#10401,#10402));
#10394 = ORIENTED_EDGE('',*,*,#10395,.T.);
#10395 = EDGE_CURVE('',#10351,#10373,#10396,.T.);
#10396 = LINE('',#10397,#10398);
#10397 = CARTESIAN_POINT('',(1.4,-3.083,3.3));
#10398 = VECTOR('',#10399,1.);
#10399 = DIRECTION('',(0.,0.,1.));
#10400 = ORIENTED_EDGE('',*,*,#10382,.T.);
#10401 = ORIENTED_EDGE('',*,*,#9642,.T.);
#10402 = ORIENTED_EDGE('',*,*,#10358,.F.);
#10403 = B_SPLINE_SURFACE_WITH_KNOTS('',1,1,(
    (#10404,#10405)
    ,(#10406,#10407
    )),.UNSPECIFIED.,.F.,.F.,.F.,(2,2),(2,2),(-5.5,0.),(0.,1.),
  .PIECEWISE_BEZIER_KNOTS.);
#10404 = CARTESIAN_POINT('',(1.4,-3.083,3.3));
#10405 = CARTESIAN_POINT('',(2.,-5.283,3.3));
#10406 = CARTESIAN_POINT('',(1.4,-3.083,8.));
#10407 = CARTESIAN_POINT('',(2.,-5.283,8.8));
#10408 = ADVANCED_FACE('',(#10409),#10415,.F.);
#10409 = FACE_BOUND('',#10410,.F.);
#10410 = EDGE_LOOP('',(#10411,#10412,#10413,#10414));
#10411 = ORIENTED_EDGE('',*,*,#9857,.T.);
#10412 = ORIENTED_EDGE('',*,*,#9840,.T.);
#10413 = ORIENTED_EDGE('',*,*,#9799,.T.);
#10414 = ORIENTED_EDGE('',*,*,#9714,.T.);
#10415 = PLANE('',#10416);
#10416 = AXIS2_PLACEMENT_3D('',#10417,#10418,#10419);
#10417 = CARTESIAN_POINT('',(7.290091199267,-3.383,12.));
#10418 = DIRECTION('',(0.,0.,1.));
#10419 = DIRECTION('',(1.,0.,-0.));
#10420 = ADVANCED_FACE('',(#10421),#10427,.F.);
#10421 = FACE_BOUND('',#10422,.F.);
#10422 = EDGE_LOOP('',(#10423,#10424,#10425,#10426));
#10423 = ORIENTED_EDGE('',*,*,#9899,.T.);
#10424 = ORIENTED_EDGE('',*,*,#9923,.T.);
#10425 = ORIENTED_EDGE('',*,*,#9947,.T.);
#10426 = ORIENTED_EDGE('',*,*,#9971,.T.);
#10427 = PLANE('',#10428);
#10428 = AXIS2_PLACEMENT_3D('',#10429,#10430,#10431);
#10429 = CARTESIAN_POINT('',(5.08,0.,-5.));
#10430 = DIRECTION('',(0.,0.,1.));
#10431 = DIRECTION('',(1.,0.,-0.));
#10432 = ADVANCED_FACE('',(#10433),#10439,.F.);
#10433 = FACE_BOUND('',#10434,.F.);
#10434 = EDGE_LOOP('',(#10435,#10436,#10437,#10438));
#10435 = ORIENTED_EDGE('',*,*,#9995,.T.);
#10436 = ORIENTED_EDGE('',*,*,#10019,.T.);
#10437 = ORIENTED_EDGE('',*,*,#10043,.T.);
#10438 = ORIENTED_EDGE('',*,*,#10067,.T.);
#10439 = PLANE('',#10440);
#10440 = AXIS2_PLACEMENT_3D('',#10441,#10442,#10443);
#10441 = CARTESIAN_POINT('',(0.,0.,-5.));
#10442 = DIRECTION('',(0.,0.,1.));
#10443 = DIRECTION('',(1.,0.,-0.));
#10444 = ADVANCED_FACE('',(#10445),#10598,.F.);
#10445 = FACE_BOUND('',#10446,.F.);
#10446 = EDGE_LOOP('',(#10447,#10455,#10456,#10457,#10466,#10474,#10483,
    #10491,#10499,#10507,#10516,#10524,#10532,#10540,#10549,#10557,
    #10566,#10574,#10583,#10591));
#10447 = ORIENTED_EDGE('',*,*,#10448,.F.);
#10448 = EDGE_CURVE('',#10116,#10449,#10451,.T.);
#10449 = VERTEX_POINT('',#10450);
#10450 = CARTESIAN_POINT('',(7.08,0.217,3.3));
#10451 = LINE('',#10452,#10453);
#10452 = CARTESIAN_POINT('',(7.08,0.217,18.));
#10453 = VECTOR('',#10454,1.);
#10454 = DIRECTION('',(-0.,-0.,-1.));
#10455 = ORIENTED_EDGE('',*,*,#10115,.F.);
#10456 = ORIENTED_EDGE('',*,*,#10448,.T.);
#10457 = ORIENTED_EDGE('',*,*,#10458,.T.);
#10458 = EDGE_CURVE('',#10449,#10459,#10461,.T.);
#10459 = VERTEX_POINT('',#10460);
#10460 = CARTESIAN_POINT('',(6.48,1.645285685709,3.3));
#10461 = CIRCLE('',#10462,2.);
#10462 = AXIS2_PLACEMENT_3D('',#10463,#10464,#10465);
#10463 = CARTESIAN_POINT('',(5.08,0.217,3.3));
#10464 = DIRECTION('',(0.,0.,1.));
#10465 = DIRECTION('',(1.,0.,-0.));
#10466 = ORIENTED_EDGE('',*,*,#10467,.T.);
#10467 = EDGE_CURVE('',#10459,#10468,#10470,.T.);
#10468 = VERTEX_POINT('',#10469);
#10469 = CARTESIAN_POINT('',(6.48,1.645285685708,8.));
#10470 = LINE('',#10471,#10472);
#10471 = CARTESIAN_POINT('',(6.48,1.645285685709,18.));
#10472 = VECTOR('',#10473,1.);
#10473 = DIRECTION('',(0.,0.,1.));
#10474 = ORIENTED_EDGE('',*,*,#10475,.T.);
#10475 = EDGE_CURVE('',#10468,#10476,#10478,.T.);
#10476 = VERTEX_POINT('',#10477);
#10477 = CARTESIAN_POINT('',(5.986041389783,2.,8.));
#10478 = CIRCLE('',#10479,2.);
#10479 = AXIS2_PLACEMENT_3D('',#10480,#10481,#10482);
#10480 = CARTESIAN_POINT('',(5.08,0.217,8.));
#10481 = DIRECTION('',(0.,0.,1.));
#10482 = DIRECTION('',(1.,0.,-0.));
#10483 = ORIENTED_EDGE('',*,*,#10484,.F.);
#10484 = EDGE_CURVE('',#10485,#10476,#10487,.T.);
#10485 = VERTEX_POINT('',#10486);
#10486 = CARTESIAN_POINT('',(5.986041389783,2.,7.9));
#10487 = LINE('',#10488,#10489);
#10488 = CARTESIAN_POINT('',(5.986041389783,2.,18.));
#10489 = VECTOR('',#10490,1.);
#10490 = DIRECTION('',(0.,0.,1.));
#10491 = ORIENTED_EDGE('',*,*,#10492,.F.);
#10492 = EDGE_CURVE('',#10493,#10485,#10495,.T.);
#10493 = VERTEX_POINT('',#10494);
#10494 = CARTESIAN_POINT('',(5.986041389783,2.,3.4));
#10495 = LINE('',#10496,#10497);
#10496 = CARTESIAN_POINT('',(5.986041389783,2.,18.));
#10497 = VECTOR('',#10498,1.);
#10498 = DIRECTION('',(0.,0.,1.));
#10499 = ORIENTED_EDGE('',*,*,#10500,.F.);
#10500 = EDGE_CURVE('',#10501,#10493,#10503,.T.);
#10501 = VERTEX_POINT('',#10502);
#10502 = CARTESIAN_POINT('',(5.986041389783,2.,3.3));
#10503 = LINE('',#10504,#10505);
#10504 = CARTESIAN_POINT('',(5.986041389783,2.,18.));
#10505 = VECTOR('',#10506,1.);
#10506 = DIRECTION('',(0.,0.,1.));
#10507 = ORIENTED_EDGE('',*,*,#10508,.T.);
#10508 = EDGE_CURVE('',#10501,#10509,#10511,.T.);
#10509 = VERTEX_POINT('',#10510);
#10510 = CARTESIAN_POINT('',(4.173958610217,2.,3.3));
#10511 = CIRCLE('',#10512,2.);
#10512 = AXIS2_PLACEMENT_3D('',#10513,#10514,#10515);
#10513 = CARTESIAN_POINT('',(5.08,0.217,3.3));
#10514 = DIRECTION('',(0.,0.,1.));
#10515 = DIRECTION('',(1.,0.,-0.));
#10516 = ORIENTED_EDGE('',*,*,#10517,.T.);
#10517 = EDGE_CURVE('',#10509,#10518,#10520,.T.);
#10518 = VERTEX_POINT('',#10519);
#10519 = CARTESIAN_POINT('',(4.173958610217,2.,3.4));
#10520 = LINE('',#10521,#10522);
#10521 = CARTESIAN_POINT('',(4.173958610217,2.,18.));
#10522 = VECTOR('',#10523,1.);
#10523 = DIRECTION('',(0.,0.,1.));
#10524 = ORIENTED_EDGE('',*,*,#10525,.T.);
#10525 = EDGE_CURVE('',#10518,#10526,#10528,.T.);
#10526 = VERTEX_POINT('',#10527);
#10527 = CARTESIAN_POINT('',(4.173958610217,2.,7.9));
#10528 = LINE('',#10529,#10530);
#10529 = CARTESIAN_POINT('',(4.173958610217,2.,18.));
#10530 = VECTOR('',#10531,1.);
#10531 = DIRECTION('',(0.,0.,1.));
#10532 = ORIENTED_EDGE('',*,*,#10533,.T.);
#10533 = EDGE_CURVE('',#10526,#10534,#10536,.T.);
#10534 = VERTEX_POINT('',#10535);
#10535 = CARTESIAN_POINT('',(4.173958610217,2.,8.));
#10536 = LINE('',#10537,#10538);
#10537 = CARTESIAN_POINT('',(4.173958610217,2.,18.));
#10538 = VECTOR('',#10539,1.);
#10539 = DIRECTION('',(0.,0.,1.));
#10540 = ORIENTED_EDGE('',*,*,#10541,.T.);
#10541 = EDGE_CURVE('',#10534,#10542,#10544,.T.);
#10542 = VERTEX_POINT('',#10543);
#10543 = CARTESIAN_POINT('',(3.68,1.645285685709,8.));
#10544 = CIRCLE('',#10545,2.);
#10545 = AXIS2_PLACEMENT_3D('',#10546,#10547,#10548);
#10546 = CARTESIAN_POINT('',(5.08,0.217,8.));
#10547 = DIRECTION('',(0.,0.,1.));
#10548 = DIRECTION('',(1.,0.,-0.));
#10549 = ORIENTED_EDGE('',*,*,#10550,.F.);
#10550 = EDGE_CURVE('',#10551,#10542,#10553,.T.);
#10551 = VERTEX_POINT('',#10552);
#10552 = CARTESIAN_POINT('',(3.68,1.645285685709,3.3));
#10553 = LINE('',#10554,#10555);
#10554 = CARTESIAN_POINT('',(3.68,1.645285685709,18.));
#10555 = VECTOR('',#10556,1.);
#10556 = DIRECTION('',(0.,0.,1.));
#10557 = ORIENTED_EDGE('',*,*,#10558,.T.);
#10558 = EDGE_CURVE('',#10551,#10559,#10561,.T.);
#10559 = VERTEX_POINT('',#10560);
#10560 = CARTESIAN_POINT('',(3.68,-1.211285685709,3.3));
#10561 = CIRCLE('',#10562,2.);
#10562 = AXIS2_PLACEMENT_3D('',#10563,#10564,#10565);
#10563 = CARTESIAN_POINT('',(5.08,0.217,3.3));
#10564 = DIRECTION('',(0.,0.,1.));
#10565 = DIRECTION('',(1.,0.,-0.));
#10566 = ORIENTED_EDGE('',*,*,#10567,.T.);
#10567 = EDGE_CURVE('',#10559,#10568,#10570,.T.);
#10568 = VERTEX_POINT('',#10569);
#10569 = CARTESIAN_POINT('',(3.68,-1.211285685709,8.));
#10570 = LINE('',#10571,#10572);
#10571 = CARTESIAN_POINT('',(3.68,-1.211285685709,18.));
#10572 = VECTOR('',#10573,1.);
#10573 = DIRECTION('',(0.,0.,1.));
#10574 = ORIENTED_EDGE('',*,*,#10575,.T.);
#10575 = EDGE_CURVE('',#10568,#10576,#10578,.T.);
#10576 = VERTEX_POINT('',#10577);
#10577 = CARTESIAN_POINT('',(6.48,-1.211285685708,8.));
#10578 = CIRCLE('',#10579,2.);
#10579 = AXIS2_PLACEMENT_3D('',#10580,#10581,#10582);
#10580 = CARTESIAN_POINT('',(5.08,0.217,8.));
#10581 = DIRECTION('',(0.,0.,1.));
#10582 = DIRECTION('',(1.,0.,-0.));
#10583 = ORIENTED_EDGE('',*,*,#10584,.F.);
#10584 = EDGE_CURVE('',#10585,#10576,#10587,.T.);
#10585 = VERTEX_POINT('',#10586);
#10586 = CARTESIAN_POINT('',(6.48,-1.211285685709,3.3));
#10587 = LINE('',#10588,#10589);
#10588 = CARTESIAN_POINT('',(6.48,-1.211285685709,18.));
#10589 = VECTOR('',#10590,1.);
#10590 = DIRECTION('',(0.,0.,1.));
#10591 = ORIENTED_EDGE('',*,*,#10592,.T.);
#10592 = EDGE_CURVE('',#10585,#10449,#10593,.T.);
#10593 = CIRCLE('',#10594,2.);
#10594 = AXIS2_PLACEMENT_3D('',#10595,#10596,#10597);
#10595 = CARTESIAN_POINT('',(5.08,0.217,3.3));
#10596 = DIRECTION('',(0.,0.,1.));
#10597 = DIRECTION('',(1.,0.,-0.));
#10598 = CYLINDRICAL_SURFACE('',#10599,2.);
#10599 = AXIS2_PLACEMENT_3D('',#10600,#10601,#10602);
#10600 = CARTESIAN_POINT('',(5.08,0.217,18.));
#10601 = DIRECTION('',(0.,0.,1.));
#10602 = DIRECTION('',(1.,0.,-0.));
#10603 = ADVANCED_FACE('',(#10604),#10757,.F.);
#10604 = FACE_BOUND('',#10605,.F.);
#10605 = EDGE_LOOP('',(#10606,#10614,#10615,#10616,#10625,#10633,#10642,
    #10650,#10658,#10666,#10675,#10683,#10691,#10699,#10708,#10716,
    #10725,#10733,#10742,#10750));
#10606 = ORIENTED_EDGE('',*,*,#10607,.F.);
#10607 = EDGE_CURVE('',#10127,#10608,#10610,.T.);
#10608 = VERTEX_POINT('',#10609);
#10609 = CARTESIAN_POINT('',(2.,0.217,3.3));
#10610 = LINE('',#10611,#10612);
#10611 = CARTESIAN_POINT('',(2.,0.217,18.));
#10612 = VECTOR('',#10613,1.);
#10613 = DIRECTION('',(-0.,-0.,-1.));
#10614 = ORIENTED_EDGE('',*,*,#10126,.F.);
#10615 = ORIENTED_EDGE('',*,*,#10607,.T.);
#10616 = ORIENTED_EDGE('',*,*,#10617,.T.);
#10617 = EDGE_CURVE('',#10608,#10618,#10620,.T.);
#10618 = VERTEX_POINT('',#10619);
#10619 = CARTESIAN_POINT('',(1.4,1.645285685709,3.3));
#10620 = CIRCLE('',#10621,2.);
#10621 = AXIS2_PLACEMENT_3D('',#10622,#10623,#10624);
#10622 = CARTESIAN_POINT('',(0.,0.217,3.3));
#10623 = DIRECTION('',(0.,0.,1.));
#10624 = DIRECTION('',(1.,0.,-0.));
#10625 = ORIENTED_EDGE('',*,*,#10626,.T.);
#10626 = EDGE_CURVE('',#10618,#10627,#10629,.T.);
#10627 = VERTEX_POINT('',#10628);
#10628 = CARTESIAN_POINT('',(1.4,1.645285685708,8.));
#10629 = LINE('',#10630,#10631);
#10630 = CARTESIAN_POINT('',(1.4,1.645285685709,18.));
#10631 = VECTOR('',#10632,1.);
#10632 = DIRECTION('',(0.,0.,1.));
#10633 = ORIENTED_EDGE('',*,*,#10634,.T.);
#10634 = EDGE_CURVE('',#10627,#10635,#10637,.T.);
#10635 = VERTEX_POINT('',#10636);
#10636 = CARTESIAN_POINT('',(0.906041389783,2.,8.));
#10637 = CIRCLE('',#10638,2.);
#10638 = AXIS2_PLACEMENT_3D('',#10639,#10640,#10641);
#10639 = CARTESIAN_POINT('',(0.,0.217,8.));
#10640 = DIRECTION('',(0.,0.,1.));
#10641 = DIRECTION('',(1.,0.,-0.));
#10642 = ORIENTED_EDGE('',*,*,#10643,.F.);
#10643 = EDGE_CURVE('',#10644,#10635,#10646,.T.);
#10644 = VERTEX_POINT('',#10645);
#10645 = CARTESIAN_POINT('',(0.906041389783,2.,7.9));
#10646 = LINE('',#10647,#10648);
#10647 = CARTESIAN_POINT('',(0.906041389783,2.,18.));
#10648 = VECTOR('',#10649,1.);
#10649 = DIRECTION('',(0.,0.,1.));
#10650 = ORIENTED_EDGE('',*,*,#10651,.F.);
#10651 = EDGE_CURVE('',#10652,#10644,#10654,.T.);
#10652 = VERTEX_POINT('',#10653);
#10653 = CARTESIAN_POINT('',(0.906041389783,2.,3.4));
#10654 = LINE('',#10655,#10656);
#10655 = CARTESIAN_POINT('',(0.906041389783,2.,18.));
#10656 = VECTOR('',#10657,1.);
#10657 = DIRECTION('',(0.,0.,1.));
#10658 = ORIENTED_EDGE('',*,*,#10659,.F.);
#10659 = EDGE_CURVE('',#10660,#10652,#10662,.T.);
#10660 = VERTEX_POINT('',#10661);
#10661 = CARTESIAN_POINT('',(0.906041389783,2.,3.3));
#10662 = LINE('',#10663,#10664);
#10663 = CARTESIAN_POINT('',(0.906041389783,2.,18.));
#10664 = VECTOR('',#10665,1.);
#10665 = DIRECTION('',(0.,0.,1.));
#10666 = ORIENTED_EDGE('',*,*,#10667,.T.);
#10667 = EDGE_CURVE('',#10660,#10668,#10670,.T.);
#10668 = VERTEX_POINT('',#10669);
#10669 = CARTESIAN_POINT('',(-0.906041389783,2.,3.3));
#10670 = CIRCLE('',#10671,2.);
#10671 = AXIS2_PLACEMENT_3D('',#10672,#10673,#10674);
#10672 = CARTESIAN_POINT('',(0.,0.217,3.3));
#10673 = DIRECTION('',(0.,0.,1.));
#10674 = DIRECTION('',(1.,0.,-0.));
#10675 = ORIENTED_EDGE('',*,*,#10676,.T.);
#10676 = EDGE_CURVE('',#10668,#10677,#10679,.T.);
#10677 = VERTEX_POINT('',#10678);
#10678 = CARTESIAN_POINT('',(-0.906041389783,2.,3.4));
#10679 = LINE('',#10680,#10681);
#10680 = CARTESIAN_POINT('',(-0.906041389783,2.,18.));
#10681 = VECTOR('',#10682,1.);
#10682 = DIRECTION('',(0.,0.,1.));
#10683 = ORIENTED_EDGE('',*,*,#10684,.T.);
#10684 = EDGE_CURVE('',#10677,#10685,#10687,.T.);
#10685 = VERTEX_POINT('',#10686);
#10686 = CARTESIAN_POINT('',(-0.906041389783,2.,7.9));
#10687 = LINE('',#10688,#10689);
#10688 = CARTESIAN_POINT('',(-0.906041389783,2.,18.));
#10689 = VECTOR('',#10690,1.);
#10690 = DIRECTION('',(0.,0.,1.));
#10691 = ORIENTED_EDGE('',*,*,#10692,.T.);
#10692 = EDGE_CURVE('',#10685,#10693,#10695,.T.);
#10693 = VERTEX_POINT('',#10694);
#10694 = CARTESIAN_POINT('',(-0.906041389783,2.,8.));
#10695 = LINE('',#10696,#10697);
#10696 = CARTESIAN_POINT('',(-0.906041389783,2.,18.));
#10697 = VECTOR('',#10698,1.);
#10698 = DIRECTION('',(0.,0.,1.));
#10699 = ORIENTED_EDGE('',*,*,#10700,.T.);
#10700 = EDGE_CURVE('',#10693,#10701,#10703,.T.);
#10701 = VERTEX_POINT('',#10702);
#10702 = CARTESIAN_POINT('',(-1.4,1.645285685708,8.));
#10703 = CIRCLE('',#10704,2.);
#10704 = AXIS2_PLACEMENT_3D('',#10705,#10706,#10707);
#10705 = CARTESIAN_POINT('',(0.,0.217,8.));
#10706 = DIRECTION('',(0.,0.,1.));
#10707 = DIRECTION('',(1.,0.,-0.));
#10708 = ORIENTED_EDGE('',*,*,#10709,.F.);
#10709 = EDGE_CURVE('',#10710,#10701,#10712,.T.);
#10710 = VERTEX_POINT('',#10711);
#10711 = CARTESIAN_POINT('',(-1.4,1.645285685709,3.3));
#10712 = LINE('',#10713,#10714);
#10713 = CARTESIAN_POINT('',(-1.4,1.645285685709,18.));
#10714 = VECTOR('',#10715,1.);
#10715 = DIRECTION('',(0.,0.,1.));
#10716 = ORIENTED_EDGE('',*,*,#10717,.T.);
#10717 = EDGE_CURVE('',#10710,#10718,#10720,.T.);
#10718 = VERTEX_POINT('',#10719);
#10719 = CARTESIAN_POINT('',(-1.4,-1.211285685709,3.3));
#10720 = CIRCLE('',#10721,2.);
#10721 = AXIS2_PLACEMENT_3D('',#10722,#10723,#10724);
#10722 = CARTESIAN_POINT('',(0.,0.217,3.3));
#10723 = DIRECTION('',(0.,0.,1.));
#10724 = DIRECTION('',(1.,0.,-0.));
#10725 = ORIENTED_EDGE('',*,*,#10726,.T.);
#10726 = EDGE_CURVE('',#10718,#10727,#10729,.T.);
#10727 = VERTEX_POINT('',#10728);
#10728 = CARTESIAN_POINT('',(-1.4,-1.211285685708,8.));
#10729 = LINE('',#10730,#10731);
#10730 = CARTESIAN_POINT('',(-1.4,-1.211285685709,18.));
#10731 = VECTOR('',#10732,1.);
#10732 = DIRECTION('',(0.,0.,1.));
#10733 = ORIENTED_EDGE('',*,*,#10734,.T.);
#10734 = EDGE_CURVE('',#10727,#10735,#10737,.T.);
#10735 = VERTEX_POINT('',#10736);
#10736 = CARTESIAN_POINT('',(1.4,-1.211285685708,8.));
#10737 = CIRCLE('',#10738,2.);
#10738 = AXIS2_PLACEMENT_3D('',#10739,#10740,#10741);
#10739 = CARTESIAN_POINT('',(0.,0.217,8.));
#10740 = DIRECTION('',(0.,0.,1.));
#10741 = DIRECTION('',(1.,0.,-0.));
#10742 = ORIENTED_EDGE('',*,*,#10743,.F.);
#10743 = EDGE_CURVE('',#10744,#10735,#10746,.T.);
#10744 = VERTEX_POINT('',#10745);
#10745 = CARTESIAN_POINT('',(1.4,-1.211285685709,3.3));
#10746 = LINE('',#10747,#10748);
#10747 = CARTESIAN_POINT('',(1.4,-1.211285685709,18.));
#10748 = VECTOR('',#10749,1.);
#10749 = DIRECTION('',(0.,0.,1.));
#10750 = ORIENTED_EDGE('',*,*,#10751,.T.);
#10751 = EDGE_CURVE('',#10744,#10608,#10752,.T.);
#10752 = CIRCLE('',#10753,2.);
#10753 = AXIS2_PLACEMENT_3D('',#10754,#10755,#10756);
#10754 = CARTESIAN_POINT('',(0.,0.217,3.3));
#10755 = DIRECTION('',(0.,0.,1.));
#10756 = DIRECTION('',(1.,0.,-0.));
#10757 = CYLINDRICAL_SURFACE('',#10758,2.);
#10758 = AXIS2_PLACEMENT_3D('',#10759,#10760,#10761);
#10759 = CARTESIAN_POINT('',(0.,0.217,18.));
#10760 = DIRECTION('',(0.,0.,1.));
#10761 = DIRECTION('',(1.,0.,-0.));
#10762 = ADVANCED_FACE('',(#10763),#10781,.F.);
#10763 = FACE_BOUND('',#10764,.F.);
#10764 = EDGE_LOOP('',(#10765,#10766,#10767,#10775));
#10765 = ORIENTED_EDGE('',*,*,#10226,.F.);
#10766 = ORIENTED_EDGE('',*,*,#10196,.F.);
#10767 = ORIENTED_EDGE('',*,*,#10768,.T.);
#10768 = EDGE_CURVE('',#10197,#10769,#10771,.T.);
#10769 = VERTEX_POINT('',#10770);
#10770 = CARTESIAN_POINT('',(3.68,-2.,8.));
#10771 = LINE('',#10772,#10773);
#10772 = CARTESIAN_POINT('',(3.68,-105.283,8.));
#10773 = VECTOR('',#10774,1.);
#10774 = DIRECTION('',(-0.,1.,-0.));
#10775 = ORIENTED_EDGE('',*,*,#10776,.F.);
#10776 = EDGE_CURVE('',#10227,#10769,#10777,.T.);
#10777 = LINE('',#10778,#10779);
#10778 = CARTESIAN_POINT('',(3.68,-2.,3.3));
#10779 = VECTOR('',#10780,1.);
#10780 = DIRECTION('',(0.,0.,1.));
#10781 = PLANE('',#10782);
#10782 = AXIS2_PLACEMENT_3D('',#10783,#10784,#10785);
#10783 = CARTESIAN_POINT('',(3.68,-105.283,8.));
#10784 = DIRECTION('',(-1.,-0.,-0.));
#10785 = DIRECTION('',(0.,0.,-1.));
#10786 = ADVANCED_FACE('',(#10787),#10805,.F.);
#10787 = FACE_BOUND('',#10788,.F.);
#10788 = EDGE_LOOP('',(#10789,#10797,#10798,#10799));
#10789 = ORIENTED_EDGE('',*,*,#10790,.F.);
#10790 = EDGE_CURVE('',#10265,#10791,#10793,.T.);
#10791 = VERTEX_POINT('',#10792);
#10792 = CARTESIAN_POINT('',(6.48,-2.,8.));
#10793 = LINE('',#10794,#10795);
#10794 = CARTESIAN_POINT('',(6.48,-105.283,8.));
#10795 = VECTOR('',#10796,1.);
#10796 = DIRECTION('',(-0.,1.,-0.));
#10797 = ORIENTED_EDGE('',*,*,#10287,.F.);
#10798 = ORIENTED_EDGE('',*,*,#10242,.T.);
#10799 = ORIENTED_EDGE('',*,*,#10800,.T.);
#10800 = EDGE_CURVE('',#10235,#10791,#10801,.T.);
#10801 = LINE('',#10802,#10803);
#10802 = CARTESIAN_POINT('',(6.48,-2.,3.3));
#10803 = VECTOR('',#10804,1.);
#10804 = DIRECTION('',(0.,0.,1.));
#10805 = PLANE('',#10806);
#10806 = AXIS2_PLACEMENT_3D('',#10807,#10808,#10809);
#10807 = CARTESIAN_POINT('',(6.48,-105.283,3.3));
#10808 = DIRECTION('',(1.,0.,-0.));
#10809 = DIRECTION('',(0.,0.,1.));
#10810 = ADVANCED_FACE('',(#10811,#10822),#10856,.F.);
#10811 = FACE_BOUND('',#10812,.F.);
#10812 = EDGE_LOOP('',(#10813,#10814,#10820,#10821));
#10813 = ORIENTED_EDGE('',*,*,#10776,.T.);
#10814 = ORIENTED_EDGE('',*,*,#10815,.T.);
#10815 = EDGE_CURVE('',#10769,#10791,#10816,.T.);
#10816 = LINE('',#10817,#10818);
#10817 = CARTESIAN_POINT('',(3.68,-2.,8.));
#10818 = VECTOR('',#10819,1.);
#10819 = DIRECTION('',(1.,0.,0.));
#10820 = ORIENTED_EDGE('',*,*,#10800,.F.);
#10821 = ORIENTED_EDGE('',*,*,#10234,.F.);
#10822 = FACE_BOUND('',#10823,.F.);
#10823 = EDGE_LOOP('',(#10824,#10834,#10842,#10850));
#10824 = ORIENTED_EDGE('',*,*,#10825,.T.);
#10825 = EDGE_CURVE('',#10826,#10828,#10830,.T.);
#10826 = VERTEX_POINT('',#10827);
#10827 = CARTESIAN_POINT('',(3.83,-2.,7.9));
#10828 = VERTEX_POINT('',#10829);
#10829 = CARTESIAN_POINT('',(3.83,-2.,3.4));
#10830 = LINE('',#10831,#10832);
#10831 = CARTESIAN_POINT('',(3.83,-2.,7.9));
#10832 = VECTOR('',#10833,1.);
#10833 = DIRECTION('',(0.,0.,-1.));
#10834 = ORIENTED_EDGE('',*,*,#10835,.T.);
#10835 = EDGE_CURVE('',#10828,#10836,#10838,.T.);
#10836 = VERTEX_POINT('',#10837);
#10837 = CARTESIAN_POINT('',(6.33,-2.,3.4));
#10838 = LINE('',#10839,#10840);
#10839 = CARTESIAN_POINT('',(3.83,-2.,3.4));
#10840 = VECTOR('',#10841,1.);
#10841 = DIRECTION('',(1.,0.,0.));
#10842 = ORIENTED_EDGE('',*,*,#10843,.T.);
#10843 = EDGE_CURVE('',#10836,#10844,#10846,.T.);
#10844 = VERTEX_POINT('',#10845);
#10845 = CARTESIAN_POINT('',(6.33,-2.,7.9));
#10846 = LINE('',#10847,#10848);
#10847 = CARTESIAN_POINT('',(6.33,-2.,3.4));
#10848 = VECTOR('',#10849,1.);
#10849 = DIRECTION('',(0.,0.,1.));
#10850 = ORIENTED_EDGE('',*,*,#10851,.T.);
#10851 = EDGE_CURVE('',#10844,#10826,#10852,.T.);
#10852 = LINE('',#10853,#10854);
#10853 = CARTESIAN_POINT('',(6.33,-2.,7.9));
#10854 = VECTOR('',#10855,1.);
#10855 = DIRECTION('',(-1.,0.,0.));
#10856 = PLANE('',#10857);
#10857 = AXIS2_PLACEMENT_3D('',#10858,#10859,#10860);
#10858 = CARTESIAN_POINT('',(3.68,-2.,3.3));
#10859 = DIRECTION('',(0.,1.,0.));
#10860 = DIRECTION('',(1.,0.,0.));
#10861 = ADVANCED_FACE('',(#10862),#10868,.F.);
#10862 = FACE_BOUND('',#10863,.F.);
#10863 = EDGE_LOOP('',(#10864,#10865,#10866,#10867));
#10864 = ORIENTED_EDGE('',*,*,#10768,.F.);
#10865 = ORIENTED_EDGE('',*,*,#10264,.F.);
#10866 = ORIENTED_EDGE('',*,*,#10790,.T.);
#10867 = ORIENTED_EDGE('',*,*,#10815,.F.);
#10868 = PLANE('',#10869);
#10869 = AXIS2_PLACEMENT_3D('',#10870,#10871,#10872);
#10870 = CARTESIAN_POINT('',(6.48,-105.283,8.));
#10871 = DIRECTION('',(0.,0.,1.));
#10872 = DIRECTION('',(-1.,0.,0.));
#10873 = ADVANCED_FACE('',(#10874),#10892,.F.);
#10874 = FACE_BOUND('',#10875,.F.);
#10875 = EDGE_LOOP('',(#10876,#10877,#10878,#10886));
#10876 = ORIENTED_EDGE('',*,*,#10334,.F.);
#10877 = ORIENTED_EDGE('',*,*,#10304,.F.);
#10878 = ORIENTED_EDGE('',*,*,#10879,.T.);
#10879 = EDGE_CURVE('',#10305,#10880,#10882,.T.);
#10880 = VERTEX_POINT('',#10881);
#10881 = CARTESIAN_POINT('',(-1.4,-2.,8.));
#10882 = LINE('',#10883,#10884);
#10883 = CARTESIAN_POINT('',(-1.4,-105.283,8.));
#10884 = VECTOR('',#10885,1.);
#10885 = DIRECTION('',(-0.,1.,-0.));
#10886 = ORIENTED_EDGE('',*,*,#10887,.F.);
#10887 = EDGE_CURVE('',#10335,#10880,#10888,.T.);
#10888 = LINE('',#10889,#10890);
#10889 = CARTESIAN_POINT('',(-1.4,-2.,3.3));
#10890 = VECTOR('',#10891,1.);
#10891 = DIRECTION('',(0.,0.,1.));
#10892 = PLANE('',#10893);
#10893 = AXIS2_PLACEMENT_3D('',#10894,#10895,#10896);
#10894 = CARTESIAN_POINT('',(-1.4,-105.283,8.));
#10895 = DIRECTION('',(-1.,-0.,-0.));
#10896 = DIRECTION('',(0.,0.,-1.));
#10897 = ADVANCED_FACE('',(#10898),#10916,.F.);
#10898 = FACE_BOUND('',#10899,.F.);
#10899 = EDGE_LOOP('',(#10900,#10908,#10909,#10910));
#10900 = ORIENTED_EDGE('',*,*,#10901,.F.);
#10901 = EDGE_CURVE('',#10373,#10902,#10904,.T.);
#10902 = VERTEX_POINT('',#10903);
#10903 = CARTESIAN_POINT('',(1.4,-2.,8.));
#10904 = LINE('',#10905,#10906);
#10905 = CARTESIAN_POINT('',(1.4,-105.283,8.));
#10906 = VECTOR('',#10907,1.);
#10907 = DIRECTION('',(-0.,1.,-0.));
#10908 = ORIENTED_EDGE('',*,*,#10395,.F.);
#10909 = ORIENTED_EDGE('',*,*,#10350,.T.);
#10910 = ORIENTED_EDGE('',*,*,#10911,.T.);
#10911 = EDGE_CURVE('',#10343,#10902,#10912,.T.);
#10912 = LINE('',#10913,#10914);
#10913 = CARTESIAN_POINT('',(1.4,-2.,3.3));
#10914 = VECTOR('',#10915,1.);
#10915 = DIRECTION('',(0.,0.,1.));
#10916 = PLANE('',#10917);
#10917 = AXIS2_PLACEMENT_3D('',#10918,#10919,#10920);
#10918 = CARTESIAN_POINT('',(1.4,-105.283,3.3));
#10919 = DIRECTION('',(1.,0.,-0.));
#10920 = DIRECTION('',(0.,0.,1.));
#10921 = ADVANCED_FACE('',(#10922,#10933),#10967,.F.);
#10922 = FACE_BOUND('',#10923,.F.);
#10923 = EDGE_LOOP('',(#10924,#10925,#10931,#10932));
#10924 = ORIENTED_EDGE('',*,*,#10887,.T.);
#10925 = ORIENTED_EDGE('',*,*,#10926,.T.);
#10926 = EDGE_CURVE('',#10880,#10902,#10927,.T.);
#10927 = LINE('',#10928,#10929);
#10928 = CARTESIAN_POINT('',(-1.4,-2.,8.));
#10929 = VECTOR('',#10930,1.);
#10930 = DIRECTION('',(1.,0.,0.));
#10931 = ORIENTED_EDGE('',*,*,#10911,.F.);
#10932 = ORIENTED_EDGE('',*,*,#10342,.F.);
#10933 = FACE_BOUND('',#10934,.F.);
#10934 = EDGE_LOOP('',(#10935,#10945,#10953,#10961));
#10935 = ORIENTED_EDGE('',*,*,#10936,.T.);
#10936 = EDGE_CURVE('',#10937,#10939,#10941,.T.);
#10937 = VERTEX_POINT('',#10938);
#10938 = CARTESIAN_POINT('',(-1.25,-2.,7.9));
#10939 = VERTEX_POINT('',#10940);
#10940 = CARTESIAN_POINT('',(-1.25,-2.,3.4));
#10941 = LINE('',#10942,#10943);
#10942 = CARTESIAN_POINT('',(-1.25,-2.,7.9));
#10943 = VECTOR('',#10944,1.);
#10944 = DIRECTION('',(0.,0.,-1.));
#10945 = ORIENTED_EDGE('',*,*,#10946,.T.);
#10946 = EDGE_CURVE('',#10939,#10947,#10949,.T.);
#10947 = VERTEX_POINT('',#10948);
#10948 = CARTESIAN_POINT('',(1.25,-2.,3.4));
#10949 = LINE('',#10950,#10951);
#10950 = CARTESIAN_POINT('',(-1.25,-2.,3.4));
#10951 = VECTOR('',#10952,1.);
#10952 = DIRECTION('',(1.,0.,0.));
#10953 = ORIENTED_EDGE('',*,*,#10954,.T.);
#10954 = EDGE_CURVE('',#10947,#10955,#10957,.T.);
#10955 = VERTEX_POINT('',#10956);
#10956 = CARTESIAN_POINT('',(1.25,-2.,7.9));
#10957 = LINE('',#10958,#10959);
#10958 = CARTESIAN_POINT('',(1.25,-2.,3.4));
#10959 = VECTOR('',#10960,1.);
#10960 = DIRECTION('',(0.,0.,1.));
#10961 = ORIENTED_EDGE('',*,*,#10962,.T.);
#10962 = EDGE_CURVE('',#10955,#10937,#10963,.T.);
#10963 = LINE('',#10964,#10965);
#10964 = CARTESIAN_POINT('',(1.25,-2.,7.9));
#10965 = VECTOR('',#10966,1.);
#10966 = DIRECTION('',(-1.,0.,0.));
#10967 = PLANE('',#10968);
#10968 = AXIS2_PLACEMENT_3D('',#10969,#10970,#10971);
#10969 = CARTESIAN_POINT('',(-1.4,-2.,3.3));
#10970 = DIRECTION('',(0.,1.,0.));
#10971 = DIRECTION('',(1.,0.,0.));
#10972 = ADVANCED_FACE('',(#10973),#10979,.F.);
#10973 = FACE_BOUND('',#10974,.F.);
#10974 = EDGE_LOOP('',(#10975,#10976,#10977,#10978));
#10975 = ORIENTED_EDGE('',*,*,#10879,.F.);
#10976 = ORIENTED_EDGE('',*,*,#10372,.F.);
#10977 = ORIENTED_EDGE('',*,*,#10901,.T.);
#10978 = ORIENTED_EDGE('',*,*,#10926,.F.);
#10979 = PLANE('',#10980);
#10980 = AXIS2_PLACEMENT_3D('',#10981,#10982,#10983);
#10981 = CARTESIAN_POINT('',(1.4,-105.283,8.));
#10982 = DIRECTION('',(0.,0.,1.));
#10983 = DIRECTION('',(-1.,0.,0.));
#10984 = ADVANCED_FACE('',(#10985),#10995,.F.);
#10985 = FACE_BOUND('',#10986,.F.);
#10986 = EDGE_LOOP('',(#10987,#10988,#10994));
#10987 = ORIENTED_EDGE('',*,*,#10592,.F.);
#10988 = ORIENTED_EDGE('',*,*,#10989,.T.);
#10989 = EDGE_CURVE('',#10585,#10459,#10990,.T.);
#10990 = LINE('',#10991,#10992);
#10991 = CARTESIAN_POINT('',(6.48,-2.,3.3));
#10992 = VECTOR('',#10993,1.);
#10993 = DIRECTION('',(0.,1.,0.));
#10994 = ORIENTED_EDGE('',*,*,#10458,.F.);
#10995 = PLANE('',#10996);
#10996 = AXIS2_PLACEMENT_3D('',#10997,#10998,#10999);
#10997 = CARTESIAN_POINT('',(3.68,-105.283,3.3));
#10998 = DIRECTION('',(0.,0.,-1.));
#10999 = DIRECTION('',(1.,0.,0.));
#11000 = ADVANCED_FACE('',(#11001),#11028,.F.);
#11001 = FACE_BOUND('',#11002,.F.);
#11002 = EDGE_LOOP('',(#11003,#11004,#11005,#11013,#11021,#11027));
#11003 = ORIENTED_EDGE('',*,*,#10989,.F.);
#11004 = ORIENTED_EDGE('',*,*,#10584,.T.);
#11005 = ORIENTED_EDGE('',*,*,#11006,.T.);
#11006 = EDGE_CURVE('',#10576,#11007,#11009,.T.);
#11007 = VERTEX_POINT('',#11008);
#11008 = CARTESIAN_POINT('',(6.48,-1.067523257867,8.));
#11009 = LINE('',#11010,#11011);
#11010 = CARTESIAN_POINT('',(6.48,-2.,8.));
#11011 = VECTOR('',#11012,1.);
#11012 = DIRECTION('',(0.,1.,0.));
#11013 = ORIENTED_EDGE('',*,*,#11014,.T.);
#11014 = EDGE_CURVE('',#11007,#11015,#11017,.T.);
#11015 = VERTEX_POINT('',#11016);
#11016 = CARTESIAN_POINT('',(6.48,1.501523257867,8.));
#11017 = LINE('',#11018,#11019);
#11018 = CARTESIAN_POINT('',(6.48,-2.,8.));
#11019 = VECTOR('',#11020,1.);
#11020 = DIRECTION('',(0.,1.,0.));
#11021 = ORIENTED_EDGE('',*,*,#11022,.T.);
#11022 = EDGE_CURVE('',#11015,#10468,#11023,.T.);
#11023 = LINE('',#11024,#11025);
#11024 = CARTESIAN_POINT('',(6.48,-2.,8.));
#11025 = VECTOR('',#11026,1.);
#11026 = DIRECTION('',(0.,1.,0.));
#11027 = ORIENTED_EDGE('',*,*,#10467,.F.);
#11028 = PLANE('',#11029);
#11029 = AXIS2_PLACEMENT_3D('',#11030,#11031,#11032);
#11030 = CARTESIAN_POINT('',(6.48,-2.,3.3));
#11031 = DIRECTION('',(-1.,0.,0.));
#11032 = DIRECTION('',(0.,1.,0.));
#11033 = ADVANCED_FACE('',(#11034),#11053,.T.);
#11034 = FACE_BOUND('',#11035,.T.);
#11035 = EDGE_LOOP('',(#11036,#11045,#11051,#11052));
#11036 = ORIENTED_EDGE('',*,*,#11037,.F.);
#11037 = EDGE_CURVE('',#11038,#11007,#11040,.T.);
#11038 = VERTEX_POINT('',#11039);
#11039 = CARTESIAN_POINT('',(3.68,-1.067523257866,8.));
#11040 = CIRCLE('',#11041,1.9);
#11041 = AXIS2_PLACEMENT_3D('',#11042,#11043,#11044);
#11042 = CARTESIAN_POINT('',(5.08,0.217,8.));
#11043 = DIRECTION('',(0.,0.,1.));
#11044 = DIRECTION('',(1.,0.,-0.));
#11045 = ORIENTED_EDGE('',*,*,#11046,.T.);
#11046 = EDGE_CURVE('',#11038,#10568,#11047,.T.);
#11047 = LINE('',#11048,#11049);
#11048 = CARTESIAN_POINT('',(3.68,2.,8.));
#11049 = VECTOR('',#11050,1.);
#11050 = DIRECTION('',(0.,-1.,0.));
#11051 = ORIENTED_EDGE('',*,*,#10575,.T.);
#11052 = ORIENTED_EDGE('',*,*,#11006,.T.);
#11053 = PLANE('',#11054);
#11054 = AXIS2_PLACEMENT_3D('',#11055,#11056,#11057);
#11055 = CARTESIAN_POINT('',(5.08,0.,8.));
#11056 = DIRECTION('',(0.,0.,1.));
#11057 = DIRECTION('',(1.,0.,-0.));
#11058 = ADVANCED_FACE('',(#11059),#11084,.F.);
#11059 = FACE_BOUND('',#11060,.F.);
#11060 = EDGE_LOOP('',(#11061,#11062,#11070,#11076,#11077,#11078));
#11061 = ORIENTED_EDGE('',*,*,#10550,.T.);
#11062 = ORIENTED_EDGE('',*,*,#11063,.T.);
#11063 = EDGE_CURVE('',#10542,#11064,#11066,.T.);
#11064 = VERTEX_POINT('',#11065);
#11065 = CARTESIAN_POINT('',(3.68,1.501523257866,8.));
#11066 = LINE('',#11067,#11068);
#11067 = CARTESIAN_POINT('',(3.68,2.,8.));
#11068 = VECTOR('',#11069,1.);
#11069 = DIRECTION('',(0.,-1.,0.));
#11070 = ORIENTED_EDGE('',*,*,#11071,.T.);
#11071 = EDGE_CURVE('',#11064,#11038,#11072,.T.);
#11072 = LINE('',#11073,#11074);
#11073 = CARTESIAN_POINT('',(3.68,2.,8.));
#11074 = VECTOR('',#11075,1.);
#11075 = DIRECTION('',(0.,-1.,0.));
#11076 = ORIENTED_EDGE('',*,*,#11046,.T.);
#11077 = ORIENTED_EDGE('',*,*,#10567,.F.);
#11078 = ORIENTED_EDGE('',*,*,#11079,.F.);
#11079 = EDGE_CURVE('',#10551,#10559,#11080,.T.);
#11080 = LINE('',#11081,#11082);
#11081 = CARTESIAN_POINT('',(3.68,2.,3.3));
#11082 = VECTOR('',#11083,1.);
#11083 = DIRECTION('',(0.,-1.,0.));
#11084 = PLANE('',#11085);
#11085 = AXIS2_PLACEMENT_3D('',#11086,#11087,#11088);
#11086 = CARTESIAN_POINT('',(3.68,2.,3.3));
#11087 = DIRECTION('',(1.,0.,-0.));
#11088 = DIRECTION('',(0.,-1.,0.));
#11089 = ADVANCED_FACE('',(#11090),#11094,.F.);
#11090 = FACE_BOUND('',#11091,.F.);
#11091 = EDGE_LOOP('',(#11092,#11093));
#11092 = ORIENTED_EDGE('',*,*,#11079,.T.);
#11093 = ORIENTED_EDGE('',*,*,#10558,.F.);
#11094 = PLANE('',#11095);
#11095 = AXIS2_PLACEMENT_3D('',#11096,#11097,#11098);
#11096 = CARTESIAN_POINT('',(3.68,-105.283,3.3));
#11097 = DIRECTION('',(0.,0.,-1.));
#11098 = DIRECTION('',(1.,0.,0.));
#11099 = ADVANCED_FACE('',(#11100),#11119,.T.);
#11100 = FACE_BOUND('',#11101,.T.);
#11101 = EDGE_LOOP('',(#11102,#11103,#11104,#11113));
#11102 = ORIENTED_EDGE('',*,*,#10541,.T.);
#11103 = ORIENTED_EDGE('',*,*,#11063,.T.);
#11104 = ORIENTED_EDGE('',*,*,#11105,.F.);
#11105 = EDGE_CURVE('',#11106,#11064,#11108,.T.);
#11106 = VERTEX_POINT('',#11107);
#11107 = CARTESIAN_POINT('',(4.423561884105,2.,8.));
#11108 = CIRCLE('',#11109,1.9);
#11109 = AXIS2_PLACEMENT_3D('',#11110,#11111,#11112);
#11110 = CARTESIAN_POINT('',(5.08,0.217,8.));
#11111 = DIRECTION('',(0.,0.,1.));
#11112 = DIRECTION('',(1.,0.,-0.));
#11113 = ORIENTED_EDGE('',*,*,#11114,.T.);
#11114 = EDGE_CURVE('',#11106,#10534,#11115,.T.);
#11115 = LINE('',#11116,#11117);
#11116 = CARTESIAN_POINT('',(6.48,2.,8.));
#11117 = VECTOR('',#11118,1.);
#11118 = DIRECTION('',(-1.,0.,0.));
#11119 = PLANE('',#11120);
#11120 = AXIS2_PLACEMENT_3D('',#11121,#11122,#11123);
#11121 = CARTESIAN_POINT('',(5.08,0.,8.));
#11122 = DIRECTION('',(0.,0.,1.));
#11123 = DIRECTION('',(1.,0.,-0.));
#11124 = ADVANCED_FACE('',(#11125),#11150,.F.);
#11125 = FACE_BOUND('',#11126,.F.);
#11126 = EDGE_LOOP('',(#11127,#11128,#11136,#11142,#11143,#11144));
#11127 = ORIENTED_EDGE('',*,*,#10484,.T.);
#11128 = ORIENTED_EDGE('',*,*,#11129,.T.);
#11129 = EDGE_CURVE('',#10476,#11130,#11132,.T.);
#11130 = VERTEX_POINT('',#11131);
#11131 = CARTESIAN_POINT('',(5.736438115895,2.,8.));
#11132 = LINE('',#11133,#11134);
#11133 = CARTESIAN_POINT('',(6.48,2.,8.));
#11134 = VECTOR('',#11135,1.);
#11135 = DIRECTION('',(-1.,0.,0.));
#11136 = ORIENTED_EDGE('',*,*,#11137,.T.);
#11137 = EDGE_CURVE('',#11130,#11106,#11138,.T.);
#11138 = LINE('',#11139,#11140);
#11139 = CARTESIAN_POINT('',(6.48,2.,8.));
#11140 = VECTOR('',#11141,1.);
#11141 = DIRECTION('',(-1.,0.,0.));
#11142 = ORIENTED_EDGE('',*,*,#11114,.T.);
#11143 = ORIENTED_EDGE('',*,*,#10533,.F.);
#11144 = ORIENTED_EDGE('',*,*,#11145,.F.);
#11145 = EDGE_CURVE('',#10485,#10526,#11146,.T.);
#11146 = LINE('',#11147,#11148);
#11147 = CARTESIAN_POINT('',(6.33,2.,7.9));
#11148 = VECTOR('',#11149,1.);
#11149 = DIRECTION('',(-1.,0.,0.));
#11150 = PLANE('',#11151);
#11151 = AXIS2_PLACEMENT_3D('',#11152,#11153,#11154);
#11152 = CARTESIAN_POINT('',(6.48,2.,3.3));
#11153 = DIRECTION('',(0.,-1.,0.));
#11154 = DIRECTION('',(-1.,0.,0.));
#11155 = ADVANCED_FACE('',(#11156),#11181,.T.);
#11156 = FACE_BOUND('',#11157,.T.);
#11157 = EDGE_LOOP('',(#11158,#11159,#11167,#11175));
#11158 = ORIENTED_EDGE('',*,*,#10525,.T.);
#11159 = ORIENTED_EDGE('',*,*,#11160,.T.);
#11160 = EDGE_CURVE('',#10526,#11161,#11163,.T.);
#11161 = VERTEX_POINT('',#11162);
#11162 = CARTESIAN_POINT('',(3.83,2.,7.9));
#11163 = LINE('',#11164,#11165);
#11164 = CARTESIAN_POINT('',(6.33,2.,7.9));
#11165 = VECTOR('',#11166,1.);
#11166 = DIRECTION('',(-1.,0.,0.));
#11167 = ORIENTED_EDGE('',*,*,#11168,.T.);
#11168 = EDGE_CURVE('',#11161,#11169,#11171,.T.);
#11169 = VERTEX_POINT('',#11170);
#11170 = CARTESIAN_POINT('',(3.83,2.,3.4));
#11171 = LINE('',#11172,#11173);
#11172 = CARTESIAN_POINT('',(3.83,2.,7.9));
#11173 = VECTOR('',#11174,1.);
#11174 = DIRECTION('',(0.,0.,-1.));
#11175 = ORIENTED_EDGE('',*,*,#11176,.T.);
#11176 = EDGE_CURVE('',#11169,#10518,#11177,.T.);
#11177 = LINE('',#11178,#11179);
#11178 = CARTESIAN_POINT('',(3.83,2.,3.4));
#11179 = VECTOR('',#11180,1.);
#11180 = DIRECTION('',(1.,0.,0.));
#11181 = PLANE('',#11182);
#11182 = AXIS2_PLACEMENT_3D('',#11183,#11184,#11185);
#11183 = CARTESIAN_POINT('',(5.08,2.,5.65));
#11184 = DIRECTION('',(-0.,-1.,-0.));
#11185 = DIRECTION('',(0.,0.,-1.));
#11186 = ADVANCED_FACE('',(#11187),#11203,.F.);
#11187 = FACE_BOUND('',#11188,.F.);
#11188 = EDGE_LOOP('',(#11189,#11195,#11196,#11202));
#11189 = ORIENTED_EDGE('',*,*,#11190,.F.);
#11190 = EDGE_CURVE('',#10501,#10509,#11191,.T.);
#11191 = LINE('',#11192,#11193);
#11192 = CARTESIAN_POINT('',(6.48,2.,3.3));
#11193 = VECTOR('',#11194,1.);
#11194 = DIRECTION('',(-1.,0.,0.));
#11195 = ORIENTED_EDGE('',*,*,#10500,.T.);
#11196 = ORIENTED_EDGE('',*,*,#11197,.F.);
#11197 = EDGE_CURVE('',#10518,#10493,#11198,.T.);
#11198 = LINE('',#11199,#11200);
#11199 = CARTESIAN_POINT('',(3.83,2.,3.4));
#11200 = VECTOR('',#11201,1.);
#11201 = DIRECTION('',(1.,0.,0.));
#11202 = ORIENTED_EDGE('',*,*,#10517,.F.);
#11203 = PLANE('',#11204);
#11204 = AXIS2_PLACEMENT_3D('',#11205,#11206,#11207);
#11205 = CARTESIAN_POINT('',(6.48,2.,3.3));
#11206 = DIRECTION('',(0.,-1.,0.));
#11207 = DIRECTION('',(-1.,0.,0.));
#11208 = ADVANCED_FACE('',(#11209),#11213,.F.);
#11209 = FACE_BOUND('',#11210,.F.);
#11210 = EDGE_LOOP('',(#11211,#11212));
#11211 = ORIENTED_EDGE('',*,*,#11190,.T.);
#11212 = ORIENTED_EDGE('',*,*,#10508,.F.);
#11213 = PLANE('',#11214);
#11214 = AXIS2_PLACEMENT_3D('',#11215,#11216,#11217);
#11215 = CARTESIAN_POINT('',(3.68,-105.283,3.3));
#11216 = DIRECTION('',(0.,0.,-1.));
#11217 = DIRECTION('',(1.,0.,0.));
#11218 = ADVANCED_FACE('',(#11219),#11244,.T.);
#11219 = FACE_BOUND('',#11220,.T.);
#11220 = EDGE_LOOP('',(#11221,#11222,#11230,#11238));
#11221 = ORIENTED_EDGE('',*,*,#10492,.F.);
#11222 = ORIENTED_EDGE('',*,*,#11223,.T.);
#11223 = EDGE_CURVE('',#10493,#11224,#11226,.T.);
#11224 = VERTEX_POINT('',#11225);
#11225 = CARTESIAN_POINT('',(6.33,2.,3.4));
#11226 = LINE('',#11227,#11228);
#11227 = CARTESIAN_POINT('',(3.83,2.,3.4));
#11228 = VECTOR('',#11229,1.);
#11229 = DIRECTION('',(1.,0.,0.));
#11230 = ORIENTED_EDGE('',*,*,#11231,.T.);
#11231 = EDGE_CURVE('',#11224,#11232,#11234,.T.);
#11232 = VERTEX_POINT('',#11233);
#11233 = CARTESIAN_POINT('',(6.33,2.,7.9));
#11234 = LINE('',#11235,#11236);
#11235 = CARTESIAN_POINT('',(6.33,2.,3.4));
#11236 = VECTOR('',#11237,1.);
#11237 = DIRECTION('',(0.,0.,1.));
#11238 = ORIENTED_EDGE('',*,*,#11239,.T.);
#11239 = EDGE_CURVE('',#11232,#10485,#11240,.T.);
#11240 = LINE('',#11241,#11242);
#11241 = CARTESIAN_POINT('',(6.33,2.,7.9));
#11242 = VECTOR('',#11243,1.);
#11243 = DIRECTION('',(-1.,0.,0.));
#11244 = PLANE('',#11245);
#11245 = AXIS2_PLACEMENT_3D('',#11246,#11247,#11248);
#11246 = CARTESIAN_POINT('',(5.08,2.,5.65));
#11247 = DIRECTION('',(-0.,-1.,-0.));
#11248 = DIRECTION('',(0.,0.,-1.));
#11249 = ADVANCED_FACE('',(#11250),#11262,.T.);
#11250 = FACE_BOUND('',#11251,.T.);
#11251 = EDGE_LOOP('',(#11252,#11259,#11260,#11261));
#11252 = ORIENTED_EDGE('',*,*,#11253,.F.);
#11253 = EDGE_CURVE('',#11015,#11130,#11254,.T.);
#11254 = CIRCLE('',#11255,1.9);
#11255 = AXIS2_PLACEMENT_3D('',#11256,#11257,#11258);
#11256 = CARTESIAN_POINT('',(5.08,0.217,8.));
#11257 = DIRECTION('',(0.,0.,1.));
#11258 = DIRECTION('',(1.,0.,-0.));
#11259 = ORIENTED_EDGE('',*,*,#11022,.T.);
#11260 = ORIENTED_EDGE('',*,*,#10475,.T.);
#11261 = ORIENTED_EDGE('',*,*,#11129,.T.);
#11262 = PLANE('',#11263);
#11263 = AXIS2_PLACEMENT_3D('',#11264,#11265,#11266);
#11264 = CARTESIAN_POINT('',(5.08,0.,8.));
#11265 = DIRECTION('',(0.,0.,1.));
#11266 = DIRECTION('',(1.,0.,-0.));
#11267 = ADVANCED_FACE('',(#11268),#11278,.F.);
#11268 = FACE_BOUND('',#11269,.F.);
#11269 = EDGE_LOOP('',(#11270,#11271,#11277));
#11270 = ORIENTED_EDGE('',*,*,#10751,.F.);
#11271 = ORIENTED_EDGE('',*,*,#11272,.T.);
#11272 = EDGE_CURVE('',#10744,#10618,#11273,.T.);
#11273 = LINE('',#11274,#11275);
#11274 = CARTESIAN_POINT('',(1.4,-2.,3.3));
#11275 = VECTOR('',#11276,1.);
#11276 = DIRECTION('',(0.,1.,0.));
#11277 = ORIENTED_EDGE('',*,*,#10617,.F.);
#11278 = PLANE('',#11279);
#11279 = AXIS2_PLACEMENT_3D('',#11280,#11281,#11282);
#11280 = CARTESIAN_POINT('',(-1.4,-105.283,3.3));
#11281 = DIRECTION('',(0.,0.,-1.));
#11282 = DIRECTION('',(1.,0.,0.));
#11283 = ADVANCED_FACE('',(#11284),#11311,.F.);
#11284 = FACE_BOUND('',#11285,.F.);
#11285 = EDGE_LOOP('',(#11286,#11287,#11288,#11296,#11304,#11310));
#11286 = ORIENTED_EDGE('',*,*,#11272,.F.);
#11287 = ORIENTED_EDGE('',*,*,#10743,.T.);
#11288 = ORIENTED_EDGE('',*,*,#11289,.T.);
#11289 = EDGE_CURVE('',#10735,#11290,#11292,.T.);
#11290 = VERTEX_POINT('',#11291);
#11291 = CARTESIAN_POINT('',(1.4,-1.067523257867,8.));
#11292 = LINE('',#11293,#11294);
#11293 = CARTESIAN_POINT('',(1.4,-2.,8.));
#11294 = VECTOR('',#11295,1.);
#11295 = DIRECTION('',(0.,1.,0.));
#11296 = ORIENTED_EDGE('',*,*,#11297,.T.);
#11297 = EDGE_CURVE('',#11290,#11298,#11300,.T.);
#11298 = VERTEX_POINT('',#11299);
#11299 = CARTESIAN_POINT('',(1.4,1.501523257867,8.));
#11300 = LINE('',#11301,#11302);
#11301 = CARTESIAN_POINT('',(1.4,-2.,8.));
#11302 = VECTOR('',#11303,1.);
#11303 = DIRECTION('',(0.,1.,0.));
#11304 = ORIENTED_EDGE('',*,*,#11305,.T.);
#11305 = EDGE_CURVE('',#11298,#10627,#11306,.T.);
#11306 = LINE('',#11307,#11308);
#11307 = CARTESIAN_POINT('',(1.4,-2.,8.));
#11308 = VECTOR('',#11309,1.);
#11309 = DIRECTION('',(0.,1.,0.));
#11310 = ORIENTED_EDGE('',*,*,#10626,.F.);
#11311 = PLANE('',#11312);
#11312 = AXIS2_PLACEMENT_3D('',#11313,#11314,#11315);
#11313 = CARTESIAN_POINT('',(1.4,-2.,3.3));
#11314 = DIRECTION('',(-1.,0.,0.));
#11315 = DIRECTION('',(0.,1.,0.));
#11316 = ADVANCED_FACE('',(#11317),#11336,.T.);
#11317 = FACE_BOUND('',#11318,.T.);
#11318 = EDGE_LOOP('',(#11319,#11328,#11334,#11335));
#11319 = ORIENTED_EDGE('',*,*,#11320,.F.);
#11320 = EDGE_CURVE('',#11321,#11290,#11323,.T.);
#11321 = VERTEX_POINT('',#11322);
#11322 = CARTESIAN_POINT('',(-1.4,-1.067523257866,8.));
#11323 = CIRCLE('',#11324,1.9);
#11324 = AXIS2_PLACEMENT_3D('',#11325,#11326,#11327);
#11325 = CARTESIAN_POINT('',(0.,0.217,8.));
#11326 = DIRECTION('',(0.,0.,1.));
#11327 = DIRECTION('',(1.,0.,-0.));
#11328 = ORIENTED_EDGE('',*,*,#11329,.T.);
#11329 = EDGE_CURVE('',#11321,#10727,#11330,.T.);
#11330 = LINE('',#11331,#11332);
#11331 = CARTESIAN_POINT('',(-1.4,2.,8.));
#11332 = VECTOR('',#11333,1.);
#11333 = DIRECTION('',(0.,-1.,0.));
#11334 = ORIENTED_EDGE('',*,*,#10734,.T.);
#11335 = ORIENTED_EDGE('',*,*,#11289,.T.);
#11336 = PLANE('',#11337);
#11337 = AXIS2_PLACEMENT_3D('',#11338,#11339,#11340);
#11338 = CARTESIAN_POINT('',(0.,0.,8.));
#11339 = DIRECTION('',(0.,0.,1.));
#11340 = DIRECTION('',(1.,0.,-0.));
#11341 = ADVANCED_FACE('',(#11342),#11367,.F.);
#11342 = FACE_BOUND('',#11343,.F.);
#11343 = EDGE_LOOP('',(#11344,#11345,#11353,#11359,#11360,#11361));
#11344 = ORIENTED_EDGE('',*,*,#10709,.T.);
#11345 = ORIENTED_EDGE('',*,*,#11346,.T.);
#11346 = EDGE_CURVE('',#10701,#11347,#11349,.T.);
#11347 = VERTEX_POINT('',#11348);
#11348 = CARTESIAN_POINT('',(-1.4,1.501523257866,8.));
#11349 = LINE('',#11350,#11351);
#11350 = CARTESIAN_POINT('',(-1.4,2.,8.));
#11351 = VECTOR('',#11352,1.);
#11352 = DIRECTION('',(0.,-1.,0.));
#11353 = ORIENTED_EDGE('',*,*,#11354,.T.);
#11354 = EDGE_CURVE('',#11347,#11321,#11355,.T.);
#11355 = LINE('',#11356,#11357);
#11356 = CARTESIAN_POINT('',(-1.4,2.,8.));
#11357 = VECTOR('',#11358,1.);
#11358 = DIRECTION('',(0.,-1.,0.));
#11359 = ORIENTED_EDGE('',*,*,#11329,.T.);
#11360 = ORIENTED_EDGE('',*,*,#10726,.F.);
#11361 = ORIENTED_EDGE('',*,*,#11362,.F.);
#11362 = EDGE_CURVE('',#10710,#10718,#11363,.T.);
#11363 = LINE('',#11364,#11365);
#11364 = CARTESIAN_POINT('',(-1.4,2.,3.3));
#11365 = VECTOR('',#11366,1.);
#11366 = DIRECTION('',(0.,-1.,0.));
#11367 = PLANE('',#11368);
#11368 = AXIS2_PLACEMENT_3D('',#11369,#11370,#11371);
#11369 = CARTESIAN_POINT('',(-1.4,2.,3.3));
#11370 = DIRECTION('',(1.,0.,-0.));
#11371 = DIRECTION('',(0.,-1.,0.));
#11372 = ADVANCED_FACE('',(#11373),#11377,.F.);
#11373 = FACE_BOUND('',#11374,.F.);
#11374 = EDGE_LOOP('',(#11375,#11376));
#11375 = ORIENTED_EDGE('',*,*,#11362,.T.);
#11376 = ORIENTED_EDGE('',*,*,#10717,.F.);
#11377 = PLANE('',#11378);
#11378 = AXIS2_PLACEMENT_3D('',#11379,#11380,#11381);
#11379 = CARTESIAN_POINT('',(-1.4,-105.283,3.3));
#11380 = DIRECTION('',(0.,0.,-1.));
#11381 = DIRECTION('',(1.,0.,0.));
#11382 = ADVANCED_FACE('',(#11383),#11402,.T.);
#11383 = FACE_BOUND('',#11384,.T.);
#11384 = EDGE_LOOP('',(#11385,#11386,#11387,#11396));
#11385 = ORIENTED_EDGE('',*,*,#10700,.T.);
#11386 = ORIENTED_EDGE('',*,*,#11346,.T.);
#11387 = ORIENTED_EDGE('',*,*,#11388,.F.);
#11388 = EDGE_CURVE('',#11389,#11347,#11391,.T.);
#11389 = VERTEX_POINT('',#11390);
#11390 = CARTESIAN_POINT('',(-0.656438115895,2.,8.));
#11391 = CIRCLE('',#11392,1.9);
#11392 = AXIS2_PLACEMENT_3D('',#11393,#11394,#11395);
#11393 = CARTESIAN_POINT('',(0.,0.217,8.));
#11394 = DIRECTION('',(0.,0.,1.));
#11395 = DIRECTION('',(1.,0.,-0.));
#11396 = ORIENTED_EDGE('',*,*,#11397,.T.);
#11397 = EDGE_CURVE('',#11389,#10693,#11398,.T.);
#11398 = LINE('',#11399,#11400);
#11399 = CARTESIAN_POINT('',(1.4,2.,8.));
#11400 = VECTOR('',#11401,1.);
#11401 = DIRECTION('',(-1.,0.,0.));
#11402 = PLANE('',#11403);
#11403 = AXIS2_PLACEMENT_3D('',#11404,#11405,#11406);
#11404 = CARTESIAN_POINT('',(0.,0.,8.));
#11405 = DIRECTION('',(0.,0.,1.));
#11406 = DIRECTION('',(1.,0.,-0.));
#11407 = ADVANCED_FACE('',(#11408),#11433,.F.);
#11408 = FACE_BOUND('',#11409,.F.);
#11409 = EDGE_LOOP('',(#11410,#11411,#11419,#11425,#11426,#11427));
#11410 = ORIENTED_EDGE('',*,*,#10643,.T.);
#11411 = ORIENTED_EDGE('',*,*,#11412,.T.);
#11412 = EDGE_CURVE('',#10635,#11413,#11415,.T.);
#11413 = VERTEX_POINT('',#11414);
#11414 = CARTESIAN_POINT('',(0.656438115895,2.,8.));
#11415 = LINE('',#11416,#11417);
#11416 = CARTESIAN_POINT('',(1.4,2.,8.));
#11417 = VECTOR('',#11418,1.);
#11418 = DIRECTION('',(-1.,0.,0.));
#11419 = ORIENTED_EDGE('',*,*,#11420,.T.);
#11420 = EDGE_CURVE('',#11413,#11389,#11421,.T.);
#11421 = LINE('',#11422,#11423);
#11422 = CARTESIAN_POINT('',(1.4,2.,8.));
#11423 = VECTOR('',#11424,1.);
#11424 = DIRECTION('',(-1.,0.,0.));
#11425 = ORIENTED_EDGE('',*,*,#11397,.T.);
#11426 = ORIENTED_EDGE('',*,*,#10692,.F.);
#11427 = ORIENTED_EDGE('',*,*,#11428,.F.);
#11428 = EDGE_CURVE('',#10644,#10685,#11429,.T.);
#11429 = LINE('',#11430,#11431);
#11430 = CARTESIAN_POINT('',(1.25,2.,7.9));
#11431 = VECTOR('',#11432,1.);
#11432 = DIRECTION('',(-1.,0.,0.));
#11433 = PLANE('',#11434);
#11434 = AXIS2_PLACEMENT_3D('',#11435,#11436,#11437);
#11435 = CARTESIAN_POINT('',(1.4,2.,3.3));
#11436 = DIRECTION('',(0.,-1.,0.));
#11437 = DIRECTION('',(-1.,0.,0.));
#11438 = ADVANCED_FACE('',(#11439),#11464,.T.);
#11439 = FACE_BOUND('',#11440,.T.);
#11440 = EDGE_LOOP('',(#11441,#11442,#11450,#11458));
#11441 = ORIENTED_EDGE('',*,*,#10684,.T.);
#11442 = ORIENTED_EDGE('',*,*,#11443,.T.);
#11443 = EDGE_CURVE('',#10685,#11444,#11446,.T.);
#11444 = VERTEX_POINT('',#11445);
#11445 = CARTESIAN_POINT('',(-1.25,2.,7.9));
#11446 = LINE('',#11447,#11448);
#11447 = CARTESIAN_POINT('',(1.25,2.,7.9));
#11448 = VECTOR('',#11449,1.);
#11449 = DIRECTION('',(-1.,0.,0.));
#11450 = ORIENTED_EDGE('',*,*,#11451,.T.);
#11451 = EDGE_CURVE('',#11444,#11452,#11454,.T.);
#11452 = VERTEX_POINT('',#11453);
#11453 = CARTESIAN_POINT('',(-1.25,2.,3.4));
#11454 = LINE('',#11455,#11456);
#11455 = CARTESIAN_POINT('',(-1.25,2.,7.9));
#11456 = VECTOR('',#11457,1.);
#11457 = DIRECTION('',(0.,0.,-1.));
#11458 = ORIENTED_EDGE('',*,*,#11459,.T.);
#11459 = EDGE_CURVE('',#11452,#10677,#11460,.T.);
#11460 = LINE('',#11461,#11462);
#11461 = CARTESIAN_POINT('',(-1.25,2.,3.4));
#11462 = VECTOR('',#11463,1.);
#11463 = DIRECTION('',(1.,0.,0.));
#11464 = PLANE('',#11465);
#11465 = AXIS2_PLACEMENT_3D('',#11466,#11467,#11468);
#11466 = CARTESIAN_POINT('',(0.,2.,5.65));
#11467 = DIRECTION('',(-0.,-1.,-0.));
#11468 = DIRECTION('',(0.,0.,-1.));
#11469 = ADVANCED_FACE('',(#11470),#11486,.F.);
#11470 = FACE_BOUND('',#11471,.F.);
#11471 = EDGE_LOOP('',(#11472,#11478,#11479,#11485));
#11472 = ORIENTED_EDGE('',*,*,#11473,.F.);
#11473 = EDGE_CURVE('',#10660,#10668,#11474,.T.);
#11474 = LINE('',#11475,#11476);
#11475 = CARTESIAN_POINT('',(1.4,2.,3.3));
#11476 = VECTOR('',#11477,1.);
#11477 = DIRECTION('',(-1.,0.,0.));
#11478 = ORIENTED_EDGE('',*,*,#10659,.T.);
#11479 = ORIENTED_EDGE('',*,*,#11480,.F.);
#11480 = EDGE_CURVE('',#10677,#10652,#11481,.T.);
#11481 = LINE('',#11482,#11483);
#11482 = CARTESIAN_POINT('',(-1.25,2.,3.4));
#11483 = VECTOR('',#11484,1.);
#11484 = DIRECTION('',(1.,0.,0.));
#11485 = ORIENTED_EDGE('',*,*,#10676,.F.);
#11486 = PLANE('',#11487);
#11487 = AXIS2_PLACEMENT_3D('',#11488,#11489,#11490);
#11488 = CARTESIAN_POINT('',(1.4,2.,3.3));
#11489 = DIRECTION('',(0.,-1.,0.));
#11490 = DIRECTION('',(-1.,0.,0.));
#11491 = ADVANCED_FACE('',(#11492),#11496,.F.);
#11492 = FACE_BOUND('',#11493,.F.);
#11493 = EDGE_LOOP('',(#11494,#11495));
#11494 = ORIENTED_EDGE('',*,*,#11473,.T.);
#11495 = ORIENTED_EDGE('',*,*,#10667,.F.);
#11496 = PLANE('',#11497);
#11497 = AXIS2_PLACEMENT_3D('',#11498,#11499,#11500);
#11498 = CARTESIAN_POINT('',(-1.4,-105.283,3.3));
#11499 = DIRECTION('',(0.,0.,-1.));
#11500 = DIRECTION('',(1.,0.,0.));
#11501 = ADVANCED_FACE('',(#11502),#11527,.T.);
#11502 = FACE_BOUND('',#11503,.T.);
#11503 = EDGE_LOOP('',(#11504,#11505,#11513,#11521));
#11504 = ORIENTED_EDGE('',*,*,#10651,.F.);
#11505 = ORIENTED_EDGE('',*,*,#11506,.T.);
#11506 = EDGE_CURVE('',#10652,#11507,#11509,.T.);
#11507 = VERTEX_POINT('',#11508);
#11508 = CARTESIAN_POINT('',(1.25,2.,3.4));
#11509 = LINE('',#11510,#11511);
#11510 = CARTESIAN_POINT('',(-1.25,2.,3.4));
#11511 = VECTOR('',#11512,1.);
#11512 = DIRECTION('',(1.,0.,0.));
#11513 = ORIENTED_EDGE('',*,*,#11514,.T.);
#11514 = EDGE_CURVE('',#11507,#11515,#11517,.T.);
#11515 = VERTEX_POINT('',#11516);
#11516 = CARTESIAN_POINT('',(1.25,2.,7.9));
#11517 = LINE('',#11518,#11519);
#11518 = CARTESIAN_POINT('',(1.25,2.,3.4));
#11519 = VECTOR('',#11520,1.);
#11520 = DIRECTION('',(0.,0.,1.));
#11521 = ORIENTED_EDGE('',*,*,#11522,.T.);
#11522 = EDGE_CURVE('',#11515,#10644,#11523,.T.);
#11523 = LINE('',#11524,#11525);
#11524 = CARTESIAN_POINT('',(1.25,2.,7.9));
#11525 = VECTOR('',#11526,1.);
#11526 = DIRECTION('',(-1.,0.,0.));
#11527 = PLANE('',#11528);
#11528 = AXIS2_PLACEMENT_3D('',#11529,#11530,#11531);
#11529 = CARTESIAN_POINT('',(0.,2.,5.65));
#11530 = DIRECTION('',(-0.,-1.,-0.));
#11531 = DIRECTION('',(0.,0.,-1.));
#11532 = ADVANCED_FACE('',(#11533),#11545,.T.);
#11533 = FACE_BOUND('',#11534,.T.);
#11534 = EDGE_LOOP('',(#11535,#11542,#11543,#11544));
#11535 = ORIENTED_EDGE('',*,*,#11536,.F.);
#11536 = EDGE_CURVE('',#11298,#11413,#11537,.T.);
#11537 = CIRCLE('',#11538,1.9);
#11538 = AXIS2_PLACEMENT_3D('',#11539,#11540,#11541);
#11539 = CARTESIAN_POINT('',(0.,0.217,8.));
#11540 = DIRECTION('',(0.,0.,1.));
#11541 = DIRECTION('',(1.,0.,-0.));
#11542 = ORIENTED_EDGE('',*,*,#11305,.T.);
#11543 = ORIENTED_EDGE('',*,*,#10634,.T.);
#11544 = ORIENTED_EDGE('',*,*,#11412,.T.);
#11545 = PLANE('',#11546);
#11546 = AXIS2_PLACEMENT_3D('',#11547,#11548,#11549);
#11547 = CARTESIAN_POINT('',(0.,0.,8.));
#11548 = DIRECTION('',(0.,0.,1.));
#11549 = DIRECTION('',(1.,0.,-0.));
#11550 = ADVANCED_FACE('',(#11551),#11567,.T.);
#11551 = FACE_BOUND('',#11552,.T.);
#11552 = EDGE_LOOP('',(#11553,#11559,#11560,#11566));
#11553 = ORIENTED_EDGE('',*,*,#11554,.T.);
#11554 = EDGE_CURVE('',#11161,#10826,#11555,.T.);
#11555 = LINE('',#11556,#11557);
#11556 = CARTESIAN_POINT('',(3.83,2.,7.9));
#11557 = VECTOR('',#11558,1.);
#11558 = DIRECTION('',(0.,-1.,0.));
#11559 = ORIENTED_EDGE('',*,*,#10825,.T.);
#11560 = ORIENTED_EDGE('',*,*,#11561,.F.);
#11561 = EDGE_CURVE('',#11169,#10828,#11562,.T.);
#11562 = LINE('',#11563,#11564);
#11563 = CARTESIAN_POINT('',(3.83,2.,3.4));
#11564 = VECTOR('',#11565,1.);
#11565 = DIRECTION('',(0.,-1.,0.));
#11566 = ORIENTED_EDGE('',*,*,#11168,.F.);
#11567 = PLANE('',#11568);
#11568 = AXIS2_PLACEMENT_3D('',#11569,#11570,#11571);
#11569 = CARTESIAN_POINT('',(3.83,2.,7.9));
#11570 = DIRECTION('',(1.,0.,0.));
#11571 = DIRECTION('',(0.,0.,-1.));
#11572 = ADVANCED_FACE('',(#11573),#11586,.T.);
#11573 = FACE_BOUND('',#11574,.T.);
#11574 = EDGE_LOOP('',(#11575,#11581,#11582,#11583,#11584,#11585));
#11575 = ORIENTED_EDGE('',*,*,#11576,.T.);
#11576 = EDGE_CURVE('',#11232,#10844,#11577,.T.);
#11577 = LINE('',#11578,#11579);
#11578 = CARTESIAN_POINT('',(6.33,2.,7.9));
#11579 = VECTOR('',#11580,1.);
#11580 = DIRECTION('',(0.,-1.,0.));
#11581 = ORIENTED_EDGE('',*,*,#10851,.T.);
#11582 = ORIENTED_EDGE('',*,*,#11554,.F.);
#11583 = ORIENTED_EDGE('',*,*,#11160,.F.);
#11584 = ORIENTED_EDGE('',*,*,#11145,.F.);
#11585 = ORIENTED_EDGE('',*,*,#11239,.F.);
#11586 = PLANE('',#11587);
#11587 = AXIS2_PLACEMENT_3D('',#11588,#11589,#11590);
#11588 = CARTESIAN_POINT('',(6.33,2.,7.9));
#11589 = DIRECTION('',(-0.,-0.,-1.));
#11590 = DIRECTION('',(-1.,0.,0.));
#11591 = ADVANCED_FACE('',(#11592),#11603,.T.);
#11592 = FACE_BOUND('',#11593,.T.);
#11593 = EDGE_LOOP('',(#11594,#11600,#11601,#11602));
#11594 = ORIENTED_EDGE('',*,*,#11595,.T.);
#11595 = EDGE_CURVE('',#11224,#10836,#11596,.T.);
#11596 = LINE('',#11597,#11598);
#11597 = CARTESIAN_POINT('',(6.33,2.,3.4));
#11598 = VECTOR('',#11599,1.);
#11599 = DIRECTION('',(0.,-1.,0.));
#11600 = ORIENTED_EDGE('',*,*,#10843,.T.);
#11601 = ORIENTED_EDGE('',*,*,#11576,.F.);
#11602 = ORIENTED_EDGE('',*,*,#11231,.F.);
#11603 = PLANE('',#11604);
#11604 = AXIS2_PLACEMENT_3D('',#11605,#11606,#11607);
#11605 = CARTESIAN_POINT('',(6.33,2.,3.4));
#11606 = DIRECTION('',(-1.,0.,0.));
#11607 = DIRECTION('',(0.,0.,1.));
#11608 = ADVANCED_FACE('',(#11609),#11617,.T.);
#11609 = FACE_BOUND('',#11610,.T.);
#11610 = EDGE_LOOP('',(#11611,#11612,#11613,#11614,#11615,#11616));
#11611 = ORIENTED_EDGE('',*,*,#11561,.T.);
#11612 = ORIENTED_EDGE('',*,*,#10835,.T.);
#11613 = ORIENTED_EDGE('',*,*,#11595,.F.);
#11614 = ORIENTED_EDGE('',*,*,#11223,.F.);
#11615 = ORIENTED_EDGE('',*,*,#11197,.F.);
#11616 = ORIENTED_EDGE('',*,*,#11176,.F.);
#11617 = PLANE('',#11618);
#11618 = AXIS2_PLACEMENT_3D('',#11619,#11620,#11621);
#11619 = CARTESIAN_POINT('',(3.83,2.,3.4));
#11620 = DIRECTION('',(-0.,0.,1.));
#11621 = DIRECTION('',(1.,0.,0.));
#11622 = ADVANCED_FACE('',(#11623),#11639,.T.);
#11623 = FACE_BOUND('',#11624,.T.);
#11624 = EDGE_LOOP('',(#11625,#11631,#11632,#11638));
#11625 = ORIENTED_EDGE('',*,*,#11626,.T.);
#11626 = EDGE_CURVE('',#11444,#10937,#11627,.T.);
#11627 = LINE('',#11628,#11629);
#11628 = CARTESIAN_POINT('',(-1.25,2.,7.9));
#11629 = VECTOR('',#11630,1.);
#11630 = DIRECTION('',(0.,-1.,0.));
#11631 = ORIENTED_EDGE('',*,*,#10936,.T.);
#11632 = ORIENTED_EDGE('',*,*,#11633,.F.);
#11633 = EDGE_CURVE('',#11452,#10939,#11634,.T.);
#11634 = LINE('',#11635,#11636);
#11635 = CARTESIAN_POINT('',(-1.25,2.,3.4));
#11636 = VECTOR('',#11637,1.);
#11637 = DIRECTION('',(0.,-1.,0.));
#11638 = ORIENTED_EDGE('',*,*,#11451,.F.);
#11639 = PLANE('',#11640);
#11640 = AXIS2_PLACEMENT_3D('',#11641,#11642,#11643);
#11641 = CARTESIAN_POINT('',(-1.25,2.,7.9));
#11642 = DIRECTION('',(1.,0.,0.));
#11643 = DIRECTION('',(0.,0.,-1.));
#11644 = ADVANCED_FACE('',(#11645),#11658,.T.);
#11645 = FACE_BOUND('',#11646,.T.);
#11646 = EDGE_LOOP('',(#11647,#11653,#11654,#11655,#11656,#11657));
#11647 = ORIENTED_EDGE('',*,*,#11648,.T.);
#11648 = EDGE_CURVE('',#11515,#10955,#11649,.T.);
#11649 = LINE('',#11650,#11651);
#11650 = CARTESIAN_POINT('',(1.25,2.,7.9));
#11651 = VECTOR('',#11652,1.);
#11652 = DIRECTION('',(0.,-1.,0.));
#11653 = ORIENTED_EDGE('',*,*,#10962,.T.);
#11654 = ORIENTED_EDGE('',*,*,#11626,.F.);
#11655 = ORIENTED_EDGE('',*,*,#11443,.F.);
#11656 = ORIENTED_EDGE('',*,*,#11428,.F.);
#11657 = ORIENTED_EDGE('',*,*,#11522,.F.);
#11658 = PLANE('',#11659);
#11659 = AXIS2_PLACEMENT_3D('',#11660,#11661,#11662);
#11660 = CARTESIAN_POINT('',(1.25,2.,7.9));
#11661 = DIRECTION('',(-0.,-0.,-1.));
#11662 = DIRECTION('',(-1.,0.,0.));
#11663 = ADVANCED_FACE('',(#11664),#11675,.T.);
#11664 = FACE_BOUND('',#11665,.T.);
#11665 = EDGE_LOOP('',(#11666,#11672,#11673,#11674));
#11666 = ORIENTED_EDGE('',*,*,#11667,.T.);
#11667 = EDGE_CURVE('',#11507,#10947,#11668,.T.);
#11668 = LINE('',#11669,#11670);
#11669 = CARTESIAN_POINT('',(1.25,2.,3.4));
#11670 = VECTOR('',#11671,1.);
#11671 = DIRECTION('',(0.,-1.,0.));
#11672 = ORIENTED_EDGE('',*,*,#10954,.T.);
#11673 = ORIENTED_EDGE('',*,*,#11648,.F.);
#11674 = ORIENTED_EDGE('',*,*,#11514,.F.);
#11675 = PLANE('',#11676);
#11676 = AXIS2_PLACEMENT_3D('',#11677,#11678,#11679);
#11677 = CARTESIAN_POINT('',(1.25,2.,3.4));
#11678 = DIRECTION('',(-1.,0.,0.));
#11679 = DIRECTION('',(0.,0.,1.));
#11680 = ADVANCED_FACE('',(#11681),#11689,.T.);
#11681 = FACE_BOUND('',#11682,.T.);
#11682 = EDGE_LOOP('',(#11683,#11684,#11685,#11686,#11687,#11688));
#11683 = ORIENTED_EDGE('',*,*,#11633,.T.);
#11684 = ORIENTED_EDGE('',*,*,#10946,.T.);
#11685 = ORIENTED_EDGE('',*,*,#11667,.F.);
#11686 = ORIENTED_EDGE('',*,*,#11506,.F.);
#11687 = ORIENTED_EDGE('',*,*,#11480,.F.);
#11688 = ORIENTED_EDGE('',*,*,#11459,.F.);
#11689 = PLANE('',#11690);
#11690 = AXIS2_PLACEMENT_3D('',#11691,#11692,#11693);
#11691 = CARTESIAN_POINT('',(-1.25,2.,3.4));
#11692 = DIRECTION('',(-0.,0.,1.));
#11693 = DIRECTION('',(1.,0.,0.));
#11694 = ADVANCED_FACE('',(#11695),#11714,.F.);
#11695 = FACE_BOUND('',#11696,.F.);
#11696 = EDGE_LOOP('',(#11697,#11706,#11713));
#11697 = ORIENTED_EDGE('',*,*,#11698,.T.);
#11698 = EDGE_CURVE('',#11007,#11699,#11701,.T.);
#11699 = VERTEX_POINT('',#11700);
#11700 = CARTESIAN_POINT('',(6.98,0.217,8.));
#11701 = CIRCLE('',#11702,1.9);
#11702 = AXIS2_PLACEMENT_3D('',#11703,#11704,#11705);
#11703 = CARTESIAN_POINT('',(5.08,0.217,8.));
#11704 = DIRECTION('',(0.,0.,1.));
#11705 = DIRECTION('',(1.,0.,-0.));
#11706 = ORIENTED_EDGE('',*,*,#11707,.T.);
#11707 = EDGE_CURVE('',#11699,#11015,#11708,.T.);
#11708 = CIRCLE('',#11709,1.9);
#11709 = AXIS2_PLACEMENT_3D('',#11710,#11711,#11712);
#11710 = CARTESIAN_POINT('',(5.08,0.217,8.));
#11711 = DIRECTION('',(0.,0.,1.));
#11712 = DIRECTION('',(1.,0.,-0.));
#11713 = ORIENTED_EDGE('',*,*,#11014,.F.);
#11714 = PLANE('',#11715);
#11715 = AXIS2_PLACEMENT_3D('',#11716,#11717,#11718);
#11716 = CARTESIAN_POINT('',(5.08,0.217,8.));
#11717 = DIRECTION('',(0.,0.,1.));
#11718 = DIRECTION('',(1.,0.,-0.));
#11719 = ADVANCED_FACE('',(#11720),#11825,.T.);
#11720 = FACE_BOUND('',#11721,.T.);
#11721 = EDGE_LOOP('',(#11722,#11733,#11741,#11750,#11758,#11767,#11775,
    #11784,#11792,#11799,#11805,#11806,#11807,#11814,#11815,#11822,
    #11823,#11824));
#11722 = ORIENTED_EDGE('',*,*,#11723,.F.);
#11723 = EDGE_CURVE('',#11724,#11726,#11728,.T.);
#11724 = VERTEX_POINT('',#11725);
#11725 = CARTESIAN_POINT('',(5.43,-1.650484939698,17.8));
#11726 = VERTEX_POINT('',#11727);
#11727 = CARTESIAN_POINT('',(6.98,0.217,17.8));
#11728 = CIRCLE('',#11729,1.9);
#11729 = AXIS2_PLACEMENT_3D('',#11730,#11731,#11732);
#11730 = CARTESIAN_POINT('',(5.08,0.217,17.8));
#11731 = DIRECTION('',(0.,0.,1.));
#11732 = DIRECTION('',(1.,0.,-0.));
#11733 = ORIENTED_EDGE('',*,*,#11734,.T.);
#11734 = EDGE_CURVE('',#11724,#11735,#11737,.T.);
#11735 = VERTEX_POINT('',#11736);
#11736 = CARTESIAN_POINT('',(5.43,-1.650484939698,17.1));
#11737 = LINE('',#11738,#11739);
#11738 = CARTESIAN_POINT('',(5.43,-1.650484939698,8.));
#11739 = VECTOR('',#11740,1.);
#11740 = DIRECTION('',(-0.,-0.,-1.));
#11741 = ORIENTED_EDGE('',*,*,#11742,.T.);
#11742 = EDGE_CURVE('',#11735,#11743,#11745,.T.);
#11743 = VERTEX_POINT('',#11744);
#11744 = CARTESIAN_POINT('',(4.73,-1.650484939698,17.1));
#11745 = CIRCLE('',#11746,1.9);
#11746 = AXIS2_PLACEMENT_3D('',#11747,#11748,#11749);
#11747 = CARTESIAN_POINT('',(5.08,0.217,17.1));
#11748 = DIRECTION('',(0.,0.,-1.));
#11749 = DIRECTION('',(1.,0.,0.));
#11750 = ORIENTED_EDGE('',*,*,#11751,.F.);
#11751 = EDGE_CURVE('',#11752,#11743,#11754,.T.);
#11752 = VERTEX_POINT('',#11753);
#11753 = CARTESIAN_POINT('',(4.73,-1.650484939698,17.8));
#11754 = LINE('',#11755,#11756);
#11755 = CARTESIAN_POINT('',(4.73,-1.650484939698,8.));
#11756 = VECTOR('',#11757,1.);
#11757 = DIRECTION('',(-0.,-0.,-1.));
#11758 = ORIENTED_EDGE('',*,*,#11759,.F.);
#11759 = EDGE_CURVE('',#11760,#11752,#11762,.T.);
#11760 = VERTEX_POINT('',#11761);
#11761 = CARTESIAN_POINT('',(4.73,2.084484939698,17.8));
#11762 = CIRCLE('',#11763,1.9);
#11763 = AXIS2_PLACEMENT_3D('',#11764,#11765,#11766);
#11764 = CARTESIAN_POINT('',(5.08,0.217,17.8));
#11765 = DIRECTION('',(0.,0.,1.));
#11766 = DIRECTION('',(1.,0.,-0.));
#11767 = ORIENTED_EDGE('',*,*,#11768,.T.);
#11768 = EDGE_CURVE('',#11760,#11769,#11771,.T.);
#11769 = VERTEX_POINT('',#11770);
#11770 = CARTESIAN_POINT('',(4.73,2.084484939698,17.1));
#11771 = LINE('',#11772,#11773);
#11772 = CARTESIAN_POINT('',(4.73,2.084484939698,8.));
#11773 = VECTOR('',#11774,1.);
#11774 = DIRECTION('',(-0.,-0.,-1.));
#11775 = ORIENTED_EDGE('',*,*,#11776,.T.);
#11776 = EDGE_CURVE('',#11769,#11777,#11779,.T.);
#11777 = VERTEX_POINT('',#11778);
#11778 = CARTESIAN_POINT('',(5.43,2.084484939698,17.1));
#11779 = CIRCLE('',#11780,1.9);
#11780 = AXIS2_PLACEMENT_3D('',#11781,#11782,#11783);
#11781 = CARTESIAN_POINT('',(5.08,0.217,17.1));
#11782 = DIRECTION('',(0.,0.,-1.));
#11783 = DIRECTION('',(1.,0.,0.));
#11784 = ORIENTED_EDGE('',*,*,#11785,.F.);
#11785 = EDGE_CURVE('',#11786,#11777,#11788,.T.);
#11786 = VERTEX_POINT('',#11787);
#11787 = CARTESIAN_POINT('',(5.43,2.084484939698,17.8));
#11788 = LINE('',#11789,#11790);
#11789 = CARTESIAN_POINT('',(5.43,2.084484939698,8.));
#11790 = VECTOR('',#11791,1.);
#11791 = DIRECTION('',(-0.,-0.,-1.));
#11792 = ORIENTED_EDGE('',*,*,#11793,.F.);
#11793 = EDGE_CURVE('',#11726,#11786,#11794,.T.);
#11794 = CIRCLE('',#11795,1.9);
#11795 = AXIS2_PLACEMENT_3D('',#11796,#11797,#11798);
#11796 = CARTESIAN_POINT('',(5.08,0.217,17.8));
#11797 = DIRECTION('',(0.,0.,1.));
#11798 = DIRECTION('',(1.,0.,-0.));
#11799 = ORIENTED_EDGE('',*,*,#11800,.F.);
#11800 = EDGE_CURVE('',#11699,#11726,#11801,.T.);
#11801 = LINE('',#11802,#11803);
#11802 = CARTESIAN_POINT('',(6.98,0.217,8.));
#11803 = VECTOR('',#11804,1.);
#11804 = DIRECTION('',(0.,0.,1.));
#11805 = ORIENTED_EDGE('',*,*,#11707,.T.);
#11806 = ORIENTED_EDGE('',*,*,#11253,.T.);
#11807 = ORIENTED_EDGE('',*,*,#11808,.T.);
#11808 = EDGE_CURVE('',#11130,#11106,#11809,.T.);
#11809 = CIRCLE('',#11810,1.9);
#11810 = AXIS2_PLACEMENT_3D('',#11811,#11812,#11813);
#11811 = CARTESIAN_POINT('',(5.08,0.217,8.));
#11812 = DIRECTION('',(0.,0.,1.));
#11813 = DIRECTION('',(1.,0.,-0.));
#11814 = ORIENTED_EDGE('',*,*,#11105,.T.);
#11815 = ORIENTED_EDGE('',*,*,#11816,.T.);
#11816 = EDGE_CURVE('',#11064,#11038,#11817,.T.);
#11817 = CIRCLE('',#11818,1.9);
#11818 = AXIS2_PLACEMENT_3D('',#11819,#11820,#11821);
#11819 = CARTESIAN_POINT('',(5.08,0.217,8.));
#11820 = DIRECTION('',(0.,0.,1.));
#11821 = DIRECTION('',(1.,0.,-0.));
#11822 = ORIENTED_EDGE('',*,*,#11037,.T.);
#11823 = ORIENTED_EDGE('',*,*,#11698,.T.);
#11824 = ORIENTED_EDGE('',*,*,#11800,.T.);
#11825 = CYLINDRICAL_SURFACE('',#11826,1.9);
#11826 = AXIS2_PLACEMENT_3D('',#11827,#11828,#11829);
#11827 = CARTESIAN_POINT('',(5.08,0.217,8.));
#11828 = DIRECTION('',(-0.,-0.,-1.));
#11829 = DIRECTION('',(1.,0.,0.));
#11830 = ADVANCED_FACE('',(#11831),#11835,.F.);
#11831 = FACE_BOUND('',#11832,.F.);
#11832 = EDGE_LOOP('',(#11833,#11834));
#11833 = ORIENTED_EDGE('',*,*,#11816,.T.);
#11834 = ORIENTED_EDGE('',*,*,#11071,.F.);
#11835 = PLANE('',#11836);
#11836 = AXIS2_PLACEMENT_3D('',#11837,#11838,#11839);
#11837 = CARTESIAN_POINT('',(5.08,0.217,8.));
#11838 = DIRECTION('',(0.,0.,1.));
#11839 = DIRECTION('',(1.,0.,-0.));
#11840 = ADVANCED_FACE('',(#11841),#11845,.F.);
#11841 = FACE_BOUND('',#11842,.F.);
#11842 = EDGE_LOOP('',(#11843,#11844));
#11843 = ORIENTED_EDGE('',*,*,#11137,.F.);
#11844 = ORIENTED_EDGE('',*,*,#11808,.T.);
#11845 = PLANE('',#11846);
#11846 = AXIS2_PLACEMENT_3D('',#11847,#11848,#11849);
#11847 = CARTESIAN_POINT('',(5.08,0.217,8.));
#11848 = DIRECTION('',(0.,0.,1.));
#11849 = DIRECTION('',(1.,0.,-0.));
#11850 = ADVANCED_FACE('',(#11851),#11870,.F.);
#11851 = FACE_BOUND('',#11852,.F.);
#11852 = EDGE_LOOP('',(#11853,#11862,#11869));
#11853 = ORIENTED_EDGE('',*,*,#11854,.T.);
#11854 = EDGE_CURVE('',#11290,#11855,#11857,.T.);
#11855 = VERTEX_POINT('',#11856);
#11856 = CARTESIAN_POINT('',(1.9,0.217,8.));
#11857 = CIRCLE('',#11858,1.9);
#11858 = AXIS2_PLACEMENT_3D('',#11859,#11860,#11861);
#11859 = CARTESIAN_POINT('',(0.,0.217,8.));
#11860 = DIRECTION('',(0.,0.,1.));
#11861 = DIRECTION('',(1.,0.,-0.));
#11862 = ORIENTED_EDGE('',*,*,#11863,.T.);
#11863 = EDGE_CURVE('',#11855,#11298,#11864,.T.);
#11864 = CIRCLE('',#11865,1.9);
#11865 = AXIS2_PLACEMENT_3D('',#11866,#11867,#11868);
#11866 = CARTESIAN_POINT('',(0.,0.217,8.));
#11867 = DIRECTION('',(0.,0.,1.));
#11868 = DIRECTION('',(1.,0.,-0.));
#11869 = ORIENTED_EDGE('',*,*,#11297,.F.);
#11870 = PLANE('',#11871);
#11871 = AXIS2_PLACEMENT_3D('',#11872,#11873,#11874);
#11872 = CARTESIAN_POINT('',(-1.799263332289E-16,0.217,8.));
#11873 = DIRECTION('',(0.,0.,1.));
#11874 = DIRECTION('',(1.,0.,-0.));
#11875 = ADVANCED_FACE('',(#11876),#11981,.T.);
#11876 = FACE_BOUND('',#11877,.T.);
#11877 = EDGE_LOOP('',(#11878,#11889,#11897,#11906,#11914,#11923,#11931,
    #11940,#11948,#11955,#11961,#11962,#11963,#11970,#11971,#11978,
    #11979,#11980));
#11878 = ORIENTED_EDGE('',*,*,#11879,.F.);
#11879 = EDGE_CURVE('',#11880,#11882,#11884,.T.);
#11880 = VERTEX_POINT('',#11881);
#11881 = CARTESIAN_POINT('',(0.35,-1.650484939698,17.8));
#11882 = VERTEX_POINT('',#11883);
#11883 = CARTESIAN_POINT('',(1.9,0.217,17.8));
#11884 = CIRCLE('',#11885,1.9);
#11885 = AXIS2_PLACEMENT_3D('',#11886,#11887,#11888);
#11886 = CARTESIAN_POINT('',(0.,0.217,17.8));
#11887 = DIRECTION('',(0.,0.,1.));
#11888 = DIRECTION('',(1.,0.,-0.));
#11889 = ORIENTED_EDGE('',*,*,#11890,.T.);
#11890 = EDGE_CURVE('',#11880,#11891,#11893,.T.);
#11891 = VERTEX_POINT('',#11892);
#11892 = CARTESIAN_POINT('',(0.35,-1.650484939698,17.1));
#11893 = LINE('',#11894,#11895);
#11894 = CARTESIAN_POINT('',(0.35,-1.650484939698,8.));
#11895 = VECTOR('',#11896,1.);
#11896 = DIRECTION('',(-0.,-0.,-1.));
#11897 = ORIENTED_EDGE('',*,*,#11898,.T.);
#11898 = EDGE_CURVE('',#11891,#11899,#11901,.T.);
#11899 = VERTEX_POINT('',#11900);
#11900 = CARTESIAN_POINT('',(-0.35,-1.650484939698,17.1));
#11901 = CIRCLE('',#11902,1.9);
#11902 = AXIS2_PLACEMENT_3D('',#11903,#11904,#11905);
#11903 = CARTESIAN_POINT('',(0.,0.217,17.1));
#11904 = DIRECTION('',(0.,0.,-1.));
#11905 = DIRECTION('',(1.,0.,0.));
#11906 = ORIENTED_EDGE('',*,*,#11907,.F.);
#11907 = EDGE_CURVE('',#11908,#11899,#11910,.T.);
#11908 = VERTEX_POINT('',#11909);
#11909 = CARTESIAN_POINT('',(-0.35,-1.650484939698,17.8));
#11910 = LINE('',#11911,#11912);
#11911 = CARTESIAN_POINT('',(-0.35,-1.650484939698,8.));
#11912 = VECTOR('',#11913,1.);
#11913 = DIRECTION('',(-0.,-0.,-1.));
#11914 = ORIENTED_EDGE('',*,*,#11915,.F.);
#11915 = EDGE_CURVE('',#11916,#11908,#11918,.T.);
#11916 = VERTEX_POINT('',#11917);
#11917 = CARTESIAN_POINT('',(-0.35,2.084484939698,17.8));
#11918 = CIRCLE('',#11919,1.9);
#11919 = AXIS2_PLACEMENT_3D('',#11920,#11921,#11922);
#11920 = CARTESIAN_POINT('',(0.,0.217,17.8));
#11921 = DIRECTION('',(0.,0.,1.));
#11922 = DIRECTION('',(1.,0.,-0.));
#11923 = ORIENTED_EDGE('',*,*,#11924,.T.);
#11924 = EDGE_CURVE('',#11916,#11925,#11927,.T.);
#11925 = VERTEX_POINT('',#11926);
#11926 = CARTESIAN_POINT('',(-0.35,2.084484939698,17.1));
#11927 = LINE('',#11928,#11929);
#11928 = CARTESIAN_POINT('',(-0.35,2.084484939698,8.));
#11929 = VECTOR('',#11930,1.);
#11930 = DIRECTION('',(-0.,-0.,-1.));
#11931 = ORIENTED_EDGE('',*,*,#11932,.T.);
#11932 = EDGE_CURVE('',#11925,#11933,#11935,.T.);
#11933 = VERTEX_POINT('',#11934);
#11934 = CARTESIAN_POINT('',(0.35,2.084484939698,17.1));
#11935 = CIRCLE('',#11936,1.9);
#11936 = AXIS2_PLACEMENT_3D('',#11937,#11938,#11939);
#11937 = CARTESIAN_POINT('',(0.,0.217,17.1));
#11938 = DIRECTION('',(0.,0.,-1.));
#11939 = DIRECTION('',(1.,0.,0.));
#11940 = ORIENTED_EDGE('',*,*,#11941,.F.);
#11941 = EDGE_CURVE('',#11942,#11933,#11944,.T.);
#11942 = VERTEX_POINT('',#11943);
#11943 = CARTESIAN_POINT('',(0.35,2.084484939698,17.8));
#11944 = LINE('',#11945,#11946);
#11945 = CARTESIAN_POINT('',(0.35,2.084484939698,8.));
#11946 = VECTOR('',#11947,1.);
#11947 = DIRECTION('',(-0.,-0.,-1.));
#11948 = ORIENTED_EDGE('',*,*,#11949,.F.);
#11949 = EDGE_CURVE('',#11882,#11942,#11950,.T.);
#11950 = CIRCLE('',#11951,1.9);
#11951 = AXIS2_PLACEMENT_3D('',#11952,#11953,#11954);
#11952 = CARTESIAN_POINT('',(0.,0.217,17.8));
#11953 = DIRECTION('',(0.,0.,1.));
#11954 = DIRECTION('',(1.,0.,-0.));
#11955 = ORIENTED_EDGE('',*,*,#11956,.F.);
#11956 = EDGE_CURVE('',#11855,#11882,#11957,.T.);
#11957 = LINE('',#11958,#11959);
#11958 = CARTESIAN_POINT('',(1.9,0.217,8.));
#11959 = VECTOR('',#11960,1.);
#11960 = DIRECTION('',(0.,0.,1.));
#11961 = ORIENTED_EDGE('',*,*,#11863,.T.);
#11962 = ORIENTED_EDGE('',*,*,#11536,.T.);
#11963 = ORIENTED_EDGE('',*,*,#11964,.T.);
#11964 = EDGE_CURVE('',#11413,#11389,#11965,.T.);
#11965 = CIRCLE('',#11966,1.9);
#11966 = AXIS2_PLACEMENT_3D('',#11967,#11968,#11969);
#11967 = CARTESIAN_POINT('',(0.,0.217,8.));
#11968 = DIRECTION('',(0.,0.,1.));
#11969 = DIRECTION('',(1.,0.,-0.));
#11970 = ORIENTED_EDGE('',*,*,#11388,.T.);
#11971 = ORIENTED_EDGE('',*,*,#11972,.T.);
#11972 = EDGE_CURVE('',#11347,#11321,#11973,.T.);
#11973 = CIRCLE('',#11974,1.9);
#11974 = AXIS2_PLACEMENT_3D('',#11975,#11976,#11977);
#11975 = CARTESIAN_POINT('',(0.,0.217,8.));
#11976 = DIRECTION('',(0.,0.,1.));
#11977 = DIRECTION('',(1.,0.,-0.));
#11978 = ORIENTED_EDGE('',*,*,#11320,.T.);
#11979 = ORIENTED_EDGE('',*,*,#11854,.T.);
#11980 = ORIENTED_EDGE('',*,*,#11956,.T.);
#11981 = CYLINDRICAL_SURFACE('',#11982,1.9);
#11982 = AXIS2_PLACEMENT_3D('',#11983,#11984,#11985);
#11983 = CARTESIAN_POINT('',(0.,0.217,8.));
#11984 = DIRECTION('',(-0.,-0.,-1.));
#11985 = DIRECTION('',(1.,0.,0.));
#11986 = ADVANCED_FACE('',(#11987),#11991,.F.);
#11987 = FACE_BOUND('',#11988,.F.);
#11988 = EDGE_LOOP('',(#11989,#11990));
#11989 = ORIENTED_EDGE('',*,*,#11972,.T.);
#11990 = ORIENTED_EDGE('',*,*,#11354,.F.);
#11991 = PLANE('',#11992);
#11992 = AXIS2_PLACEMENT_3D('',#11993,#11994,#11995);
#11993 = CARTESIAN_POINT('',(-1.799263332289E-16,0.217,8.));
#11994 = DIRECTION('',(0.,0.,1.));
#11995 = DIRECTION('',(1.,0.,-0.));
#11996 = ADVANCED_FACE('',(#11997),#12001,.F.);
#11997 = FACE_BOUND('',#11998,.F.);
#11998 = EDGE_LOOP('',(#11999,#12000));
#11999 = ORIENTED_EDGE('',*,*,#11420,.F.);
#12000 = ORIENTED_EDGE('',*,*,#11964,.T.);
#12001 = PLANE('',#12002);
#12002 = AXIS2_PLACEMENT_3D('',#12003,#12004,#12005);
#12003 = CARTESIAN_POINT('',(-1.799263332289E-16,0.217,8.));
#12004 = DIRECTION('',(0.,0.,1.));
#12005 = DIRECTION('',(1.,0.,-0.));
#12006 = ADVANCED_FACE('',(#12007),#12017,.T.);
#12007 = FACE_BOUND('',#12008,.T.);
#12008 = EDGE_LOOP('',(#12009,#12010,#12011));
#12009 = ORIENTED_EDGE('',*,*,#11723,.T.);
#12010 = ORIENTED_EDGE('',*,*,#11793,.T.);
#12011 = ORIENTED_EDGE('',*,*,#12012,.F.);
#12012 = EDGE_CURVE('',#11724,#11786,#12013,.T.);
#12013 = LINE('',#12014,#12015);
#12014 = CARTESIAN_POINT('',(5.43,-1.783,17.8));
#12015 = VECTOR('',#12016,1.);
#12016 = DIRECTION('',(0.,1.,0.));
#12017 = PLANE('',#12018);
#12018 = AXIS2_PLACEMENT_3D('',#12019,#12020,#12021);
#12019 = CARTESIAN_POINT('',(5.08,0.217,17.8));
#12020 = DIRECTION('',(0.,0.,1.));
#12021 = DIRECTION('',(1.,0.,-0.));
#12022 = ADVANCED_FACE('',(#12023),#12034,.F.);
#12023 = FACE_BOUND('',#12024,.F.);
#12024 = EDGE_LOOP('',(#12025,#12026,#12027,#12033));
#12025 = ORIENTED_EDGE('',*,*,#12012,.F.);
#12026 = ORIENTED_EDGE('',*,*,#11734,.T.);
#12027 = ORIENTED_EDGE('',*,*,#12028,.T.);
#12028 = EDGE_CURVE('',#11735,#11777,#12029,.T.);
#12029 = LINE('',#12030,#12031);
#12030 = CARTESIAN_POINT('',(5.43,-1.783,17.1));
#12031 = VECTOR('',#12032,1.);
#12032 = DIRECTION('',(0.,1.,0.));
#12033 = ORIENTED_EDGE('',*,*,#11785,.F.);
#12034 = PLANE('',#12035);
#12035 = AXIS2_PLACEMENT_3D('',#12036,#12037,#12038);
#12036 = CARTESIAN_POINT('',(5.43,-1.783,17.8));
#12037 = DIRECTION('',(1.,0.,0.));
#12038 = DIRECTION('',(-0.,1.,0.));
#12039 = ADVANCED_FACE('',(#12040),#12051,.T.);
#12040 = FACE_BOUND('',#12041,.T.);
#12041 = EDGE_LOOP('',(#12042,#12048,#12049,#12050));
#12042 = ORIENTED_EDGE('',*,*,#12043,.T.);
#12043 = EDGE_CURVE('',#11769,#11743,#12044,.T.);
#12044 = LINE('',#12045,#12046);
#12045 = CARTESIAN_POINT('',(4.73,2.217,17.1));
#12046 = VECTOR('',#12047,1.);
#12047 = DIRECTION('',(0.,-1.,0.));
#12048 = ORIENTED_EDGE('',*,*,#11742,.F.);
#12049 = ORIENTED_EDGE('',*,*,#12028,.T.);
#12050 = ORIENTED_EDGE('',*,*,#11776,.F.);
#12051 = PLANE('',#12052);
#12052 = AXIS2_PLACEMENT_3D('',#12053,#12054,#12055);
#12053 = CARTESIAN_POINT('',(5.08,0.217,17.1));
#12054 = DIRECTION('',(0.,0.,1.));
#12055 = DIRECTION('',(1.,0.,-0.));
#12056 = ADVANCED_FACE('',(#12057),#12068,.F.);
#12057 = FACE_BOUND('',#12058,.F.);
#12058 = EDGE_LOOP('',(#12059,#12065,#12066,#12067));
#12059 = ORIENTED_EDGE('',*,*,#12060,.F.);
#12060 = EDGE_CURVE('',#11760,#11752,#12061,.T.);
#12061 = LINE('',#12062,#12063);
#12062 = CARTESIAN_POINT('',(4.73,2.217,17.8));
#12063 = VECTOR('',#12064,1.);
#12064 = DIRECTION('',(0.,-1.,0.));
#12065 = ORIENTED_EDGE('',*,*,#11768,.T.);
#12066 = ORIENTED_EDGE('',*,*,#12043,.T.);
#12067 = ORIENTED_EDGE('',*,*,#11751,.F.);
#12068 = PLANE('',#12069);
#12069 = AXIS2_PLACEMENT_3D('',#12070,#12071,#12072);
#12070 = CARTESIAN_POINT('',(4.73,2.217,17.8));
#12071 = DIRECTION('',(-1.,0.,0.));
#12072 = DIRECTION('',(0.,-1.,0.));
#12073 = ADVANCED_FACE('',(#12074),#12078,.T.);
#12074 = FACE_BOUND('',#12075,.T.);
#12075 = EDGE_LOOP('',(#12076,#12077));
#12076 = ORIENTED_EDGE('',*,*,#12060,.F.);
#12077 = ORIENTED_EDGE('',*,*,#11759,.T.);
#12078 = PLANE('',#12079);
#12079 = AXIS2_PLACEMENT_3D('',#12080,#12081,#12082);
#12080 = CARTESIAN_POINT('',(5.08,0.217,17.8));
#12081 = DIRECTION('',(0.,0.,1.));
#12082 = DIRECTION('',(1.,0.,-0.));
#12083 = ADVANCED_FACE('',(#12084),#12094,.T.);
#12084 = FACE_BOUND('',#12085,.T.);
#12085 = EDGE_LOOP('',(#12086,#12087,#12088));
#12086 = ORIENTED_EDGE('',*,*,#11879,.T.);
#12087 = ORIENTED_EDGE('',*,*,#11949,.T.);
#12088 = ORIENTED_EDGE('',*,*,#12089,.F.);
#12089 = EDGE_CURVE('',#11880,#11942,#12090,.T.);
#12090 = LINE('',#12091,#12092);
#12091 = CARTESIAN_POINT('',(0.35,-1.783,17.8));
#12092 = VECTOR('',#12093,1.);
#12093 = DIRECTION('',(0.,1.,0.));
#12094 = PLANE('',#12095);
#12095 = AXIS2_PLACEMENT_3D('',#12096,#12097,#12098);
#12096 = CARTESIAN_POINT('',(-1.799263332289E-16,0.217,17.8));
#12097 = DIRECTION('',(0.,0.,1.));
#12098 = DIRECTION('',(1.,0.,-0.));
#12099 = ADVANCED_FACE('',(#12100),#12111,.F.);
#12100 = FACE_BOUND('',#12101,.F.);
#12101 = EDGE_LOOP('',(#12102,#12103,#12104,#12110));
#12102 = ORIENTED_EDGE('',*,*,#12089,.F.);
#12103 = ORIENTED_EDGE('',*,*,#11890,.T.);
#12104 = ORIENTED_EDGE('',*,*,#12105,.T.);
#12105 = EDGE_CURVE('',#11891,#11933,#12106,.T.);
#12106 = LINE('',#12107,#12108);
#12107 = CARTESIAN_POINT('',(0.35,-1.783,17.1));
#12108 = VECTOR('',#12109,1.);
#12109 = DIRECTION('',(0.,1.,0.));
#12110 = ORIENTED_EDGE('',*,*,#11941,.F.);
#12111 = PLANE('',#12112);
#12112 = AXIS2_PLACEMENT_3D('',#12113,#12114,#12115);
#12113 = CARTESIAN_POINT('',(0.35,-1.783,17.8));
#12114 = DIRECTION('',(1.,0.,0.));
#12115 = DIRECTION('',(-0.,1.,0.));
#12116 = ADVANCED_FACE('',(#12117),#12128,.T.);
#12117 = FACE_BOUND('',#12118,.T.);
#12118 = EDGE_LOOP('',(#12119,#12125,#12126,#12127));
#12119 = ORIENTED_EDGE('',*,*,#12120,.T.);
#12120 = EDGE_CURVE('',#11925,#11899,#12121,.T.);
#12121 = LINE('',#12122,#12123);
#12122 = CARTESIAN_POINT('',(-0.35,2.217,17.1));
#12123 = VECTOR('',#12124,1.);
#12124 = DIRECTION('',(0.,-1.,0.));
#12125 = ORIENTED_EDGE('',*,*,#11898,.F.);
#12126 = ORIENTED_EDGE('',*,*,#12105,.T.);
#12127 = ORIENTED_EDGE('',*,*,#11932,.F.);
#12128 = PLANE('',#12129);
#12129 = AXIS2_PLACEMENT_3D('',#12130,#12131,#12132);
#12130 = CARTESIAN_POINT('',(0.,0.217,17.1));
#12131 = DIRECTION('',(0.,0.,1.));
#12132 = DIRECTION('',(1.,0.,-0.));
#12133 = ADVANCED_FACE('',(#12134),#12145,.F.);
#12134 = FACE_BOUND('',#12135,.F.);
#12135 = EDGE_LOOP('',(#12136,#12142,#12143,#12144));
#12136 = ORIENTED_EDGE('',*,*,#12137,.F.);
#12137 = EDGE_CURVE('',#11916,#11908,#12138,.T.);
#12138 = LINE('',#12139,#12140);
#12139 = CARTESIAN_POINT('',(-0.35,2.217,17.8));
#12140 = VECTOR('',#12141,1.);
#12141 = DIRECTION('',(0.,-1.,0.));
#12142 = ORIENTED_EDGE('',*,*,#11924,.T.);
#12143 = ORIENTED_EDGE('',*,*,#12120,.T.);
#12144 = ORIENTED_EDGE('',*,*,#11907,.F.);
#12145 = PLANE('',#12146);
#12146 = AXIS2_PLACEMENT_3D('',#12147,#12148,#12149);
#12147 = CARTESIAN_POINT('',(-0.35,2.217,17.8));
#12148 = DIRECTION('',(-1.,0.,0.));
#12149 = DIRECTION('',(0.,-1.,0.));
#12150 = ADVANCED_FACE('',(#12151),#12155,.T.);
#12151 = FACE_BOUND('',#12152,.T.);
#12152 = EDGE_LOOP('',(#12153,#12154));
#12153 = ORIENTED_EDGE('',*,*,#12137,.F.);
#12154 = ORIENTED_EDGE('',*,*,#11915,.T.);
#12155 = PLANE('',#12156);
#12156 = AXIS2_PLACEMENT_3D('',#12157,#12158,#12159);
#12157 = CARTESIAN_POINT('',(-1.799263332289E-16,0.217,17.8));
#12158 = DIRECTION('',(0.,0.,1.));
#12159 = DIRECTION('',(1.,0.,-0.));
#12160 = ( GEOMETRIC_REPRESENTATION_CONTEXT(3) 
GLOBAL_UNCERTAINTY_ASSIGNED_CONTEXT((#12164)) 
GLOBAL_UNIT_ASSIGNED_CONTEXT((#12161,#12162,#12163)) 
REPRESENTATION_CONTEXT('Context #1',
  '3D Context with UNIT and UNCERTAINTY') );
#12161 = ( LENGTH_UNIT() NAMED_UNIT(*) SI_UNIT(.MILLI.,.METRE.) );
#12162 = ( NAMED_UNIT(*) PLANE_ANGLE_UNIT() SI_UNIT($,.RADIAN.) );
#12163 = ( NAMED_UNIT(*) SI_UNIT($,.STERADIAN.) SOLID_ANGLE_UNIT() );
#12164 = UNCERTAINTY_MEASURE_WITH_UNIT(LENGTH_MEASURE(1.E-07),#12161,
  'distance_accuracy_value','confusion accuracy');
#12165 = CONTEXT_DEPENDENT_SHAPE_REPRESENTATION(#12166,#12168);
#12166 = ( REPRESENTATION_RELATIONSHIP('','',#9307,#9284) 
REPRESENTATION_RELATIONSHIP_WITH_TRANSFORMATION(#12167) 
SHAPE_REPRESENTATION_RELATIONSHIP() );
#12167 = ITEM_DEFINED_TRANSFORMATION('','',#11,#9285);
#12168 = PRODUCT_DEFINITION_SHAPE('Placement','Placement of an item',
  #12169);
#12169 = NEXT_ASSEMBLY_USAGE_OCCURRENCE('31','=>[0:1:1:11]','',#9279,
  #9302,$);
#12170 = PRODUCT_RELATED_PRODUCT_CATEGORY('part',$,(#9304));
#12171 = SHAPE_DEFINITION_REPRESENTATION(#12172,#12178);
#12172 = PRODUCT_DEFINITION_SHAPE('','',#12173);
#12173 = PRODUCT_DEFINITION('design','',#12174,#12177);
#12174 = PRODUCT_DEFINITION_FORMATION('','',#12175);
#12175 = PRODUCT('det2136_PCB','det2136_PCB','',(#12176));
#12176 = PRODUCT_CONTEXT('',#2,'mechanical');
#12177 = PRODUCT_DEFINITION_CONTEXT('part definition',#2,'design');
#12178 = ADVANCED_BREP_SHAPE_REPRESENTATION('',(#11,#12179),#16151);
#12179 = MANIFOLD_SOLID_BREP('',#12180);
#12180 = CLOSED_SHELL('',(#12181,#12221,#12252,#12283,#13378,#14473,
    #14485,#14502,#14519,#14536,#14553,#14570,#14587,#14604,#14621,
    #14638,#14655,#14672,#14689,#14706,#14723,#14740,#14757,#14774,
    #14791,#14808,#14825,#14842,#14859,#14876,#14893,#14910,#14927,
    #14944,#14961,#14978,#14995,#15012,#15029,#15046,#15063,#15080,
    #15097,#15114,#15131,#15148,#15165,#15182,#15199,#15216,#15233,
    #15250,#15267,#15284,#15301,#15318,#15335,#15352,#15369,#15386,
    #15403,#15420,#15437,#15454,#15471,#15488,#15505,#15522,#15539,
    #15556,#15573,#15590,#15607,#15624,#15641,#15658,#15675,#15692,
    #15709,#15726,#15743,#15760,#15777,#15794,#15811,#15828,#15845,
    #15862,#15879,#15896,#15913,#15930,#15947,#15964,#15981,#15998,
    #16015,#16032,#16049,#16066,#16083,#16100,#16117,#16134));
#12181 = ADVANCED_FACE('',(#12182),#12216,.T.);
#12182 = FACE_BOUND('',#12183,.T.);
#12183 = EDGE_LOOP('',(#12184,#12194,#12202,#12210));
#12184 = ORIENTED_EDGE('',*,*,#12185,.T.);
#12185 = EDGE_CURVE('',#12186,#12188,#12190,.T.);
#12186 = VERTEX_POINT('',#12187);
#12187 = CARTESIAN_POINT('',(147.5,-110.01,0.));
#12188 = VERTEX_POINT('',#12189);
#12189 = CARTESIAN_POINT('',(147.5,-110.01,1.51));
#12190 = LINE('',#12191,#12192);
#12191 = CARTESIAN_POINT('',(147.5,-110.01,0.));
#12192 = VECTOR('',#12193,1.);
#12193 = DIRECTION('',(0.,0.,1.));
#12194 = ORIENTED_EDGE('',*,*,#12195,.T.);
#12195 = EDGE_CURVE('',#12188,#12196,#12198,.T.);
#12196 = VERTEX_POINT('',#12197);
#12197 = CARTESIAN_POINT('',(110.5,-110.01,1.51));
#12198 = LINE('',#12199,#12200);
#12199 = CARTESIAN_POINT('',(147.5,-110.01,1.51));
#12200 = VECTOR('',#12201,1.);
#12201 = DIRECTION('',(-1.,0.,0.));
#12202 = ORIENTED_EDGE('',*,*,#12203,.F.);
#12203 = EDGE_CURVE('',#12204,#12196,#12206,.T.);
#12204 = VERTEX_POINT('',#12205);
#12205 = CARTESIAN_POINT('',(110.5,-110.01,0.));
#12206 = LINE('',#12207,#12208);
#12207 = CARTESIAN_POINT('',(110.5,-110.01,0.));
#12208 = VECTOR('',#12209,1.);
#12209 = DIRECTION('',(0.,0.,1.));
#12210 = ORIENTED_EDGE('',*,*,#12211,.F.);
#12211 = EDGE_CURVE('',#12186,#12204,#12212,.T.);
#12212 = LINE('',#12213,#12214);
#12213 = CARTESIAN_POINT('',(147.5,-110.01,0.));
#12214 = VECTOR('',#12215,1.);
#12215 = DIRECTION('',(-1.,0.,0.));
#12216 = PLANE('',#12217);
#12217 = AXIS2_PLACEMENT_3D('',#12218,#12219,#12220);
#12218 = CARTESIAN_POINT('',(147.5,-110.01,0.));
#12219 = DIRECTION('',(0.,-1.,0.));
#12220 = DIRECTION('',(-1.,0.,0.));
#12221 = ADVANCED_FACE('',(#12222),#12247,.T.);
#12222 = FACE_BOUND('',#12223,.T.);
#12223 = EDGE_LOOP('',(#12224,#12234,#12240,#12241));
#12224 = ORIENTED_EDGE('',*,*,#12225,.T.);
#12225 = EDGE_CURVE('',#12226,#12228,#12230,.T.);
#12226 = VERTEX_POINT('',#12227);
#12227 = CARTESIAN_POINT('',(147.5,-57.5,0.));
#12228 = VERTEX_POINT('',#12229);
#12229 = CARTESIAN_POINT('',(147.5,-57.5,1.51));
#12230 = LINE('',#12231,#12232);
#12231 = CARTESIAN_POINT('',(147.5,-57.5,0.));
#12232 = VECTOR('',#12233,1.);
#12233 = DIRECTION('',(0.,0.,1.));
#12234 = ORIENTED_EDGE('',*,*,#12235,.T.);
#12235 = EDGE_CURVE('',#12228,#12188,#12236,.T.);
#12236 = LINE('',#12237,#12238);
#12237 = CARTESIAN_POINT('',(147.5,-57.5,1.51));
#12238 = VECTOR('',#12239,1.);
#12239 = DIRECTION('',(0.,-1.,0.));
#12240 = ORIENTED_EDGE('',*,*,#12185,.F.);
#12241 = ORIENTED_EDGE('',*,*,#12242,.F.);
#12242 = EDGE_CURVE('',#12226,#12186,#12243,.T.);
#12243 = LINE('',#12244,#12245);
#12244 = CARTESIAN_POINT('',(147.5,-57.5,0.));
#12245 = VECTOR('',#12246,1.);
#12246 = DIRECTION('',(0.,-1.,0.));
#12247 = PLANE('',#12248);
#12248 = AXIS2_PLACEMENT_3D('',#12249,#12250,#12251);
#12249 = CARTESIAN_POINT('',(147.5,-57.5,0.));
#12250 = DIRECTION('',(1.,0.,-0.));
#12251 = DIRECTION('',(0.,-1.,0.));
#12252 = ADVANCED_FACE('',(#12253),#12278,.T.);
#12253 = FACE_BOUND('',#12254,.T.);
#12254 = EDGE_LOOP('',(#12255,#12256,#12264,#12272));
#12255 = ORIENTED_EDGE('',*,*,#12203,.T.);
#12256 = ORIENTED_EDGE('',*,*,#12257,.T.);
#12257 = EDGE_CURVE('',#12196,#12258,#12260,.T.);
#12258 = VERTEX_POINT('',#12259);
#12259 = CARTESIAN_POINT('',(110.5,-57.5,1.51));
#12260 = LINE('',#12261,#12262);
#12261 = CARTESIAN_POINT('',(110.5,-110.01,1.51));
#12262 = VECTOR('',#12263,1.);
#12263 = DIRECTION('',(0.,1.,0.));
#12264 = ORIENTED_EDGE('',*,*,#12265,.F.);
#12265 = EDGE_CURVE('',#12266,#12258,#12268,.T.);
#12266 = VERTEX_POINT('',#12267);
#12267 = CARTESIAN_POINT('',(110.5,-57.5,0.));
#12268 = LINE('',#12269,#12270);
#12269 = CARTESIAN_POINT('',(110.5,-57.5,0.));
#12270 = VECTOR('',#12271,1.);
#12271 = DIRECTION('',(0.,0.,1.));
#12272 = ORIENTED_EDGE('',*,*,#12273,.F.);
#12273 = EDGE_CURVE('',#12204,#12266,#12274,.T.);
#12274 = LINE('',#12275,#12276);
#12275 = CARTESIAN_POINT('',(110.5,-110.01,0.));
#12276 = VECTOR('',#12277,1.);
#12277 = DIRECTION('',(0.,1.,0.));
#12278 = PLANE('',#12279);
#12279 = AXIS2_PLACEMENT_3D('',#12280,#12281,#12282);
#12280 = CARTESIAN_POINT('',(110.5,-110.01,0.));
#12281 = DIRECTION('',(-1.,0.,0.));
#12282 = DIRECTION('',(0.,1.,0.));
#12283 = ADVANCED_FACE('',(#12284,#12295,#12306,#12317,#12328,#12339,
    #12350,#12361,#12372,#12383,#12394,#12405,#12416,#12427,#12438,
    #12449,#12460,#12471,#12482,#12493,#12504,#12515,#12526,#12537,
    #12548,#12559,#12570,#12581,#12592,#12603,#12614,#12625,#12636,
    #12647,#12658,#12669,#12680,#12691,#12702,#12713,#12724,#12735,
    #12746,#12757,#12768,#12779,#12790,#12801,#12812,#12823,#12834,
    #12845,#12856,#12867,#12878,#12889,#12900,#12911,#12922,#12933,
    #12944,#12955,#12966,#12977,#12988,#12999,#13010,#13021,#13032,
    #13043,#13054,#13065,#13076,#13087,#13098,#13109,#13120,#13131,
    #13142,#13153,#13164,#13175,#13186,#13197,#13208,#13219,#13230,
    #13241,#13252,#13263,#13274,#13285,#13296,#13307,#13318,#13329,
    #13340,#13351,#13362),#13373,.F.);
#12284 = FACE_BOUND('',#12285,.F.);
#12285 = EDGE_LOOP('',(#12286,#12287,#12288,#12294));
#12286 = ORIENTED_EDGE('',*,*,#12211,.F.);
#12287 = ORIENTED_EDGE('',*,*,#12242,.F.);
#12288 = ORIENTED_EDGE('',*,*,#12289,.F.);
#12289 = EDGE_CURVE('',#12266,#12226,#12290,.T.);
#12290 = LINE('',#12291,#12292);
#12291 = CARTESIAN_POINT('',(110.5,-57.5,0.));
#12292 = VECTOR('',#12293,1.);
#12293 = DIRECTION('',(1.,0.,0.));
#12294 = ORIENTED_EDGE('',*,*,#12273,.F.);
#12295 = FACE_BOUND('',#12296,.F.);
#12296 = EDGE_LOOP('',(#12297));
#12297 = ORIENTED_EDGE('',*,*,#12298,.T.);
#12298 = EDGE_CURVE('',#12299,#12299,#12301,.T.);
#12299 = VERTEX_POINT('',#12300);
#12300 = CARTESIAN_POINT('',(114.18,-107.32,0.));
#12301 = CIRCLE('',#12302,1.6);
#12302 = AXIS2_PLACEMENT_3D('',#12303,#12304,#12305);
#12303 = CARTESIAN_POINT('',(114.18,-105.72,0.));
#12304 = DIRECTION('',(-0.,0.,-1.));
#12305 = DIRECTION('',(-0.,-1.,0.));
#12306 = FACE_BOUND('',#12307,.F.);
#12307 = EDGE_LOOP('',(#12308));
#12308 = ORIENTED_EDGE('',*,*,#12309,.T.);
#12309 = EDGE_CURVE('',#12310,#12310,#12312,.T.);
#12310 = VERTEX_POINT('',#12311);
#12311 = CARTESIAN_POINT('',(120.46,-92.14,0.));
#12312 = CIRCLE('',#12313,0.15);
#12313 = AXIS2_PLACEMENT_3D('',#12314,#12315,#12316);
#12314 = CARTESIAN_POINT('',(120.46,-91.99,0.));
#12315 = DIRECTION('',(-0.,0.,-1.));
#12316 = DIRECTION('',(-9.473903143469E-14,-1.,0.));
#12317 = FACE_BOUND('',#12318,.F.);
#12318 = EDGE_LOOP('',(#12319));
#12319 = ORIENTED_EDGE('',*,*,#12320,.T.);
#12320 = EDGE_CURVE('',#12321,#12321,#12323,.T.);
#12321 = VERTEX_POINT('',#12322);
#12322 = CARTESIAN_POINT('',(121.97,-90.42,0.));
#12323 = CIRCLE('',#12324,0.15);
#12324 = AXIS2_PLACEMENT_3D('',#12325,#12326,#12327);
#12325 = CARTESIAN_POINT('',(121.97,-90.27,0.));
#12326 = DIRECTION('',(-0.,0.,-1.));
#12327 = DIRECTION('',(-0.,-1.,0.));
#12328 = FACE_BOUND('',#12329,.F.);
#12329 = EDGE_LOOP('',(#12330));
#12330 = ORIENTED_EDGE('',*,*,#12331,.T.);
#12331 = EDGE_CURVE('',#12332,#12332,#12334,.T.);
#12332 = VERTEX_POINT('',#12333);
#12333 = CARTESIAN_POINT('',(125.74,-92.74,0.));
#12334 = CIRCLE('',#12335,0.15);
#12335 = AXIS2_PLACEMENT_3D('',#12336,#12337,#12338);
#12336 = CARTESIAN_POINT('',(125.74,-92.59,0.));
#12337 = DIRECTION('',(-0.,0.,-1.));
#12338 = DIRECTION('',(-9.473903143469E-14,-1.,0.));
#12339 = FACE_BOUND('',#12340,.F.);
#12340 = EDGE_LOOP('',(#12341));
#12341 = ORIENTED_EDGE('',*,*,#12342,.T.);
#12342 = EDGE_CURVE('',#12343,#12343,#12345,.T.);
#12343 = VERTEX_POINT('',#12344);
#12344 = CARTESIAN_POINT('',(125.36,-90.79,0.));
#12345 = CIRCLE('',#12346,0.15);
#12346 = AXIS2_PLACEMENT_3D('',#12347,#12348,#12349);
#12347 = CARTESIAN_POINT('',(125.36,-90.64,0.));
#12348 = DIRECTION('',(-0.,0.,-1.));
#12349 = DIRECTION('',(-0.,-1.,0.));
#12350 = FACE_BOUND('',#12351,.F.);
#12351 = EDGE_LOOP('',(#12352));
#12352 = ORIENTED_EDGE('',*,*,#12353,.T.);
#12353 = EDGE_CURVE('',#12354,#12354,#12356,.T.);
#12354 = VERTEX_POINT('',#12355);
#12355 = CARTESIAN_POINT('',(127.,-87.15,0.));
#12356 = CIRCLE('',#12357,0.15);
#12357 = AXIS2_PLACEMENT_3D('',#12358,#12359,#12360);
#12358 = CARTESIAN_POINT('',(127.,-87.,0.));
#12359 = DIRECTION('',(-0.,0.,-1.));
#12360 = DIRECTION('',(-0.,-1.,0.));
#12361 = FACE_BOUND('',#12362,.F.);
#12362 = EDGE_LOOP('',(#12363));
#12363 = ORIENTED_EDGE('',*,*,#12364,.T.);
#12364 = EDGE_CURVE('',#12365,#12365,#12367,.T.);
#12365 = VERTEX_POINT('',#12366);
#12366 = CARTESIAN_POINT('',(143.62,-107.37,0.));
#12367 = CIRCLE('',#12368,1.6);
#12368 = AXIS2_PLACEMENT_3D('',#12369,#12370,#12371);
#12369 = CARTESIAN_POINT('',(143.62,-105.77,0.));
#12370 = DIRECTION('',(-0.,0.,-1.));
#12371 = DIRECTION('',(-0.,-1.,0.));
#12372 = FACE_BOUND('',#12373,.F.);
#12373 = EDGE_LOOP('',(#12374));
#12374 = ORIENTED_EDGE('',*,*,#12375,.T.);
#12375 = EDGE_CURVE('',#12376,#12376,#12378,.T.);
#12376 = VERTEX_POINT('',#12377);
#12377 = CARTESIAN_POINT('',(141.59125,-96.87125,0.));
#12378 = CIRCLE('',#12379,1.E-01);
#12379 = AXIS2_PLACEMENT_3D('',#12380,#12381,#12382);
#12380 = CARTESIAN_POINT('',(141.59125,-96.77125,0.));
#12381 = DIRECTION('',(-0.,0.,-1.));
#12382 = DIRECTION('',(-0.,-1.,0.));
#12383 = FACE_BOUND('',#12384,.F.);
#12384 = EDGE_LOOP('',(#12385));
#12385 = ORIENTED_EDGE('',*,*,#12386,.T.);
#12386 = EDGE_CURVE('',#12387,#12387,#12389,.T.);
#12387 = VERTEX_POINT('',#12388);
#12388 = CARTESIAN_POINT('',(141.59125,-95.87125,0.));
#12389 = CIRCLE('',#12390,1.E-01);
#12390 = AXIS2_PLACEMENT_3D('',#12391,#12392,#12393);
#12391 = CARTESIAN_POINT('',(141.59125,-95.77125,0.));
#12392 = DIRECTION('',(-0.,0.,-1.));
#12393 = DIRECTION('',(-0.,-1.,0.));
#12394 = FACE_BOUND('',#12395,.F.);
#12395 = EDGE_LOOP('',(#12396));
#12396 = ORIENTED_EDGE('',*,*,#12397,.T.);
#12397 = EDGE_CURVE('',#12398,#12398,#12400,.T.);
#12398 = VERTEX_POINT('',#12399);
#12399 = CARTESIAN_POINT('',(142.59125,-96.87125,0.));
#12400 = CIRCLE('',#12401,1.E-01);
#12401 = AXIS2_PLACEMENT_3D('',#12402,#12403,#12404);
#12402 = CARTESIAN_POINT('',(142.59125,-96.77125,0.));
#12403 = DIRECTION('',(-0.,0.,-1.));
#12404 = DIRECTION('',(-0.,-1.,0.));
#12405 = FACE_BOUND('',#12406,.F.);
#12406 = EDGE_LOOP('',(#12407));
#12407 = ORIENTED_EDGE('',*,*,#12408,.T.);
#12408 = EDGE_CURVE('',#12409,#12409,#12411,.T.);
#12409 = VERTEX_POINT('',#12410);
#12410 = CARTESIAN_POINT('',(142.59125,-95.87125,0.));
#12411 = CIRCLE('',#12412,1.E-01);
#12412 = AXIS2_PLACEMENT_3D('',#12413,#12414,#12415);
#12413 = CARTESIAN_POINT('',(142.59125,-95.77125,0.));
#12414 = DIRECTION('',(-0.,0.,-1.));
#12415 = DIRECTION('',(-0.,-1.,0.));
#12416 = FACE_BOUND('',#12417,.F.);
#12417 = EDGE_LOOP('',(#12418));
#12418 = ORIENTED_EDGE('',*,*,#12419,.T.);
#12419 = EDGE_CURVE('',#12420,#12420,#12422,.T.);
#12420 = VERTEX_POINT('',#12421);
#12421 = CARTESIAN_POINT('',(143.59125,-96.87125,0.));
#12422 = CIRCLE('',#12423,1.E-01);
#12423 = AXIS2_PLACEMENT_3D('',#12424,#12425,#12426);
#12424 = CARTESIAN_POINT('',(143.59125,-96.77125,0.));
#12425 = DIRECTION('',(-0.,0.,-1.));
#12426 = DIRECTION('',(-0.,-1.,0.));
#12427 = FACE_BOUND('',#12428,.F.);
#12428 = EDGE_LOOP('',(#12429));
#12429 = ORIENTED_EDGE('',*,*,#12430,.T.);
#12430 = EDGE_CURVE('',#12431,#12431,#12433,.T.);
#12431 = VERTEX_POINT('',#12432);
#12432 = CARTESIAN_POINT('',(143.59125,-95.87125,0.));
#12433 = CIRCLE('',#12434,1.E-01);
#12434 = AXIS2_PLACEMENT_3D('',#12435,#12436,#12437);
#12435 = CARTESIAN_POINT('',(143.59125,-95.77125,0.));
#12436 = DIRECTION('',(-0.,0.,-1.));
#12437 = DIRECTION('',(-0.,-1.,0.));
#12438 = FACE_BOUND('',#12439,.F.);
#12439 = EDGE_LOOP('',(#12440));
#12440 = ORIENTED_EDGE('',*,*,#12441,.T.);
#12441 = EDGE_CURVE('',#12442,#12442,#12444,.T.);
#12442 = VERTEX_POINT('',#12443);
#12443 = CARTESIAN_POINT('',(146.01,-95.9,0.));
#12444 = CIRCLE('',#12445,0.15);
#12445 = AXIS2_PLACEMENT_3D('',#12446,#12447,#12448);
#12446 = CARTESIAN_POINT('',(146.01,-95.75,0.));
#12447 = DIRECTION('',(-0.,0.,-1.));
#12448 = DIRECTION('',(-0.,-1.,0.));
#12449 = FACE_BOUND('',#12450,.F.);
#12450 = EDGE_LOOP('',(#12451));
#12451 = ORIENTED_EDGE('',*,*,#12452,.T.);
#12452 = EDGE_CURVE('',#12453,#12453,#12455,.T.);
#12453 = VERTEX_POINT('',#12454);
#12454 = CARTESIAN_POINT('',(133.39,-93.19,0.));
#12455 = CIRCLE('',#12456,0.15);
#12456 = AXIS2_PLACEMENT_3D('',#12457,#12458,#12459);
#12457 = CARTESIAN_POINT('',(133.39,-93.04,0.));
#12458 = DIRECTION('',(-0.,0.,-1.));
#12459 = DIRECTION('',(-0.,-1.,0.));
#12460 = FACE_BOUND('',#12461,.F.);
#12461 = EDGE_LOOP('',(#12462));
#12462 = ORIENTED_EDGE('',*,*,#12463,.T.);
#12463 = EDGE_CURVE('',#12464,#12464,#12466,.T.);
#12464 = VERTEX_POINT('',#12465);
#12465 = CARTESIAN_POINT('',(137.18,-95.46,0.));
#12466 = CIRCLE('',#12467,0.15);
#12467 = AXIS2_PLACEMENT_3D('',#12468,#12469,#12470);
#12468 = CARTESIAN_POINT('',(137.18,-95.31,0.));
#12469 = DIRECTION('',(-0.,0.,-1.));
#12470 = DIRECTION('',(-0.,-1.,0.));
#12471 = FACE_BOUND('',#12472,.F.);
#12472 = EDGE_LOOP('',(#12473));
#12473 = ORIENTED_EDGE('',*,*,#12474,.T.);
#12474 = EDGE_CURVE('',#12475,#12475,#12477,.T.);
#12475 = VERTEX_POINT('',#12476);
#12476 = CARTESIAN_POINT('',(135.58,-92.46,0.));
#12477 = CIRCLE('',#12478,0.15);
#12478 = AXIS2_PLACEMENT_3D('',#12479,#12480,#12481);
#12479 = CARTESIAN_POINT('',(135.58,-92.31,0.));
#12480 = DIRECTION('',(-0.,0.,-1.));
#12481 = DIRECTION('',(1.894780628693E-13,-1.,-0.));
#12482 = FACE_BOUND('',#12483,.F.);
#12483 = EDGE_LOOP('',(#12484));
#12484 = ORIENTED_EDGE('',*,*,#12485,.T.);
#12485 = EDGE_CURVE('',#12486,#12486,#12488,.T.);
#12486 = VERTEX_POINT('',#12487);
#12487 = CARTESIAN_POINT('',(136.86,-90.91,0.));
#12488 = CIRCLE('',#12489,0.15);
#12489 = AXIS2_PLACEMENT_3D('',#12490,#12491,#12492);
#12490 = CARTESIAN_POINT('',(136.86,-90.76,0.));
#12491 = DIRECTION('',(-0.,0.,-1.));
#12492 = DIRECTION('',(-0.,-1.,0.));
#12493 = FACE_BOUND('',#12494,.F.);
#12494 = EDGE_LOOP('',(#12495));
#12495 = ORIENTED_EDGE('',*,*,#12496,.T.);
#12496 = EDGE_CURVE('',#12497,#12497,#12499,.T.);
#12497 = VERTEX_POINT('',#12498);
#12498 = CARTESIAN_POINT('',(130.,-88.165,0.));
#12499 = CIRCLE('',#12500,0.15);
#12500 = AXIS2_PLACEMENT_3D('',#12501,#12502,#12503);
#12501 = CARTESIAN_POINT('',(130.,-88.015,0.));
#12502 = DIRECTION('',(-0.,0.,-1.));
#12503 = DIRECTION('',(-0.,-1.,0.));
#12504 = FACE_BOUND('',#12505,.F.);
#12505 = EDGE_LOOP('',(#12506));
#12506 = ORIENTED_EDGE('',*,*,#12507,.T.);
#12507 = EDGE_CURVE('',#12508,#12508,#12510,.T.);
#12508 = VERTEX_POINT('',#12509);
#12509 = CARTESIAN_POINT('',(131.739188,-89.251879,0.));
#12510 = CIRCLE('',#12511,0.15);
#12511 = AXIS2_PLACEMENT_3D('',#12512,#12513,#12514);
#12512 = CARTESIAN_POINT('',(131.739188,-89.101879,0.));
#12513 = DIRECTION('',(-0.,0.,-1.));
#12514 = DIRECTION('',(-0.,-1.,0.));
#12515 = FACE_BOUND('',#12516,.F.);
#12516 = EDGE_LOOP('',(#12517));
#12517 = ORIENTED_EDGE('',*,*,#12518,.T.);
#12518 = EDGE_CURVE('',#12519,#12519,#12521,.T.);
#12519 = VERTEX_POINT('',#12520);
#12520 = CARTESIAN_POINT('',(132.47,-89.66,0.));
#12521 = CIRCLE('',#12522,0.15);
#12522 = AXIS2_PLACEMENT_3D('',#12523,#12524,#12525);
#12523 = CARTESIAN_POINT('',(132.47,-89.51,0.));
#12524 = DIRECTION('',(-0.,0.,-1.));
#12525 = DIRECTION('',(-0.,-1.,0.));
#12526 = FACE_BOUND('',#12527,.F.);
#12527 = EDGE_LOOP('',(#12528));
#12528 = ORIENTED_EDGE('',*,*,#12529,.T.);
#12529 = EDGE_CURVE('',#12530,#12530,#12532,.T.);
#12530 = VERTEX_POINT('',#12531);
#12531 = CARTESIAN_POINT('',(132.8,-87.8,0.));
#12532 = CIRCLE('',#12533,0.15);
#12533 = AXIS2_PLACEMENT_3D('',#12534,#12535,#12536);
#12534 = CARTESIAN_POINT('',(132.8,-87.65,0.));
#12535 = DIRECTION('',(-0.,0.,-1.));
#12536 = DIRECTION('',(-0.,-1.,0.));
#12537 = FACE_BOUND('',#12538,.F.);
#12538 = EDGE_LOOP('',(#12539));
#12539 = ORIENTED_EDGE('',*,*,#12540,.T.);
#12540 = EDGE_CURVE('',#12541,#12541,#12543,.T.);
#12541 = VERTEX_POINT('',#12542);
#12542 = CARTESIAN_POINT('',(129.8625,-84.4,0.));
#12543 = CIRCLE('',#12544,0.1);
#12544 = AXIS2_PLACEMENT_3D('',#12545,#12546,#12547);
#12545 = CARTESIAN_POINT('',(129.8625,-84.3,0.));
#12546 = DIRECTION('',(-0.,0.,-1.));
#12547 = DIRECTION('',(-0.,-1.,0.));
#12548 = FACE_BOUND('',#12549,.F.);
#12549 = EDGE_LOOP('',(#12550));
#12550 = ORIENTED_EDGE('',*,*,#12551,.T.);
#12551 = EDGE_CURVE('',#12552,#12552,#12554,.T.);
#12552 = VERTEX_POINT('',#12553);
#12553 = CARTESIAN_POINT('',(130.8625,-84.4,0.));
#12554 = CIRCLE('',#12555,0.1);
#12555 = AXIS2_PLACEMENT_3D('',#12556,#12557,#12558);
#12556 = CARTESIAN_POINT('',(130.8625,-84.3,0.));
#12557 = DIRECTION('',(-0.,0.,-1.));
#12558 = DIRECTION('',(-0.,-1.,0.));
#12559 = FACE_BOUND('',#12560,.F.);
#12560 = EDGE_LOOP('',(#12561));
#12561 = ORIENTED_EDGE('',*,*,#12562,.T.);
#12562 = EDGE_CURVE('',#12563,#12563,#12565,.T.);
#12563 = VERTEX_POINT('',#12564);
#12564 = CARTESIAN_POINT('',(131.8625,-84.4,0.));
#12565 = CIRCLE('',#12566,0.1);
#12566 = AXIS2_PLACEMENT_3D('',#12567,#12568,#12569);
#12567 = CARTESIAN_POINT('',(131.8625,-84.3,0.));
#12568 = DIRECTION('',(-0.,0.,-1.));
#12569 = DIRECTION('',(-0.,-1.,0.));
#12570 = FACE_BOUND('',#12571,.F.);
#12571 = EDGE_LOOP('',(#12572));
#12572 = ORIENTED_EDGE('',*,*,#12573,.T.);
#12573 = EDGE_CURVE('',#12574,#12574,#12576,.T.);
#12574 = VERTEX_POINT('',#12575);
#12575 = CARTESIAN_POINT('',(134.,-88.69,0.));
#12576 = CIRCLE('',#12577,0.15);
#12577 = AXIS2_PLACEMENT_3D('',#12578,#12579,#12580);
#12578 = CARTESIAN_POINT('',(134.,-88.54,0.));
#12579 = DIRECTION('',(-0.,0.,-1.));
#12580 = DIRECTION('',(-0.,-1.,0.));
#12581 = FACE_BOUND('',#12582,.F.);
#12582 = EDGE_LOOP('',(#12583));
#12583 = ORIENTED_EDGE('',*,*,#12584,.T.);
#12584 = EDGE_CURVE('',#12585,#12585,#12587,.T.);
#12585 = VERTEX_POINT('',#12586);
#12586 = CARTESIAN_POINT('',(136.02,-89.65,0.));
#12587 = CIRCLE('',#12588,0.15);
#12588 = AXIS2_PLACEMENT_3D('',#12589,#12590,#12591);
#12589 = CARTESIAN_POINT('',(136.02,-89.5,0.));
#12590 = DIRECTION('',(-0.,0.,-1.));
#12591 = DIRECTION('',(1.894780628694E-13,-1.,-0.));
#12592 = FACE_BOUND('',#12593,.F.);
#12593 = EDGE_LOOP('',(#12594));
#12594 = ORIENTED_EDGE('',*,*,#12595,.T.);
#12595 = EDGE_CURVE('',#12596,#12596,#12598,.T.);
#12596 = VERTEX_POINT('',#12597);
#12597 = CARTESIAN_POINT('',(136.98,-89.65,0.));
#12598 = CIRCLE('',#12599,0.15);
#12599 = AXIS2_PLACEMENT_3D('',#12600,#12601,#12602);
#12600 = CARTESIAN_POINT('',(136.98,-89.5,0.));
#12601 = DIRECTION('',(-0.,0.,-1.));
#12602 = DIRECTION('',(-1.894780628694E-13,-1.,0.));
#12603 = FACE_BOUND('',#12604,.F.);
#12604 = EDGE_LOOP('',(#12605));
#12605 = ORIENTED_EDGE('',*,*,#12606,.T.);
#12606 = EDGE_CURVE('',#12607,#12607,#12609,.T.);
#12607 = VERTEX_POINT('',#12608);
#12608 = CARTESIAN_POINT('',(137.03,-87.65,0.));
#12609 = CIRCLE('',#12610,0.15);
#12610 = AXIS2_PLACEMENT_3D('',#12611,#12612,#12613);
#12611 = CARTESIAN_POINT('',(137.03,-87.5,0.));
#12612 = DIRECTION('',(-0.,0.,-1.));
#12613 = DIRECTION('',(-0.,-1.,0.));
#12614 = FACE_BOUND('',#12615,.F.);
#12615 = EDGE_LOOP('',(#12616));
#12616 = ORIENTED_EDGE('',*,*,#12617,.T.);
#12617 = EDGE_CURVE('',#12618,#12618,#12620,.T.);
#12618 = VERTEX_POINT('',#12619);
#12619 = CARTESIAN_POINT('',(134.15,-86.36,0.));
#12620 = CIRCLE('',#12621,0.15);
#12621 = AXIS2_PLACEMENT_3D('',#12622,#12623,#12624);
#12622 = CARTESIAN_POINT('',(134.15,-86.21,0.));
#12623 = DIRECTION('',(-0.,0.,-1.));
#12624 = DIRECTION('',(-0.,-1.,0.));
#12625 = FACE_BOUND('',#12626,.F.);
#12626 = EDGE_LOOP('',(#12627));
#12627 = ORIENTED_EDGE('',*,*,#12628,.T.);
#12628 = EDGE_CURVE('',#12629,#12629,#12631,.T.);
#12629 = VERTEX_POINT('',#12630);
#12630 = CARTESIAN_POINT('',(136.,-84.15,0.));
#12631 = CIRCLE('',#12632,0.15);
#12632 = AXIS2_PLACEMENT_3D('',#12633,#12634,#12635);
#12633 = CARTESIAN_POINT('',(136.,-84.,0.));
#12634 = DIRECTION('',(-0.,0.,-1.));
#12635 = DIRECTION('',(-0.,-1.,0.));
#12636 = FACE_BOUND('',#12637,.F.);
#12637 = EDGE_LOOP('',(#12638));
#12638 = ORIENTED_EDGE('',*,*,#12639,.T.);
#12639 = EDGE_CURVE('',#12640,#12640,#12642,.T.);
#12640 = VERTEX_POINT('',#12641);
#12641 = CARTESIAN_POINT('',(141.59125,-94.87125,0.));
#12642 = CIRCLE('',#12643,1.E-01);
#12643 = AXIS2_PLACEMENT_3D('',#12644,#12645,#12646);
#12644 = CARTESIAN_POINT('',(141.59125,-94.77125,0.));
#12645 = DIRECTION('',(-0.,0.,-1.));
#12646 = DIRECTION('',(-0.,-1.,0.));
#12647 = FACE_BOUND('',#12648,.F.);
#12648 = EDGE_LOOP('',(#12649));
#12649 = ORIENTED_EDGE('',*,*,#12650,.T.);
#12650 = EDGE_CURVE('',#12651,#12651,#12653,.T.);
#12651 = VERTEX_POINT('',#12652);
#12652 = CARTESIAN_POINT('',(140.5,-93.,0.));
#12653 = CIRCLE('',#12654,0.15);
#12654 = AXIS2_PLACEMENT_3D('',#12655,#12656,#12657);
#12655 = CARTESIAN_POINT('',(140.5,-92.85,0.));
#12656 = DIRECTION('',(-0.,0.,-1.));
#12657 = DIRECTION('',(-0.,-1.,0.));
#12658 = FACE_BOUND('',#12659,.F.);
#12659 = EDGE_LOOP('',(#12660));
#12660 = ORIENTED_EDGE('',*,*,#12661,.T.);
#12661 = EDGE_CURVE('',#12662,#12662,#12664,.T.);
#12662 = VERTEX_POINT('',#12663);
#12663 = CARTESIAN_POINT('',(140.29,-91.32,0.));
#12664 = CIRCLE('',#12665,0.15);
#12665 = AXIS2_PLACEMENT_3D('',#12666,#12667,#12668);
#12666 = CARTESIAN_POINT('',(140.29,-91.17,0.));
#12667 = DIRECTION('',(-0.,0.,-1.));
#12668 = DIRECTION('',(-0.,-1.,0.));
#12669 = FACE_BOUND('',#12670,.F.);
#12670 = EDGE_LOOP('',(#12671));
#12671 = ORIENTED_EDGE('',*,*,#12672,.T.);
#12672 = EDGE_CURVE('',#12673,#12673,#12675,.T.);
#12673 = VERTEX_POINT('',#12674);
#12674 = CARTESIAN_POINT('',(142.59125,-94.87125,0.));
#12675 = CIRCLE('',#12676,1.E-01);
#12676 = AXIS2_PLACEMENT_3D('',#12677,#12678,#12679);
#12677 = CARTESIAN_POINT('',(142.59125,-94.77125,0.));
#12678 = DIRECTION('',(-0.,0.,-1.));
#12679 = DIRECTION('',(-0.,-1.,0.));
#12680 = FACE_BOUND('',#12681,.F.);
#12681 = EDGE_LOOP('',(#12682));
#12682 = ORIENTED_EDGE('',*,*,#12683,.T.);
#12683 = EDGE_CURVE('',#12684,#12684,#12686,.T.);
#12684 = VERTEX_POINT('',#12685);
#12685 = CARTESIAN_POINT('',(143.59125,-94.87125,0.));
#12686 = CIRCLE('',#12687,1.E-01);
#12687 = AXIS2_PLACEMENT_3D('',#12688,#12689,#12690);
#12688 = CARTESIAN_POINT('',(143.59125,-94.77125,0.));
#12689 = DIRECTION('',(-0.,0.,-1.));
#12690 = DIRECTION('',(-0.,-1.,0.));
#12691 = FACE_BOUND('',#12692,.F.);
#12692 = EDGE_LOOP('',(#12693));
#12693 = ORIENTED_EDGE('',*,*,#12694,.T.);
#12694 = EDGE_CURVE('',#12695,#12695,#12697,.T.);
#12695 = VERTEX_POINT('',#12696);
#12696 = CARTESIAN_POINT('',(143.91625,-93.62125,0.));
#12697 = CIRCLE('',#12698,0.15);
#12698 = AXIS2_PLACEMENT_3D('',#12699,#12700,#12701);
#12699 = CARTESIAN_POINT('',(143.91625,-93.47125,0.));
#12700 = DIRECTION('',(-0.,0.,-1.));
#12701 = DIRECTION('',(-0.,-1.,0.));
#12702 = FACE_BOUND('',#12703,.F.);
#12703 = EDGE_LOOP('',(#12704));
#12704 = ORIENTED_EDGE('',*,*,#12705,.T.);
#12705 = EDGE_CURVE('',#12706,#12706,#12708,.T.);
#12706 = VERTEX_POINT('',#12707);
#12707 = CARTESIAN_POINT('',(142.58,-91.39,0.));
#12708 = CIRCLE('',#12709,0.15);
#12709 = AXIS2_PLACEMENT_3D('',#12710,#12711,#12712);
#12710 = CARTESIAN_POINT('',(142.58,-91.24,0.));
#12711 = DIRECTION('',(-0.,0.,-1.));
#12712 = DIRECTION('',(1.894780628694E-13,-1.,-0.));
#12713 = FACE_BOUND('',#12714,.F.);
#12714 = EDGE_LOOP('',(#12715));
#12715 = ORIENTED_EDGE('',*,*,#12716,.T.);
#12716 = EDGE_CURVE('',#12717,#12717,#12719,.T.);
#12717 = VERTEX_POINT('',#12718);
#12718 = CARTESIAN_POINT('',(142.1,-90.72,0.));
#12719 = CIRCLE('',#12720,0.15);
#12720 = AXIS2_PLACEMENT_3D('',#12721,#12722,#12723);
#12721 = CARTESIAN_POINT('',(142.1,-90.57,0.));
#12722 = DIRECTION('',(-0.,0.,-1.));
#12723 = DIRECTION('',(-0.,-1.,0.));
#12724 = FACE_BOUND('',#12725,.F.);
#12725 = EDGE_LOOP('',(#12726));
#12726 = ORIENTED_EDGE('',*,*,#12727,.T.);
#12727 = EDGE_CURVE('',#12728,#12728,#12730,.T.);
#12728 = VERTEX_POINT('',#12729);
#12729 = CARTESIAN_POINT('',(139.55,-88.08,0.));
#12730 = CIRCLE('',#12731,0.15);
#12731 = AXIS2_PLACEMENT_3D('',#12732,#12733,#12734);
#12732 = CARTESIAN_POINT('',(139.55,-87.93,0.));
#12733 = DIRECTION('',(-0.,0.,-1.));
#12734 = DIRECTION('',(-0.,-1.,0.));
#12735 = FACE_BOUND('',#12736,.F.);
#12736 = EDGE_LOOP('',(#12737));
#12737 = ORIENTED_EDGE('',*,*,#12738,.T.);
#12738 = EDGE_CURVE('',#12739,#12739,#12741,.T.);
#12739 = VERTEX_POINT('',#12740);
#12740 = CARTESIAN_POINT('',(142.83,-87.05,0.));
#12741 = CIRCLE('',#12742,0.6);
#12742 = AXIS2_PLACEMENT_3D('',#12743,#12744,#12745);
#12743 = CARTESIAN_POINT('',(142.83,-86.45,0.));
#12744 = DIRECTION('',(-0.,0.,-1.));
#12745 = DIRECTION('',(4.736951571734E-14,-1.,-0.));
#12746 = FACE_BOUND('',#12747,.F.);
#12747 = EDGE_LOOP('',(#12748));
#12748 = ORIENTED_EDGE('',*,*,#12749,.T.);
#12749 = EDGE_CURVE('',#12750,#12750,#12752,.T.);
#12750 = VERTEX_POINT('',#12751);
#12751 = CARTESIAN_POINT('',(118.5,-75.65,0.));
#12752 = CIRCLE('',#12753,0.15);
#12753 = AXIS2_PLACEMENT_3D('',#12754,#12755,#12756);
#12754 = CARTESIAN_POINT('',(118.5,-75.5,0.));
#12755 = DIRECTION('',(-0.,0.,-1.));
#12756 = DIRECTION('',(-0.,-1.,0.));
#12757 = FACE_BOUND('',#12758,.F.);
#12758 = EDGE_LOOP('',(#12759));
#12759 = ORIENTED_EDGE('',*,*,#12760,.T.);
#12760 = EDGE_CURVE('',#12761,#12761,#12763,.T.);
#12761 = VERTEX_POINT('',#12762);
#12762 = CARTESIAN_POINT('',(122.13,-81.2,0.));
#12763 = CIRCLE('',#12764,0.15);
#12764 = AXIS2_PLACEMENT_3D('',#12765,#12766,#12767);
#12765 = CARTESIAN_POINT('',(122.13,-81.05,0.));
#12766 = DIRECTION('',(-0.,0.,-1.));
#12767 = DIRECTION('',(-0.,-1.,0.));
#12768 = FACE_BOUND('',#12769,.F.);
#12769 = EDGE_LOOP('',(#12770));
#12770 = ORIENTED_EDGE('',*,*,#12771,.T.);
#12771 = EDGE_CURVE('',#12772,#12772,#12774,.T.);
#12772 = VERTEX_POINT('',#12773);
#12773 = CARTESIAN_POINT('',(127.,-83.15,0.));
#12774 = CIRCLE('',#12775,0.15);
#12775 = AXIS2_PLACEMENT_3D('',#12776,#12777,#12778);
#12776 = CARTESIAN_POINT('',(127.,-83.,0.));
#12777 = DIRECTION('',(-0.,0.,-1.));
#12778 = DIRECTION('',(-0.,-1.,0.));
#12779 = FACE_BOUND('',#12780,.F.);
#12780 = EDGE_LOOP('',(#12781));
#12781 = ORIENTED_EDGE('',*,*,#12782,.T.);
#12782 = EDGE_CURVE('',#12783,#12783,#12785,.T.);
#12783 = VERTEX_POINT('',#12784);
#12784 = CARTESIAN_POINT('',(127.6,-80.23,0.));
#12785 = CIRCLE('',#12786,0.15);
#12786 = AXIS2_PLACEMENT_3D('',#12787,#12788,#12789);
#12787 = CARTESIAN_POINT('',(127.6,-80.08,0.));
#12788 = DIRECTION('',(-0.,0.,-1.));
#12789 = DIRECTION('',(-0.,-1.,0.));
#12790 = FACE_BOUND('',#12791,.F.);
#12791 = EDGE_LOOP('',(#12792));
#12792 = ORIENTED_EDGE('',*,*,#12793,.T.);
#12793 = EDGE_CURVE('',#12794,#12794,#12796,.T.);
#12794 = VERTEX_POINT('',#12795);
#12795 = CARTESIAN_POINT('',(129.,-79.7,0.));
#12796 = CIRCLE('',#12797,0.15);
#12797 = AXIS2_PLACEMENT_3D('',#12798,#12799,#12800);
#12798 = CARTESIAN_POINT('',(129.,-79.55,0.));
#12799 = DIRECTION('',(-0.,0.,-1.));
#12800 = DIRECTION('',(-0.,-1.,0.));
#12801 = FACE_BOUND('',#12802,.F.);
#12802 = EDGE_LOOP('',(#12803));
#12803 = ORIENTED_EDGE('',*,*,#12804,.T.);
#12804 = EDGE_CURVE('',#12805,#12805,#12807,.T.);
#12805 = VERTEX_POINT('',#12806);
#12806 = CARTESIAN_POINT('',(121.15,-77.11,0.));
#12807 = CIRCLE('',#12808,0.15);
#12808 = AXIS2_PLACEMENT_3D('',#12809,#12810,#12811);
#12809 = CARTESIAN_POINT('',(121.15,-76.96,0.));
#12810 = DIRECTION('',(-0.,0.,-1.));
#12811 = DIRECTION('',(-0.,-1.,0.));
#12812 = FACE_BOUND('',#12813,.F.);
#12813 = EDGE_LOOP('',(#12814));
#12814 = ORIENTED_EDGE('',*,*,#12815,.T.);
#12815 = EDGE_CURVE('',#12816,#12816,#12818,.T.);
#12816 = VERTEX_POINT('',#12817);
#12817 = CARTESIAN_POINT('',(123.,-75.65,0.));
#12818 = CIRCLE('',#12819,0.15);
#12819 = AXIS2_PLACEMENT_3D('',#12820,#12821,#12822);
#12820 = CARTESIAN_POINT('',(123.,-75.5,0.));
#12821 = DIRECTION('',(-0.,0.,-1.));
#12822 = DIRECTION('',(-0.,-1.,0.));
#12823 = FACE_BOUND('',#12824,.F.);
#12824 = EDGE_LOOP('',(#12825));
#12825 = ORIENTED_EDGE('',*,*,#12826,.T.);
#12826 = EDGE_CURVE('',#12827,#12827,#12829,.T.);
#12827 = VERTEX_POINT('',#12828);
#12828 = CARTESIAN_POINT('',(123.77,-77.71,0.));
#12829 = CIRCLE('',#12830,0.15);
#12830 = AXIS2_PLACEMENT_3D('',#12831,#12832,#12833);
#12831 = CARTESIAN_POINT('',(123.77,-77.56,0.));
#12832 = DIRECTION('',(-0.,0.,-1.));
#12833 = DIRECTION('',(-9.473903143469E-14,-1.,0.));
#12834 = FACE_BOUND('',#12835,.F.);
#12835 = EDGE_LOOP('',(#12836));
#12836 = ORIENTED_EDGE('',*,*,#12837,.T.);
#12837 = EDGE_CURVE('',#12838,#12838,#12840,.T.);
#12838 = VERTEX_POINT('',#12839);
#12839 = CARTESIAN_POINT('',(121.,-74.65,0.));
#12840 = CIRCLE('',#12841,0.15);
#12841 = AXIS2_PLACEMENT_3D('',#12842,#12843,#12844);
#12842 = CARTESIAN_POINT('',(121.,-74.5,0.));
#12843 = DIRECTION('',(-0.,0.,-1.));
#12844 = DIRECTION('',(-0.,-1.,0.));
#12845 = FACE_BOUND('',#12846,.F.);
#12846 = EDGE_LOOP('',(#12847));
#12847 = ORIENTED_EDGE('',*,*,#12848,.T.);
#12848 = EDGE_CURVE('',#12849,#12849,#12851,.T.);
#12849 = VERTEX_POINT('',#12850);
#12850 = CARTESIAN_POINT('',(123.,-74.65,0.));
#12851 = CIRCLE('',#12852,0.15);
#12852 = AXIS2_PLACEMENT_3D('',#12853,#12854,#12855);
#12853 = CARTESIAN_POINT('',(123.,-74.5,0.));
#12854 = DIRECTION('',(-0.,0.,-1.));
#12855 = DIRECTION('',(-0.,-1.,0.));
#12856 = FACE_BOUND('',#12857,.F.);
#12857 = EDGE_LOOP('',(#12858));
#12858 = ORIENTED_EDGE('',*,*,#12859,.T.);
#12859 = EDGE_CURVE('',#12860,#12860,#12862,.T.);
#12860 = VERTEX_POINT('',#12861);
#12861 = CARTESIAN_POINT('',(122.02,-72.63,0.));
#12862 = CIRCLE('',#12863,0.15);
#12863 = AXIS2_PLACEMENT_3D('',#12864,#12865,#12866);
#12864 = CARTESIAN_POINT('',(122.02,-72.48,0.));
#12865 = DIRECTION('',(-0.,0.,-1.));
#12866 = DIRECTION('',(-9.473903143469E-14,-1.,0.));
#12867 = FACE_BOUND('',#12868,.F.);
#12868 = EDGE_LOOP('',(#12869));
#12869 = ORIENTED_EDGE('',*,*,#12870,.T.);
#12870 = EDGE_CURVE('',#12871,#12871,#12873,.T.);
#12871 = VERTEX_POINT('',#12872);
#12872 = CARTESIAN_POINT('',(127.577468,-75.950797,0.));
#12873 = CIRCLE('',#12874,0.15);
#12874 = AXIS2_PLACEMENT_3D('',#12875,#12876,#12877);
#12875 = CARTESIAN_POINT('',(127.577468,-75.800797,0.));
#12876 = DIRECTION('',(-0.,0.,-1.));
#12877 = DIRECTION('',(-9.473903143469E-14,-1.,0.));
#12878 = FACE_BOUND('',#12879,.F.);
#12879 = EDGE_LOOP('',(#12880));
#12880 = ORIENTED_EDGE('',*,*,#12881,.T.);
#12881 = EDGE_CURVE('',#12882,#12882,#12884,.T.);
#12882 = VERTEX_POINT('',#12883);
#12883 = CARTESIAN_POINT('',(127.5,-74.65,0.));
#12884 = CIRCLE('',#12885,0.15);
#12885 = AXIS2_PLACEMENT_3D('',#12886,#12887,#12888);
#12886 = CARTESIAN_POINT('',(127.5,-74.5,0.));
#12887 = DIRECTION('',(-0.,0.,-1.));
#12888 = DIRECTION('',(-0.,-1.,0.));
#12889 = FACE_BOUND('',#12890,.F.);
#12890 = EDGE_LOOP('',(#12891));
#12891 = ORIENTED_EDGE('',*,*,#12892,.T.);
#12892 = EDGE_CURVE('',#12893,#12893,#12895,.T.);
#12893 = VERTEX_POINT('',#12894);
#12894 = CARTESIAN_POINT('',(115.,-69.798615,0.));
#12895 = CIRCLE('',#12896,0.15);
#12896 = AXIS2_PLACEMENT_3D('',#12897,#12898,#12899);
#12897 = CARTESIAN_POINT('',(115.,-69.648615,0.));
#12898 = DIRECTION('',(-0.,0.,-1.));
#12899 = DIRECTION('',(-0.,-1.,0.));
#12900 = FACE_BOUND('',#12901,.F.);
#12901 = EDGE_LOOP('',(#12902));
#12902 = ORIENTED_EDGE('',*,*,#12903,.T.);
#12903 = EDGE_CURVE('',#12904,#12904,#12906,.T.);
#12904 = VERTEX_POINT('',#12905);
#12905 = CARTESIAN_POINT('',(116.190285,-69.876949,0.));
#12906 = CIRCLE('',#12907,0.15);
#12907 = AXIS2_PLACEMENT_3D('',#12908,#12909,#12910);
#12908 = CARTESIAN_POINT('',(116.190285,-69.726949,0.));
#12909 = DIRECTION('',(-0.,0.,-1.));
#12910 = DIRECTION('',(9.473903143468E-14,-1.,-0.));
#12911 = FACE_BOUND('',#12912,.F.);
#12912 = EDGE_LOOP('',(#12913));
#12913 = ORIENTED_EDGE('',*,*,#12914,.T.);
#12914 = EDGE_CURVE('',#12915,#12915,#12917,.T.);
#12915 = VERTEX_POINT('',#12916);
#12916 = CARTESIAN_POINT('',(116.,-66.65,0.));
#12917 = CIRCLE('',#12918,0.15);
#12918 = AXIS2_PLACEMENT_3D('',#12919,#12920,#12921);
#12919 = CARTESIAN_POINT('',(116.,-66.5,0.));
#12920 = DIRECTION('',(-0.,0.,-1.));
#12921 = DIRECTION('',(-0.,-1.,0.));
#12922 = FACE_BOUND('',#12923,.F.);
#12923 = EDGE_LOOP('',(#12924));
#12924 = ORIENTED_EDGE('',*,*,#12925,.T.);
#12925 = EDGE_CURVE('',#12926,#12926,#12928,.T.);
#12926 = VERTEX_POINT('',#12927);
#12927 = CARTESIAN_POINT('',(115.,-64.1,0.));
#12928 = CIRCLE('',#12929,1.6);
#12929 = AXIS2_PLACEMENT_3D('',#12930,#12931,#12932);
#12930 = CARTESIAN_POINT('',(115.,-62.5,0.));
#12931 = DIRECTION('',(-0.,0.,-1.));
#12932 = DIRECTION('',(-0.,-1.,0.));
#12933 = FACE_BOUND('',#12934,.F.);
#12934 = EDGE_LOOP('',(#12935));
#12935 = ORIENTED_EDGE('',*,*,#12936,.T.);
#12936 = EDGE_CURVE('',#12937,#12937,#12939,.T.);
#12937 = VERTEX_POINT('',#12938);
#12938 = CARTESIAN_POINT('',(121.5,-70.55,0.));
#12939 = CIRCLE('',#12940,0.15);
#12940 = AXIS2_PLACEMENT_3D('',#12941,#12942,#12943);
#12941 = CARTESIAN_POINT('',(121.5,-70.4,0.));
#12942 = DIRECTION('',(-0.,0.,-1.));
#12943 = DIRECTION('',(-0.,-1.,0.));
#12944 = FACE_BOUND('',#12945,.F.);
#12945 = EDGE_LOOP('',(#12946));
#12946 = ORIENTED_EDGE('',*,*,#12947,.T.);
#12947 = EDGE_CURVE('',#12948,#12948,#12950,.T.);
#12948 = VERTEX_POINT('',#12949);
#12949 = CARTESIAN_POINT('',(121.49,-68.38,0.));
#12950 = CIRCLE('',#12951,0.15);
#12951 = AXIS2_PLACEMENT_3D('',#12952,#12953,#12954);
#12952 = CARTESIAN_POINT('',(121.49,-68.23,0.));
#12953 = DIRECTION('',(-0.,0.,-1.));
#12954 = DIRECTION('',(-9.473903143469E-14,-1.,0.));
#12955 = FACE_BOUND('',#12956,.F.);
#12956 = EDGE_LOOP('',(#12957));
#12957 = ORIENTED_EDGE('',*,*,#12958,.T.);
#12958 = EDGE_CURVE('',#12959,#12959,#12961,.T.);
#12959 = VERTEX_POINT('',#12960);
#12960 = CARTESIAN_POINT('',(127.5,-70.15,0.));
#12961 = CIRCLE('',#12962,0.15);
#12962 = AXIS2_PLACEMENT_3D('',#12963,#12964,#12965);
#12963 = CARTESIAN_POINT('',(127.5,-70.,0.));
#12964 = DIRECTION('',(-0.,0.,-1.));
#12965 = DIRECTION('',(-0.,-1.,0.));
#12966 = FACE_BOUND('',#12967,.F.);
#12967 = EDGE_LOOP('',(#12968));
#12968 = ORIENTED_EDGE('',*,*,#12969,.T.);
#12969 = EDGE_CURVE('',#12970,#12970,#12972,.T.);
#12970 = VERTEX_POINT('',#12971);
#12971 = CARTESIAN_POINT('',(124.5,-66.15,0.));
#12972 = CIRCLE('',#12973,0.15);
#12973 = AXIS2_PLACEMENT_3D('',#12974,#12975,#12976);
#12974 = CARTESIAN_POINT('',(124.5,-66.,0.));
#12975 = DIRECTION('',(-0.,0.,-1.));
#12976 = DIRECTION('',(-0.,-1.,0.));
#12977 = FACE_BOUND('',#12978,.F.);
#12978 = EDGE_LOOP('',(#12979));
#12979 = ORIENTED_EDGE('',*,*,#12980,.T.);
#12980 = EDGE_CURVE('',#12981,#12981,#12983,.T.);
#12981 = VERTEX_POINT('',#12982);
#12982 = CARTESIAN_POINT('',(125.,-65.15,0.));
#12983 = CIRCLE('',#12984,0.15);
#12984 = AXIS2_PLACEMENT_3D('',#12985,#12986,#12987);
#12985 = CARTESIAN_POINT('',(125.,-65.,0.));
#12986 = DIRECTION('',(-0.,0.,-1.));
#12987 = DIRECTION('',(-0.,-1.,0.));
#12988 = FACE_BOUND('',#12989,.F.);
#12989 = EDGE_LOOP('',(#12990));
#12990 = ORIENTED_EDGE('',*,*,#12991,.T.);
#12991 = EDGE_CURVE('',#12992,#12992,#12994,.T.);
#12992 = VERTEX_POINT('',#12993);
#12993 = CARTESIAN_POINT('',(122.,-60.875,0.));
#12994 = CIRCLE('',#12995,0.375);
#12995 = AXIS2_PLACEMENT_3D('',#12996,#12997,#12998);
#12996 = CARTESIAN_POINT('',(122.,-60.5,0.));
#12997 = DIRECTION('',(-0.,0.,-1.));
#12998 = DIRECTION('',(-0.,-1.,0.));
#12999 = FACE_BOUND('',#13000,.F.);
#13000 = EDGE_LOOP('',(#13001));
#13001 = ORIENTED_EDGE('',*,*,#13002,.T.);
#13002 = EDGE_CURVE('',#13003,#13003,#13005,.T.);
#13003 = VERTEX_POINT('',#13004);
#13004 = CARTESIAN_POINT('',(124.,-60.875,0.));
#13005 = CIRCLE('',#13006,0.375);
#13006 = AXIS2_PLACEMENT_3D('',#13007,#13008,#13009);
#13007 = CARTESIAN_POINT('',(124.,-60.5,0.));
#13008 = DIRECTION('',(-0.,0.,-1.));
#13009 = DIRECTION('',(-0.,-1.,0.));
#13010 = FACE_BOUND('',#13011,.F.);
#13011 = EDGE_LOOP('',(#13012));
#13012 = ORIENTED_EDGE('',*,*,#13013,.T.);
#13013 = EDGE_CURVE('',#13014,#13014,#13016,.T.);
#13014 = VERTEX_POINT('',#13015);
#13015 = CARTESIAN_POINT('',(125.5,-62.65,0.));
#13016 = CIRCLE('',#13017,0.15);
#13017 = AXIS2_PLACEMENT_3D('',#13018,#13019,#13020);
#13018 = CARTESIAN_POINT('',(125.5,-62.5,0.));
#13019 = DIRECTION('',(-0.,0.,-1.));
#13020 = DIRECTION('',(-0.,-1.,0.));
#13021 = FACE_BOUND('',#13022,.F.);
#13022 = EDGE_LOOP('',(#13023));
#13023 = ORIENTED_EDGE('',*,*,#13024,.T.);
#13024 = EDGE_CURVE('',#13025,#13025,#13027,.T.);
#13025 = VERTEX_POINT('',#13026);
#13026 = CARTESIAN_POINT('',(129.8625,-83.4,0.));
#13027 = CIRCLE('',#13028,0.1);
#13028 = AXIS2_PLACEMENT_3D('',#13029,#13030,#13031);
#13029 = CARTESIAN_POINT('',(129.8625,-83.3,0.));
#13030 = DIRECTION('',(-0.,0.,-1.));
#13031 = DIRECTION('',(-0.,-1.,0.));
#13032 = FACE_BOUND('',#13033,.F.);
#13033 = EDGE_LOOP('',(#13034));
#13034 = ORIENTED_EDGE('',*,*,#13035,.T.);
#13035 = EDGE_CURVE('',#13036,#13036,#13038,.T.);
#13036 = VERTEX_POINT('',#13037);
#13037 = CARTESIAN_POINT('',(129.8625,-82.4,0.));
#13038 = CIRCLE('',#13039,0.1);
#13039 = AXIS2_PLACEMENT_3D('',#13040,#13041,#13042);
#13040 = CARTESIAN_POINT('',(129.8625,-82.3,0.));
#13041 = DIRECTION('',(-0.,0.,-1.));
#13042 = DIRECTION('',(-0.,-1.,0.));
#13043 = FACE_BOUND('',#13044,.F.);
#13044 = EDGE_LOOP('',(#13045));
#13045 = ORIENTED_EDGE('',*,*,#13046,.T.);
#13046 = EDGE_CURVE('',#13047,#13047,#13049,.T.);
#13047 = VERTEX_POINT('',#13048);
#13048 = CARTESIAN_POINT('',(130.8625,-83.4,0.));
#13049 = CIRCLE('',#13050,0.1);
#13050 = AXIS2_PLACEMENT_3D('',#13051,#13052,#13053);
#13051 = CARTESIAN_POINT('',(130.8625,-83.3,0.));
#13052 = DIRECTION('',(-0.,0.,-1.));
#13053 = DIRECTION('',(-0.,-1.,0.));
#13054 = FACE_BOUND('',#13055,.F.);
#13055 = EDGE_LOOP('',(#13056));
#13056 = ORIENTED_EDGE('',*,*,#13057,.T.);
#13057 = EDGE_CURVE('',#13058,#13058,#13060,.T.);
#13058 = VERTEX_POINT('',#13059);
#13059 = CARTESIAN_POINT('',(130.8625,-82.4,0.));
#13060 = CIRCLE('',#13061,0.1);
#13061 = AXIS2_PLACEMENT_3D('',#13062,#13063,#13064);
#13062 = CARTESIAN_POINT('',(130.8625,-82.3,0.));
#13063 = DIRECTION('',(-0.,0.,-1.));
#13064 = DIRECTION('',(-0.,-1.,0.));
#13065 = FACE_BOUND('',#13066,.F.);
#13066 = EDGE_LOOP('',(#13067));
#13067 = ORIENTED_EDGE('',*,*,#13068,.T.);
#13068 = EDGE_CURVE('',#13069,#13069,#13071,.T.);
#13069 = VERTEX_POINT('',#13070);
#13070 = CARTESIAN_POINT('',(131.8625,-83.4,0.));
#13071 = CIRCLE('',#13072,0.1);
#13072 = AXIS2_PLACEMENT_3D('',#13073,#13074,#13075);
#13073 = CARTESIAN_POINT('',(131.8625,-83.3,0.));
#13074 = DIRECTION('',(-0.,0.,-1.));
#13075 = DIRECTION('',(-0.,-1.,0.));
#13076 = FACE_BOUND('',#13077,.F.);
#13077 = EDGE_LOOP('',(#13078));
#13078 = ORIENTED_EDGE('',*,*,#13079,.T.);
#13079 = EDGE_CURVE('',#13080,#13080,#13082,.T.);
#13080 = VERTEX_POINT('',#13081);
#13081 = CARTESIAN_POINT('',(131.8625,-82.4,0.));
#13082 = CIRCLE('',#13083,0.1);
#13083 = AXIS2_PLACEMENT_3D('',#13084,#13085,#13086);
#13084 = CARTESIAN_POINT('',(131.8625,-82.3,0.));
#13085 = DIRECTION('',(-0.,0.,-1.));
#13086 = DIRECTION('',(-0.,-1.,0.));
#13087 = FACE_BOUND('',#13088,.F.);
#13088 = EDGE_LOOP('',(#13089));
#13089 = ORIENTED_EDGE('',*,*,#13090,.T.);
#13090 = EDGE_CURVE('',#13091,#13091,#13093,.T.);
#13091 = VERTEX_POINT('',#13092);
#13092 = CARTESIAN_POINT('',(131.,-79.75,0.));
#13093 = CIRCLE('',#13094,0.15);
#13094 = AXIS2_PLACEMENT_3D('',#13095,#13096,#13097);
#13095 = CARTESIAN_POINT('',(131.,-79.6,0.));
#13096 = DIRECTION('',(-0.,0.,-1.));
#13097 = DIRECTION('',(-0.,-1.,0.));
#13098 = FACE_BOUND('',#13099,.F.);
#13099 = EDGE_LOOP('',(#13100));
#13100 = ORIENTED_EDGE('',*,*,#13101,.T.);
#13101 = EDGE_CURVE('',#13102,#13102,#13104,.T.);
#13102 = VERTEX_POINT('',#13103);
#13103 = CARTESIAN_POINT('',(131.798978,-79.790455,0.));
#13104 = CIRCLE('',#13105,0.15);
#13105 = AXIS2_PLACEMENT_3D('',#13106,#13107,#13108);
#13106 = CARTESIAN_POINT('',(131.798978,-79.640455,0.));
#13107 = DIRECTION('',(-0.,0.,-1.));
#13108 = DIRECTION('',(-0.,-1.,0.));
#13109 = FACE_BOUND('',#13110,.F.);
#13110 = EDGE_LOOP('',(#13111));
#13111 = ORIENTED_EDGE('',*,*,#13112,.T.);
#13112 = EDGE_CURVE('',#13113,#13113,#13115,.T.);
#13113 = VERTEX_POINT('',#13114);
#13114 = CARTESIAN_POINT('',(131.5,-78.15,0.));
#13115 = CIRCLE('',#13116,0.15);
#13116 = AXIS2_PLACEMENT_3D('',#13117,#13118,#13119);
#13117 = CARTESIAN_POINT('',(131.5,-78.,0.));
#13118 = DIRECTION('',(-0.,0.,-1.));
#13119 = DIRECTION('',(-0.,-1.,0.));
#13120 = FACE_BOUND('',#13121,.F.);
#13121 = EDGE_LOOP('',(#13122));
#13122 = ORIENTED_EDGE('',*,*,#13123,.T.);
#13123 = EDGE_CURVE('',#13124,#13124,#13126,.T.);
#13124 = VERTEX_POINT('',#13125);
#13125 = CARTESIAN_POINT('',(134.5,-83.15,0.));
#13126 = CIRCLE('',#13127,0.15);
#13127 = AXIS2_PLACEMENT_3D('',#13128,#13129,#13130);
#13128 = CARTESIAN_POINT('',(134.5,-83.,0.));
#13129 = DIRECTION('',(-0.,0.,-1.));
#13130 = DIRECTION('',(-0.,-1.,0.));
#13131 = FACE_BOUND('',#13132,.F.);
#13132 = EDGE_LOOP('',(#13133));
#13133 = ORIENTED_EDGE('',*,*,#13134,.T.);
#13134 = EDGE_CURVE('',#13135,#13135,#13137,.T.);
#13135 = VERTEX_POINT('',#13136);
#13136 = CARTESIAN_POINT('',(135.1,-82.584313,0.));
#13137 = CIRCLE('',#13138,0.15);
#13138 = AXIS2_PLACEMENT_3D('',#13139,#13140,#13141);
#13139 = CARTESIAN_POINT('',(135.1,-82.434313,0.));
#13140 = DIRECTION('',(-0.,0.,-1.));
#13141 = DIRECTION('',(-0.,-1.,0.));
#13142 = FACE_BOUND('',#13143,.F.);
#13143 = EDGE_LOOP('',(#13144));
#13144 = ORIENTED_EDGE('',*,*,#13145,.T.);
#13145 = EDGE_CURVE('',#13146,#13146,#13148,.T.);
#13146 = VERTEX_POINT('',#13147);
#13147 = CARTESIAN_POINT('',(137.73,-83.1,0.));
#13148 = CIRCLE('',#13149,0.15);
#13149 = AXIS2_PLACEMENT_3D('',#13150,#13151,#13152);
#13150 = CARTESIAN_POINT('',(137.73,-82.95,0.));
#13151 = DIRECTION('',(-0.,0.,-1.));
#13152 = DIRECTION('',(-1.894780628694E-13,-1.,0.));
#13153 = FACE_BOUND('',#13154,.F.);
#13154 = EDGE_LOOP('',(#13155));
#13155 = ORIENTED_EDGE('',*,*,#13156,.T.);
#13156 = EDGE_CURVE('',#13157,#13157,#13159,.T.);
#13157 = VERTEX_POINT('',#13158);
#13158 = CARTESIAN_POINT('',(133.63,-80.74,0.));
#13159 = CIRCLE('',#13160,0.15);
#13160 = AXIS2_PLACEMENT_3D('',#13161,#13162,#13163);
#13161 = CARTESIAN_POINT('',(133.63,-80.59,0.));
#13162 = DIRECTION('',(-0.,0.,-1.));
#13163 = DIRECTION('',(-0.,-1.,0.));
#13164 = FACE_BOUND('',#13165,.F.);
#13165 = EDGE_LOOP('',(#13166));
#13166 = ORIENTED_EDGE('',*,*,#13167,.T.);
#13167 = EDGE_CURVE('',#13168,#13168,#13170,.T.);
#13168 = VERTEX_POINT('',#13169);
#13169 = CARTESIAN_POINT('',(134.,-79.15,0.));
#13170 = CIRCLE('',#13171,0.15);
#13171 = AXIS2_PLACEMENT_3D('',#13172,#13173,#13174);
#13172 = CARTESIAN_POINT('',(134.,-79.,0.));
#13173 = DIRECTION('',(-0.,0.,-1.));
#13174 = DIRECTION('',(-0.,-1.,0.));
#13175 = FACE_BOUND('',#13176,.F.);
#13176 = EDGE_LOOP('',(#13177));
#13177 = ORIENTED_EDGE('',*,*,#13178,.T.);
#13178 = EDGE_CURVE('',#13179,#13179,#13181,.T.);
#13179 = VERTEX_POINT('',#13180);
#13180 = CARTESIAN_POINT('',(136.5,-79.88,0.));
#13181 = CIRCLE('',#13182,0.15);
#13182 = AXIS2_PLACEMENT_3D('',#13183,#13184,#13185);
#13183 = CARTESIAN_POINT('',(136.5,-79.73,0.));
#13184 = DIRECTION('',(-0.,0.,-1.));
#13185 = DIRECTION('',(-0.,-1.,0.));
#13186 = FACE_BOUND('',#13187,.F.);
#13187 = EDGE_LOOP('',(#13188));
#13188 = ORIENTED_EDGE('',*,*,#13189,.T.);
#13189 = EDGE_CURVE('',#13190,#13190,#13192,.T.);
#13190 = VERTEX_POINT('',#13191);
#13191 = CARTESIAN_POINT('',(130.02,-75.15,0.));
#13192 = CIRCLE('',#13193,0.15);
#13193 = AXIS2_PLACEMENT_3D('',#13194,#13195,#13196);
#13194 = CARTESIAN_POINT('',(130.02,-75.,0.));
#13195 = DIRECTION('',(-0.,0.,-1.));
#13196 = DIRECTION('',(1.894780628694E-13,-1.,-0.));
#13197 = FACE_BOUND('',#13198,.F.);
#13198 = EDGE_LOOP('',(#13199));
#13199 = ORIENTED_EDGE('',*,*,#13200,.T.);
#13200 = EDGE_CURVE('',#13201,#13201,#13203,.T.);
#13201 = VERTEX_POINT('',#13202);
#13202 = CARTESIAN_POINT('',(130.98,-75.15,0.));
#13203 = CIRCLE('',#13204,0.15);
#13204 = AXIS2_PLACEMENT_3D('',#13205,#13206,#13207);
#13205 = CARTESIAN_POINT('',(130.98,-75.,0.));
#13206 = DIRECTION('',(-0.,0.,-1.));
#13207 = DIRECTION('',(-1.894780628694E-13,-1.,0.));
#13208 = FACE_BOUND('',#13209,.F.);
#13209 = EDGE_LOOP('',(#13210));
#13210 = ORIENTED_EDGE('',*,*,#13211,.T.);
#13211 = EDGE_CURVE('',#13212,#13212,#13214,.T.);
#13212 = VERTEX_POINT('',#13213);
#13213 = CARTESIAN_POINT('',(132.76,-75.15,0.));
#13214 = CIRCLE('',#13215,0.15);
#13215 = AXIS2_PLACEMENT_3D('',#13216,#13217,#13218);
#13216 = CARTESIAN_POINT('',(132.76,-75.,0.));
#13217 = DIRECTION('',(-0.,0.,-1.));
#13218 = DIRECTION('',(-0.,-1.,0.));
#13219 = FACE_BOUND('',#13220,.F.);
#13220 = EDGE_LOOP('',(#13221));
#13221 = ORIENTED_EDGE('',*,*,#13222,.T.);
#13222 = EDGE_CURVE('',#13223,#13223,#13225,.T.);
#13223 = VERTEX_POINT('',#13224);
#13224 = CARTESIAN_POINT('',(130.,-72.65,0.));
#13225 = CIRCLE('',#13226,0.15);
#13226 = AXIS2_PLACEMENT_3D('',#13227,#13228,#13229);
#13227 = CARTESIAN_POINT('',(130.,-72.5,0.));
#13228 = DIRECTION('',(-0.,0.,-1.));
#13229 = DIRECTION('',(-0.,-1.,0.));
#13230 = FACE_BOUND('',#13231,.F.);
#13231 = EDGE_LOOP('',(#13232));
#13232 = ORIENTED_EDGE('',*,*,#13233,.T.);
#13233 = EDGE_CURVE('',#13234,#13234,#13236,.T.);
#13234 = VERTEX_POINT('',#13235);
#13235 = CARTESIAN_POINT('',(133.78,-77.15,0.));
#13236 = CIRCLE('',#13237,0.15);
#13237 = AXIS2_PLACEMENT_3D('',#13238,#13239,#13240);
#13238 = CARTESIAN_POINT('',(133.78,-77.,0.));
#13239 = DIRECTION('',(-0.,0.,-1.));
#13240 = DIRECTION('',(-0.,-1.,0.));
#13241 = FACE_BOUND('',#13242,.F.);
#13242 = EDGE_LOOP('',(#13243));
#13243 = ORIENTED_EDGE('',*,*,#13244,.T.);
#13244 = EDGE_CURVE('',#13245,#13245,#13247,.T.);
#13245 = VERTEX_POINT('',#13246);
#13246 = CARTESIAN_POINT('',(133.78,-75.15,0.));
#13247 = CIRCLE('',#13248,0.15);
#13248 = AXIS2_PLACEMENT_3D('',#13249,#13250,#13251);
#13249 = CARTESIAN_POINT('',(133.78,-75.,0.));
#13250 = DIRECTION('',(-0.,0.,-1.));
#13251 = DIRECTION('',(-0.,-1.,0.));
#13252 = FACE_BOUND('',#13253,.F.);
#13253 = EDGE_LOOP('',(#13254));
#13254 = ORIENTED_EDGE('',*,*,#13255,.T.);
#13255 = EDGE_CURVE('',#13256,#13256,#13258,.T.);
#13256 = VERTEX_POINT('',#13257);
#13257 = CARTESIAN_POINT('',(136.5,-75.15,0.));
#13258 = CIRCLE('',#13259,0.15);
#13259 = AXIS2_PLACEMENT_3D('',#13260,#13261,#13262);
#13260 = CARTESIAN_POINT('',(136.5,-75.,0.));
#13261 = DIRECTION('',(-0.,0.,-1.));
#13262 = DIRECTION('',(-0.,-1.,0.));
#13263 = FACE_BOUND('',#13264,.F.);
#13264 = EDGE_LOOP('',(#13265));
#13265 = ORIENTED_EDGE('',*,*,#13266,.T.);
#13266 = EDGE_CURVE('',#13267,#13267,#13269,.T.);
#13267 = VERTEX_POINT('',#13268);
#13268 = CARTESIAN_POINT('',(134.,-72.65,0.));
#13269 = CIRCLE('',#13270,0.15);
#13270 = AXIS2_PLACEMENT_3D('',#13271,#13272,#13273);
#13271 = CARTESIAN_POINT('',(134.,-72.5,0.));
#13272 = DIRECTION('',(-0.,0.,-1.));
#13273 = DIRECTION('',(-0.,-1.,0.));
#13274 = FACE_BOUND('',#13275,.F.);
#13275 = EDGE_LOOP('',(#13276));
#13276 = ORIENTED_EDGE('',*,*,#13277,.T.);
#13277 = EDGE_CURVE('',#13278,#13278,#13280,.T.);
#13278 = VERTEX_POINT('',#13279);
#13279 = CARTESIAN_POINT('',(142.83,-83.55,0.));
#13280 = CIRCLE('',#13281,0.6);
#13281 = AXIS2_PLACEMENT_3D('',#13282,#13283,#13284);
#13282 = CARTESIAN_POINT('',(142.83,-82.95,0.));
#13283 = DIRECTION('',(-0.,0.,-1.));
#13284 = DIRECTION('',(4.736951571734E-14,-1.,-0.));
#13285 = FACE_BOUND('',#13286,.F.);
#13286 = EDGE_LOOP('',(#13287));
#13287 = ORIENTED_EDGE('',*,*,#13288,.T.);
#13288 = EDGE_CURVE('',#13289,#13289,#13291,.T.);
#13289 = VERTEX_POINT('',#13290);
#13290 = CARTESIAN_POINT('',(142.83,-80.05,0.));
#13291 = CIRCLE('',#13292,0.6);
#13292 = AXIS2_PLACEMENT_3D('',#13293,#13294,#13295);
#13293 = CARTESIAN_POINT('',(142.83,-79.45,0.));
#13294 = DIRECTION('',(-0.,0.,-1.));
#13295 = DIRECTION('',(4.736951571734E-14,-1.,-0.));
#13296 = FACE_BOUND('',#13297,.F.);
#13297 = EDGE_LOOP('',(#13298));
#13298 = ORIENTED_EDGE('',*,*,#13299,.T.);
#13299 = EDGE_CURVE('',#13300,#13300,#13302,.T.);
#13300 = VERTEX_POINT('',#13301);
#13301 = CARTESIAN_POINT('',(142.83,-76.55,0.));
#13302 = CIRCLE('',#13303,0.6);
#13303 = AXIS2_PLACEMENT_3D('',#13304,#13305,#13306);
#13304 = CARTESIAN_POINT('',(142.83,-75.95,0.));
#13305 = DIRECTION('',(-0.,0.,-1.));
#13306 = DIRECTION('',(4.736951571734E-14,-1.,-0.));
#13307 = FACE_BOUND('',#13308,.F.);
#13308 = EDGE_LOOP('',(#13309));
#13309 = ORIENTED_EDGE('',*,*,#13310,.T.);
#13310 = EDGE_CURVE('',#13311,#13311,#13313,.T.);
#13311 = VERTEX_POINT('',#13312);
#13312 = CARTESIAN_POINT('',(142.83,-73.05,0.));
#13313 = CIRCLE('',#13314,0.6);
#13314 = AXIS2_PLACEMENT_3D('',#13315,#13316,#13317);
#13315 = CARTESIAN_POINT('',(142.83,-72.45,0.));
#13316 = DIRECTION('',(-0.,0.,-1.));
#13317 = DIRECTION('',(4.736951571734E-14,-1.,-0.));
#13318 = FACE_BOUND('',#13319,.F.);
#13319 = EDGE_LOOP('',(#13320));
#13320 = ORIENTED_EDGE('',*,*,#13321,.T.);
#13321 = EDGE_CURVE('',#13322,#13322,#13324,.T.);
#13322 = VERTEX_POINT('',#13323);
#13323 = CARTESIAN_POINT('',(135.5,-70.15,0.));
#13324 = CIRCLE('',#13325,0.15);
#13325 = AXIS2_PLACEMENT_3D('',#13326,#13327,#13328);
#13326 = CARTESIAN_POINT('',(135.5,-70.,0.));
#13327 = DIRECTION('',(-0.,0.,-1.));
#13328 = DIRECTION('',(-0.,-1.,0.));
#13329 = FACE_BOUND('',#13330,.F.);
#13330 = EDGE_LOOP('',(#13331));
#13331 = ORIENTED_EDGE('',*,*,#13332,.T.);
#13332 = EDGE_CURVE('',#13333,#13333,#13335,.T.);
#13333 = VERTEX_POINT('',#13334);
#13334 = CARTESIAN_POINT('',(129.92,-65.15,0.));
#13335 = CIRCLE('',#13336,0.65);
#13336 = AXIS2_PLACEMENT_3D('',#13337,#13338,#13339);
#13337 = CARTESIAN_POINT('',(129.92,-64.5,0.));
#13338 = DIRECTION('',(-0.,0.,-1.));
#13339 = DIRECTION('',(-4.372570681601E-14,-1.,0.));
#13340 = FACE_BOUND('',#13341,.F.);
#13341 = EDGE_LOOP('',(#13342));
#13342 = ORIENTED_EDGE('',*,*,#13343,.T.);
#13343 = EDGE_CURVE('',#13344,#13344,#13346,.T.);
#13344 = VERTEX_POINT('',#13345);
#13345 = CARTESIAN_POINT('',(135.,-65.15,0.));
#13346 = CIRCLE('',#13347,0.65);
#13347 = AXIS2_PLACEMENT_3D('',#13348,#13349,#13350);
#13348 = CARTESIAN_POINT('',(135.,-64.5,0.));
#13349 = DIRECTION('',(-0.,0.,-1.));
#13350 = DIRECTION('',(-0.,-1.,0.));
#13351 = FACE_BOUND('',#13352,.F.);
#13352 = EDGE_LOOP('',(#13353));
#13353 = ORIENTED_EDGE('',*,*,#13354,.T.);
#13354 = EDGE_CURVE('',#13355,#13355,#13357,.T.);
#13355 = VERTEX_POINT('',#13356);
#13356 = CARTESIAN_POINT('',(142.83,-69.55,0.));
#13357 = CIRCLE('',#13358,0.6);
#13358 = AXIS2_PLACEMENT_3D('',#13359,#13360,#13361);
#13359 = CARTESIAN_POINT('',(142.83,-68.95,0.));
#13360 = DIRECTION('',(-0.,0.,-1.));
#13361 = DIRECTION('',(4.736951571734E-14,-1.,-0.));
#13362 = FACE_BOUND('',#13363,.F.);
#13363 = EDGE_LOOP('',(#13364));
#13364 = ORIENTED_EDGE('',*,*,#13365,.T.);
#13365 = EDGE_CURVE('',#13366,#13366,#13368,.T.);
#13366 = VERTEX_POINT('',#13367);
#13367 = CARTESIAN_POINT('',(143.,-64.1,0.));
#13368 = CIRCLE('',#13369,1.6);
#13369 = AXIS2_PLACEMENT_3D('',#13370,#13371,#13372);
#13370 = CARTESIAN_POINT('',(143.,-62.5,0.));
#13371 = DIRECTION('',(-0.,0.,-1.));
#13372 = DIRECTION('',(-0.,-1.,0.));
#13373 = PLANE('',#13374);
#13374 = AXIS2_PLACEMENT_3D('',#13375,#13376,#13377);
#13375 = CARTESIAN_POINT('',(0.,0.,0.));
#13376 = DIRECTION('',(0.,0.,1.));
#13377 = DIRECTION('',(1.,0.,-0.));
#13378 = ADVANCED_FACE('',(#13379,#13390,#13401,#13412,#13423,#13434,
    #13445,#13456,#13467,#13478,#13489,#13500,#13511,#13522,#13533,
    #13544,#13555,#13566,#13577,#13588,#13599,#13610,#13621,#13632,
    #13643,#13654,#13665,#13676,#13687,#13698,#13709,#13720,#13731,
    #13742,#13753,#13764,#13775,#13786,#13797,#13808,#13819,#13830,
    #13841,#13852,#13863,#13874,#13885,#13896,#13907,#13918,#13929,
    #13940,#13951,#13962,#13973,#13984,#13995,#14006,#14017,#14028,
    #14039,#14050,#14061,#14072,#14083,#14094,#14105,#14116,#14127,
    #14138,#14149,#14160,#14171,#14182,#14193,#14204,#14215,#14226,
    #14237,#14248,#14259,#14270,#14281,#14292,#14303,#14314,#14325,
    #14336,#14347,#14358,#14369,#14380,#14391,#14402,#14413,#14424,
    #14435,#14446,#14457),#14468,.T.);
#13379 = FACE_BOUND('',#13380,.T.);
#13380 = EDGE_LOOP('',(#13381,#13382,#13383,#13389));
#13381 = ORIENTED_EDGE('',*,*,#12195,.F.);
#13382 = ORIENTED_EDGE('',*,*,#12235,.F.);
#13383 = ORIENTED_EDGE('',*,*,#13384,.F.);
#13384 = EDGE_CURVE('',#12258,#12228,#13385,.T.);
#13385 = LINE('',#13386,#13387);
#13386 = CARTESIAN_POINT('',(110.5,-57.5,1.51));
#13387 = VECTOR('',#13388,1.);
#13388 = DIRECTION('',(1.,0.,0.));
#13389 = ORIENTED_EDGE('',*,*,#12257,.F.);
#13390 = FACE_BOUND('',#13391,.T.);
#13391 = EDGE_LOOP('',(#13392));
#13392 = ORIENTED_EDGE('',*,*,#13393,.T.);
#13393 = EDGE_CURVE('',#13394,#13394,#13396,.T.);
#13394 = VERTEX_POINT('',#13395);
#13395 = CARTESIAN_POINT('',(114.18,-107.32,1.51));
#13396 = CIRCLE('',#13397,1.6);
#13397 = AXIS2_PLACEMENT_3D('',#13398,#13399,#13400);
#13398 = CARTESIAN_POINT('',(114.18,-105.72,1.51));
#13399 = DIRECTION('',(-0.,0.,-1.));
#13400 = DIRECTION('',(-0.,-1.,0.));
#13401 = FACE_BOUND('',#13402,.T.);
#13402 = EDGE_LOOP('',(#13403));
#13403 = ORIENTED_EDGE('',*,*,#13404,.T.);
#13404 = EDGE_CURVE('',#13405,#13405,#13407,.T.);
#13405 = VERTEX_POINT('',#13406);
#13406 = CARTESIAN_POINT('',(120.46,-92.14,1.51));
#13407 = CIRCLE('',#13408,0.15);
#13408 = AXIS2_PLACEMENT_3D('',#13409,#13410,#13411);
#13409 = CARTESIAN_POINT('',(120.46,-91.99,1.51));
#13410 = DIRECTION('',(-0.,0.,-1.));
#13411 = DIRECTION('',(-9.473903143469E-14,-1.,0.));
#13412 = FACE_BOUND('',#13413,.T.);
#13413 = EDGE_LOOP('',(#13414));
#13414 = ORIENTED_EDGE('',*,*,#13415,.T.);
#13415 = EDGE_CURVE('',#13416,#13416,#13418,.T.);
#13416 = VERTEX_POINT('',#13417);
#13417 = CARTESIAN_POINT('',(121.97,-90.42,1.51));
#13418 = CIRCLE('',#13419,0.15);
#13419 = AXIS2_PLACEMENT_3D('',#13420,#13421,#13422);
#13420 = CARTESIAN_POINT('',(121.97,-90.27,1.51));
#13421 = DIRECTION('',(-0.,0.,-1.));
#13422 = DIRECTION('',(-0.,-1.,0.));
#13423 = FACE_BOUND('',#13424,.T.);
#13424 = EDGE_LOOP('',(#13425));
#13425 = ORIENTED_EDGE('',*,*,#13426,.T.);
#13426 = EDGE_CURVE('',#13427,#13427,#13429,.T.);
#13427 = VERTEX_POINT('',#13428);
#13428 = CARTESIAN_POINT('',(125.74,-92.74,1.51));
#13429 = CIRCLE('',#13430,0.15);
#13430 = AXIS2_PLACEMENT_3D('',#13431,#13432,#13433);
#13431 = CARTESIAN_POINT('',(125.74,-92.59,1.51));
#13432 = DIRECTION('',(-0.,0.,-1.));
#13433 = DIRECTION('',(-9.473903143469E-14,-1.,0.));
#13434 = FACE_BOUND('',#13435,.T.);
#13435 = EDGE_LOOP('',(#13436));
#13436 = ORIENTED_EDGE('',*,*,#13437,.T.);
#13437 = EDGE_CURVE('',#13438,#13438,#13440,.T.);
#13438 = VERTEX_POINT('',#13439);
#13439 = CARTESIAN_POINT('',(125.36,-90.79,1.51));
#13440 = CIRCLE('',#13441,0.15);
#13441 = AXIS2_PLACEMENT_3D('',#13442,#13443,#13444);
#13442 = CARTESIAN_POINT('',(125.36,-90.64,1.51));
#13443 = DIRECTION('',(-0.,0.,-1.));
#13444 = DIRECTION('',(-0.,-1.,0.));
#13445 = FACE_BOUND('',#13446,.T.);
#13446 = EDGE_LOOP('',(#13447));
#13447 = ORIENTED_EDGE('',*,*,#13448,.T.);
#13448 = EDGE_CURVE('',#13449,#13449,#13451,.T.);
#13449 = VERTEX_POINT('',#13450);
#13450 = CARTESIAN_POINT('',(127.,-87.15,1.51));
#13451 = CIRCLE('',#13452,0.15);
#13452 = AXIS2_PLACEMENT_3D('',#13453,#13454,#13455);
#13453 = CARTESIAN_POINT('',(127.,-87.,1.51));
#13454 = DIRECTION('',(-0.,0.,-1.));
#13455 = DIRECTION('',(-0.,-1.,0.));
#13456 = FACE_BOUND('',#13457,.T.);
#13457 = EDGE_LOOP('',(#13458));
#13458 = ORIENTED_EDGE('',*,*,#13459,.T.);
#13459 = EDGE_CURVE('',#13460,#13460,#13462,.T.);
#13460 = VERTEX_POINT('',#13461);
#13461 = CARTESIAN_POINT('',(143.62,-107.37,1.51));
#13462 = CIRCLE('',#13463,1.6);
#13463 = AXIS2_PLACEMENT_3D('',#13464,#13465,#13466);
#13464 = CARTESIAN_POINT('',(143.62,-105.77,1.51));
#13465 = DIRECTION('',(-0.,0.,-1.));
#13466 = DIRECTION('',(-0.,-1.,0.));
#13467 = FACE_BOUND('',#13468,.T.);
#13468 = EDGE_LOOP('',(#13469));
#13469 = ORIENTED_EDGE('',*,*,#13470,.T.);
#13470 = EDGE_CURVE('',#13471,#13471,#13473,.T.);
#13471 = VERTEX_POINT('',#13472);
#13472 = CARTESIAN_POINT('',(141.59125,-96.87125,1.51));
#13473 = CIRCLE('',#13474,1.E-01);
#13474 = AXIS2_PLACEMENT_3D('',#13475,#13476,#13477);
#13475 = CARTESIAN_POINT('',(141.59125,-96.77125,1.51));
#13476 = DIRECTION('',(-0.,0.,-1.));
#13477 = DIRECTION('',(-0.,-1.,0.));
#13478 = FACE_BOUND('',#13479,.T.);
#13479 = EDGE_LOOP('',(#13480));
#13480 = ORIENTED_EDGE('',*,*,#13481,.T.);
#13481 = EDGE_CURVE('',#13482,#13482,#13484,.T.);
#13482 = VERTEX_POINT('',#13483);
#13483 = CARTESIAN_POINT('',(141.59125,-95.87125,1.51));
#13484 = CIRCLE('',#13485,1.E-01);
#13485 = AXIS2_PLACEMENT_3D('',#13486,#13487,#13488);
#13486 = CARTESIAN_POINT('',(141.59125,-95.77125,1.51));
#13487 = DIRECTION('',(-0.,0.,-1.));
#13488 = DIRECTION('',(-0.,-1.,0.));
#13489 = FACE_BOUND('',#13490,.T.);
#13490 = EDGE_LOOP('',(#13491));
#13491 = ORIENTED_EDGE('',*,*,#13492,.T.);
#13492 = EDGE_CURVE('',#13493,#13493,#13495,.T.);
#13493 = VERTEX_POINT('',#13494);
#13494 = CARTESIAN_POINT('',(142.59125,-96.87125,1.51));
#13495 = CIRCLE('',#13496,1.E-01);
#13496 = AXIS2_PLACEMENT_3D('',#13497,#13498,#13499);
#13497 = CARTESIAN_POINT('',(142.59125,-96.77125,1.51));
#13498 = DIRECTION('',(-0.,0.,-1.));
#13499 = DIRECTION('',(-0.,-1.,0.));
#13500 = FACE_BOUND('',#13501,.T.);
#13501 = EDGE_LOOP('',(#13502));
#13502 = ORIENTED_EDGE('',*,*,#13503,.T.);
#13503 = EDGE_CURVE('',#13504,#13504,#13506,.T.);
#13504 = VERTEX_POINT('',#13505);
#13505 = CARTESIAN_POINT('',(142.59125,-95.87125,1.51));
#13506 = CIRCLE('',#13507,1.E-01);
#13507 = AXIS2_PLACEMENT_3D('',#13508,#13509,#13510);
#13508 = CARTESIAN_POINT('',(142.59125,-95.77125,1.51));
#13509 = DIRECTION('',(-0.,0.,-1.));
#13510 = DIRECTION('',(-0.,-1.,0.));
#13511 = FACE_BOUND('',#13512,.T.);
#13512 = EDGE_LOOP('',(#13513));
#13513 = ORIENTED_EDGE('',*,*,#13514,.T.);
#13514 = EDGE_CURVE('',#13515,#13515,#13517,.T.);
#13515 = VERTEX_POINT('',#13516);
#13516 = CARTESIAN_POINT('',(143.59125,-96.87125,1.51));
#13517 = CIRCLE('',#13518,1.E-01);
#13518 = AXIS2_PLACEMENT_3D('',#13519,#13520,#13521);
#13519 = CARTESIAN_POINT('',(143.59125,-96.77125,1.51));
#13520 = DIRECTION('',(-0.,0.,-1.));
#13521 = DIRECTION('',(-0.,-1.,0.));
#13522 = FACE_BOUND('',#13523,.T.);
#13523 = EDGE_LOOP('',(#13524));
#13524 = ORIENTED_EDGE('',*,*,#13525,.T.);
#13525 = EDGE_CURVE('',#13526,#13526,#13528,.T.);
#13526 = VERTEX_POINT('',#13527);
#13527 = CARTESIAN_POINT('',(143.59125,-95.87125,1.51));
#13528 = CIRCLE('',#13529,1.E-01);
#13529 = AXIS2_PLACEMENT_3D('',#13530,#13531,#13532);
#13530 = CARTESIAN_POINT('',(143.59125,-95.77125,1.51));
#13531 = DIRECTION('',(-0.,0.,-1.));
#13532 = DIRECTION('',(-0.,-1.,0.));
#13533 = FACE_BOUND('',#13534,.T.);
#13534 = EDGE_LOOP('',(#13535));
#13535 = ORIENTED_EDGE('',*,*,#13536,.T.);
#13536 = EDGE_CURVE('',#13537,#13537,#13539,.T.);
#13537 = VERTEX_POINT('',#13538);
#13538 = CARTESIAN_POINT('',(146.01,-95.9,1.51));
#13539 = CIRCLE('',#13540,0.15);
#13540 = AXIS2_PLACEMENT_3D('',#13541,#13542,#13543);
#13541 = CARTESIAN_POINT('',(146.01,-95.75,1.51));
#13542 = DIRECTION('',(-0.,0.,-1.));
#13543 = DIRECTION('',(-0.,-1.,0.));
#13544 = FACE_BOUND('',#13545,.T.);
#13545 = EDGE_LOOP('',(#13546));
#13546 = ORIENTED_EDGE('',*,*,#13547,.T.);
#13547 = EDGE_CURVE('',#13548,#13548,#13550,.T.);
#13548 = VERTEX_POINT('',#13549);
#13549 = CARTESIAN_POINT('',(133.39,-93.19,1.51));
#13550 = CIRCLE('',#13551,0.15);
#13551 = AXIS2_PLACEMENT_3D('',#13552,#13553,#13554);
#13552 = CARTESIAN_POINT('',(133.39,-93.04,1.51));
#13553 = DIRECTION('',(-0.,0.,-1.));
#13554 = DIRECTION('',(-0.,-1.,0.));
#13555 = FACE_BOUND('',#13556,.T.);
#13556 = EDGE_LOOP('',(#13557));
#13557 = ORIENTED_EDGE('',*,*,#13558,.T.);
#13558 = EDGE_CURVE('',#13559,#13559,#13561,.T.);
#13559 = VERTEX_POINT('',#13560);
#13560 = CARTESIAN_POINT('',(137.18,-95.46,1.51));
#13561 = CIRCLE('',#13562,0.15);
#13562 = AXIS2_PLACEMENT_3D('',#13563,#13564,#13565);
#13563 = CARTESIAN_POINT('',(137.18,-95.31,1.51));
#13564 = DIRECTION('',(-0.,0.,-1.));
#13565 = DIRECTION('',(-0.,-1.,0.));
#13566 = FACE_BOUND('',#13567,.T.);
#13567 = EDGE_LOOP('',(#13568));
#13568 = ORIENTED_EDGE('',*,*,#13569,.T.);
#13569 = EDGE_CURVE('',#13570,#13570,#13572,.T.);
#13570 = VERTEX_POINT('',#13571);
#13571 = CARTESIAN_POINT('',(135.58,-92.46,1.51));
#13572 = CIRCLE('',#13573,0.15);
#13573 = AXIS2_PLACEMENT_3D('',#13574,#13575,#13576);
#13574 = CARTESIAN_POINT('',(135.58,-92.31,1.51));
#13575 = DIRECTION('',(-0.,0.,-1.));
#13576 = DIRECTION('',(1.894780628693E-13,-1.,-0.));
#13577 = FACE_BOUND('',#13578,.T.);
#13578 = EDGE_LOOP('',(#13579));
#13579 = ORIENTED_EDGE('',*,*,#13580,.T.);
#13580 = EDGE_CURVE('',#13581,#13581,#13583,.T.);
#13581 = VERTEX_POINT('',#13582);
#13582 = CARTESIAN_POINT('',(136.86,-90.91,1.51));
#13583 = CIRCLE('',#13584,0.15);
#13584 = AXIS2_PLACEMENT_3D('',#13585,#13586,#13587);
#13585 = CARTESIAN_POINT('',(136.86,-90.76,1.51));
#13586 = DIRECTION('',(-0.,0.,-1.));
#13587 = DIRECTION('',(-0.,-1.,0.));
#13588 = FACE_BOUND('',#13589,.T.);
#13589 = EDGE_LOOP('',(#13590));
#13590 = ORIENTED_EDGE('',*,*,#13591,.T.);
#13591 = EDGE_CURVE('',#13592,#13592,#13594,.T.);
#13592 = VERTEX_POINT('',#13593);
#13593 = CARTESIAN_POINT('',(130.,-88.165,1.51));
#13594 = CIRCLE('',#13595,0.15);
#13595 = AXIS2_PLACEMENT_3D('',#13596,#13597,#13598);
#13596 = CARTESIAN_POINT('',(130.,-88.015,1.51));
#13597 = DIRECTION('',(-0.,0.,-1.));
#13598 = DIRECTION('',(-0.,-1.,0.));
#13599 = FACE_BOUND('',#13600,.T.);
#13600 = EDGE_LOOP('',(#13601));
#13601 = ORIENTED_EDGE('',*,*,#13602,.T.);
#13602 = EDGE_CURVE('',#13603,#13603,#13605,.T.);
#13603 = VERTEX_POINT('',#13604);
#13604 = CARTESIAN_POINT('',(131.739188,-89.251879,1.51));
#13605 = CIRCLE('',#13606,0.15);
#13606 = AXIS2_PLACEMENT_3D('',#13607,#13608,#13609);
#13607 = CARTESIAN_POINT('',(131.739188,-89.101879,1.51));
#13608 = DIRECTION('',(-0.,0.,-1.));
#13609 = DIRECTION('',(-0.,-1.,0.));
#13610 = FACE_BOUND('',#13611,.T.);
#13611 = EDGE_LOOP('',(#13612));
#13612 = ORIENTED_EDGE('',*,*,#13613,.T.);
#13613 = EDGE_CURVE('',#13614,#13614,#13616,.T.);
#13614 = VERTEX_POINT('',#13615);
#13615 = CARTESIAN_POINT('',(132.47,-89.66,1.51));
#13616 = CIRCLE('',#13617,0.15);
#13617 = AXIS2_PLACEMENT_3D('',#13618,#13619,#13620);
#13618 = CARTESIAN_POINT('',(132.47,-89.51,1.51));
#13619 = DIRECTION('',(-0.,0.,-1.));
#13620 = DIRECTION('',(-0.,-1.,0.));
#13621 = FACE_BOUND('',#13622,.T.);
#13622 = EDGE_LOOP('',(#13623));
#13623 = ORIENTED_EDGE('',*,*,#13624,.T.);
#13624 = EDGE_CURVE('',#13625,#13625,#13627,.T.);
#13625 = VERTEX_POINT('',#13626);
#13626 = CARTESIAN_POINT('',(132.8,-87.8,1.51));
#13627 = CIRCLE('',#13628,0.15);
#13628 = AXIS2_PLACEMENT_3D('',#13629,#13630,#13631);
#13629 = CARTESIAN_POINT('',(132.8,-87.65,1.51));
#13630 = DIRECTION('',(-0.,0.,-1.));
#13631 = DIRECTION('',(-0.,-1.,0.));
#13632 = FACE_BOUND('',#13633,.T.);
#13633 = EDGE_LOOP('',(#13634));
#13634 = ORIENTED_EDGE('',*,*,#13635,.T.);
#13635 = EDGE_CURVE('',#13636,#13636,#13638,.T.);
#13636 = VERTEX_POINT('',#13637);
#13637 = CARTESIAN_POINT('',(129.8625,-84.4,1.51));
#13638 = CIRCLE('',#13639,0.1);
#13639 = AXIS2_PLACEMENT_3D('',#13640,#13641,#13642);
#13640 = CARTESIAN_POINT('',(129.8625,-84.3,1.51));
#13641 = DIRECTION('',(-0.,0.,-1.));
#13642 = DIRECTION('',(-0.,-1.,0.));
#13643 = FACE_BOUND('',#13644,.T.);
#13644 = EDGE_LOOP('',(#13645));
#13645 = ORIENTED_EDGE('',*,*,#13646,.T.);
#13646 = EDGE_CURVE('',#13647,#13647,#13649,.T.);
#13647 = VERTEX_POINT('',#13648);
#13648 = CARTESIAN_POINT('',(130.8625,-84.4,1.51));
#13649 = CIRCLE('',#13650,0.1);
#13650 = AXIS2_PLACEMENT_3D('',#13651,#13652,#13653);
#13651 = CARTESIAN_POINT('',(130.8625,-84.3,1.51));
#13652 = DIRECTION('',(-0.,0.,-1.));
#13653 = DIRECTION('',(-0.,-1.,0.));
#13654 = FACE_BOUND('',#13655,.T.);
#13655 = EDGE_LOOP('',(#13656));
#13656 = ORIENTED_EDGE('',*,*,#13657,.T.);
#13657 = EDGE_CURVE('',#13658,#13658,#13660,.T.);
#13658 = VERTEX_POINT('',#13659);
#13659 = CARTESIAN_POINT('',(131.8625,-84.4,1.51));
#13660 = CIRCLE('',#13661,0.1);
#13661 = AXIS2_PLACEMENT_3D('',#13662,#13663,#13664);
#13662 = CARTESIAN_POINT('',(131.8625,-84.3,1.51));
#13663 = DIRECTION('',(-0.,0.,-1.));
#13664 = DIRECTION('',(-0.,-1.,0.));
#13665 = FACE_BOUND('',#13666,.T.);
#13666 = EDGE_LOOP('',(#13667));
#13667 = ORIENTED_EDGE('',*,*,#13668,.T.);
#13668 = EDGE_CURVE('',#13669,#13669,#13671,.T.);
#13669 = VERTEX_POINT('',#13670);
#13670 = CARTESIAN_POINT('',(134.,-88.69,1.51));
#13671 = CIRCLE('',#13672,0.15);
#13672 = AXIS2_PLACEMENT_3D('',#13673,#13674,#13675);
#13673 = CARTESIAN_POINT('',(134.,-88.54,1.51));
#13674 = DIRECTION('',(-0.,0.,-1.));
#13675 = DIRECTION('',(-0.,-1.,0.));
#13676 = FACE_BOUND('',#13677,.T.);
#13677 = EDGE_LOOP('',(#13678));
#13678 = ORIENTED_EDGE('',*,*,#13679,.T.);
#13679 = EDGE_CURVE('',#13680,#13680,#13682,.T.);
#13680 = VERTEX_POINT('',#13681);
#13681 = CARTESIAN_POINT('',(136.02,-89.65,1.51));
#13682 = CIRCLE('',#13683,0.15);
#13683 = AXIS2_PLACEMENT_3D('',#13684,#13685,#13686);
#13684 = CARTESIAN_POINT('',(136.02,-89.5,1.51));
#13685 = DIRECTION('',(-0.,0.,-1.));
#13686 = DIRECTION('',(1.894780628694E-13,-1.,-0.));
#13687 = FACE_BOUND('',#13688,.T.);
#13688 = EDGE_LOOP('',(#13689));
#13689 = ORIENTED_EDGE('',*,*,#13690,.T.);
#13690 = EDGE_CURVE('',#13691,#13691,#13693,.T.);
#13691 = VERTEX_POINT('',#13692);
#13692 = CARTESIAN_POINT('',(136.98,-89.65,1.51));
#13693 = CIRCLE('',#13694,0.15);
#13694 = AXIS2_PLACEMENT_3D('',#13695,#13696,#13697);
#13695 = CARTESIAN_POINT('',(136.98,-89.5,1.51));
#13696 = DIRECTION('',(-0.,0.,-1.));
#13697 = DIRECTION('',(-1.894780628694E-13,-1.,0.));
#13698 = FACE_BOUND('',#13699,.T.);
#13699 = EDGE_LOOP('',(#13700));
#13700 = ORIENTED_EDGE('',*,*,#13701,.T.);
#13701 = EDGE_CURVE('',#13702,#13702,#13704,.T.);
#13702 = VERTEX_POINT('',#13703);
#13703 = CARTESIAN_POINT('',(137.03,-87.65,1.51));
#13704 = CIRCLE('',#13705,0.15);
#13705 = AXIS2_PLACEMENT_3D('',#13706,#13707,#13708);
#13706 = CARTESIAN_POINT('',(137.03,-87.5,1.51));
#13707 = DIRECTION('',(-0.,0.,-1.));
#13708 = DIRECTION('',(-0.,-1.,0.));
#13709 = FACE_BOUND('',#13710,.T.);
#13710 = EDGE_LOOP('',(#13711));
#13711 = ORIENTED_EDGE('',*,*,#13712,.T.);
#13712 = EDGE_CURVE('',#13713,#13713,#13715,.T.);
#13713 = VERTEX_POINT('',#13714);
#13714 = CARTESIAN_POINT('',(134.15,-86.36,1.51));
#13715 = CIRCLE('',#13716,0.15);
#13716 = AXIS2_PLACEMENT_3D('',#13717,#13718,#13719);
#13717 = CARTESIAN_POINT('',(134.15,-86.21,1.51));
#13718 = DIRECTION('',(-0.,0.,-1.));
#13719 = DIRECTION('',(-0.,-1.,0.));
#13720 = FACE_BOUND('',#13721,.T.);
#13721 = EDGE_LOOP('',(#13722));
#13722 = ORIENTED_EDGE('',*,*,#13723,.T.);
#13723 = EDGE_CURVE('',#13724,#13724,#13726,.T.);
#13724 = VERTEX_POINT('',#13725);
#13725 = CARTESIAN_POINT('',(136.,-84.15,1.51));
#13726 = CIRCLE('',#13727,0.15);
#13727 = AXIS2_PLACEMENT_3D('',#13728,#13729,#13730);
#13728 = CARTESIAN_POINT('',(136.,-84.,1.51));
#13729 = DIRECTION('',(-0.,0.,-1.));
#13730 = DIRECTION('',(-0.,-1.,0.));
#13731 = FACE_BOUND('',#13732,.T.);
#13732 = EDGE_LOOP('',(#13733));
#13733 = ORIENTED_EDGE('',*,*,#13734,.T.);
#13734 = EDGE_CURVE('',#13735,#13735,#13737,.T.);
#13735 = VERTEX_POINT('',#13736);
#13736 = CARTESIAN_POINT('',(141.59125,-94.87125,1.51));
#13737 = CIRCLE('',#13738,1.E-01);
#13738 = AXIS2_PLACEMENT_3D('',#13739,#13740,#13741);
#13739 = CARTESIAN_POINT('',(141.59125,-94.77125,1.51));
#13740 = DIRECTION('',(-0.,0.,-1.));
#13741 = DIRECTION('',(-0.,-1.,0.));
#13742 = FACE_BOUND('',#13743,.T.);
#13743 = EDGE_LOOP('',(#13744));
#13744 = ORIENTED_EDGE('',*,*,#13745,.T.);
#13745 = EDGE_CURVE('',#13746,#13746,#13748,.T.);
#13746 = VERTEX_POINT('',#13747);
#13747 = CARTESIAN_POINT('',(140.5,-93.,1.51));
#13748 = CIRCLE('',#13749,0.15);
#13749 = AXIS2_PLACEMENT_3D('',#13750,#13751,#13752);
#13750 = CARTESIAN_POINT('',(140.5,-92.85,1.51));
#13751 = DIRECTION('',(-0.,0.,-1.));
#13752 = DIRECTION('',(-0.,-1.,0.));
#13753 = FACE_BOUND('',#13754,.T.);
#13754 = EDGE_LOOP('',(#13755));
#13755 = ORIENTED_EDGE('',*,*,#13756,.T.);
#13756 = EDGE_CURVE('',#13757,#13757,#13759,.T.);
#13757 = VERTEX_POINT('',#13758);
#13758 = CARTESIAN_POINT('',(140.29,-91.32,1.51));
#13759 = CIRCLE('',#13760,0.15);
#13760 = AXIS2_PLACEMENT_3D('',#13761,#13762,#13763);
#13761 = CARTESIAN_POINT('',(140.29,-91.17,1.51));
#13762 = DIRECTION('',(-0.,0.,-1.));
#13763 = DIRECTION('',(-0.,-1.,0.));
#13764 = FACE_BOUND('',#13765,.T.);
#13765 = EDGE_LOOP('',(#13766));
#13766 = ORIENTED_EDGE('',*,*,#13767,.T.);
#13767 = EDGE_CURVE('',#13768,#13768,#13770,.T.);
#13768 = VERTEX_POINT('',#13769);
#13769 = CARTESIAN_POINT('',(142.59125,-94.87125,1.51));
#13770 = CIRCLE('',#13771,1.E-01);
#13771 = AXIS2_PLACEMENT_3D('',#13772,#13773,#13774);
#13772 = CARTESIAN_POINT('',(142.59125,-94.77125,1.51));
#13773 = DIRECTION('',(-0.,0.,-1.));
#13774 = DIRECTION('',(-0.,-1.,0.));
#13775 = FACE_BOUND('',#13776,.T.);
#13776 = EDGE_LOOP('',(#13777));
#13777 = ORIENTED_EDGE('',*,*,#13778,.T.);
#13778 = EDGE_CURVE('',#13779,#13779,#13781,.T.);
#13779 = VERTEX_POINT('',#13780);
#13780 = CARTESIAN_POINT('',(143.59125,-94.87125,1.51));
#13781 = CIRCLE('',#13782,1.E-01);
#13782 = AXIS2_PLACEMENT_3D('',#13783,#13784,#13785);
#13783 = CARTESIAN_POINT('',(143.59125,-94.77125,1.51));
#13784 = DIRECTION('',(-0.,0.,-1.));
#13785 = DIRECTION('',(-0.,-1.,0.));
#13786 = FACE_BOUND('',#13787,.T.);
#13787 = EDGE_LOOP('',(#13788));
#13788 = ORIENTED_EDGE('',*,*,#13789,.T.);
#13789 = EDGE_CURVE('',#13790,#13790,#13792,.T.);
#13790 = VERTEX_POINT('',#13791);
#13791 = CARTESIAN_POINT('',(143.91625,-93.62125,1.51));
#13792 = CIRCLE('',#13793,0.15);
#13793 = AXIS2_PLACEMENT_3D('',#13794,#13795,#13796);
#13794 = CARTESIAN_POINT('',(143.91625,-93.47125,1.51));
#13795 = DIRECTION('',(-0.,0.,-1.));
#13796 = DIRECTION('',(-0.,-1.,0.));
#13797 = FACE_BOUND('',#13798,.T.);
#13798 = EDGE_LOOP('',(#13799));
#13799 = ORIENTED_EDGE('',*,*,#13800,.T.);
#13800 = EDGE_CURVE('',#13801,#13801,#13803,.T.);
#13801 = VERTEX_POINT('',#13802);
#13802 = CARTESIAN_POINT('',(142.58,-91.39,1.51));
#13803 = CIRCLE('',#13804,0.15);
#13804 = AXIS2_PLACEMENT_3D('',#13805,#13806,#13807);
#13805 = CARTESIAN_POINT('',(142.58,-91.24,1.51));
#13806 = DIRECTION('',(-0.,0.,-1.));
#13807 = DIRECTION('',(1.894780628694E-13,-1.,-0.));
#13808 = FACE_BOUND('',#13809,.T.);
#13809 = EDGE_LOOP('',(#13810));
#13810 = ORIENTED_EDGE('',*,*,#13811,.T.);
#13811 = EDGE_CURVE('',#13812,#13812,#13814,.T.);
#13812 = VERTEX_POINT('',#13813);
#13813 = CARTESIAN_POINT('',(142.1,-90.72,1.51));
#13814 = CIRCLE('',#13815,0.15);
#13815 = AXIS2_PLACEMENT_3D('',#13816,#13817,#13818);
#13816 = CARTESIAN_POINT('',(142.1,-90.57,1.51));
#13817 = DIRECTION('',(-0.,0.,-1.));
#13818 = DIRECTION('',(-0.,-1.,0.));
#13819 = FACE_BOUND('',#13820,.T.);
#13820 = EDGE_LOOP('',(#13821));
#13821 = ORIENTED_EDGE('',*,*,#13822,.T.);
#13822 = EDGE_CURVE('',#13823,#13823,#13825,.T.);
#13823 = VERTEX_POINT('',#13824);
#13824 = CARTESIAN_POINT('',(139.55,-88.08,1.51));
#13825 = CIRCLE('',#13826,0.15);
#13826 = AXIS2_PLACEMENT_3D('',#13827,#13828,#13829);
#13827 = CARTESIAN_POINT('',(139.55,-87.93,1.51));
#13828 = DIRECTION('',(-0.,0.,-1.));
#13829 = DIRECTION('',(-0.,-1.,0.));
#13830 = FACE_BOUND('',#13831,.T.);
#13831 = EDGE_LOOP('',(#13832));
#13832 = ORIENTED_EDGE('',*,*,#13833,.T.);
#13833 = EDGE_CURVE('',#13834,#13834,#13836,.T.);
#13834 = VERTEX_POINT('',#13835);
#13835 = CARTESIAN_POINT('',(142.83,-87.05,1.51));
#13836 = CIRCLE('',#13837,0.6);
#13837 = AXIS2_PLACEMENT_3D('',#13838,#13839,#13840);
#13838 = CARTESIAN_POINT('',(142.83,-86.45,1.51));
#13839 = DIRECTION('',(-0.,0.,-1.));
#13840 = DIRECTION('',(4.736951571734E-14,-1.,-0.));
#13841 = FACE_BOUND('',#13842,.T.);
#13842 = EDGE_LOOP('',(#13843));
#13843 = ORIENTED_EDGE('',*,*,#13844,.T.);
#13844 = EDGE_CURVE('',#13845,#13845,#13847,.T.);
#13845 = VERTEX_POINT('',#13846);
#13846 = CARTESIAN_POINT('',(118.5,-75.65,1.51));
#13847 = CIRCLE('',#13848,0.15);
#13848 = AXIS2_PLACEMENT_3D('',#13849,#13850,#13851);
#13849 = CARTESIAN_POINT('',(118.5,-75.5,1.51));
#13850 = DIRECTION('',(-0.,0.,-1.));
#13851 = DIRECTION('',(-0.,-1.,0.));
#13852 = FACE_BOUND('',#13853,.T.);
#13853 = EDGE_LOOP('',(#13854));
#13854 = ORIENTED_EDGE('',*,*,#13855,.T.);
#13855 = EDGE_CURVE('',#13856,#13856,#13858,.T.);
#13856 = VERTEX_POINT('',#13857);
#13857 = CARTESIAN_POINT('',(122.13,-81.2,1.51));
#13858 = CIRCLE('',#13859,0.15);
#13859 = AXIS2_PLACEMENT_3D('',#13860,#13861,#13862);
#13860 = CARTESIAN_POINT('',(122.13,-81.05,1.51));
#13861 = DIRECTION('',(-0.,0.,-1.));
#13862 = DIRECTION('',(-0.,-1.,0.));
#13863 = FACE_BOUND('',#13864,.T.);
#13864 = EDGE_LOOP('',(#13865));
#13865 = ORIENTED_EDGE('',*,*,#13866,.T.);
#13866 = EDGE_CURVE('',#13867,#13867,#13869,.T.);
#13867 = VERTEX_POINT('',#13868);
#13868 = CARTESIAN_POINT('',(127.,-83.15,1.51));
#13869 = CIRCLE('',#13870,0.15);
#13870 = AXIS2_PLACEMENT_3D('',#13871,#13872,#13873);
#13871 = CARTESIAN_POINT('',(127.,-83.,1.51));
#13872 = DIRECTION('',(-0.,0.,-1.));
#13873 = DIRECTION('',(-0.,-1.,0.));
#13874 = FACE_BOUND('',#13875,.T.);
#13875 = EDGE_LOOP('',(#13876));
#13876 = ORIENTED_EDGE('',*,*,#13877,.T.);
#13877 = EDGE_CURVE('',#13878,#13878,#13880,.T.);
#13878 = VERTEX_POINT('',#13879);
#13879 = CARTESIAN_POINT('',(127.6,-80.23,1.51));
#13880 = CIRCLE('',#13881,0.15);
#13881 = AXIS2_PLACEMENT_3D('',#13882,#13883,#13884);
#13882 = CARTESIAN_POINT('',(127.6,-80.08,1.51));
#13883 = DIRECTION('',(-0.,0.,-1.));
#13884 = DIRECTION('',(-0.,-1.,0.));
#13885 = FACE_BOUND('',#13886,.T.);
#13886 = EDGE_LOOP('',(#13887));
#13887 = ORIENTED_EDGE('',*,*,#13888,.T.);
#13888 = EDGE_CURVE('',#13889,#13889,#13891,.T.);
#13889 = VERTEX_POINT('',#13890);
#13890 = CARTESIAN_POINT('',(129.,-79.7,1.51));
#13891 = CIRCLE('',#13892,0.15);
#13892 = AXIS2_PLACEMENT_3D('',#13893,#13894,#13895);
#13893 = CARTESIAN_POINT('',(129.,-79.55,1.51));
#13894 = DIRECTION('',(-0.,0.,-1.));
#13895 = DIRECTION('',(-0.,-1.,0.));
#13896 = FACE_BOUND('',#13897,.T.);
#13897 = EDGE_LOOP('',(#13898));
#13898 = ORIENTED_EDGE('',*,*,#13899,.T.);
#13899 = EDGE_CURVE('',#13900,#13900,#13902,.T.);
#13900 = VERTEX_POINT('',#13901);
#13901 = CARTESIAN_POINT('',(121.15,-77.11,1.51));
#13902 = CIRCLE('',#13903,0.15);
#13903 = AXIS2_PLACEMENT_3D('',#13904,#13905,#13906);
#13904 = CARTESIAN_POINT('',(121.15,-76.96,1.51));
#13905 = DIRECTION('',(-0.,0.,-1.));
#13906 = DIRECTION('',(-0.,-1.,0.));
#13907 = FACE_BOUND('',#13908,.T.);
#13908 = EDGE_LOOP('',(#13909));
#13909 = ORIENTED_EDGE('',*,*,#13910,.T.);
#13910 = EDGE_CURVE('',#13911,#13911,#13913,.T.);
#13911 = VERTEX_POINT('',#13912);
#13912 = CARTESIAN_POINT('',(123.,-75.65,1.51));
#13913 = CIRCLE('',#13914,0.15);
#13914 = AXIS2_PLACEMENT_3D('',#13915,#13916,#13917);
#13915 = CARTESIAN_POINT('',(123.,-75.5,1.51));
#13916 = DIRECTION('',(-0.,0.,-1.));
#13917 = DIRECTION('',(-0.,-1.,0.));
#13918 = FACE_BOUND('',#13919,.T.);
#13919 = EDGE_LOOP('',(#13920));
#13920 = ORIENTED_EDGE('',*,*,#13921,.T.);
#13921 = EDGE_CURVE('',#13922,#13922,#13924,.T.);
#13922 = VERTEX_POINT('',#13923);
#13923 = CARTESIAN_POINT('',(123.77,-77.71,1.51));
#13924 = CIRCLE('',#13925,0.15);
#13925 = AXIS2_PLACEMENT_3D('',#13926,#13927,#13928);
#13926 = CARTESIAN_POINT('',(123.77,-77.56,1.51));
#13927 = DIRECTION('',(-0.,0.,-1.));
#13928 = DIRECTION('',(-9.473903143469E-14,-1.,0.));
#13929 = FACE_BOUND('',#13930,.T.);
#13930 = EDGE_LOOP('',(#13931));
#13931 = ORIENTED_EDGE('',*,*,#13932,.T.);
#13932 = EDGE_CURVE('',#13933,#13933,#13935,.T.);
#13933 = VERTEX_POINT('',#13934);
#13934 = CARTESIAN_POINT('',(121.,-74.65,1.51));
#13935 = CIRCLE('',#13936,0.15);
#13936 = AXIS2_PLACEMENT_3D('',#13937,#13938,#13939);
#13937 = CARTESIAN_POINT('',(121.,-74.5,1.51));
#13938 = DIRECTION('',(-0.,0.,-1.));
#13939 = DIRECTION('',(-0.,-1.,0.));
#13940 = FACE_BOUND('',#13941,.T.);
#13941 = EDGE_LOOP('',(#13942));
#13942 = ORIENTED_EDGE('',*,*,#13943,.T.);
#13943 = EDGE_CURVE('',#13944,#13944,#13946,.T.);
#13944 = VERTEX_POINT('',#13945);
#13945 = CARTESIAN_POINT('',(123.,-74.65,1.51));
#13946 = CIRCLE('',#13947,0.15);
#13947 = AXIS2_PLACEMENT_3D('',#13948,#13949,#13950);
#13948 = CARTESIAN_POINT('',(123.,-74.5,1.51));
#13949 = DIRECTION('',(-0.,0.,-1.));
#13950 = DIRECTION('',(-0.,-1.,0.));
#13951 = FACE_BOUND('',#13952,.T.);
#13952 = EDGE_LOOP('',(#13953));
#13953 = ORIENTED_EDGE('',*,*,#13954,.T.);
#13954 = EDGE_CURVE('',#13955,#13955,#13957,.T.);
#13955 = VERTEX_POINT('',#13956);
#13956 = CARTESIAN_POINT('',(122.02,-72.63,1.51));
#13957 = CIRCLE('',#13958,0.15);
#13958 = AXIS2_PLACEMENT_3D('',#13959,#13960,#13961);
#13959 = CARTESIAN_POINT('',(122.02,-72.48,1.51));
#13960 = DIRECTION('',(-0.,0.,-1.));
#13961 = DIRECTION('',(-9.473903143469E-14,-1.,0.));
#13962 = FACE_BOUND('',#13963,.T.);
#13963 = EDGE_LOOP('',(#13964));
#13964 = ORIENTED_EDGE('',*,*,#13965,.T.);
#13965 = EDGE_CURVE('',#13966,#13966,#13968,.T.);
#13966 = VERTEX_POINT('',#13967);
#13967 = CARTESIAN_POINT('',(127.577468,-75.950797,1.51));
#13968 = CIRCLE('',#13969,0.15);
#13969 = AXIS2_PLACEMENT_3D('',#13970,#13971,#13972);
#13970 = CARTESIAN_POINT('',(127.577468,-75.800797,1.51));
#13971 = DIRECTION('',(-0.,0.,-1.));
#13972 = DIRECTION('',(-9.473903143469E-14,-1.,0.));
#13973 = FACE_BOUND('',#13974,.T.);
#13974 = EDGE_LOOP('',(#13975));
#13975 = ORIENTED_EDGE('',*,*,#13976,.T.);
#13976 = EDGE_CURVE('',#13977,#13977,#13979,.T.);
#13977 = VERTEX_POINT('',#13978);
#13978 = CARTESIAN_POINT('',(127.5,-74.65,1.51));
#13979 = CIRCLE('',#13980,0.15);
#13980 = AXIS2_PLACEMENT_3D('',#13981,#13982,#13983);
#13981 = CARTESIAN_POINT('',(127.5,-74.5,1.51));
#13982 = DIRECTION('',(-0.,0.,-1.));
#13983 = DIRECTION('',(-0.,-1.,0.));
#13984 = FACE_BOUND('',#13985,.T.);
#13985 = EDGE_LOOP('',(#13986));
#13986 = ORIENTED_EDGE('',*,*,#13987,.T.);
#13987 = EDGE_CURVE('',#13988,#13988,#13990,.T.);
#13988 = VERTEX_POINT('',#13989);
#13989 = CARTESIAN_POINT('',(115.,-69.798615,1.51));
#13990 = CIRCLE('',#13991,0.15);
#13991 = AXIS2_PLACEMENT_3D('',#13992,#13993,#13994);
#13992 = CARTESIAN_POINT('',(115.,-69.648615,1.51));
#13993 = DIRECTION('',(-0.,0.,-1.));
#13994 = DIRECTION('',(-0.,-1.,0.));
#13995 = FACE_BOUND('',#13996,.T.);
#13996 = EDGE_LOOP('',(#13997));
#13997 = ORIENTED_EDGE('',*,*,#13998,.T.);
#13998 = EDGE_CURVE('',#13999,#13999,#14001,.T.);
#13999 = VERTEX_POINT('',#14000);
#14000 = CARTESIAN_POINT('',(116.190285,-69.876949,1.51));
#14001 = CIRCLE('',#14002,0.15);
#14002 = AXIS2_PLACEMENT_3D('',#14003,#14004,#14005);
#14003 = CARTESIAN_POINT('',(116.190285,-69.726949,1.51));
#14004 = DIRECTION('',(-0.,0.,-1.));
#14005 = DIRECTION('',(9.473903143468E-14,-1.,-0.));
#14006 = FACE_BOUND('',#14007,.T.);
#14007 = EDGE_LOOP('',(#14008));
#14008 = ORIENTED_EDGE('',*,*,#14009,.T.);
#14009 = EDGE_CURVE('',#14010,#14010,#14012,.T.);
#14010 = VERTEX_POINT('',#14011);
#14011 = CARTESIAN_POINT('',(116.,-66.65,1.51));
#14012 = CIRCLE('',#14013,0.15);
#14013 = AXIS2_PLACEMENT_3D('',#14014,#14015,#14016);
#14014 = CARTESIAN_POINT('',(116.,-66.5,1.51));
#14015 = DIRECTION('',(-0.,0.,-1.));
#14016 = DIRECTION('',(-0.,-1.,0.));
#14017 = FACE_BOUND('',#14018,.T.);
#14018 = EDGE_LOOP('',(#14019));
#14019 = ORIENTED_EDGE('',*,*,#14020,.T.);
#14020 = EDGE_CURVE('',#14021,#14021,#14023,.T.);
#14021 = VERTEX_POINT('',#14022);
#14022 = CARTESIAN_POINT('',(115.,-64.1,1.51));
#14023 = CIRCLE('',#14024,1.6);
#14024 = AXIS2_PLACEMENT_3D('',#14025,#14026,#14027);
#14025 = CARTESIAN_POINT('',(115.,-62.5,1.51));
#14026 = DIRECTION('',(-0.,0.,-1.));
#14027 = DIRECTION('',(-0.,-1.,0.));
#14028 = FACE_BOUND('',#14029,.T.);
#14029 = EDGE_LOOP('',(#14030));
#14030 = ORIENTED_EDGE('',*,*,#14031,.T.);
#14031 = EDGE_CURVE('',#14032,#14032,#14034,.T.);
#14032 = VERTEX_POINT('',#14033);
#14033 = CARTESIAN_POINT('',(121.5,-70.55,1.51));
#14034 = CIRCLE('',#14035,0.15);
#14035 = AXIS2_PLACEMENT_3D('',#14036,#14037,#14038);
#14036 = CARTESIAN_POINT('',(121.5,-70.4,1.51));
#14037 = DIRECTION('',(-0.,0.,-1.));
#14038 = DIRECTION('',(-0.,-1.,0.));
#14039 = FACE_BOUND('',#14040,.T.);
#14040 = EDGE_LOOP('',(#14041));
#14041 = ORIENTED_EDGE('',*,*,#14042,.T.);
#14042 = EDGE_CURVE('',#14043,#14043,#14045,.T.);
#14043 = VERTEX_POINT('',#14044);
#14044 = CARTESIAN_POINT('',(121.49,-68.38,1.51));
#14045 = CIRCLE('',#14046,0.15);
#14046 = AXIS2_PLACEMENT_3D('',#14047,#14048,#14049);
#14047 = CARTESIAN_POINT('',(121.49,-68.23,1.51));
#14048 = DIRECTION('',(-0.,0.,-1.));
#14049 = DIRECTION('',(-9.473903143469E-14,-1.,0.));
#14050 = FACE_BOUND('',#14051,.T.);
#14051 = EDGE_LOOP('',(#14052));
#14052 = ORIENTED_EDGE('',*,*,#14053,.T.);
#14053 = EDGE_CURVE('',#14054,#14054,#14056,.T.);
#14054 = VERTEX_POINT('',#14055);
#14055 = CARTESIAN_POINT('',(127.5,-70.15,1.51));
#14056 = CIRCLE('',#14057,0.15);
#14057 = AXIS2_PLACEMENT_3D('',#14058,#14059,#14060);
#14058 = CARTESIAN_POINT('',(127.5,-70.,1.51));
#14059 = DIRECTION('',(-0.,0.,-1.));
#14060 = DIRECTION('',(-0.,-1.,0.));
#14061 = FACE_BOUND('',#14062,.T.);
#14062 = EDGE_LOOP('',(#14063));
#14063 = ORIENTED_EDGE('',*,*,#14064,.T.);
#14064 = EDGE_CURVE('',#14065,#14065,#14067,.T.);
#14065 = VERTEX_POINT('',#14066);
#14066 = CARTESIAN_POINT('',(124.5,-66.15,1.51));
#14067 = CIRCLE('',#14068,0.15);
#14068 = AXIS2_PLACEMENT_3D('',#14069,#14070,#14071);
#14069 = CARTESIAN_POINT('',(124.5,-66.,1.51));
#14070 = DIRECTION('',(-0.,0.,-1.));
#14071 = DIRECTION('',(-0.,-1.,0.));
#14072 = FACE_BOUND('',#14073,.T.);
#14073 = EDGE_LOOP('',(#14074));
#14074 = ORIENTED_EDGE('',*,*,#14075,.T.);
#14075 = EDGE_CURVE('',#14076,#14076,#14078,.T.);
#14076 = VERTEX_POINT('',#14077);
#14077 = CARTESIAN_POINT('',(125.,-65.15,1.51));
#14078 = CIRCLE('',#14079,0.15);
#14079 = AXIS2_PLACEMENT_3D('',#14080,#14081,#14082);
#14080 = CARTESIAN_POINT('',(125.,-65.,1.51));
#14081 = DIRECTION('',(-0.,0.,-1.));
#14082 = DIRECTION('',(-0.,-1.,0.));
#14083 = FACE_BOUND('',#14084,.T.);
#14084 = EDGE_LOOP('',(#14085));
#14085 = ORIENTED_EDGE('',*,*,#14086,.T.);
#14086 = EDGE_CURVE('',#14087,#14087,#14089,.T.);
#14087 = VERTEX_POINT('',#14088);
#14088 = CARTESIAN_POINT('',(122.,-60.875,1.51));
#14089 = CIRCLE('',#14090,0.375);
#14090 = AXIS2_PLACEMENT_3D('',#14091,#14092,#14093);
#14091 = CARTESIAN_POINT('',(122.,-60.5,1.51));
#14092 = DIRECTION('',(-0.,0.,-1.));
#14093 = DIRECTION('',(-0.,-1.,0.));
#14094 = FACE_BOUND('',#14095,.T.);
#14095 = EDGE_LOOP('',(#14096));
#14096 = ORIENTED_EDGE('',*,*,#14097,.T.);
#14097 = EDGE_CURVE('',#14098,#14098,#14100,.T.);
#14098 = VERTEX_POINT('',#14099);
#14099 = CARTESIAN_POINT('',(124.,-60.875,1.51));
#14100 = CIRCLE('',#14101,0.375);
#14101 = AXIS2_PLACEMENT_3D('',#14102,#14103,#14104);
#14102 = CARTESIAN_POINT('',(124.,-60.5,1.51));
#14103 = DIRECTION('',(-0.,0.,-1.));
#14104 = DIRECTION('',(-0.,-1.,0.));
#14105 = FACE_BOUND('',#14106,.T.);
#14106 = EDGE_LOOP('',(#14107));
#14107 = ORIENTED_EDGE('',*,*,#14108,.T.);
#14108 = EDGE_CURVE('',#14109,#14109,#14111,.T.);
#14109 = VERTEX_POINT('',#14110);
#14110 = CARTESIAN_POINT('',(125.5,-62.65,1.51));
#14111 = CIRCLE('',#14112,0.15);
#14112 = AXIS2_PLACEMENT_3D('',#14113,#14114,#14115);
#14113 = CARTESIAN_POINT('',(125.5,-62.5,1.51));
#14114 = DIRECTION('',(-0.,0.,-1.));
#14115 = DIRECTION('',(-0.,-1.,0.));
#14116 = FACE_BOUND('',#14117,.T.);
#14117 = EDGE_LOOP('',(#14118));
#14118 = ORIENTED_EDGE('',*,*,#14119,.T.);
#14119 = EDGE_CURVE('',#14120,#14120,#14122,.T.);
#14120 = VERTEX_POINT('',#14121);
#14121 = CARTESIAN_POINT('',(129.8625,-83.4,1.51));
#14122 = CIRCLE('',#14123,0.1);
#14123 = AXIS2_PLACEMENT_3D('',#14124,#14125,#14126);
#14124 = CARTESIAN_POINT('',(129.8625,-83.3,1.51));
#14125 = DIRECTION('',(-0.,0.,-1.));
#14126 = DIRECTION('',(-0.,-1.,0.));
#14127 = FACE_BOUND('',#14128,.T.);
#14128 = EDGE_LOOP('',(#14129));
#14129 = ORIENTED_EDGE('',*,*,#14130,.T.);
#14130 = EDGE_CURVE('',#14131,#14131,#14133,.T.);
#14131 = VERTEX_POINT('',#14132);
#14132 = CARTESIAN_POINT('',(129.8625,-82.4,1.51));
#14133 = CIRCLE('',#14134,0.1);
#14134 = AXIS2_PLACEMENT_3D('',#14135,#14136,#14137);
#14135 = CARTESIAN_POINT('',(129.8625,-82.3,1.51));
#14136 = DIRECTION('',(-0.,0.,-1.));
#14137 = DIRECTION('',(-0.,-1.,0.));
#14138 = FACE_BOUND('',#14139,.T.);
#14139 = EDGE_LOOP('',(#14140));
#14140 = ORIENTED_EDGE('',*,*,#14141,.T.);
#14141 = EDGE_CURVE('',#14142,#14142,#14144,.T.);
#14142 = VERTEX_POINT('',#14143);
#14143 = CARTESIAN_POINT('',(130.8625,-83.4,1.51));
#14144 = CIRCLE('',#14145,0.1);
#14145 = AXIS2_PLACEMENT_3D('',#14146,#14147,#14148);
#14146 = CARTESIAN_POINT('',(130.8625,-83.3,1.51));
#14147 = DIRECTION('',(-0.,0.,-1.));
#14148 = DIRECTION('',(-0.,-1.,0.));
#14149 = FACE_BOUND('',#14150,.T.);
#14150 = EDGE_LOOP('',(#14151));
#14151 = ORIENTED_EDGE('',*,*,#14152,.T.);
#14152 = EDGE_CURVE('',#14153,#14153,#14155,.T.);
#14153 = VERTEX_POINT('',#14154);
#14154 = CARTESIAN_POINT('',(130.8625,-82.4,1.51));
#14155 = CIRCLE('',#14156,0.1);
#14156 = AXIS2_PLACEMENT_3D('',#14157,#14158,#14159);
#14157 = CARTESIAN_POINT('',(130.8625,-82.3,1.51));
#14158 = DIRECTION('',(-0.,0.,-1.));
#14159 = DIRECTION('',(-0.,-1.,0.));
#14160 = FACE_BOUND('',#14161,.T.);
#14161 = EDGE_LOOP('',(#14162));
#14162 = ORIENTED_EDGE('',*,*,#14163,.T.);
#14163 = EDGE_CURVE('',#14164,#14164,#14166,.T.);
#14164 = VERTEX_POINT('',#14165);
#14165 = CARTESIAN_POINT('',(131.8625,-83.4,1.51));
#14166 = CIRCLE('',#14167,0.1);
#14167 = AXIS2_PLACEMENT_3D('',#14168,#14169,#14170);
#14168 = CARTESIAN_POINT('',(131.8625,-83.3,1.51));
#14169 = DIRECTION('',(-0.,0.,-1.));
#14170 = DIRECTION('',(-0.,-1.,0.));
#14171 = FACE_BOUND('',#14172,.T.);
#14172 = EDGE_LOOP('',(#14173));
#14173 = ORIENTED_EDGE('',*,*,#14174,.T.);
#14174 = EDGE_CURVE('',#14175,#14175,#14177,.T.);
#14175 = VERTEX_POINT('',#14176);
#14176 = CARTESIAN_POINT('',(131.8625,-82.4,1.51));
#14177 = CIRCLE('',#14178,0.1);
#14178 = AXIS2_PLACEMENT_3D('',#14179,#14180,#14181);
#14179 = CARTESIAN_POINT('',(131.8625,-82.3,1.51));
#14180 = DIRECTION('',(-0.,0.,-1.));
#14181 = DIRECTION('',(-0.,-1.,0.));
#14182 = FACE_BOUND('',#14183,.T.);
#14183 = EDGE_LOOP('',(#14184));
#14184 = ORIENTED_EDGE('',*,*,#14185,.T.);
#14185 = EDGE_CURVE('',#14186,#14186,#14188,.T.);
#14186 = VERTEX_POINT('',#14187);
#14187 = CARTESIAN_POINT('',(131.,-79.75,1.51));
#14188 = CIRCLE('',#14189,0.15);
#14189 = AXIS2_PLACEMENT_3D('',#14190,#14191,#14192);
#14190 = CARTESIAN_POINT('',(131.,-79.6,1.51));
#14191 = DIRECTION('',(-0.,0.,-1.));
#14192 = DIRECTION('',(-0.,-1.,0.));
#14193 = FACE_BOUND('',#14194,.T.);
#14194 = EDGE_LOOP('',(#14195));
#14195 = ORIENTED_EDGE('',*,*,#14196,.T.);
#14196 = EDGE_CURVE('',#14197,#14197,#14199,.T.);
#14197 = VERTEX_POINT('',#14198);
#14198 = CARTESIAN_POINT('',(131.798978,-79.790455,1.51));
#14199 = CIRCLE('',#14200,0.15);
#14200 = AXIS2_PLACEMENT_3D('',#14201,#14202,#14203);
#14201 = CARTESIAN_POINT('',(131.798978,-79.640455,1.51));
#14202 = DIRECTION('',(-0.,0.,-1.));
#14203 = DIRECTION('',(-0.,-1.,0.));
#14204 = FACE_BOUND('',#14205,.T.);
#14205 = EDGE_LOOP('',(#14206));
#14206 = ORIENTED_EDGE('',*,*,#14207,.T.);
#14207 = EDGE_CURVE('',#14208,#14208,#14210,.T.);
#14208 = VERTEX_POINT('',#14209);
#14209 = CARTESIAN_POINT('',(131.5,-78.15,1.51));
#14210 = CIRCLE('',#14211,0.15);
#14211 = AXIS2_PLACEMENT_3D('',#14212,#14213,#14214);
#14212 = CARTESIAN_POINT('',(131.5,-78.,1.51));
#14213 = DIRECTION('',(-0.,0.,-1.));
#14214 = DIRECTION('',(-0.,-1.,0.));
#14215 = FACE_BOUND('',#14216,.T.);
#14216 = EDGE_LOOP('',(#14217));
#14217 = ORIENTED_EDGE('',*,*,#14218,.T.);
#14218 = EDGE_CURVE('',#14219,#14219,#14221,.T.);
#14219 = VERTEX_POINT('',#14220);
#14220 = CARTESIAN_POINT('',(134.5,-83.15,1.51));
#14221 = CIRCLE('',#14222,0.15);
#14222 = AXIS2_PLACEMENT_3D('',#14223,#14224,#14225);
#14223 = CARTESIAN_POINT('',(134.5,-83.,1.51));
#14224 = DIRECTION('',(-0.,0.,-1.));
#14225 = DIRECTION('',(-0.,-1.,0.));
#14226 = FACE_BOUND('',#14227,.T.);
#14227 = EDGE_LOOP('',(#14228));
#14228 = ORIENTED_EDGE('',*,*,#14229,.T.);
#14229 = EDGE_CURVE('',#14230,#14230,#14232,.T.);
#14230 = VERTEX_POINT('',#14231);
#14231 = CARTESIAN_POINT('',(135.1,-82.584313,1.51));
#14232 = CIRCLE('',#14233,0.15);
#14233 = AXIS2_PLACEMENT_3D('',#14234,#14235,#14236);
#14234 = CARTESIAN_POINT('',(135.1,-82.434313,1.51));
#14235 = DIRECTION('',(-0.,0.,-1.));
#14236 = DIRECTION('',(-0.,-1.,0.));
#14237 = FACE_BOUND('',#14238,.T.);
#14238 = EDGE_LOOP('',(#14239));
#14239 = ORIENTED_EDGE('',*,*,#14240,.T.);
#14240 = EDGE_CURVE('',#14241,#14241,#14243,.T.);
#14241 = VERTEX_POINT('',#14242);
#14242 = CARTESIAN_POINT('',(137.73,-83.1,1.51));
#14243 = CIRCLE('',#14244,0.15);
#14244 = AXIS2_PLACEMENT_3D('',#14245,#14246,#14247);
#14245 = CARTESIAN_POINT('',(137.73,-82.95,1.51));
#14246 = DIRECTION('',(-0.,0.,-1.));
#14247 = DIRECTION('',(-1.894780628694E-13,-1.,0.));
#14248 = FACE_BOUND('',#14249,.T.);
#14249 = EDGE_LOOP('',(#14250));
#14250 = ORIENTED_EDGE('',*,*,#14251,.T.);
#14251 = EDGE_CURVE('',#14252,#14252,#14254,.T.);
#14252 = VERTEX_POINT('',#14253);
#14253 = CARTESIAN_POINT('',(133.63,-80.74,1.51));
#14254 = CIRCLE('',#14255,0.15);
#14255 = AXIS2_PLACEMENT_3D('',#14256,#14257,#14258);
#14256 = CARTESIAN_POINT('',(133.63,-80.59,1.51));
#14257 = DIRECTION('',(-0.,0.,-1.));
#14258 = DIRECTION('',(-0.,-1.,0.));
#14259 = FACE_BOUND('',#14260,.T.);
#14260 = EDGE_LOOP('',(#14261));
#14261 = ORIENTED_EDGE('',*,*,#14262,.T.);
#14262 = EDGE_CURVE('',#14263,#14263,#14265,.T.);
#14263 = VERTEX_POINT('',#14264);
#14264 = CARTESIAN_POINT('',(134.,-79.15,1.51));
#14265 = CIRCLE('',#14266,0.15);
#14266 = AXIS2_PLACEMENT_3D('',#14267,#14268,#14269);
#14267 = CARTESIAN_POINT('',(134.,-79.,1.51));
#14268 = DIRECTION('',(-0.,0.,-1.));
#14269 = DIRECTION('',(-0.,-1.,0.));
#14270 = FACE_BOUND('',#14271,.T.);
#14271 = EDGE_LOOP('',(#14272));
#14272 = ORIENTED_EDGE('',*,*,#14273,.T.);
#14273 = EDGE_CURVE('',#14274,#14274,#14276,.T.);
#14274 = VERTEX_POINT('',#14275);
#14275 = CARTESIAN_POINT('',(136.5,-79.88,1.51));
#14276 = CIRCLE('',#14277,0.15);
#14277 = AXIS2_PLACEMENT_3D('',#14278,#14279,#14280);
#14278 = CARTESIAN_POINT('',(136.5,-79.73,1.51));
#14279 = DIRECTION('',(-0.,0.,-1.));
#14280 = DIRECTION('',(-0.,-1.,0.));
#14281 = FACE_BOUND('',#14282,.T.);
#14282 = EDGE_LOOP('',(#14283));
#14283 = ORIENTED_EDGE('',*,*,#14284,.T.);
#14284 = EDGE_CURVE('',#14285,#14285,#14287,.T.);
#14285 = VERTEX_POINT('',#14286);
#14286 = CARTESIAN_POINT('',(130.02,-75.15,1.51));
#14287 = CIRCLE('',#14288,0.15);
#14288 = AXIS2_PLACEMENT_3D('',#14289,#14290,#14291);
#14289 = CARTESIAN_POINT('',(130.02,-75.,1.51));
#14290 = DIRECTION('',(-0.,0.,-1.));
#14291 = DIRECTION('',(1.894780628694E-13,-1.,-0.));
#14292 = FACE_BOUND('',#14293,.T.);
#14293 = EDGE_LOOP('',(#14294));
#14294 = ORIENTED_EDGE('',*,*,#14295,.T.);
#14295 = EDGE_CURVE('',#14296,#14296,#14298,.T.);
#14296 = VERTEX_POINT('',#14297);
#14297 = CARTESIAN_POINT('',(130.98,-75.15,1.51));
#14298 = CIRCLE('',#14299,0.15);
#14299 = AXIS2_PLACEMENT_3D('',#14300,#14301,#14302);
#14300 = CARTESIAN_POINT('',(130.98,-75.,1.51));
#14301 = DIRECTION('',(-0.,0.,-1.));
#14302 = DIRECTION('',(-1.894780628694E-13,-1.,0.));
#14303 = FACE_BOUND('',#14304,.T.);
#14304 = EDGE_LOOP('',(#14305));
#14305 = ORIENTED_EDGE('',*,*,#14306,.T.);
#14306 = EDGE_CURVE('',#14307,#14307,#14309,.T.);
#14307 = VERTEX_POINT('',#14308);
#14308 = CARTESIAN_POINT('',(132.76,-75.15,1.51));
#14309 = CIRCLE('',#14310,0.15);
#14310 = AXIS2_PLACEMENT_3D('',#14311,#14312,#14313);
#14311 = CARTESIAN_POINT('',(132.76,-75.,1.51));
#14312 = DIRECTION('',(-0.,0.,-1.));
#14313 = DIRECTION('',(-0.,-1.,0.));
#14314 = FACE_BOUND('',#14315,.T.);
#14315 = EDGE_LOOP('',(#14316));
#14316 = ORIENTED_EDGE('',*,*,#14317,.T.);
#14317 = EDGE_CURVE('',#14318,#14318,#14320,.T.);
#14318 = VERTEX_POINT('',#14319);
#14319 = CARTESIAN_POINT('',(130.,-72.65,1.51));
#14320 = CIRCLE('',#14321,0.15);
#14321 = AXIS2_PLACEMENT_3D('',#14322,#14323,#14324);
#14322 = CARTESIAN_POINT('',(130.,-72.5,1.51));
#14323 = DIRECTION('',(-0.,0.,-1.));
#14324 = DIRECTION('',(-0.,-1.,0.));
#14325 = FACE_BOUND('',#14326,.T.);
#14326 = EDGE_LOOP('',(#14327));
#14327 = ORIENTED_EDGE('',*,*,#14328,.T.);
#14328 = EDGE_CURVE('',#14329,#14329,#14331,.T.);
#14329 = VERTEX_POINT('',#14330);
#14330 = CARTESIAN_POINT('',(133.78,-77.15,1.51));
#14331 = CIRCLE('',#14332,0.15);
#14332 = AXIS2_PLACEMENT_3D('',#14333,#14334,#14335);
#14333 = CARTESIAN_POINT('',(133.78,-77.,1.51));
#14334 = DIRECTION('',(-0.,0.,-1.));
#14335 = DIRECTION('',(-0.,-1.,0.));
#14336 = FACE_BOUND('',#14337,.T.);
#14337 = EDGE_LOOP('',(#14338));
#14338 = ORIENTED_EDGE('',*,*,#14339,.T.);
#14339 = EDGE_CURVE('',#14340,#14340,#14342,.T.);
#14340 = VERTEX_POINT('',#14341);
#14341 = CARTESIAN_POINT('',(133.78,-75.15,1.51));
#14342 = CIRCLE('',#14343,0.15);
#14343 = AXIS2_PLACEMENT_3D('',#14344,#14345,#14346);
#14344 = CARTESIAN_POINT('',(133.78,-75.,1.51));
#14345 = DIRECTION('',(-0.,0.,-1.));
#14346 = DIRECTION('',(-0.,-1.,0.));
#14347 = FACE_BOUND('',#14348,.T.);
#14348 = EDGE_LOOP('',(#14349));
#14349 = ORIENTED_EDGE('',*,*,#14350,.T.);
#14350 = EDGE_CURVE('',#14351,#14351,#14353,.T.);
#14351 = VERTEX_POINT('',#14352);
#14352 = CARTESIAN_POINT('',(136.5,-75.15,1.51));
#14353 = CIRCLE('',#14354,0.15);
#14354 = AXIS2_PLACEMENT_3D('',#14355,#14356,#14357);
#14355 = CARTESIAN_POINT('',(136.5,-75.,1.51));
#14356 = DIRECTION('',(-0.,0.,-1.));
#14357 = DIRECTION('',(-0.,-1.,0.));
#14358 = FACE_BOUND('',#14359,.T.);
#14359 = EDGE_LOOP('',(#14360));
#14360 = ORIENTED_EDGE('',*,*,#14361,.T.);
#14361 = EDGE_CURVE('',#14362,#14362,#14364,.T.);
#14362 = VERTEX_POINT('',#14363);
#14363 = CARTESIAN_POINT('',(134.,-72.65,1.51));
#14364 = CIRCLE('',#14365,0.15);
#14365 = AXIS2_PLACEMENT_3D('',#14366,#14367,#14368);
#14366 = CARTESIAN_POINT('',(134.,-72.5,1.51));
#14367 = DIRECTION('',(-0.,0.,-1.));
#14368 = DIRECTION('',(-0.,-1.,0.));
#14369 = FACE_BOUND('',#14370,.T.);
#14370 = EDGE_LOOP('',(#14371));
#14371 = ORIENTED_EDGE('',*,*,#14372,.T.);
#14372 = EDGE_CURVE('',#14373,#14373,#14375,.T.);
#14373 = VERTEX_POINT('',#14374);
#14374 = CARTESIAN_POINT('',(142.83,-83.55,1.51));
#14375 = CIRCLE('',#14376,0.6);
#14376 = AXIS2_PLACEMENT_3D('',#14377,#14378,#14379);
#14377 = CARTESIAN_POINT('',(142.83,-82.95,1.51));
#14378 = DIRECTION('',(-0.,0.,-1.));
#14379 = DIRECTION('',(4.736951571734E-14,-1.,-0.));
#14380 = FACE_BOUND('',#14381,.T.);
#14381 = EDGE_LOOP('',(#14382));
#14382 = ORIENTED_EDGE('',*,*,#14383,.T.);
#14383 = EDGE_CURVE('',#14384,#14384,#14386,.T.);
#14384 = VERTEX_POINT('',#14385);
#14385 = CARTESIAN_POINT('',(142.83,-80.05,1.51));
#14386 = CIRCLE('',#14387,0.6);
#14387 = AXIS2_PLACEMENT_3D('',#14388,#14389,#14390);
#14388 = CARTESIAN_POINT('',(142.83,-79.45,1.51));
#14389 = DIRECTION('',(-0.,0.,-1.));
#14390 = DIRECTION('',(4.736951571734E-14,-1.,-0.));
#14391 = FACE_BOUND('',#14392,.T.);
#14392 = EDGE_LOOP('',(#14393));
#14393 = ORIENTED_EDGE('',*,*,#14394,.T.);
#14394 = EDGE_CURVE('',#14395,#14395,#14397,.T.);
#14395 = VERTEX_POINT('',#14396);
#14396 = CARTESIAN_POINT('',(142.83,-76.55,1.51));
#14397 = CIRCLE('',#14398,0.6);
#14398 = AXIS2_PLACEMENT_3D('',#14399,#14400,#14401);
#14399 = CARTESIAN_POINT('',(142.83,-75.95,1.51));
#14400 = DIRECTION('',(-0.,0.,-1.));
#14401 = DIRECTION('',(4.736951571734E-14,-1.,-0.));
#14402 = FACE_BOUND('',#14403,.T.);
#14403 = EDGE_LOOP('',(#14404));
#14404 = ORIENTED_EDGE('',*,*,#14405,.T.);
#14405 = EDGE_CURVE('',#14406,#14406,#14408,.T.);
#14406 = VERTEX_POINT('',#14407);
#14407 = CARTESIAN_POINT('',(142.83,-73.05,1.51));
#14408 = CIRCLE('',#14409,0.6);
#14409 = AXIS2_PLACEMENT_3D('',#14410,#14411,#14412);
#14410 = CARTESIAN_POINT('',(142.83,-72.45,1.51));
#14411 = DIRECTION('',(-0.,0.,-1.));
#14412 = DIRECTION('',(4.736951571734E-14,-1.,-0.));
#14413 = FACE_BOUND('',#14414,.T.);
#14414 = EDGE_LOOP('',(#14415));
#14415 = ORIENTED_EDGE('',*,*,#14416,.T.);
#14416 = EDGE_CURVE('',#14417,#14417,#14419,.T.);
#14417 = VERTEX_POINT('',#14418);
#14418 = CARTESIAN_POINT('',(135.5,-70.15,1.51));
#14419 = CIRCLE('',#14420,0.15);
#14420 = AXIS2_PLACEMENT_3D('',#14421,#14422,#14423);
#14421 = CARTESIAN_POINT('',(135.5,-70.,1.51));
#14422 = DIRECTION('',(-0.,0.,-1.));
#14423 = DIRECTION('',(-0.,-1.,0.));
#14424 = FACE_BOUND('',#14425,.T.);
#14425 = EDGE_LOOP('',(#14426));
#14426 = ORIENTED_EDGE('',*,*,#14427,.T.);
#14427 = EDGE_CURVE('',#14428,#14428,#14430,.T.);
#14428 = VERTEX_POINT('',#14429);
#14429 = CARTESIAN_POINT('',(129.92,-65.15,1.51));
#14430 = CIRCLE('',#14431,0.65);
#14431 = AXIS2_PLACEMENT_3D('',#14432,#14433,#14434);
#14432 = CARTESIAN_POINT('',(129.92,-64.5,1.51));
#14433 = DIRECTION('',(-0.,0.,-1.));
#14434 = DIRECTION('',(-4.372570681601E-14,-1.,0.));
#14435 = FACE_BOUND('',#14436,.T.);
#14436 = EDGE_LOOP('',(#14437));
#14437 = ORIENTED_EDGE('',*,*,#14438,.T.);
#14438 = EDGE_CURVE('',#14439,#14439,#14441,.T.);
#14439 = VERTEX_POINT('',#14440);
#14440 = CARTESIAN_POINT('',(135.,-65.15,1.51));
#14441 = CIRCLE('',#14442,0.65);
#14442 = AXIS2_PLACEMENT_3D('',#14443,#14444,#14445);
#14443 = CARTESIAN_POINT('',(135.,-64.5,1.51));
#14444 = DIRECTION('',(-0.,0.,-1.));
#14445 = DIRECTION('',(-0.,-1.,0.));
#14446 = FACE_BOUND('',#14447,.T.);
#14447 = EDGE_LOOP('',(#14448));
#14448 = ORIENTED_EDGE('',*,*,#14449,.T.);
#14449 = EDGE_CURVE('',#14450,#14450,#14452,.T.);
#14450 = VERTEX_POINT('',#14451);
#14451 = CARTESIAN_POINT('',(142.83,-69.55,1.51));
#14452 = CIRCLE('',#14453,0.6);
#14453 = AXIS2_PLACEMENT_3D('',#14454,#14455,#14456);
#14454 = CARTESIAN_POINT('',(142.83,-68.95,1.51));
#14455 = DIRECTION('',(-0.,0.,-1.));
#14456 = DIRECTION('',(4.736951571734E-14,-1.,-0.));
#14457 = FACE_BOUND('',#14458,.T.);
#14458 = EDGE_LOOP('',(#14459));
#14459 = ORIENTED_EDGE('',*,*,#14460,.T.);
#14460 = EDGE_CURVE('',#14461,#14461,#14463,.T.);
#14461 = VERTEX_POINT('',#14462);
#14462 = CARTESIAN_POINT('',(143.,-64.1,1.51));
#14463 = CIRCLE('',#14464,1.6);
#14464 = AXIS2_PLACEMENT_3D('',#14465,#14466,#14467);
#14465 = CARTESIAN_POINT('',(143.,-62.5,1.51));
#14466 = DIRECTION('',(-0.,0.,-1.));
#14467 = DIRECTION('',(-0.,-1.,0.));
#14468 = PLANE('',#14469);
#14469 = AXIS2_PLACEMENT_3D('',#14470,#14471,#14472);
#14470 = CARTESIAN_POINT('',(0.,0.,1.51));
#14471 = DIRECTION('',(0.,0.,1.));
#14472 = DIRECTION('',(1.,0.,-0.));
#14473 = ADVANCED_FACE('',(#14474),#14480,.T.);
#14474 = FACE_BOUND('',#14475,.T.);
#14475 = EDGE_LOOP('',(#14476,#14477,#14478,#14479));
#14476 = ORIENTED_EDGE('',*,*,#12265,.T.);
#14477 = ORIENTED_EDGE('',*,*,#13384,.T.);
#14478 = ORIENTED_EDGE('',*,*,#12225,.F.);
#14479 = ORIENTED_EDGE('',*,*,#12289,.F.);
#14480 = PLANE('',#14481);
#14481 = AXIS2_PLACEMENT_3D('',#14482,#14483,#14484);
#14482 = CARTESIAN_POINT('',(110.5,-57.5,0.));
#14483 = DIRECTION('',(0.,1.,0.));
#14484 = DIRECTION('',(1.,0.,0.));
#14485 = ADVANCED_FACE('',(#14486),#14497,.F.);
#14486 = FACE_BOUND('',#14487,.T.);
#14487 = EDGE_LOOP('',(#14488,#14489,#14495,#14496));
#14488 = ORIENTED_EDGE('',*,*,#12298,.T.);
#14489 = ORIENTED_EDGE('',*,*,#14490,.T.);
#14490 = EDGE_CURVE('',#12299,#13394,#14491,.T.);
#14491 = LINE('',#14492,#14493);
#14492 = CARTESIAN_POINT('',(114.18,-107.32,-4.6E-02));
#14493 = VECTOR('',#14494,1.);
#14494 = DIRECTION('',(0.,0.,1.));
#14495 = ORIENTED_EDGE('',*,*,#13393,.F.);
#14496 = ORIENTED_EDGE('',*,*,#14490,.F.);
#14497 = CYLINDRICAL_SURFACE('',#14498,1.6);
#14498 = AXIS2_PLACEMENT_3D('',#14499,#14500,#14501);
#14499 = CARTESIAN_POINT('',(114.18,-105.72,-4.6E-02));
#14500 = DIRECTION('',(-0.,-0.,-1.));
#14501 = DIRECTION('',(-0.,-1.,0.));
#14502 = ADVANCED_FACE('',(#14503),#14514,.F.);
#14503 = FACE_BOUND('',#14504,.T.);
#14504 = EDGE_LOOP('',(#14505,#14506,#14512,#14513));
#14505 = ORIENTED_EDGE('',*,*,#12309,.T.);
#14506 = ORIENTED_EDGE('',*,*,#14507,.T.);
#14507 = EDGE_CURVE('',#12310,#13405,#14508,.T.);
#14508 = LINE('',#14509,#14510);
#14509 = CARTESIAN_POINT('',(120.46,-92.14,-3.6E-02));
#14510 = VECTOR('',#14511,1.);
#14511 = DIRECTION('',(0.,0.,1.));
#14512 = ORIENTED_EDGE('',*,*,#13404,.F.);
#14513 = ORIENTED_EDGE('',*,*,#14507,.F.);
#14514 = CYLINDRICAL_SURFACE('',#14515,0.15);
#14515 = AXIS2_PLACEMENT_3D('',#14516,#14517,#14518);
#14516 = CARTESIAN_POINT('',(120.46,-91.99,-3.6E-02));
#14517 = DIRECTION('',(-0.,-0.,-1.));
#14518 = DIRECTION('',(-9.473903143469E-14,-1.,0.));
#14519 = ADVANCED_FACE('',(#14520),#14531,.F.);
#14520 = FACE_BOUND('',#14521,.T.);
#14521 = EDGE_LOOP('',(#14522,#14523,#14529,#14530));
#14522 = ORIENTED_EDGE('',*,*,#12320,.T.);
#14523 = ORIENTED_EDGE('',*,*,#14524,.T.);
#14524 = EDGE_CURVE('',#12321,#13416,#14525,.T.);
#14525 = LINE('',#14526,#14527);
#14526 = CARTESIAN_POINT('',(121.97,-90.42,-3.6E-02));
#14527 = VECTOR('',#14528,1.);
#14528 = DIRECTION('',(0.,0.,1.));
#14529 = ORIENTED_EDGE('',*,*,#13415,.F.);
#14530 = ORIENTED_EDGE('',*,*,#14524,.F.);
#14531 = CYLINDRICAL_SURFACE('',#14532,0.15);
#14532 = AXIS2_PLACEMENT_3D('',#14533,#14534,#14535);
#14533 = CARTESIAN_POINT('',(121.97,-90.27,-3.6E-02));
#14534 = DIRECTION('',(-0.,-0.,-1.));
#14535 = DIRECTION('',(-0.,-1.,0.));
#14536 = ADVANCED_FACE('',(#14537),#14548,.F.);
#14537 = FACE_BOUND('',#14538,.T.);
#14538 = EDGE_LOOP('',(#14539,#14540,#14546,#14547));
#14539 = ORIENTED_EDGE('',*,*,#12331,.T.);
#14540 = ORIENTED_EDGE('',*,*,#14541,.T.);
#14541 = EDGE_CURVE('',#12332,#13427,#14542,.T.);
#14542 = LINE('',#14543,#14544);
#14543 = CARTESIAN_POINT('',(125.74,-92.74,-3.6E-02));
#14544 = VECTOR('',#14545,1.);
#14545 = DIRECTION('',(0.,0.,1.));
#14546 = ORIENTED_EDGE('',*,*,#13426,.F.);
#14547 = ORIENTED_EDGE('',*,*,#14541,.F.);
#14548 = CYLINDRICAL_SURFACE('',#14549,0.15);
#14549 = AXIS2_PLACEMENT_3D('',#14550,#14551,#14552);
#14550 = CARTESIAN_POINT('',(125.74,-92.59,-3.6E-02));
#14551 = DIRECTION('',(-0.,-0.,-1.));
#14552 = DIRECTION('',(-9.473903143469E-14,-1.,0.));
#14553 = ADVANCED_FACE('',(#14554),#14565,.F.);
#14554 = FACE_BOUND('',#14555,.T.);
#14555 = EDGE_LOOP('',(#14556,#14557,#14563,#14564));
#14556 = ORIENTED_EDGE('',*,*,#12342,.T.);
#14557 = ORIENTED_EDGE('',*,*,#14558,.T.);
#14558 = EDGE_CURVE('',#12343,#13438,#14559,.T.);
#14559 = LINE('',#14560,#14561);
#14560 = CARTESIAN_POINT('',(125.36,-90.79,-3.6E-02));
#14561 = VECTOR('',#14562,1.);
#14562 = DIRECTION('',(0.,0.,1.));
#14563 = ORIENTED_EDGE('',*,*,#13437,.F.);
#14564 = ORIENTED_EDGE('',*,*,#14558,.F.);
#14565 = CYLINDRICAL_SURFACE('',#14566,0.15);
#14566 = AXIS2_PLACEMENT_3D('',#14567,#14568,#14569);
#14567 = CARTESIAN_POINT('',(125.36,-90.64,-3.6E-02));
#14568 = DIRECTION('',(-0.,-0.,-1.));
#14569 = DIRECTION('',(-0.,-1.,0.));
#14570 = ADVANCED_FACE('',(#14571),#14582,.F.);
#14571 = FACE_BOUND('',#14572,.T.);
#14572 = EDGE_LOOP('',(#14573,#14574,#14580,#14581));
#14573 = ORIENTED_EDGE('',*,*,#12353,.T.);
#14574 = ORIENTED_EDGE('',*,*,#14575,.T.);
#14575 = EDGE_CURVE('',#12354,#13449,#14576,.T.);
#14576 = LINE('',#14577,#14578);
#14577 = CARTESIAN_POINT('',(127.,-87.15,-3.6E-02));
#14578 = VECTOR('',#14579,1.);
#14579 = DIRECTION('',(0.,0.,1.));
#14580 = ORIENTED_EDGE('',*,*,#13448,.F.);
#14581 = ORIENTED_EDGE('',*,*,#14575,.F.);
#14582 = CYLINDRICAL_SURFACE('',#14583,0.15);
#14583 = AXIS2_PLACEMENT_3D('',#14584,#14585,#14586);
#14584 = CARTESIAN_POINT('',(127.,-87.,-3.6E-02));
#14585 = DIRECTION('',(-0.,-0.,-1.));
#14586 = DIRECTION('',(-0.,-1.,0.));
#14587 = ADVANCED_FACE('',(#14588),#14599,.F.);
#14588 = FACE_BOUND('',#14589,.T.);
#14589 = EDGE_LOOP('',(#14590,#14591,#14597,#14598));
#14590 = ORIENTED_EDGE('',*,*,#12364,.T.);
#14591 = ORIENTED_EDGE('',*,*,#14592,.T.);
#14592 = EDGE_CURVE('',#12365,#13460,#14593,.T.);
#14593 = LINE('',#14594,#14595);
#14594 = CARTESIAN_POINT('',(143.62,-107.37,-4.6E-02));
#14595 = VECTOR('',#14596,1.);
#14596 = DIRECTION('',(0.,0.,1.));
#14597 = ORIENTED_EDGE('',*,*,#13459,.F.);
#14598 = ORIENTED_EDGE('',*,*,#14592,.F.);
#14599 = CYLINDRICAL_SURFACE('',#14600,1.6);
#14600 = AXIS2_PLACEMENT_3D('',#14601,#14602,#14603);
#14601 = CARTESIAN_POINT('',(143.62,-105.77,-4.6E-02));
#14602 = DIRECTION('',(-0.,-0.,-1.));
#14603 = DIRECTION('',(-0.,-1.,0.));
#14604 = ADVANCED_FACE('',(#14605),#14616,.F.);
#14605 = FACE_BOUND('',#14606,.T.);
#14606 = EDGE_LOOP('',(#14607,#14608,#14614,#14615));
#14607 = ORIENTED_EDGE('',*,*,#12375,.T.);
#14608 = ORIENTED_EDGE('',*,*,#14609,.T.);
#14609 = EDGE_CURVE('',#12376,#13471,#14610,.T.);
#14610 = LINE('',#14611,#14612);
#14611 = CARTESIAN_POINT('',(141.59125,-96.87125,-4.6E-02));
#14612 = VECTOR('',#14613,1.);
#14613 = DIRECTION('',(0.,0.,1.));
#14614 = ORIENTED_EDGE('',*,*,#13470,.F.);
#14615 = ORIENTED_EDGE('',*,*,#14609,.F.);
#14616 = CYLINDRICAL_SURFACE('',#14617,1.E-01);
#14617 = AXIS2_PLACEMENT_3D('',#14618,#14619,#14620);
#14618 = CARTESIAN_POINT('',(141.59125,-96.77125,-4.6E-02));
#14619 = DIRECTION('',(-0.,-0.,-1.));
#14620 = DIRECTION('',(-0.,-1.,0.));
#14621 = ADVANCED_FACE('',(#14622),#14633,.F.);
#14622 = FACE_BOUND('',#14623,.T.);
#14623 = EDGE_LOOP('',(#14624,#14625,#14631,#14632));
#14624 = ORIENTED_EDGE('',*,*,#12386,.T.);
#14625 = ORIENTED_EDGE('',*,*,#14626,.T.);
#14626 = EDGE_CURVE('',#12387,#13482,#14627,.T.);
#14627 = LINE('',#14628,#14629);
#14628 = CARTESIAN_POINT('',(141.59125,-95.87125,-4.6E-02));
#14629 = VECTOR('',#14630,1.);
#14630 = DIRECTION('',(0.,0.,1.));
#14631 = ORIENTED_EDGE('',*,*,#13481,.F.);
#14632 = ORIENTED_EDGE('',*,*,#14626,.F.);
#14633 = CYLINDRICAL_SURFACE('',#14634,1.E-01);
#14634 = AXIS2_PLACEMENT_3D('',#14635,#14636,#14637);
#14635 = CARTESIAN_POINT('',(141.59125,-95.77125,-4.6E-02));
#14636 = DIRECTION('',(-0.,-0.,-1.));
#14637 = DIRECTION('',(-0.,-1.,0.));
#14638 = ADVANCED_FACE('',(#14639),#14650,.F.);
#14639 = FACE_BOUND('',#14640,.T.);
#14640 = EDGE_LOOP('',(#14641,#14642,#14648,#14649));
#14641 = ORIENTED_EDGE('',*,*,#12397,.T.);
#14642 = ORIENTED_EDGE('',*,*,#14643,.T.);
#14643 = EDGE_CURVE('',#12398,#13493,#14644,.T.);
#14644 = LINE('',#14645,#14646);
#14645 = CARTESIAN_POINT('',(142.59125,-96.87125,-4.6E-02));
#14646 = VECTOR('',#14647,1.);
#14647 = DIRECTION('',(0.,0.,1.));
#14648 = ORIENTED_EDGE('',*,*,#13492,.F.);
#14649 = ORIENTED_EDGE('',*,*,#14643,.F.);
#14650 = CYLINDRICAL_SURFACE('',#14651,1.E-01);
#14651 = AXIS2_PLACEMENT_3D('',#14652,#14653,#14654);
#14652 = CARTESIAN_POINT('',(142.59125,-96.77125,-4.6E-02));
#14653 = DIRECTION('',(-0.,-0.,-1.));
#14654 = DIRECTION('',(-0.,-1.,0.));
#14655 = ADVANCED_FACE('',(#14656),#14667,.F.);
#14656 = FACE_BOUND('',#14657,.T.);
#14657 = EDGE_LOOP('',(#14658,#14659,#14665,#14666));
#14658 = ORIENTED_EDGE('',*,*,#12408,.T.);
#14659 = ORIENTED_EDGE('',*,*,#14660,.T.);
#14660 = EDGE_CURVE('',#12409,#13504,#14661,.T.);
#14661 = LINE('',#14662,#14663);
#14662 = CARTESIAN_POINT('',(142.59125,-95.87125,-4.6E-02));
#14663 = VECTOR('',#14664,1.);
#14664 = DIRECTION('',(0.,0.,1.));
#14665 = ORIENTED_EDGE('',*,*,#13503,.F.);
#14666 = ORIENTED_EDGE('',*,*,#14660,.F.);
#14667 = CYLINDRICAL_SURFACE('',#14668,1.E-01);
#14668 = AXIS2_PLACEMENT_3D('',#14669,#14670,#14671);
#14669 = CARTESIAN_POINT('',(142.59125,-95.77125,-4.6E-02));
#14670 = DIRECTION('',(-0.,-0.,-1.));
#14671 = DIRECTION('',(-0.,-1.,0.));
#14672 = ADVANCED_FACE('',(#14673),#14684,.F.);
#14673 = FACE_BOUND('',#14674,.T.);
#14674 = EDGE_LOOP('',(#14675,#14676,#14682,#14683));
#14675 = ORIENTED_EDGE('',*,*,#12419,.T.);
#14676 = ORIENTED_EDGE('',*,*,#14677,.T.);
#14677 = EDGE_CURVE('',#12420,#13515,#14678,.T.);
#14678 = LINE('',#14679,#14680);
#14679 = CARTESIAN_POINT('',(143.59125,-96.87125,-4.6E-02));
#14680 = VECTOR('',#14681,1.);
#14681 = DIRECTION('',(0.,0.,1.));
#14682 = ORIENTED_EDGE('',*,*,#13514,.F.);
#14683 = ORIENTED_EDGE('',*,*,#14677,.F.);
#14684 = CYLINDRICAL_SURFACE('',#14685,1.E-01);
#14685 = AXIS2_PLACEMENT_3D('',#14686,#14687,#14688);
#14686 = CARTESIAN_POINT('',(143.59125,-96.77125,-4.6E-02));
#14687 = DIRECTION('',(-0.,-0.,-1.));
#14688 = DIRECTION('',(-0.,-1.,0.));
#14689 = ADVANCED_FACE('',(#14690),#14701,.F.);
#14690 = FACE_BOUND('',#14691,.T.);
#14691 = EDGE_LOOP('',(#14692,#14693,#14699,#14700));
#14692 = ORIENTED_EDGE('',*,*,#12430,.T.);
#14693 = ORIENTED_EDGE('',*,*,#14694,.T.);
#14694 = EDGE_CURVE('',#12431,#13526,#14695,.T.);
#14695 = LINE('',#14696,#14697);
#14696 = CARTESIAN_POINT('',(143.59125,-95.87125,-4.6E-02));
#14697 = VECTOR('',#14698,1.);
#14698 = DIRECTION('',(0.,0.,1.));
#14699 = ORIENTED_EDGE('',*,*,#13525,.F.);
#14700 = ORIENTED_EDGE('',*,*,#14694,.F.);
#14701 = CYLINDRICAL_SURFACE('',#14702,1.E-01);
#14702 = AXIS2_PLACEMENT_3D('',#14703,#14704,#14705);
#14703 = CARTESIAN_POINT('',(143.59125,-95.77125,-4.6E-02));
#14704 = DIRECTION('',(-0.,-0.,-1.));
#14705 = DIRECTION('',(-0.,-1.,0.));
#14706 = ADVANCED_FACE('',(#14707),#14718,.F.);
#14707 = FACE_BOUND('',#14708,.T.);
#14708 = EDGE_LOOP('',(#14709,#14710,#14716,#14717));
#14709 = ORIENTED_EDGE('',*,*,#12441,.T.);
#14710 = ORIENTED_EDGE('',*,*,#14711,.T.);
#14711 = EDGE_CURVE('',#12442,#13537,#14712,.T.);
#14712 = LINE('',#14713,#14714);
#14713 = CARTESIAN_POINT('',(146.01,-95.9,-3.6E-02));
#14714 = VECTOR('',#14715,1.);
#14715 = DIRECTION('',(0.,0.,1.));
#14716 = ORIENTED_EDGE('',*,*,#13536,.F.);
#14717 = ORIENTED_EDGE('',*,*,#14711,.F.);
#14718 = CYLINDRICAL_SURFACE('',#14719,0.15);
#14719 = AXIS2_PLACEMENT_3D('',#14720,#14721,#14722);
#14720 = CARTESIAN_POINT('',(146.01,-95.75,-3.6E-02));
#14721 = DIRECTION('',(-0.,-0.,-1.));
#14722 = DIRECTION('',(-0.,-1.,0.));
#14723 = ADVANCED_FACE('',(#14724),#14735,.F.);
#14724 = FACE_BOUND('',#14725,.T.);
#14725 = EDGE_LOOP('',(#14726,#14727,#14733,#14734));
#14726 = ORIENTED_EDGE('',*,*,#12452,.T.);
#14727 = ORIENTED_EDGE('',*,*,#14728,.T.);
#14728 = EDGE_CURVE('',#12453,#13548,#14729,.T.);
#14729 = LINE('',#14730,#14731);
#14730 = CARTESIAN_POINT('',(133.39,-93.19,-3.6E-02));
#14731 = VECTOR('',#14732,1.);
#14732 = DIRECTION('',(0.,0.,1.));
#14733 = ORIENTED_EDGE('',*,*,#13547,.F.);
#14734 = ORIENTED_EDGE('',*,*,#14728,.F.);
#14735 = CYLINDRICAL_SURFACE('',#14736,0.15);
#14736 = AXIS2_PLACEMENT_3D('',#14737,#14738,#14739);
#14737 = CARTESIAN_POINT('',(133.39,-93.04,-3.6E-02));
#14738 = DIRECTION('',(-0.,-0.,-1.));
#14739 = DIRECTION('',(-0.,-1.,0.));
#14740 = ADVANCED_FACE('',(#14741),#14752,.F.);
#14741 = FACE_BOUND('',#14742,.T.);
#14742 = EDGE_LOOP('',(#14743,#14744,#14750,#14751));
#14743 = ORIENTED_EDGE('',*,*,#12463,.T.);
#14744 = ORIENTED_EDGE('',*,*,#14745,.T.);
#14745 = EDGE_CURVE('',#12464,#13559,#14746,.T.);
#14746 = LINE('',#14747,#14748);
#14747 = CARTESIAN_POINT('',(137.18,-95.46,-3.6E-02));
#14748 = VECTOR('',#14749,1.);
#14749 = DIRECTION('',(0.,0.,1.));
#14750 = ORIENTED_EDGE('',*,*,#13558,.F.);
#14751 = ORIENTED_EDGE('',*,*,#14745,.F.);
#14752 = CYLINDRICAL_SURFACE('',#14753,0.15);
#14753 = AXIS2_PLACEMENT_3D('',#14754,#14755,#14756);
#14754 = CARTESIAN_POINT('',(137.18,-95.31,-3.6E-02));
#14755 = DIRECTION('',(-0.,-0.,-1.));
#14756 = DIRECTION('',(-0.,-1.,0.));
#14757 = ADVANCED_FACE('',(#14758),#14769,.F.);
#14758 = FACE_BOUND('',#14759,.T.);
#14759 = EDGE_LOOP('',(#14760,#14761,#14767,#14768));
#14760 = ORIENTED_EDGE('',*,*,#12474,.T.);
#14761 = ORIENTED_EDGE('',*,*,#14762,.T.);
#14762 = EDGE_CURVE('',#12475,#13570,#14763,.T.);
#14763 = LINE('',#14764,#14765);
#14764 = CARTESIAN_POINT('',(135.58,-92.46,-3.6E-02));
#14765 = VECTOR('',#14766,1.);
#14766 = DIRECTION('',(0.,0.,1.));
#14767 = ORIENTED_EDGE('',*,*,#13569,.F.);
#14768 = ORIENTED_EDGE('',*,*,#14762,.F.);
#14769 = CYLINDRICAL_SURFACE('',#14770,0.15);
#14770 = AXIS2_PLACEMENT_3D('',#14771,#14772,#14773);
#14771 = CARTESIAN_POINT('',(135.58,-92.31,-3.6E-02));
#14772 = DIRECTION('',(-0.,0.,-1.));
#14773 = DIRECTION('',(1.894780628693E-13,-1.,-0.));
#14774 = ADVANCED_FACE('',(#14775),#14786,.F.);
#14775 = FACE_BOUND('',#14776,.T.);
#14776 = EDGE_LOOP('',(#14777,#14778,#14784,#14785));
#14777 = ORIENTED_EDGE('',*,*,#12485,.T.);
#14778 = ORIENTED_EDGE('',*,*,#14779,.T.);
#14779 = EDGE_CURVE('',#12486,#13581,#14780,.T.);
#14780 = LINE('',#14781,#14782);
#14781 = CARTESIAN_POINT('',(136.86,-90.91,-3.6E-02));
#14782 = VECTOR('',#14783,1.);
#14783 = DIRECTION('',(0.,0.,1.));
#14784 = ORIENTED_EDGE('',*,*,#13580,.F.);
#14785 = ORIENTED_EDGE('',*,*,#14779,.F.);
#14786 = CYLINDRICAL_SURFACE('',#14787,0.15);
#14787 = AXIS2_PLACEMENT_3D('',#14788,#14789,#14790);
#14788 = CARTESIAN_POINT('',(136.86,-90.76,-3.6E-02));
#14789 = DIRECTION('',(-0.,-0.,-1.));
#14790 = DIRECTION('',(-0.,-1.,0.));
#14791 = ADVANCED_FACE('',(#14792),#14803,.F.);
#14792 = FACE_BOUND('',#14793,.T.);
#14793 = EDGE_LOOP('',(#14794,#14795,#14801,#14802));
#14794 = ORIENTED_EDGE('',*,*,#12496,.T.);
#14795 = ORIENTED_EDGE('',*,*,#14796,.T.);
#14796 = EDGE_CURVE('',#12497,#13592,#14797,.T.);
#14797 = LINE('',#14798,#14799);
#14798 = CARTESIAN_POINT('',(130.,-88.165,-3.6E-02));
#14799 = VECTOR('',#14800,1.);
#14800 = DIRECTION('',(0.,0.,1.));
#14801 = ORIENTED_EDGE('',*,*,#13591,.F.);
#14802 = ORIENTED_EDGE('',*,*,#14796,.F.);
#14803 = CYLINDRICAL_SURFACE('',#14804,0.15);
#14804 = AXIS2_PLACEMENT_3D('',#14805,#14806,#14807);
#14805 = CARTESIAN_POINT('',(130.,-88.015,-3.6E-02));
#14806 = DIRECTION('',(-0.,-0.,-1.));
#14807 = DIRECTION('',(-0.,-1.,0.));
#14808 = ADVANCED_FACE('',(#14809),#14820,.F.);
#14809 = FACE_BOUND('',#14810,.T.);
#14810 = EDGE_LOOP('',(#14811,#14812,#14818,#14819));
#14811 = ORIENTED_EDGE('',*,*,#12507,.T.);
#14812 = ORIENTED_EDGE('',*,*,#14813,.T.);
#14813 = EDGE_CURVE('',#12508,#13603,#14814,.T.);
#14814 = LINE('',#14815,#14816);
#14815 = CARTESIAN_POINT('',(131.739188,-89.251879,-3.6E-02));
#14816 = VECTOR('',#14817,1.);
#14817 = DIRECTION('',(0.,0.,1.));
#14818 = ORIENTED_EDGE('',*,*,#13602,.F.);
#14819 = ORIENTED_EDGE('',*,*,#14813,.F.);
#14820 = CYLINDRICAL_SURFACE('',#14821,0.15);
#14821 = AXIS2_PLACEMENT_3D('',#14822,#14823,#14824);
#14822 = CARTESIAN_POINT('',(131.739188,-89.101879,-3.6E-02));
#14823 = DIRECTION('',(-0.,-0.,-1.));
#14824 = DIRECTION('',(-0.,-1.,0.));
#14825 = ADVANCED_FACE('',(#14826),#14837,.F.);
#14826 = FACE_BOUND('',#14827,.T.);
#14827 = EDGE_LOOP('',(#14828,#14829,#14835,#14836));
#14828 = ORIENTED_EDGE('',*,*,#12518,.T.);
#14829 = ORIENTED_EDGE('',*,*,#14830,.T.);
#14830 = EDGE_CURVE('',#12519,#13614,#14831,.T.);
#14831 = LINE('',#14832,#14833);
#14832 = CARTESIAN_POINT('',(132.47,-89.66,-3.6E-02));
#14833 = VECTOR('',#14834,1.);
#14834 = DIRECTION('',(0.,0.,1.));
#14835 = ORIENTED_EDGE('',*,*,#13613,.F.);
#14836 = ORIENTED_EDGE('',*,*,#14830,.F.);
#14837 = CYLINDRICAL_SURFACE('',#14838,0.15);
#14838 = AXIS2_PLACEMENT_3D('',#14839,#14840,#14841);
#14839 = CARTESIAN_POINT('',(132.47,-89.51,-3.6E-02));
#14840 = DIRECTION('',(-0.,-0.,-1.));
#14841 = DIRECTION('',(-0.,-1.,0.));
#14842 = ADVANCED_FACE('',(#14843),#14854,.F.);
#14843 = FACE_BOUND('',#14844,.T.);
#14844 = EDGE_LOOP('',(#14845,#14846,#14852,#14853));
#14845 = ORIENTED_EDGE('',*,*,#12529,.T.);
#14846 = ORIENTED_EDGE('',*,*,#14847,.T.);
#14847 = EDGE_CURVE('',#12530,#13625,#14848,.T.);
#14848 = LINE('',#14849,#14850);
#14849 = CARTESIAN_POINT('',(132.8,-87.8,-3.6E-02));
#14850 = VECTOR('',#14851,1.);
#14851 = DIRECTION('',(0.,0.,1.));
#14852 = ORIENTED_EDGE('',*,*,#13624,.F.);
#14853 = ORIENTED_EDGE('',*,*,#14847,.F.);
#14854 = CYLINDRICAL_SURFACE('',#14855,0.15);
#14855 = AXIS2_PLACEMENT_3D('',#14856,#14857,#14858);
#14856 = CARTESIAN_POINT('',(132.8,-87.65,-3.6E-02));
#14857 = DIRECTION('',(-0.,-0.,-1.));
#14858 = DIRECTION('',(-0.,-1.,0.));
#14859 = ADVANCED_FACE('',(#14860),#14871,.F.);
#14860 = FACE_BOUND('',#14861,.T.);
#14861 = EDGE_LOOP('',(#14862,#14863,#14869,#14870));
#14862 = ORIENTED_EDGE('',*,*,#12540,.T.);
#14863 = ORIENTED_EDGE('',*,*,#14864,.T.);
#14864 = EDGE_CURVE('',#12541,#13636,#14865,.T.);
#14865 = LINE('',#14866,#14867);
#14866 = CARTESIAN_POINT('',(129.8625,-84.4,-4.6E-02));
#14867 = VECTOR('',#14868,1.);
#14868 = DIRECTION('',(0.,0.,1.));
#14869 = ORIENTED_EDGE('',*,*,#13635,.F.);
#14870 = ORIENTED_EDGE('',*,*,#14864,.F.);
#14871 = CYLINDRICAL_SURFACE('',#14872,0.1);
#14872 = AXIS2_PLACEMENT_3D('',#14873,#14874,#14875);
#14873 = CARTESIAN_POINT('',(129.8625,-84.3,-4.6E-02));
#14874 = DIRECTION('',(-0.,-0.,-1.));
#14875 = DIRECTION('',(-0.,-1.,0.));
#14876 = ADVANCED_FACE('',(#14877),#14888,.F.);
#14877 = FACE_BOUND('',#14878,.T.);
#14878 = EDGE_LOOP('',(#14879,#14880,#14886,#14887));
#14879 = ORIENTED_EDGE('',*,*,#12551,.T.);
#14880 = ORIENTED_EDGE('',*,*,#14881,.T.);
#14881 = EDGE_CURVE('',#12552,#13647,#14882,.T.);
#14882 = LINE('',#14883,#14884);
#14883 = CARTESIAN_POINT('',(130.8625,-84.4,-4.6E-02));
#14884 = VECTOR('',#14885,1.);
#14885 = DIRECTION('',(0.,0.,1.));
#14886 = ORIENTED_EDGE('',*,*,#13646,.F.);
#14887 = ORIENTED_EDGE('',*,*,#14881,.F.);
#14888 = CYLINDRICAL_SURFACE('',#14889,0.1);
#14889 = AXIS2_PLACEMENT_3D('',#14890,#14891,#14892);
#14890 = CARTESIAN_POINT('',(130.8625,-84.3,-4.6E-02));
#14891 = DIRECTION('',(-0.,-0.,-1.));
#14892 = DIRECTION('',(-0.,-1.,0.));
#14893 = ADVANCED_FACE('',(#14894),#14905,.F.);
#14894 = FACE_BOUND('',#14895,.T.);
#14895 = EDGE_LOOP('',(#14896,#14897,#14903,#14904));
#14896 = ORIENTED_EDGE('',*,*,#12562,.T.);
#14897 = ORIENTED_EDGE('',*,*,#14898,.T.);
#14898 = EDGE_CURVE('',#12563,#13658,#14899,.T.);
#14899 = LINE('',#14900,#14901);
#14900 = CARTESIAN_POINT('',(131.8625,-84.4,-4.6E-02));
#14901 = VECTOR('',#14902,1.);
#14902 = DIRECTION('',(0.,0.,1.));
#14903 = ORIENTED_EDGE('',*,*,#13657,.F.);
#14904 = ORIENTED_EDGE('',*,*,#14898,.F.);
#14905 = CYLINDRICAL_SURFACE('',#14906,0.1);
#14906 = AXIS2_PLACEMENT_3D('',#14907,#14908,#14909);
#14907 = CARTESIAN_POINT('',(131.8625,-84.3,-4.6E-02));
#14908 = DIRECTION('',(-0.,-0.,-1.));
#14909 = DIRECTION('',(-0.,-1.,0.));
#14910 = ADVANCED_FACE('',(#14911),#14922,.F.);
#14911 = FACE_BOUND('',#14912,.T.);
#14912 = EDGE_LOOP('',(#14913,#14914,#14920,#14921));
#14913 = ORIENTED_EDGE('',*,*,#12573,.T.);
#14914 = ORIENTED_EDGE('',*,*,#14915,.T.);
#14915 = EDGE_CURVE('',#12574,#13669,#14916,.T.);
#14916 = LINE('',#14917,#14918);
#14917 = CARTESIAN_POINT('',(134.,-88.69,-3.6E-02));
#14918 = VECTOR('',#14919,1.);
#14919 = DIRECTION('',(0.,0.,1.));
#14920 = ORIENTED_EDGE('',*,*,#13668,.F.);
#14921 = ORIENTED_EDGE('',*,*,#14915,.F.);
#14922 = CYLINDRICAL_SURFACE('',#14923,0.15);
#14923 = AXIS2_PLACEMENT_3D('',#14924,#14925,#14926);
#14924 = CARTESIAN_POINT('',(134.,-88.54,-3.6E-02));
#14925 = DIRECTION('',(-0.,-0.,-1.));
#14926 = DIRECTION('',(-0.,-1.,0.));
#14927 = ADVANCED_FACE('',(#14928),#14939,.F.);
#14928 = FACE_BOUND('',#14929,.T.);
#14929 = EDGE_LOOP('',(#14930,#14931,#14937,#14938));
#14930 = ORIENTED_EDGE('',*,*,#12584,.T.);
#14931 = ORIENTED_EDGE('',*,*,#14932,.T.);
#14932 = EDGE_CURVE('',#12585,#13680,#14933,.T.);
#14933 = LINE('',#14934,#14935);
#14934 = CARTESIAN_POINT('',(136.02,-89.65,-3.6E-02));
#14935 = VECTOR('',#14936,1.);
#14936 = DIRECTION('',(0.,0.,1.));
#14937 = ORIENTED_EDGE('',*,*,#13679,.F.);
#14938 = ORIENTED_EDGE('',*,*,#14932,.F.);
#14939 = CYLINDRICAL_SURFACE('',#14940,0.15);
#14940 = AXIS2_PLACEMENT_3D('',#14941,#14942,#14943);
#14941 = CARTESIAN_POINT('',(136.02,-89.5,-3.6E-02));
#14942 = DIRECTION('',(-0.,0.,-1.));
#14943 = DIRECTION('',(1.894780628694E-13,-1.,-0.));
#14944 = ADVANCED_FACE('',(#14945),#14956,.F.);
#14945 = FACE_BOUND('',#14946,.T.);
#14946 = EDGE_LOOP('',(#14947,#14948,#14954,#14955));
#14947 = ORIENTED_EDGE('',*,*,#12595,.T.);
#14948 = ORIENTED_EDGE('',*,*,#14949,.T.);
#14949 = EDGE_CURVE('',#12596,#13691,#14950,.T.);
#14950 = LINE('',#14951,#14952);
#14951 = CARTESIAN_POINT('',(136.98,-89.65,-3.6E-02));
#14952 = VECTOR('',#14953,1.);
#14953 = DIRECTION('',(0.,0.,1.));
#14954 = ORIENTED_EDGE('',*,*,#13690,.F.);
#14955 = ORIENTED_EDGE('',*,*,#14949,.F.);
#14956 = CYLINDRICAL_SURFACE('',#14957,0.15);
#14957 = AXIS2_PLACEMENT_3D('',#14958,#14959,#14960);
#14958 = CARTESIAN_POINT('',(136.98,-89.5,-3.6E-02));
#14959 = DIRECTION('',(-0.,-0.,-1.));
#14960 = DIRECTION('',(-1.894780628694E-13,-1.,0.));
#14961 = ADVANCED_FACE('',(#14962),#14973,.F.);
#14962 = FACE_BOUND('',#14963,.T.);
#14963 = EDGE_LOOP('',(#14964,#14965,#14971,#14972));
#14964 = ORIENTED_EDGE('',*,*,#12606,.T.);
#14965 = ORIENTED_EDGE('',*,*,#14966,.T.);
#14966 = EDGE_CURVE('',#12607,#13702,#14967,.T.);
#14967 = LINE('',#14968,#14969);
#14968 = CARTESIAN_POINT('',(137.03,-87.65,-3.6E-02));
#14969 = VECTOR('',#14970,1.);
#14970 = DIRECTION('',(0.,0.,1.));
#14971 = ORIENTED_EDGE('',*,*,#13701,.F.);
#14972 = ORIENTED_EDGE('',*,*,#14966,.F.);
#14973 = CYLINDRICAL_SURFACE('',#14974,0.15);
#14974 = AXIS2_PLACEMENT_3D('',#14975,#14976,#14977);
#14975 = CARTESIAN_POINT('',(137.03,-87.5,-3.6E-02));
#14976 = DIRECTION('',(-0.,-0.,-1.));
#14977 = DIRECTION('',(-0.,-1.,0.));
#14978 = ADVANCED_FACE('',(#14979),#14990,.F.);
#14979 = FACE_BOUND('',#14980,.T.);
#14980 = EDGE_LOOP('',(#14981,#14982,#14988,#14989));
#14981 = ORIENTED_EDGE('',*,*,#12617,.T.);
#14982 = ORIENTED_EDGE('',*,*,#14983,.T.);
#14983 = EDGE_CURVE('',#12618,#13713,#14984,.T.);
#14984 = LINE('',#14985,#14986);
#14985 = CARTESIAN_POINT('',(134.15,-86.36,-3.6E-02));
#14986 = VECTOR('',#14987,1.);
#14987 = DIRECTION('',(0.,0.,1.));
#14988 = ORIENTED_EDGE('',*,*,#13712,.F.);
#14989 = ORIENTED_EDGE('',*,*,#14983,.F.);
#14990 = CYLINDRICAL_SURFACE('',#14991,0.15);
#14991 = AXIS2_PLACEMENT_3D('',#14992,#14993,#14994);
#14992 = CARTESIAN_POINT('',(134.15,-86.21,-3.6E-02));
#14993 = DIRECTION('',(-0.,-0.,-1.));
#14994 = DIRECTION('',(-0.,-1.,0.));
#14995 = ADVANCED_FACE('',(#14996),#15007,.F.);
#14996 = FACE_BOUND('',#14997,.T.);
#14997 = EDGE_LOOP('',(#14998,#14999,#15005,#15006));
#14998 = ORIENTED_EDGE('',*,*,#12628,.T.);
#14999 = ORIENTED_EDGE('',*,*,#15000,.T.);
#15000 = EDGE_CURVE('',#12629,#13724,#15001,.T.);
#15001 = LINE('',#15002,#15003);
#15002 = CARTESIAN_POINT('',(136.,-84.15,-3.6E-02));
#15003 = VECTOR('',#15004,1.);
#15004 = DIRECTION('',(0.,0.,1.));
#15005 = ORIENTED_EDGE('',*,*,#13723,.F.);
#15006 = ORIENTED_EDGE('',*,*,#15000,.F.);
#15007 = CYLINDRICAL_SURFACE('',#15008,0.15);
#15008 = AXIS2_PLACEMENT_3D('',#15009,#15010,#15011);
#15009 = CARTESIAN_POINT('',(136.,-84.,-3.6E-02));
#15010 = DIRECTION('',(-0.,-0.,-1.));
#15011 = DIRECTION('',(-0.,-1.,0.));
#15012 = ADVANCED_FACE('',(#15013),#15024,.F.);
#15013 = FACE_BOUND('',#15014,.T.);
#15014 = EDGE_LOOP('',(#15015,#15016,#15022,#15023));
#15015 = ORIENTED_EDGE('',*,*,#12639,.T.);
#15016 = ORIENTED_EDGE('',*,*,#15017,.T.);
#15017 = EDGE_CURVE('',#12640,#13735,#15018,.T.);
#15018 = LINE('',#15019,#15020);
#15019 = CARTESIAN_POINT('',(141.59125,-94.87125,-4.6E-02));
#15020 = VECTOR('',#15021,1.);
#15021 = DIRECTION('',(0.,0.,1.));
#15022 = ORIENTED_EDGE('',*,*,#13734,.F.);
#15023 = ORIENTED_EDGE('',*,*,#15017,.F.);
#15024 = CYLINDRICAL_SURFACE('',#15025,1.E-01);
#15025 = AXIS2_PLACEMENT_3D('',#15026,#15027,#15028);
#15026 = CARTESIAN_POINT('',(141.59125,-94.77125,-4.6E-02));
#15027 = DIRECTION('',(-0.,-0.,-1.));
#15028 = DIRECTION('',(-0.,-1.,0.));
#15029 = ADVANCED_FACE('',(#15030),#15041,.F.);
#15030 = FACE_BOUND('',#15031,.T.);
#15031 = EDGE_LOOP('',(#15032,#15033,#15039,#15040));
#15032 = ORIENTED_EDGE('',*,*,#12650,.T.);
#15033 = ORIENTED_EDGE('',*,*,#15034,.T.);
#15034 = EDGE_CURVE('',#12651,#13746,#15035,.T.);
#15035 = LINE('',#15036,#15037);
#15036 = CARTESIAN_POINT('',(140.5,-93.,-3.6E-02));
#15037 = VECTOR('',#15038,1.);
#15038 = DIRECTION('',(0.,0.,1.));
#15039 = ORIENTED_EDGE('',*,*,#13745,.F.);
#15040 = ORIENTED_EDGE('',*,*,#15034,.F.);
#15041 = CYLINDRICAL_SURFACE('',#15042,0.15);
#15042 = AXIS2_PLACEMENT_3D('',#15043,#15044,#15045);
#15043 = CARTESIAN_POINT('',(140.5,-92.85,-3.6E-02));
#15044 = DIRECTION('',(-0.,-0.,-1.));
#15045 = DIRECTION('',(-0.,-1.,0.));
#15046 = ADVANCED_FACE('',(#15047),#15058,.F.);
#15047 = FACE_BOUND('',#15048,.T.);
#15048 = EDGE_LOOP('',(#15049,#15050,#15056,#15057));
#15049 = ORIENTED_EDGE('',*,*,#12661,.T.);
#15050 = ORIENTED_EDGE('',*,*,#15051,.T.);
#15051 = EDGE_CURVE('',#12662,#13757,#15052,.T.);
#15052 = LINE('',#15053,#15054);
#15053 = CARTESIAN_POINT('',(140.29,-91.32,-3.6E-02));
#15054 = VECTOR('',#15055,1.);
#15055 = DIRECTION('',(0.,0.,1.));
#15056 = ORIENTED_EDGE('',*,*,#13756,.F.);
#15057 = ORIENTED_EDGE('',*,*,#15051,.F.);
#15058 = CYLINDRICAL_SURFACE('',#15059,0.15);
#15059 = AXIS2_PLACEMENT_3D('',#15060,#15061,#15062);
#15060 = CARTESIAN_POINT('',(140.29,-91.17,-3.6E-02));
#15061 = DIRECTION('',(-0.,-0.,-1.));
#15062 = DIRECTION('',(-0.,-1.,0.));
#15063 = ADVANCED_FACE('',(#15064),#15075,.F.);
#15064 = FACE_BOUND('',#15065,.T.);
#15065 = EDGE_LOOP('',(#15066,#15067,#15073,#15074));
#15066 = ORIENTED_EDGE('',*,*,#12672,.T.);
#15067 = ORIENTED_EDGE('',*,*,#15068,.T.);
#15068 = EDGE_CURVE('',#12673,#13768,#15069,.T.);
#15069 = LINE('',#15070,#15071);
#15070 = CARTESIAN_POINT('',(142.59125,-94.87125,-4.6E-02));
#15071 = VECTOR('',#15072,1.);
#15072 = DIRECTION('',(0.,0.,1.));
#15073 = ORIENTED_EDGE('',*,*,#13767,.F.);
#15074 = ORIENTED_EDGE('',*,*,#15068,.F.);
#15075 = CYLINDRICAL_SURFACE('',#15076,1.E-01);
#15076 = AXIS2_PLACEMENT_3D('',#15077,#15078,#15079);
#15077 = CARTESIAN_POINT('',(142.59125,-94.77125,-4.6E-02));
#15078 = DIRECTION('',(-0.,-0.,-1.));
#15079 = DIRECTION('',(-0.,-1.,0.));
#15080 = ADVANCED_FACE('',(#15081),#15092,.F.);
#15081 = FACE_BOUND('',#15082,.T.);
#15082 = EDGE_LOOP('',(#15083,#15084,#15090,#15091));
#15083 = ORIENTED_EDGE('',*,*,#12683,.T.);
#15084 = ORIENTED_EDGE('',*,*,#15085,.T.);
#15085 = EDGE_CURVE('',#12684,#13779,#15086,.T.);
#15086 = LINE('',#15087,#15088);
#15087 = CARTESIAN_POINT('',(143.59125,-94.87125,-4.6E-02));
#15088 = VECTOR('',#15089,1.);
#15089 = DIRECTION('',(0.,0.,1.));
#15090 = ORIENTED_EDGE('',*,*,#13778,.F.);
#15091 = ORIENTED_EDGE('',*,*,#15085,.F.);
#15092 = CYLINDRICAL_SURFACE('',#15093,1.E-01);
#15093 = AXIS2_PLACEMENT_3D('',#15094,#15095,#15096);
#15094 = CARTESIAN_POINT('',(143.59125,-94.77125,-4.6E-02));
#15095 = DIRECTION('',(-0.,-0.,-1.));
#15096 = DIRECTION('',(-0.,-1.,0.));
#15097 = ADVANCED_FACE('',(#15098),#15109,.F.);
#15098 = FACE_BOUND('',#15099,.T.);
#15099 = EDGE_LOOP('',(#15100,#15101,#15107,#15108));
#15100 = ORIENTED_EDGE('',*,*,#12694,.T.);
#15101 = ORIENTED_EDGE('',*,*,#15102,.T.);
#15102 = EDGE_CURVE('',#12695,#13790,#15103,.T.);
#15103 = LINE('',#15104,#15105);
#15104 = CARTESIAN_POINT('',(143.91625,-93.62125,-3.6E-02));
#15105 = VECTOR('',#15106,1.);
#15106 = DIRECTION('',(0.,0.,1.));
#15107 = ORIENTED_EDGE('',*,*,#13789,.F.);
#15108 = ORIENTED_EDGE('',*,*,#15102,.F.);
#15109 = CYLINDRICAL_SURFACE('',#15110,0.15);
#15110 = AXIS2_PLACEMENT_3D('',#15111,#15112,#15113);
#15111 = CARTESIAN_POINT('',(143.91625,-93.47125,-3.6E-02));
#15112 = DIRECTION('',(-0.,-0.,-1.));
#15113 = DIRECTION('',(-0.,-1.,0.));
#15114 = ADVANCED_FACE('',(#15115),#15126,.F.);
#15115 = FACE_BOUND('',#15116,.T.);
#15116 = EDGE_LOOP('',(#15117,#15118,#15124,#15125));
#15117 = ORIENTED_EDGE('',*,*,#12705,.T.);
#15118 = ORIENTED_EDGE('',*,*,#15119,.T.);
#15119 = EDGE_CURVE('',#12706,#13801,#15120,.T.);
#15120 = LINE('',#15121,#15122);
#15121 = CARTESIAN_POINT('',(142.58,-91.39,-3.6E-02));
#15122 = VECTOR('',#15123,1.);
#15123 = DIRECTION('',(0.,0.,1.));
#15124 = ORIENTED_EDGE('',*,*,#13800,.F.);
#15125 = ORIENTED_EDGE('',*,*,#15119,.F.);
#15126 = CYLINDRICAL_SURFACE('',#15127,0.15);
#15127 = AXIS2_PLACEMENT_3D('',#15128,#15129,#15130);
#15128 = CARTESIAN_POINT('',(142.58,-91.24,-3.6E-02));
#15129 = DIRECTION('',(-0.,0.,-1.));
#15130 = DIRECTION('',(1.894780628694E-13,-1.,-0.));
#15131 = ADVANCED_FACE('',(#15132),#15143,.F.);
#15132 = FACE_BOUND('',#15133,.T.);
#15133 = EDGE_LOOP('',(#15134,#15135,#15141,#15142));
#15134 = ORIENTED_EDGE('',*,*,#12716,.T.);
#15135 = ORIENTED_EDGE('',*,*,#15136,.T.);
#15136 = EDGE_CURVE('',#12717,#13812,#15137,.T.);
#15137 = LINE('',#15138,#15139);
#15138 = CARTESIAN_POINT('',(142.1,-90.72,-3.6E-02));
#15139 = VECTOR('',#15140,1.);
#15140 = DIRECTION('',(0.,0.,1.));
#15141 = ORIENTED_EDGE('',*,*,#13811,.F.);
#15142 = ORIENTED_EDGE('',*,*,#15136,.F.);
#15143 = CYLINDRICAL_SURFACE('',#15144,0.15);
#15144 = AXIS2_PLACEMENT_3D('',#15145,#15146,#15147);
#15145 = CARTESIAN_POINT('',(142.1,-90.57,-3.6E-02));
#15146 = DIRECTION('',(-0.,-0.,-1.));
#15147 = DIRECTION('',(-0.,-1.,0.));
#15148 = ADVANCED_FACE('',(#15149),#15160,.F.);
#15149 = FACE_BOUND('',#15150,.T.);
#15150 = EDGE_LOOP('',(#15151,#15152,#15158,#15159));
#15151 = ORIENTED_EDGE('',*,*,#12727,.T.);
#15152 = ORIENTED_EDGE('',*,*,#15153,.T.);
#15153 = EDGE_CURVE('',#12728,#13823,#15154,.T.);
#15154 = LINE('',#15155,#15156);
#15155 = CARTESIAN_POINT('',(139.55,-88.08,-3.6E-02));
#15156 = VECTOR('',#15157,1.);
#15157 = DIRECTION('',(0.,0.,1.));
#15158 = ORIENTED_EDGE('',*,*,#13822,.F.);
#15159 = ORIENTED_EDGE('',*,*,#15153,.F.);
#15160 = CYLINDRICAL_SURFACE('',#15161,0.15);
#15161 = AXIS2_PLACEMENT_3D('',#15162,#15163,#15164);
#15162 = CARTESIAN_POINT('',(139.55,-87.93,-3.6E-02));
#15163 = DIRECTION('',(-0.,-0.,-1.));
#15164 = DIRECTION('',(-0.,-1.,0.));
#15165 = ADVANCED_FACE('',(#15166),#15177,.F.);
#15166 = FACE_BOUND('',#15167,.T.);
#15167 = EDGE_LOOP('',(#15168,#15169,#15175,#15176));
#15168 = ORIENTED_EDGE('',*,*,#12738,.T.);
#15169 = ORIENTED_EDGE('',*,*,#15170,.T.);
#15170 = EDGE_CURVE('',#12739,#13834,#15171,.T.);
#15171 = LINE('',#15172,#15173);
#15172 = CARTESIAN_POINT('',(142.83,-87.05,-4.6E-02));
#15173 = VECTOR('',#15174,1.);
#15174 = DIRECTION('',(0.,0.,1.));
#15175 = ORIENTED_EDGE('',*,*,#13833,.F.);
#15176 = ORIENTED_EDGE('',*,*,#15170,.F.);
#15177 = CYLINDRICAL_SURFACE('',#15178,0.6);
#15178 = AXIS2_PLACEMENT_3D('',#15179,#15180,#15181);
#15179 = CARTESIAN_POINT('',(142.83,-86.45,-4.6E-02));
#15180 = DIRECTION('',(-0.,0.,-1.));
#15181 = DIRECTION('',(4.736951571734E-14,-1.,-0.));
#15182 = ADVANCED_FACE('',(#15183),#15194,.F.);
#15183 = FACE_BOUND('',#15184,.T.);
#15184 = EDGE_LOOP('',(#15185,#15186,#15192,#15193));
#15185 = ORIENTED_EDGE('',*,*,#12749,.T.);
#15186 = ORIENTED_EDGE('',*,*,#15187,.T.);
#15187 = EDGE_CURVE('',#12750,#13845,#15188,.T.);
#15188 = LINE('',#15189,#15190);
#15189 = CARTESIAN_POINT('',(118.5,-75.65,-3.6E-02));
#15190 = VECTOR('',#15191,1.);
#15191 = DIRECTION('',(0.,0.,1.));
#15192 = ORIENTED_EDGE('',*,*,#13844,.F.);
#15193 = ORIENTED_EDGE('',*,*,#15187,.F.);
#15194 = CYLINDRICAL_SURFACE('',#15195,0.15);
#15195 = AXIS2_PLACEMENT_3D('',#15196,#15197,#15198);
#15196 = CARTESIAN_POINT('',(118.5,-75.5,-3.6E-02));
#15197 = DIRECTION('',(-0.,-0.,-1.));
#15198 = DIRECTION('',(-0.,-1.,0.));
#15199 = ADVANCED_FACE('',(#15200),#15211,.F.);
#15200 = FACE_BOUND('',#15201,.T.);
#15201 = EDGE_LOOP('',(#15202,#15203,#15209,#15210));
#15202 = ORIENTED_EDGE('',*,*,#12760,.T.);
#15203 = ORIENTED_EDGE('',*,*,#15204,.T.);
#15204 = EDGE_CURVE('',#12761,#13856,#15205,.T.);
#15205 = LINE('',#15206,#15207);
#15206 = CARTESIAN_POINT('',(122.13,-81.2,-3.6E-02));
#15207 = VECTOR('',#15208,1.);
#15208 = DIRECTION('',(0.,0.,1.));
#15209 = ORIENTED_EDGE('',*,*,#13855,.F.);
#15210 = ORIENTED_EDGE('',*,*,#15204,.F.);
#15211 = CYLINDRICAL_SURFACE('',#15212,0.15);
#15212 = AXIS2_PLACEMENT_3D('',#15213,#15214,#15215);
#15213 = CARTESIAN_POINT('',(122.13,-81.05,-3.6E-02));
#15214 = DIRECTION('',(-0.,-0.,-1.));
#15215 = DIRECTION('',(-0.,-1.,0.));
#15216 = ADVANCED_FACE('',(#15217),#15228,.F.);
#15217 = FACE_BOUND('',#15218,.T.);
#15218 = EDGE_LOOP('',(#15219,#15220,#15226,#15227));
#15219 = ORIENTED_EDGE('',*,*,#12771,.T.);
#15220 = ORIENTED_EDGE('',*,*,#15221,.T.);
#15221 = EDGE_CURVE('',#12772,#13867,#15222,.T.);
#15222 = LINE('',#15223,#15224);
#15223 = CARTESIAN_POINT('',(127.,-83.15,-3.6E-02));
#15224 = VECTOR('',#15225,1.);
#15225 = DIRECTION('',(0.,0.,1.));
#15226 = ORIENTED_EDGE('',*,*,#13866,.F.);
#15227 = ORIENTED_EDGE('',*,*,#15221,.F.);
#15228 = CYLINDRICAL_SURFACE('',#15229,0.15);
#15229 = AXIS2_PLACEMENT_3D('',#15230,#15231,#15232);
#15230 = CARTESIAN_POINT('',(127.,-83.,-3.6E-02));
#15231 = DIRECTION('',(-0.,-0.,-1.));
#15232 = DIRECTION('',(-0.,-1.,0.));
#15233 = ADVANCED_FACE('',(#15234),#15245,.F.);
#15234 = FACE_BOUND('',#15235,.T.);
#15235 = EDGE_LOOP('',(#15236,#15237,#15243,#15244));
#15236 = ORIENTED_EDGE('',*,*,#12782,.T.);
#15237 = ORIENTED_EDGE('',*,*,#15238,.T.);
#15238 = EDGE_CURVE('',#12783,#13878,#15239,.T.);
#15239 = LINE('',#15240,#15241);
#15240 = CARTESIAN_POINT('',(127.6,-80.23,-3.6E-02));
#15241 = VECTOR('',#15242,1.);
#15242 = DIRECTION('',(0.,0.,1.));
#15243 = ORIENTED_EDGE('',*,*,#13877,.F.);
#15244 = ORIENTED_EDGE('',*,*,#15238,.F.);
#15245 = CYLINDRICAL_SURFACE('',#15246,0.15);
#15246 = AXIS2_PLACEMENT_3D('',#15247,#15248,#15249);
#15247 = CARTESIAN_POINT('',(127.6,-80.08,-3.6E-02));
#15248 = DIRECTION('',(-0.,-0.,-1.));
#15249 = DIRECTION('',(-0.,-1.,0.));
#15250 = ADVANCED_FACE('',(#15251),#15262,.F.);
#15251 = FACE_BOUND('',#15252,.T.);
#15252 = EDGE_LOOP('',(#15253,#15254,#15260,#15261));
#15253 = ORIENTED_EDGE('',*,*,#12793,.T.);
#15254 = ORIENTED_EDGE('',*,*,#15255,.T.);
#15255 = EDGE_CURVE('',#12794,#13889,#15256,.T.);
#15256 = LINE('',#15257,#15258);
#15257 = CARTESIAN_POINT('',(129.,-79.7,-3.6E-02));
#15258 = VECTOR('',#15259,1.);
#15259 = DIRECTION('',(0.,0.,1.));
#15260 = ORIENTED_EDGE('',*,*,#13888,.F.);
#15261 = ORIENTED_EDGE('',*,*,#15255,.F.);
#15262 = CYLINDRICAL_SURFACE('',#15263,0.15);
#15263 = AXIS2_PLACEMENT_3D('',#15264,#15265,#15266);
#15264 = CARTESIAN_POINT('',(129.,-79.55,-3.6E-02));
#15265 = DIRECTION('',(-0.,-0.,-1.));
#15266 = DIRECTION('',(-0.,-1.,0.));
#15267 = ADVANCED_FACE('',(#15268),#15279,.F.);
#15268 = FACE_BOUND('',#15269,.T.);
#15269 = EDGE_LOOP('',(#15270,#15271,#15277,#15278));
#15270 = ORIENTED_EDGE('',*,*,#12804,.T.);
#15271 = ORIENTED_EDGE('',*,*,#15272,.T.);
#15272 = EDGE_CURVE('',#12805,#13900,#15273,.T.);
#15273 = LINE('',#15274,#15275);
#15274 = CARTESIAN_POINT('',(121.15,-77.11,-3.6E-02));
#15275 = VECTOR('',#15276,1.);
#15276 = DIRECTION('',(0.,0.,1.));
#15277 = ORIENTED_EDGE('',*,*,#13899,.F.);
#15278 = ORIENTED_EDGE('',*,*,#15272,.F.);
#15279 = CYLINDRICAL_SURFACE('',#15280,0.15);
#15280 = AXIS2_PLACEMENT_3D('',#15281,#15282,#15283);
#15281 = CARTESIAN_POINT('',(121.15,-76.96,-3.6E-02));
#15282 = DIRECTION('',(-0.,-0.,-1.));
#15283 = DIRECTION('',(-0.,-1.,0.));
#15284 = ADVANCED_FACE('',(#15285),#15296,.F.);
#15285 = FACE_BOUND('',#15286,.T.);
#15286 = EDGE_LOOP('',(#15287,#15288,#15294,#15295));
#15287 = ORIENTED_EDGE('',*,*,#12815,.T.);
#15288 = ORIENTED_EDGE('',*,*,#15289,.T.);
#15289 = EDGE_CURVE('',#12816,#13911,#15290,.T.);
#15290 = LINE('',#15291,#15292);
#15291 = CARTESIAN_POINT('',(123.,-75.65,-3.6E-02));
#15292 = VECTOR('',#15293,1.);
#15293 = DIRECTION('',(0.,0.,1.));
#15294 = ORIENTED_EDGE('',*,*,#13910,.F.);
#15295 = ORIENTED_EDGE('',*,*,#15289,.F.);
#15296 = CYLINDRICAL_SURFACE('',#15297,0.15);
#15297 = AXIS2_PLACEMENT_3D('',#15298,#15299,#15300);
#15298 = CARTESIAN_POINT('',(123.,-75.5,-3.6E-02));
#15299 = DIRECTION('',(-0.,-0.,-1.));
#15300 = DIRECTION('',(-0.,-1.,0.));
#15301 = ADVANCED_FACE('',(#15302),#15313,.F.);
#15302 = FACE_BOUND('',#15303,.T.);
#15303 = EDGE_LOOP('',(#15304,#15305,#15311,#15312));
#15304 = ORIENTED_EDGE('',*,*,#12826,.T.);
#15305 = ORIENTED_EDGE('',*,*,#15306,.T.);
#15306 = EDGE_CURVE('',#12827,#13922,#15307,.T.);
#15307 = LINE('',#15308,#15309);
#15308 = CARTESIAN_POINT('',(123.77,-77.71,-3.6E-02));
#15309 = VECTOR('',#15310,1.);
#15310 = DIRECTION('',(0.,0.,1.));
#15311 = ORIENTED_EDGE('',*,*,#13921,.F.);
#15312 = ORIENTED_EDGE('',*,*,#15306,.F.);
#15313 = CYLINDRICAL_SURFACE('',#15314,0.15);
#15314 = AXIS2_PLACEMENT_3D('',#15315,#15316,#15317);
#15315 = CARTESIAN_POINT('',(123.77,-77.56,-3.6E-02));
#15316 = DIRECTION('',(-0.,-0.,-1.));
#15317 = DIRECTION('',(-9.473903143469E-14,-1.,0.));
#15318 = ADVANCED_FACE('',(#15319),#15330,.F.);
#15319 = FACE_BOUND('',#15320,.T.);
#15320 = EDGE_LOOP('',(#15321,#15322,#15328,#15329));
#15321 = ORIENTED_EDGE('',*,*,#12837,.T.);
#15322 = ORIENTED_EDGE('',*,*,#15323,.T.);
#15323 = EDGE_CURVE('',#12838,#13933,#15324,.T.);
#15324 = LINE('',#15325,#15326);
#15325 = CARTESIAN_POINT('',(121.,-74.65,-3.6E-02));
#15326 = VECTOR('',#15327,1.);
#15327 = DIRECTION('',(0.,0.,1.));
#15328 = ORIENTED_EDGE('',*,*,#13932,.F.);
#15329 = ORIENTED_EDGE('',*,*,#15323,.F.);
#15330 = CYLINDRICAL_SURFACE('',#15331,0.15);
#15331 = AXIS2_PLACEMENT_3D('',#15332,#15333,#15334);
#15332 = CARTESIAN_POINT('',(121.,-74.5,-3.6E-02));
#15333 = DIRECTION('',(-0.,-0.,-1.));
#15334 = DIRECTION('',(-0.,-1.,0.));
#15335 = ADVANCED_FACE('',(#15336),#15347,.F.);
#15336 = FACE_BOUND('',#15337,.T.);
#15337 = EDGE_LOOP('',(#15338,#15339,#15345,#15346));
#15338 = ORIENTED_EDGE('',*,*,#12848,.T.);
#15339 = ORIENTED_EDGE('',*,*,#15340,.T.);
#15340 = EDGE_CURVE('',#12849,#13944,#15341,.T.);
#15341 = LINE('',#15342,#15343);
#15342 = CARTESIAN_POINT('',(123.,-74.65,-3.6E-02));
#15343 = VECTOR('',#15344,1.);
#15344 = DIRECTION('',(0.,0.,1.));
#15345 = ORIENTED_EDGE('',*,*,#13943,.F.);
#15346 = ORIENTED_EDGE('',*,*,#15340,.F.);
#15347 = CYLINDRICAL_SURFACE('',#15348,0.15);
#15348 = AXIS2_PLACEMENT_3D('',#15349,#15350,#15351);
#15349 = CARTESIAN_POINT('',(123.,-74.5,-3.6E-02));
#15350 = DIRECTION('',(-0.,-0.,-1.));
#15351 = DIRECTION('',(-0.,-1.,0.));
#15352 = ADVANCED_FACE('',(#15353),#15364,.F.);
#15353 = FACE_BOUND('',#15354,.T.);
#15354 = EDGE_LOOP('',(#15355,#15356,#15362,#15363));
#15355 = ORIENTED_EDGE('',*,*,#12859,.T.);
#15356 = ORIENTED_EDGE('',*,*,#15357,.T.);
#15357 = EDGE_CURVE('',#12860,#13955,#15358,.T.);
#15358 = LINE('',#15359,#15360);
#15359 = CARTESIAN_POINT('',(122.02,-72.63,-3.6E-02));
#15360 = VECTOR('',#15361,1.);
#15361 = DIRECTION('',(0.,0.,1.));
#15362 = ORIENTED_EDGE('',*,*,#13954,.F.);
#15363 = ORIENTED_EDGE('',*,*,#15357,.F.);
#15364 = CYLINDRICAL_SURFACE('',#15365,0.15);
#15365 = AXIS2_PLACEMENT_3D('',#15366,#15367,#15368);
#15366 = CARTESIAN_POINT('',(122.02,-72.48,-3.6E-02));
#15367 = DIRECTION('',(-0.,-0.,-1.));
#15368 = DIRECTION('',(-9.473903143469E-14,-1.,0.));
#15369 = ADVANCED_FACE('',(#15370),#15381,.F.);
#15370 = FACE_BOUND('',#15371,.T.);
#15371 = EDGE_LOOP('',(#15372,#15373,#15379,#15380));
#15372 = ORIENTED_EDGE('',*,*,#12870,.T.);
#15373 = ORIENTED_EDGE('',*,*,#15374,.T.);
#15374 = EDGE_CURVE('',#12871,#13966,#15375,.T.);
#15375 = LINE('',#15376,#15377);
#15376 = CARTESIAN_POINT('',(127.577468,-75.950797,-3.6E-02));
#15377 = VECTOR('',#15378,1.);
#15378 = DIRECTION('',(0.,0.,1.));
#15379 = ORIENTED_EDGE('',*,*,#13965,.F.);
#15380 = ORIENTED_EDGE('',*,*,#15374,.F.);
#15381 = CYLINDRICAL_SURFACE('',#15382,0.15);
#15382 = AXIS2_PLACEMENT_3D('',#15383,#15384,#15385);
#15383 = CARTESIAN_POINT('',(127.577468,-75.800797,-3.6E-02));
#15384 = DIRECTION('',(-0.,-0.,-1.));
#15385 = DIRECTION('',(-9.473903143469E-14,-1.,0.));
#15386 = ADVANCED_FACE('',(#15387),#15398,.F.);
#15387 = FACE_BOUND('',#15388,.T.);
#15388 = EDGE_LOOP('',(#15389,#15390,#15396,#15397));
#15389 = ORIENTED_EDGE('',*,*,#12881,.T.);
#15390 = ORIENTED_EDGE('',*,*,#15391,.T.);
#15391 = EDGE_CURVE('',#12882,#13977,#15392,.T.);
#15392 = LINE('',#15393,#15394);
#15393 = CARTESIAN_POINT('',(127.5,-74.65,-3.6E-02));
#15394 = VECTOR('',#15395,1.);
#15395 = DIRECTION('',(0.,0.,1.));
#15396 = ORIENTED_EDGE('',*,*,#13976,.F.);
#15397 = ORIENTED_EDGE('',*,*,#15391,.F.);
#15398 = CYLINDRICAL_SURFACE('',#15399,0.15);
#15399 = AXIS2_PLACEMENT_3D('',#15400,#15401,#15402);
#15400 = CARTESIAN_POINT('',(127.5,-74.5,-3.6E-02));
#15401 = DIRECTION('',(-0.,-0.,-1.));
#15402 = DIRECTION('',(-0.,-1.,0.));
#15403 = ADVANCED_FACE('',(#15404),#15415,.F.);
#15404 = FACE_BOUND('',#15405,.T.);
#15405 = EDGE_LOOP('',(#15406,#15407,#15413,#15414));
#15406 = ORIENTED_EDGE('',*,*,#12892,.T.);
#15407 = ORIENTED_EDGE('',*,*,#15408,.T.);
#15408 = EDGE_CURVE('',#12893,#13988,#15409,.T.);
#15409 = LINE('',#15410,#15411);
#15410 = CARTESIAN_POINT('',(115.,-69.798615,-3.6E-02));
#15411 = VECTOR('',#15412,1.);
#15412 = DIRECTION('',(0.,0.,1.));
#15413 = ORIENTED_EDGE('',*,*,#13987,.F.);
#15414 = ORIENTED_EDGE('',*,*,#15408,.F.);
#15415 = CYLINDRICAL_SURFACE('',#15416,0.15);
#15416 = AXIS2_PLACEMENT_3D('',#15417,#15418,#15419);
#15417 = CARTESIAN_POINT('',(115.,-69.648615,-3.6E-02));
#15418 = DIRECTION('',(-0.,-0.,-1.));
#15419 = DIRECTION('',(-0.,-1.,0.));
#15420 = ADVANCED_FACE('',(#15421),#15432,.F.);
#15421 = FACE_BOUND('',#15422,.T.);
#15422 = EDGE_LOOP('',(#15423,#15424,#15430,#15431));
#15423 = ORIENTED_EDGE('',*,*,#12903,.T.);
#15424 = ORIENTED_EDGE('',*,*,#15425,.T.);
#15425 = EDGE_CURVE('',#12904,#13999,#15426,.T.);
#15426 = LINE('',#15427,#15428);
#15427 = CARTESIAN_POINT('',(116.190285,-69.876949,-3.6E-02));
#15428 = VECTOR('',#15429,1.);
#15429 = DIRECTION('',(0.,0.,1.));
#15430 = ORIENTED_EDGE('',*,*,#13998,.F.);
#15431 = ORIENTED_EDGE('',*,*,#15425,.F.);
#15432 = CYLINDRICAL_SURFACE('',#15433,0.15);
#15433 = AXIS2_PLACEMENT_3D('',#15434,#15435,#15436);
#15434 = CARTESIAN_POINT('',(116.190285,-69.726949,-3.6E-02));
#15435 = DIRECTION('',(-0.,0.,-1.));
#15436 = DIRECTION('',(9.473903143468E-14,-1.,-0.));
#15437 = ADVANCED_FACE('',(#15438),#15449,.F.);
#15438 = FACE_BOUND('',#15439,.T.);
#15439 = EDGE_LOOP('',(#15440,#15441,#15447,#15448));
#15440 = ORIENTED_EDGE('',*,*,#12914,.T.);
#15441 = ORIENTED_EDGE('',*,*,#15442,.T.);
#15442 = EDGE_CURVE('',#12915,#14010,#15443,.T.);
#15443 = LINE('',#15444,#15445);
#15444 = CARTESIAN_POINT('',(116.,-66.65,-3.6E-02));
#15445 = VECTOR('',#15446,1.);
#15446 = DIRECTION('',(0.,0.,1.));
#15447 = ORIENTED_EDGE('',*,*,#14009,.F.);
#15448 = ORIENTED_EDGE('',*,*,#15442,.F.);
#15449 = CYLINDRICAL_SURFACE('',#15450,0.15);
#15450 = AXIS2_PLACEMENT_3D('',#15451,#15452,#15453);
#15451 = CARTESIAN_POINT('',(116.,-66.5,-3.6E-02));
#15452 = DIRECTION('',(-0.,-0.,-1.));
#15453 = DIRECTION('',(-0.,-1.,0.));
#15454 = ADVANCED_FACE('',(#15455),#15466,.F.);
#15455 = FACE_BOUND('',#15456,.T.);
#15456 = EDGE_LOOP('',(#15457,#15458,#15464,#15465));
#15457 = ORIENTED_EDGE('',*,*,#12925,.T.);
#15458 = ORIENTED_EDGE('',*,*,#15459,.T.);
#15459 = EDGE_CURVE('',#12926,#14021,#15460,.T.);
#15460 = LINE('',#15461,#15462);
#15461 = CARTESIAN_POINT('',(115.,-64.1,-4.6E-02));
#15462 = VECTOR('',#15463,1.);
#15463 = DIRECTION('',(0.,0.,1.));
#15464 = ORIENTED_EDGE('',*,*,#14020,.F.);
#15465 = ORIENTED_EDGE('',*,*,#15459,.F.);
#15466 = CYLINDRICAL_SURFACE('',#15467,1.6);
#15467 = AXIS2_PLACEMENT_3D('',#15468,#15469,#15470);
#15468 = CARTESIAN_POINT('',(115.,-62.5,-4.6E-02));
#15469 = DIRECTION('',(-0.,-0.,-1.));
#15470 = DIRECTION('',(-0.,-1.,0.));
#15471 = ADVANCED_FACE('',(#15472),#15483,.F.);
#15472 = FACE_BOUND('',#15473,.T.);
#15473 = EDGE_LOOP('',(#15474,#15475,#15481,#15482));
#15474 = ORIENTED_EDGE('',*,*,#12936,.T.);
#15475 = ORIENTED_EDGE('',*,*,#15476,.T.);
#15476 = EDGE_CURVE('',#12937,#14032,#15477,.T.);
#15477 = LINE('',#15478,#15479);
#15478 = CARTESIAN_POINT('',(121.5,-70.55,-3.6E-02));
#15479 = VECTOR('',#15480,1.);
#15480 = DIRECTION('',(0.,0.,1.));
#15481 = ORIENTED_EDGE('',*,*,#14031,.F.);
#15482 = ORIENTED_EDGE('',*,*,#15476,.F.);
#15483 = CYLINDRICAL_SURFACE('',#15484,0.15);
#15484 = AXIS2_PLACEMENT_3D('',#15485,#15486,#15487);
#15485 = CARTESIAN_POINT('',(121.5,-70.4,-3.6E-02));
#15486 = DIRECTION('',(-0.,-0.,-1.));
#15487 = DIRECTION('',(-0.,-1.,0.));
#15488 = ADVANCED_FACE('',(#15489),#15500,.F.);
#15489 = FACE_BOUND('',#15490,.T.);
#15490 = EDGE_LOOP('',(#15491,#15492,#15498,#15499));
#15491 = ORIENTED_EDGE('',*,*,#12947,.T.);
#15492 = ORIENTED_EDGE('',*,*,#15493,.T.);
#15493 = EDGE_CURVE('',#12948,#14043,#15494,.T.);
#15494 = LINE('',#15495,#15496);
#15495 = CARTESIAN_POINT('',(121.49,-68.38,-3.6E-02));
#15496 = VECTOR('',#15497,1.);
#15497 = DIRECTION('',(0.,0.,1.));
#15498 = ORIENTED_EDGE('',*,*,#14042,.F.);
#15499 = ORIENTED_EDGE('',*,*,#15493,.F.);
#15500 = CYLINDRICAL_SURFACE('',#15501,0.15);
#15501 = AXIS2_PLACEMENT_3D('',#15502,#15503,#15504);
#15502 = CARTESIAN_POINT('',(121.49,-68.23,-3.6E-02));
#15503 = DIRECTION('',(-0.,-0.,-1.));
#15504 = DIRECTION('',(-9.473903143469E-14,-1.,0.));
#15505 = ADVANCED_FACE('',(#15506),#15517,.F.);
#15506 = FACE_BOUND('',#15507,.T.);
#15507 = EDGE_LOOP('',(#15508,#15509,#15515,#15516));
#15508 = ORIENTED_EDGE('',*,*,#12958,.T.);
#15509 = ORIENTED_EDGE('',*,*,#15510,.T.);
#15510 = EDGE_CURVE('',#12959,#14054,#15511,.T.);
#15511 = LINE('',#15512,#15513);
#15512 = CARTESIAN_POINT('',(127.5,-70.15,-3.6E-02));
#15513 = VECTOR('',#15514,1.);
#15514 = DIRECTION('',(0.,0.,1.));
#15515 = ORIENTED_EDGE('',*,*,#14053,.F.);
#15516 = ORIENTED_EDGE('',*,*,#15510,.F.);
#15517 = CYLINDRICAL_SURFACE('',#15518,0.15);
#15518 = AXIS2_PLACEMENT_3D('',#15519,#15520,#15521);
#15519 = CARTESIAN_POINT('',(127.5,-70.,-3.6E-02));
#15520 = DIRECTION('',(-0.,-0.,-1.));
#15521 = DIRECTION('',(-0.,-1.,0.));
#15522 = ADVANCED_FACE('',(#15523),#15534,.F.);
#15523 = FACE_BOUND('',#15524,.T.);
#15524 = EDGE_LOOP('',(#15525,#15526,#15532,#15533));
#15525 = ORIENTED_EDGE('',*,*,#12969,.T.);
#15526 = ORIENTED_EDGE('',*,*,#15527,.T.);
#15527 = EDGE_CURVE('',#12970,#14065,#15528,.T.);
#15528 = LINE('',#15529,#15530);
#15529 = CARTESIAN_POINT('',(124.5,-66.15,-3.6E-02));
#15530 = VECTOR('',#15531,1.);
#15531 = DIRECTION('',(0.,0.,1.));
#15532 = ORIENTED_EDGE('',*,*,#14064,.F.);
#15533 = ORIENTED_EDGE('',*,*,#15527,.F.);
#15534 = CYLINDRICAL_SURFACE('',#15535,0.15);
#15535 = AXIS2_PLACEMENT_3D('',#15536,#15537,#15538);
#15536 = CARTESIAN_POINT('',(124.5,-66.,-3.6E-02));
#15537 = DIRECTION('',(-0.,-0.,-1.));
#15538 = DIRECTION('',(-0.,-1.,0.));
#15539 = ADVANCED_FACE('',(#15540),#15551,.F.);
#15540 = FACE_BOUND('',#15541,.T.);
#15541 = EDGE_LOOP('',(#15542,#15543,#15549,#15550));
#15542 = ORIENTED_EDGE('',*,*,#12980,.T.);
#15543 = ORIENTED_EDGE('',*,*,#15544,.T.);
#15544 = EDGE_CURVE('',#12981,#14076,#15545,.T.);
#15545 = LINE('',#15546,#15547);
#15546 = CARTESIAN_POINT('',(125.,-65.15,-3.6E-02));
#15547 = VECTOR('',#15548,1.);
#15548 = DIRECTION('',(0.,0.,1.));
#15549 = ORIENTED_EDGE('',*,*,#14075,.F.);
#15550 = ORIENTED_EDGE('',*,*,#15544,.F.);
#15551 = CYLINDRICAL_SURFACE('',#15552,0.15);
#15552 = AXIS2_PLACEMENT_3D('',#15553,#15554,#15555);
#15553 = CARTESIAN_POINT('',(125.,-65.,-3.6E-02));
#15554 = DIRECTION('',(-0.,-0.,-1.));
#15555 = DIRECTION('',(-0.,-1.,0.));
#15556 = ADVANCED_FACE('',(#15557),#15568,.F.);
#15557 = FACE_BOUND('',#15558,.T.);
#15558 = EDGE_LOOP('',(#15559,#15560,#15566,#15567));
#15559 = ORIENTED_EDGE('',*,*,#12991,.T.);
#15560 = ORIENTED_EDGE('',*,*,#15561,.T.);
#15561 = EDGE_CURVE('',#12992,#14087,#15562,.T.);
#15562 = LINE('',#15563,#15564);
#15563 = CARTESIAN_POINT('',(122.,-60.875,-4.6E-02));
#15564 = VECTOR('',#15565,1.);
#15565 = DIRECTION('',(0.,0.,1.));
#15566 = ORIENTED_EDGE('',*,*,#14086,.F.);
#15567 = ORIENTED_EDGE('',*,*,#15561,.F.);
#15568 = CYLINDRICAL_SURFACE('',#15569,0.375);
#15569 = AXIS2_PLACEMENT_3D('',#15570,#15571,#15572);
#15570 = CARTESIAN_POINT('',(122.,-60.5,-4.6E-02));
#15571 = DIRECTION('',(-0.,-0.,-1.));
#15572 = DIRECTION('',(-0.,-1.,0.));
#15573 = ADVANCED_FACE('',(#15574),#15585,.F.);
#15574 = FACE_BOUND('',#15575,.T.);
#15575 = EDGE_LOOP('',(#15576,#15577,#15583,#15584));
#15576 = ORIENTED_EDGE('',*,*,#13002,.T.);
#15577 = ORIENTED_EDGE('',*,*,#15578,.T.);
#15578 = EDGE_CURVE('',#13003,#14098,#15579,.T.);
#15579 = LINE('',#15580,#15581);
#15580 = CARTESIAN_POINT('',(124.,-60.875,-4.6E-02));
#15581 = VECTOR('',#15582,1.);
#15582 = DIRECTION('',(0.,0.,1.));
#15583 = ORIENTED_EDGE('',*,*,#14097,.F.);
#15584 = ORIENTED_EDGE('',*,*,#15578,.F.);
#15585 = CYLINDRICAL_SURFACE('',#15586,0.375);
#15586 = AXIS2_PLACEMENT_3D('',#15587,#15588,#15589);
#15587 = CARTESIAN_POINT('',(124.,-60.5,-4.6E-02));
#15588 = DIRECTION('',(-0.,-0.,-1.));
#15589 = DIRECTION('',(-0.,-1.,0.));
#15590 = ADVANCED_FACE('',(#15591),#15602,.F.);
#15591 = FACE_BOUND('',#15592,.T.);
#15592 = EDGE_LOOP('',(#15593,#15594,#15600,#15601));
#15593 = ORIENTED_EDGE('',*,*,#13013,.T.);
#15594 = ORIENTED_EDGE('',*,*,#15595,.T.);
#15595 = EDGE_CURVE('',#13014,#14109,#15596,.T.);
#15596 = LINE('',#15597,#15598);
#15597 = CARTESIAN_POINT('',(125.5,-62.65,-3.6E-02));
#15598 = VECTOR('',#15599,1.);
#15599 = DIRECTION('',(0.,0.,1.));
#15600 = ORIENTED_EDGE('',*,*,#14108,.F.);
#15601 = ORIENTED_EDGE('',*,*,#15595,.F.);
#15602 = CYLINDRICAL_SURFACE('',#15603,0.15);
#15603 = AXIS2_PLACEMENT_3D('',#15604,#15605,#15606);
#15604 = CARTESIAN_POINT('',(125.5,-62.5,-3.6E-02));
#15605 = DIRECTION('',(-0.,-0.,-1.));
#15606 = DIRECTION('',(-0.,-1.,0.));
#15607 = ADVANCED_FACE('',(#15608),#15619,.F.);
#15608 = FACE_BOUND('',#15609,.T.);
#15609 = EDGE_LOOP('',(#15610,#15611,#15617,#15618));
#15610 = ORIENTED_EDGE('',*,*,#13024,.T.);
#15611 = ORIENTED_EDGE('',*,*,#15612,.T.);
#15612 = EDGE_CURVE('',#13025,#14120,#15613,.T.);
#15613 = LINE('',#15614,#15615);
#15614 = CARTESIAN_POINT('',(129.8625,-83.4,-4.6E-02));
#15615 = VECTOR('',#15616,1.);
#15616 = DIRECTION('',(0.,0.,1.));
#15617 = ORIENTED_EDGE('',*,*,#14119,.F.);
#15618 = ORIENTED_EDGE('',*,*,#15612,.F.);
#15619 = CYLINDRICAL_SURFACE('',#15620,0.1);
#15620 = AXIS2_PLACEMENT_3D('',#15621,#15622,#15623);
#15621 = CARTESIAN_POINT('',(129.8625,-83.3,-4.6E-02));
#15622 = DIRECTION('',(-0.,-0.,-1.));
#15623 = DIRECTION('',(-0.,-1.,0.));
#15624 = ADVANCED_FACE('',(#15625),#15636,.F.);
#15625 = FACE_BOUND('',#15626,.T.);
#15626 = EDGE_LOOP('',(#15627,#15628,#15634,#15635));
#15627 = ORIENTED_EDGE('',*,*,#13035,.T.);
#15628 = ORIENTED_EDGE('',*,*,#15629,.T.);
#15629 = EDGE_CURVE('',#13036,#14131,#15630,.T.);
#15630 = LINE('',#15631,#15632);
#15631 = CARTESIAN_POINT('',(129.8625,-82.4,-4.6E-02));
#15632 = VECTOR('',#15633,1.);
#15633 = DIRECTION('',(0.,0.,1.));
#15634 = ORIENTED_EDGE('',*,*,#14130,.F.);
#15635 = ORIENTED_EDGE('',*,*,#15629,.F.);
#15636 = CYLINDRICAL_SURFACE('',#15637,0.1);
#15637 = AXIS2_PLACEMENT_3D('',#15638,#15639,#15640);
#15638 = CARTESIAN_POINT('',(129.8625,-82.3,-4.6E-02));
#15639 = DIRECTION('',(-0.,-0.,-1.));
#15640 = DIRECTION('',(-0.,-1.,0.));
#15641 = ADVANCED_FACE('',(#15642),#15653,.F.);
#15642 = FACE_BOUND('',#15643,.T.);
#15643 = EDGE_LOOP('',(#15644,#15645,#15651,#15652));
#15644 = ORIENTED_EDGE('',*,*,#13046,.T.);
#15645 = ORIENTED_EDGE('',*,*,#15646,.T.);
#15646 = EDGE_CURVE('',#13047,#14142,#15647,.T.);
#15647 = LINE('',#15648,#15649);
#15648 = CARTESIAN_POINT('',(130.8625,-83.4,-4.6E-02));
#15649 = VECTOR('',#15650,1.);
#15650 = DIRECTION('',(0.,0.,1.));
#15651 = ORIENTED_EDGE('',*,*,#14141,.F.);
#15652 = ORIENTED_EDGE('',*,*,#15646,.F.);
#15653 = CYLINDRICAL_SURFACE('',#15654,0.1);
#15654 = AXIS2_PLACEMENT_3D('',#15655,#15656,#15657);
#15655 = CARTESIAN_POINT('',(130.8625,-83.3,-4.6E-02));
#15656 = DIRECTION('',(-0.,-0.,-1.));
#15657 = DIRECTION('',(-0.,-1.,0.));
#15658 = ADVANCED_FACE('',(#15659),#15670,.F.);
#15659 = FACE_BOUND('',#15660,.T.);
#15660 = EDGE_LOOP('',(#15661,#15662,#15668,#15669));
#15661 = ORIENTED_EDGE('',*,*,#13057,.T.);
#15662 = ORIENTED_EDGE('',*,*,#15663,.T.);
#15663 = EDGE_CURVE('',#13058,#14153,#15664,.T.);
#15664 = LINE('',#15665,#15666);
#15665 = CARTESIAN_POINT('',(130.8625,-82.4,-4.6E-02));
#15666 = VECTOR('',#15667,1.);
#15667 = DIRECTION('',(0.,0.,1.));
#15668 = ORIENTED_EDGE('',*,*,#14152,.F.);
#15669 = ORIENTED_EDGE('',*,*,#15663,.F.);
#15670 = CYLINDRICAL_SURFACE('',#15671,0.1);
#15671 = AXIS2_PLACEMENT_3D('',#15672,#15673,#15674);
#15672 = CARTESIAN_POINT('',(130.8625,-82.3,-4.6E-02));
#15673 = DIRECTION('',(-0.,-0.,-1.));
#15674 = DIRECTION('',(-0.,-1.,0.));
#15675 = ADVANCED_FACE('',(#15676),#15687,.F.);
#15676 = FACE_BOUND('',#15677,.T.);
#15677 = EDGE_LOOP('',(#15678,#15679,#15685,#15686));
#15678 = ORIENTED_EDGE('',*,*,#13068,.T.);
#15679 = ORIENTED_EDGE('',*,*,#15680,.T.);
#15680 = EDGE_CURVE('',#13069,#14164,#15681,.T.);
#15681 = LINE('',#15682,#15683);
#15682 = CARTESIAN_POINT('',(131.8625,-83.4,-4.6E-02));
#15683 = VECTOR('',#15684,1.);
#15684 = DIRECTION('',(0.,0.,1.));
#15685 = ORIENTED_EDGE('',*,*,#14163,.F.);
#15686 = ORIENTED_EDGE('',*,*,#15680,.F.);
#15687 = CYLINDRICAL_SURFACE('',#15688,0.1);
#15688 = AXIS2_PLACEMENT_3D('',#15689,#15690,#15691);
#15689 = CARTESIAN_POINT('',(131.8625,-83.3,-4.6E-02));
#15690 = DIRECTION('',(-0.,-0.,-1.));
#15691 = DIRECTION('',(-0.,-1.,0.));
#15692 = ADVANCED_FACE('',(#15693),#15704,.F.);
#15693 = FACE_BOUND('',#15694,.T.);
#15694 = EDGE_LOOP('',(#15695,#15696,#15702,#15703));
#15695 = ORIENTED_EDGE('',*,*,#13079,.T.);
#15696 = ORIENTED_EDGE('',*,*,#15697,.T.);
#15697 = EDGE_CURVE('',#13080,#14175,#15698,.T.);
#15698 = LINE('',#15699,#15700);
#15699 = CARTESIAN_POINT('',(131.8625,-82.4,-4.6E-02));
#15700 = VECTOR('',#15701,1.);
#15701 = DIRECTION('',(0.,0.,1.));
#15702 = ORIENTED_EDGE('',*,*,#14174,.F.);
#15703 = ORIENTED_EDGE('',*,*,#15697,.F.);
#15704 = CYLINDRICAL_SURFACE('',#15705,0.1);
#15705 = AXIS2_PLACEMENT_3D('',#15706,#15707,#15708);
#15706 = CARTESIAN_POINT('',(131.8625,-82.3,-4.6E-02));
#15707 = DIRECTION('',(-0.,-0.,-1.));
#15708 = DIRECTION('',(-0.,-1.,0.));
#15709 = ADVANCED_FACE('',(#15710),#15721,.F.);
#15710 = FACE_BOUND('',#15711,.T.);
#15711 = EDGE_LOOP('',(#15712,#15713,#15719,#15720));
#15712 = ORIENTED_EDGE('',*,*,#13090,.T.);
#15713 = ORIENTED_EDGE('',*,*,#15714,.T.);
#15714 = EDGE_CURVE('',#13091,#14186,#15715,.T.);
#15715 = LINE('',#15716,#15717);
#15716 = CARTESIAN_POINT('',(131.,-79.75,-3.6E-02));
#15717 = VECTOR('',#15718,1.);
#15718 = DIRECTION('',(0.,0.,1.));
#15719 = ORIENTED_EDGE('',*,*,#14185,.F.);
#15720 = ORIENTED_EDGE('',*,*,#15714,.F.);
#15721 = CYLINDRICAL_SURFACE('',#15722,0.15);
#15722 = AXIS2_PLACEMENT_3D('',#15723,#15724,#15725);
#15723 = CARTESIAN_POINT('',(131.,-79.6,-3.6E-02));
#15724 = DIRECTION('',(-0.,-0.,-1.));
#15725 = DIRECTION('',(-0.,-1.,0.));
#15726 = ADVANCED_FACE('',(#15727),#15738,.F.);
#15727 = FACE_BOUND('',#15728,.T.);
#15728 = EDGE_LOOP('',(#15729,#15730,#15736,#15737));
#15729 = ORIENTED_EDGE('',*,*,#13101,.T.);
#15730 = ORIENTED_EDGE('',*,*,#15731,.T.);
#15731 = EDGE_CURVE('',#13102,#14197,#15732,.T.);
#15732 = LINE('',#15733,#15734);
#15733 = CARTESIAN_POINT('',(131.798978,-79.790455,-3.6E-02));
#15734 = VECTOR('',#15735,1.);
#15735 = DIRECTION('',(0.,0.,1.));
#15736 = ORIENTED_EDGE('',*,*,#14196,.F.);
#15737 = ORIENTED_EDGE('',*,*,#15731,.F.);
#15738 = CYLINDRICAL_SURFACE('',#15739,0.15);
#15739 = AXIS2_PLACEMENT_3D('',#15740,#15741,#15742);
#15740 = CARTESIAN_POINT('',(131.798978,-79.640455,-3.6E-02));
#15741 = DIRECTION('',(-0.,-0.,-1.));
#15742 = DIRECTION('',(-0.,-1.,0.));
#15743 = ADVANCED_FACE('',(#15744),#15755,.F.);
#15744 = FACE_BOUND('',#15745,.T.);
#15745 = EDGE_LOOP('',(#15746,#15747,#15753,#15754));
#15746 = ORIENTED_EDGE('',*,*,#13112,.T.);
#15747 = ORIENTED_EDGE('',*,*,#15748,.T.);
#15748 = EDGE_CURVE('',#13113,#14208,#15749,.T.);
#15749 = LINE('',#15750,#15751);
#15750 = CARTESIAN_POINT('',(131.5,-78.15,-3.6E-02));
#15751 = VECTOR('',#15752,1.);
#15752 = DIRECTION('',(0.,0.,1.));
#15753 = ORIENTED_EDGE('',*,*,#14207,.F.);
#15754 = ORIENTED_EDGE('',*,*,#15748,.F.);
#15755 = CYLINDRICAL_SURFACE('',#15756,0.15);
#15756 = AXIS2_PLACEMENT_3D('',#15757,#15758,#15759);
#15757 = CARTESIAN_POINT('',(131.5,-78.,-3.6E-02));
#15758 = DIRECTION('',(-0.,-0.,-1.));
#15759 = DIRECTION('',(-0.,-1.,0.));
#15760 = ADVANCED_FACE('',(#15761),#15772,.F.);
#15761 = FACE_BOUND('',#15762,.T.);
#15762 = EDGE_LOOP('',(#15763,#15764,#15770,#15771));
#15763 = ORIENTED_EDGE('',*,*,#13123,.T.);
#15764 = ORIENTED_EDGE('',*,*,#15765,.T.);
#15765 = EDGE_CURVE('',#13124,#14219,#15766,.T.);
#15766 = LINE('',#15767,#15768);
#15767 = CARTESIAN_POINT('',(134.5,-83.15,-3.6E-02));
#15768 = VECTOR('',#15769,1.);
#15769 = DIRECTION('',(0.,0.,1.));
#15770 = ORIENTED_EDGE('',*,*,#14218,.F.);
#15771 = ORIENTED_EDGE('',*,*,#15765,.F.);
#15772 = CYLINDRICAL_SURFACE('',#15773,0.15);
#15773 = AXIS2_PLACEMENT_3D('',#15774,#15775,#15776);
#15774 = CARTESIAN_POINT('',(134.5,-83.,-3.6E-02));
#15775 = DIRECTION('',(-0.,-0.,-1.));
#15776 = DIRECTION('',(-0.,-1.,0.));
#15777 = ADVANCED_FACE('',(#15778),#15789,.F.);
#15778 = FACE_BOUND('',#15779,.T.);
#15779 = EDGE_LOOP('',(#15780,#15781,#15787,#15788));
#15780 = ORIENTED_EDGE('',*,*,#13134,.T.);
#15781 = ORIENTED_EDGE('',*,*,#15782,.T.);
#15782 = EDGE_CURVE('',#13135,#14230,#15783,.T.);
#15783 = LINE('',#15784,#15785);
#15784 = CARTESIAN_POINT('',(135.1,-82.584313,-3.6E-02));
#15785 = VECTOR('',#15786,1.);
#15786 = DIRECTION('',(0.,0.,1.));
#15787 = ORIENTED_EDGE('',*,*,#14229,.F.);
#15788 = ORIENTED_EDGE('',*,*,#15782,.F.);
#15789 = CYLINDRICAL_SURFACE('',#15790,0.15);
#15790 = AXIS2_PLACEMENT_3D('',#15791,#15792,#15793);
#15791 = CARTESIAN_POINT('',(135.1,-82.434313,-3.6E-02));
#15792 = DIRECTION('',(-0.,-0.,-1.));
#15793 = DIRECTION('',(-0.,-1.,0.));
#15794 = ADVANCED_FACE('',(#15795),#15806,.F.);
#15795 = FACE_BOUND('',#15796,.T.);
#15796 = EDGE_LOOP('',(#15797,#15798,#15804,#15805));
#15797 = ORIENTED_EDGE('',*,*,#13145,.T.);
#15798 = ORIENTED_EDGE('',*,*,#15799,.T.);
#15799 = EDGE_CURVE('',#13146,#14241,#15800,.T.);
#15800 = LINE('',#15801,#15802);
#15801 = CARTESIAN_POINT('',(137.73,-83.1,-3.6E-02));
#15802 = VECTOR('',#15803,1.);
#15803 = DIRECTION('',(0.,0.,1.));
#15804 = ORIENTED_EDGE('',*,*,#14240,.F.);
#15805 = ORIENTED_EDGE('',*,*,#15799,.F.);
#15806 = CYLINDRICAL_SURFACE('',#15807,0.15);
#15807 = AXIS2_PLACEMENT_3D('',#15808,#15809,#15810);
#15808 = CARTESIAN_POINT('',(137.73,-82.95,-3.6E-02));
#15809 = DIRECTION('',(-0.,-0.,-1.));
#15810 = DIRECTION('',(-1.894780628694E-13,-1.,0.));
#15811 = ADVANCED_FACE('',(#15812),#15823,.F.);
#15812 = FACE_BOUND('',#15813,.T.);
#15813 = EDGE_LOOP('',(#15814,#15815,#15821,#15822));
#15814 = ORIENTED_EDGE('',*,*,#13156,.T.);
#15815 = ORIENTED_EDGE('',*,*,#15816,.T.);
#15816 = EDGE_CURVE('',#13157,#14252,#15817,.T.);
#15817 = LINE('',#15818,#15819);
#15818 = CARTESIAN_POINT('',(133.63,-80.74,-3.6E-02));
#15819 = VECTOR('',#15820,1.);
#15820 = DIRECTION('',(0.,0.,1.));
#15821 = ORIENTED_EDGE('',*,*,#14251,.F.);
#15822 = ORIENTED_EDGE('',*,*,#15816,.F.);
#15823 = CYLINDRICAL_SURFACE('',#15824,0.15);
#15824 = AXIS2_PLACEMENT_3D('',#15825,#15826,#15827);
#15825 = CARTESIAN_POINT('',(133.63,-80.59,-3.6E-02));
#15826 = DIRECTION('',(-0.,-0.,-1.));
#15827 = DIRECTION('',(-0.,-1.,0.));
#15828 = ADVANCED_FACE('',(#15829),#15840,.F.);
#15829 = FACE_BOUND('',#15830,.T.);
#15830 = EDGE_LOOP('',(#15831,#15832,#15838,#15839));
#15831 = ORIENTED_EDGE('',*,*,#13167,.T.);
#15832 = ORIENTED_EDGE('',*,*,#15833,.T.);
#15833 = EDGE_CURVE('',#13168,#14263,#15834,.T.);
#15834 = LINE('',#15835,#15836);
#15835 = CARTESIAN_POINT('',(134.,-79.15,-3.6E-02));
#15836 = VECTOR('',#15837,1.);
#15837 = DIRECTION('',(0.,0.,1.));
#15838 = ORIENTED_EDGE('',*,*,#14262,.F.);
#15839 = ORIENTED_EDGE('',*,*,#15833,.F.);
#15840 = CYLINDRICAL_SURFACE('',#15841,0.15);
#15841 = AXIS2_PLACEMENT_3D('',#15842,#15843,#15844);
#15842 = CARTESIAN_POINT('',(134.,-79.,-3.6E-02));
#15843 = DIRECTION('',(-0.,-0.,-1.));
#15844 = DIRECTION('',(-0.,-1.,0.));
#15845 = ADVANCED_FACE('',(#15846),#15857,.F.);
#15846 = FACE_BOUND('',#15847,.T.);
#15847 = EDGE_LOOP('',(#15848,#15849,#15855,#15856));
#15848 = ORIENTED_EDGE('',*,*,#13178,.T.);
#15849 = ORIENTED_EDGE('',*,*,#15850,.T.);
#15850 = EDGE_CURVE('',#13179,#14274,#15851,.T.);
#15851 = LINE('',#15852,#15853);
#15852 = CARTESIAN_POINT('',(136.5,-79.88,-3.6E-02));
#15853 = VECTOR('',#15854,1.);
#15854 = DIRECTION('',(0.,0.,1.));
#15855 = ORIENTED_EDGE('',*,*,#14273,.F.);
#15856 = ORIENTED_EDGE('',*,*,#15850,.F.);
#15857 = CYLINDRICAL_SURFACE('',#15858,0.15);
#15858 = AXIS2_PLACEMENT_3D('',#15859,#15860,#15861);
#15859 = CARTESIAN_POINT('',(136.5,-79.73,-3.6E-02));
#15860 = DIRECTION('',(-0.,-0.,-1.));
#15861 = DIRECTION('',(-0.,-1.,0.));
#15862 = ADVANCED_FACE('',(#15863),#15874,.F.);
#15863 = FACE_BOUND('',#15864,.T.);
#15864 = EDGE_LOOP('',(#15865,#15866,#15872,#15873));
#15865 = ORIENTED_EDGE('',*,*,#13189,.T.);
#15866 = ORIENTED_EDGE('',*,*,#15867,.T.);
#15867 = EDGE_CURVE('',#13190,#14285,#15868,.T.);
#15868 = LINE('',#15869,#15870);
#15869 = CARTESIAN_POINT('',(130.02,-75.15,-3.6E-02));
#15870 = VECTOR('',#15871,1.);
#15871 = DIRECTION('',(0.,0.,1.));
#15872 = ORIENTED_EDGE('',*,*,#14284,.F.);
#15873 = ORIENTED_EDGE('',*,*,#15867,.F.);
#15874 = CYLINDRICAL_SURFACE('',#15875,0.15);
#15875 = AXIS2_PLACEMENT_3D('',#15876,#15877,#15878);
#15876 = CARTESIAN_POINT('',(130.02,-75.,-3.6E-02));
#15877 = DIRECTION('',(-0.,0.,-1.));
#15878 = DIRECTION('',(1.894780628694E-13,-1.,-0.));
#15879 = ADVANCED_FACE('',(#15880),#15891,.F.);
#15880 = FACE_BOUND('',#15881,.T.);
#15881 = EDGE_LOOP('',(#15882,#15883,#15889,#15890));
#15882 = ORIENTED_EDGE('',*,*,#13200,.T.);
#15883 = ORIENTED_EDGE('',*,*,#15884,.T.);
#15884 = EDGE_CURVE('',#13201,#14296,#15885,.T.);
#15885 = LINE('',#15886,#15887);
#15886 = CARTESIAN_POINT('',(130.98,-75.15,-3.6E-02));
#15887 = VECTOR('',#15888,1.);
#15888 = DIRECTION('',(0.,0.,1.));
#15889 = ORIENTED_EDGE('',*,*,#14295,.F.);
#15890 = ORIENTED_EDGE('',*,*,#15884,.F.);
#15891 = CYLINDRICAL_SURFACE('',#15892,0.15);
#15892 = AXIS2_PLACEMENT_3D('',#15893,#15894,#15895);
#15893 = CARTESIAN_POINT('',(130.98,-75.,-3.6E-02));
#15894 = DIRECTION('',(-0.,-0.,-1.));
#15895 = DIRECTION('',(-1.894780628694E-13,-1.,0.));
#15896 = ADVANCED_FACE('',(#15897),#15908,.F.);
#15897 = FACE_BOUND('',#15898,.T.);
#15898 = EDGE_LOOP('',(#15899,#15900,#15906,#15907));
#15899 = ORIENTED_EDGE('',*,*,#13211,.T.);
#15900 = ORIENTED_EDGE('',*,*,#15901,.T.);
#15901 = EDGE_CURVE('',#13212,#14307,#15902,.T.);
#15902 = LINE('',#15903,#15904);
#15903 = CARTESIAN_POINT('',(132.76,-75.15,-3.6E-02));
#15904 = VECTOR('',#15905,1.);
#15905 = DIRECTION('',(0.,0.,1.));
#15906 = ORIENTED_EDGE('',*,*,#14306,.F.);
#15907 = ORIENTED_EDGE('',*,*,#15901,.F.);
#15908 = CYLINDRICAL_SURFACE('',#15909,0.15);
#15909 = AXIS2_PLACEMENT_3D('',#15910,#15911,#15912);
#15910 = CARTESIAN_POINT('',(132.76,-75.,-3.6E-02));
#15911 = DIRECTION('',(-0.,-0.,-1.));
#15912 = DIRECTION('',(-0.,-1.,0.));
#15913 = ADVANCED_FACE('',(#15914),#15925,.F.);
#15914 = FACE_BOUND('',#15915,.T.);
#15915 = EDGE_LOOP('',(#15916,#15917,#15923,#15924));
#15916 = ORIENTED_EDGE('',*,*,#13222,.T.);
#15917 = ORIENTED_EDGE('',*,*,#15918,.T.);
#15918 = EDGE_CURVE('',#13223,#14318,#15919,.T.);
#15919 = LINE('',#15920,#15921);
#15920 = CARTESIAN_POINT('',(130.,-72.65,-3.6E-02));
#15921 = VECTOR('',#15922,1.);
#15922 = DIRECTION('',(0.,0.,1.));
#15923 = ORIENTED_EDGE('',*,*,#14317,.F.);
#15924 = ORIENTED_EDGE('',*,*,#15918,.F.);
#15925 = CYLINDRICAL_SURFACE('',#15926,0.15);
#15926 = AXIS2_PLACEMENT_3D('',#15927,#15928,#15929);
#15927 = CARTESIAN_POINT('',(130.,-72.5,-3.6E-02));
#15928 = DIRECTION('',(-0.,-0.,-1.));
#15929 = DIRECTION('',(-0.,-1.,0.));
#15930 = ADVANCED_FACE('',(#15931),#15942,.F.);
#15931 = FACE_BOUND('',#15932,.T.);
#15932 = EDGE_LOOP('',(#15933,#15934,#15940,#15941));
#15933 = ORIENTED_EDGE('',*,*,#13233,.T.);
#15934 = ORIENTED_EDGE('',*,*,#15935,.T.);
#15935 = EDGE_CURVE('',#13234,#14329,#15936,.T.);
#15936 = LINE('',#15937,#15938);
#15937 = CARTESIAN_POINT('',(133.78,-77.15,-3.6E-02));
#15938 = VECTOR('',#15939,1.);
#15939 = DIRECTION('',(0.,0.,1.));
#15940 = ORIENTED_EDGE('',*,*,#14328,.F.);
#15941 = ORIENTED_EDGE('',*,*,#15935,.F.);
#15942 = CYLINDRICAL_SURFACE('',#15943,0.15);
#15943 = AXIS2_PLACEMENT_3D('',#15944,#15945,#15946);
#15944 = CARTESIAN_POINT('',(133.78,-77.,-3.6E-02));
#15945 = DIRECTION('',(-0.,-0.,-1.));
#15946 = DIRECTION('',(-0.,-1.,0.));
#15947 = ADVANCED_FACE('',(#15948),#15959,.F.);
#15948 = FACE_BOUND('',#15949,.T.);
#15949 = EDGE_LOOP('',(#15950,#15951,#15957,#15958));
#15950 = ORIENTED_EDGE('',*,*,#13244,.T.);
#15951 = ORIENTED_EDGE('',*,*,#15952,.T.);
#15952 = EDGE_CURVE('',#13245,#14340,#15953,.T.);
#15953 = LINE('',#15954,#15955);
#15954 = CARTESIAN_POINT('',(133.78,-75.15,-3.6E-02));
#15955 = VECTOR('',#15956,1.);
#15956 = DIRECTION('',(0.,0.,1.));
#15957 = ORIENTED_EDGE('',*,*,#14339,.F.);
#15958 = ORIENTED_EDGE('',*,*,#15952,.F.);
#15959 = CYLINDRICAL_SURFACE('',#15960,0.15);
#15960 = AXIS2_PLACEMENT_3D('',#15961,#15962,#15963);
#15961 = CARTESIAN_POINT('',(133.78,-75.,-3.6E-02));
#15962 = DIRECTION('',(-0.,-0.,-1.));
#15963 = DIRECTION('',(-0.,-1.,0.));
#15964 = ADVANCED_FACE('',(#15965),#15976,.F.);
#15965 = FACE_BOUND('',#15966,.T.);
#15966 = EDGE_LOOP('',(#15967,#15968,#15974,#15975));
#15967 = ORIENTED_EDGE('',*,*,#13255,.T.);
#15968 = ORIENTED_EDGE('',*,*,#15969,.T.);
#15969 = EDGE_CURVE('',#13256,#14351,#15970,.T.);
#15970 = LINE('',#15971,#15972);
#15971 = CARTESIAN_POINT('',(136.5,-75.15,-3.6E-02));
#15972 = VECTOR('',#15973,1.);
#15973 = DIRECTION('',(0.,0.,1.));
#15974 = ORIENTED_EDGE('',*,*,#14350,.F.);
#15975 = ORIENTED_EDGE('',*,*,#15969,.F.);
#15976 = CYLINDRICAL_SURFACE('',#15977,0.15);
#15977 = AXIS2_PLACEMENT_3D('',#15978,#15979,#15980);
#15978 = CARTESIAN_POINT('',(136.5,-75.,-3.6E-02));
#15979 = DIRECTION('',(-0.,-0.,-1.));
#15980 = DIRECTION('',(-0.,-1.,0.));
#15981 = ADVANCED_FACE('',(#15982),#15993,.F.);
#15982 = FACE_BOUND('',#15983,.T.);
#15983 = EDGE_LOOP('',(#15984,#15985,#15991,#15992));
#15984 = ORIENTED_EDGE('',*,*,#13266,.T.);
#15985 = ORIENTED_EDGE('',*,*,#15986,.T.);
#15986 = EDGE_CURVE('',#13267,#14362,#15987,.T.);
#15987 = LINE('',#15988,#15989);
#15988 = CARTESIAN_POINT('',(134.,-72.65,-3.6E-02));
#15989 = VECTOR('',#15990,1.);
#15990 = DIRECTION('',(0.,0.,1.));
#15991 = ORIENTED_EDGE('',*,*,#14361,.F.);
#15992 = ORIENTED_EDGE('',*,*,#15986,.F.);
#15993 = CYLINDRICAL_SURFACE('',#15994,0.15);
#15994 = AXIS2_PLACEMENT_3D('',#15995,#15996,#15997);
#15995 = CARTESIAN_POINT('',(134.,-72.5,-3.6E-02));
#15996 = DIRECTION('',(-0.,-0.,-1.));
#15997 = DIRECTION('',(-0.,-1.,0.));
#15998 = ADVANCED_FACE('',(#15999),#16010,.F.);
#15999 = FACE_BOUND('',#16000,.T.);
#16000 = EDGE_LOOP('',(#16001,#16002,#16008,#16009));
#16001 = ORIENTED_EDGE('',*,*,#13277,.T.);
#16002 = ORIENTED_EDGE('',*,*,#16003,.T.);
#16003 = EDGE_CURVE('',#13278,#14373,#16004,.T.);
#16004 = LINE('',#16005,#16006);
#16005 = CARTESIAN_POINT('',(142.83,-83.55,-4.6E-02));
#16006 = VECTOR('',#16007,1.);
#16007 = DIRECTION('',(0.,0.,1.));
#16008 = ORIENTED_EDGE('',*,*,#14372,.F.);
#16009 = ORIENTED_EDGE('',*,*,#16003,.F.);
#16010 = CYLINDRICAL_SURFACE('',#16011,0.6);
#16011 = AXIS2_PLACEMENT_3D('',#16012,#16013,#16014);
#16012 = CARTESIAN_POINT('',(142.83,-82.95,-4.6E-02));
#16013 = DIRECTION('',(-0.,0.,-1.));
#16014 = DIRECTION('',(4.736951571734E-14,-1.,-0.));
#16015 = ADVANCED_FACE('',(#16016),#16027,.F.);
#16016 = FACE_BOUND('',#16017,.T.);
#16017 = EDGE_LOOP('',(#16018,#16019,#16025,#16026));
#16018 = ORIENTED_EDGE('',*,*,#13288,.T.);
#16019 = ORIENTED_EDGE('',*,*,#16020,.T.);
#16020 = EDGE_CURVE('',#13289,#14384,#16021,.T.);
#16021 = LINE('',#16022,#16023);
#16022 = CARTESIAN_POINT('',(142.83,-80.05,-4.6E-02));
#16023 = VECTOR('',#16024,1.);
#16024 = DIRECTION('',(0.,0.,1.));
#16025 = ORIENTED_EDGE('',*,*,#14383,.F.);
#16026 = ORIENTED_EDGE('',*,*,#16020,.F.);
#16027 = CYLINDRICAL_SURFACE('',#16028,0.6);
#16028 = AXIS2_PLACEMENT_3D('',#16029,#16030,#16031);
#16029 = CARTESIAN_POINT('',(142.83,-79.45,-4.6E-02));
#16030 = DIRECTION('',(-0.,0.,-1.));
#16031 = DIRECTION('',(4.736951571734E-14,-1.,-0.));
#16032 = ADVANCED_FACE('',(#16033),#16044,.F.);
#16033 = FACE_BOUND('',#16034,.T.);
#16034 = EDGE_LOOP('',(#16035,#16036,#16042,#16043));
#16035 = ORIENTED_EDGE('',*,*,#13299,.T.);
#16036 = ORIENTED_EDGE('',*,*,#16037,.T.);
#16037 = EDGE_CURVE('',#13300,#14395,#16038,.T.);
#16038 = LINE('',#16039,#16040);
#16039 = CARTESIAN_POINT('',(142.83,-76.55,-4.6E-02));
#16040 = VECTOR('',#16041,1.);
#16041 = DIRECTION('',(0.,0.,1.));
#16042 = ORIENTED_EDGE('',*,*,#14394,.F.);
#16043 = ORIENTED_EDGE('',*,*,#16037,.F.);
#16044 = CYLINDRICAL_SURFACE('',#16045,0.6);
#16045 = AXIS2_PLACEMENT_3D('',#16046,#16047,#16048);
#16046 = CARTESIAN_POINT('',(142.83,-75.95,-4.6E-02));
#16047 = DIRECTION('',(-0.,0.,-1.));
#16048 = DIRECTION('',(4.736951571734E-14,-1.,-0.));
#16049 = ADVANCED_FACE('',(#16050),#16061,.F.);
#16050 = FACE_BOUND('',#16051,.T.);
#16051 = EDGE_LOOP('',(#16052,#16053,#16059,#16060));
#16052 = ORIENTED_EDGE('',*,*,#13310,.T.);
#16053 = ORIENTED_EDGE('',*,*,#16054,.T.);
#16054 = EDGE_CURVE('',#13311,#14406,#16055,.T.);
#16055 = LINE('',#16056,#16057);
#16056 = CARTESIAN_POINT('',(142.83,-73.05,-4.6E-02));
#16057 = VECTOR('',#16058,1.);
#16058 = DIRECTION('',(0.,0.,1.));
#16059 = ORIENTED_EDGE('',*,*,#14405,.F.);
#16060 = ORIENTED_EDGE('',*,*,#16054,.F.);
#16061 = CYLINDRICAL_SURFACE('',#16062,0.6);
#16062 = AXIS2_PLACEMENT_3D('',#16063,#16064,#16065);
#16063 = CARTESIAN_POINT('',(142.83,-72.45,-4.6E-02));
#16064 = DIRECTION('',(-0.,0.,-1.));
#16065 = DIRECTION('',(4.736951571734E-14,-1.,-0.));
#16066 = ADVANCED_FACE('',(#16067),#16078,.F.);
#16067 = FACE_BOUND('',#16068,.T.);
#16068 = EDGE_LOOP('',(#16069,#16070,#16076,#16077));
#16069 = ORIENTED_EDGE('',*,*,#13321,.T.);
#16070 = ORIENTED_EDGE('',*,*,#16071,.T.);
#16071 = EDGE_CURVE('',#13322,#14417,#16072,.T.);
#16072 = LINE('',#16073,#16074);
#16073 = CARTESIAN_POINT('',(135.5,-70.15,-3.6E-02));
#16074 = VECTOR('',#16075,1.);
#16075 = DIRECTION('',(0.,0.,1.));
#16076 = ORIENTED_EDGE('',*,*,#14416,.F.);
#16077 = ORIENTED_EDGE('',*,*,#16071,.F.);
#16078 = CYLINDRICAL_SURFACE('',#16079,0.15);
#16079 = AXIS2_PLACEMENT_3D('',#16080,#16081,#16082);
#16080 = CARTESIAN_POINT('',(135.5,-70.,-3.6E-02));
#16081 = DIRECTION('',(-0.,-0.,-1.));
#16082 = DIRECTION('',(-0.,-1.,0.));
#16083 = ADVANCED_FACE('',(#16084),#16095,.F.);
#16084 = FACE_BOUND('',#16085,.T.);
#16085 = EDGE_LOOP('',(#16086,#16087,#16093,#16094));
#16086 = ORIENTED_EDGE('',*,*,#13332,.T.);
#16087 = ORIENTED_EDGE('',*,*,#16088,.T.);
#16088 = EDGE_CURVE('',#13333,#14428,#16089,.T.);
#16089 = LINE('',#16090,#16091);
#16090 = CARTESIAN_POINT('',(129.92,-65.15,-4.6E-02));
#16091 = VECTOR('',#16092,1.);
#16092 = DIRECTION('',(0.,0.,1.));
#16093 = ORIENTED_EDGE('',*,*,#14427,.F.);
#16094 = ORIENTED_EDGE('',*,*,#16088,.F.);
#16095 = CYLINDRICAL_SURFACE('',#16096,0.65);
#16096 = AXIS2_PLACEMENT_3D('',#16097,#16098,#16099);
#16097 = CARTESIAN_POINT('',(129.92,-64.5,-4.6E-02));
#16098 = DIRECTION('',(-0.,-0.,-1.));
#16099 = DIRECTION('',(-4.372570681601E-14,-1.,0.));
#16100 = ADVANCED_FACE('',(#16101),#16112,.F.);
#16101 = FACE_BOUND('',#16102,.T.);
#16102 = EDGE_LOOP('',(#16103,#16104,#16110,#16111));
#16103 = ORIENTED_EDGE('',*,*,#13343,.T.);
#16104 = ORIENTED_EDGE('',*,*,#16105,.T.);
#16105 = EDGE_CURVE('',#13344,#14439,#16106,.T.);
#16106 = LINE('',#16107,#16108);
#16107 = CARTESIAN_POINT('',(135.,-65.15,-4.6E-02));
#16108 = VECTOR('',#16109,1.);
#16109 = DIRECTION('',(0.,0.,1.));
#16110 = ORIENTED_EDGE('',*,*,#14438,.F.);
#16111 = ORIENTED_EDGE('',*,*,#16105,.F.);
#16112 = CYLINDRICAL_SURFACE('',#16113,0.65);
#16113 = AXIS2_PLACEMENT_3D('',#16114,#16115,#16116);
#16114 = CARTESIAN_POINT('',(135.,-64.5,-4.6E-02));
#16115 = DIRECTION('',(-0.,-0.,-1.));
#16116 = DIRECTION('',(-0.,-1.,0.));
#16117 = ADVANCED_FACE('',(#16118),#16129,.F.);
#16118 = FACE_BOUND('',#16119,.T.);
#16119 = EDGE_LOOP('',(#16120,#16121,#16127,#16128));
#16120 = ORIENTED_EDGE('',*,*,#13354,.T.);
#16121 = ORIENTED_EDGE('',*,*,#16122,.T.);
#16122 = EDGE_CURVE('',#13355,#14450,#16123,.T.);
#16123 = LINE('',#16124,#16125);
#16124 = CARTESIAN_POINT('',(142.83,-69.55,-4.6E-02));
#16125 = VECTOR('',#16126,1.);
#16126 = DIRECTION('',(0.,0.,1.));
#16127 = ORIENTED_EDGE('',*,*,#14449,.F.);
#16128 = ORIENTED_EDGE('',*,*,#16122,.F.);
#16129 = CYLINDRICAL_SURFACE('',#16130,0.6);
#16130 = AXIS2_PLACEMENT_3D('',#16131,#16132,#16133);
#16131 = CARTESIAN_POINT('',(142.83,-68.95,-4.6E-02));
#16132 = DIRECTION('',(-0.,0.,-1.));
#16133 = DIRECTION('',(4.736951571734E-14,-1.,-0.));
#16134 = ADVANCED_FACE('',(#16135),#16146,.F.);
#16135 = FACE_BOUND('',#16136,.T.);
#16136 = EDGE_LOOP('',(#16137,#16138,#16144,#16145));
#16137 = ORIENTED_EDGE('',*,*,#13365,.T.);
#16138 = ORIENTED_EDGE('',*,*,#16139,.T.);
#16139 = EDGE_CURVE('',#13366,#14461,#16140,.T.);
#16140 = LINE('',#16141,#16142);
#16141 = CARTESIAN_POINT('',(143.,-64.1,-4.6E-02));
#16142 = VECTOR('',#16143,1.);
#16143 = DIRECTION('',(0.,0.,1.));
#16144 = ORIENTED_EDGE('',*,*,#14460,.F.);
#16145 = ORIENTED_EDGE('',*,*,#16139,.F.);
#16146 = CYLINDRICAL_SURFACE('',#16147,1.6);
#16147 = AXIS2_PLACEMENT_3D('',#16148,#16149,#16150);
#16148 = CARTESIAN_POINT('',(143.,-62.5,-4.6E-02));
#16149 = DIRECTION('',(-0.,-0.,-1.));
#16150 = DIRECTION('',(-0.,-1.,0.));
#16151 = ( GEOMETRIC_REPRESENTATION_CONTEXT(3) 
GLOBAL_UNCERTAINTY_ASSIGNED_CONTEXT((#16155)) 
GLOBAL_UNIT_ASSIGNED_CONTEXT((#16152,#16153,#16154)) 
REPRESENTATION_CONTEXT('Context #1',
  '3D Context with UNIT and UNCERTAINTY') );
#16152 = ( LENGTH_UNIT() NAMED_UNIT(*) SI_UNIT(.MILLI.,.METRE.) );
#16153 = ( NAMED_UNIT(*) PLANE_ANGLE_UNIT() SI_UNIT($,.RADIAN.) );
#16154 = ( NAMED_UNIT(*) SI_UNIT($,.STERADIAN.) SOLID_ANGLE_UNIT() );
#16155 = UNCERTAINTY_MEASURE_WITH_UNIT(LENGTH_MEASURE(1.E-07),#16152,
  'distance_accuracy_value','confusion accuracy');
#16156 = CONTEXT_DEPENDENT_SHAPE_REPRESENTATION(#16157,#16159);
#16157 = ( REPRESENTATION_RELATIONSHIP('','',#12178,#10) 
REPRESENTATION_RELATIONSHIP_WITH_TRANSFORMATION(#16158) 
SHAPE_REPRESENTATION_RELATIONSHIP() );
#16158 = ITEM_DEFINED_TRANSFORMATION('','',#11,#123);
#16159 = PRODUCT_DEFINITION_SHAPE('Placement','Placement of an item',
  #16160);
#16160 = NEXT_ASSEMBLY_USAGE_OCCURRENCE('33','=>[0:1:1:12]','',#5,#12173
  ,$);
#16161 = PRODUCT_RELATED_PRODUCT_CATEGORY('part',$,(#12175));
#16162 = MECHANICAL_DESIGN_GEOMETRIC_PRESENTATION_REPRESENTATION('',(
    #16163),#16151);
#16163 = STYLED_ITEM('color',(#16164),#12179);
#16164 = PRESENTATION_STYLE_ASSIGNMENT((#16165));
#16165 = SURFACE_STYLE_USAGE(.BOTH.,#16166);
#16166 = SURFACE_SIDE_STYLE('',(#16167));
#16167 = SURFACE_STYLE_FILL_AREA(#16168);
#16168 = FILL_AREA_STYLE('',(#16169));
#16169 = FILL_AREA_STYLE_COLOUR('',#16170);
#16170 = COLOUR_RGB('',0.313304153717,0.484529207832,0.410020903123);
#16171 = MECHANICAL_DESIGN_GEOMETRIC_PRESENTATION_REPRESENTATION('',(
    #16172,#16180,#16187,#16194,#16201,#16208,#16215,#16222,#16230,
    #16237,#16244,#16251,#16258,#16265,#16273,#16280,#16287,#16294,
    #16301,#16308,#16315,#16322,#16329,#16336,#16343,#16350),#1855);
#16172 = STYLED_ITEM('color',(#16173),#1067);
#16173 = PRESENTATION_STYLE_ASSIGNMENT((#16174));
#16174 = SURFACE_STYLE_USAGE(.BOTH.,#16175);
#16175 = SURFACE_SIDE_STYLE('',(#16176));
#16176 = SURFACE_STYLE_FILL_AREA(#16177);
#16177 = FILL_AREA_STYLE('',(#16178));
#16178 = FILL_AREA_STYLE_COLOUR('',#16179);
#16179 = COLOUR_RGB('',0.823999987314,0.819999987296,0.781000009244);
#16180 = STYLED_ITEM('color',(#16181),#1107);
#16181 = PRESENTATION_STYLE_ASSIGNMENT((#16182));
#16182 = SURFACE_STYLE_USAGE(.BOTH.,#16183);
#16183 = SURFACE_SIDE_STYLE('',(#16184));
#16184 = SURFACE_STYLE_FILL_AREA(#16185);
#16185 = FILL_AREA_STYLE('',(#16186));
#16186 = FILL_AREA_STYLE_COLOUR('',#16179);
#16187 = STYLED_ITEM('color',(#16188),#1190);
#16188 = PRESENTATION_STYLE_ASSIGNMENT((#16189));
#16189 = SURFACE_STYLE_USAGE(.BOTH.,#16190);
#16190 = SURFACE_SIDE_STYLE('',(#16191));
#16191 = SURFACE_STYLE_FILL_AREA(#16192);
#16192 = FILL_AREA_STYLE('',(#16193));
#16193 = FILL_AREA_STYLE_COLOUR('',#16179);
#16194 = STYLED_ITEM('color',(#16195),#1215);
#16195 = PRESENTATION_STYLE_ASSIGNMENT((#16196));
#16196 = SURFACE_STYLE_USAGE(.BOTH.,#16197);
#16197 = SURFACE_SIDE_STYLE('',(#16198));
#16198 = SURFACE_STYLE_FILL_AREA(#16199);
#16199 = FILL_AREA_STYLE('',(#16200));
#16200 = FILL_AREA_STYLE_COLOUR('',#16179);
#16201 = STYLED_ITEM('color',(#16202),#1240);
#16202 = PRESENTATION_STYLE_ASSIGNMENT((#16203));
#16203 = SURFACE_STYLE_USAGE(.BOTH.,#16204);
#16204 = SURFACE_SIDE_STYLE('',(#16205));
#16205 = SURFACE_STYLE_FILL_AREA(#16206);
#16206 = FILL_AREA_STYLE('',(#16207));
#16207 = FILL_AREA_STYLE_COLOUR('',#16179);
#16208 = STYLED_ITEM('color',(#16209),#1307);
#16209 = PRESENTATION_STYLE_ASSIGNMENT((#16210));
#16210 = SURFACE_STYLE_USAGE(.BOTH.,#16211);
#16211 = SURFACE_SIDE_STYLE('',(#16212));
#16212 = SURFACE_STYLE_FILL_AREA(#16213);
#16213 = FILL_AREA_STYLE('',(#16214));
#16214 = FILL_AREA_STYLE_COLOUR('',#16179);
#16215 = STYLED_ITEM('color',(#16216),#1324);
#16216 = PRESENTATION_STYLE_ASSIGNMENT((#16217));
#16217 = SURFACE_STYLE_USAGE(.BOTH.,#16218);
#16218 = SURFACE_SIDE_STYLE('',(#16219));
#16219 = SURFACE_STYLE_FILL_AREA(#16220);
#16220 = FILL_AREA_STYLE('',(#16221));
#16221 = FILL_AREA_STYLE_COLOUR('',#16179);
#16222 = STYLED_ITEM('color',(#16223),#1341);
#16223 = PRESENTATION_STYLE_ASSIGNMENT((#16224));
#16224 = SURFACE_STYLE_USAGE(.BOTH.,#16225);
#16225 = SURFACE_SIDE_STYLE('',(#16226));
#16226 = SURFACE_STYLE_FILL_AREA(#16227);
#16227 = FILL_AREA_STYLE('',(#16228));
#16228 = FILL_AREA_STYLE_COLOUR('',#16229);
#16229 = COLOUR_RGB('',0.894999966383,0.890999961016,0.813000030345);
#16230 = STYLED_ITEM('color',(#16231),#1390);
#16231 = PRESENTATION_STYLE_ASSIGNMENT((#16232));
#16232 = SURFACE_STYLE_USAGE(.BOTH.,#16233);
#16233 = SURFACE_SIDE_STYLE('',(#16234));
#16234 = SURFACE_STYLE_FILL_AREA(#16235);
#16235 = FILL_AREA_STYLE('',(#16236));
#16236 = FILL_AREA_STYLE_COLOUR('',#16179);
#16237 = STYLED_ITEM('color',(#16238),#1407);
#16238 = PRESENTATION_STYLE_ASSIGNMENT((#16239));
#16239 = SURFACE_STYLE_USAGE(.BOTH.,#16240);
#16240 = SURFACE_SIDE_STYLE('',(#16241));
#16241 = SURFACE_STYLE_FILL_AREA(#16242);
#16242 = FILL_AREA_STYLE('',(#16243));
#16243 = FILL_AREA_STYLE_COLOUR('',#16179);
#16244 = STYLED_ITEM('color',(#16245),#1424);
#16245 = PRESENTATION_STYLE_ASSIGNMENT((#16246));
#16246 = SURFACE_STYLE_USAGE(.BOTH.,#16247);
#16247 = SURFACE_SIDE_STYLE('',(#16248));
#16248 = SURFACE_STYLE_FILL_AREA(#16249);
#16249 = FILL_AREA_STYLE('',(#16250));
#16250 = FILL_AREA_STYLE_COLOUR('',#16229);
#16251 = STYLED_ITEM('color',(#16252),#1473);
#16252 = PRESENTATION_STYLE_ASSIGNMENT((#16253));
#16253 = SURFACE_STYLE_USAGE(.BOTH.,#16254);
#16254 = SURFACE_SIDE_STYLE('',(#16255));
#16255 = SURFACE_STYLE_FILL_AREA(#16256);
#16256 = FILL_AREA_STYLE('',(#16257));
#16257 = FILL_AREA_STYLE_COLOUR('',#16229);
#16258 = STYLED_ITEM('color',(#16259),#1490);
#16259 = PRESENTATION_STYLE_ASSIGNMENT((#16260));
#16260 = SURFACE_STYLE_USAGE(.BOTH.,#16261);
#16261 = SURFACE_SIDE_STYLE('',(#16262));
#16262 = SURFACE_STYLE_FILL_AREA(#16263);
#16263 = FILL_AREA_STYLE('',(#16264));
#16264 = FILL_AREA_STYLE_COLOUR('',#16179);
#16265 = STYLED_ITEM('color',(#16266),#1559);
#16266 = PRESENTATION_STYLE_ASSIGNMENT((#16267));
#16267 = SURFACE_STYLE_USAGE(.BOTH.,#16268);
#16268 = SURFACE_SIDE_STYLE('',(#16269));
#16269 = SURFACE_STYLE_FILL_AREA(#16270);
#16270 = FILL_AREA_STYLE('',(#16271));
#16271 = FILL_AREA_STYLE_COLOUR('',#16272);
#16272 = COLOUR_RGB('',8.200000279077E-02,8.600000121357E-02,
  9.399999706163E-02);
#16273 = STYLED_ITEM('color',(#16274),#1590);
#16274 = PRESENTATION_STYLE_ASSIGNMENT((#16275));
#16275 = SURFACE_STYLE_USAGE(.BOTH.,#16276);
#16276 = SURFACE_SIDE_STYLE('',(#16277));
#16277 = SURFACE_STYLE_FILL_AREA(#16278);
#16278 = FILL_AREA_STYLE('',(#16279));
#16279 = FILL_AREA_STYLE_COLOUR('',#16272);
#16280 = STYLED_ITEM('color',(#16281),#1614);
#16281 = PRESENTATION_STYLE_ASSIGNMENT((#16282));
#16282 = SURFACE_STYLE_USAGE(.BOTH.,#16283);
#16283 = SURFACE_SIDE_STYLE('',(#16284));
#16284 = SURFACE_STYLE_FILL_AREA(#16285);
#16285 = FILL_AREA_STYLE('',(#16286));
#16286 = FILL_AREA_STYLE_COLOUR('',#16179);
#16287 = STYLED_ITEM('color',(#16288),#1683);
#16288 = PRESENTATION_STYLE_ASSIGNMENT((#16289));
#16289 = SURFACE_STYLE_USAGE(.BOTH.,#16290);
#16290 = SURFACE_SIDE_STYLE('',(#16291));
#16291 = SURFACE_STYLE_FILL_AREA(#16292);
#16292 = FILL_AREA_STYLE('',(#16293));
#16293 = FILL_AREA_STYLE_COLOUR('',#16272);
#16294 = STYLED_ITEM('color',(#16295),#1707);
#16295 = PRESENTATION_STYLE_ASSIGNMENT((#16296));
#16296 = SURFACE_STYLE_USAGE(.BOTH.,#16297);
#16297 = SURFACE_SIDE_STYLE('',(#16298));
#16298 = SURFACE_STYLE_FILL_AREA(#16299);
#16299 = FILL_AREA_STYLE('',(#16300));
#16300 = FILL_AREA_STYLE_COLOUR('',#16179);
#16301 = STYLED_ITEM('color',(#16302),#1724);
#16302 = PRESENTATION_STYLE_ASSIGNMENT((#16303));
#16303 = SURFACE_STYLE_USAGE(.BOTH.,#16304);
#16304 = SURFACE_SIDE_STYLE('',(#16305));
#16305 = SURFACE_STYLE_FILL_AREA(#16306);
#16306 = FILL_AREA_STYLE('',(#16307));
#16307 = FILL_AREA_STYLE_COLOUR('',#16179);
#16308 = STYLED_ITEM('color',(#16309),#1741);
#16309 = PRESENTATION_STYLE_ASSIGNMENT((#16310));
#16310 = SURFACE_STYLE_USAGE(.BOTH.,#16311);
#16311 = SURFACE_SIDE_STYLE('',(#16312));
#16312 = SURFACE_STYLE_FILL_AREA(#16313);
#16313 = FILL_AREA_STYLE('',(#16314));
#16314 = FILL_AREA_STYLE_COLOUR('',#16179);
#16315 = STYLED_ITEM('color',(#16316),#1758);
#16316 = PRESENTATION_STYLE_ASSIGNMENT((#16317));
#16317 = SURFACE_STYLE_USAGE(.BOTH.,#16318);
#16318 = SURFACE_SIDE_STYLE('',(#16319));
#16319 = SURFACE_STYLE_FILL_AREA(#16320);
#16320 = FILL_AREA_STYLE('',(#16321));
#16321 = FILL_AREA_STYLE_COLOUR('',#16179);
#16322 = STYLED_ITEM('color',(#16323),#1775);
#16323 = PRESENTATION_STYLE_ASSIGNMENT((#16324));
#16324 = SURFACE_STYLE_USAGE(.BOTH.,#16325);
#16325 = SURFACE_SIDE_STYLE('',(#16326));
#16326 = SURFACE_STYLE_FILL_AREA(#16327);
#16327 = FILL_AREA_STYLE('',(#16328));
#16328 = FILL_AREA_STYLE_COLOUR('',#16179);
#16329 = STYLED_ITEM('color',(#16330),#1792);
#16330 = PRESENTATION_STYLE_ASSIGNMENT((#16331));
#16331 = SURFACE_STYLE_USAGE(.BOTH.,#16332);
#16332 = SURFACE_SIDE_STYLE('',(#16333));
#16333 = SURFACE_STYLE_FILL_AREA(#16334);
#16334 = FILL_AREA_STYLE('',(#16335));
#16335 = FILL_AREA_STYLE_COLOUR('',#16179);
#16336 = STYLED_ITEM('color',(#16337),#1809);
#16337 = PRESENTATION_STYLE_ASSIGNMENT((#16338));
#16338 = SURFACE_STYLE_USAGE(.BOTH.,#16339);
#16339 = SURFACE_SIDE_STYLE('',(#16340));
#16340 = SURFACE_STYLE_FILL_AREA(#16341);
#16341 = FILL_AREA_STYLE('',(#16342));
#16342 = FILL_AREA_STYLE_COLOUR('',#16179);
#16343 = STYLED_ITEM('color',(#16344),#1826);
#16344 = PRESENTATION_STYLE_ASSIGNMENT((#16345));
#16345 = SURFACE_STYLE_USAGE(.BOTH.,#16346);
#16346 = SURFACE_SIDE_STYLE('',(#16347));
#16347 = SURFACE_STYLE_FILL_AREA(#16348);
#16348 = FILL_AREA_STYLE('',(#16349));
#16349 = FILL_AREA_STYLE_COLOUR('',#16272);
#16350 = STYLED_ITEM('color',(#16351),#1843);
#16351 = PRESENTATION_STYLE_ASSIGNMENT((#16352));
#16352 = SURFACE_STYLE_USAGE(.BOTH.,#16353);
#16353 = SURFACE_SIDE_STYLE('',(#16354));
#16354 = SURFACE_STYLE_FILL_AREA(#16355);
#16355 = FILL_AREA_STYLE('',(#16356));
#16356 = FILL_AREA_STYLE_COLOUR('',#16272);
#16357 = MECHANICAL_DESIGN_GEOMETRIC_PRESENTATION_REPRESENTATION('',(
    #16358,#16368,#16377,#16386,#16395,#16404,#16413,#16422,#16431,
    #16440,#16449,#16458,#16467,#16476,#16485,#16494,#16503,#16512,
    #16521,#16530,#16539,#16548,#16557,#16566,#16575,#16584,#16593,
    #16602,#16611,#16620,#16629,#16638,#16647,#16656,#16665,#16674,
    #16683,#16692,#16701,#16710,#16719,#16728,#16737,#16746,#16755,
    #16764,#16773,#16782,#16791,#16800,#16809,#16818,#16827,#16836,
    #16845,#16854,#16863,#16872,#16881,#16890,#16899,#16908,#16917,
    #16926,#16935,#16944,#16953,#16962,#16971,#16980,#16989,#16998,
    #17007,#17016,#17025,#17034,#17043,#17052,#17061,#17070,#17079,
    #17088,#17097,#17106,#17115,#17124,#17133,#17142,#17151,#17160,
    #17169,#17178,#17187,#17196,#17205,#17214,#17223,#17232,#17241,
    #17250,#17259,#17268,#17277,#17286),#12160);
#16358 = STYLED_ITEM('color',(#16359),#9310);
#16359 = PRESENTATION_STYLE_ASSIGNMENT((#16360,#16366));
#16360 = SURFACE_STYLE_USAGE(.BOTH.,#16361);
#16361 = SURFACE_SIDE_STYLE('',(#16362));
#16362 = SURFACE_STYLE_FILL_AREA(#16363);
#16363 = FILL_AREA_STYLE('',(#16364));
#16364 = FILL_AREA_STYLE_COLOUR('',#16365);
#16365 = COLOUR_RGB('',0.339999993741,0.679999990811,0.445000007484);
#16366 = CURVE_STYLE('',#16367,POSITIVE_LENGTH_MEASURE(0.1),#16365);
#16367 = DRAUGHTING_PRE_DEFINED_CURVE_FONT('continuous');
#16368 = OVER_RIDING_STYLED_ITEM('overriding color',(#16369),#9412,
  #16358);
#16369 = PRESENTATION_STYLE_ASSIGNMENT((#16370,#16375));
#16370 = SURFACE_STYLE_USAGE(.BOTH.,#16371);
#16371 = SURFACE_SIDE_STYLE('',(#16372));
#16372 = SURFACE_STYLE_FILL_AREA(#16373);
#16373 = FILL_AREA_STYLE('',(#16374));
#16374 = FILL_AREA_STYLE_COLOUR('',#16179);
#16375 = CURVE_STYLE('',#16376,POSITIVE_LENGTH_MEASURE(0.1),#16179);
#16376 = DRAUGHTING_PRE_DEFINED_CURVE_FONT('continuous');
#16377 = OVER_RIDING_STYLED_ITEM('overriding color',(#16378),#9422,
  #16358);
#16378 = PRESENTATION_STYLE_ASSIGNMENT((#16379,#16384));
#16379 = SURFACE_STYLE_USAGE(.BOTH.,#16380);
#16380 = SURFACE_SIDE_STYLE('',(#16381));
#16381 = SURFACE_STYLE_FILL_AREA(#16382);
#16382 = FILL_AREA_STYLE('',(#16383));
#16383 = FILL_AREA_STYLE_COLOUR('',#16179);
#16384 = CURVE_STYLE('',#16385,POSITIVE_LENGTH_MEASURE(0.1),#16179);
#16385 = DRAUGHTING_PRE_DEFINED_CURVE_FONT('continuous');
#16386 = OVER_RIDING_STYLED_ITEM('overriding color',(#16387),#9430,
  #16358);
#16387 = PRESENTATION_STYLE_ASSIGNMENT((#16388,#16393));
#16388 = SURFACE_STYLE_USAGE(.BOTH.,#16389);
#16389 = SURFACE_SIDE_STYLE('',(#16390));
#16390 = SURFACE_STYLE_FILL_AREA(#16391);
#16391 = FILL_AREA_STYLE('',(#16392));
#16392 = FILL_AREA_STYLE_COLOUR('',#16179);
#16393 = CURVE_STYLE('',#16394,POSITIVE_LENGTH_MEASURE(0.1),#16179);
#16394 = DRAUGHTING_PRE_DEFINED_CURVE_FONT('continuous');
#16395 = OVER_RIDING_STYLED_ITEM('overriding color',(#16396),#9438,
  #16358);
#16396 = PRESENTATION_STYLE_ASSIGNMENT((#16397,#16402));
#16397 = SURFACE_STYLE_USAGE(.BOTH.,#16398);
#16398 = SURFACE_SIDE_STYLE('',(#16399));
#16399 = SURFACE_STYLE_FILL_AREA(#16400);
#16400 = FILL_AREA_STYLE('',(#16401));
#16401 = FILL_AREA_STYLE_COLOUR('',#16179);
#16402 = CURVE_STYLE('',#16403,POSITIVE_LENGTH_MEASURE(0.1),#16179);
#16403 = DRAUGHTING_PRE_DEFINED_CURVE_FONT('continuous');
#16404 = OVER_RIDING_STYLED_ITEM('overriding color',(#16405),#9446,
  #16358);
#16405 = PRESENTATION_STYLE_ASSIGNMENT((#16406,#16411));
#16406 = SURFACE_STYLE_USAGE(.BOTH.,#16407);
#16407 = SURFACE_SIDE_STYLE('',(#16408));
#16408 = SURFACE_STYLE_FILL_AREA(#16409);
#16409 = FILL_AREA_STYLE('',(#16410));
#16410 = FILL_AREA_STYLE_COLOUR('',#16179);
#16411 = CURVE_STYLE('',#16412,POSITIVE_LENGTH_MEASURE(0.1),#16179);
#16412 = DRAUGHTING_PRE_DEFINED_CURVE_FONT('continuous');
#16413 = OVER_RIDING_STYLED_ITEM('overriding color',(#16414),#9456,
  #16358);
#16414 = PRESENTATION_STYLE_ASSIGNMENT((#16415,#16420));
#16415 = SURFACE_STYLE_USAGE(.BOTH.,#16416);
#16416 = SURFACE_SIDE_STYLE('',(#16417));
#16417 = SURFACE_STYLE_FILL_AREA(#16418);
#16418 = FILL_AREA_STYLE('',(#16419));
#16419 = FILL_AREA_STYLE_COLOUR('',#16179);
#16420 = CURVE_STYLE('',#16421,POSITIVE_LENGTH_MEASURE(0.1),#16179);
#16421 = DRAUGHTING_PRE_DEFINED_CURVE_FONT('continuous');
#16422 = OVER_RIDING_STYLED_ITEM('overriding color',(#16423),#9464,
  #16358);
#16423 = PRESENTATION_STYLE_ASSIGNMENT((#16424,#16429));
#16424 = SURFACE_STYLE_USAGE(.BOTH.,#16425);
#16425 = SURFACE_SIDE_STYLE('',(#16426));
#16426 = SURFACE_STYLE_FILL_AREA(#16427);
#16427 = FILL_AREA_STYLE('',(#16428));
#16428 = FILL_AREA_STYLE_COLOUR('',#16179);
#16429 = CURVE_STYLE('',#16430,POSITIVE_LENGTH_MEASURE(0.1),#16179);
#16430 = DRAUGHTING_PRE_DEFINED_CURVE_FONT('continuous');
#16431 = OVER_RIDING_STYLED_ITEM('overriding color',(#16432),#9472,
  #16358);
#16432 = PRESENTATION_STYLE_ASSIGNMENT((#16433,#16438));
#16433 = SURFACE_STYLE_USAGE(.BOTH.,#16434);
#16434 = SURFACE_SIDE_STYLE('',(#16435));
#16435 = SURFACE_STYLE_FILL_AREA(#16436);
#16436 = FILL_AREA_STYLE('',(#16437));
#16437 = FILL_AREA_STYLE_COLOUR('',#16179);
#16438 = CURVE_STYLE('',#16439,POSITIVE_LENGTH_MEASURE(0.1),#16179);
#16439 = DRAUGHTING_PRE_DEFINED_CURVE_FONT('continuous');
#16440 = STYLED_ITEM('color',(#16441),#9482);
#16441 = PRESENTATION_STYLE_ASSIGNMENT((#16442,#16447));
#16442 = SURFACE_STYLE_USAGE(.BOTH.,#16443);
#16443 = SURFACE_SIDE_STYLE('',(#16444));
#16444 = SURFACE_STYLE_FILL_AREA(#16445);
#16445 = FILL_AREA_STYLE('',(#16446));
#16446 = FILL_AREA_STYLE_COLOUR('',#16365);
#16447 = CURVE_STYLE('',#16448,POSITIVE_LENGTH_MEASURE(0.1),#16365);
#16448 = DRAUGHTING_PRE_DEFINED_CURVE_FONT('continuous');
#16449 = STYLED_ITEM('color',(#16450),#9568);
#16450 = PRESENTATION_STYLE_ASSIGNMENT((#16451,#16456));
#16451 = SURFACE_STYLE_USAGE(.BOTH.,#16452);
#16452 = SURFACE_SIDE_STYLE('',(#16453));
#16453 = SURFACE_STYLE_FILL_AREA(#16454);
#16454 = FILL_AREA_STYLE('',(#16455));
#16455 = FILL_AREA_STYLE_COLOUR('',#16365);
#16456 = CURVE_STYLE('',#16457,POSITIVE_LENGTH_MEASURE(0.1),#16365);
#16457 = DRAUGHTING_PRE_DEFINED_CURVE_FONT('continuous');
#16458 = STYLED_ITEM('color',(#16459),#9660);
#16459 = PRESENTATION_STYLE_ASSIGNMENT((#16460,#16465));
#16460 = SURFACE_STYLE_USAGE(.BOTH.,#16461);
#16461 = SURFACE_SIDE_STYLE('',(#16462));
#16462 = SURFACE_STYLE_FILL_AREA(#16463);
#16463 = FILL_AREA_STYLE('',(#16464));
#16464 = FILL_AREA_STYLE_COLOUR('',#16365);
#16465 = CURVE_STYLE('',#16466,POSITIVE_LENGTH_MEASURE(0.1),#16365);
#16466 = DRAUGHTING_PRE_DEFINED_CURVE_FONT('continuous');
#16467 = STYLED_ITEM('color',(#16468),#9684);
#16468 = PRESENTATION_STYLE_ASSIGNMENT((#16469,#16474));
#16469 = SURFACE_STYLE_USAGE(.BOTH.,#16470);
#16470 = SURFACE_SIDE_STYLE('',(#16471));
#16471 = SURFACE_STYLE_FILL_AREA(#16472);
#16472 = FILL_AREA_STYLE('',(#16473));
#16473 = FILL_AREA_STYLE_COLOUR('',#16365);
#16474 = CURVE_STYLE('',#16475,POSITIVE_LENGTH_MEASURE(0.1),#16365);
#16475 = DRAUGHTING_PRE_DEFINED_CURVE_FONT('continuous');
#16476 = STYLED_ITEM('color',(#16477),#9763);
#16477 = PRESENTATION_STYLE_ASSIGNMENT((#16478,#16483));
#16478 = SURFACE_STYLE_USAGE(.BOTH.,#16479);
#16479 = SURFACE_SIDE_STYLE('',(#16480));
#16480 = SURFACE_STYLE_FILL_AREA(#16481);
#16481 = FILL_AREA_STYLE('',(#16482));
#16482 = FILL_AREA_STYLE_COLOUR('',#16365);
#16483 = CURVE_STYLE('',#16484,POSITIVE_LENGTH_MEASURE(0.1),#16365);
#16484 = DRAUGHTING_PRE_DEFINED_CURVE_FONT('continuous');
#16485 = STYLED_ITEM('color',(#16486),#9787);
#16486 = PRESENTATION_STYLE_ASSIGNMENT((#16487,#16492));
#16487 = SURFACE_STYLE_USAGE(.BOTH.,#16488);
#16488 = SURFACE_SIDE_STYLE('',(#16489));
#16489 = SURFACE_STYLE_FILL_AREA(#16490);
#16490 = FILL_AREA_STYLE('',(#16491));
#16491 = FILL_AREA_STYLE_COLOUR('',#16365);
#16492 = CURVE_STYLE('',#16493,POSITIVE_LENGTH_MEASURE(0.1),#16365);
#16493 = DRAUGHTING_PRE_DEFINED_CURVE_FONT('continuous');
#16494 = STYLED_ITEM('color',(#16495),#9811);
#16495 = PRESENTATION_STYLE_ASSIGNMENT((#16496,#16501));
#16496 = SURFACE_STYLE_USAGE(.BOTH.,#16497);
#16497 = SURFACE_SIDE_STYLE('',(#16498));
#16498 = SURFACE_STYLE_FILL_AREA(#16499);
#16499 = FILL_AREA_STYLE('',(#16500));
#16500 = FILL_AREA_STYLE_COLOUR('',#16365);
#16501 = CURVE_STYLE('',#16502,POSITIVE_LENGTH_MEASURE(0.1),#16365);
#16502 = DRAUGHTING_PRE_DEFINED_CURVE_FONT('continuous');
#16503 = STYLED_ITEM('color',(#16504),#9828);
#16504 = PRESENTATION_STYLE_ASSIGNMENT((#16505,#16510));
#16505 = SURFACE_STYLE_USAGE(.BOTH.,#16506);
#16506 = SURFACE_SIDE_STYLE('',(#16507));
#16507 = SURFACE_STYLE_FILL_AREA(#16508);
#16508 = FILL_AREA_STYLE('',(#16509));
#16509 = FILL_AREA_STYLE_COLOUR('',#16365);
#16510 = CURVE_STYLE('',#16511,POSITIVE_LENGTH_MEASURE(0.1),#16365);
#16511 = DRAUGHTING_PRE_DEFINED_CURVE_FONT('continuous');
#16512 = STYLED_ITEM('color',(#16513),#9852);
#16513 = PRESENTATION_STYLE_ASSIGNMENT((#16514,#16519));
#16514 = SURFACE_STYLE_USAGE(.BOTH.,#16515);
#16515 = SURFACE_SIDE_STYLE('',(#16516));
#16516 = SURFACE_STYLE_FILL_AREA(#16517);
#16517 = FILL_AREA_STYLE('',(#16518));
#16518 = FILL_AREA_STYLE_COLOUR('',#16365);
#16519 = CURVE_STYLE('',#16520,POSITIVE_LENGTH_MEASURE(0.1),#16365);
#16520 = DRAUGHTING_PRE_DEFINED_CURVE_FONT('continuous');
#16521 = STYLED_ITEM('color',(#16522),#9869);
#16522 = PRESENTATION_STYLE_ASSIGNMENT((#16523,#16528));
#16523 = SURFACE_STYLE_USAGE(.BOTH.,#16524);
#16524 = SURFACE_SIDE_STYLE('',(#16525));
#16525 = SURFACE_STYLE_FILL_AREA(#16526);
#16526 = FILL_AREA_STYLE('',(#16527));
#16527 = FILL_AREA_STYLE_COLOUR('',#16365);
#16528 = CURVE_STYLE('',#16529,POSITIVE_LENGTH_MEASURE(0.1),#16365);
#16529 = DRAUGHTING_PRE_DEFINED_CURVE_FONT('continuous');
#16530 = STYLED_ITEM('color',(#16531),#9886);
#16531 = PRESENTATION_STYLE_ASSIGNMENT((#16532,#16537));
#16532 = SURFACE_STYLE_USAGE(.BOTH.,#16533);
#16533 = SURFACE_SIDE_STYLE('',(#16534));
#16534 = SURFACE_STYLE_FILL_AREA(#16535);
#16535 = FILL_AREA_STYLE('',(#16536));
#16536 = FILL_AREA_STYLE_COLOUR('',#16179);
#16537 = CURVE_STYLE('',#16538,POSITIVE_LENGTH_MEASURE(0.1),#16179);
#16538 = DRAUGHTING_PRE_DEFINED_CURVE_FONT('continuous');
#16539 = STYLED_ITEM('color',(#16540),#9917);
#16540 = PRESENTATION_STYLE_ASSIGNMENT((#16541,#16546));
#16541 = SURFACE_STYLE_USAGE(.BOTH.,#16542);
#16542 = SURFACE_SIDE_STYLE('',(#16543));
#16543 = SURFACE_STYLE_FILL_AREA(#16544);
#16544 = FILL_AREA_STYLE('',(#16545));
#16545 = FILL_AREA_STYLE_COLOUR('',#16179);
#16546 = CURVE_STYLE('',#16547,POSITIVE_LENGTH_MEASURE(0.1),#16179);
#16547 = DRAUGHTING_PRE_DEFINED_CURVE_FONT('continuous');
#16548 = STYLED_ITEM('color',(#16549),#9941);
#16549 = PRESENTATION_STYLE_ASSIGNMENT((#16550,#16555));
#16550 = SURFACE_STYLE_USAGE(.BOTH.,#16551);
#16551 = SURFACE_SIDE_STYLE('',(#16552));
#16552 = SURFACE_STYLE_FILL_AREA(#16553);
#16553 = FILL_AREA_STYLE('',(#16554));
#16554 = FILL_AREA_STYLE_COLOUR('',#16179);
#16555 = CURVE_STYLE('',#16556,POSITIVE_LENGTH_MEASURE(0.1),#16179);
#16556 = DRAUGHTING_PRE_DEFINED_CURVE_FONT('continuous');
#16557 = STYLED_ITEM('color',(#16558),#9965);
#16558 = PRESENTATION_STYLE_ASSIGNMENT((#16559,#16564));
#16559 = SURFACE_STYLE_USAGE(.BOTH.,#16560);
#16560 = SURFACE_SIDE_STYLE('',(#16561));
#16561 = SURFACE_STYLE_FILL_AREA(#16562);
#16562 = FILL_AREA_STYLE('',(#16563));
#16563 = FILL_AREA_STYLE_COLOUR('',#16179);
#16564 = CURVE_STYLE('',#16565,POSITIVE_LENGTH_MEASURE(0.1),#16179);
#16565 = DRAUGHTING_PRE_DEFINED_CURVE_FONT('continuous');
#16566 = STYLED_ITEM('color',(#16567),#9982);
#16567 = PRESENTATION_STYLE_ASSIGNMENT((#16568,#16573));
#16568 = SURFACE_STYLE_USAGE(.BOTH.,#16569);
#16569 = SURFACE_SIDE_STYLE('',(#16570));
#16570 = SURFACE_STYLE_FILL_AREA(#16571);
#16571 = FILL_AREA_STYLE('',(#16572));
#16572 = FILL_AREA_STYLE_COLOUR('',#16179);
#16573 = CURVE_STYLE('',#16574,POSITIVE_LENGTH_MEASURE(0.1),#16179);
#16574 = DRAUGHTING_PRE_DEFINED_CURVE_FONT('continuous');
#16575 = STYLED_ITEM('color',(#16576),#10013);
#16576 = PRESENTATION_STYLE_ASSIGNMENT((#16577,#16582));
#16577 = SURFACE_STYLE_USAGE(.BOTH.,#16578);
#16578 = SURFACE_SIDE_STYLE('',(#16579));
#16579 = SURFACE_STYLE_FILL_AREA(#16580);
#16580 = FILL_AREA_STYLE('',(#16581));
#16581 = FILL_AREA_STYLE_COLOUR('',#16179);
#16582 = CURVE_STYLE('',#16583,POSITIVE_LENGTH_MEASURE(0.1),#16179);
#16583 = DRAUGHTING_PRE_DEFINED_CURVE_FONT('continuous');
#16584 = STYLED_ITEM('color',(#16585),#10037);
#16585 = PRESENTATION_STYLE_ASSIGNMENT((#16586,#16591));
#16586 = SURFACE_STYLE_USAGE(.BOTH.,#16587);
#16587 = SURFACE_SIDE_STYLE('',(#16588));
#16588 = SURFACE_STYLE_FILL_AREA(#16589);
#16589 = FILL_AREA_STYLE('',(#16590));
#16590 = FILL_AREA_STYLE_COLOUR('',#16179);
#16591 = CURVE_STYLE('',#16592,POSITIVE_LENGTH_MEASURE(0.1),#16179);
#16592 = DRAUGHTING_PRE_DEFINED_CURVE_FONT('continuous');
#16593 = STYLED_ITEM('color',(#16594),#10061);
#16594 = PRESENTATION_STYLE_ASSIGNMENT((#16595,#16600));
#16595 = SURFACE_STYLE_USAGE(.BOTH.,#16596);
#16596 = SURFACE_SIDE_STYLE('',(#16597));
#16597 = SURFACE_STYLE_FILL_AREA(#16598);
#16598 = FILL_AREA_STYLE('',(#16599));
#16599 = FILL_AREA_STYLE_COLOUR('',#16179);
#16600 = CURVE_STYLE('',#16601,POSITIVE_LENGTH_MEASURE(0.1),#16179);
#16601 = DRAUGHTING_PRE_DEFINED_CURVE_FONT('continuous');
#16602 = STYLED_ITEM('color',(#16603),#10078);
#16603 = PRESENTATION_STYLE_ASSIGNMENT((#16604,#16609));
#16604 = SURFACE_STYLE_USAGE(.BOTH.,#16605);
#16605 = SURFACE_SIDE_STYLE('',(#16606));
#16606 = SURFACE_STYLE_FILL_AREA(#16607);
#16607 = FILL_AREA_STYLE('',(#16608));
#16608 = FILL_AREA_STYLE_COLOUR('',#16365);
#16609 = CURVE_STYLE('',#16610,POSITIVE_LENGTH_MEASURE(0.1),#16365);
#16610 = DRAUGHTING_PRE_DEFINED_CURVE_FONT('continuous');
#16611 = STYLED_ITEM('color',(#16612),#10100);
#16612 = PRESENTATION_STYLE_ASSIGNMENT((#16613,#16618));
#16613 = SURFACE_STYLE_USAGE(.BOTH.,#16614);
#16614 = SURFACE_SIDE_STYLE('',(#16615));
#16615 = SURFACE_STYLE_FILL_AREA(#16616);
#16616 = FILL_AREA_STYLE('',(#16617));
#16617 = FILL_AREA_STYLE_COLOUR('',#16365);
#16618 = CURVE_STYLE('',#16619,POSITIVE_LENGTH_MEASURE(0.1),#16365);
#16619 = DRAUGHTING_PRE_DEFINED_CURVE_FONT('continuous');
#16620 = STYLED_ITEM('color',(#16621),#10139);
#16621 = PRESENTATION_STYLE_ASSIGNMENT((#16622,#16627));
#16622 = SURFACE_STYLE_USAGE(.BOTH.,#16623);
#16623 = SURFACE_SIDE_STYLE('',(#16624));
#16624 = SURFACE_STYLE_FILL_AREA(#16625);
#16625 = FILL_AREA_STYLE('',(#16626));
#16626 = FILL_AREA_STYLE_COLOUR('',#16365);
#16627 = CURVE_STYLE('',#16628,POSITIVE_LENGTH_MEASURE(0.1),#16365);
#16628 = DRAUGHTING_PRE_DEFINED_CURVE_FONT('continuous');
#16629 = STYLED_ITEM('color',(#16630),#10156);
#16630 = PRESENTATION_STYLE_ASSIGNMENT((#16631,#16636));
#16631 = SURFACE_STYLE_USAGE(.BOTH.,#16632);
#16632 = SURFACE_SIDE_STYLE('',(#16633));
#16633 = SURFACE_STYLE_FILL_AREA(#16634);
#16634 = FILL_AREA_STYLE('',(#16635));
#16635 = FILL_AREA_STYLE_COLOUR('',#16365);
#16636 = CURVE_STYLE('',#16637,POSITIVE_LENGTH_MEASURE(0.1),#16365);
#16637 = DRAUGHTING_PRE_DEFINED_CURVE_FONT('continuous');
#16638 = STYLED_ITEM('color',(#16639),#10168);
#16639 = PRESENTATION_STYLE_ASSIGNMENT((#16640,#16645));
#16640 = SURFACE_STYLE_USAGE(.BOTH.,#16641);
#16641 = SURFACE_SIDE_STYLE('',(#16642));
#16642 = SURFACE_STYLE_FILL_AREA(#16643);
#16643 = FILL_AREA_STYLE('',(#16644));
#16644 = FILL_AREA_STYLE_COLOUR('',#16365);
#16645 = CURVE_STYLE('',#16646,POSITIVE_LENGTH_MEASURE(0.1),#16365);
#16646 = DRAUGHTING_PRE_DEFINED_CURVE_FONT('continuous');
#16647 = STYLED_ITEM('color',(#16648),#10180);
#16648 = PRESENTATION_STYLE_ASSIGNMENT((#16649,#16654));
#16649 = SURFACE_STYLE_USAGE(.BOTH.,#16650);
#16650 = SURFACE_SIDE_STYLE('',(#16651));
#16651 = SURFACE_STYLE_FILL_AREA(#16652);
#16652 = FILL_AREA_STYLE('',(#16653));
#16653 = FILL_AREA_STYLE_COLOUR('',#16365);
#16654 = CURVE_STYLE('',#16655,POSITIVE_LENGTH_MEASURE(0.1),#16365);
#16655 = DRAUGHTING_PRE_DEFINED_CURVE_FONT('continuous');
#16656 = STYLED_ITEM('color',(#16657),#10192);
#16657 = PRESENTATION_STYLE_ASSIGNMENT((#16658,#16663));
#16658 = SURFACE_STYLE_USAGE(.BOTH.,#16659);
#16659 = SURFACE_SIDE_STYLE('',(#16660));
#16660 = SURFACE_STYLE_FILL_AREA(#16661);
#16661 = FILL_AREA_STYLE('',(#16662));
#16662 = FILL_AREA_STYLE_COLOUR('',#16365);
#16663 = CURVE_STYLE('',#16664,POSITIVE_LENGTH_MEASURE(0.1),#16365);
#16664 = DRAUGHTING_PRE_DEFINED_CURVE_FONT('continuous');
#16665 = STYLED_ITEM('color',(#16666),#10221);
#16666 = PRESENTATION_STYLE_ASSIGNMENT((#16667,#16672));
#16667 = SURFACE_STYLE_USAGE(.BOTH.,#16668);
#16668 = SURFACE_SIDE_STYLE('',(#16669));
#16669 = SURFACE_STYLE_FILL_AREA(#16670);
#16670 = FILL_AREA_STYLE('',(#16671));
#16671 = FILL_AREA_STYLE_COLOUR('',#16365);
#16672 = CURVE_STYLE('',#16673,POSITIVE_LENGTH_MEASURE(0.1),#16365);
#16673 = DRAUGHTING_PRE_DEFINED_CURVE_FONT('continuous');
#16674 = STYLED_ITEM('color',(#16675),#10260);
#16675 = PRESENTATION_STYLE_ASSIGNMENT((#16676,#16681));
#16676 = SURFACE_STYLE_USAGE(.BOTH.,#16677);
#16677 = SURFACE_SIDE_STYLE('',(#16678));
#16678 = SURFACE_STYLE_FILL_AREA(#16679);
#16679 = FILL_AREA_STYLE('',(#16680));
#16680 = FILL_AREA_STYLE_COLOUR('',#16365);
#16681 = CURVE_STYLE('',#16682,POSITIVE_LENGTH_MEASURE(0.1),#16365);
#16682 = DRAUGHTING_PRE_DEFINED_CURVE_FONT('continuous');
#16683 = STYLED_ITEM('color',(#16684),#10283);
#16684 = PRESENTATION_STYLE_ASSIGNMENT((#16685,#16690));
#16685 = SURFACE_STYLE_USAGE(.BOTH.,#16686);
#16686 = SURFACE_SIDE_STYLE('',(#16687));
#16687 = SURFACE_STYLE_FILL_AREA(#16688);
#16688 = FILL_AREA_STYLE('',(#16689));
#16689 = FILL_AREA_STYLE_COLOUR('',#16365);
#16690 = CURVE_STYLE('',#16691,POSITIVE_LENGTH_MEASURE(0.1),#16365);
#16691 = DRAUGHTING_PRE_DEFINED_CURVE_FONT('continuous');
#16692 = STYLED_ITEM('color',(#16693),#10300);
#16693 = PRESENTATION_STYLE_ASSIGNMENT((#16694,#16699));
#16694 = SURFACE_STYLE_USAGE(.BOTH.,#16695);
#16695 = SURFACE_SIDE_STYLE('',(#16696));
#16696 = SURFACE_STYLE_FILL_AREA(#16697);
#16697 = FILL_AREA_STYLE('',(#16698));
#16698 = FILL_AREA_STYLE_COLOUR('',#16365);
#16699 = CURVE_STYLE('',#16700,POSITIVE_LENGTH_MEASURE(0.1),#16365);
#16700 = DRAUGHTING_PRE_DEFINED_CURVE_FONT('continuous');
#16701 = STYLED_ITEM('color',(#16702),#10329);
#16702 = PRESENTATION_STYLE_ASSIGNMENT((#16703,#16708));
#16703 = SURFACE_STYLE_USAGE(.BOTH.,#16704);
#16704 = SURFACE_SIDE_STYLE('',(#16705));
#16705 = SURFACE_STYLE_FILL_AREA(#16706);
#16706 = FILL_AREA_STYLE('',(#16707));
#16707 = FILL_AREA_STYLE_COLOUR('',#16365);
#16708 = CURVE_STYLE('',#16709,POSITIVE_LENGTH_MEASURE(0.1),#16365);
#16709 = DRAUGHTING_PRE_DEFINED_CURVE_FONT('continuous');
#16710 = STYLED_ITEM('color',(#16711),#10368);
#16711 = PRESENTATION_STYLE_ASSIGNMENT((#16712,#16717));
#16712 = SURFACE_STYLE_USAGE(.BOTH.,#16713);
#16713 = SURFACE_SIDE_STYLE('',(#16714));
#16714 = SURFACE_STYLE_FILL_AREA(#16715);
#16715 = FILL_AREA_STYLE('',(#16716));
#16716 = FILL_AREA_STYLE_COLOUR('',#16365);
#16717 = CURVE_STYLE('',#16718,POSITIVE_LENGTH_MEASURE(0.1),#16365);
#16718 = DRAUGHTING_PRE_DEFINED_CURVE_FONT('continuous');
#16719 = STYLED_ITEM('color',(#16720),#10391);
#16720 = PRESENTATION_STYLE_ASSIGNMENT((#16721,#16726));
#16721 = SURFACE_STYLE_USAGE(.BOTH.,#16722);
#16722 = SURFACE_SIDE_STYLE('',(#16723));
#16723 = SURFACE_STYLE_FILL_AREA(#16724);
#16724 = FILL_AREA_STYLE('',(#16725));
#16725 = FILL_AREA_STYLE_COLOUR('',#16365);
#16726 = CURVE_STYLE('',#16727,POSITIVE_LENGTH_MEASURE(0.1),#16365);
#16727 = DRAUGHTING_PRE_DEFINED_CURVE_FONT('continuous');
#16728 = STYLED_ITEM('color',(#16729),#10408);
#16729 = PRESENTATION_STYLE_ASSIGNMENT((#16730,#16735));
#16730 = SURFACE_STYLE_USAGE(.BOTH.,#16731);
#16731 = SURFACE_SIDE_STYLE('',(#16732));
#16732 = SURFACE_STYLE_FILL_AREA(#16733);
#16733 = FILL_AREA_STYLE('',(#16734));
#16734 = FILL_AREA_STYLE_COLOUR('',#16365);
#16735 = CURVE_STYLE('',#16736,POSITIVE_LENGTH_MEASURE(0.1),#16365);
#16736 = DRAUGHTING_PRE_DEFINED_CURVE_FONT('continuous');
#16737 = STYLED_ITEM('color',(#16738),#10420);
#16738 = PRESENTATION_STYLE_ASSIGNMENT((#16739,#16744));
#16739 = SURFACE_STYLE_USAGE(.BOTH.,#16740);
#16740 = SURFACE_SIDE_STYLE('',(#16741));
#16741 = SURFACE_STYLE_FILL_AREA(#16742);
#16742 = FILL_AREA_STYLE('',(#16743));
#16743 = FILL_AREA_STYLE_COLOUR('',#16179);
#16744 = CURVE_STYLE('',#16745,POSITIVE_LENGTH_MEASURE(0.1),#16179);
#16745 = DRAUGHTING_PRE_DEFINED_CURVE_FONT('continuous');
#16746 = STYLED_ITEM('color',(#16747),#10432);
#16747 = PRESENTATION_STYLE_ASSIGNMENT((#16748,#16753));
#16748 = SURFACE_STYLE_USAGE(.BOTH.,#16749);
#16749 = SURFACE_SIDE_STYLE('',(#16750));
#16750 = SURFACE_STYLE_FILL_AREA(#16751);
#16751 = FILL_AREA_STYLE('',(#16752));
#16752 = FILL_AREA_STYLE_COLOUR('',#16179);
#16753 = CURVE_STYLE('',#16754,POSITIVE_LENGTH_MEASURE(0.1),#16179);
#16754 = DRAUGHTING_PRE_DEFINED_CURVE_FONT('continuous');
#16755 = STYLED_ITEM('color',(#16756),#10444);
#16756 = PRESENTATION_STYLE_ASSIGNMENT((#16757,#16762));
#16757 = SURFACE_STYLE_USAGE(.BOTH.,#16758);
#16758 = SURFACE_SIDE_STYLE('',(#16759));
#16759 = SURFACE_STYLE_FILL_AREA(#16760);
#16760 = FILL_AREA_STYLE('',(#16761));
#16761 = FILL_AREA_STYLE_COLOUR('',#16365);
#16762 = CURVE_STYLE('',#16763,POSITIVE_LENGTH_MEASURE(0.1),#16365);
#16763 = DRAUGHTING_PRE_DEFINED_CURVE_FONT('continuous');
#16764 = STYLED_ITEM('color',(#16765),#10603);
#16765 = PRESENTATION_STYLE_ASSIGNMENT((#16766,#16771));
#16766 = SURFACE_STYLE_USAGE(.BOTH.,#16767);
#16767 = SURFACE_SIDE_STYLE('',(#16768));
#16768 = SURFACE_STYLE_FILL_AREA(#16769);
#16769 = FILL_AREA_STYLE('',(#16770));
#16770 = FILL_AREA_STYLE_COLOUR('',#16365);
#16771 = CURVE_STYLE('',#16772,POSITIVE_LENGTH_MEASURE(0.1),#16365);
#16772 = DRAUGHTING_PRE_DEFINED_CURVE_FONT('continuous');
#16773 = STYLED_ITEM('color',(#16774),#10762);
#16774 = PRESENTATION_STYLE_ASSIGNMENT((#16775,#16780));
#16775 = SURFACE_STYLE_USAGE(.BOTH.,#16776);
#16776 = SURFACE_SIDE_STYLE('',(#16777));
#16777 = SURFACE_STYLE_FILL_AREA(#16778);
#16778 = FILL_AREA_STYLE('',(#16779));
#16779 = FILL_AREA_STYLE_COLOUR('',#16365);
#16780 = CURVE_STYLE('',#16781,POSITIVE_LENGTH_MEASURE(0.1),#16365);
#16781 = DRAUGHTING_PRE_DEFINED_CURVE_FONT('continuous');
#16782 = STYLED_ITEM('color',(#16783),#10786);
#16783 = PRESENTATION_STYLE_ASSIGNMENT((#16784,#16789));
#16784 = SURFACE_STYLE_USAGE(.BOTH.,#16785);
#16785 = SURFACE_SIDE_STYLE('',(#16786));
#16786 = SURFACE_STYLE_FILL_AREA(#16787);
#16787 = FILL_AREA_STYLE('',(#16788));
#16788 = FILL_AREA_STYLE_COLOUR('',#16365);
#16789 = CURVE_STYLE('',#16790,POSITIVE_LENGTH_MEASURE(0.1),#16365);
#16790 = DRAUGHTING_PRE_DEFINED_CURVE_FONT('continuous');
#16791 = STYLED_ITEM('color',(#16792),#10810);
#16792 = PRESENTATION_STYLE_ASSIGNMENT((#16793,#16798));
#16793 = SURFACE_STYLE_USAGE(.BOTH.,#16794);
#16794 = SURFACE_SIDE_STYLE('',(#16795));
#16795 = SURFACE_STYLE_FILL_AREA(#16796);
#16796 = FILL_AREA_STYLE('',(#16797));
#16797 = FILL_AREA_STYLE_COLOUR('',#16179);
#16798 = CURVE_STYLE('',#16799,POSITIVE_LENGTH_MEASURE(0.1),#16179);
#16799 = DRAUGHTING_PRE_DEFINED_CURVE_FONT('continuous');
#16800 = STYLED_ITEM('color',(#16801),#10861);
#16801 = PRESENTATION_STYLE_ASSIGNMENT((#16802,#16807));
#16802 = SURFACE_STYLE_USAGE(.BOTH.,#16803);
#16803 = SURFACE_SIDE_STYLE('',(#16804));
#16804 = SURFACE_STYLE_FILL_AREA(#16805);
#16805 = FILL_AREA_STYLE('',(#16806));
#16806 = FILL_AREA_STYLE_COLOUR('',#16365);
#16807 = CURVE_STYLE('',#16808,POSITIVE_LENGTH_MEASURE(0.1),#16365);
#16808 = DRAUGHTING_PRE_DEFINED_CURVE_FONT('continuous');
#16809 = STYLED_ITEM('color',(#16810),#10873);
#16810 = PRESENTATION_STYLE_ASSIGNMENT((#16811,#16816));
#16811 = SURFACE_STYLE_USAGE(.BOTH.,#16812);
#16812 = SURFACE_SIDE_STYLE('',(#16813));
#16813 = SURFACE_STYLE_FILL_AREA(#16814);
#16814 = FILL_AREA_STYLE('',(#16815));
#16815 = FILL_AREA_STYLE_COLOUR('',#16365);
#16816 = CURVE_STYLE('',#16817,POSITIVE_LENGTH_MEASURE(0.1),#16365);
#16817 = DRAUGHTING_PRE_DEFINED_CURVE_FONT('continuous');
#16818 = STYLED_ITEM('color',(#16819),#10897);
#16819 = PRESENTATION_STYLE_ASSIGNMENT((#16820,#16825));
#16820 = SURFACE_STYLE_USAGE(.BOTH.,#16821);
#16821 = SURFACE_SIDE_STYLE('',(#16822));
#16822 = SURFACE_STYLE_FILL_AREA(#16823);
#16823 = FILL_AREA_STYLE('',(#16824));
#16824 = FILL_AREA_STYLE_COLOUR('',#16365);
#16825 = CURVE_STYLE('',#16826,POSITIVE_LENGTH_MEASURE(0.1),#16365);
#16826 = DRAUGHTING_PRE_DEFINED_CURVE_FONT('continuous');
#16827 = STYLED_ITEM('color',(#16828),#10921);
#16828 = PRESENTATION_STYLE_ASSIGNMENT((#16829,#16834));
#16829 = SURFACE_STYLE_USAGE(.BOTH.,#16830);
#16830 = SURFACE_SIDE_STYLE('',(#16831));
#16831 = SURFACE_STYLE_FILL_AREA(#16832);
#16832 = FILL_AREA_STYLE('',(#16833));
#16833 = FILL_AREA_STYLE_COLOUR('',#16179);
#16834 = CURVE_STYLE('',#16835,POSITIVE_LENGTH_MEASURE(0.1),#16179);
#16835 = DRAUGHTING_PRE_DEFINED_CURVE_FONT('continuous');
#16836 = STYLED_ITEM('color',(#16837),#10972);
#16837 = PRESENTATION_STYLE_ASSIGNMENT((#16838,#16843));
#16838 = SURFACE_STYLE_USAGE(.BOTH.,#16839);
#16839 = SURFACE_SIDE_STYLE('',(#16840));
#16840 = SURFACE_STYLE_FILL_AREA(#16841);
#16841 = FILL_AREA_STYLE('',(#16842));
#16842 = FILL_AREA_STYLE_COLOUR('',#16365);
#16843 = CURVE_STYLE('',#16844,POSITIVE_LENGTH_MEASURE(0.1),#16365);
#16844 = DRAUGHTING_PRE_DEFINED_CURVE_FONT('continuous');
#16845 = STYLED_ITEM('color',(#16846),#10984);
#16846 = PRESENTATION_STYLE_ASSIGNMENT((#16847,#16852));
#16847 = SURFACE_STYLE_USAGE(.BOTH.,#16848);
#16848 = SURFACE_SIDE_STYLE('',(#16849));
#16849 = SURFACE_STYLE_FILL_AREA(#16850);
#16850 = FILL_AREA_STYLE('',(#16851));
#16851 = FILL_AREA_STYLE_COLOUR('',#16365);
#16852 = CURVE_STYLE('',#16853,POSITIVE_LENGTH_MEASURE(0.1),#16365);
#16853 = DRAUGHTING_PRE_DEFINED_CURVE_FONT('continuous');
#16854 = STYLED_ITEM('color',(#16855),#11000);
#16855 = PRESENTATION_STYLE_ASSIGNMENT((#16856,#16861));
#16856 = SURFACE_STYLE_USAGE(.BOTH.,#16857);
#16857 = SURFACE_SIDE_STYLE('',(#16858));
#16858 = SURFACE_STYLE_FILL_AREA(#16859);
#16859 = FILL_AREA_STYLE('',(#16860));
#16860 = FILL_AREA_STYLE_COLOUR('',#16179);
#16861 = CURVE_STYLE('',#16862,POSITIVE_LENGTH_MEASURE(0.1),#16179);
#16862 = DRAUGHTING_PRE_DEFINED_CURVE_FONT('continuous');
#16863 = STYLED_ITEM('color',(#16864),#11033);
#16864 = PRESENTATION_STYLE_ASSIGNMENT((#16865,#16870));
#16865 = SURFACE_STYLE_USAGE(.BOTH.,#16866);
#16866 = SURFACE_SIDE_STYLE('',(#16867));
#16867 = SURFACE_STYLE_FILL_AREA(#16868);
#16868 = FILL_AREA_STYLE('',(#16869));
#16869 = FILL_AREA_STYLE_COLOUR('',#16179);
#16870 = CURVE_STYLE('',#16871,POSITIVE_LENGTH_MEASURE(0.1),#16179);
#16871 = DRAUGHTING_PRE_DEFINED_CURVE_FONT('continuous');
#16872 = STYLED_ITEM('color',(#16873),#11058);
#16873 = PRESENTATION_STYLE_ASSIGNMENT((#16874,#16879));
#16874 = SURFACE_STYLE_USAGE(.BOTH.,#16875);
#16875 = SURFACE_SIDE_STYLE('',(#16876));
#16876 = SURFACE_STYLE_FILL_AREA(#16877);
#16877 = FILL_AREA_STYLE('',(#16878));
#16878 = FILL_AREA_STYLE_COLOUR('',#16179);
#16879 = CURVE_STYLE('',#16880,POSITIVE_LENGTH_MEASURE(0.1),#16179);
#16880 = DRAUGHTING_PRE_DEFINED_CURVE_FONT('continuous');
#16881 = STYLED_ITEM('color',(#16882),#11089);
#16882 = PRESENTATION_STYLE_ASSIGNMENT((#16883,#16888));
#16883 = SURFACE_STYLE_USAGE(.BOTH.,#16884);
#16884 = SURFACE_SIDE_STYLE('',(#16885));
#16885 = SURFACE_STYLE_FILL_AREA(#16886);
#16886 = FILL_AREA_STYLE('',(#16887));
#16887 = FILL_AREA_STYLE_COLOUR('',#16365);
#16888 = CURVE_STYLE('',#16889,POSITIVE_LENGTH_MEASURE(0.1),#16365);
#16889 = DRAUGHTING_PRE_DEFINED_CURVE_FONT('continuous');
#16890 = STYLED_ITEM('color',(#16891),#11099);
#16891 = PRESENTATION_STYLE_ASSIGNMENT((#16892,#16897));
#16892 = SURFACE_STYLE_USAGE(.BOTH.,#16893);
#16893 = SURFACE_SIDE_STYLE('',(#16894));
#16894 = SURFACE_STYLE_FILL_AREA(#16895);
#16895 = FILL_AREA_STYLE('',(#16896));
#16896 = FILL_AREA_STYLE_COLOUR('',#16179);
#16897 = CURVE_STYLE('',#16898,POSITIVE_LENGTH_MEASURE(0.1),#16179);
#16898 = DRAUGHTING_PRE_DEFINED_CURVE_FONT('continuous');
#16899 = STYLED_ITEM('color',(#16900),#11124);
#16900 = PRESENTATION_STYLE_ASSIGNMENT((#16901,#16906));
#16901 = SURFACE_STYLE_USAGE(.BOTH.,#16902);
#16902 = SURFACE_SIDE_STYLE('',(#16903));
#16903 = SURFACE_STYLE_FILL_AREA(#16904);
#16904 = FILL_AREA_STYLE('',(#16905));
#16905 = FILL_AREA_STYLE_COLOUR('',#16179);
#16906 = CURVE_STYLE('',#16907,POSITIVE_LENGTH_MEASURE(0.1),#16179);
#16907 = DRAUGHTING_PRE_DEFINED_CURVE_FONT('continuous');
#16908 = STYLED_ITEM('color',(#16909),#11155);
#16909 = PRESENTATION_STYLE_ASSIGNMENT((#16910,#16915));
#16910 = SURFACE_STYLE_USAGE(.BOTH.,#16911);
#16911 = SURFACE_SIDE_STYLE('',(#16912));
#16912 = SURFACE_STYLE_FILL_AREA(#16913);
#16913 = FILL_AREA_STYLE('',(#16914));
#16914 = FILL_AREA_STYLE_COLOUR('',#16365);
#16915 = CURVE_STYLE('',#16916,POSITIVE_LENGTH_MEASURE(0.1),#16365);
#16916 = DRAUGHTING_PRE_DEFINED_CURVE_FONT('continuous');
#16917 = STYLED_ITEM('color',(#16918),#11186);
#16918 = PRESENTATION_STYLE_ASSIGNMENT((#16919,#16924));
#16919 = SURFACE_STYLE_USAGE(.BOTH.,#16920);
#16920 = SURFACE_SIDE_STYLE('',(#16921));
#16921 = SURFACE_STYLE_FILL_AREA(#16922);
#16922 = FILL_AREA_STYLE('',(#16923));
#16923 = FILL_AREA_STYLE_COLOUR('',#16179);
#16924 = CURVE_STYLE('',#16925,POSITIVE_LENGTH_MEASURE(0.1),#16179);
#16925 = DRAUGHTING_PRE_DEFINED_CURVE_FONT('continuous');
#16926 = STYLED_ITEM('color',(#16927),#11208);
#16927 = PRESENTATION_STYLE_ASSIGNMENT((#16928,#16933));
#16928 = SURFACE_STYLE_USAGE(.BOTH.,#16929);
#16929 = SURFACE_SIDE_STYLE('',(#16930));
#16930 = SURFACE_STYLE_FILL_AREA(#16931);
#16931 = FILL_AREA_STYLE('',(#16932));
#16932 = FILL_AREA_STYLE_COLOUR('',#16365);
#16933 = CURVE_STYLE('',#16934,POSITIVE_LENGTH_MEASURE(0.1),#16365);
#16934 = DRAUGHTING_PRE_DEFINED_CURVE_FONT('continuous');
#16935 = STYLED_ITEM('color',(#16936),#11218);
#16936 = PRESENTATION_STYLE_ASSIGNMENT((#16937,#16942));
#16937 = SURFACE_STYLE_USAGE(.BOTH.,#16938);
#16938 = SURFACE_SIDE_STYLE('',(#16939));
#16939 = SURFACE_STYLE_FILL_AREA(#16940);
#16940 = FILL_AREA_STYLE('',(#16941));
#16941 = FILL_AREA_STYLE_COLOUR('',#16365);
#16942 = CURVE_STYLE('',#16943,POSITIVE_LENGTH_MEASURE(0.1),#16365);
#16943 = DRAUGHTING_PRE_DEFINED_CURVE_FONT('continuous');
#16944 = STYLED_ITEM('color',(#16945),#11249);
#16945 = PRESENTATION_STYLE_ASSIGNMENT((#16946,#16951));
#16946 = SURFACE_STYLE_USAGE(.BOTH.,#16947);
#16947 = SURFACE_SIDE_STYLE('',(#16948));
#16948 = SURFACE_STYLE_FILL_AREA(#16949);
#16949 = FILL_AREA_STYLE('',(#16950));
#16950 = FILL_AREA_STYLE_COLOUR('',#16179);
#16951 = CURVE_STYLE('',#16952,POSITIVE_LENGTH_MEASURE(0.1),#16179);
#16952 = DRAUGHTING_PRE_DEFINED_CURVE_FONT('continuous');
#16953 = STYLED_ITEM('color',(#16954),#11267);
#16954 = PRESENTATION_STYLE_ASSIGNMENT((#16955,#16960));
#16955 = SURFACE_STYLE_USAGE(.BOTH.,#16956);
#16956 = SURFACE_SIDE_STYLE('',(#16957));
#16957 = SURFACE_STYLE_FILL_AREA(#16958);
#16958 = FILL_AREA_STYLE('',(#16959));
#16959 = FILL_AREA_STYLE_COLOUR('',#16365);
#16960 = CURVE_STYLE('',#16961,POSITIVE_LENGTH_MEASURE(0.1),#16365);
#16961 = DRAUGHTING_PRE_DEFINED_CURVE_FONT('continuous');
#16962 = STYLED_ITEM('color',(#16963),#11283);
#16963 = PRESENTATION_STYLE_ASSIGNMENT((#16964,#16969));
#16964 = SURFACE_STYLE_USAGE(.BOTH.,#16965);
#16965 = SURFACE_SIDE_STYLE('',(#16966));
#16966 = SURFACE_STYLE_FILL_AREA(#16967);
#16967 = FILL_AREA_STYLE('',(#16968));
#16968 = FILL_AREA_STYLE_COLOUR('',#16179);
#16969 = CURVE_STYLE('',#16970,POSITIVE_LENGTH_MEASURE(0.1),#16179);
#16970 = DRAUGHTING_PRE_DEFINED_CURVE_FONT('continuous');
#16971 = STYLED_ITEM('color',(#16972),#11316);
#16972 = PRESENTATION_STYLE_ASSIGNMENT((#16973,#16978));
#16973 = SURFACE_STYLE_USAGE(.BOTH.,#16974);
#16974 = SURFACE_SIDE_STYLE('',(#16975));
#16975 = SURFACE_STYLE_FILL_AREA(#16976);
#16976 = FILL_AREA_STYLE('',(#16977));
#16977 = FILL_AREA_STYLE_COLOUR('',#16179);
#16978 = CURVE_STYLE('',#16979,POSITIVE_LENGTH_MEASURE(0.1),#16179);
#16979 = DRAUGHTING_PRE_DEFINED_CURVE_FONT('continuous');
#16980 = STYLED_ITEM('color',(#16981),#11341);
#16981 = PRESENTATION_STYLE_ASSIGNMENT((#16982,#16987));
#16982 = SURFACE_STYLE_USAGE(.BOTH.,#16983);
#16983 = SURFACE_SIDE_STYLE('',(#16984));
#16984 = SURFACE_STYLE_FILL_AREA(#16985);
#16985 = FILL_AREA_STYLE('',(#16986));
#16986 = FILL_AREA_STYLE_COLOUR('',#16179);
#16987 = CURVE_STYLE('',#16988,POSITIVE_LENGTH_MEASURE(0.1),#16179);
#16988 = DRAUGHTING_PRE_DEFINED_CURVE_FONT('continuous');
#16989 = STYLED_ITEM('color',(#16990),#11372);
#16990 = PRESENTATION_STYLE_ASSIGNMENT((#16991,#16996));
#16991 = SURFACE_STYLE_USAGE(.BOTH.,#16992);
#16992 = SURFACE_SIDE_STYLE('',(#16993));
#16993 = SURFACE_STYLE_FILL_AREA(#16994);
#16994 = FILL_AREA_STYLE('',(#16995));
#16995 = FILL_AREA_STYLE_COLOUR('',#16365);
#16996 = CURVE_STYLE('',#16997,POSITIVE_LENGTH_MEASURE(0.1),#16365);
#16997 = DRAUGHTING_PRE_DEFINED_CURVE_FONT('continuous');
#16998 = STYLED_ITEM('color',(#16999),#11382);
#16999 = PRESENTATION_STYLE_ASSIGNMENT((#17000,#17005));
#17000 = SURFACE_STYLE_USAGE(.BOTH.,#17001);
#17001 = SURFACE_SIDE_STYLE('',(#17002));
#17002 = SURFACE_STYLE_FILL_AREA(#17003);
#17003 = FILL_AREA_STYLE('',(#17004));
#17004 = FILL_AREA_STYLE_COLOUR('',#16179);
#17005 = CURVE_STYLE('',#17006,POSITIVE_LENGTH_MEASURE(0.1),#16179);
#17006 = DRAUGHTING_PRE_DEFINED_CURVE_FONT('continuous');
#17007 = STYLED_ITEM('color',(#17008),#11407);
#17008 = PRESENTATION_STYLE_ASSIGNMENT((#17009,#17014));
#17009 = SURFACE_STYLE_USAGE(.BOTH.,#17010);
#17010 = SURFACE_SIDE_STYLE('',(#17011));
#17011 = SURFACE_STYLE_FILL_AREA(#17012);
#17012 = FILL_AREA_STYLE('',(#17013));
#17013 = FILL_AREA_STYLE_COLOUR('',#16179);
#17014 = CURVE_STYLE('',#17015,POSITIVE_LENGTH_MEASURE(0.1),#16179);
#17015 = DRAUGHTING_PRE_DEFINED_CURVE_FONT('continuous');
#17016 = STYLED_ITEM('color',(#17017),#11438);
#17017 = PRESENTATION_STYLE_ASSIGNMENT((#17018,#17023));
#17018 = SURFACE_STYLE_USAGE(.BOTH.,#17019);
#17019 = SURFACE_SIDE_STYLE('',(#17020));
#17020 = SURFACE_STYLE_FILL_AREA(#17021);
#17021 = FILL_AREA_STYLE('',(#17022));
#17022 = FILL_AREA_STYLE_COLOUR('',#16365);
#17023 = CURVE_STYLE('',#17024,POSITIVE_LENGTH_MEASURE(0.1),#16365);
#17024 = DRAUGHTING_PRE_DEFINED_CURVE_FONT('continuous');
#17025 = STYLED_ITEM('color',(#17026),#11469);
#17026 = PRESENTATION_STYLE_ASSIGNMENT((#17027,#17032));
#17027 = SURFACE_STYLE_USAGE(.BOTH.,#17028);
#17028 = SURFACE_SIDE_STYLE('',(#17029));
#17029 = SURFACE_STYLE_FILL_AREA(#17030);
#17030 = FILL_AREA_STYLE('',(#17031));
#17031 = FILL_AREA_STYLE_COLOUR('',#16179);
#17032 = CURVE_STYLE('',#17033,POSITIVE_LENGTH_MEASURE(0.1),#16179);
#17033 = DRAUGHTING_PRE_DEFINED_CURVE_FONT('continuous');
#17034 = STYLED_ITEM('color',(#17035),#11491);
#17035 = PRESENTATION_STYLE_ASSIGNMENT((#17036,#17041));
#17036 = SURFACE_STYLE_USAGE(.BOTH.,#17037);
#17037 = SURFACE_SIDE_STYLE('',(#17038));
#17038 = SURFACE_STYLE_FILL_AREA(#17039);
#17039 = FILL_AREA_STYLE('',(#17040));
#17040 = FILL_AREA_STYLE_COLOUR('',#16365);
#17041 = CURVE_STYLE('',#17042,POSITIVE_LENGTH_MEASURE(0.1),#16365);
#17042 = DRAUGHTING_PRE_DEFINED_CURVE_FONT('continuous');
#17043 = STYLED_ITEM('color',(#17044),#11501);
#17044 = PRESENTATION_STYLE_ASSIGNMENT((#17045,#17050));
#17045 = SURFACE_STYLE_USAGE(.BOTH.,#17046);
#17046 = SURFACE_SIDE_STYLE('',(#17047));
#17047 = SURFACE_STYLE_FILL_AREA(#17048);
#17048 = FILL_AREA_STYLE('',(#17049));
#17049 = FILL_AREA_STYLE_COLOUR('',#16365);
#17050 = CURVE_STYLE('',#17051,POSITIVE_LENGTH_MEASURE(0.1),#16365);
#17051 = DRAUGHTING_PRE_DEFINED_CURVE_FONT('continuous');
#17052 = STYLED_ITEM('color',(#17053),#11532);
#17053 = PRESENTATION_STYLE_ASSIGNMENT((#17054,#17059));
#17054 = SURFACE_STYLE_USAGE(.BOTH.,#17055);
#17055 = SURFACE_SIDE_STYLE('',(#17056));
#17056 = SURFACE_STYLE_FILL_AREA(#17057);
#17057 = FILL_AREA_STYLE('',(#17058));
#17058 = FILL_AREA_STYLE_COLOUR('',#16179);
#17059 = CURVE_STYLE('',#17060,POSITIVE_LENGTH_MEASURE(0.1),#16179);
#17060 = DRAUGHTING_PRE_DEFINED_CURVE_FONT('continuous');
#17061 = STYLED_ITEM('color',(#17062),#11550);
#17062 = PRESENTATION_STYLE_ASSIGNMENT((#17063,#17068));
#17063 = SURFACE_STYLE_USAGE(.BOTH.,#17064);
#17064 = SURFACE_SIDE_STYLE('',(#17065));
#17065 = SURFACE_STYLE_FILL_AREA(#17066);
#17066 = FILL_AREA_STYLE('',(#17067));
#17067 = FILL_AREA_STYLE_COLOUR('',#16179);
#17068 = CURVE_STYLE('',#17069,POSITIVE_LENGTH_MEASURE(0.1),#16179);
#17069 = DRAUGHTING_PRE_DEFINED_CURVE_FONT('continuous');
#17070 = STYLED_ITEM('color',(#17071),#11572);
#17071 = PRESENTATION_STYLE_ASSIGNMENT((#17072,#17077));
#17072 = SURFACE_STYLE_USAGE(.BOTH.,#17073);
#17073 = SURFACE_SIDE_STYLE('',(#17074));
#17074 = SURFACE_STYLE_FILL_AREA(#17075);
#17075 = FILL_AREA_STYLE('',(#17076));
#17076 = FILL_AREA_STYLE_COLOUR('',#16179);
#17077 = CURVE_STYLE('',#17078,POSITIVE_LENGTH_MEASURE(0.1),#16179);
#17078 = DRAUGHTING_PRE_DEFINED_CURVE_FONT('continuous');
#17079 = STYLED_ITEM('color',(#17080),#11591);
#17080 = PRESENTATION_STYLE_ASSIGNMENT((#17081,#17086));
#17081 = SURFACE_STYLE_USAGE(.BOTH.,#17082);
#17082 = SURFACE_SIDE_STYLE('',(#17083));
#17083 = SURFACE_STYLE_FILL_AREA(#17084);
#17084 = FILL_AREA_STYLE('',(#17085));
#17085 = FILL_AREA_STYLE_COLOUR('',#16179);
#17086 = CURVE_STYLE('',#17087,POSITIVE_LENGTH_MEASURE(0.1),#16179);
#17087 = DRAUGHTING_PRE_DEFINED_CURVE_FONT('continuous');
#17088 = STYLED_ITEM('color',(#17089),#11608);
#17089 = PRESENTATION_STYLE_ASSIGNMENT((#17090,#17095));
#17090 = SURFACE_STYLE_USAGE(.BOTH.,#17091);
#17091 = SURFACE_SIDE_STYLE('',(#17092));
#17092 = SURFACE_STYLE_FILL_AREA(#17093);
#17093 = FILL_AREA_STYLE('',(#17094));
#17094 = FILL_AREA_STYLE_COLOUR('',#16179);
#17095 = CURVE_STYLE('',#17096,POSITIVE_LENGTH_MEASURE(0.1),#16179);
#17096 = DRAUGHTING_PRE_DEFINED_CURVE_FONT('continuous');
#17097 = STYLED_ITEM('color',(#17098),#11622);
#17098 = PRESENTATION_STYLE_ASSIGNMENT((#17099,#17104));
#17099 = SURFACE_STYLE_USAGE(.BOTH.,#17100);
#17100 = SURFACE_SIDE_STYLE('',(#17101));
#17101 = SURFACE_STYLE_FILL_AREA(#17102);
#17102 = FILL_AREA_STYLE('',(#17103));
#17103 = FILL_AREA_STYLE_COLOUR('',#16179);
#17104 = CURVE_STYLE('',#17105,POSITIVE_LENGTH_MEASURE(0.1),#16179);
#17105 = DRAUGHTING_PRE_DEFINED_CURVE_FONT('continuous');
#17106 = STYLED_ITEM('color',(#17107),#11644);
#17107 = PRESENTATION_STYLE_ASSIGNMENT((#17108,#17113));
#17108 = SURFACE_STYLE_USAGE(.BOTH.,#17109);
#17109 = SURFACE_SIDE_STYLE('',(#17110));
#17110 = SURFACE_STYLE_FILL_AREA(#17111);
#17111 = FILL_AREA_STYLE('',(#17112));
#17112 = FILL_AREA_STYLE_COLOUR('',#16179);
#17113 = CURVE_STYLE('',#17114,POSITIVE_LENGTH_MEASURE(0.1),#16179);
#17114 = DRAUGHTING_PRE_DEFINED_CURVE_FONT('continuous');
#17115 = STYLED_ITEM('color',(#17116),#11663);
#17116 = PRESENTATION_STYLE_ASSIGNMENT((#17117,#17122));
#17117 = SURFACE_STYLE_USAGE(.BOTH.,#17118);
#17118 = SURFACE_SIDE_STYLE('',(#17119));
#17119 = SURFACE_STYLE_FILL_AREA(#17120);
#17120 = FILL_AREA_STYLE('',(#17121));
#17121 = FILL_AREA_STYLE_COLOUR('',#16179);
#17122 = CURVE_STYLE('',#17123,POSITIVE_LENGTH_MEASURE(0.1),#16179);
#17123 = DRAUGHTING_PRE_DEFINED_CURVE_FONT('continuous');
#17124 = STYLED_ITEM('color',(#17125),#11680);
#17125 = PRESENTATION_STYLE_ASSIGNMENT((#17126,#17131));
#17126 = SURFACE_STYLE_USAGE(.BOTH.,#17127);
#17127 = SURFACE_SIDE_STYLE('',(#17128));
#17128 = SURFACE_STYLE_FILL_AREA(#17129);
#17129 = FILL_AREA_STYLE('',(#17130));
#17130 = FILL_AREA_STYLE_COLOUR('',#16179);
#17131 = CURVE_STYLE('',#17132,POSITIVE_LENGTH_MEASURE(0.1),#16179);
#17132 = DRAUGHTING_PRE_DEFINED_CURVE_FONT('continuous');
#17133 = STYLED_ITEM('color',(#17134),#11694);
#17134 = PRESENTATION_STYLE_ASSIGNMENT((#17135,#17140));
#17135 = SURFACE_STYLE_USAGE(.BOTH.,#17136);
#17136 = SURFACE_SIDE_STYLE('',(#17137));
#17137 = SURFACE_STYLE_FILL_AREA(#17138);
#17138 = FILL_AREA_STYLE('',(#17139));
#17139 = FILL_AREA_STYLE_COLOUR('',#16179);
#17140 = CURVE_STYLE('',#17141,POSITIVE_LENGTH_MEASURE(0.1),#16179);
#17141 = DRAUGHTING_PRE_DEFINED_CURVE_FONT('continuous');
#17142 = STYLED_ITEM('color',(#17143),#11719);
#17143 = PRESENTATION_STYLE_ASSIGNMENT((#17144,#17149));
#17144 = SURFACE_STYLE_USAGE(.BOTH.,#17145);
#17145 = SURFACE_SIDE_STYLE('',(#17146));
#17146 = SURFACE_STYLE_FILL_AREA(#17147);
#17147 = FILL_AREA_STYLE('',(#17148));
#17148 = FILL_AREA_STYLE_COLOUR('',#16179);
#17149 = CURVE_STYLE('',#17150,POSITIVE_LENGTH_MEASURE(0.1),#16179);
#17150 = DRAUGHTING_PRE_DEFINED_CURVE_FONT('continuous');
#17151 = STYLED_ITEM('color',(#17152),#11830);
#17152 = PRESENTATION_STYLE_ASSIGNMENT((#17153,#17158));
#17153 = SURFACE_STYLE_USAGE(.BOTH.,#17154);
#17154 = SURFACE_SIDE_STYLE('',(#17155));
#17155 = SURFACE_STYLE_FILL_AREA(#17156);
#17156 = FILL_AREA_STYLE('',(#17157));
#17157 = FILL_AREA_STYLE_COLOUR('',#16179);
#17158 = CURVE_STYLE('',#17159,POSITIVE_LENGTH_MEASURE(0.1),#16179);
#17159 = DRAUGHTING_PRE_DEFINED_CURVE_FONT('continuous');
#17160 = STYLED_ITEM('color',(#17161),#11840);
#17161 = PRESENTATION_STYLE_ASSIGNMENT((#17162,#17167));
#17162 = SURFACE_STYLE_USAGE(.BOTH.,#17163);
#17163 = SURFACE_SIDE_STYLE('',(#17164));
#17164 = SURFACE_STYLE_FILL_AREA(#17165);
#17165 = FILL_AREA_STYLE('',(#17166));
#17166 = FILL_AREA_STYLE_COLOUR('',#16179);
#17167 = CURVE_STYLE('',#17168,POSITIVE_LENGTH_MEASURE(0.1),#16179);
#17168 = DRAUGHTING_PRE_DEFINED_CURVE_FONT('continuous');
#17169 = STYLED_ITEM('color',(#17170),#11850);
#17170 = PRESENTATION_STYLE_ASSIGNMENT((#17171,#17176));
#17171 = SURFACE_STYLE_USAGE(.BOTH.,#17172);
#17172 = SURFACE_SIDE_STYLE('',(#17173));
#17173 = SURFACE_STYLE_FILL_AREA(#17174);
#17174 = FILL_AREA_STYLE('',(#17175));
#17175 = FILL_AREA_STYLE_COLOUR('',#16179);
#17176 = CURVE_STYLE('',#17177,POSITIVE_LENGTH_MEASURE(0.1),#16179);
#17177 = DRAUGHTING_PRE_DEFINED_CURVE_FONT('continuous');
#17178 = STYLED_ITEM('color',(#17179),#11875);
#17179 = PRESENTATION_STYLE_ASSIGNMENT((#17180,#17185));
#17180 = SURFACE_STYLE_USAGE(.BOTH.,#17181);
#17181 = SURFACE_SIDE_STYLE('',(#17182));
#17182 = SURFACE_STYLE_FILL_AREA(#17183);
#17183 = FILL_AREA_STYLE('',(#17184));
#17184 = FILL_AREA_STYLE_COLOUR('',#16179);
#17185 = CURVE_STYLE('',#17186,POSITIVE_LENGTH_MEASURE(0.1),#16179);
#17186 = DRAUGHTING_PRE_DEFINED_CURVE_FONT('continuous');
#17187 = STYLED_ITEM('color',(#17188),#11986);
#17188 = PRESENTATION_STYLE_ASSIGNMENT((#17189,#17194));
#17189 = SURFACE_STYLE_USAGE(.BOTH.,#17190);
#17190 = SURFACE_SIDE_STYLE('',(#17191));
#17191 = SURFACE_STYLE_FILL_AREA(#17192);
#17192 = FILL_AREA_STYLE('',(#17193));
#17193 = FILL_AREA_STYLE_COLOUR('',#16179);
#17194 = CURVE_STYLE('',#17195,POSITIVE_LENGTH_MEASURE(0.1),#16179);
#17195 = DRAUGHTING_PRE_DEFINED_CURVE_FONT('continuous');
#17196 = STYLED_ITEM('color',(#17197),#11996);
#17197 = PRESENTATION_STYLE_ASSIGNMENT((#17198,#17203));
#17198 = SURFACE_STYLE_USAGE(.BOTH.,#17199);
#17199 = SURFACE_SIDE_STYLE('',(#17200));
#17200 = SURFACE_STYLE_FILL_AREA(#17201);
#17201 = FILL_AREA_STYLE('',(#17202));
#17202 = FILL_AREA_STYLE_COLOUR('',#16179);
#17203 = CURVE_STYLE('',#17204,POSITIVE_LENGTH_MEASURE(0.1),#16179);
#17204 = DRAUGHTING_PRE_DEFINED_CURVE_FONT('continuous');
#17205 = STYLED_ITEM('color',(#17206),#12006);
#17206 = PRESENTATION_STYLE_ASSIGNMENT((#17207,#17212));
#17207 = SURFACE_STYLE_USAGE(.BOTH.,#17208);
#17208 = SURFACE_SIDE_STYLE('',(#17209));
#17209 = SURFACE_STYLE_FILL_AREA(#17210);
#17210 = FILL_AREA_STYLE('',(#17211));
#17211 = FILL_AREA_STYLE_COLOUR('',#16179);
#17212 = CURVE_STYLE('',#17213,POSITIVE_LENGTH_MEASURE(0.1),#16179);
#17213 = DRAUGHTING_PRE_DEFINED_CURVE_FONT('continuous');
#17214 = STYLED_ITEM('color',(#17215),#12022);
#17215 = PRESENTATION_STYLE_ASSIGNMENT((#17216,#17221));
#17216 = SURFACE_STYLE_USAGE(.BOTH.,#17217);
#17217 = SURFACE_SIDE_STYLE('',(#17218));
#17218 = SURFACE_STYLE_FILL_AREA(#17219);
#17219 = FILL_AREA_STYLE('',(#17220));
#17220 = FILL_AREA_STYLE_COLOUR('',#16179);
#17221 = CURVE_STYLE('',#17222,POSITIVE_LENGTH_MEASURE(0.1),#16179);
#17222 = DRAUGHTING_PRE_DEFINED_CURVE_FONT('continuous');
#17223 = STYLED_ITEM('color',(#17224),#12039);
#17224 = PRESENTATION_STYLE_ASSIGNMENT((#17225,#17230));
#17225 = SURFACE_STYLE_USAGE(.BOTH.,#17226);
#17226 = SURFACE_SIDE_STYLE('',(#17227));
#17227 = SURFACE_STYLE_FILL_AREA(#17228);
#17228 = FILL_AREA_STYLE('',(#17229));
#17229 = FILL_AREA_STYLE_COLOUR('',#16179);
#17230 = CURVE_STYLE('',#17231,POSITIVE_LENGTH_MEASURE(0.1),#16179);
#17231 = DRAUGHTING_PRE_DEFINED_CURVE_FONT('continuous');
#17232 = STYLED_ITEM('color',(#17233),#12056);
#17233 = PRESENTATION_STYLE_ASSIGNMENT((#17234,#17239));
#17234 = SURFACE_STYLE_USAGE(.BOTH.,#17235);
#17235 = SURFACE_SIDE_STYLE('',(#17236));
#17236 = SURFACE_STYLE_FILL_AREA(#17237);
#17237 = FILL_AREA_STYLE('',(#17238));
#17238 = FILL_AREA_STYLE_COLOUR('',#16179);
#17239 = CURVE_STYLE('',#17240,POSITIVE_LENGTH_MEASURE(0.1),#16179);
#17240 = DRAUGHTING_PRE_DEFINED_CURVE_FONT('continuous');
#17241 = STYLED_ITEM('color',(#17242),#12073);
#17242 = PRESENTATION_STYLE_ASSIGNMENT((#17243,#17248));
#17243 = SURFACE_STYLE_USAGE(.BOTH.,#17244);
#17244 = SURFACE_SIDE_STYLE('',(#17245));
#17245 = SURFACE_STYLE_FILL_AREA(#17246);
#17246 = FILL_AREA_STYLE('',(#17247));
#17247 = FILL_AREA_STYLE_COLOUR('',#16179);
#17248 = CURVE_STYLE('',#17249,POSITIVE_LENGTH_MEASURE(0.1),#16179);
#17249 = DRAUGHTING_PRE_DEFINED_CURVE_FONT('continuous');
#17250 = STYLED_ITEM('color',(#17251),#12083);
#17251 = PRESENTATION_STYLE_ASSIGNMENT((#17252,#17257));
#17252 = SURFACE_STYLE_USAGE(.BOTH.,#17253);
#17253 = SURFACE_SIDE_STYLE('',(#17254));
#17254 = SURFACE_STYLE_FILL_AREA(#17255);
#17255 = FILL_AREA_STYLE('',(#17256));
#17256 = FILL_AREA_STYLE_COLOUR('',#16179);
#17257 = CURVE_STYLE('',#17258,POSITIVE_LENGTH_MEASURE(0.1),#16179);
#17258 = DRAUGHTING_PRE_DEFINED_CURVE_FONT('continuous');
#17259 = STYLED_ITEM('color',(#17260),#12099);
#17260 = PRESENTATION_STYLE_ASSIGNMENT((#17261,#17266));
#17261 = SURFACE_STYLE_USAGE(.BOTH.,#17262);
#17262 = SURFACE_SIDE_STYLE('',(#17263));
#17263 = SURFACE_STYLE_FILL_AREA(#17264);
#17264 = FILL_AREA_STYLE('',(#17265));
#17265 = FILL_AREA_STYLE_COLOUR('',#16179);
#17266 = CURVE_STYLE('',#17267,POSITIVE_LENGTH_MEASURE(0.1),#16179);
#17267 = DRAUGHTING_PRE_DEFINED_CURVE_FONT('continuous');
#17268 = STYLED_ITEM('color',(#17269),#12116);
#17269 = PRESENTATION_STYLE_ASSIGNMENT((#17270,#17275));
#17270 = SURFACE_STYLE_USAGE(.BOTH.,#17271);
#17271 = SURFACE_SIDE_STYLE('',(#17272));
#17272 = SURFACE_STYLE_FILL_AREA(#17273);
#17273 = FILL_AREA_STYLE('',(#17274));
#17274 = FILL_AREA_STYLE_COLOUR('',#16179);
#17275 = CURVE_STYLE('',#17276,POSITIVE_LENGTH_MEASURE(0.1),#16179);
#17276 = DRAUGHTING_PRE_DEFINED_CURVE_FONT('continuous');
#17277 = STYLED_ITEM('color',(#17278),#12133);
#17278 = PRESENTATION_STYLE_ASSIGNMENT((#17279,#17284));
#17279 = SURFACE_STYLE_USAGE(.BOTH.,#17280);
#17280 = SURFACE_SIDE_STYLE('',(#17281));
#17281 = SURFACE_STYLE_FILL_AREA(#17282);
#17282 = FILL_AREA_STYLE('',(#17283));
#17283 = FILL_AREA_STYLE_COLOUR('',#16179);
#17284 = CURVE_STYLE('',#17285,POSITIVE_LENGTH_MEASURE(0.1),#16179);
#17285 = DRAUGHTING_PRE_DEFINED_CURVE_FONT('continuous');
#17286 = STYLED_ITEM('color',(#17287),#12150);
#17287 = PRESENTATION_STYLE_ASSIGNMENT((#17288,#17293));
#17288 = SURFACE_STYLE_USAGE(.BOTH.,#17289);
#17289 = SURFACE_SIDE_STYLE('',(#17290));
#17290 = SURFACE_STYLE_FILL_AREA(#17291);
#17291 = FILL_AREA_STYLE('',(#17292));
#17292 = FILL_AREA_STYLE_COLOUR('',#16179);
#17293 = CURVE_STYLE('',#17294,POSITIVE_LENGTH_MEASURE(0.1),#16179);
#17294 = DRAUGHTING_PRE_DEFINED_CURVE_FONT('continuous');
#17295 = MECHANICAL_DESIGN_GEOMETRIC_PRESENTATION_REPRESENTATION('',(
    #17296,#17306,#17315,#17324,#17334,#17343,#17352,#17361,#17370,
    #17379,#17388,#17397,#17406,#17415,#17424,#17433,#17442,#17451,
    #17460,#17469,#17478,#17487,#17496,#17505,#17514,#17523,#17532,
    #17541,#17550,#17559,#17568,#17577,#17586,#17595,#17604,#17613,
    #17622,#17631,#17640,#17649,#17658,#17667,#17676,#17685,#17694,
    #17703,#17712,#17721,#17730,#17739,#17748,#17757,#17766,#17775,
    #17784,#17793,#17802,#17811,#17820,#17829,#17838,#17847,#17856,
    #17865,#17874,#17883,#17892,#17901,#17910,#17919,#17928,#17937,
    #17946,#17955,#17964,#17973,#17982,#17991,#18000,#18009,#18018,
    #18027,#18036,#18045,#18054,#18063,#18072,#18081,#18090,#18099,
    #18108,#18117,#18126,#18135,#18144,#18153,#18162,#18171,#18180,
    #18189,#18198,#18207,#18216,#18225,#18234,#18243,#18252,#18261,
    #18270,#18279,#18288,#18297,#18306,#18315,#18324,#18333,#18342,
    #18351,#18360,#18369,#18378,#18387,#18396,#18405,#18414,#18423,
    #18432,#18441,#18450,#18459,#18468,#18477,#18486,#18495,#18504),
  #6242);
#17296 = STYLED_ITEM('color',(#17297),#1914);
#17297 = PRESENTATION_STYLE_ASSIGNMENT((#17298,#17304));
#17298 = SURFACE_STYLE_USAGE(.BOTH.,#17299);
#17299 = SURFACE_SIDE_STYLE('',(#17300));
#17300 = SURFACE_STYLE_FILL_AREA(#17301);
#17301 = FILL_AREA_STYLE('',(#17302));
#17302 = FILL_AREA_STYLE_COLOUR('',#17303);
#17303 = COLOUR_RGB('',0.690999998585,0.664000007176,0.597999987832);
#17304 = CURVE_STYLE('',#17305,POSITIVE_LENGTH_MEASURE(0.1),#17303);
#17305 = DRAUGHTING_PRE_DEFINED_CURVE_FONT('continuous');
#17306 = STYLED_ITEM('color',(#17307),#1931);
#17307 = PRESENTATION_STYLE_ASSIGNMENT((#17308,#17313));
#17308 = SURFACE_STYLE_USAGE(.BOTH.,#17309);
#17309 = SURFACE_SIDE_STYLE('',(#17310));
#17310 = SURFACE_STYLE_FILL_AREA(#17311);
#17311 = FILL_AREA_STYLE('',(#17312));
#17312 = FILL_AREA_STYLE_COLOUR('',#17303);
#17313 = CURVE_STYLE('',#17314,POSITIVE_LENGTH_MEASURE(0.1),#17303);
#17314 = DRAUGHTING_PRE_DEFINED_CURVE_FONT('continuous');
#17315 = OVER_RIDING_STYLED_ITEM('overriding color',(#17316),#1945,
  #17306);
#17316 = PRESENTATION_STYLE_ASSIGNMENT((#17317,#17322));
#17317 = SURFACE_STYLE_USAGE(.BOTH.,#17318);
#17318 = SURFACE_SIDE_STYLE('',(#17319));
#17319 = SURFACE_STYLE_FILL_AREA(#17320);
#17320 = FILL_AREA_STYLE('',(#17321));
#17321 = FILL_AREA_STYLE_COLOUR('',#17303);
#17322 = CURVE_STYLE('',#17323,POSITIVE_LENGTH_MEASURE(0.1),#17303);
#17323 = DRAUGHTING_PRE_DEFINED_CURVE_FONT('continuous');
#17324 = STYLED_ITEM('color',(#17325),#1956);
#17325 = PRESENTATION_STYLE_ASSIGNMENT((#17326,#17332));
#17326 = SURFACE_STYLE_USAGE(.BOTH.,#17327);
#17327 = SURFACE_SIDE_STYLE('',(#17328));
#17328 = SURFACE_STYLE_FILL_AREA(#17329);
#17329 = FILL_AREA_STYLE('',(#17330));
#17330 = FILL_AREA_STYLE_COLOUR('',#17331);
#17331 = COLOUR_RGB('',0.147999998088,0.145000001626,0.145000001626);
#17332 = CURVE_STYLE('',#17333,POSITIVE_LENGTH_MEASURE(0.1),#17331);
#17333 = DRAUGHTING_PRE_DEFINED_CURVE_FONT('continuous');
#17334 = STYLED_ITEM('color',(#17335),#1999);
#17335 = PRESENTATION_STYLE_ASSIGNMENT((#17336,#17341));
#17336 = SURFACE_STYLE_USAGE(.BOTH.,#17337);
#17337 = SURFACE_SIDE_STYLE('',(#17338));
#17338 = SURFACE_STYLE_FILL_AREA(#17339);
#17339 = FILL_AREA_STYLE('',(#17340));
#17340 = FILL_AREA_STYLE_COLOUR('',#17331);
#17341 = CURVE_STYLE('',#17342,POSITIVE_LENGTH_MEASURE(0.1),#17331);
#17342 = DRAUGHTING_PRE_DEFINED_CURVE_FONT('continuous');
#17343 = STYLED_ITEM('color',(#17344),#2190);
#17344 = PRESENTATION_STYLE_ASSIGNMENT((#17345,#17350));
#17345 = SURFACE_STYLE_USAGE(.BOTH.,#17346);
#17346 = SURFACE_SIDE_STYLE('',(#17347));
#17347 = SURFACE_STYLE_FILL_AREA(#17348);
#17348 = FILL_AREA_STYLE('',(#17349));
#17349 = FILL_AREA_STYLE_COLOUR('',#17331);
#17350 = CURVE_STYLE('',#17351,POSITIVE_LENGTH_MEASURE(0.1),#17331);
#17351 = DRAUGHTING_PRE_DEFINED_CURVE_FONT('continuous');
#17352 = STYLED_ITEM('color',(#17353),#2374);
#17353 = PRESENTATION_STYLE_ASSIGNMENT((#17354,#17359));
#17354 = SURFACE_STYLE_USAGE(.BOTH.,#17355);
#17355 = SURFACE_SIDE_STYLE('',(#17356));
#17356 = SURFACE_STYLE_FILL_AREA(#17357);
#17357 = FILL_AREA_STYLE('',(#17358));
#17358 = FILL_AREA_STYLE_COLOUR('',#17331);
#17359 = CURVE_STYLE('',#17360,POSITIVE_LENGTH_MEASURE(0.1),#17331);
#17360 = DRAUGHTING_PRE_DEFINED_CURVE_FONT('continuous');
#17361 = STYLED_ITEM('color',(#17362),#2558);
#17362 = PRESENTATION_STYLE_ASSIGNMENT((#17363,#17368));
#17363 = SURFACE_STYLE_USAGE(.BOTH.,#17364);
#17364 = SURFACE_SIDE_STYLE('',(#17365));
#17365 = SURFACE_STYLE_FILL_AREA(#17366);
#17366 = FILL_AREA_STYLE('',(#17367));
#17367 = FILL_AREA_STYLE_COLOUR('',#17331);
#17368 = CURVE_STYLE('',#17369,POSITIVE_LENGTH_MEASURE(0.1),#17331);
#17369 = DRAUGHTING_PRE_DEFINED_CURVE_FONT('continuous');
#17370 = STYLED_ITEM('color',(#17371),#2735);
#17371 = PRESENTATION_STYLE_ASSIGNMENT((#17372,#17377));
#17372 = SURFACE_STYLE_USAGE(.BOTH.,#17373);
#17373 = SURFACE_SIDE_STYLE('',(#17374));
#17374 = SURFACE_STYLE_FILL_AREA(#17375);
#17375 = FILL_AREA_STYLE('',(#17376));
#17376 = FILL_AREA_STYLE_COLOUR('',#17331);
#17377 = CURVE_STYLE('',#17378,POSITIVE_LENGTH_MEASURE(0.1),#17331);
#17378 = DRAUGHTING_PRE_DEFINED_CURVE_FONT('continuous');
#17379 = STYLED_ITEM('color',(#17380),#3249);
#17380 = PRESENTATION_STYLE_ASSIGNMENT((#17381,#17386));
#17381 = SURFACE_STYLE_USAGE(.BOTH.,#17382);
#17382 = SURFACE_SIDE_STYLE('',(#17383));
#17383 = SURFACE_STYLE_FILL_AREA(#17384);
#17384 = FILL_AREA_STYLE('',(#17385));
#17385 = FILL_AREA_STYLE_COLOUR('',#16179);
#17386 = CURVE_STYLE('',#17387,POSITIVE_LENGTH_MEASURE(0.1),#16179);
#17387 = DRAUGHTING_PRE_DEFINED_CURVE_FONT('continuous');
#17388 = STYLED_ITEM('color',(#17389),#3289);
#17389 = PRESENTATION_STYLE_ASSIGNMENT((#17390,#17395));
#17390 = SURFACE_STYLE_USAGE(.BOTH.,#17391);
#17391 = SURFACE_SIDE_STYLE('',(#17392));
#17392 = SURFACE_STYLE_FILL_AREA(#17393);
#17393 = FILL_AREA_STYLE('',(#17394));
#17394 = FILL_AREA_STYLE_COLOUR('',#16179);
#17395 = CURVE_STYLE('',#17396,POSITIVE_LENGTH_MEASURE(0.1),#16179);
#17396 = DRAUGHTING_PRE_DEFINED_CURVE_FONT('continuous');
#17397 = STYLED_ITEM('color',(#17398),#3313);
#17398 = PRESENTATION_STYLE_ASSIGNMENT((#17399,#17404));
#17399 = SURFACE_STYLE_USAGE(.BOTH.,#17400);
#17400 = SURFACE_SIDE_STYLE('',(#17401));
#17401 = SURFACE_STYLE_FILL_AREA(#17402);
#17402 = FILL_AREA_STYLE('',(#17403));
#17403 = FILL_AREA_STYLE_COLOUR('',#16179);
#17404 = CURVE_STYLE('',#17405,POSITIVE_LENGTH_MEASURE(0.1),#16179);
#17405 = DRAUGHTING_PRE_DEFINED_CURVE_FONT('continuous');
#17406 = STYLED_ITEM('color',(#17407),#3346);
#17407 = PRESENTATION_STYLE_ASSIGNMENT((#17408,#17413));
#17408 = SURFACE_STYLE_USAGE(.BOTH.,#17409);
#17409 = SURFACE_SIDE_STYLE('',(#17410));
#17410 = SURFACE_STYLE_FILL_AREA(#17411);
#17411 = FILL_AREA_STYLE('',(#17412));
#17412 = FILL_AREA_STYLE_COLOUR('',#16179);
#17413 = CURVE_STYLE('',#17414,POSITIVE_LENGTH_MEASURE(0.1),#16179);
#17414 = DRAUGHTING_PRE_DEFINED_CURVE_FONT('continuous');
#17415 = STYLED_ITEM('color',(#17416),#3386);
#17416 = PRESENTATION_STYLE_ASSIGNMENT((#17417,#17422));
#17417 = SURFACE_STYLE_USAGE(.BOTH.,#17418);
#17418 = SURFACE_SIDE_STYLE('',(#17419));
#17419 = SURFACE_STYLE_FILL_AREA(#17420);
#17420 = FILL_AREA_STYLE('',(#17421));
#17421 = FILL_AREA_STYLE_COLOUR('',#16179);
#17422 = CURVE_STYLE('',#17423,POSITIVE_LENGTH_MEASURE(0.1),#16179);
#17423 = DRAUGHTING_PRE_DEFINED_CURVE_FONT('continuous');
#17424 = STYLED_ITEM('color',(#17425),#3410);
#17425 = PRESENTATION_STYLE_ASSIGNMENT((#17426,#17431));
#17426 = SURFACE_STYLE_USAGE(.BOTH.,#17427);
#17427 = SURFACE_SIDE_STYLE('',(#17428));
#17428 = SURFACE_STYLE_FILL_AREA(#17429);
#17429 = FILL_AREA_STYLE('',(#17430));
#17430 = FILL_AREA_STYLE_COLOUR('',#16179);
#17431 = CURVE_STYLE('',#17432,POSITIVE_LENGTH_MEASURE(0.1),#16179);
#17432 = DRAUGHTING_PRE_DEFINED_CURVE_FONT('continuous');
#17433 = STYLED_ITEM('color',(#17434),#3443);
#17434 = PRESENTATION_STYLE_ASSIGNMENT((#17435,#17440));
#17435 = SURFACE_STYLE_USAGE(.BOTH.,#17436);
#17436 = SURFACE_SIDE_STYLE('',(#17437));
#17437 = SURFACE_STYLE_FILL_AREA(#17438);
#17438 = FILL_AREA_STYLE('',(#17439));
#17439 = FILL_AREA_STYLE_COLOUR('',#16179);
#17440 = CURVE_STYLE('',#17441,POSITIVE_LENGTH_MEASURE(0.1),#16179);
#17441 = DRAUGHTING_PRE_DEFINED_CURVE_FONT('continuous');
#17442 = STYLED_ITEM('color',(#17443),#3483);
#17443 = PRESENTATION_STYLE_ASSIGNMENT((#17444,#17449));
#17444 = SURFACE_STYLE_USAGE(.BOTH.,#17445);
#17445 = SURFACE_SIDE_STYLE('',(#17446));
#17446 = SURFACE_STYLE_FILL_AREA(#17447);
#17447 = FILL_AREA_STYLE('',(#17448));
#17448 = FILL_AREA_STYLE_COLOUR('',#16179);
#17449 = CURVE_STYLE('',#17450,POSITIVE_LENGTH_MEASURE(0.1),#16179);
#17450 = DRAUGHTING_PRE_DEFINED_CURVE_FONT('continuous');
#17451 = STYLED_ITEM('color',(#17452),#3507);
#17452 = PRESENTATION_STYLE_ASSIGNMENT((#17453,#17458));
#17453 = SURFACE_STYLE_USAGE(.BOTH.,#17454);
#17454 = SURFACE_SIDE_STYLE('',(#17455));
#17455 = SURFACE_STYLE_FILL_AREA(#17456);
#17456 = FILL_AREA_STYLE('',(#17457));
#17457 = FILL_AREA_STYLE_COLOUR('',#16179);
#17458 = CURVE_STYLE('',#17459,POSITIVE_LENGTH_MEASURE(0.1),#16179);
#17459 = DRAUGHTING_PRE_DEFINED_CURVE_FONT('continuous');
#17460 = STYLED_ITEM('color',(#17461),#3540);
#17461 = PRESENTATION_STYLE_ASSIGNMENT((#17462,#17467));
#17462 = SURFACE_STYLE_USAGE(.BOTH.,#17463);
#17463 = SURFACE_SIDE_STYLE('',(#17464));
#17464 = SURFACE_STYLE_FILL_AREA(#17465);
#17465 = FILL_AREA_STYLE('',(#17466));
#17466 = FILL_AREA_STYLE_COLOUR('',#16179);
#17467 = CURVE_STYLE('',#17468,POSITIVE_LENGTH_MEASURE(0.1),#16179);
#17468 = DRAUGHTING_PRE_DEFINED_CURVE_FONT('continuous');
#17469 = STYLED_ITEM('color',(#17470),#3580);
#17470 = PRESENTATION_STYLE_ASSIGNMENT((#17471,#17476));
#17471 = SURFACE_STYLE_USAGE(.BOTH.,#17472);
#17472 = SURFACE_SIDE_STYLE('',(#17473));
#17473 = SURFACE_STYLE_FILL_AREA(#17474);
#17474 = FILL_AREA_STYLE('',(#17475));
#17475 = FILL_AREA_STYLE_COLOUR('',#16179);
#17476 = CURVE_STYLE('',#17477,POSITIVE_LENGTH_MEASURE(0.1),#16179);
#17477 = DRAUGHTING_PRE_DEFINED_CURVE_FONT('continuous');
#17478 = STYLED_ITEM('color',(#17479),#3604);
#17479 = PRESENTATION_STYLE_ASSIGNMENT((#17480,#17485));
#17480 = SURFACE_STYLE_USAGE(.BOTH.,#17481);
#17481 = SURFACE_SIDE_STYLE('',(#17482));
#17482 = SURFACE_STYLE_FILL_AREA(#17483);
#17483 = FILL_AREA_STYLE('',(#17484));
#17484 = FILL_AREA_STYLE_COLOUR('',#16179);
#17485 = CURVE_STYLE('',#17486,POSITIVE_LENGTH_MEASURE(0.1),#16179);
#17486 = DRAUGHTING_PRE_DEFINED_CURVE_FONT('continuous');
#17487 = STYLED_ITEM('color',(#17488),#3637);
#17488 = PRESENTATION_STYLE_ASSIGNMENT((#17489,#17494));
#17489 = SURFACE_STYLE_USAGE(.BOTH.,#17490);
#17490 = SURFACE_SIDE_STYLE('',(#17491));
#17491 = SURFACE_STYLE_FILL_AREA(#17492);
#17492 = FILL_AREA_STYLE('',(#17493));
#17493 = FILL_AREA_STYLE_COLOUR('',#16179);
#17494 = CURVE_STYLE('',#17495,POSITIVE_LENGTH_MEASURE(0.1),#16179);
#17495 = DRAUGHTING_PRE_DEFINED_CURVE_FONT('continuous');
#17496 = STYLED_ITEM('color',(#17497),#3677);
#17497 = PRESENTATION_STYLE_ASSIGNMENT((#17498,#17503));
#17498 = SURFACE_STYLE_USAGE(.BOTH.,#17499);
#17499 = SURFACE_SIDE_STYLE('',(#17500));
#17500 = SURFACE_STYLE_FILL_AREA(#17501);
#17501 = FILL_AREA_STYLE('',(#17502));
#17502 = FILL_AREA_STYLE_COLOUR('',#16179);
#17503 = CURVE_STYLE('',#17504,POSITIVE_LENGTH_MEASURE(0.1),#16179);
#17504 = DRAUGHTING_PRE_DEFINED_CURVE_FONT('continuous');
#17505 = STYLED_ITEM('color',(#17506),#3701);
#17506 = PRESENTATION_STYLE_ASSIGNMENT((#17507,#17512));
#17507 = SURFACE_STYLE_USAGE(.BOTH.,#17508);
#17508 = SURFACE_SIDE_STYLE('',(#17509));
#17509 = SURFACE_STYLE_FILL_AREA(#17510);
#17510 = FILL_AREA_STYLE('',(#17511));
#17511 = FILL_AREA_STYLE_COLOUR('',#16179);
#17512 = CURVE_STYLE('',#17513,POSITIVE_LENGTH_MEASURE(0.1),#16179);
#17513 = DRAUGHTING_PRE_DEFINED_CURVE_FONT('continuous');
#17514 = STYLED_ITEM('color',(#17515),#3734);
#17515 = PRESENTATION_STYLE_ASSIGNMENT((#17516,#17521));
#17516 = SURFACE_STYLE_USAGE(.BOTH.,#17517);
#17517 = SURFACE_SIDE_STYLE('',(#17518));
#17518 = SURFACE_STYLE_FILL_AREA(#17519);
#17519 = FILL_AREA_STYLE('',(#17520));
#17520 = FILL_AREA_STYLE_COLOUR('',#16179);
#17521 = CURVE_STYLE('',#17522,POSITIVE_LENGTH_MEASURE(0.1),#16179);
#17522 = DRAUGHTING_PRE_DEFINED_CURVE_FONT('continuous');
#17523 = STYLED_ITEM('color',(#17524),#3774);
#17524 = PRESENTATION_STYLE_ASSIGNMENT((#17525,#17530));
#17525 = SURFACE_STYLE_USAGE(.BOTH.,#17526);
#17526 = SURFACE_SIDE_STYLE('',(#17527));
#17527 = SURFACE_STYLE_FILL_AREA(#17528);
#17528 = FILL_AREA_STYLE('',(#17529));
#17529 = FILL_AREA_STYLE_COLOUR('',#16179);
#17530 = CURVE_STYLE('',#17531,POSITIVE_LENGTH_MEASURE(0.1),#16179);
#17531 = DRAUGHTING_PRE_DEFINED_CURVE_FONT('continuous');
#17532 = STYLED_ITEM('color',(#17533),#3798);
#17533 = PRESENTATION_STYLE_ASSIGNMENT((#17534,#17539));
#17534 = SURFACE_STYLE_USAGE(.BOTH.,#17535);
#17535 = SURFACE_SIDE_STYLE('',(#17536));
#17536 = SURFACE_STYLE_FILL_AREA(#17537);
#17537 = FILL_AREA_STYLE('',(#17538));
#17538 = FILL_AREA_STYLE_COLOUR('',#16179);
#17539 = CURVE_STYLE('',#17540,POSITIVE_LENGTH_MEASURE(0.1),#16179);
#17540 = DRAUGHTING_PRE_DEFINED_CURVE_FONT('continuous');
#17541 = STYLED_ITEM('color',(#17542),#3831);
#17542 = PRESENTATION_STYLE_ASSIGNMENT((#17543,#17548));
#17543 = SURFACE_STYLE_USAGE(.BOTH.,#17544);
#17544 = SURFACE_SIDE_STYLE('',(#17545));
#17545 = SURFACE_STYLE_FILL_AREA(#17546);
#17546 = FILL_AREA_STYLE('',(#17547));
#17547 = FILL_AREA_STYLE_COLOUR('',#16179);
#17548 = CURVE_STYLE('',#17549,POSITIVE_LENGTH_MEASURE(0.1),#16179);
#17549 = DRAUGHTING_PRE_DEFINED_CURVE_FONT('continuous');
#17550 = STYLED_ITEM('color',(#17551),#3871);
#17551 = PRESENTATION_STYLE_ASSIGNMENT((#17552,#17557));
#17552 = SURFACE_STYLE_USAGE(.BOTH.,#17553);
#17553 = SURFACE_SIDE_STYLE('',(#17554));
#17554 = SURFACE_STYLE_FILL_AREA(#17555);
#17555 = FILL_AREA_STYLE('',(#17556));
#17556 = FILL_AREA_STYLE_COLOUR('',#16179);
#17557 = CURVE_STYLE('',#17558,POSITIVE_LENGTH_MEASURE(0.1),#16179);
#17558 = DRAUGHTING_PRE_DEFINED_CURVE_FONT('continuous');
#17559 = STYLED_ITEM('color',(#17560),#3895);
#17560 = PRESENTATION_STYLE_ASSIGNMENT((#17561,#17566));
#17561 = SURFACE_STYLE_USAGE(.BOTH.,#17562);
#17562 = SURFACE_SIDE_STYLE('',(#17563));
#17563 = SURFACE_STYLE_FILL_AREA(#17564);
#17564 = FILL_AREA_STYLE('',(#17565));
#17565 = FILL_AREA_STYLE_COLOUR('',#16179);
#17566 = CURVE_STYLE('',#17567,POSITIVE_LENGTH_MEASURE(0.1),#16179);
#17567 = DRAUGHTING_PRE_DEFINED_CURVE_FONT('continuous');
#17568 = STYLED_ITEM('color',(#17569),#3928);
#17569 = PRESENTATION_STYLE_ASSIGNMENT((#17570,#17575));
#17570 = SURFACE_STYLE_USAGE(.BOTH.,#17571);
#17571 = SURFACE_SIDE_STYLE('',(#17572));
#17572 = SURFACE_STYLE_FILL_AREA(#17573);
#17573 = FILL_AREA_STYLE('',(#17574));
#17574 = FILL_AREA_STYLE_COLOUR('',#16179);
#17575 = CURVE_STYLE('',#17576,POSITIVE_LENGTH_MEASURE(0.1),#16179);
#17576 = DRAUGHTING_PRE_DEFINED_CURVE_FONT('continuous');
#17577 = STYLED_ITEM('color',(#17578),#3968);
#17578 = PRESENTATION_STYLE_ASSIGNMENT((#17579,#17584));
#17579 = SURFACE_STYLE_USAGE(.BOTH.,#17580);
#17580 = SURFACE_SIDE_STYLE('',(#17581));
#17581 = SURFACE_STYLE_FILL_AREA(#17582);
#17582 = FILL_AREA_STYLE('',(#17583));
#17583 = FILL_AREA_STYLE_COLOUR('',#16179);
#17584 = CURVE_STYLE('',#17585,POSITIVE_LENGTH_MEASURE(0.1),#16179);
#17585 = DRAUGHTING_PRE_DEFINED_CURVE_FONT('continuous');
#17586 = STYLED_ITEM('color',(#17587),#3992);
#17587 = PRESENTATION_STYLE_ASSIGNMENT((#17588,#17593));
#17588 = SURFACE_STYLE_USAGE(.BOTH.,#17589);
#17589 = SURFACE_SIDE_STYLE('',(#17590));
#17590 = SURFACE_STYLE_FILL_AREA(#17591);
#17591 = FILL_AREA_STYLE('',(#17592));
#17592 = FILL_AREA_STYLE_COLOUR('',#16179);
#17593 = CURVE_STYLE('',#17594,POSITIVE_LENGTH_MEASURE(0.1),#16179);
#17594 = DRAUGHTING_PRE_DEFINED_CURVE_FONT('continuous');
#17595 = STYLED_ITEM('color',(#17596),#4025);
#17596 = PRESENTATION_STYLE_ASSIGNMENT((#17597,#17602));
#17597 = SURFACE_STYLE_USAGE(.BOTH.,#17598);
#17598 = SURFACE_SIDE_STYLE('',(#17599));
#17599 = SURFACE_STYLE_FILL_AREA(#17600);
#17600 = FILL_AREA_STYLE('',(#17601));
#17601 = FILL_AREA_STYLE_COLOUR('',#16179);
#17602 = CURVE_STYLE('',#17603,POSITIVE_LENGTH_MEASURE(0.1),#16179);
#17603 = DRAUGHTING_PRE_DEFINED_CURVE_FONT('continuous');
#17604 = STYLED_ITEM('color',(#17605),#4065);
#17605 = PRESENTATION_STYLE_ASSIGNMENT((#17606,#17611));
#17606 = SURFACE_STYLE_USAGE(.BOTH.,#17607);
#17607 = SURFACE_SIDE_STYLE('',(#17608));
#17608 = SURFACE_STYLE_FILL_AREA(#17609);
#17609 = FILL_AREA_STYLE('',(#17610));
#17610 = FILL_AREA_STYLE_COLOUR('',#16179);
#17611 = CURVE_STYLE('',#17612,POSITIVE_LENGTH_MEASURE(0.1),#16179);
#17612 = DRAUGHTING_PRE_DEFINED_CURVE_FONT('continuous');
#17613 = STYLED_ITEM('color',(#17614),#4089);
#17614 = PRESENTATION_STYLE_ASSIGNMENT((#17615,#17620));
#17615 = SURFACE_STYLE_USAGE(.BOTH.,#17616);
#17616 = SURFACE_SIDE_STYLE('',(#17617));
#17617 = SURFACE_STYLE_FILL_AREA(#17618);
#17618 = FILL_AREA_STYLE('',(#17619));
#17619 = FILL_AREA_STYLE_COLOUR('',#16179);
#17620 = CURVE_STYLE('',#17621,POSITIVE_LENGTH_MEASURE(0.1),#16179);
#17621 = DRAUGHTING_PRE_DEFINED_CURVE_FONT('continuous');
#17622 = STYLED_ITEM('color',(#17623),#4122);
#17623 = PRESENTATION_STYLE_ASSIGNMENT((#17624,#17629));
#17624 = SURFACE_STYLE_USAGE(.BOTH.,#17625);
#17625 = SURFACE_SIDE_STYLE('',(#17626));
#17626 = SURFACE_STYLE_FILL_AREA(#17627);
#17627 = FILL_AREA_STYLE('',(#17628));
#17628 = FILL_AREA_STYLE_COLOUR('',#16179);
#17629 = CURVE_STYLE('',#17630,POSITIVE_LENGTH_MEASURE(0.1),#16179);
#17630 = DRAUGHTING_PRE_DEFINED_CURVE_FONT('continuous');
#17631 = STYLED_ITEM('color',(#17632),#4162);
#17632 = PRESENTATION_STYLE_ASSIGNMENT((#17633,#17638));
#17633 = SURFACE_STYLE_USAGE(.BOTH.,#17634);
#17634 = SURFACE_SIDE_STYLE('',(#17635));
#17635 = SURFACE_STYLE_FILL_AREA(#17636);
#17636 = FILL_AREA_STYLE('',(#17637));
#17637 = FILL_AREA_STYLE_COLOUR('',#16179);
#17638 = CURVE_STYLE('',#17639,POSITIVE_LENGTH_MEASURE(0.1),#16179);
#17639 = DRAUGHTING_PRE_DEFINED_CURVE_FONT('continuous');
#17640 = STYLED_ITEM('color',(#17641),#4186);
#17641 = PRESENTATION_STYLE_ASSIGNMENT((#17642,#17647));
#17642 = SURFACE_STYLE_USAGE(.BOTH.,#17643);
#17643 = SURFACE_SIDE_STYLE('',(#17644));
#17644 = SURFACE_STYLE_FILL_AREA(#17645);
#17645 = FILL_AREA_STYLE('',(#17646));
#17646 = FILL_AREA_STYLE_COLOUR('',#16179);
#17647 = CURVE_STYLE('',#17648,POSITIVE_LENGTH_MEASURE(0.1),#16179);
#17648 = DRAUGHTING_PRE_DEFINED_CURVE_FONT('continuous');
#17649 = STYLED_ITEM('color',(#17650),#4219);
#17650 = PRESENTATION_STYLE_ASSIGNMENT((#17651,#17656));
#17651 = SURFACE_STYLE_USAGE(.BOTH.,#17652);
#17652 = SURFACE_SIDE_STYLE('',(#17653));
#17653 = SURFACE_STYLE_FILL_AREA(#17654);
#17654 = FILL_AREA_STYLE('',(#17655));
#17655 = FILL_AREA_STYLE_COLOUR('',#16179);
#17656 = CURVE_STYLE('',#17657,POSITIVE_LENGTH_MEASURE(0.1),#16179);
#17657 = DRAUGHTING_PRE_DEFINED_CURVE_FONT('continuous');
#17658 = STYLED_ITEM('color',(#17659),#4259);
#17659 = PRESENTATION_STYLE_ASSIGNMENT((#17660,#17665));
#17660 = SURFACE_STYLE_USAGE(.BOTH.,#17661);
#17661 = SURFACE_SIDE_STYLE('',(#17662));
#17662 = SURFACE_STYLE_FILL_AREA(#17663);
#17663 = FILL_AREA_STYLE('',(#17664));
#17664 = FILL_AREA_STYLE_COLOUR('',#16179);
#17665 = CURVE_STYLE('',#17666,POSITIVE_LENGTH_MEASURE(0.1),#16179);
#17666 = DRAUGHTING_PRE_DEFINED_CURVE_FONT('continuous');
#17667 = STYLED_ITEM('color',(#17668),#4283);
#17668 = PRESENTATION_STYLE_ASSIGNMENT((#17669,#17674));
#17669 = SURFACE_STYLE_USAGE(.BOTH.,#17670);
#17670 = SURFACE_SIDE_STYLE('',(#17671));
#17671 = SURFACE_STYLE_FILL_AREA(#17672);
#17672 = FILL_AREA_STYLE('',(#17673));
#17673 = FILL_AREA_STYLE_COLOUR('',#16179);
#17674 = CURVE_STYLE('',#17675,POSITIVE_LENGTH_MEASURE(0.1),#16179);
#17675 = DRAUGHTING_PRE_DEFINED_CURVE_FONT('continuous');
#17676 = STYLED_ITEM('color',(#17677),#4316);
#17677 = PRESENTATION_STYLE_ASSIGNMENT((#17678,#17683));
#17678 = SURFACE_STYLE_USAGE(.BOTH.,#17679);
#17679 = SURFACE_SIDE_STYLE('',(#17680));
#17680 = SURFACE_STYLE_FILL_AREA(#17681);
#17681 = FILL_AREA_STYLE('',(#17682));
#17682 = FILL_AREA_STYLE_COLOUR('',#16179);
#17683 = CURVE_STYLE('',#17684,POSITIVE_LENGTH_MEASURE(0.1),#16179);
#17684 = DRAUGHTING_PRE_DEFINED_CURVE_FONT('continuous');
#17685 = STYLED_ITEM('color',(#17686),#4356);
#17686 = PRESENTATION_STYLE_ASSIGNMENT((#17687,#17692));
#17687 = SURFACE_STYLE_USAGE(.BOTH.,#17688);
#17688 = SURFACE_SIDE_STYLE('',(#17689));
#17689 = SURFACE_STYLE_FILL_AREA(#17690);
#17690 = FILL_AREA_STYLE('',(#17691));
#17691 = FILL_AREA_STYLE_COLOUR('',#16179);
#17692 = CURVE_STYLE('',#17693,POSITIVE_LENGTH_MEASURE(0.1),#16179);
#17693 = DRAUGHTING_PRE_DEFINED_CURVE_FONT('continuous');
#17694 = STYLED_ITEM('color',(#17695),#4380);
#17695 = PRESENTATION_STYLE_ASSIGNMENT((#17696,#17701));
#17696 = SURFACE_STYLE_USAGE(.BOTH.,#17697);
#17697 = SURFACE_SIDE_STYLE('',(#17698));
#17698 = SURFACE_STYLE_FILL_AREA(#17699);
#17699 = FILL_AREA_STYLE('',(#17700));
#17700 = FILL_AREA_STYLE_COLOUR('',#16179);
#17701 = CURVE_STYLE('',#17702,POSITIVE_LENGTH_MEASURE(0.1),#16179);
#17702 = DRAUGHTING_PRE_DEFINED_CURVE_FONT('continuous');
#17703 = STYLED_ITEM('color',(#17704),#4413);
#17704 = PRESENTATION_STYLE_ASSIGNMENT((#17705,#17710));
#17705 = SURFACE_STYLE_USAGE(.BOTH.,#17706);
#17706 = SURFACE_SIDE_STYLE('',(#17707));
#17707 = SURFACE_STYLE_FILL_AREA(#17708);
#17708 = FILL_AREA_STYLE('',(#17709));
#17709 = FILL_AREA_STYLE_COLOUR('',#16179);
#17710 = CURVE_STYLE('',#17711,POSITIVE_LENGTH_MEASURE(0.1),#16179);
#17711 = DRAUGHTING_PRE_DEFINED_CURVE_FONT('continuous');
#17712 = STYLED_ITEM('color',(#17713),#4453);
#17713 = PRESENTATION_STYLE_ASSIGNMENT((#17714,#17719));
#17714 = SURFACE_STYLE_USAGE(.BOTH.,#17715);
#17715 = SURFACE_SIDE_STYLE('',(#17716));
#17716 = SURFACE_STYLE_FILL_AREA(#17717);
#17717 = FILL_AREA_STYLE('',(#17718));
#17718 = FILL_AREA_STYLE_COLOUR('',#16179);
#17719 = CURVE_STYLE('',#17720,POSITIVE_LENGTH_MEASURE(0.1),#16179);
#17720 = DRAUGHTING_PRE_DEFINED_CURVE_FONT('continuous');
#17721 = STYLED_ITEM('color',(#17722),#4477);
#17722 = PRESENTATION_STYLE_ASSIGNMENT((#17723,#17728));
#17723 = SURFACE_STYLE_USAGE(.BOTH.,#17724);
#17724 = SURFACE_SIDE_STYLE('',(#17725));
#17725 = SURFACE_STYLE_FILL_AREA(#17726);
#17726 = FILL_AREA_STYLE('',(#17727));
#17727 = FILL_AREA_STYLE_COLOUR('',#16179);
#17728 = CURVE_STYLE('',#17729,POSITIVE_LENGTH_MEASURE(0.1),#16179);
#17729 = DRAUGHTING_PRE_DEFINED_CURVE_FONT('continuous');
#17730 = STYLED_ITEM('color',(#17731),#4510);
#17731 = PRESENTATION_STYLE_ASSIGNMENT((#17732,#17737));
#17732 = SURFACE_STYLE_USAGE(.BOTH.,#17733);
#17733 = SURFACE_SIDE_STYLE('',(#17734));
#17734 = SURFACE_STYLE_FILL_AREA(#17735);
#17735 = FILL_AREA_STYLE('',(#17736));
#17736 = FILL_AREA_STYLE_COLOUR('',#16179);
#17737 = CURVE_STYLE('',#17738,POSITIVE_LENGTH_MEASURE(0.1),#16179);
#17738 = DRAUGHTING_PRE_DEFINED_CURVE_FONT('continuous');
#17739 = STYLED_ITEM('color',(#17740),#4550);
#17740 = PRESENTATION_STYLE_ASSIGNMENT((#17741,#17746));
#17741 = SURFACE_STYLE_USAGE(.BOTH.,#17742);
#17742 = SURFACE_SIDE_STYLE('',(#17743));
#17743 = SURFACE_STYLE_FILL_AREA(#17744);
#17744 = FILL_AREA_STYLE('',(#17745));
#17745 = FILL_AREA_STYLE_COLOUR('',#16179);
#17746 = CURVE_STYLE('',#17747,POSITIVE_LENGTH_MEASURE(0.1),#16179);
#17747 = DRAUGHTING_PRE_DEFINED_CURVE_FONT('continuous');
#17748 = STYLED_ITEM('color',(#17749),#4574);
#17749 = PRESENTATION_STYLE_ASSIGNMENT((#17750,#17755));
#17750 = SURFACE_STYLE_USAGE(.BOTH.,#17751);
#17751 = SURFACE_SIDE_STYLE('',(#17752));
#17752 = SURFACE_STYLE_FILL_AREA(#17753);
#17753 = FILL_AREA_STYLE('',(#17754));
#17754 = FILL_AREA_STYLE_COLOUR('',#16179);
#17755 = CURVE_STYLE('',#17756,POSITIVE_LENGTH_MEASURE(0.1),#16179);
#17756 = DRAUGHTING_PRE_DEFINED_CURVE_FONT('continuous');
#17757 = STYLED_ITEM('color',(#17758),#4607);
#17758 = PRESENTATION_STYLE_ASSIGNMENT((#17759,#17764));
#17759 = SURFACE_STYLE_USAGE(.BOTH.,#17760);
#17760 = SURFACE_SIDE_STYLE('',(#17761));
#17761 = SURFACE_STYLE_FILL_AREA(#17762);
#17762 = FILL_AREA_STYLE('',(#17763));
#17763 = FILL_AREA_STYLE_COLOUR('',#16179);
#17764 = CURVE_STYLE('',#17765,POSITIVE_LENGTH_MEASURE(0.1),#16179);
#17765 = DRAUGHTING_PRE_DEFINED_CURVE_FONT('continuous');
#17766 = STYLED_ITEM('color',(#17767),#4647);
#17767 = PRESENTATION_STYLE_ASSIGNMENT((#17768,#17773));
#17768 = SURFACE_STYLE_USAGE(.BOTH.,#17769);
#17769 = SURFACE_SIDE_STYLE('',(#17770));
#17770 = SURFACE_STYLE_FILL_AREA(#17771);
#17771 = FILL_AREA_STYLE('',(#17772));
#17772 = FILL_AREA_STYLE_COLOUR('',#16179);
#17773 = CURVE_STYLE('',#17774,POSITIVE_LENGTH_MEASURE(0.1),#16179);
#17774 = DRAUGHTING_PRE_DEFINED_CURVE_FONT('continuous');
#17775 = STYLED_ITEM('color',(#17776),#4671);
#17776 = PRESENTATION_STYLE_ASSIGNMENT((#17777,#17782));
#17777 = SURFACE_STYLE_USAGE(.BOTH.,#17778);
#17778 = SURFACE_SIDE_STYLE('',(#17779));
#17779 = SURFACE_STYLE_FILL_AREA(#17780);
#17780 = FILL_AREA_STYLE('',(#17781));
#17781 = FILL_AREA_STYLE_COLOUR('',#16179);
#17782 = CURVE_STYLE('',#17783,POSITIVE_LENGTH_MEASURE(0.1),#16179);
#17783 = DRAUGHTING_PRE_DEFINED_CURVE_FONT('continuous');
#17784 = STYLED_ITEM('color',(#17785),#4704);
#17785 = PRESENTATION_STYLE_ASSIGNMENT((#17786,#17791));
#17786 = SURFACE_STYLE_USAGE(.BOTH.,#17787);
#17787 = SURFACE_SIDE_STYLE('',(#17788));
#17788 = SURFACE_STYLE_FILL_AREA(#17789);
#17789 = FILL_AREA_STYLE('',(#17790));
#17790 = FILL_AREA_STYLE_COLOUR('',#16179);
#17791 = CURVE_STYLE('',#17792,POSITIVE_LENGTH_MEASURE(0.1),#16179);
#17792 = DRAUGHTING_PRE_DEFINED_CURVE_FONT('continuous');
#17793 = STYLED_ITEM('color',(#17794),#4744);
#17794 = PRESENTATION_STYLE_ASSIGNMENT((#17795,#17800));
#17795 = SURFACE_STYLE_USAGE(.BOTH.,#17796);
#17796 = SURFACE_SIDE_STYLE('',(#17797));
#17797 = SURFACE_STYLE_FILL_AREA(#17798);
#17798 = FILL_AREA_STYLE('',(#17799));
#17799 = FILL_AREA_STYLE_COLOUR('',#16179);
#17800 = CURVE_STYLE('',#17801,POSITIVE_LENGTH_MEASURE(0.1),#16179);
#17801 = DRAUGHTING_PRE_DEFINED_CURVE_FONT('continuous');
#17802 = STYLED_ITEM('color',(#17803),#4768);
#17803 = PRESENTATION_STYLE_ASSIGNMENT((#17804,#17809));
#17804 = SURFACE_STYLE_USAGE(.BOTH.,#17805);
#17805 = SURFACE_SIDE_STYLE('',(#17806));
#17806 = SURFACE_STYLE_FILL_AREA(#17807);
#17807 = FILL_AREA_STYLE('',(#17808));
#17808 = FILL_AREA_STYLE_COLOUR('',#16179);
#17809 = CURVE_STYLE('',#17810,POSITIVE_LENGTH_MEASURE(0.1),#16179);
#17810 = DRAUGHTING_PRE_DEFINED_CURVE_FONT('continuous');
#17811 = STYLED_ITEM('color',(#17812),#4801);
#17812 = PRESENTATION_STYLE_ASSIGNMENT((#17813,#17818));
#17813 = SURFACE_STYLE_USAGE(.BOTH.,#17814);
#17814 = SURFACE_SIDE_STYLE('',(#17815));
#17815 = SURFACE_STYLE_FILL_AREA(#17816);
#17816 = FILL_AREA_STYLE('',(#17817));
#17817 = FILL_AREA_STYLE_COLOUR('',#16179);
#17818 = CURVE_STYLE('',#17819,POSITIVE_LENGTH_MEASURE(0.1),#16179);
#17819 = DRAUGHTING_PRE_DEFINED_CURVE_FONT('continuous');
#17820 = STYLED_ITEM('color',(#17821),#4841);
#17821 = PRESENTATION_STYLE_ASSIGNMENT((#17822,#17827));
#17822 = SURFACE_STYLE_USAGE(.BOTH.,#17823);
#17823 = SURFACE_SIDE_STYLE('',(#17824));
#17824 = SURFACE_STYLE_FILL_AREA(#17825);
#17825 = FILL_AREA_STYLE('',(#17826));
#17826 = FILL_AREA_STYLE_COLOUR('',#16179);
#17827 = CURVE_STYLE('',#17828,POSITIVE_LENGTH_MEASURE(0.1),#16179);
#17828 = DRAUGHTING_PRE_DEFINED_CURVE_FONT('continuous');
#17829 = STYLED_ITEM('color',(#17830),#4865);
#17830 = PRESENTATION_STYLE_ASSIGNMENT((#17831,#17836));
#17831 = SURFACE_STYLE_USAGE(.BOTH.,#17832);
#17832 = SURFACE_SIDE_STYLE('',(#17833));
#17833 = SURFACE_STYLE_FILL_AREA(#17834);
#17834 = FILL_AREA_STYLE('',(#17835));
#17835 = FILL_AREA_STYLE_COLOUR('',#16179);
#17836 = CURVE_STYLE('',#17837,POSITIVE_LENGTH_MEASURE(0.1),#16179);
#17837 = DRAUGHTING_PRE_DEFINED_CURVE_FONT('continuous');
#17838 = STYLED_ITEM('color',(#17839),#4898);
#17839 = PRESENTATION_STYLE_ASSIGNMENT((#17840,#17845));
#17840 = SURFACE_STYLE_USAGE(.BOTH.,#17841);
#17841 = SURFACE_SIDE_STYLE('',(#17842));
#17842 = SURFACE_STYLE_FILL_AREA(#17843);
#17843 = FILL_AREA_STYLE('',(#17844));
#17844 = FILL_AREA_STYLE_COLOUR('',#16179);
#17845 = CURVE_STYLE('',#17846,POSITIVE_LENGTH_MEASURE(0.1),#16179);
#17846 = DRAUGHTING_PRE_DEFINED_CURVE_FONT('continuous');
#17847 = STYLED_ITEM('color',(#17848),#4938);
#17848 = PRESENTATION_STYLE_ASSIGNMENT((#17849,#17854));
#17849 = SURFACE_STYLE_USAGE(.BOTH.,#17850);
#17850 = SURFACE_SIDE_STYLE('',(#17851));
#17851 = SURFACE_STYLE_FILL_AREA(#17852);
#17852 = FILL_AREA_STYLE('',(#17853));
#17853 = FILL_AREA_STYLE_COLOUR('',#16179);
#17854 = CURVE_STYLE('',#17855,POSITIVE_LENGTH_MEASURE(0.1),#16179);
#17855 = DRAUGHTING_PRE_DEFINED_CURVE_FONT('continuous');
#17856 = STYLED_ITEM('color',(#17857),#4962);
#17857 = PRESENTATION_STYLE_ASSIGNMENT((#17858,#17863));
#17858 = SURFACE_STYLE_USAGE(.BOTH.,#17859);
#17859 = SURFACE_SIDE_STYLE('',(#17860));
#17860 = SURFACE_STYLE_FILL_AREA(#17861);
#17861 = FILL_AREA_STYLE('',(#17862));
#17862 = FILL_AREA_STYLE_COLOUR('',#16179);
#17863 = CURVE_STYLE('',#17864,POSITIVE_LENGTH_MEASURE(0.1),#16179);
#17864 = DRAUGHTING_PRE_DEFINED_CURVE_FONT('continuous');
#17865 = STYLED_ITEM('color',(#17866),#4995);
#17866 = PRESENTATION_STYLE_ASSIGNMENT((#17867,#17872));
#17867 = SURFACE_STYLE_USAGE(.BOTH.,#17868);
#17868 = SURFACE_SIDE_STYLE('',(#17869));
#17869 = SURFACE_STYLE_FILL_AREA(#17870);
#17870 = FILL_AREA_STYLE('',(#17871));
#17871 = FILL_AREA_STYLE_COLOUR('',#16179);
#17872 = CURVE_STYLE('',#17873,POSITIVE_LENGTH_MEASURE(0.1),#16179);
#17873 = DRAUGHTING_PRE_DEFINED_CURVE_FONT('continuous');
#17874 = STYLED_ITEM('color',(#17875),#5035);
#17875 = PRESENTATION_STYLE_ASSIGNMENT((#17876,#17881));
#17876 = SURFACE_STYLE_USAGE(.BOTH.,#17877);
#17877 = SURFACE_SIDE_STYLE('',(#17878));
#17878 = SURFACE_STYLE_FILL_AREA(#17879);
#17879 = FILL_AREA_STYLE('',(#17880));
#17880 = FILL_AREA_STYLE_COLOUR('',#16179);
#17881 = CURVE_STYLE('',#17882,POSITIVE_LENGTH_MEASURE(0.1),#16179);
#17882 = DRAUGHTING_PRE_DEFINED_CURVE_FONT('continuous');
#17883 = STYLED_ITEM('color',(#17884),#5059);
#17884 = PRESENTATION_STYLE_ASSIGNMENT((#17885,#17890));
#17885 = SURFACE_STYLE_USAGE(.BOTH.,#17886);
#17886 = SURFACE_SIDE_STYLE('',(#17887));
#17887 = SURFACE_STYLE_FILL_AREA(#17888);
#17888 = FILL_AREA_STYLE('',(#17889));
#17889 = FILL_AREA_STYLE_COLOUR('',#16179);
#17890 = CURVE_STYLE('',#17891,POSITIVE_LENGTH_MEASURE(0.1),#16179);
#17891 = DRAUGHTING_PRE_DEFINED_CURVE_FONT('continuous');
#17892 = STYLED_ITEM('color',(#17893),#5092);
#17893 = PRESENTATION_STYLE_ASSIGNMENT((#17894,#17899));
#17894 = SURFACE_STYLE_USAGE(.BOTH.,#17895);
#17895 = SURFACE_SIDE_STYLE('',(#17896));
#17896 = SURFACE_STYLE_FILL_AREA(#17897);
#17897 = FILL_AREA_STYLE('',(#17898));
#17898 = FILL_AREA_STYLE_COLOUR('',#16179);
#17899 = CURVE_STYLE('',#17900,POSITIVE_LENGTH_MEASURE(0.1),#16179);
#17900 = DRAUGHTING_PRE_DEFINED_CURVE_FONT('continuous');
#17901 = STYLED_ITEM('color',(#17902),#5132);
#17902 = PRESENTATION_STYLE_ASSIGNMENT((#17903,#17908));
#17903 = SURFACE_STYLE_USAGE(.BOTH.,#17904);
#17904 = SURFACE_SIDE_STYLE('',(#17905));
#17905 = SURFACE_STYLE_FILL_AREA(#17906);
#17906 = FILL_AREA_STYLE('',(#17907));
#17907 = FILL_AREA_STYLE_COLOUR('',#16179);
#17908 = CURVE_STYLE('',#17909,POSITIVE_LENGTH_MEASURE(0.1),#16179);
#17909 = DRAUGHTING_PRE_DEFINED_CURVE_FONT('continuous');
#17910 = STYLED_ITEM('color',(#17911),#5156);
#17911 = PRESENTATION_STYLE_ASSIGNMENT((#17912,#17917));
#17912 = SURFACE_STYLE_USAGE(.BOTH.,#17913);
#17913 = SURFACE_SIDE_STYLE('',(#17914));
#17914 = SURFACE_STYLE_FILL_AREA(#17915);
#17915 = FILL_AREA_STYLE('',(#17916));
#17916 = FILL_AREA_STYLE_COLOUR('',#16179);
#17917 = CURVE_STYLE('',#17918,POSITIVE_LENGTH_MEASURE(0.1),#16179);
#17918 = DRAUGHTING_PRE_DEFINED_CURVE_FONT('continuous');
#17919 = STYLED_ITEM('color',(#17920),#5189);
#17920 = PRESENTATION_STYLE_ASSIGNMENT((#17921,#17926));
#17921 = SURFACE_STYLE_USAGE(.BOTH.,#17922);
#17922 = SURFACE_SIDE_STYLE('',(#17923));
#17923 = SURFACE_STYLE_FILL_AREA(#17924);
#17924 = FILL_AREA_STYLE('',(#17925));
#17925 = FILL_AREA_STYLE_COLOUR('',#16179);
#17926 = CURVE_STYLE('',#17927,POSITIVE_LENGTH_MEASURE(0.1),#16179);
#17927 = DRAUGHTING_PRE_DEFINED_CURVE_FONT('continuous');
#17928 = STYLED_ITEM('color',(#17929),#5206);
#17929 = PRESENTATION_STYLE_ASSIGNMENT((#17930,#17935));
#17930 = SURFACE_STYLE_USAGE(.BOTH.,#17931);
#17931 = SURFACE_SIDE_STYLE('',(#17932));
#17932 = SURFACE_STYLE_FILL_AREA(#17933);
#17933 = FILL_AREA_STYLE('',(#17934));
#17934 = FILL_AREA_STYLE_COLOUR('',#16179);
#17935 = CURVE_STYLE('',#17936,POSITIVE_LENGTH_MEASURE(0.1),#16179);
#17936 = DRAUGHTING_PRE_DEFINED_CURVE_FONT('continuous');
#17937 = STYLED_ITEM('color',(#17938),#5223);
#17938 = PRESENTATION_STYLE_ASSIGNMENT((#17939,#17944));
#17939 = SURFACE_STYLE_USAGE(.BOTH.,#17940);
#17940 = SURFACE_SIDE_STYLE('',(#17941));
#17941 = SURFACE_STYLE_FILL_AREA(#17942);
#17942 = FILL_AREA_STYLE('',(#17943));
#17943 = FILL_AREA_STYLE_COLOUR('',#16179);
#17944 = CURVE_STYLE('',#17945,POSITIVE_LENGTH_MEASURE(0.1),#16179);
#17945 = DRAUGHTING_PRE_DEFINED_CURVE_FONT('continuous');
#17946 = STYLED_ITEM('color',(#17947),#5240);
#17947 = PRESENTATION_STYLE_ASSIGNMENT((#17948,#17953));
#17948 = SURFACE_STYLE_USAGE(.BOTH.,#17949);
#17949 = SURFACE_SIDE_STYLE('',(#17950));
#17950 = SURFACE_STYLE_FILL_AREA(#17951);
#17951 = FILL_AREA_STYLE('',(#17952));
#17952 = FILL_AREA_STYLE_COLOUR('',#16179);
#17953 = CURVE_STYLE('',#17954,POSITIVE_LENGTH_MEASURE(0.1),#16179);
#17954 = DRAUGHTING_PRE_DEFINED_CURVE_FONT('continuous');
#17955 = STYLED_ITEM('color',(#17956),#5257);
#17956 = PRESENTATION_STYLE_ASSIGNMENT((#17957,#17962));
#17957 = SURFACE_STYLE_USAGE(.BOTH.,#17958);
#17958 = SURFACE_SIDE_STYLE('',(#17959));
#17959 = SURFACE_STYLE_FILL_AREA(#17960);
#17960 = FILL_AREA_STYLE('',(#17961));
#17961 = FILL_AREA_STYLE_COLOUR('',#16179);
#17962 = CURVE_STYLE('',#17963,POSITIVE_LENGTH_MEASURE(0.1),#16179);
#17963 = DRAUGHTING_PRE_DEFINED_CURVE_FONT('continuous');
#17964 = STYLED_ITEM('color',(#17965),#5274);
#17965 = PRESENTATION_STYLE_ASSIGNMENT((#17966,#17971));
#17966 = SURFACE_STYLE_USAGE(.BOTH.,#17967);
#17967 = SURFACE_SIDE_STYLE('',(#17968));
#17968 = SURFACE_STYLE_FILL_AREA(#17969);
#17969 = FILL_AREA_STYLE('',(#17970));
#17970 = FILL_AREA_STYLE_COLOUR('',#16179);
#17971 = CURVE_STYLE('',#17972,POSITIVE_LENGTH_MEASURE(0.1),#16179);
#17972 = DRAUGHTING_PRE_DEFINED_CURVE_FONT('continuous');
#17973 = STYLED_ITEM('color',(#17974),#5291);
#17974 = PRESENTATION_STYLE_ASSIGNMENT((#17975,#17980));
#17975 = SURFACE_STYLE_USAGE(.BOTH.,#17976);
#17976 = SURFACE_SIDE_STYLE('',(#17977));
#17977 = SURFACE_STYLE_FILL_AREA(#17978);
#17978 = FILL_AREA_STYLE('',(#17979));
#17979 = FILL_AREA_STYLE_COLOUR('',#16179);
#17980 = CURVE_STYLE('',#17981,POSITIVE_LENGTH_MEASURE(0.1),#16179);
#17981 = DRAUGHTING_PRE_DEFINED_CURVE_FONT('continuous');
#17982 = STYLED_ITEM('color',(#17983),#5308);
#17983 = PRESENTATION_STYLE_ASSIGNMENT((#17984,#17989));
#17984 = SURFACE_STYLE_USAGE(.BOTH.,#17985);
#17985 = SURFACE_SIDE_STYLE('',(#17986));
#17986 = SURFACE_STYLE_FILL_AREA(#17987);
#17987 = FILL_AREA_STYLE('',(#17988));
#17988 = FILL_AREA_STYLE_COLOUR('',#16179);
#17989 = CURVE_STYLE('',#17990,POSITIVE_LENGTH_MEASURE(0.1),#16179);
#17990 = DRAUGHTING_PRE_DEFINED_CURVE_FONT('continuous');
#17991 = STYLED_ITEM('color',(#17992),#5325);
#17992 = PRESENTATION_STYLE_ASSIGNMENT((#17993,#17998));
#17993 = SURFACE_STYLE_USAGE(.BOTH.,#17994);
#17994 = SURFACE_SIDE_STYLE('',(#17995));
#17995 = SURFACE_STYLE_FILL_AREA(#17996);
#17996 = FILL_AREA_STYLE('',(#17997));
#17997 = FILL_AREA_STYLE_COLOUR('',#16179);
#17998 = CURVE_STYLE('',#17999,POSITIVE_LENGTH_MEASURE(0.1),#16179);
#17999 = DRAUGHTING_PRE_DEFINED_CURVE_FONT('continuous');
#18000 = STYLED_ITEM('color',(#18001),#5342);
#18001 = PRESENTATION_STYLE_ASSIGNMENT((#18002,#18007));
#18002 = SURFACE_STYLE_USAGE(.BOTH.,#18003);
#18003 = SURFACE_SIDE_STYLE('',(#18004));
#18004 = SURFACE_STYLE_FILL_AREA(#18005);
#18005 = FILL_AREA_STYLE('',(#18006));
#18006 = FILL_AREA_STYLE_COLOUR('',#16179);
#18007 = CURVE_STYLE('',#18008,POSITIVE_LENGTH_MEASURE(0.1),#16179);
#18008 = DRAUGHTING_PRE_DEFINED_CURVE_FONT('continuous');
#18009 = STYLED_ITEM('color',(#18010),#5359);
#18010 = PRESENTATION_STYLE_ASSIGNMENT((#18011,#18016));
#18011 = SURFACE_STYLE_USAGE(.BOTH.,#18012);
#18012 = SURFACE_SIDE_STYLE('',(#18013));
#18013 = SURFACE_STYLE_FILL_AREA(#18014);
#18014 = FILL_AREA_STYLE('',(#18015));
#18015 = FILL_AREA_STYLE_COLOUR('',#16179);
#18016 = CURVE_STYLE('',#18017,POSITIVE_LENGTH_MEASURE(0.1),#16179);
#18017 = DRAUGHTING_PRE_DEFINED_CURVE_FONT('continuous');
#18018 = STYLED_ITEM('color',(#18019),#5376);
#18019 = PRESENTATION_STYLE_ASSIGNMENT((#18020,#18025));
#18020 = SURFACE_STYLE_USAGE(.BOTH.,#18021);
#18021 = SURFACE_SIDE_STYLE('',(#18022));
#18022 = SURFACE_STYLE_FILL_AREA(#18023);
#18023 = FILL_AREA_STYLE('',(#18024));
#18024 = FILL_AREA_STYLE_COLOUR('',#16179);
#18025 = CURVE_STYLE('',#18026,POSITIVE_LENGTH_MEASURE(0.1),#16179);
#18026 = DRAUGHTING_PRE_DEFINED_CURVE_FONT('continuous');
#18027 = STYLED_ITEM('color',(#18028),#5393);
#18028 = PRESENTATION_STYLE_ASSIGNMENT((#18029,#18034));
#18029 = SURFACE_STYLE_USAGE(.BOTH.,#18030);
#18030 = SURFACE_SIDE_STYLE('',(#18031));
#18031 = SURFACE_STYLE_FILL_AREA(#18032);
#18032 = FILL_AREA_STYLE('',(#18033));
#18033 = FILL_AREA_STYLE_COLOUR('',#16179);
#18034 = CURVE_STYLE('',#18035,POSITIVE_LENGTH_MEASURE(0.1),#16179);
#18035 = DRAUGHTING_PRE_DEFINED_CURVE_FONT('continuous');
#18036 = STYLED_ITEM('color',(#18037),#5410);
#18037 = PRESENTATION_STYLE_ASSIGNMENT((#18038,#18043));
#18038 = SURFACE_STYLE_USAGE(.BOTH.,#18039);
#18039 = SURFACE_SIDE_STYLE('',(#18040));
#18040 = SURFACE_STYLE_FILL_AREA(#18041);
#18041 = FILL_AREA_STYLE('',(#18042));
#18042 = FILL_AREA_STYLE_COLOUR('',#16179);
#18043 = CURVE_STYLE('',#18044,POSITIVE_LENGTH_MEASURE(0.1),#16179);
#18044 = DRAUGHTING_PRE_DEFINED_CURVE_FONT('continuous');
#18045 = STYLED_ITEM('color',(#18046),#5427);
#18046 = PRESENTATION_STYLE_ASSIGNMENT((#18047,#18052));
#18047 = SURFACE_STYLE_USAGE(.BOTH.,#18048);
#18048 = SURFACE_SIDE_STYLE('',(#18049));
#18049 = SURFACE_STYLE_FILL_AREA(#18050);
#18050 = FILL_AREA_STYLE('',(#18051));
#18051 = FILL_AREA_STYLE_COLOUR('',#16179);
#18052 = CURVE_STYLE('',#18053,POSITIVE_LENGTH_MEASURE(0.1),#16179);
#18053 = DRAUGHTING_PRE_DEFINED_CURVE_FONT('continuous');
#18054 = STYLED_ITEM('color',(#18055),#5444);
#18055 = PRESENTATION_STYLE_ASSIGNMENT((#18056,#18061));
#18056 = SURFACE_STYLE_USAGE(.BOTH.,#18057);
#18057 = SURFACE_SIDE_STYLE('',(#18058));
#18058 = SURFACE_STYLE_FILL_AREA(#18059);
#18059 = FILL_AREA_STYLE('',(#18060));
#18060 = FILL_AREA_STYLE_COLOUR('',#16179);
#18061 = CURVE_STYLE('',#18062,POSITIVE_LENGTH_MEASURE(0.1),#16179);
#18062 = DRAUGHTING_PRE_DEFINED_CURVE_FONT('continuous');
#18063 = STYLED_ITEM('color',(#18064),#5461);
#18064 = PRESENTATION_STYLE_ASSIGNMENT((#18065,#18070));
#18065 = SURFACE_STYLE_USAGE(.BOTH.,#18066);
#18066 = SURFACE_SIDE_STYLE('',(#18067));
#18067 = SURFACE_STYLE_FILL_AREA(#18068);
#18068 = FILL_AREA_STYLE('',(#18069));
#18069 = FILL_AREA_STYLE_COLOUR('',#16179);
#18070 = CURVE_STYLE('',#18071,POSITIVE_LENGTH_MEASURE(0.1),#16179);
#18071 = DRAUGHTING_PRE_DEFINED_CURVE_FONT('continuous');
#18072 = STYLED_ITEM('color',(#18073),#5478);
#18073 = PRESENTATION_STYLE_ASSIGNMENT((#18074,#18079));
#18074 = SURFACE_STYLE_USAGE(.BOTH.,#18075);
#18075 = SURFACE_SIDE_STYLE('',(#18076));
#18076 = SURFACE_STYLE_FILL_AREA(#18077);
#18077 = FILL_AREA_STYLE('',(#18078));
#18078 = FILL_AREA_STYLE_COLOUR('',#16179);
#18079 = CURVE_STYLE('',#18080,POSITIVE_LENGTH_MEASURE(0.1),#16179);
#18080 = DRAUGHTING_PRE_DEFINED_CURVE_FONT('continuous');
#18081 = STYLED_ITEM('color',(#18082),#5495);
#18082 = PRESENTATION_STYLE_ASSIGNMENT((#18083,#18088));
#18083 = SURFACE_STYLE_USAGE(.BOTH.,#18084);
#18084 = SURFACE_SIDE_STYLE('',(#18085));
#18085 = SURFACE_STYLE_FILL_AREA(#18086);
#18086 = FILL_AREA_STYLE('',(#18087));
#18087 = FILL_AREA_STYLE_COLOUR('',#16179);
#18088 = CURVE_STYLE('',#18089,POSITIVE_LENGTH_MEASURE(0.1),#16179);
#18089 = DRAUGHTING_PRE_DEFINED_CURVE_FONT('continuous');
#18090 = STYLED_ITEM('color',(#18091),#5512);
#18091 = PRESENTATION_STYLE_ASSIGNMENT((#18092,#18097));
#18092 = SURFACE_STYLE_USAGE(.BOTH.,#18093);
#18093 = SURFACE_SIDE_STYLE('',(#18094));
#18094 = SURFACE_STYLE_FILL_AREA(#18095);
#18095 = FILL_AREA_STYLE('',(#18096));
#18096 = FILL_AREA_STYLE_COLOUR('',#16179);
#18097 = CURVE_STYLE('',#18098,POSITIVE_LENGTH_MEASURE(0.1),#16179);
#18098 = DRAUGHTING_PRE_DEFINED_CURVE_FONT('continuous');
#18099 = STYLED_ITEM('color',(#18100),#5529);
#18100 = PRESENTATION_STYLE_ASSIGNMENT((#18101,#18106));
#18101 = SURFACE_STYLE_USAGE(.BOTH.,#18102);
#18102 = SURFACE_SIDE_STYLE('',(#18103));
#18103 = SURFACE_STYLE_FILL_AREA(#18104);
#18104 = FILL_AREA_STYLE('',(#18105));
#18105 = FILL_AREA_STYLE_COLOUR('',#16179);
#18106 = CURVE_STYLE('',#18107,POSITIVE_LENGTH_MEASURE(0.1),#16179);
#18107 = DRAUGHTING_PRE_DEFINED_CURVE_FONT('continuous');
#18108 = STYLED_ITEM('color',(#18109),#5560);
#18109 = PRESENTATION_STYLE_ASSIGNMENT((#18110,#18115));
#18110 = SURFACE_STYLE_USAGE(.BOTH.,#18111);
#18111 = SURFACE_SIDE_STYLE('',(#18112));
#18112 = SURFACE_STYLE_FILL_AREA(#18113);
#18113 = FILL_AREA_STYLE('',(#18114));
#18114 = FILL_AREA_STYLE_COLOUR('',#16179);
#18115 = CURVE_STYLE('',#18116,POSITIVE_LENGTH_MEASURE(0.1),#16179);
#18116 = DRAUGHTING_PRE_DEFINED_CURVE_FONT('continuous');
#18117 = STYLED_ITEM('color',(#18118),#5584);
#18118 = PRESENTATION_STYLE_ASSIGNMENT((#18119,#18124));
#18119 = SURFACE_STYLE_USAGE(.BOTH.,#18120);
#18120 = SURFACE_SIDE_STYLE('',(#18121));
#18121 = SURFACE_STYLE_FILL_AREA(#18122);
#18122 = FILL_AREA_STYLE('',(#18123));
#18123 = FILL_AREA_STYLE_COLOUR('',#16179);
#18124 = CURVE_STYLE('',#18125,POSITIVE_LENGTH_MEASURE(0.1),#16179);
#18125 = DRAUGHTING_PRE_DEFINED_CURVE_FONT('continuous');
#18126 = STYLED_ITEM('color',(#18127),#5608);
#18127 = PRESENTATION_STYLE_ASSIGNMENT((#18128,#18133));
#18128 = SURFACE_STYLE_USAGE(.BOTH.,#18129);
#18129 = SURFACE_SIDE_STYLE('',(#18130));
#18130 = SURFACE_STYLE_FILL_AREA(#18131);
#18131 = FILL_AREA_STYLE('',(#18132));
#18132 = FILL_AREA_STYLE_COLOUR('',#16179);
#18133 = CURVE_STYLE('',#18134,POSITIVE_LENGTH_MEASURE(0.1),#16179);
#18134 = DRAUGHTING_PRE_DEFINED_CURVE_FONT('continuous');
#18135 = STYLED_ITEM('color',(#18136),#5632);
#18136 = PRESENTATION_STYLE_ASSIGNMENT((#18137,#18142));
#18137 = SURFACE_STYLE_USAGE(.BOTH.,#18138);
#18138 = SURFACE_SIDE_STYLE('',(#18139));
#18139 = SURFACE_STYLE_FILL_AREA(#18140);
#18140 = FILL_AREA_STYLE('',(#18141));
#18141 = FILL_AREA_STYLE_COLOUR('',#16179);
#18142 = CURVE_STYLE('',#18143,POSITIVE_LENGTH_MEASURE(0.1),#16179);
#18143 = DRAUGHTING_PRE_DEFINED_CURVE_FONT('continuous');
#18144 = STYLED_ITEM('color',(#18145),#5649);
#18145 = PRESENTATION_STYLE_ASSIGNMENT((#18146,#18151));
#18146 = SURFACE_STYLE_USAGE(.BOTH.,#18147);
#18147 = SURFACE_SIDE_STYLE('',(#18148));
#18148 = SURFACE_STYLE_FILL_AREA(#18149);
#18149 = FILL_AREA_STYLE('',(#18150));
#18150 = FILL_AREA_STYLE_COLOUR('',#16179);
#18151 = CURVE_STYLE('',#18152,POSITIVE_LENGTH_MEASURE(0.1),#16179);
#18152 = DRAUGHTING_PRE_DEFINED_CURVE_FONT('continuous');
#18153 = STYLED_ITEM('color',(#18154),#5666);
#18154 = PRESENTATION_STYLE_ASSIGNMENT((#18155,#18160));
#18155 = SURFACE_STYLE_USAGE(.BOTH.,#18156);
#18156 = SURFACE_SIDE_STYLE('',(#18157));
#18157 = SURFACE_STYLE_FILL_AREA(#18158);
#18158 = FILL_AREA_STYLE('',(#18159));
#18159 = FILL_AREA_STYLE_COLOUR('',#16179);
#18160 = CURVE_STYLE('',#18161,POSITIVE_LENGTH_MEASURE(0.1),#16179);
#18161 = DRAUGHTING_PRE_DEFINED_CURVE_FONT('continuous');
#18162 = STYLED_ITEM('color',(#18163),#5678);
#18163 = PRESENTATION_STYLE_ASSIGNMENT((#18164,#18169));
#18164 = SURFACE_STYLE_USAGE(.BOTH.,#18165);
#18165 = SURFACE_SIDE_STYLE('',(#18166));
#18166 = SURFACE_STYLE_FILL_AREA(#18167);
#18167 = FILL_AREA_STYLE('',(#18168));
#18168 = FILL_AREA_STYLE_COLOUR('',#16179);
#18169 = CURVE_STYLE('',#18170,POSITIVE_LENGTH_MEASURE(0.1),#16179);
#18170 = DRAUGHTING_PRE_DEFINED_CURVE_FONT('continuous');
#18171 = STYLED_ITEM('color',(#18172),#5695);
#18172 = PRESENTATION_STYLE_ASSIGNMENT((#18173,#18178));
#18173 = SURFACE_STYLE_USAGE(.BOTH.,#18174);
#18174 = SURFACE_SIDE_STYLE('',(#18175));
#18175 = SURFACE_STYLE_FILL_AREA(#18176);
#18176 = FILL_AREA_STYLE('',(#18177));
#18177 = FILL_AREA_STYLE_COLOUR('',#16179);
#18178 = CURVE_STYLE('',#18179,POSITIVE_LENGTH_MEASURE(0.1),#16179);
#18179 = DRAUGHTING_PRE_DEFINED_CURVE_FONT('continuous');
#18180 = STYLED_ITEM('color',(#18181),#5707);
#18181 = PRESENTATION_STYLE_ASSIGNMENT((#18182,#18187));
#18182 = SURFACE_STYLE_USAGE(.BOTH.,#18183);
#18183 = SURFACE_SIDE_STYLE('',(#18184));
#18184 = SURFACE_STYLE_FILL_AREA(#18185);
#18185 = FILL_AREA_STYLE('',(#18186));
#18186 = FILL_AREA_STYLE_COLOUR('',#16179);
#18187 = CURVE_STYLE('',#18188,POSITIVE_LENGTH_MEASURE(0.1),#16179);
#18188 = DRAUGHTING_PRE_DEFINED_CURVE_FONT('continuous');
#18189 = STYLED_ITEM('color',(#18190),#5724);
#18190 = PRESENTATION_STYLE_ASSIGNMENT((#18191,#18196));
#18191 = SURFACE_STYLE_USAGE(.BOTH.,#18192);
#18192 = SURFACE_SIDE_STYLE('',(#18193));
#18193 = SURFACE_STYLE_FILL_AREA(#18194);
#18194 = FILL_AREA_STYLE('',(#18195));
#18195 = FILL_AREA_STYLE_COLOUR('',#16179);
#18196 = CURVE_STYLE('',#18197,POSITIVE_LENGTH_MEASURE(0.1),#16179);
#18197 = DRAUGHTING_PRE_DEFINED_CURVE_FONT('continuous');
#18198 = STYLED_ITEM('color',(#18199),#5736);
#18199 = PRESENTATION_STYLE_ASSIGNMENT((#18200,#18205));
#18200 = SURFACE_STYLE_USAGE(.BOTH.,#18201);
#18201 = SURFACE_SIDE_STYLE('',(#18202));
#18202 = SURFACE_STYLE_FILL_AREA(#18203);
#18203 = FILL_AREA_STYLE('',(#18204));
#18204 = FILL_AREA_STYLE_COLOUR('',#16179);
#18205 = CURVE_STYLE('',#18206,POSITIVE_LENGTH_MEASURE(0.1),#16179);
#18206 = DRAUGHTING_PRE_DEFINED_CURVE_FONT('continuous');
#18207 = STYLED_ITEM('color',(#18208),#5753);
#18208 = PRESENTATION_STYLE_ASSIGNMENT((#18209,#18214));
#18209 = SURFACE_STYLE_USAGE(.BOTH.,#18210);
#18210 = SURFACE_SIDE_STYLE('',(#18211));
#18211 = SURFACE_STYLE_FILL_AREA(#18212);
#18212 = FILL_AREA_STYLE('',(#18213));
#18213 = FILL_AREA_STYLE_COLOUR('',#16179);
#18214 = CURVE_STYLE('',#18215,POSITIVE_LENGTH_MEASURE(0.1),#16179);
#18215 = DRAUGHTING_PRE_DEFINED_CURVE_FONT('continuous');
#18216 = STYLED_ITEM('color',(#18217),#5765);
#18217 = PRESENTATION_STYLE_ASSIGNMENT((#18218,#18223));
#18218 = SURFACE_STYLE_USAGE(.BOTH.,#18219);
#18219 = SURFACE_SIDE_STYLE('',(#18220));
#18220 = SURFACE_STYLE_FILL_AREA(#18221);
#18221 = FILL_AREA_STYLE('',(#18222));
#18222 = FILL_AREA_STYLE_COLOUR('',#16179);
#18223 = CURVE_STYLE('',#18224,POSITIVE_LENGTH_MEASURE(0.1),#16179);
#18224 = DRAUGHTING_PRE_DEFINED_CURVE_FONT('continuous');
#18225 = STYLED_ITEM('color',(#18226),#5782);
#18226 = PRESENTATION_STYLE_ASSIGNMENT((#18227,#18232));
#18227 = SURFACE_STYLE_USAGE(.BOTH.,#18228);
#18228 = SURFACE_SIDE_STYLE('',(#18229));
#18229 = SURFACE_STYLE_FILL_AREA(#18230);
#18230 = FILL_AREA_STYLE('',(#18231));
#18231 = FILL_AREA_STYLE_COLOUR('',#16179);
#18232 = CURVE_STYLE('',#18233,POSITIVE_LENGTH_MEASURE(0.1),#16179);
#18233 = DRAUGHTING_PRE_DEFINED_CURVE_FONT('continuous');
#18234 = STYLED_ITEM('color',(#18235),#5794);
#18235 = PRESENTATION_STYLE_ASSIGNMENT((#18236,#18241));
#18236 = SURFACE_STYLE_USAGE(.BOTH.,#18237);
#18237 = SURFACE_SIDE_STYLE('',(#18238));
#18238 = SURFACE_STYLE_FILL_AREA(#18239);
#18239 = FILL_AREA_STYLE('',(#18240));
#18240 = FILL_AREA_STYLE_COLOUR('',#16179);
#18241 = CURVE_STYLE('',#18242,POSITIVE_LENGTH_MEASURE(0.1),#16179);
#18242 = DRAUGHTING_PRE_DEFINED_CURVE_FONT('continuous');
#18243 = STYLED_ITEM('color',(#18244),#5811);
#18244 = PRESENTATION_STYLE_ASSIGNMENT((#18245,#18250));
#18245 = SURFACE_STYLE_USAGE(.BOTH.,#18246);
#18246 = SURFACE_SIDE_STYLE('',(#18247));
#18247 = SURFACE_STYLE_FILL_AREA(#18248);
#18248 = FILL_AREA_STYLE('',(#18249));
#18249 = FILL_AREA_STYLE_COLOUR('',#16179);
#18250 = CURVE_STYLE('',#18251,POSITIVE_LENGTH_MEASURE(0.1),#16179);
#18251 = DRAUGHTING_PRE_DEFINED_CURVE_FONT('continuous');
#18252 = STYLED_ITEM('color',(#18253),#5823);
#18253 = PRESENTATION_STYLE_ASSIGNMENT((#18254,#18259));
#18254 = SURFACE_STYLE_USAGE(.BOTH.,#18255);
#18255 = SURFACE_SIDE_STYLE('',(#18256));
#18256 = SURFACE_STYLE_FILL_AREA(#18257);
#18257 = FILL_AREA_STYLE('',(#18258));
#18258 = FILL_AREA_STYLE_COLOUR('',#16179);
#18259 = CURVE_STYLE('',#18260,POSITIVE_LENGTH_MEASURE(0.1),#16179);
#18260 = DRAUGHTING_PRE_DEFINED_CURVE_FONT('continuous');
#18261 = STYLED_ITEM('color',(#18262),#5840);
#18262 = PRESENTATION_STYLE_ASSIGNMENT((#18263,#18268));
#18263 = SURFACE_STYLE_USAGE(.BOTH.,#18264);
#18264 = SURFACE_SIDE_STYLE('',(#18265));
#18265 = SURFACE_STYLE_FILL_AREA(#18266);
#18266 = FILL_AREA_STYLE('',(#18267));
#18267 = FILL_AREA_STYLE_COLOUR('',#16179);
#18268 = CURVE_STYLE('',#18269,POSITIVE_LENGTH_MEASURE(0.1),#16179);
#18269 = DRAUGHTING_PRE_DEFINED_CURVE_FONT('continuous');
#18270 = STYLED_ITEM('color',(#18271),#5852);
#18271 = PRESENTATION_STYLE_ASSIGNMENT((#18272,#18277));
#18272 = SURFACE_STYLE_USAGE(.BOTH.,#18273);
#18273 = SURFACE_SIDE_STYLE('',(#18274));
#18274 = SURFACE_STYLE_FILL_AREA(#18275);
#18275 = FILL_AREA_STYLE('',(#18276));
#18276 = FILL_AREA_STYLE_COLOUR('',#16179);
#18277 = CURVE_STYLE('',#18278,POSITIVE_LENGTH_MEASURE(0.1),#16179);
#18278 = DRAUGHTING_PRE_DEFINED_CURVE_FONT('continuous');
#18279 = STYLED_ITEM('color',(#18280),#5869);
#18280 = PRESENTATION_STYLE_ASSIGNMENT((#18281,#18286));
#18281 = SURFACE_STYLE_USAGE(.BOTH.,#18282);
#18282 = SURFACE_SIDE_STYLE('',(#18283));
#18283 = SURFACE_STYLE_FILL_AREA(#18284);
#18284 = FILL_AREA_STYLE('',(#18285));
#18285 = FILL_AREA_STYLE_COLOUR('',#16179);
#18286 = CURVE_STYLE('',#18287,POSITIVE_LENGTH_MEASURE(0.1),#16179);
#18287 = DRAUGHTING_PRE_DEFINED_CURVE_FONT('continuous');
#18288 = STYLED_ITEM('color',(#18289),#5881);
#18289 = PRESENTATION_STYLE_ASSIGNMENT((#18290,#18295));
#18290 = SURFACE_STYLE_USAGE(.BOTH.,#18291);
#18291 = SURFACE_SIDE_STYLE('',(#18292));
#18292 = SURFACE_STYLE_FILL_AREA(#18293);
#18293 = FILL_AREA_STYLE('',(#18294));
#18294 = FILL_AREA_STYLE_COLOUR('',#16179);
#18295 = CURVE_STYLE('',#18296,POSITIVE_LENGTH_MEASURE(0.1),#16179);
#18296 = DRAUGHTING_PRE_DEFINED_CURVE_FONT('continuous');
#18297 = STYLED_ITEM('color',(#18298),#5898);
#18298 = PRESENTATION_STYLE_ASSIGNMENT((#18299,#18304));
#18299 = SURFACE_STYLE_USAGE(.BOTH.,#18300);
#18300 = SURFACE_SIDE_STYLE('',(#18301));
#18301 = SURFACE_STYLE_FILL_AREA(#18302);
#18302 = FILL_AREA_STYLE('',(#18303));
#18303 = FILL_AREA_STYLE_COLOUR('',#16179);
#18304 = CURVE_STYLE('',#18305,POSITIVE_LENGTH_MEASURE(0.1),#16179);
#18305 = DRAUGHTING_PRE_DEFINED_CURVE_FONT('continuous');
#18306 = STYLED_ITEM('color',(#18307),#5910);
#18307 = PRESENTATION_STYLE_ASSIGNMENT((#18308,#18313));
#18308 = SURFACE_STYLE_USAGE(.BOTH.,#18309);
#18309 = SURFACE_SIDE_STYLE('',(#18310));
#18310 = SURFACE_STYLE_FILL_AREA(#18311);
#18311 = FILL_AREA_STYLE('',(#18312));
#18312 = FILL_AREA_STYLE_COLOUR('',#16179);
#18313 = CURVE_STYLE('',#18314,POSITIVE_LENGTH_MEASURE(0.1),#16179);
#18314 = DRAUGHTING_PRE_DEFINED_CURVE_FONT('continuous');
#18315 = STYLED_ITEM('color',(#18316),#5927);
#18316 = PRESENTATION_STYLE_ASSIGNMENT((#18317,#18322));
#18317 = SURFACE_STYLE_USAGE(.BOTH.,#18318);
#18318 = SURFACE_SIDE_STYLE('',(#18319));
#18319 = SURFACE_STYLE_FILL_AREA(#18320);
#18320 = FILL_AREA_STYLE('',(#18321));
#18321 = FILL_AREA_STYLE_COLOUR('',#16179);
#18322 = CURVE_STYLE('',#18323,POSITIVE_LENGTH_MEASURE(0.1),#16179);
#18323 = DRAUGHTING_PRE_DEFINED_CURVE_FONT('continuous');
#18324 = STYLED_ITEM('color',(#18325),#5939);
#18325 = PRESENTATION_STYLE_ASSIGNMENT((#18326,#18331));
#18326 = SURFACE_STYLE_USAGE(.BOTH.,#18327);
#18327 = SURFACE_SIDE_STYLE('',(#18328));
#18328 = SURFACE_STYLE_FILL_AREA(#18329);
#18329 = FILL_AREA_STYLE('',(#18330));
#18330 = FILL_AREA_STYLE_COLOUR('',#16179);
#18331 = CURVE_STYLE('',#18332,POSITIVE_LENGTH_MEASURE(0.1),#16179);
#18332 = DRAUGHTING_PRE_DEFINED_CURVE_FONT('continuous');
#18333 = STYLED_ITEM('color',(#18334),#5956);
#18334 = PRESENTATION_STYLE_ASSIGNMENT((#18335,#18340));
#18335 = SURFACE_STYLE_USAGE(.BOTH.,#18336);
#18336 = SURFACE_SIDE_STYLE('',(#18337));
#18337 = SURFACE_STYLE_FILL_AREA(#18338);
#18338 = FILL_AREA_STYLE('',(#18339));
#18339 = FILL_AREA_STYLE_COLOUR('',#16179);
#18340 = CURVE_STYLE('',#18341,POSITIVE_LENGTH_MEASURE(0.1),#16179);
#18341 = DRAUGHTING_PRE_DEFINED_CURVE_FONT('continuous');
#18342 = STYLED_ITEM('color',(#18343),#5968);
#18343 = PRESENTATION_STYLE_ASSIGNMENT((#18344,#18349));
#18344 = SURFACE_STYLE_USAGE(.BOTH.,#18345);
#18345 = SURFACE_SIDE_STYLE('',(#18346));
#18346 = SURFACE_STYLE_FILL_AREA(#18347);
#18347 = FILL_AREA_STYLE('',(#18348));
#18348 = FILL_AREA_STYLE_COLOUR('',#16179);
#18349 = CURVE_STYLE('',#18350,POSITIVE_LENGTH_MEASURE(0.1),#16179);
#18350 = DRAUGHTING_PRE_DEFINED_CURVE_FONT('continuous');
#18351 = STYLED_ITEM('color',(#18352),#5985);
#18352 = PRESENTATION_STYLE_ASSIGNMENT((#18353,#18358));
#18353 = SURFACE_STYLE_USAGE(.BOTH.,#18354);
#18354 = SURFACE_SIDE_STYLE('',(#18355));
#18355 = SURFACE_STYLE_FILL_AREA(#18356);
#18356 = FILL_AREA_STYLE('',(#18357));
#18357 = FILL_AREA_STYLE_COLOUR('',#16179);
#18358 = CURVE_STYLE('',#18359,POSITIVE_LENGTH_MEASURE(0.1),#16179);
#18359 = DRAUGHTING_PRE_DEFINED_CURVE_FONT('continuous');
#18360 = STYLED_ITEM('color',(#18361),#5997);
#18361 = PRESENTATION_STYLE_ASSIGNMENT((#18362,#18367));
#18362 = SURFACE_STYLE_USAGE(.BOTH.,#18363);
#18363 = SURFACE_SIDE_STYLE('',(#18364));
#18364 = SURFACE_STYLE_FILL_AREA(#18365);
#18365 = FILL_AREA_STYLE('',(#18366));
#18366 = FILL_AREA_STYLE_COLOUR('',#16179);
#18367 = CURVE_STYLE('',#18368,POSITIVE_LENGTH_MEASURE(0.1),#16179);
#18368 = DRAUGHTING_PRE_DEFINED_CURVE_FONT('continuous');
#18369 = STYLED_ITEM('color',(#18370),#6014);
#18370 = PRESENTATION_STYLE_ASSIGNMENT((#18371,#18376));
#18371 = SURFACE_STYLE_USAGE(.BOTH.,#18372);
#18372 = SURFACE_SIDE_STYLE('',(#18373));
#18373 = SURFACE_STYLE_FILL_AREA(#18374);
#18374 = FILL_AREA_STYLE('',(#18375));
#18375 = FILL_AREA_STYLE_COLOUR('',#16179);
#18376 = CURVE_STYLE('',#18377,POSITIVE_LENGTH_MEASURE(0.1),#16179);
#18377 = DRAUGHTING_PRE_DEFINED_CURVE_FONT('continuous');
#18378 = STYLED_ITEM('color',(#18379),#6026);
#18379 = PRESENTATION_STYLE_ASSIGNMENT((#18380,#18385));
#18380 = SURFACE_STYLE_USAGE(.BOTH.,#18381);
#18381 = SURFACE_SIDE_STYLE('',(#18382));
#18382 = SURFACE_STYLE_FILL_AREA(#18383);
#18383 = FILL_AREA_STYLE('',(#18384));
#18384 = FILL_AREA_STYLE_COLOUR('',#16179);
#18385 = CURVE_STYLE('',#18386,POSITIVE_LENGTH_MEASURE(0.1),#16179);
#18386 = DRAUGHTING_PRE_DEFINED_CURVE_FONT('continuous');
#18387 = STYLED_ITEM('color',(#18388),#6043);
#18388 = PRESENTATION_STYLE_ASSIGNMENT((#18389,#18394));
#18389 = SURFACE_STYLE_USAGE(.BOTH.,#18390);
#18390 = SURFACE_SIDE_STYLE('',(#18391));
#18391 = SURFACE_STYLE_FILL_AREA(#18392);
#18392 = FILL_AREA_STYLE('',(#18393));
#18393 = FILL_AREA_STYLE_COLOUR('',#16179);
#18394 = CURVE_STYLE('',#18395,POSITIVE_LENGTH_MEASURE(0.1),#16179);
#18395 = DRAUGHTING_PRE_DEFINED_CURVE_FONT('continuous');
#18396 = STYLED_ITEM('color',(#18397),#6055);
#18397 = PRESENTATION_STYLE_ASSIGNMENT((#18398,#18403));
#18398 = SURFACE_STYLE_USAGE(.BOTH.,#18399);
#18399 = SURFACE_SIDE_STYLE('',(#18400));
#18400 = SURFACE_STYLE_FILL_AREA(#18401);
#18401 = FILL_AREA_STYLE('',(#18402));
#18402 = FILL_AREA_STYLE_COLOUR('',#16179);
#18403 = CURVE_STYLE('',#18404,POSITIVE_LENGTH_MEASURE(0.1),#16179);
#18404 = DRAUGHTING_PRE_DEFINED_CURVE_FONT('continuous');
#18405 = STYLED_ITEM('color',(#18406),#6072);
#18406 = PRESENTATION_STYLE_ASSIGNMENT((#18407,#18412));
#18407 = SURFACE_STYLE_USAGE(.BOTH.,#18408);
#18408 = SURFACE_SIDE_STYLE('',(#18409));
#18409 = SURFACE_STYLE_FILL_AREA(#18410);
#18410 = FILL_AREA_STYLE('',(#18411));
#18411 = FILL_AREA_STYLE_COLOUR('',#16179);
#18412 = CURVE_STYLE('',#18413,POSITIVE_LENGTH_MEASURE(0.1),#16179);
#18413 = DRAUGHTING_PRE_DEFINED_CURVE_FONT('continuous');
#18414 = STYLED_ITEM('color',(#18415),#6084);
#18415 = PRESENTATION_STYLE_ASSIGNMENT((#18416,#18421));
#18416 = SURFACE_STYLE_USAGE(.BOTH.,#18417);
#18417 = SURFACE_SIDE_STYLE('',(#18418));
#18418 = SURFACE_STYLE_FILL_AREA(#18419);
#18419 = FILL_AREA_STYLE('',(#18420));
#18420 = FILL_AREA_STYLE_COLOUR('',#16179);
#18421 = CURVE_STYLE('',#18422,POSITIVE_LENGTH_MEASURE(0.1),#16179);
#18422 = DRAUGHTING_PRE_DEFINED_CURVE_FONT('continuous');
#18423 = STYLED_ITEM('color',(#18424),#6101);
#18424 = PRESENTATION_STYLE_ASSIGNMENT((#18425,#18430));
#18425 = SURFACE_STYLE_USAGE(.BOTH.,#18426);
#18426 = SURFACE_SIDE_STYLE('',(#18427));
#18427 = SURFACE_STYLE_FILL_AREA(#18428);
#18428 = FILL_AREA_STYLE('',(#18429));
#18429 = FILL_AREA_STYLE_COLOUR('',#16179);
#18430 = CURVE_STYLE('',#18431,POSITIVE_LENGTH_MEASURE(0.1),#16179);
#18431 = DRAUGHTING_PRE_DEFINED_CURVE_FONT('continuous');
#18432 = STYLED_ITEM('color',(#18433),#6113);
#18433 = PRESENTATION_STYLE_ASSIGNMENT((#18434,#18439));
#18434 = SURFACE_STYLE_USAGE(.BOTH.,#18435);
#18435 = SURFACE_SIDE_STYLE('',(#18436));
#18436 = SURFACE_STYLE_FILL_AREA(#18437);
#18437 = FILL_AREA_STYLE('',(#18438));
#18438 = FILL_AREA_STYLE_COLOUR('',#16179);
#18439 = CURVE_STYLE('',#18440,POSITIVE_LENGTH_MEASURE(0.1),#16179);
#18440 = DRAUGHTING_PRE_DEFINED_CURVE_FONT('continuous');
#18441 = STYLED_ITEM('color',(#18442),#6130);
#18442 = PRESENTATION_STYLE_ASSIGNMENT((#18443,#18448));
#18443 = SURFACE_STYLE_USAGE(.BOTH.,#18444);
#18444 = SURFACE_SIDE_STYLE('',(#18445));
#18445 = SURFACE_STYLE_FILL_AREA(#18446);
#18446 = FILL_AREA_STYLE('',(#18447));
#18447 = FILL_AREA_STYLE_COLOUR('',#16179);
#18448 = CURVE_STYLE('',#18449,POSITIVE_LENGTH_MEASURE(0.1),#16179);
#18449 = DRAUGHTING_PRE_DEFINED_CURVE_FONT('continuous');
#18450 = STYLED_ITEM('color',(#18451),#6142);
#18451 = PRESENTATION_STYLE_ASSIGNMENT((#18452,#18457));
#18452 = SURFACE_STYLE_USAGE(.BOTH.,#18453);
#18453 = SURFACE_SIDE_STYLE('',(#18454));
#18454 = SURFACE_STYLE_FILL_AREA(#18455);
#18455 = FILL_AREA_STYLE('',(#18456));
#18456 = FILL_AREA_STYLE_COLOUR('',#16179);
#18457 = CURVE_STYLE('',#18458,POSITIVE_LENGTH_MEASURE(0.1),#16179);
#18458 = DRAUGHTING_PRE_DEFINED_CURVE_FONT('continuous');
#18459 = STYLED_ITEM('color',(#18460),#6159);
#18460 = PRESENTATION_STYLE_ASSIGNMENT((#18461,#18466));
#18461 = SURFACE_STYLE_USAGE(.BOTH.,#18462);
#18462 = SURFACE_SIDE_STYLE('',(#18463));
#18463 = SURFACE_STYLE_FILL_AREA(#18464);
#18464 = FILL_AREA_STYLE('',(#18465));
#18465 = FILL_AREA_STYLE_COLOUR('',#16179);
#18466 = CURVE_STYLE('',#18467,POSITIVE_LENGTH_MEASURE(0.1),#16179);
#18467 = DRAUGHTING_PRE_DEFINED_CURVE_FONT('continuous');
#18468 = STYLED_ITEM('color',(#18469),#6171);
#18469 = PRESENTATION_STYLE_ASSIGNMENT((#18470,#18475));
#18470 = SURFACE_STYLE_USAGE(.BOTH.,#18471);
#18471 = SURFACE_SIDE_STYLE('',(#18472));
#18472 = SURFACE_STYLE_FILL_AREA(#18473);
#18473 = FILL_AREA_STYLE('',(#18474));
#18474 = FILL_AREA_STYLE_COLOUR('',#16179);
#18475 = CURVE_STYLE('',#18476,POSITIVE_LENGTH_MEASURE(0.1),#16179);
#18476 = DRAUGHTING_PRE_DEFINED_CURVE_FONT('continuous');
#18477 = STYLED_ITEM('color',(#18478),#6188);
#18478 = PRESENTATION_STYLE_ASSIGNMENT((#18479,#18484));
#18479 = SURFACE_STYLE_USAGE(.BOTH.,#18480);
#18480 = SURFACE_SIDE_STYLE('',(#18481));
#18481 = SURFACE_STYLE_FILL_AREA(#18482);
#18482 = FILL_AREA_STYLE('',(#18483));
#18483 = FILL_AREA_STYLE_COLOUR('',#16179);
#18484 = CURVE_STYLE('',#18485,POSITIVE_LENGTH_MEASURE(0.1),#16179);
#18485 = DRAUGHTING_PRE_DEFINED_CURVE_FONT('continuous');
#18486 = STYLED_ITEM('color',(#18487),#6200);
#18487 = PRESENTATION_STYLE_ASSIGNMENT((#18488,#18493));
#18488 = SURFACE_STYLE_USAGE(.BOTH.,#18489);
#18489 = SURFACE_SIDE_STYLE('',(#18490));
#18490 = SURFACE_STYLE_FILL_AREA(#18491);
#18491 = FILL_AREA_STYLE('',(#18492));
#18492 = FILL_AREA_STYLE_COLOUR('',#16179);
#18493 = CURVE_STYLE('',#18494,POSITIVE_LENGTH_MEASURE(0.1),#16179);
#18494 = DRAUGHTING_PRE_DEFINED_CURVE_FONT('continuous');
#18495 = STYLED_ITEM('color',(#18496),#6217);
#18496 = PRESENTATION_STYLE_ASSIGNMENT((#18497,#18502));
#18497 = SURFACE_STYLE_USAGE(.BOTH.,#18498);
#18498 = SURFACE_SIDE_STYLE('',(#18499));
#18499 = SURFACE_STYLE_FILL_AREA(#18500);
#18500 = FILL_AREA_STYLE('',(#18501));
#18501 = FILL_AREA_STYLE_COLOUR('',#16179);
#18502 = CURVE_STYLE('',#18503,POSITIVE_LENGTH_MEASURE(0.1),#16179);
#18503 = DRAUGHTING_PRE_DEFINED_CURVE_FONT('continuous');
#18504 = STYLED_ITEM('color',(#18505),#6229);
#18505 = PRESENTATION_STYLE_ASSIGNMENT((#18506,#18511));
#18506 = SURFACE_STYLE_USAGE(.BOTH.,#18507);
#18507 = SURFACE_SIDE_STYLE('',(#18508));
#18508 = SURFACE_STYLE_FILL_AREA(#18509);
#18509 = FILL_AREA_STYLE('',(#18510));
#18510 = FILL_AREA_STYLE_COLOUR('',#16179);
#18511 = CURVE_STYLE('',#18512,POSITIVE_LENGTH_MEASURE(0.1),#16179);
#18512 = DRAUGHTING_PRE_DEFINED_CURVE_FONT('continuous');
#18513 = MECHANICAL_DESIGN_GEOMETRIC_PRESENTATION_REPRESENTATION('',(
    #18514,#18522,#18529,#18536,#18543,#18550,#18557,#18564,#18571,
    #18578,#18585,#18592,#18599,#18606,#18613,#18620,#18627,#18634,
    #18641,#18648,#18655,#18662,#18669,#18676,#18683,#18690,#18697,
    #18704,#18711,#18718,#18725,#18732,#18739,#18746,#18753,#18760,
    #18767,#18774,#18781,#18788,#18795,#18802,#18809,#18816,#18824,
    #18831,#18838,#18845,#18852,#18859,#18866,#18873,#18880,#18887,
    #18894,#18901,#18908,#18915,#18922,#18929,#18936,#18943,#18950,
    #18957,#18964,#18971,#18978,#18985,#18992,#18999,#19006,#19013,
    #19020,#19027,#19034,#19041,#19048,#19055,#19062,#19069,#19076,
    #19083,#19090,#19097,#19104,#19111,#19118,#19125,#19132,#19139,
    #19146,#19153,#19160),#9176);
#18514 = STYLED_ITEM('color',(#18515),#6286);
#18515 = PRESENTATION_STYLE_ASSIGNMENT((#18516));
#18516 = SURFACE_STYLE_USAGE(.BOTH.,#18517);
#18517 = SURFACE_SIDE_STYLE('',(#18518));
#18518 = SURFACE_STYLE_FILL_AREA(#18519);
#18519 = FILL_AREA_STYLE('',(#18520));
#18520 = FILL_AREA_STYLE_COLOUR('',#18521);
#18521 = COLOUR_RGB('',0.894117649055,0.890196087049,0.811764731185);
#18522 = STYLED_ITEM('color',(#18523),#6326);
#18523 = PRESENTATION_STYLE_ASSIGNMENT((#18524));
#18524 = SURFACE_STYLE_USAGE(.BOTH.,#18525);
#18525 = SURFACE_SIDE_STYLE('',(#18526));
#18526 = SURFACE_STYLE_FILL_AREA(#18527);
#18527 = FILL_AREA_STYLE('',(#18528));
#18528 = FILL_AREA_STYLE_COLOUR('',#18521);
#18529 = STYLED_ITEM('color',(#18530),#6390);
#18530 = PRESENTATION_STYLE_ASSIGNMENT((#18531));
#18531 = SURFACE_STYLE_USAGE(.BOTH.,#18532);
#18532 = SURFACE_SIDE_STYLE('',(#18533));
#18533 = SURFACE_STYLE_FILL_AREA(#18534);
#18534 = FILL_AREA_STYLE('',(#18535));
#18535 = FILL_AREA_STYLE_COLOUR('',#18521);
#18536 = STYLED_ITEM('color',(#18537),#6478);
#18537 = PRESENTATION_STYLE_ASSIGNMENT((#18538));
#18538 = SURFACE_STYLE_USAGE(.BOTH.,#18539);
#18539 = SURFACE_SIDE_STYLE('',(#18540));
#18540 = SURFACE_STYLE_FILL_AREA(#18541);
#18541 = FILL_AREA_STYLE('',(#18542));
#18542 = FILL_AREA_STYLE_COLOUR('',#18521);
#18543 = STYLED_ITEM('color',(#18544),#6518);
#18544 = PRESENTATION_STYLE_ASSIGNMENT((#18545));
#18545 = SURFACE_STYLE_USAGE(.BOTH.,#18546);
#18546 = SURFACE_SIDE_STYLE('',(#18547));
#18547 = SURFACE_STYLE_FILL_AREA(#18548);
#18548 = FILL_AREA_STYLE('',(#18549));
#18549 = FILL_AREA_STYLE_COLOUR('',#18521);
#18550 = STYLED_ITEM('color',(#18551),#6729);
#18551 = PRESENTATION_STYLE_ASSIGNMENT((#18552));
#18552 = SURFACE_STYLE_USAGE(.BOTH.,#18553);
#18553 = SURFACE_SIDE_STYLE('',(#18554));
#18554 = SURFACE_STYLE_FILL_AREA(#18555);
#18555 = FILL_AREA_STYLE('',(#18556));
#18556 = FILL_AREA_STYLE_COLOUR('',#18521);
#18557 = STYLED_ITEM('color',(#18558),#6769);
#18558 = PRESENTATION_STYLE_ASSIGNMENT((#18559));
#18559 = SURFACE_STYLE_USAGE(.BOTH.,#18560);
#18560 = SURFACE_SIDE_STYLE('',(#18561));
#18561 = SURFACE_STYLE_FILL_AREA(#18562);
#18562 = FILL_AREA_STYLE('',(#18563));
#18563 = FILL_AREA_STYLE_COLOUR('',#18521);
#18564 = STYLED_ITEM('color',(#18565),#6793);
#18565 = PRESENTATION_STYLE_ASSIGNMENT((#18566));
#18566 = SURFACE_STYLE_USAGE(.BOTH.,#18567);
#18567 = SURFACE_SIDE_STYLE('',(#18568));
#18568 = SURFACE_STYLE_FILL_AREA(#18569);
#18569 = FILL_AREA_STYLE('',(#18570));
#18570 = FILL_AREA_STYLE_COLOUR('',#18521);
#18571 = STYLED_ITEM('color',(#18572),#6818);
#18572 = PRESENTATION_STYLE_ASSIGNMENT((#18573));
#18573 = SURFACE_STYLE_USAGE(.BOTH.,#18574);
#18574 = SURFACE_SIDE_STYLE('',(#18575));
#18575 = SURFACE_STYLE_FILL_AREA(#18576);
#18576 = FILL_AREA_STYLE('',(#18577));
#18577 = FILL_AREA_STYLE_COLOUR('',#18521);
#18578 = STYLED_ITEM('color',(#18579),#6842);
#18579 = PRESENTATION_STYLE_ASSIGNMENT((#18580));
#18580 = SURFACE_STYLE_USAGE(.BOTH.,#18581);
#18581 = SURFACE_SIDE_STYLE('',(#18582));
#18582 = SURFACE_STYLE_FILL_AREA(#18583);
#18583 = FILL_AREA_STYLE('',(#18584));
#18584 = FILL_AREA_STYLE_COLOUR('',#18521);
#18585 = STYLED_ITEM('color',(#18586),#6891);
#18586 = PRESENTATION_STYLE_ASSIGNMENT((#18587));
#18587 = SURFACE_STYLE_USAGE(.BOTH.,#18588);
#18588 = SURFACE_SIDE_STYLE('',(#18589));
#18589 = SURFACE_STYLE_FILL_AREA(#18590);
#18590 = FILL_AREA_STYLE('',(#18591));
#18591 = FILL_AREA_STYLE_COLOUR('',#18521);
#18592 = STYLED_ITEM('color',(#18593),#6913);
#18593 = PRESENTATION_STYLE_ASSIGNMENT((#18594));
#18594 = SURFACE_STYLE_USAGE(.BOTH.,#18595);
#18595 = SURFACE_SIDE_STYLE('',(#18596));
#18596 = SURFACE_STYLE_FILL_AREA(#18597);
#18597 = FILL_AREA_STYLE('',(#18598));
#18598 = FILL_AREA_STYLE_COLOUR('',#18521);
#18599 = STYLED_ITEM('color',(#18600),#6946);
#18600 = PRESENTATION_STYLE_ASSIGNMENT((#18601));
#18601 = SURFACE_STYLE_USAGE(.BOTH.,#18602);
#18602 = SURFACE_SIDE_STYLE('',(#18603));
#18603 = SURFACE_STYLE_FILL_AREA(#18604);
#18604 = FILL_AREA_STYLE('',(#18605));
#18605 = FILL_AREA_STYLE_COLOUR('',#18521);
#18606 = STYLED_ITEM('color',(#18607),#6970);
#18607 = PRESENTATION_STYLE_ASSIGNMENT((#18608));
#18608 = SURFACE_STYLE_USAGE(.BOTH.,#18609);
#18609 = SURFACE_SIDE_STYLE('',(#18610));
#18610 = SURFACE_STYLE_FILL_AREA(#18611);
#18611 = FILL_AREA_STYLE('',(#18612));
#18612 = FILL_AREA_STYLE_COLOUR('',#18521);
#18613 = STYLED_ITEM('color',(#18614),#7001);
#18614 = PRESENTATION_STYLE_ASSIGNMENT((#18615));
#18615 = SURFACE_STYLE_USAGE(.BOTH.,#18616);
#18616 = SURFACE_SIDE_STYLE('',(#18617));
#18617 = SURFACE_STYLE_FILL_AREA(#18618);
#18618 = FILL_AREA_STYLE('',(#18619));
#18619 = FILL_AREA_STYLE_COLOUR('',#18521);
#18620 = STYLED_ITEM('color',(#18621),#7018);
#18621 = PRESENTATION_STYLE_ASSIGNMENT((#18622));
#18622 = SURFACE_STYLE_USAGE(.BOTH.,#18623);
#18623 = SURFACE_SIDE_STYLE('',(#18624));
#18624 = SURFACE_STYLE_FILL_AREA(#18625);
#18625 = FILL_AREA_STYLE('',(#18626));
#18626 = FILL_AREA_STYLE_COLOUR('',#18521);
#18627 = STYLED_ITEM('color',(#18628),#7051);
#18628 = PRESENTATION_STYLE_ASSIGNMENT((#18629));
#18629 = SURFACE_STYLE_USAGE(.BOTH.,#18630);
#18630 = SURFACE_SIDE_STYLE('',(#18631));
#18631 = SURFACE_STYLE_FILL_AREA(#18632);
#18632 = FILL_AREA_STYLE('',(#18633));
#18633 = FILL_AREA_STYLE_COLOUR('',#18521);
#18634 = STYLED_ITEM('color',(#18635),#7068);
#18635 = PRESENTATION_STYLE_ASSIGNMENT((#18636));
#18636 = SURFACE_STYLE_USAGE(.BOTH.,#18637);
#18637 = SURFACE_SIDE_STYLE('',(#18638));
#18638 = SURFACE_STYLE_FILL_AREA(#18639);
#18639 = FILL_AREA_STYLE('',(#18640));
#18640 = FILL_AREA_STYLE_COLOUR('',#18521);
#18641 = STYLED_ITEM('color',(#18642),#7111);
#18642 = PRESENTATION_STYLE_ASSIGNMENT((#18643));
#18643 = SURFACE_STYLE_USAGE(.BOTH.,#18644);
#18644 = SURFACE_SIDE_STYLE('',(#18645));
#18645 = SURFACE_STYLE_FILL_AREA(#18646);
#18646 = FILL_AREA_STYLE('',(#18647));
#18647 = FILL_AREA_STYLE_COLOUR('',#18521);
#18648 = STYLED_ITEM('color',(#18649),#7128);
#18649 = PRESENTATION_STYLE_ASSIGNMENT((#18650));
#18650 = SURFACE_STYLE_USAGE(.BOTH.,#18651);
#18651 = SURFACE_SIDE_STYLE('',(#18652));
#18652 = SURFACE_STYLE_FILL_AREA(#18653);
#18653 = FILL_AREA_STYLE('',(#18654));
#18654 = FILL_AREA_STYLE_COLOUR('',#18521);
#18655 = STYLED_ITEM('color',(#18656),#7174);
#18656 = PRESENTATION_STYLE_ASSIGNMENT((#18657));
#18657 = SURFACE_STYLE_USAGE(.BOTH.,#18658);
#18658 = SURFACE_SIDE_STYLE('',(#18659));
#18659 = SURFACE_STYLE_FILL_AREA(#18660);
#18660 = FILL_AREA_STYLE('',(#18661));
#18661 = FILL_AREA_STYLE_COLOUR('',#18521);
#18662 = STYLED_ITEM('color',(#18663),#7191);
#18663 = PRESENTATION_STYLE_ASSIGNMENT((#18664));
#18664 = SURFACE_STYLE_USAGE(.BOTH.,#18665);
#18665 = SURFACE_SIDE_STYLE('',(#18666));
#18666 = SURFACE_STYLE_FILL_AREA(#18667);
#18667 = FILL_AREA_STYLE('',(#18668));
#18668 = FILL_AREA_STYLE_COLOUR('',#18521);
#18669 = STYLED_ITEM('color',(#18670),#7254);
#18670 = PRESENTATION_STYLE_ASSIGNMENT((#18671));
#18671 = SURFACE_STYLE_USAGE(.BOTH.,#18672);
#18672 = SURFACE_SIDE_STYLE('',(#18673));
#18673 = SURFACE_STYLE_FILL_AREA(#18674);
#18674 = FILL_AREA_STYLE('',(#18675));
#18675 = FILL_AREA_STYLE_COLOUR('',#18521);
#18676 = STYLED_ITEM('color',(#18677),#7278);
#18677 = PRESENTATION_STYLE_ASSIGNMENT((#18678));
#18678 = SURFACE_STYLE_USAGE(.BOTH.,#18679);
#18679 = SURFACE_SIDE_STYLE('',(#18680));
#18680 = SURFACE_STYLE_FILL_AREA(#18681);
#18681 = FILL_AREA_STYLE('',(#18682));
#18682 = FILL_AREA_STYLE_COLOUR('',#18521);
#18683 = STYLED_ITEM('color',(#18684),#7325);
#18684 = PRESENTATION_STYLE_ASSIGNMENT((#18685));
#18685 = SURFACE_STYLE_USAGE(.BOTH.,#18686);
#18686 = SURFACE_SIDE_STYLE('',(#18687));
#18687 = SURFACE_STYLE_FILL_AREA(#18688);
#18688 = FILL_AREA_STYLE('',(#18689));
#18689 = FILL_AREA_STYLE_COLOUR('',#18521);
#18690 = STYLED_ITEM('color',(#18691),#7349);
#18691 = PRESENTATION_STYLE_ASSIGNMENT((#18692));
#18692 = SURFACE_STYLE_USAGE(.BOTH.,#18693);
#18693 = SURFACE_SIDE_STYLE('',(#18694));
#18694 = SURFACE_STYLE_FILL_AREA(#18695);
#18695 = FILL_AREA_STYLE('',(#18696));
#18696 = FILL_AREA_STYLE_COLOUR('',#18521);
#18697 = STYLED_ITEM('color',(#18698),#7373);
#18698 = PRESENTATION_STYLE_ASSIGNMENT((#18699));
#18699 = SURFACE_STYLE_USAGE(.BOTH.,#18700);
#18700 = SURFACE_SIDE_STYLE('',(#18701));
#18701 = SURFACE_STYLE_FILL_AREA(#18702);
#18702 = FILL_AREA_STYLE('',(#18703));
#18703 = FILL_AREA_STYLE_COLOUR('',#18521);
#18704 = STYLED_ITEM('color',(#18705),#7390);
#18705 = PRESENTATION_STYLE_ASSIGNMENT((#18706));
#18706 = SURFACE_STYLE_USAGE(.BOTH.,#18707);
#18707 = SURFACE_SIDE_STYLE('',(#18708));
#18708 = SURFACE_STYLE_FILL_AREA(#18709);
#18709 = FILL_AREA_STYLE('',(#18710));
#18710 = FILL_AREA_STYLE_COLOUR('',#18521);
#18711 = STYLED_ITEM('color',(#18712),#7407);
#18712 = PRESENTATION_STYLE_ASSIGNMENT((#18713));
#18713 = SURFACE_STYLE_USAGE(.BOTH.,#18714);
#18714 = SURFACE_SIDE_STYLE('',(#18715));
#18715 = SURFACE_STYLE_FILL_AREA(#18716);
#18716 = FILL_AREA_STYLE('',(#18717));
#18717 = FILL_AREA_STYLE_COLOUR('',#18521);
#18718 = STYLED_ITEM('color',(#18719),#7431);
#18719 = PRESENTATION_STYLE_ASSIGNMENT((#18720));
#18720 = SURFACE_STYLE_USAGE(.BOTH.,#18721);
#18721 = SURFACE_SIDE_STYLE('',(#18722));
#18722 = SURFACE_STYLE_FILL_AREA(#18723);
#18723 = FILL_AREA_STYLE('',(#18724));
#18724 = FILL_AREA_STYLE_COLOUR('',#18521);
#18725 = STYLED_ITEM('color',(#18726),#7455);
#18726 = PRESENTATION_STYLE_ASSIGNMENT((#18727));
#18727 = SURFACE_STYLE_USAGE(.BOTH.,#18728);
#18728 = SURFACE_SIDE_STYLE('',(#18729));
#18729 = SURFACE_STYLE_FILL_AREA(#18730);
#18730 = FILL_AREA_STYLE('',(#18731));
#18731 = FILL_AREA_STYLE_COLOUR('',#18521);
#18732 = STYLED_ITEM('color',(#18733),#7472);
#18733 = PRESENTATION_STYLE_ASSIGNMENT((#18734));
#18734 = SURFACE_STYLE_USAGE(.BOTH.,#18735);
#18735 = SURFACE_SIDE_STYLE('',(#18736));
#18736 = SURFACE_STYLE_FILL_AREA(#18737);
#18737 = FILL_AREA_STYLE('',(#18738));
#18738 = FILL_AREA_STYLE_COLOUR('',#18521);
#18739 = STYLED_ITEM('color',(#18740),#7503);
#18740 = PRESENTATION_STYLE_ASSIGNMENT((#18741));
#18741 = SURFACE_STYLE_USAGE(.BOTH.,#18742);
#18742 = SURFACE_SIDE_STYLE('',(#18743));
#18743 = SURFACE_STYLE_FILL_AREA(#18744);
#18744 = FILL_AREA_STYLE('',(#18745));
#18745 = FILL_AREA_STYLE_COLOUR('',#18521);
#18746 = STYLED_ITEM('color',(#18747),#7527);
#18747 = PRESENTATION_STYLE_ASSIGNMENT((#18748));
#18748 = SURFACE_STYLE_USAGE(.BOTH.,#18749);
#18749 = SURFACE_SIDE_STYLE('',(#18750));
#18750 = SURFACE_STYLE_FILL_AREA(#18751);
#18751 = FILL_AREA_STYLE('',(#18752));
#18752 = FILL_AREA_STYLE_COLOUR('',#18521);
#18753 = STYLED_ITEM('color',(#18754),#7551);
#18754 = PRESENTATION_STYLE_ASSIGNMENT((#18755));
#18755 = SURFACE_STYLE_USAGE(.BOTH.,#18756);
#18756 = SURFACE_SIDE_STYLE('',(#18757));
#18757 = SURFACE_STYLE_FILL_AREA(#18758);
#18758 = FILL_AREA_STYLE('',(#18759));
#18759 = FILL_AREA_STYLE_COLOUR('',#18521);
#18760 = STYLED_ITEM('color',(#18761),#7568);
#18761 = PRESENTATION_STYLE_ASSIGNMENT((#18762));
#18762 = SURFACE_STYLE_USAGE(.BOTH.,#18763);
#18763 = SURFACE_SIDE_STYLE('',(#18764));
#18764 = SURFACE_STYLE_FILL_AREA(#18765);
#18765 = FILL_AREA_STYLE('',(#18766));
#18766 = FILL_AREA_STYLE_COLOUR('',#18521);
#18767 = STYLED_ITEM('color',(#18768),#7603);
#18768 = PRESENTATION_STYLE_ASSIGNMENT((#18769));
#18769 = SURFACE_STYLE_USAGE(.BOTH.,#18770);
#18770 = SURFACE_SIDE_STYLE('',(#18771));
#18771 = SURFACE_STYLE_FILL_AREA(#18772);
#18772 = FILL_AREA_STYLE('',(#18773));
#18773 = FILL_AREA_STYLE_COLOUR('',#18521);
#18774 = STYLED_ITEM('color',(#18775),#7643);
#18775 = PRESENTATION_STYLE_ASSIGNMENT((#18776));
#18776 = SURFACE_STYLE_USAGE(.BOTH.,#18777);
#18777 = SURFACE_SIDE_STYLE('',(#18778));
#18778 = SURFACE_STYLE_FILL_AREA(#18779);
#18779 = FILL_AREA_STYLE('',(#18780));
#18780 = FILL_AREA_STYLE_COLOUR('',#18521);
#18781 = STYLED_ITEM('color',(#18782),#7667);
#18782 = PRESENTATION_STYLE_ASSIGNMENT((#18783));
#18783 = SURFACE_STYLE_USAGE(.BOTH.,#18784);
#18784 = SURFACE_SIDE_STYLE('',(#18785));
#18785 = SURFACE_STYLE_FILL_AREA(#18786);
#18786 = FILL_AREA_STYLE('',(#18787));
#18787 = FILL_AREA_STYLE_COLOUR('',#18521);
#18788 = STYLED_ITEM('color',(#18789),#7708);
#18789 = PRESENTATION_STYLE_ASSIGNMENT((#18790));
#18790 = SURFACE_STYLE_USAGE(.BOTH.,#18791);
#18791 = SURFACE_SIDE_STYLE('',(#18792));
#18792 = SURFACE_STYLE_FILL_AREA(#18793);
#18793 = FILL_AREA_STYLE('',(#18794));
#18794 = FILL_AREA_STYLE_COLOUR('',#18521);
#18795 = STYLED_ITEM('color',(#18796),#7757);
#18796 = PRESENTATION_STYLE_ASSIGNMENT((#18797));
#18797 = SURFACE_STYLE_USAGE(.BOTH.,#18798);
#18798 = SURFACE_SIDE_STYLE('',(#18799));
#18799 = SURFACE_STYLE_FILL_AREA(#18800);
#18800 = FILL_AREA_STYLE('',(#18801));
#18801 = FILL_AREA_STYLE_COLOUR('',#18521);
#18802 = STYLED_ITEM('color',(#18803),#7803);
#18803 = PRESENTATION_STYLE_ASSIGNMENT((#18804));
#18804 = SURFACE_STYLE_USAGE(.BOTH.,#18805);
#18805 = SURFACE_SIDE_STYLE('',(#18806));
#18806 = SURFACE_STYLE_FILL_AREA(#18807);
#18807 = FILL_AREA_STYLE('',(#18808));
#18808 = FILL_AREA_STYLE_COLOUR('',#18521);
#18809 = STYLED_ITEM('color',(#18810),#7820);
#18810 = PRESENTATION_STYLE_ASSIGNMENT((#18811));
#18811 = SURFACE_STYLE_USAGE(.BOTH.,#18812);
#18812 = SURFACE_SIDE_STYLE('',(#18813));
#18813 = SURFACE_STYLE_FILL_AREA(#18814);
#18814 = FILL_AREA_STYLE('',(#18815));
#18815 = FILL_AREA_STYLE_COLOUR('',#18521);
#18816 = STYLED_ITEM('color',(#18817),#7832);
#18817 = PRESENTATION_STYLE_ASSIGNMENT((#18818));
#18818 = SURFACE_STYLE_USAGE(.BOTH.,#18819);
#18819 = SURFACE_SIDE_STYLE('',(#18820));
#18820 = SURFACE_STYLE_FILL_AREA(#18821);
#18821 = FILL_AREA_STYLE('',(#18822));
#18822 = FILL_AREA_STYLE_COLOUR('',#18823);
#18823 = COLOUR_RGB('',0.823529417451,0.819607860991,0.780392170416);
#18824 = STYLED_ITEM('color',(#18825),#7863);
#18825 = PRESENTATION_STYLE_ASSIGNMENT((#18826));
#18826 = SURFACE_STYLE_USAGE(.BOTH.,#18827);
#18827 = SURFACE_SIDE_STYLE('',(#18828));
#18828 = SURFACE_STYLE_FILL_AREA(#18829);
#18829 = FILL_AREA_STYLE('',(#18830));
#18830 = FILL_AREA_STYLE_COLOUR('',#18823);
#18831 = STYLED_ITEM('color',(#18832),#7919);
#18832 = PRESENTATION_STYLE_ASSIGNMENT((#18833));
#18833 = SURFACE_STYLE_USAGE(.BOTH.,#18834);
#18834 = SURFACE_SIDE_STYLE('',(#18835));
#18835 = SURFACE_STYLE_FILL_AREA(#18836);
#18836 = FILL_AREA_STYLE('',(#18837));
#18837 = FILL_AREA_STYLE_COLOUR('',#18823);
#18838 = STYLED_ITEM('color',(#18839),#7943);
#18839 = PRESENTATION_STYLE_ASSIGNMENT((#18840));
#18840 = SURFACE_STYLE_USAGE(.BOTH.,#18841);
#18841 = SURFACE_SIDE_STYLE('',(#18842));
#18842 = SURFACE_STYLE_FILL_AREA(#18843);
#18843 = FILL_AREA_STYLE('',(#18844));
#18844 = FILL_AREA_STYLE_COLOUR('',#18823);
#18845 = STYLED_ITEM('color',(#18846),#7992);
#18846 = PRESENTATION_STYLE_ASSIGNMENT((#18847));
#18847 = SURFACE_STYLE_USAGE(.BOTH.,#18848);
#18848 = SURFACE_SIDE_STYLE('',(#18849));
#18849 = SURFACE_STYLE_FILL_AREA(#18850);
#18850 = FILL_AREA_STYLE('',(#18851));
#18851 = FILL_AREA_STYLE_COLOUR('',#18521);
#18852 = STYLED_ITEM('color',(#18853),#8004);
#18853 = PRESENTATION_STYLE_ASSIGNMENT((#18854));
#18854 = SURFACE_STYLE_USAGE(.BOTH.,#18855);
#18855 = SURFACE_SIDE_STYLE('',(#18856));
#18856 = SURFACE_STYLE_FILL_AREA(#18857);
#18857 = FILL_AREA_STYLE('',(#18858));
#18858 = FILL_AREA_STYLE_COLOUR('',#18521);
#18859 = STYLED_ITEM('color',(#18860),#8107);
#18860 = PRESENTATION_STYLE_ASSIGNMENT((#18861));
#18861 = SURFACE_STYLE_USAGE(.BOTH.,#18862);
#18862 = SURFACE_SIDE_STYLE('',(#18863));
#18863 = SURFACE_STYLE_FILL_AREA(#18864);
#18864 = FILL_AREA_STYLE('',(#18865));
#18865 = FILL_AREA_STYLE_COLOUR('',#18521);
#18866 = STYLED_ITEM('color',(#18867),#8131);
#18867 = PRESENTATION_STYLE_ASSIGNMENT((#18868));
#18868 = SURFACE_STYLE_USAGE(.BOTH.,#18869);
#18869 = SURFACE_SIDE_STYLE('',(#18870));
#18870 = SURFACE_STYLE_FILL_AREA(#18871);
#18871 = FILL_AREA_STYLE('',(#18872));
#18872 = FILL_AREA_STYLE_COLOUR('',#18521);
#18873 = STYLED_ITEM('color',(#18874),#8155);
#18874 = PRESENTATION_STYLE_ASSIGNMENT((#18875));
#18875 = SURFACE_STYLE_USAGE(.BOTH.,#18876);
#18876 = SURFACE_SIDE_STYLE('',(#18877));
#18877 = SURFACE_STYLE_FILL_AREA(#18878);
#18878 = FILL_AREA_STYLE('',(#18879));
#18879 = FILL_AREA_STYLE_COLOUR('',#18521);
#18880 = STYLED_ITEM('color',(#18881),#8172);
#18881 = PRESENTATION_STYLE_ASSIGNMENT((#18882));
#18882 = SURFACE_STYLE_USAGE(.BOTH.,#18883);
#18883 = SURFACE_SIDE_STYLE('',(#18884));
#18884 = SURFACE_STYLE_FILL_AREA(#18885);
#18885 = FILL_AREA_STYLE('',(#18886));
#18886 = FILL_AREA_STYLE_COLOUR('',#18823);
#18887 = STYLED_ITEM('color',(#18888),#8203);
#18888 = PRESENTATION_STYLE_ASSIGNMENT((#18889));
#18889 = SURFACE_STYLE_USAGE(.BOTH.,#18890);
#18890 = SURFACE_SIDE_STYLE('',(#18891));
#18891 = SURFACE_STYLE_FILL_AREA(#18892);
#18892 = FILL_AREA_STYLE('',(#18893));
#18893 = FILL_AREA_STYLE_COLOUR('',#18823);
#18894 = STYLED_ITEM('color',(#18895),#8259);
#18895 = PRESENTATION_STYLE_ASSIGNMENT((#18896));
#18896 = SURFACE_STYLE_USAGE(.BOTH.,#18897);
#18897 = SURFACE_SIDE_STYLE('',(#18898));
#18898 = SURFACE_STYLE_FILL_AREA(#18899);
#18899 = FILL_AREA_STYLE('',(#18900));
#18900 = FILL_AREA_STYLE_COLOUR('',#18823);
#18901 = STYLED_ITEM('color',(#18902),#8283);
#18902 = PRESENTATION_STYLE_ASSIGNMENT((#18903));
#18903 = SURFACE_STYLE_USAGE(.BOTH.,#18904);
#18904 = SURFACE_SIDE_STYLE('',(#18905));
#18905 = SURFACE_STYLE_FILL_AREA(#18906);
#18906 = FILL_AREA_STYLE('',(#18907));
#18907 = FILL_AREA_STYLE_COLOUR('',#18823);
#18908 = STYLED_ITEM('color',(#18909),#8332);
#18909 = PRESENTATION_STYLE_ASSIGNMENT((#18910));
#18910 = SURFACE_STYLE_USAGE(.BOTH.,#18911);
#18911 = SURFACE_SIDE_STYLE('',(#18912));
#18912 = SURFACE_STYLE_FILL_AREA(#18913);
#18913 = FILL_AREA_STYLE('',(#18914));
#18914 = FILL_AREA_STYLE_COLOUR('',#18823);
#18915 = STYLED_ITEM('color',(#18916),#8349);
#18916 = PRESENTATION_STYLE_ASSIGNMENT((#18917));
#18917 = SURFACE_STYLE_USAGE(.BOTH.,#18918);
#18918 = SURFACE_SIDE_STYLE('',(#18919));
#18919 = SURFACE_STYLE_FILL_AREA(#18920);
#18920 = FILL_AREA_STYLE('',(#18921));
#18921 = FILL_AREA_STYLE_COLOUR('',#18823);
#18922 = STYLED_ITEM('color',(#18923),#8396);
#18923 = PRESENTATION_STYLE_ASSIGNMENT((#18924));
#18924 = SURFACE_STYLE_USAGE(.BOTH.,#18925);
#18925 = SURFACE_SIDE_STYLE('',(#18926));
#18926 = SURFACE_STYLE_FILL_AREA(#18927);
#18927 = FILL_AREA_STYLE('',(#18928));
#18928 = FILL_AREA_STYLE_COLOUR('',#18823);
#18929 = STYLED_ITEM('color',(#18930),#8422);
#18930 = PRESENTATION_STYLE_ASSIGNMENT((#18931));
#18931 = SURFACE_STYLE_USAGE(.BOTH.,#18932);
#18932 = SURFACE_SIDE_STYLE('',(#18933));
#18933 = SURFACE_STYLE_FILL_AREA(#18934);
#18934 = FILL_AREA_STYLE('',(#18935));
#18935 = FILL_AREA_STYLE_COLOUR('',#18823);
#18936 = STYLED_ITEM('color',(#18937),#8439);
#18937 = PRESENTATION_STYLE_ASSIGNMENT((#18938));
#18938 = SURFACE_STYLE_USAGE(.BOTH.,#18939);
#18939 = SURFACE_SIDE_STYLE('',(#18940));
#18940 = SURFACE_STYLE_FILL_AREA(#18941);
#18941 = FILL_AREA_STYLE('',(#18942));
#18942 = FILL_AREA_STYLE_COLOUR('',#18823);
#18943 = STYLED_ITEM('color',(#18944),#8465);
#18944 = PRESENTATION_STYLE_ASSIGNMENT((#18945));
#18945 = SURFACE_STYLE_USAGE(.BOTH.,#18946);
#18946 = SURFACE_SIDE_STYLE('',(#18947));
#18947 = SURFACE_STYLE_FILL_AREA(#18948);
#18948 = FILL_AREA_STYLE('',(#18949));
#18949 = FILL_AREA_STYLE_COLOUR('',#18823);
#18950 = STYLED_ITEM('color',(#18951),#8498);
#18951 = PRESENTATION_STYLE_ASSIGNMENT((#18952));
#18952 = SURFACE_STYLE_USAGE(.BOTH.,#18953);
#18953 = SURFACE_SIDE_STYLE('',(#18954));
#18954 = SURFACE_STYLE_FILL_AREA(#18955);
#18955 = FILL_AREA_STYLE('',(#18956));
#18956 = FILL_AREA_STYLE_COLOUR('',#18521);
#18957 = STYLED_ITEM('color',(#18958),#8510);
#18958 = PRESENTATION_STYLE_ASSIGNMENT((#18959));
#18959 = SURFACE_STYLE_USAGE(.BOTH.,#18960);
#18960 = SURFACE_SIDE_STYLE('',(#18961));
#18961 = SURFACE_STYLE_FILL_AREA(#18962);
#18962 = FILL_AREA_STYLE('',(#18963));
#18963 = FILL_AREA_STYLE_COLOUR('',#18823);
#18964 = STYLED_ITEM('color',(#18965),#8541);
#18965 = PRESENTATION_STYLE_ASSIGNMENT((#18966));
#18966 = SURFACE_STYLE_USAGE(.BOTH.,#18967);
#18967 = SURFACE_SIDE_STYLE('',(#18968));
#18968 = SURFACE_STYLE_FILL_AREA(#18969);
#18969 = FILL_AREA_STYLE('',(#18970));
#18970 = FILL_AREA_STYLE_COLOUR('',#18823);
#18971 = STYLED_ITEM('color',(#18972),#8565);
#18972 = PRESENTATION_STYLE_ASSIGNMENT((#18973));
#18973 = SURFACE_STYLE_USAGE(.BOTH.,#18974);
#18974 = SURFACE_SIDE_STYLE('',(#18975));
#18975 = SURFACE_STYLE_FILL_AREA(#18976);
#18976 = FILL_AREA_STYLE('',(#18977));
#18977 = FILL_AREA_STYLE_COLOUR('',#18823);
#18978 = STYLED_ITEM('color',(#18979),#8589);
#18979 = PRESENTATION_STYLE_ASSIGNMENT((#18980));
#18980 = SURFACE_STYLE_USAGE(.BOTH.,#18981);
#18981 = SURFACE_SIDE_STYLE('',(#18982));
#18982 = SURFACE_STYLE_FILL_AREA(#18983);
#18983 = FILL_AREA_STYLE('',(#18984));
#18984 = FILL_AREA_STYLE_COLOUR('',#18823);
#18985 = STYLED_ITEM('color',(#18986),#8606);
#18986 = PRESENTATION_STYLE_ASSIGNMENT((#18987));
#18987 = SURFACE_STYLE_USAGE(.BOTH.,#18988);
#18988 = SURFACE_SIDE_STYLE('',(#18989));
#18989 = SURFACE_STYLE_FILL_AREA(#18990);
#18990 = FILL_AREA_STYLE('',(#18991));
#18991 = FILL_AREA_STYLE_COLOUR('',#18823);
#18992 = STYLED_ITEM('color',(#18993),#8637);
#18993 = PRESENTATION_STYLE_ASSIGNMENT((#18994));
#18994 = SURFACE_STYLE_USAGE(.BOTH.,#18995);
#18995 = SURFACE_SIDE_STYLE('',(#18996));
#18996 = SURFACE_STYLE_FILL_AREA(#18997);
#18997 = FILL_AREA_STYLE('',(#18998));
#18998 = FILL_AREA_STYLE_COLOUR('',#18823);
#18999 = STYLED_ITEM('color',(#19000),#8661);
#19000 = PRESENTATION_STYLE_ASSIGNMENT((#19001));
#19001 = SURFACE_STYLE_USAGE(.BOTH.,#19002);
#19002 = SURFACE_SIDE_STYLE('',(#19003));
#19003 = SURFACE_STYLE_FILL_AREA(#19004);
#19004 = FILL_AREA_STYLE('',(#19005));
#19005 = FILL_AREA_STYLE_COLOUR('',#18823);
#19006 = STYLED_ITEM('color',(#19007),#8685);
#19007 = PRESENTATION_STYLE_ASSIGNMENT((#19008));
#19008 = SURFACE_STYLE_USAGE(.BOTH.,#19009);
#19009 = SURFACE_SIDE_STYLE('',(#19010));
#19010 = SURFACE_STYLE_FILL_AREA(#19011);
#19011 = FILL_AREA_STYLE('',(#19012));
#19012 = FILL_AREA_STYLE_COLOUR('',#18823);
#19013 = STYLED_ITEM('color',(#19014),#8702);
#19014 = PRESENTATION_STYLE_ASSIGNMENT((#19015));
#19015 = SURFACE_STYLE_USAGE(.BOTH.,#19016);
#19016 = SURFACE_SIDE_STYLE('',(#19017));
#19017 = SURFACE_STYLE_FILL_AREA(#19018);
#19018 = FILL_AREA_STYLE('',(#19019));
#19019 = FILL_AREA_STYLE_COLOUR('',#18823);
#19020 = STYLED_ITEM('color',(#19021),#8719);
#19021 = PRESENTATION_STYLE_ASSIGNMENT((#19022));
#19022 = SURFACE_STYLE_USAGE(.BOTH.,#19023);
#19023 = SURFACE_SIDE_STYLE('',(#19024));
#19024 = SURFACE_STYLE_FILL_AREA(#19025);
#19025 = FILL_AREA_STYLE('',(#19026));
#19026 = FILL_AREA_STYLE_COLOUR('',#18823);
#19027 = STYLED_ITEM('color',(#19028),#8766);
#19028 = PRESENTATION_STYLE_ASSIGNMENT((#19029));
#19029 = SURFACE_STYLE_USAGE(.BOTH.,#19030);
#19030 = SURFACE_SIDE_STYLE('',(#19031));
#19031 = SURFACE_STYLE_FILL_AREA(#19032);
#19032 = FILL_AREA_STYLE('',(#19033));
#19033 = FILL_AREA_STYLE_COLOUR('',#18823);
#19034 = STYLED_ITEM('color',(#19035),#8792);
#19035 = PRESENTATION_STYLE_ASSIGNMENT((#19036));
#19036 = SURFACE_STYLE_USAGE(.BOTH.,#19037);
#19037 = SURFACE_SIDE_STYLE('',(#19038));
#19038 = SURFACE_STYLE_FILL_AREA(#19039);
#19039 = FILL_AREA_STYLE('',(#19040));
#19040 = FILL_AREA_STYLE_COLOUR('',#18823);
#19041 = STYLED_ITEM('color',(#19042),#8809);
#19042 = PRESENTATION_STYLE_ASSIGNMENT((#19043));
#19043 = SURFACE_STYLE_USAGE(.BOTH.,#19044);
#19044 = SURFACE_SIDE_STYLE('',(#19045));
#19045 = SURFACE_STYLE_FILL_AREA(#19046);
#19046 = FILL_AREA_STYLE('',(#19047));
#19047 = FILL_AREA_STYLE_COLOUR('',#18823);
#19048 = STYLED_ITEM('color',(#19049),#8835);
#19049 = PRESENTATION_STYLE_ASSIGNMENT((#19050));
#19050 = SURFACE_STYLE_USAGE(.BOTH.,#19051);
#19051 = SURFACE_SIDE_STYLE('',(#19052));
#19052 = SURFACE_STYLE_FILL_AREA(#19053);
#19053 = FILL_AREA_STYLE('',(#19054));
#19054 = FILL_AREA_STYLE_COLOUR('',#18823);
#19055 = STYLED_ITEM('color',(#19056),#8868);
#19056 = PRESENTATION_STYLE_ASSIGNMENT((#19057));
#19057 = SURFACE_STYLE_USAGE(.BOTH.,#19058);
#19058 = SURFACE_SIDE_STYLE('',(#19059));
#19059 = SURFACE_STYLE_FILL_AREA(#19060);
#19060 = FILL_AREA_STYLE('',(#19061));
#19061 = FILL_AREA_STYLE_COLOUR('',#18823);
#19062 = STYLED_ITEM('color',(#19063),#8885);
#19063 = PRESENTATION_STYLE_ASSIGNMENT((#19064));
#19064 = SURFACE_STYLE_USAGE(.BOTH.,#19065);
#19065 = SURFACE_SIDE_STYLE('',(#19066));
#19066 = SURFACE_STYLE_FILL_AREA(#19067);
#19067 = FILL_AREA_STYLE('',(#19068));
#19068 = FILL_AREA_STYLE_COLOUR('',#18823);
#19069 = STYLED_ITEM('color',(#19070),#8902);
#19070 = PRESENTATION_STYLE_ASSIGNMENT((#19071));
#19071 = SURFACE_STYLE_USAGE(.BOTH.,#19072);
#19072 = SURFACE_SIDE_STYLE('',(#19073));
#19073 = SURFACE_STYLE_FILL_AREA(#19074);
#19074 = FILL_AREA_STYLE('',(#19075));
#19075 = FILL_AREA_STYLE_COLOUR('',#18823);
#19076 = STYLED_ITEM('color',(#19077),#8914);
#19077 = PRESENTATION_STYLE_ASSIGNMENT((#19078));
#19078 = SURFACE_STYLE_USAGE(.BOTH.,#19079);
#19079 = SURFACE_SIDE_STYLE('',(#19080));
#19080 = SURFACE_STYLE_FILL_AREA(#19081);
#19081 = FILL_AREA_STYLE('',(#19082));
#19082 = FILL_AREA_STYLE_COLOUR('',#18823);
#19083 = STYLED_ITEM('color',(#19084),#8945);
#19084 = PRESENTATION_STYLE_ASSIGNMENT((#19085));
#19085 = SURFACE_STYLE_USAGE(.BOTH.,#19086);
#19086 = SURFACE_SIDE_STYLE('',(#19087));
#19087 = SURFACE_STYLE_FILL_AREA(#19088);
#19088 = FILL_AREA_STYLE('',(#19089));
#19089 = FILL_AREA_STYLE_COLOUR('',#18823);
#19090 = STYLED_ITEM('color',(#19091),#8969);
#19091 = PRESENTATION_STYLE_ASSIGNMENT((#19092));
#19092 = SURFACE_STYLE_USAGE(.BOTH.,#19093);
#19093 = SURFACE_SIDE_STYLE('',(#19094));
#19094 = SURFACE_STYLE_FILL_AREA(#19095);
#19095 = FILL_AREA_STYLE('',(#19096));
#19096 = FILL_AREA_STYLE_COLOUR('',#18823);
#19097 = STYLED_ITEM('color',(#19098),#8993);
#19098 = PRESENTATION_STYLE_ASSIGNMENT((#19099));
#19099 = SURFACE_STYLE_USAGE(.BOTH.,#19100);
#19100 = SURFACE_SIDE_STYLE('',(#19101));
#19101 = SURFACE_STYLE_FILL_AREA(#19102);
#19102 = FILL_AREA_STYLE('',(#19103));
#19103 = FILL_AREA_STYLE_COLOUR('',#18823);
#19104 = STYLED_ITEM('color',(#19105),#9010);
#19105 = PRESENTATION_STYLE_ASSIGNMENT((#19106));
#19106 = SURFACE_STYLE_USAGE(.BOTH.,#19107);
#19107 = SURFACE_SIDE_STYLE('',(#19108));
#19108 = SURFACE_STYLE_FILL_AREA(#19109);
#19109 = FILL_AREA_STYLE('',(#19110));
#19110 = FILL_AREA_STYLE_COLOUR('',#18823);
#19111 = STYLED_ITEM('color',(#19112),#9041);
#19112 = PRESENTATION_STYLE_ASSIGNMENT((#19113));
#19113 = SURFACE_STYLE_USAGE(.BOTH.,#19114);
#19114 = SURFACE_SIDE_STYLE('',(#19115));
#19115 = SURFACE_STYLE_FILL_AREA(#19116);
#19116 = FILL_AREA_STYLE('',(#19117));
#19117 = FILL_AREA_STYLE_COLOUR('',#18823);
#19118 = STYLED_ITEM('color',(#19119),#9065);
#19119 = PRESENTATION_STYLE_ASSIGNMENT((#19120));
#19120 = SURFACE_STYLE_USAGE(.BOTH.,#19121);
#19121 = SURFACE_SIDE_STYLE('',(#19122));
#19122 = SURFACE_STYLE_FILL_AREA(#19123);
#19123 = FILL_AREA_STYLE('',(#19124));
#19124 = FILL_AREA_STYLE_COLOUR('',#18823);
#19125 = STYLED_ITEM('color',(#19126),#9089);
#19126 = PRESENTATION_STYLE_ASSIGNMENT((#19127));
#19127 = SURFACE_STYLE_USAGE(.BOTH.,#19128);
#19128 = SURFACE_SIDE_STYLE('',(#19129));
#19129 = SURFACE_STYLE_FILL_AREA(#19130);
#19130 = FILL_AREA_STYLE('',(#19131));
#19131 = FILL_AREA_STYLE_COLOUR('',#18823);
#19132 = STYLED_ITEM('color',(#19133),#9106);
#19133 = PRESENTATION_STYLE_ASSIGNMENT((#19134));
#19134 = SURFACE_STYLE_USAGE(.BOTH.,#19135);
#19135 = SURFACE_SIDE_STYLE('',(#19136));
#19136 = SURFACE_STYLE_FILL_AREA(#19137);
#19137 = FILL_AREA_STYLE('',(#19138));
#19138 = FILL_AREA_STYLE_COLOUR('',#18823);
#19139 = STYLED_ITEM('color',(#19140),#9123);
#19140 = PRESENTATION_STYLE_ASSIGNMENT((#19141));
#19141 = SURFACE_STYLE_USAGE(.BOTH.,#19142);
#19142 = SURFACE_SIDE_STYLE('',(#19143));
#19143 = SURFACE_STYLE_FILL_AREA(#19144);
#19144 = FILL_AREA_STYLE('',(#19145));
#19145 = FILL_AREA_STYLE_COLOUR('',#18823);
#19146 = STYLED_ITEM('color',(#19147),#9140);
#19147 = PRESENTATION_STYLE_ASSIGNMENT((#19148));
#19148 = SURFACE_STYLE_USAGE(.BOTH.,#19149);
#19149 = SURFACE_SIDE_STYLE('',(#19150));
#19150 = SURFACE_STYLE_FILL_AREA(#19151);
#19151 = FILL_AREA_STYLE('',(#19152));
#19152 = FILL_AREA_STYLE_COLOUR('',#18823);
#19153 = STYLED_ITEM('color',(#19154),#9152);
#19154 = PRESENTATION_STYLE_ASSIGNMENT((#19155));
#19155 = SURFACE_STYLE_USAGE(.BOTH.,#19156);
#19156 = SURFACE_SIDE_STYLE('',(#19157));
#19157 = SURFACE_STYLE_FILL_AREA(#19158);
#19158 = FILL_AREA_STYLE('',(#19159));
#19159 = FILL_AREA_STYLE_COLOUR('',#18823);
#19160 = STYLED_ITEM('color',(#19161),#9164);
#19161 = PRESENTATION_STYLE_ASSIGNMENT((#19162));
#19162 = SURFACE_STYLE_USAGE(.BOTH.,#19163);
#19163 = SURFACE_SIDE_STYLE('',(#19164));
#19164 = SURFACE_STYLE_FILL_AREA(#19165);
#19165 = FILL_AREA_STYLE('',(#19166));
#19166 = FILL_AREA_STYLE_COLOUR('',#18823);
#19167 = MECHANICAL_DESIGN_GEOMETRIC_PRESENTATION_REPRESENTATION('',(
    #19168,#19175,#19182,#19189,#19196,#19203,#19210,#19217,#19224,
    #19231,#19238,#19246,#19253,#19260,#19267,#19274,#19281,#19288,
    #19295,#19302,#19309,#19316,#19323,#19330,#19337,#19344,#19351,
    #19358),#1018);
#19168 = STYLED_ITEM('color',(#19169),#166);
#19169 = PRESENTATION_STYLE_ASSIGNMENT((#19170));
#19170 = SURFACE_STYLE_USAGE(.BOTH.,#19171);
#19171 = SURFACE_SIDE_STYLE('',(#19172));
#19172 = SURFACE_STYLE_FILL_AREA(#19173);
#19173 = FILL_AREA_STYLE('',(#19174));
#19174 = FILL_AREA_STYLE_COLOUR('',#16179);
#19175 = STYLED_ITEM('color',(#19176),#242);
#19176 = PRESENTATION_STYLE_ASSIGNMENT((#19177));
#19177 = SURFACE_STYLE_USAGE(.BOTH.,#19178);
#19178 = SURFACE_SIDE_STYLE('',(#19179));
#19179 = SURFACE_STYLE_FILL_AREA(#19180);
#19180 = FILL_AREA_STYLE('',(#19181));
#19181 = FILL_AREA_STYLE_COLOUR('',#16179);
#19182 = STYLED_ITEM('color',(#19183),#273);
#19183 = PRESENTATION_STYLE_ASSIGNMENT((#19184));
#19184 = SURFACE_STYLE_USAGE(.BOTH.,#19185);
#19185 = SURFACE_SIDE_STYLE('',(#19186));
#19186 = SURFACE_STYLE_FILL_AREA(#19187);
#19187 = FILL_AREA_STYLE('',(#19188));
#19188 = FILL_AREA_STYLE_COLOUR('',#16179);
#19189 = STYLED_ITEM('color',(#19190),#298);
#19190 = PRESENTATION_STYLE_ASSIGNMENT((#19191));
#19191 = SURFACE_STYLE_USAGE(.BOTH.,#19192);
#19192 = SURFACE_SIDE_STYLE('',(#19193));
#19193 = SURFACE_STYLE_FILL_AREA(#19194);
#19194 = FILL_AREA_STYLE('',(#19195));
#19195 = FILL_AREA_STYLE_COLOUR('',#16179);
#19196 = STYLED_ITEM('color',(#19197),#323);
#19197 = PRESENTATION_STYLE_ASSIGNMENT((#19198));
#19198 = SURFACE_STYLE_USAGE(.BOTH.,#19199);
#19199 = SURFACE_SIDE_STYLE('',(#19200));
#19200 = SURFACE_STYLE_FILL_AREA(#19201);
#19201 = FILL_AREA_STYLE('',(#19202));
#19202 = FILL_AREA_STYLE_COLOUR('',#16179);
#19203 = STYLED_ITEM('color',(#19204),#347);
#19204 = PRESENTATION_STYLE_ASSIGNMENT((#19205));
#19205 = SURFACE_STYLE_USAGE(.BOTH.,#19206);
#19206 = SURFACE_SIDE_STYLE('',(#19207));
#19207 = SURFACE_STYLE_FILL_AREA(#19208);
#19208 = FILL_AREA_STYLE('',(#19209));
#19209 = FILL_AREA_STYLE_COLOUR('',#16179);
#19210 = STYLED_ITEM('color',(#19211),#371);
#19211 = PRESENTATION_STYLE_ASSIGNMENT((#19212));
#19212 = SURFACE_STYLE_USAGE(.BOTH.,#19213);
#19213 = SURFACE_SIDE_STYLE('',(#19214));
#19214 = SURFACE_STYLE_FILL_AREA(#19215);
#19215 = FILL_AREA_STYLE('',(#19216));
#19216 = FILL_AREA_STYLE_COLOUR('',#16179);
#19217 = STYLED_ITEM('color',(#19218),#396);
#19218 = PRESENTATION_STYLE_ASSIGNMENT((#19219));
#19219 = SURFACE_STYLE_USAGE(.BOTH.,#19220);
#19220 = SURFACE_SIDE_STYLE('',(#19221));
#19221 = SURFACE_STYLE_FILL_AREA(#19222);
#19222 = FILL_AREA_STYLE('',(#19223));
#19223 = FILL_AREA_STYLE_COLOUR('',#16179);
#19224 = STYLED_ITEM('color',(#19225),#421);
#19225 = PRESENTATION_STYLE_ASSIGNMENT((#19226));
#19226 = SURFACE_STYLE_USAGE(.BOTH.,#19227);
#19227 = SURFACE_SIDE_STYLE('',(#19228));
#19228 = SURFACE_STYLE_FILL_AREA(#19229);
#19229 = FILL_AREA_STYLE('',(#19230));
#19230 = FILL_AREA_STYLE_COLOUR('',#16179);
#19231 = STYLED_ITEM('color',(#19232),#438);
#19232 = PRESENTATION_STYLE_ASSIGNMENT((#19233));
#19233 = SURFACE_STYLE_USAGE(.BOTH.,#19234);
#19234 = SURFACE_SIDE_STYLE('',(#19235));
#19235 = SURFACE_STYLE_FILL_AREA(#19236);
#19236 = FILL_AREA_STYLE('',(#19237));
#19237 = FILL_AREA_STYLE_COLOUR('',#16179);
#19238 = STYLED_ITEM('color',(#19239),#524);
#19239 = PRESENTATION_STYLE_ASSIGNMENT((#19240));
#19240 = SURFACE_STYLE_USAGE(.BOTH.,#19241);
#19241 = SURFACE_SIDE_STYLE('',(#19242));
#19242 = SURFACE_STYLE_FILL_AREA(#19243);
#19243 = FILL_AREA_STYLE('',(#19244));
#19244 = FILL_AREA_STYLE_COLOUR('',#19245);
#19245 = COLOUR_RGB('',0.379000005575,0.270000008848,0.214999999939);
#19246 = STYLED_ITEM('color',(#19247),#556);
#19247 = PRESENTATION_STYLE_ASSIGNMENT((#19248));
#19248 = SURFACE_STYLE_USAGE(.BOTH.,#19249);
#19249 = SURFACE_SIDE_STYLE('',(#19250));
#19250 = SURFACE_STYLE_FILL_AREA(#19251);
#19251 = FILL_AREA_STYLE('',(#19252));
#19252 = FILL_AREA_STYLE_COLOUR('',#19245);
#19253 = STYLED_ITEM('color',(#19254),#580);
#19254 = PRESENTATION_STYLE_ASSIGNMENT((#19255));
#19255 = SURFACE_STYLE_USAGE(.BOTH.,#19256);
#19256 = SURFACE_SIDE_STYLE('',(#19257));
#19257 = SURFACE_STYLE_FILL_AREA(#19258);
#19258 = FILL_AREA_STYLE('',(#19259));
#19259 = FILL_AREA_STYLE_COLOUR('',#19245);
#19260 = STYLED_ITEM('color',(#19261),#605);
#19261 = PRESENTATION_STYLE_ASSIGNMENT((#19262));
#19262 = SURFACE_STYLE_USAGE(.BOTH.,#19263);
#19263 = SURFACE_SIDE_STYLE('',(#19264));
#19264 = SURFACE_STYLE_FILL_AREA(#19265);
#19265 = FILL_AREA_STYLE('',(#19266));
#19266 = FILL_AREA_STYLE_COLOUR('',#19245);
#19267 = STYLED_ITEM('color',(#19268),#629);
#19268 = PRESENTATION_STYLE_ASSIGNMENT((#19269));
#19269 = SURFACE_STYLE_USAGE(.BOTH.,#19270);
#19270 = SURFACE_SIDE_STYLE('',(#19271));
#19271 = SURFACE_STYLE_FILL_AREA(#19272);
#19272 = FILL_AREA_STYLE('',(#19273));
#19273 = FILL_AREA_STYLE_COLOUR('',#19245);
#19274 = STYLED_ITEM('color',(#19275),#654);
#19275 = PRESENTATION_STYLE_ASSIGNMENT((#19276));
#19276 = SURFACE_STYLE_USAGE(.BOTH.,#19277);
#19277 = SURFACE_SIDE_STYLE('',(#19278));
#19278 = SURFACE_STYLE_FILL_AREA(#19279);
#19279 = FILL_AREA_STYLE('',(#19280));
#19280 = FILL_AREA_STYLE_COLOUR('',#19245);
#19281 = STYLED_ITEM('color',(#19282),#678);
#19282 = PRESENTATION_STYLE_ASSIGNMENT((#19283));
#19283 = SURFACE_STYLE_USAGE(.BOTH.,#19284);
#19284 = SURFACE_SIDE_STYLE('',(#19285));
#19285 = SURFACE_STYLE_FILL_AREA(#19286);
#19286 = FILL_AREA_STYLE('',(#19287));
#19287 = FILL_AREA_STYLE_COLOUR('',#19245);
#19288 = STYLED_ITEM('color',(#19289),#703);
#19289 = PRESENTATION_STYLE_ASSIGNMENT((#19290));
#19290 = SURFACE_STYLE_USAGE(.BOTH.,#19291);
#19291 = SURFACE_SIDE_STYLE('',(#19292));
#19292 = SURFACE_STYLE_FILL_AREA(#19293);
#19293 = FILL_AREA_STYLE('',(#19294));
#19294 = FILL_AREA_STYLE_COLOUR('',#19245);
#19295 = STYLED_ITEM('color',(#19296),#720);
#19296 = PRESENTATION_STYLE_ASSIGNMENT((#19297));
#19297 = SURFACE_STYLE_USAGE(.BOTH.,#19298);
#19298 = SURFACE_SIDE_STYLE('',(#19299));
#19299 = SURFACE_STYLE_FILL_AREA(#19300);
#19300 = FILL_AREA_STYLE('',(#19301));
#19301 = FILL_AREA_STYLE_COLOUR('',#16179);
#19302 = STYLED_ITEM('color',(#19303),#806);
#19303 = PRESENTATION_STYLE_ASSIGNMENT((#19304));
#19304 = SURFACE_STYLE_USAGE(.BOTH.,#19305);
#19305 = SURFACE_SIDE_STYLE('',(#19306));
#19306 = SURFACE_STYLE_FILL_AREA(#19307);
#19307 = FILL_AREA_STYLE('',(#19308));
#19308 = FILL_AREA_STYLE_COLOUR('',#16179);
#19309 = STYLED_ITEM('color',(#19310),#837);
#19310 = PRESENTATION_STYLE_ASSIGNMENT((#19311));
#19311 = SURFACE_STYLE_USAGE(.BOTH.,#19312);
#19312 = SURFACE_SIDE_STYLE('',(#19313));
#19313 = SURFACE_STYLE_FILL_AREA(#19314);
#19314 = FILL_AREA_STYLE('',(#19315));
#19315 = FILL_AREA_STYLE_COLOUR('',#16179);
#19316 = STYLED_ITEM('color',(#19317),#862);
#19317 = PRESENTATION_STYLE_ASSIGNMENT((#19318));
#19318 = SURFACE_STYLE_USAGE(.BOTH.,#19319);
#19319 = SURFACE_SIDE_STYLE('',(#19320));
#19320 = SURFACE_STYLE_FILL_AREA(#19321);
#19321 = FILL_AREA_STYLE('',(#19322));
#19322 = FILL_AREA_STYLE_COLOUR('',#16179);
#19323 = STYLED_ITEM('color',(#19324),#887);
#19324 = PRESENTATION_STYLE_ASSIGNMENT((#19325));
#19325 = SURFACE_STYLE_USAGE(.BOTH.,#19326);
#19326 = SURFACE_SIDE_STYLE('',(#19327));
#19327 = SURFACE_STYLE_FILL_AREA(#19328);
#19328 = FILL_AREA_STYLE('',(#19329));
#19329 = FILL_AREA_STYLE_COLOUR('',#16179);
#19330 = STYLED_ITEM('color',(#19331),#911);
#19331 = PRESENTATION_STYLE_ASSIGNMENT((#19332));
#19332 = SURFACE_STYLE_USAGE(.BOTH.,#19333);
#19333 = SURFACE_SIDE_STYLE('',(#19334));
#19334 = SURFACE_STYLE_FILL_AREA(#19335);
#19335 = FILL_AREA_STYLE('',(#19336));
#19336 = FILL_AREA_STYLE_COLOUR('',#16179);
#19337 = STYLED_ITEM('color',(#19338),#935);
#19338 = PRESENTATION_STYLE_ASSIGNMENT((#19339));
#19339 = SURFACE_STYLE_USAGE(.BOTH.,#19340);
#19340 = SURFACE_SIDE_STYLE('',(#19341));
#19341 = SURFACE_STYLE_FILL_AREA(#19342);
#19342 = FILL_AREA_STYLE('',(#19343));
#19343 = FILL_AREA_STYLE_COLOUR('',#16179);
#19344 = STYLED_ITEM('color',(#19345),#960);
#19345 = PRESENTATION_STYLE_ASSIGNMENT((#19346));
#19346 = SURFACE_STYLE_USAGE(.BOTH.,#19347);
#19347 = SURFACE_SIDE_STYLE('',(#19348));
#19348 = SURFACE_STYLE_FILL_AREA(#19349);
#19349 = FILL_AREA_STYLE('',(#19350));
#19350 = FILL_AREA_STYLE_COLOUR('',#16179);
#19351 = STYLED_ITEM('color',(#19352),#985);
#19352 = PRESENTATION_STYLE_ASSIGNMENT((#19353));
#19353 = SURFACE_STYLE_USAGE(.BOTH.,#19354);
#19354 = SURFACE_SIDE_STYLE('',(#19355));
#19355 = SURFACE_STYLE_FILL_AREA(#19356);
#19356 = FILL_AREA_STYLE('',(#19357));
#19357 = FILL_AREA_STYLE_COLOUR('',#16179);
#19358 = STYLED_ITEM('color',(#19359),#1002);
#19359 = PRESENTATION_STYLE_ASSIGNMENT((#19360));
#19360 = SURFACE_STYLE_USAGE(.BOTH.,#19361);
#19361 = SURFACE_SIDE_STYLE('',(#19362));
#19362 = SURFACE_STYLE_FILL_AREA(#19363);
#19363 = FILL_AREA_STYLE('',(#19364));
#19364 = FILL_AREA_STYLE_COLOUR('',#16179);
ENDSEC;
END-ISO-10303-21;
